approach,coefficient,percentile,threshold_value,n_valid,n_above,model_score,AFG,AGO,ALB,ARE,ARG,AUS,AUT,BDI,BEL,BEN,BFA,BGD,BGR,BHR,BOL,BRA,BRB,BWA,CAF,CAN,CHE,CHL,CHN,CIV,CMR,COG,COL,COM,CRI,CUB,CYP,DEU,DJI,DMA,DNK,DOM,DZA,ECU,EGY,ESP,ETH,FIN,FRA,GAB,GBR,GHA,GIN,GMB,GNB,GNQ,GRC,GTM,HKG,HND,HRV,HTI,HUN,IDN,IND,IRL,IRN,IRQ,ISL,ISR,ITA,JAM,JOR,JPN,KEN,KHM,KOR,KWT,LAO,LBN,LBR,LBY,LKA,LSO,LUX,MAR,MDG,MEX,MKD,MLI,MLT,MMR,MNE,MNG,MOZ,MRT,MUS,MWI,MYS,NAM,NER,NGA,NIC,NLD,NOR,NPL,NZL,OMN,PAK,PAN,PER,PHL,POL,PRT,PRY,QAT,ROU,RUS,RWA,SAU,SDN,SEN,SGP,SLE,SLV,SRB,SVN,SWE,SWZ,SYC,SYR,TCD,TGO,THA,TTO,TUN,TZA,UGA,URY,USA,VEN,VNM,YEM,ZAF,ZMB,ZWE
Approach1J,h1,5,0.0039502643377937,1001,950,0.32803474995729387,0.023252491805519374,0.015070184758010597,0.024306664956407664,-0.014836954208996313,0.007129720324950834,-0.003574588115025392,0.011387884213240216,0.01824473441042846,0.022500537056743763,-0.007628561023443414,0.012400918199287236,0.012627001670192064,0.0032507448643132684,0.009803316195276773,0.020596455060564553,0.009802914221353359,0.006647059650769766,0.008660525000389314,0.014943080149323478,0.0247199624821181,0.012474851240035955,0.0225045822160109,0.013708217657923669,0.006280803841235385,0.012889816997850074,0.002606245947427477,0.006645170278356019,0.0017615673328254377,-0.005332268319172114,-0.011857236899331491,-0.0018048170907115644,0.002933427086614992,0.009102889729056549,0.0048013544111311,0.006470713153074814,0.0009318779484670768,0.010441254022314205,0.009613115315736921,0.011468300967558234,0.01741253564652373,-0.0018698022119759744,-0.004668759864175398,0.01703789982778401,0.0030917843009634315,-0.01233193122783305,-0.0011255224377238054,0.0018602433870562943,0.017826328889725972,0.016678694952649953,-0.008712145050997249,0.01122564963397527,0.008116734125496797,0.016455947746393154,0.0072928239746591576,-0.0019871138901529743,0.020238315985048643,0.005802917588229581,-0.004775411156595139,-0.012117936591016992,0.004387738337078808,-0.013355653496346109,0.0017259518270072213,0.018459038985150555,0.008953140299543605,0.015794523892009783,0.0030575799948035923,0.005713932425815272,0.007162888635153854,0.01327948609916404,0.010881393133461443,-0.005241195977242753,0.025815363721609013,0.0034337189824188746,0.05174753033262433,0.004064927780358047,-0.013536807306452413,0.001499426706263845,0.006032292426992629,0.00858290959274621,0.0077679174073361675,0.007526240646842557,-0.0020940671482642184,0.01976102659698538,0.017699856559227897,-0.010045504400447037,-0.001292354875484068,-0.009410151346458631,-0.020286469601236368,0.009010672780283367,0.004423341612358873,-0.012454784162094407,0.013042881584800617,0.006730740448666518,0.007666930022978257,0.019624661355446285,0.0009069195483423454,-0.003288998762214399,0.009305989178191882,0.01432206075616789,-0.008419524464306162,0.009626852999514875,0.013867326229610162,0.014715242300104504,0.002638772911502293,0.00293653005363816,0.007598521138722919,0.027578220002707172,0.0029752342527721385,0.0020414419566089203,-0.0057953657627204565,0.013765909321672749,0.014690906319925166,0.009337047443432545,0.0011589722571040389,0.008016044826529616,0.013528333050615576,0.013520709721682154,0.009225059691227094,-0.0023930412108921547,-0.008168579161638628,0.017638110298095068,-0.0086056291035963,-0.0013674684980421563,0.006997688986508247,-0.015217108324568655,-0.007561169341861485,0.022217992953296052,-0.016348631347673344,0.0006635883045534121,0.018105708122607114,0.024532941978619865,-0.004978157041685367,0.012057947891045003,0.011161775664839207,0.008375592009418648,-0.0021746616623742124,0.014556524456282083,0.018138186024332575,0.0024225209412384926,0.030946981566471965
Approach1J,h1,25,0.0063750538604693,1001,750,0.6011767152780829,0.05235819629076589,0.004170164318976053,0.06427059136394818,-0.06702174151799772,-0.007844567569284816,-0.012624058048158207,0.014034243748699576,0.03137508299572373,0.020285701042559834,0.010009572544664353,0.03140978363855577,0.011192547555234734,0.04751764249294028,0.006608885464129591,-0.002176205804580468,0.016775268077601817,0.010104940362918115,-0.012398006798649223,0.00944788152676013,0.020641818069594656,0.0058874097715903295,0.04132841110849501,-0.029832543156793276,0.02212091878508641,0.03602377773846667,0.030130558018881502,-0.004621623121251645,0.0010480093160451704,-0.021688924918998424,-0.023215274559353315,0.012812142611674054,-0.006162115765643558,0.0027939847071586157,0.004216363037167284,-0.0077243303390601295,-0.014403375834697387,0.008300218444235053,0.0007402402483824158,0.006780119391041589,0.030999966474732434,0.007891317704481596,-0.025483652692569116,0.014372820111977122,-0.0054169335516177156,-0.024950138091530162,0.0033943613854144072,0.016026427086505285,0.0014449236326360103,0.03549646359159718,-0.02579906381954353,-0.009429826685154092,-0.0038211442722153495,0.03723331698225474,0.004004830978299564,0.012855537799651602,0.02224818228979553,0.014571363095098454,0.014287668488170587,-0.0031161572686684517,0.017352162056820747,-0.05052121025281375,-0.014951162563397877,0.012345957471744504,0.006879066465461586,0.024332195150998104,-0.0028128657787254603,-0.004546789091034248,0.019769117788339802,0.024118814355655646,-0.022872430623322594,-0.022737879198194318,0.06473813111693971,0.0050854266202732135,0.16690610070960635,0.04610039609168466,-0.05550944670036177,0.024740827138085092,-0.0197770729478669,0.011048686243272828,-0.0020611796605494934,0.001467524046607209,0.01722693912561265,-0.0036681546415971746,0.0028153778422189343,0.005580727858206094,-0.003996643272131434,-0.06939262951194564,-0.09651656024035088,0.01640751871172534,0.0026427201243830467,-0.023638595079784434,0.017518477386344482,0.00941067554847692,0.01856805062193827,0.048898920500174844,-0.017272804128934702,-0.020126126615650948,0.009172073148513196,-0.0029966692464121134,-0.004716190828013469,-0.0017380140361985368,0.03406955312426768,0.013794118475314292,0.02013585517473919,0.02818027015818983,-0.0003457259137058192,0.07020917702828869,-0.0020995346521036143,-0.0067118345066411456,-0.053335550462697195,0.025619352216652944,0.028233408706377812,0.03425242619241334,-0.025632590386433212,-0.014132938139114405,0.01721390362721728,0.037440429951606034,-0.007070519265918847,-0.00013282012699462366,-0.0015527421070172243,0.023668634374573443,-0.059536284474119364,-0.017143657136755752,0.0037719968735311794,-0.036450154079655094,-0.036246161134900784,0.03150579306835577,-0.03045899891879118,-0.020278251686796117,-0.006452332336720129,-0.004022631616036591,-0.012463889181956747,0.01667756779087353,0.0270982430641628,0.010142088708837857,0.008463345373945032,0.02592104737606798,0.015734536553448558,0.0023658843089421674,0.039435914407919354
Approach1J,h1,75,0.0099555146861853,1001,250,0.5781831142581478,0.031045020464686494,0.011117005877250093,0.05714999772103033,-0.04454274478035689,0.010086264214464118,0.01462737784093367,0.02959165786113865,-0.001280135949443581,-0.002418994380815921,-0.015619883669694468,0.021107035770567308,-0.0015587901953776004,0.0056118750595502975,0.030784039463355013,-0.007588580441181152,0.0271942902685825,0.026916228553697068,-0.007143202042477675,-0.017579603110375194,0.014487142356235348,0.004980538038503903,0.039329112180488096,-0.008722487493161374,0.014734387828450822,0.0003284785334085917,-0.0038495665747287078,0.011621670956011944,-0.007609383566536072,0.018016085947374097,0.02829319238758258,0.01919058304576907,-0.005955261719837287,-0.008289850627014417,0.011131265347309623,-0.01919207251471377,-0.0031589377313977927,0.004822338721565383,0.01118365827539219,0.004674494321857174,0.013056671472969001,0.005582139443924609,-0.08197656555555488,0.011100333588708149,0.0003965148765671129,-0.021526880780961828,0.01774877371796155,-0.009206151858894281,0.014849634514053432,0.035431857478257445,-0.01993831584060558,0.004447215732733262,-0.0031456387854515047,0.00822105414484026,0.00745398799120448,-0.006346145991637821,-0.0034375881439709793,0.022373391944298247,0.0004909714294133137,0.0076351567511295055,0.03889469656829719,-0.050500108771588836,-0.01278550666540397,-0.009480771732959215,0.005809253969007822,-0.0042754737098903255,-0.011158858886266422,0.0006331711508951714,0.027821591616486188,0.0052035973469925605,-0.0076114201053703034,-0.019812494131967666,0.08949482648538049,-0.014376383680727661,0.1906228802912991,-0.004307686580778805,-0.021463855311891423,-0.008575170385576853,-0.02190063966827377,0.011503302302931721,-0.003123247939550272,-0.012251970668687412,0.007978681196449016,0.0023839980624294436,0.005185690712487677,-0.014766528476143247,-0.02466370987573088,-0.049023705735433167,-0.08889141812433948,0.039836352064740774,0.002061179213367015,-0.04574250278094201,0.004034798234083495,0.013950282117433046,0.0052548763597664245,0.035155427024042486,-0.023528062472162565,-0.014427932905076893,0.004996717214052434,-0.03829457911102848,-0.015306438704896952,-0.018290265279175398,0.014660516429531454,0.011565711079668556,0.011571706131247745,0.018481463474002615,-0.00808788119984835,0.03405074562518491,0.0261532516549449,-0.008292291339217155,-0.05190462000609326,0.0070741821479742666,-0.01683124477642561,0.015188578005606017,-0.02889246001538318,0.014646046630324157,0.015617180075091247,0.0147648292284699,-0.0036237679273551735,-0.022122108961605103,0.0007169870481844101,-0.005743561063392355,-0.06467559143068705,-0.009706851883003648,0.020348894500391547,-0.03008574441195065,-0.010279053920923448,-0.004675457906563745,0.003012416840308115,0.008784692865690792,-0.01531211118326067,-0.009446431597937803,-0.0018783792670860298,0.010894481846256602,-0.000600071875451481,0.02685674862424227,0.00672171158478442,0.009782240788452436,-0.02095738893991208,0.00902926032839144,0.02656793560410387
Approach1J,h1,95,0.0130937468086598,1001,50,0.3292487164628738,0.011797500794165862,0.017770727122324026,0.019558409715487536,-0.013295090655895054,-0.001445285057965603,0.013480206358229248,0.007914134811906032,-0.0026265161067977015,-0.0060291275087862705,-0.003975268095595374,-7.129908722665335e-05,0.0043781261524850935,0.0038961557049822723,0.011217842610058013,-0.006737518082833913,0.004368093388492967,0.007389200911513035,0.0019008615622660395,-0.004526122827006398,-0.007440418357740784,-0.0022963506822166685,-0.0008518548209569014,0.005830997654012255,0.005904121156878895,0.006015401424589931,0.004590892537434398,-0.00046727058076224785,0.0007441874233450013,-0.006567445200420329,0.004079013624818134,0.0038270010402179063,-0.012170967771323985,-0.005383482926279115,-0.003052478870474479,0.000980725406243583,-0.0007492394338336392,0.014172400328681228,0.0026100195165077206,-0.003511468736541977,0.004588438517833778,0.0010323536310948653,-0.026411170664825345,0.019875515451804777,0.006141271305866896,0.003874316328512294,-0.0019091678741486135,-0.0030809201771052758,-0.0027885551768488757,-0.0021023133500735463,-0.0019510912564167536,-0.00751404079423065,0.003910006365777078,0.005334295493924861,0.0018680917297111829,-0.009987157236369445,0.0033182877064660103,0.0032091816195361327,-0.002538762582258834,-0.0009007864241812201,0.0075853092959140625,-0.003971015272858215,-0.00661503482259684,-0.006971800342726948,-0.0062324697329124955,0.006140121980079901,-0.01215145790426976,-0.0067145297252356965,0.004532111372635494,-0.006291872391309997,-0.00020672615183554583,-0.003925249231242949,0.03587857858218081,-0.0005012556196894546,0.06535321314919665,0.00478303432661014,-0.014872562412184487,-0.008347951407112862,-0.004160662454905793,0.012432960549004148,0.007880830423206166,-0.01070514939711057,-0.0068256669309962464,2.5041262256463026e-05,0.004219847053172717,0.0038191870878899344,0.0016685336179956285,-0.01144000141877901,-0.020318056703948928,0.0067327236076915025,0.004560298762006195,-0.008974582273222155,-0.007489366281308085,-0.004194253058471369,-0.002396765408366699,0.014661226654840997,-0.00281181392418385,-0.007344019997824731,0.0015163859281022876,-0.025375443823708006,0.010676957823027172,0.005258171725383382,0.0007461501481961152,0.006774210913714936,-0.001404627652455837,-0.002383721533437859,0.0003844124763208081,-0.006668589055478874,0.0025163294885504482,-0.0052438253191240975,-0.013182559807187782,-0.007117548789110794,-0.017298574570630595,0.015087271642082616,-0.004109039611204556,0.003233846986775947,0.012813402926315765,-0.0011401666197182777,-0.0023337972511772356,0.0006370988940507093,-0.008841045890413554,-0.0018898262375509275,-0.03686874850433269,-0.00429805024096272,0.006123174282605398,0.0009454640784339295,0.012833501447466322,0.0030741114806689318,-0.0014438584026768625,0.01419108526079782,0.002112408162796604,0.002302673121066752,-0.006376708925930849,0.006468393919387,0.0038623704996573853,0.003417489629168295,0.0010594746769619573,-0.007392010386193707,-0.006269208021477374,0.00024124562591895313,0.010333151441697358
Approach1J,h2,5,-0.0004753754741258,1001,950,0.3533331116284424,0.0009378633135289915,0.0001502689177527135,0.005233242209773382,0.022944098325843244,0.018227471285276742,-0.007571218124345199,-0.0012962351202866467,0.005809042173007355,0.016540903878323684,0.01971026428801733,0.006613809434803373,0.007060391054121762,0.00262656276090491,0.001816869129116775,0.012460407331229753,0.003593698904312997,-0.009654737371499836,0.006945403331462033,0.004952472688812626,0.02023182297560966,0.007085742223316484,0.016279705957682387,0.006957374210446374,0.008879535126541114,0.008040441778789459,-0.004017858585290259,0.013276425172190201,-0.0013685579995315542,0.000617351125663225,-0.009776697040339089,0.0037904049122695523,9.33047100239344e-06,0.009650220367460789,0.00921099621461639,0.014498822849994696,0.02608686217507536,0.0016798572183427435,-0.001796091518660634,0.01907487875641118,0.007735280153883778,0.013584948051441482,0.029211809677962663,0.010760433603792537,0.0019226427541274554,-0.01039019271574587,0.00444247561788684,0.013460840358148452,0.00020519289307388382,0.00045838351165822504,0.006298281449836147,0.012819237460974495,0.013697395283119997,0.010847933906798366,0.018033591444280597,0.00599130322091514,0.009333882091547813,0.010096794520158492,0.014377487945037053,-0.004141106541708717,-0.005279796756679612,0.004665199809041343,0.030262245779398643,0.00837382363707106,-0.0031478595869987545,0.012038302781536933,0.01713660593153421,-0.004136691270761187,-0.0012289960718845465,0.01241295259436389,0.006092282851809735,0.015673594508564197,-0.06887898632394256,0.00309123141108705,-0.02324447008567494,0.0051005819670792265,0.030819915831467256,0.020855190539836376,0.010922849250345815,0.009028158763541957,-0.0008931853283464528,0.010253653888194537,0.010468874866808418,0.0035476973296783045,0.001369756149773407,0.00557281026121729,0.004615580086589825,0.015990294992685547,0.03159845539934758,-0.007784454299000048,0.00029869514690336087,0.028236173997459167,0.010038949677991207,0.007572441448666039,0.013261703528365181,-0.004465288346658638,0.015589520542992556,0.011722487118298961,0.0008572634054290346,0.01291669114919003,0.009529081030712344,-0.0009769461870446638,-0.0005385641707608031,-0.0025451482965421802,0.021667472891554546,-0.009878104090212073,0.0005175750698722509,0.011328921615669882,-0.001955502414946691,-0.0055908270989440375,0.0248628303227258,0.002024193551241917,0.01052248235382887,-0.013075729171989025,0.021798359635975165,0.015897239783852213,-0.0014590985602212468,-0.005979901262292845,0.004571967698953726,0.021514052540959214,-0.005889102628931639,0.00695020036934217,0.022365753655028357,0.018864194226052216,0.006981474246765753,-7.241666197550962e-05,0.009544859818895024,0.005138517539591476,0.010971541679406359,0.003412081520608677,0.011326441655059161,0.011084166680490243,0.009003138445526176,0.0129489582373975,0.011752089381827539,-0.0014466606798517537,0.0036152943876551586,0.01113824301414478,0.006864620821285761,0.007559434832274286,-0.005955045971311946
Approach1J,h2,25,-0.0003522293717888,1001,750,0.5786824343349348,0.01274732610058113,-0.0060627037078858186,-0.021289490988536386,0.07906208784098102,0.010137414442187662,0.0019665047801715385,-0.013534262677528662,-0.012124764522036533,0.017839075822872023,0.021874630750151433,-0.009392605446789753,0.02918669732735721,-0.004883706627551589,-0.0022358001269895678,0.010439584639892351,-0.013993554912718488,0.0043318815066186594,0.0023093649711967007,0.00849756076670799,0.01218406068690511,-0.006011980897143891,0.007452156125876383,0.008116655683619965,-0.007307576333411371,0.0060945676847665095,0.00050245334020773,0.010965836638704292,0.0031885172212063086,0.008965597740021494,-0.0026903131128197724,-0.009613612509155715,0.010089008170855403,0.011681853516481405,0.01746934628392064,0.019967564570057134,0.02816631840444364,-0.01396376360641664,0.014890142455004902,0.005130483954070244,0.009261822386180368,0.03082301244759713,0.0362508409389374,-0.0018849051766748268,-0.010630742163351482,-0.0004129402965063555,0.01878681483527838,-0.0037283390695569936,-0.010721468399145192,-0.04449743368785722,0.005802886222829064,0.004295142178581929,0.011376065504724238,-0.00680518064524782,-0.0008113391919289071,0.004571128342441021,0.0010992137411878593,-0.005268400199404472,0.021427711820980896,-0.008277432049164151,-0.019957126630639883,-0.0008485824276467952,0.058194847673314606,0.00039707585001183543,-0.012634149943890451,-0.005542869569238218,0.014914747053941791,-0.0023302596817387743,-0.0025010488210077016,0.0023342729947011536,0.02282634060018343,0.01587961504202945,-0.17078675287387943,-0.0035062361147510344,-0.08404222238651496,0.0074114314889535265,0.1271784395289277,0.01948493283764338,0.010841690979129187,-0.01011863013256745,-0.005937636447037296,0.01570683481471214,-0.0006644809467785118,0.003491218195869469,-0.00893471424757542,0.011460741600036399,0.00574262664975681,0.014631675334081318,0.055546161946921566,-0.039077804588113406,-0.009813332047576007,0.07045717823389802,0.018705978855757813,0.007154081546960114,0.011683790281364145,-0.05702409344677719,0.036799797539503125,0.02745504566583097,0.019307272843456007,0.01575747379235655,0.010954823964482491,-0.000487845327014156,-0.03120367355244185,0.013704782630198812,0.006437075468559268,-0.02485059500436933,-0.007935513923119983,1.8493402110877216e-05,0.008833503031126632,0.017505413977727053,0.07332848530966284,0.004633933598607323,0.014387574264751951,0.0011012827489690624,0.0254248336216257,-0.00969512944615772,-0.03090383518468347,-0.02345555629832986,0.02502475847702476,0.007104889178795846,0.02132792191785364,0.019575023149195493,0.029836385450527202,0.02819368072419756,0.00445086383532705,-0.0018366780987505958,0.028575925870197885,-0.000910917599363889,0.03507459888983622,0.011563329984033663,0.02608066050277277,0.032675780996664745,0.00680107726854411,0.007976622936615291,0.01634495007939291,-0.005395057726861718,-0.005339635873043536,0.011341566685774148,0.006740245454608305,-0.006364883993685871,-0.04648336059669846
Approach1J,h2,75,-0.0002131235464671,1001,250,0.586297428452535,-0.021332660806466508,0.008054858206125396,-0.02195734421167469,0.0730132584716818,-0.012027424428304706,0.011188138124329412,-0.01435425196269263,-0.019430224454755035,-0.018108196196060408,0.01559314898312069,0.0030933964625733217,-0.003116058118972441,-0.007625074349730657,-0.03066152538833235,-0.0030444070761831785,-0.0170830876705553,0.010450024024934876,-0.013423026700448301,-0.003511763250294876,-0.014588935126128758,0.010868263700965247,-0.022879329345155696,0.0017561788762531297,-0.017151200364220777,-0.026021989777230838,0.01659408260132779,-0.014449409049881057,0.005464379877505529,0.03013526408829157,-0.0052732784544806295,-0.032224790234142084,0.003934340050646586,0.01621776352722781,0.029605399135181728,0.0078762725783133,0.013624589793856681,-0.011375209940074842,0.005685293540360367,-0.004643085308802176,-0.00994457968867529,0.002126495591016711,0.015049511978137819,-0.002584774925951846,-0.00531729033408933,0.016320888912858898,0.00725994728332878,-0.002900817181908398,-0.010593907787739925,-0.045008344954613554,0.021463281913392755,0.0017634677016666218,0.0012555091477670123,-0.00019313188060850021,0.002075109791725857,0.007520298749551445,-0.0014070775145248893,-0.005323623387715134,0.013371595754926057,0.006906200354521278,-0.00682502815905333,0.001100955326903727,0.03674487020689431,0.00381415813882713,0.004392509610408577,-0.002272054662595344,0.01722778040211504,-0.0039162000790689926,0.0014292651499172573,0.0028108083515395385,-0.0012776754198025276,0.026931617109787642,-0.1257783868273774,0.017110548787097037,-0.08038984052343112,0.01712514723943914,0.17524406769038908,0.01703300919995549,0.01603473143612366,-0.0019370658229296567,-0.007739123747398033,0.021840918948558923,-0.00033495558643749715,0.005857995912890244,-0.01464106121228648,0.007331061226439235,-0.006711001425732322,0.025574731857673026,0.05828604565037169,0.0006077974621790591,0.008132666547979431,0.07109111606094101,0.024976550982200287,-0.0023357922049067822,-0.005561572631265627,-0.07261990215071758,0.025289907817195086,0.01783024320550439,0.02398216415936468,0.022123774022525314,0.02442436869061705,0.021512995714467076,-0.04304697736255894,-0.007285389836654721,-0.016176048958850733,0.0007296390275037985,0.011643875382395596,-0.029387656010960946,0.0019546888867587597,0.019964125756643008,0.05820753317394035,-0.0024952167770320045,-0.006168849888584356,0.018535555745556407,0.04548898975166303,-0.018978918892447485,-0.03544023547838632,-0.01363391759202388,0.00917232831389397,0.010541598335820131,0.001797628236206196,-0.00619275347258063,0.039964278324686214,0.019585746005995386,0.0033458778707337565,-0.00802336488962036,0.02165045510401048,-0.036561239906043215,0.02310041504196959,0.0022003773121353,-0.01809243599450671,-0.013422195154242839,-0.007796886753811648,-0.008688022282221935,0.010293125205450056,-0.007427518438651734,0.016818929259784107,-0.013772005770240731,-0.0014110648861632722,-0.003646149421554983,-0.062160403275722684
Approach1J,h2,95,-0.0001084209180652,1001,50,0.35456625987854373,-0.0037736611983886404,-0.001376273921786516,0.0008925114595168399,0.013244261647893524,0.0026906279845340907,0.008209942948624897,-0.0021647350898302224,-0.0009521974438619794,-0.003449391868351019,0.015471224533887835,-0.0034486588484698693,0.0033362296605556688,-0.0055958085465832395,-0.018223685805464695,-0.007153504820492354,-0.009633660331222567,-0.00013054683589338797,-0.00465803543682676,-0.0014977353729813611,0.003460913075548952,-0.011962835012153717,-0.017976160001266006,0.0005518462708745658,-0.0036783941268542855,-0.006135966260292705,-0.000499546725042879,-0.004505194027610795,0.005940942706677135,0.009659262400278056,0.005104519916922528,-0.0011971546832738687,-0.004444705284291042,-0.012039541021319884,-0.005745260506732398,0.0065245066363912915,0.005081575256492977,0.00304104693765039,-0.008780642788936838,-0.002309897497786055,0.008279324048980735,-0.005121689364669667,0.012954966463267202,-0.007908325857459955,0.015155136640911834,0.018026380307532532,0.016186911213419142,0.000716501955268063,-0.01269976377450145,-0.00921055291629145,-0.0066747123411140166,0.00015221632518595124,-0.00023352227661384544,-0.01718080365113872,0.006713209999076314,0.0046316907922499,-0.01092337322049462,0.002984675831066739,0.009615282492033368,0.0023680798786213254,0.010411447135485204,-0.01751231094479533,0.006713377215544096,-0.005440467818511827,-0.00879400413171786,0.010171957019914744,0.005653563937904652,-0.007303696013754579,-0.003974346310960992,-0.005130092032042734,-0.0015791188791887236,0.005569369306447162,-0.03259581924720676,0.0007122636239221295,-0.02476026432402548,0.009411919950520412,0.07768728328834197,0.0062438924109255505,0.005762140767907098,0.009067219394439947,-0.006983841904359878,0.013347354396552746,-0.008643620922518469,0.006399770798849874,-0.016050695728655435,0.011028140707910177,-0.012762959874993703,0.004320395071114669,0.017327278273661675,0.003387757462357267,0.005683424557356468,0.025911706374745325,-0.013019841649897047,0.006929182942763172,0.001007974899316669,-0.017833039047500467,-0.0005131102128192763,-0.0014160708544422532,-0.0012580617011443695,-0.0020145794733133927,0.008149294278607996,0.004270881685647352,-0.01398964132357272,-0.0028967912809979186,0.004206067064364737,0.011719193029881253,0.000739177634067085,-0.0052779575752273855,-0.0035917657517985954,0.007865388752368889,0.02024765386102106,0.005491101048123348,-0.004677394855339016,0.003485687593155501,0.016877110501921127,-0.008206773705803017,-0.011926118217286483,0.0024084699965933962,-0.001892501966830851,0.013279321971788943,-0.0031396940988375525,0.0046000776510673625,0.012050999625935862,0.005090361300362022,-0.003036463622280279,3.4967842233422225e-05,0.010110255135688404,-0.011768247509644026,0.008061821845862207,0.00032618597731437146,-0.01032604966660793,-0.007414286980502201,0.017502663321416326,-0.0028532784497571516,-0.00012030941949462228,-0.009989229031508576,0.006903648759127275,-0.01204919592636947,-0.004345725268519982,0.007189293602376536,-0.021038741036368026
Approach1J,T_opt,5,9.423072089007947,1001,950,0.286703071413958,0.021865465277422877,-0.009678147447439285,0.015815826718586685,0.010734803263412978,0.005670752368173331,0.0024531166341279255,0.008242251819881242,0.006142252228866435,0.023065440409415244,0.009637280234344183,0.010426699038090353,-0.0038102497872655873,0.023203449509081334,0.0037521344801658817,0.01885706303797273,0.002616843117697821,0.01721156186310044,0.006064823950143376,0.006487687347940406,0.015026446494173243,0.0027916823081288824,0.02261599085429479,0.0018849116333038182,-0.0012047972245854861,0.0068380098495313905,0.00691842596942041,0.0008005449051690355,0.0032727047365129582,0.02440821061002904,-0.009336026177101225,-0.002106474509992141,0.00887064993758574,-0.0030626716951255703,0.017605293225623483,0.017803813851282525,0.011651415227880605,0.017579906210192803,0.0007484839859051347,-0.003035674291814906,0.017453536376633876,0.006432660414150775,-0.008484484341028508,0.011595717569454449,-0.0023802345025184315,-0.0031525662238132794,0.009557652567643203,-0.0031243798304586515,0.0002573605271615166,0.0026977505853314748,-0.008104991935266466,0.004660004755510177,0.005635848198744006,0.019813530564638145,0.01553827627709412,0.008257328240165021,0.012019556564107477,0.009383963222771671,0.011792816224092204,0.008068715301755755,0.011732552844241306,-0.027045810627113885,0.014474742986439672,0.005764941444130046,-0.00363442715330129,0.008336743699764067,0.010979310514675218,0.001384718197605773,0.010815453282605018,0.014458331612621025,0.010191583109874159,0.00921344197852278,-0.00793751895329393,0.009658108644834138,0.0517359487287543,0.017974876070876784,0.01926750736458426,0.013218879838872176,0.0022188667046986197,0.01789459061963739,0.0033996599303471094,0.0005210707799502799,-0.006125282443064445,-0.0020899989671613745,-0.008145040813441386,-0.010477853478987463,-0.0011823119793519209,-0.03191661148941443,-0.017914741391623877,0.016480105780778832,-0.0025629464259044644,0.005882556559371028,0.0048132532290443425,0.007440868754167329,0.0037326461347608267,0.012467604274100446,0.009359174348480867,-0.002378302300605534,0.014468855603901397,0.0208408336264084,-0.004172363284145834,0.003965901226714891,0.011822656345549026,0.011725330707197565,0.008212058932399607,0.011898357984345256,0.01661322449240596,0.03126503640229865,0.00028990347705982675,0.009351998855153434,0.003621416429969282,0.007614650125455417,0.006172377487596305,0.021183750943155593,0.01287126057668195,-0.0034229202426668444,-0.0004328522648015948,0.0029730661601818044,0.0031598404526068076,-0.007693183239724276,0.006496403014263179,0.010244755825200113,-0.005942385679334748,0.00950223575402619,0.009682591149893375,-0.012503878094511232,0.019538264904179807,0.01457559879252892,0.022945912209585338,-0.0006761213377321901,0.013037666070851198,-0.001911709937807946,-0.0006101350898905676,0.009249562762983493,0.00940613529273217,0.009413746354999307,0.013886104201619318,-0.0039318719779940945,0.0027741906141906785,0.00914083240664422,0.017037172229320323
Approach1J,T_opt,25,12.208588426027465,1001,750,0.5372904345454527,0.0674101028148105,-0.014322537111732057,0.03698830393169204,0.034908918321844916,0.015142253555662651,0.012317263538578219,0.013106946833810447,-0.006874238762555128,0.040080097879038754,0.0022621650550817777,0.027262435457707478,0.008199396958192353,0.031870344304876994,0.014906932560184357,0.001105369828995411,-0.009699504981242724,0.024735428270469647,-0.006412041591541812,-0.02612889339369351,0.02805399404495048,-0.0022596958982934526,0.024897562995025883,-0.020406221565350366,0.00039031710426835203,0.0047806571365942505,0.016389674662132037,0.018830662715462763,0.008804550789979059,0.007649599198814229,-0.008885350095980215,-0.01422207196789204,-0.005512162228811308,0.01025619753707319,0.01521528420427346,-4.455113751057789e-05,0.032276542230997574,0.01940100102369742,-0.0013438220145308467,0.0012135294517692094,0.04412494434302641,0.038648380428944654,-0.03596773191091928,0.030926461872510306,-0.013904727827346235,-0.003636319258525863,0.01084101754441705,-0.017076943251736636,-0.013929009970174454,-0.009676627317166344,-0.028700452210175764,-0.0041648573578220785,0.022714482631645307,0.02685080432161741,0.009274751611065127,0.0008101912493488142,0.028045778641904752,0.013767774718177927,0.022309852087015674,0.0005585658503653706,0.021306931617506887,-0.08208514849259944,0.031300586097029,0.029647560639272444,-0.02162457417334389,-0.0012107309318885135,-9.30576220460836e-05,-0.023069415463051586,0.02688533575398172,0.012401996113351783,0.0013230710360284583,-0.0010772325656031156,-0.09523051352293427,0.007100843161712122,0.15974397498157755,0.03966565279416659,0.11748293690541936,0.016465982119101885,-0.00409522442912242,0.020350456234802732,-0.0026864150482185916,0.013762514033586023,0.018901395093809302,-0.0018148340204999659,-0.01032269617964149,-0.01433035989315857,-0.02476930274825192,-0.07135627472110209,-0.0325855191869514,0.0171641361254607,0.0009719921285062175,0.027148883059847077,0.015140895511055442,0.0027964987557169488,0.013230864093527495,-0.006934103119414302,0.03779515904017095,-0.02404938690279492,0.01978719140236785,-0.0038392047344370014,-0.00023628184014921894,0.008397783987374747,-0.012682864275619328,0.0065265932574501365,0.0008171579069523481,0.0068969488748679,-0.002477871831539122,0.046259842006606496,0.015263214360985763,0.005229654651286954,0.007436809558939522,0.014591920725102146,0.0036391131190395692,0.028045120416910152,0.017158181594783228,-0.015963212587883358,-0.006684551022435509,0.008119886662820774,0.0063202761200522135,-0.014716516486999644,-0.02220253905085145,0.005865790881127254,-0.030481402606753832,-0.001461508065727292,0.000599237315773108,-0.05868320850317456,0.0015367663621650178,-0.007004275215101318,0.019503497764484908,-0.01535363425147411,-0.01502463569295271,0.008813243648682925,-0.005122388765719488,0.014408228436923774,0.03011467683610155,0.0027033909446488834,-0.003647887622944105,-0.005985790635075402,-0.01678748436526164,0.008735071113338688,-0.029491699751731878
Approach1J,T_opt,75,16.92736041829507,1001,250,0.6015894835206239,0.02147088947214908,0.0011082574607590052,0.04395792976010021,0.030987754918849267,-0.01272957468981044,0.022164590533291305,0.011899106766116913,0.0048869863729592115,0.0077034930848549,0.018525464316906534,0.015667304894807447,0.005643123778713864,0.017190497674946036,-0.03204373335366675,-0.003968338592363105,0.006854181101816688,0.002534715334943328,-0.013936831535351078,-0.011175719250129272,0.013524330549366106,0.003551840980123165,0.023943824858756832,-0.01350576355983769,0.0042341827102171745,-0.007659702804294309,0.03232612333806545,0.006626842395188567,0.0032148164554312297,0.0058853247091935415,4.367982364419237e-05,-0.030105608389861954,0.002742740408940662,-0.007080762792965704,0.021327253299328865,0.004105237121242555,0.019715385125971898,-0.010996660831002172,-0.011042786911328411,0.011147713011115227,0.006727937552623405,0.022469811588563624,-0.015855757189273605,0.008636237465823628,-0.03561353023886986,0.0036626882037466783,0.030703684273751208,-0.0008790604795327617,-0.0367544480181196,-0.011949338118659766,-0.022953607837766482,-0.009796185074519778,0.011059224309783802,-0.004989221084493136,0.00016115327069878352,-0.014310974733547232,-0.0061508851858164465,-0.006472180394531081,0.00035420796759458133,0.022724194498263278,0.02058307852423983,-0.07247649118476682,0.051574928663152636,0.0030347474194920565,-0.018990689972352252,0.00477969892084558,-0.0008149272799448486,-0.03864270678716117,-0.0031284163785186368,0.002381203608733125,0.020273339999813237,0.0019199461140213536,-0.10921725623021027,9.149449183894903e-06,0.11027229778731201,0.023601083007941295,0.1873972471812153,0.02144489585668374,3.941124034375059e-05,-0.019401542499688708,-0.020882414849822555,0.012483257662727735,-0.004496709252233666,0.0009328633338866084,-0.017677697762150855,-0.0027690631708865484,-0.029825871940441777,-0.032731082757705365,-0.022168417897741297,-0.01613821780462988,0.025734978875234276,0.05780054013177984,0.02617949923702001,0.008126496585860066,0.011775381720048297,-0.04727444337223209,0.007833198134299377,0.00805532983497682,0.005325844658835413,0.008308750263683655,0.005293809718434267,0.012795813690974229,-0.021718475266321025,0.0023544722421708067,0.009972024774633607,-0.009872807650359097,-0.012358788011585187,0.02141434791353656,0.008574596562305345,0.011204743907078435,0.019940832453666978,0.02814001852811926,0.00894293036187797,0.02345550701548452,-0.0186976707994049,-0.029121942834782515,-0.025281954728046185,-0.038071816829910954,-0.0051814788474589205,0.019836869332774558,-0.036575789342038666,0.012229397107527362,-0.024535768009128194,0.020007093695273058,0.008320496381614504,-0.0516180512397941,-0.002473039527223945,-0.032678470343440846,0.03105080074220396,-0.008761700741291907,-0.009572494880209548,-0.001441019471356617,0.017808075524459212,0.024736123046211582,0.03125602893039407,0.020577591209542643,0.00993676593414564,-0.01074562733403854,0.007503733819867249,-0.014372249407636522,-0.05933991258027972
Approach1J,T_opt,95,25.466246391736124,1001,50,0.3427925061025473,0.0042487424978921605,0.0020487762964778358,0.009424055643317254,0.004334159379546398,-0.007267190700952881,0.002627797910665747,-0.001959096215852729,0.010277445665941867,-0.004971110116760154,0.00516701366729416,0.005573326705745278,0.003459846200360375,-0.007862099915067006,-0.017339611185488088,-0.006685774406397908,-0.0018456359719395505,-0.0065281719225736105,-0.007737268823402019,0.000839500685312581,-0.003104365346689805,-0.004786718906232339,-0.0033745580690119573,-0.0029720700680719962,-0.0073505992478536735,0.001668956463986862,0.004357808788174412,-0.010014501212046315,0.005083561018878587,0.0032044442191413065,-0.011351398953652897,-0.007862037903373172,-0.0008821470617186656,-0.006798376199403741,-0.00939188985413155,-0.0006610173700077728,0.0021887818606569198,0.003708337282621472,-0.005916267322057396,0.0021152484467170016,0.0011445072223015607,-0.003803596229858877,0.01271434321034204,-0.0022098228449684964,0.001873013425443308,-0.0007229367047368622,0.011031489848708692,0.0035402234140814327,-0.006890981056993562,-0.007150553659848516,-0.0025854714732469184,0.006424786385014285,0.005183899145287481,-0.003978696864926268,-0.002453256073432451,0.013778262066889283,-0.005546539910472646,0.003951449575938786,0.00883821482266614,6.389010707741338e-05,0.006234443760291016,-0.00902966235131768,0.007080038447828234,0.001041376608793101,0.005040221540995302,0.0034823891891721083,0.005710832028455426,-0.010823478895986354,0.0007945347736508016,0.00045509689839623663,0.00044400692983685534,-0.005580468751464726,-0.03103799739453732,-0.002329623380920619,0.00033264216540549547,0.01377983202766078,0.08976268620587913,0.004659197896498083,0.010051951899518444,0.004186702926726009,-0.01159303464694689,0.010462619637797904,-0.005110635833867965,0.000935925923776003,-0.003424131047128587,0.007491235566541805,-0.010516401424070032,-0.007289147714434802,-0.0016976354666137848,-0.0020573089797253,0.00291377853804212,0.025875555290717,0.003396393297587616,0.010975583516004597,-0.0012436802641918564,-0.021545650701242383,0.005522900219323466,-0.005017481972070142,0.0005497366941191848,0.008230744400373372,0.0041806858603773735,-0.001436164801298984,-0.018820602402348827,0.009035165043252092,0.007748669168714849,0.00464481361823061,-0.01230584596542392,-0.002151474867714499,0.0019630269955028022,0.016212733646484546,0.01664448551938433,-0.0011048825645956066,-0.0037301581348947927,0.011966264403224444,0.012799156924886998,-0.007827703492944614,-0.009237395235940537,-0.0029284043172866144,-0.010307360073297765,0.0005597528282988524,-0.0004175684813765997,0.005263248779299245,0.005158996583867871,0.0030113363927873503,0.004256145907721316,-0.011949295216351902,0.0027448203234025463,-0.002775776913449113,0.006806055106551013,-0.003028638355901324,-0.008324389361548468,-0.0067967614207326875,0.007590549359656023,0.0010595404210252944,0.009152694622767268,-0.00873382977331523,0.0035797513589514245,-0.009124503855407036,-0.00651160275829372,0.0018620222833699413,-0.020597830799666504
Approach0J,r_squared,5,0.1642112013417456,1001,950,0.38429788325142533,-0.006156689933160944,0.02042001113645984,-0.00018945511981944066,0.0025860663244896866,0.00602490077182115,0.011322196347144849,0.016119577391435578,0.007555832984429274,0.013182485624209588,-0.003973804117713992,0.004393611323438358,0.007077506271836259,0.00966740862236454,0.015009255150790154,0.001554653595754611,0.01431539307256768,0.004885396000934721,0.0136126073628007,0.01021631995337921,0.006702165549321643,0.017690695186607305,0.008023069335160428,0.009154767306147947,0.01160259280379434,0.0027405852037824738,-5.689363545935931e-05,0.005184639835029131,0.0019082922391749357,0.0042201858306400684,0.003614081430060908,-0.0011870259627861572,0.002286549051556093,0.009366414191826062,0.0026663074687603944,0.004664278893937012,-0.0025476806938187022,0.008894731273820239,0.007411822460468518,0.006869944316195252,0.009636228787954,0.008385629309116618,0.002142489257769014,0.0046826582504749656,0.005189332606534208,-0.0021824525273321837,0.00850706640723975,0.0006800758181241279,-0.0028902324606940692,0.003955718616036451,0.012033593716152133,0.007566089948705821,0.01799458752436877,0.004755387459403074,0.006442054063344527,0.022848852268005218,0.005632867133970669,0.0039409048662024295,0.01806069872758919,0.005455383988512572,0.011732879566238199,0.005856171651441786,-0.015274682207985477,0.01191942441672457,0.0025425936070928475,0.005670649249679977,0.008829713171733162,-0.014981135332517583,0.005094484808447736,0.0035057328317800607,0.0008770447925396854,0.015117676736347433,-0.011832401342014772,0.007493179568467243,-0.08783346377787342,0.002351283360802191,-0.0155611529722773,0.013679160472178244,0.010543658227773962,0.019133709969973264,-0.0012164564140764176,0.02296998960432335,0.011359455686137658,0.016287012045318086,0.0066273318539519415,0.02078066286121258,0.006723074368164627,0.007394351815222347,0.018691868865802555,0.01703112980161831,0.010071431418010276,-0.002814469686052162,0.0031524582782098782,0.01172052577308175,0.015599812131964909,0.007737309818010157,0.01614251827228446,0.005831429992151562,-0.0007018924348007822,0.014095275031253334,0.0071934903052050594,0.0034020255024908735,0.0036544842534185938,-0.0012128407243755914,0.005167212912835505,0.024004280549033613,0.0041280284695348,0.010875622414472768,0.004704312228114595,-0.009047926882685225,0.018792242339843696,0.01491572595258646,0.013041189060713512,-0.005924725737422254,0.014518154745435916,0.010871408744494309,0.003962856384087775,0.0027199400463542283,-0.0014855924199254009,0.010316036904119207,0.005832879459668618,0.008315549312389271,0.01639172600738481,0.007832077624530625,0.018691577375611192,0.01435635808847895,0.0010222975210690986,0.01800056414760004,0.008507218043759045,0.014962340796335053,0.011776004957008309,0.002419628950210447,-0.0018293963844826615,0.010273517544795009,0.004933836362996808,0.03081423590019982,0.02103956029880738,0.015046591873627295,0.0004391691238507696,0.004275214662627828,0.013197628413850235
Approach0J,r_squared,25,0.181255481512807,1001,750,0.6410048916903437,-0.055852174513706054,0.019025156304175082,-0.0018207019044876472,-0.00012546837188447298,0.012057860776405256,0.01973366204086912,0.016525077004252525,-0.0015560689923020468,0.010935990536994976,-0.008180902223786611,0.007524962235021908,0.0048263001385806595,0.02736330047806828,0.024477724839753794,0.014230514437505087,0.010271800484119388,0.03414137197892379,0.029014430626091353,0.011177683734785254,-0.00034142602088277525,0.0011241525970623611,5.5569039978817236e-05,0.01853439646892654,0.023648371680879722,-0.012157585741104388,-0.00810136290726364,-0.003844991221867008,-0.016752332760553372,-0.002208718445193901,-0.004492967158441602,0.011359415901604709,0.0034161971038354985,0.035823421601356986,0.0016062513659691664,0.007911077079649142,0.003346952517897613,0.020902921229721247,0.0005661052616146838,0.01882193694797641,0.02130645663369216,-0.005266206242071057,0.011130322687984355,0.007413746108459237,-0.008513166968706978,0.014278394859870477,0.02600792960113827,-0.013990417681048153,-0.008025174854448001,0.009026828673874323,0.01415849583057304,0.02884014202894748,0.02130880216539345,0.016707836021713413,0.04031209686771477,0.04888191774272661,0.0004923660980822335,0.02408522762185107,-0.01043916953490597,-0.0026098441895116937,-0.0036958658483880746,0.0010510808120300572,-0.08417139026008857,0.018506411079073026,0.03175768448688339,0.008728918020897041,-1.3996977814121833e-05,-0.002870124585744791,-0.003115723598629763,0.010667528834370143,-0.016370766811126723,0.02523615184644707,-0.061546498516238696,0.01997651040909322,-0.22758704897305226,-0.0047098384665854864,-0.06829978971253593,0.0010106165116795882,0.01741783923227664,-0.007685985261462681,0.007153882579423086,0.007104426806537467,0.003930165665566912,0.03261205957445763,0.005341486319454266,-0.0017334657348689175,0.002006914569232493,0.02940655471598857,0.023945797019080332,0.015616327709487156,0.0048330719428074445,-0.009711472491028095,0.0005953376469347792,-0.003631672959266556,0.02040654887526113,-0.0004021325967124064,0.01753213263622836,0.009189640300271687,-0.0019081938835466081,0.013931202573657861,0.0037816087437475884,-0.001313393658704233,-0.015201791214251878,0.0015516713206175318,0.005461983641940475,0.007493454567797103,0.0029377353509321674,0.027374118394755197,0.022122220965466316,0.007717708870815571,0.008629515010229918,0.034250081488841205,0.015904527766425813,-0.008178727850504343,0.02222416332241729,-0.004889790837705002,0.009021516679630852,0.03397908636239724,-0.03240993988790096,0.012945655183981691,-0.0019082204228072098,0.047983055080658386,0.005306476051933231,0.0012761394630875014,0.022459268672253074,0.03805572659282036,0.003918201723414498,0.005788810849040496,0.009271012486791356,0.014381173722607455,-0.0032382526418668085,0.0011757314149693152,0.0017294583215787442,-0.003059701396848271,-0.0006643540398799455,0.07034059652313637,0.005915689378838643,0.03742472324112182,0.02350702234807911,0.006978189591214878,-0.023026181966081954
Approach0J,r_squared,75,0.2040222760671078,1001,250,0.5544642820902996,-0.07044749429253337,-0.006912136089284717,0.005457076838419984,-0.010946252757533899,0.013635046453845934,-0.007212130496271632,-0.008588203033653775,-0.01268924582357224,-0.005048291255926049,0.012873619685375745,-0.027814921557278195,0.011155873852862014,0.009241264701097672,0.004581283223992364,0.019485885477195392,-0.00012938086213036548,0.014777754499018626,0.055268555000682056,0.010260321849278331,0.011475311075668067,-0.01289866427915711,-0.006879779075341229,0.02230054913770453,0.0066078310502313276,0.0025328552505454356,-0.008692420778170062,0.025122666149144973,-0.020792335497597837,0.004460150351103113,0.005010908549241826,0.002062557674990334,0.01738531330374961,0.02025005514613637,0.007123317898996524,-0.012319107113798949,0.014486461225093918,-0.019700331372215378,0.016190064509068333,-0.002333220105737624,0.02529470752734213,0.04246688325682149,0.011110717142070334,0.009879548816184781,-0.0396842229838191,0.020399802258335882,0.012136010165492726,0.026939457431661377,-0.012692086751814817,-0.014735756738375138,-0.0029872840094940147,0.013261201580944513,-0.002318193860702686,0.02559277936175302,-0.0051954522903889,0.012319103975259966,0.011152510822308013,0.020723661228529082,-0.005673412580681851,0.013625832970398214,0.02111888600527556,-0.01219899986594827,-0.09900521770690301,-0.013199718031303391,0.00393690830250985,0.01718043853523493,-0.005074255384119511,0.004454489793214772,0.03484103341128296,-0.012153666662775293,0.01606943317646599,0.03684951949418047,-0.0716261901450811,-0.023710636495928666,-0.16498749474995167,-0.050987785246387196,-0.08994494882920659,-0.0031605120596902656,-0.01788738435836363,-0.008163305080907467,-0.0023604702707918576,0.020094145893292725,-0.009070657268713728,0.002569039043704404,-0.014536461771552671,0.01077691696174601,-0.005937742113863269,0.0007888358730142216,0.044776941702867674,0.020168492570120967,-0.0087098333971297,-0.0069421760823196255,-0.0029544986633955085,0.011144095884068023,0.0013030430020260376,-0.027619179249454992,-0.02375095307381426,0.040084493236982814,0.032362179672714854,0.007554435595965591,0.005592170666571887,-0.008942618410315442,0.01383243342010062,0.003025812859290761,0.026872917099534845,0.006823335133493305,0.024158919737748502,-0.00747193635276241,0.012667087281807727,-0.01223681085943204,0.011246559821650081,-0.015424054832433705,0.013384686468408862,-0.022525691964299,0.003764478004389022,0.01414871932931663,0.01656919756235385,0.03066767247243046,-0.009045803705314857,0.018165090258862218,0.02640595260623583,0.017344065650342015,0.008915899628344152,0.00924544116051413,-0.016363882070678647,0.0032415337051950634,-0.008203453029418113,0.007319547384490014,-0.0032963623245538445,0.02372826586454543,0.006958768933730208,0.017314393856124995,0.007190375262483193,-0.004405820135568087,0.016595788780074876,0.08038997934679067,0.0068037495749061205,0.021300249474186406,0.022668438554820567,0.023734795041476343,-0.03139579196511091
Approach0J,r_squared,95,0.2227483139776328,1001,50,0.26337623356583106,-0.021132104004872136,-0.0024120252737940126,-0.00010568260020002787,-0.006482344685838751,0.0040422729230115955,-0.00418630004357599,-0.0003131747721292939,-0.0017562647723881903,0.01148579121951361,-0.007192589998192143,-0.004974248341805964,-0.0019057283133561264,-0.007846105110154851,0.007044351464024664,-0.0032283545227478824,0.005740156152637711,0.008603428319329066,0.017497615851509118,-0.006208005431785863,0.012422101677278117,0.011971019495055604,-0.002857375594141315,0.014124974795119859,0.009925467434268196,0.008329186029236324,-0.002732482155253107,0.007505862673986624,-0.007632016746244202,-0.00042182128864421894,-0.0012307639226085323,0.011978661166535462,-0.005392435353706039,-0.007296528864754825,0.006231372457704697,-0.004149626794089482,0.004869821139504234,-0.0035218106093064363,0.004239639600482894,-0.0031643175550841647,0.0022782146435690685,0.010415954609198226,0.015258861356868578,0.006794301445599448,-0.015003840312647676,0.007026219932103172,0.004970827497894538,0.005131386607709441,-0.005204779825627264,-0.006062617300459193,0.001952580639583095,0.011473065928711555,0.0013259812004551468,0.003461793157960586,-0.006103610487591278,-0.0017058438955480323,0.0022103683965528087,0.008661079931700564,-0.00035476828073178254,0.0005659117822608764,0.0022178453707743795,-0.01452495729791013,-0.026069246499220065,0.008254703674870738,0.001582720531248106,0.004008067474213608,-0.003629327980155541,-0.00207158675256175,0.004666523792669047,0.0008127330260408391,0.016506992009184797,0.007411501795260151,-0.019703561520175,0.0025594574951917047,-0.0447460083978859,-0.02403269338524367,-0.027787578638873902,0.006669370083805249,-0.009353643139563344,-0.009574346131880865,-0.008787281930799262,0.003433742498153078,0.00047118436152476274,-0.00026108398062316216,-0.014343934934960048,0.0026377829190566493,-0.006613162910362348,0.0021023971896833573,0.017334847086796792,-0.005715693161473851,-0.0018090711544531384,-0.0018090828711769032,-0.002831555355697838,0.004361692660839061,-0.004777587566046033,-0.00013115291205649526,-0.0026652976902038945,0.0031867881039426664,0.0033625527237448076,-0.0031528081920931513,0.010025279886395172,-0.004609332101265467,-0.007721345330098076,0.007718445715224172,0.011152979443780358,0.015096731772283095,0.002953509685486663,0.002152964237669774,0.009447785219095865,-0.004918069273257309,0.008205011959109025,-0.008479529093330967,0.005814016226413482,-0.017912619903673793,0.004360597671314616,-0.004713337316445548,0.0005186034685336471,0.002464761594082609,-0.001669352953527028,0.0019507848925502257,0.007611551830699173,-0.0020040810988414025,-0.003341009194778798,-0.002851299488561788,-0.0010164757663812737,0.003150960398107725,-0.007902170368177874,0.0005709366810655488,0.0065057242529797145,-0.0023735530518839273,0.00621936318289571,0.009278974059681082,0.007544124022439025,-0.00870103043995784,0.004760004127418199,0.02257762138192881,0.018325778699223035,0.013024608514589489,0.0035956141869215204,0.0005390243588626028,-0.003352746271776068
Approach2J,h1,5,0.0,1001,0,0.0,0.0,0.0,0.0,0.0,0.0,0.0,0.0,0.0,0.0,0.0,0.0,0.0,0.0,0.0,0.0,0.0,0.0,0.0,0.0,0.0,0.0,0.0,0.0,0.0,0.0,0.0,0.0,0.0,0.0,0.0,0.0,0.0,0.0,0.0,0.0,0.0,0.0,0.0,0.0,0.0,0.0,0.0,0.0,0.0,0.0,0.0,0.0,0.0,0.0,0.0,0.0,0.0,0.0,0.0,0.0,0.0,0.0,0.0,0.0,0.0,0.0,0.0,0.0,0.0,0.0,0.0,0.0,0.0,0.0,0.0,0.0,0.0,0.0,0.0,0.0,0.0,0.0,0.0,0.0,0.0,0.0,0.0,0.0,0.0,0.0,0.0,0.0,0.0,0.0,0.0,0.0,0.0,0.0,0.0,0.0,0.0,0.0,0.0,0.0,0.0,0.0,0.0,0.0,0.0,0.0,0.0,0.0,0.0,0.0,0.0,0.0,0.0,0.0,0.0,0.0,0.0,0.0,0.0,0.0,0.0,0.0,0.0,0.0,0.0,0.0,0.0,0.0,0.0,0.0,0.0,0.0,0.0,0.0,0.0,0.0,0.0,0.0,0.0,0.0,0.0
Approach2J,h1,25,0.0,1001,0,0.0,0.0,0.0,0.0,0.0,0.0,0.0,0.0,0.0,0.0,0.0,0.0,0.0,0.0,0.0,0.0,0.0,0.0,0.0,0.0,0.0,0.0,0.0,0.0,0.0,0.0,0.0,0.0,0.0,0.0,0.0,0.0,0.0,0.0,0.0,0.0,0.0,0.0,0.0,0.0,0.0,0.0,0.0,0.0,0.0,0.0,0.0,0.0,0.0,0.0,0.0,0.0,0.0,0.0,0.0,0.0,0.0,0.0,0.0,0.0,0.0,0.0,0.0,0.0,0.0,0.0,0.0,0.0,0.0,0.0,0.0,0.0,0.0,0.0,0.0,0.0,0.0,0.0,0.0,0.0,0.0,0.0,0.0,0.0,0.0,0.0,0.0,0.0,0.0,0.0,0.0,0.0,0.0,0.0,0.0,0.0,0.0,0.0,0.0,0.0,0.0,0.0,0.0,0.0,0.0,0.0,0.0,0.0,0.0,0.0,0.0,0.0,0.0,0.0,0.0,0.0,0.0,0.0,0.0,0.0,0.0,0.0,0.0,0.0,0.0,0.0,0.0,0.0,0.0,0.0,0.0,0.0,0.0,0.0,0.0,0.0,0.0,0.0,0.0,0.0,0.0
Approach2J,h1,75,0.0,1001,0,0.0,0.0,0.0,0.0,0.0,0.0,0.0,0.0,0.0,0.0,0.0,0.0,0.0,0.0,0.0,0.0,0.0,0.0,0.0,0.0,0.0,0.0,0.0,0.0,0.0,0.0,0.0,0.0,0.0,0.0,0.0,0.0,0.0,0.0,0.0,0.0,0.0,0.0,0.0,0.0,0.0,0.0,0.0,0.0,0.0,0.0,0.0,0.0,0.0,0.0,0.0,0.0,0.0,0.0,0.0,0.0,0.0,0.0,0.0,0.0,0.0,0.0,0.0,0.0,0.0,0.0,0.0,0.0,0.0,0.0,0.0,0.0,0.0,0.0,0.0,0.0,0.0,0.0,0.0,0.0,0.0,0.0,0.0,0.0,0.0,0.0,0.0,0.0,0.0,0.0,0.0,0.0,0.0,0.0,0.0,0.0,0.0,0.0,0.0,0.0,0.0,0.0,0.0,0.0,0.0,0.0,0.0,0.0,0.0,0.0,0.0,0.0,0.0,0.0,0.0,0.0,0.0,0.0,0.0,0.0,0.0,0.0,0.0,0.0,0.0,0.0,0.0,0.0,0.0,0.0,0.0,0.0,0.0,0.0,0.0,0.0,0.0,0.0,0.0,0.0,0.0
Approach2J,h1,95,0.0,1001,0,0.0,0.0,0.0,0.0,0.0,0.0,0.0,0.0,0.0,0.0,0.0,0.0,0.0,0.0,0.0,0.0,0.0,0.0,0.0,0.0,0.0,0.0,0.0,0.0,0.0,0.0,0.0,0.0,0.0,0.0,0.0,0.0,0.0,0.0,0.0,0.0,0.0,0.0,0.0,0.0,0.0,0.0,0.0,0.0,0.0,0.0,0.0,0.0,0.0,0.0,0.0,0.0,0.0,0.0,0.0,0.0,0.0,0.0,0.0,0.0,0.0,0.0,0.0,0.0,0.0,0.0,0.0,0.0,0.0,0.0,0.0,0.0,0.0,0.0,0.0,0.0,0.0,0.0,0.0,0.0,0.0,0.0,0.0,0.0,0.0,0.0,0.0,0.0,0.0,0.0,0.0,0.0,0.0,0.0,0.0,0.0,0.0,0.0,0.0,0.0,0.0,0.0,0.0,0.0,0.0,0.0,0.0,0.0,0.0,0.0,0.0,0.0,0.0,0.0,0.0,0.0,0.0,0.0,0.0,0.0,0.0,0.0,0.0,0.0,0.0,0.0,0.0,0.0,0.0,0.0,0.0,0.0,0.0,0.0,0.0,0.0,0.0,0.0,0.0,0.0,0.0
Approach2J,h2,5,-0.0003010894320982,1001,950,0.2314756940075683,0.006955352695538708,0.006593837527400075,0.003153722265401581,0.020749938101123952,0.00519718909150705,0.0017585069962189823,-0.005690341305821818,0.011879914006091868,0.019729519402248107,0.004324184837589451,0.011345828408113167,0.0019194158559244197,0.0014880640377506597,0.004450670914774914,0.009891827251376124,0.0011610126156342254,0.01402003239278203,-0.000847237454658983,0.010504125583387165,0.006128321294838031,0.016245449506388777,-0.0008496665461428876,0.005664888958230771,-0.002447899146889014,0.011554856589866654,0.012460570627399324,-0.0013155949968873654,-0.0013521742538287742,0.005914458830733493,0.014148840638517797,0.010721457004388896,0.011745323802000466,0.005401843028356484,0.008399373510728184,0.008766214027419192,0.013995306382108486,0.005939246313237006,0.01090807844452811,0.006725028159797369,0.015214636023694827,0.014872625900374532,0.034625109792286266,0.004274012418503774,0.00471398756027798,0.005997066973029633,-0.004201526973042006,0.005491217751479422,0.001635888167295296,0.010068710506859764,-0.000904891365783738,0.004825444297590576,0.017386847806989694,0.0023449297957832994,0.006252563063062327,0.01079670086125624,0.009366748568598312,-0.001257203723219828,0.009450396285096647,0.013065034257926609,0.007491724126696771,-0.015208457807286805,0.009232009489711604,0.007461098502765565,0.009574823989636078,0.007387876116402805,0.011815566056138357,0.0030109310148063806,0.008019715861272356,-0.0036879665373569306,0.004395798264518374,0.0073732885212013655,-0.008302584742569553,0.006640142622518457,0.007278702468091323,-0.01393702927693661,0.016069523041781317,0.012336744788871586,0.017608894634474213,-0.008288403961280957,-0.006909633218174656,0.0041876315178017,0.008693977313883591,0.014231543401113881,0.008752474449774419,0.0028614250460462344,0.005882390070977797,0.027032155748764858,0.03178169375081082,-0.029360912901245925,0.00982263721562707,0.008771072028969332,0.0027186395001491436,0.019580775354924904,0.011543120549409962,0.011338570516439937,-0.021131544681560706,0.012903088077382125,0.010106859286138532,0.014532615104087373,-0.0005486619730363237,0.0012618917218631606,0.02166244198600956,0.00572519693418014,0.009837512578181582,-0.0013765601914496719,0.01682301424903236,-0.00018687777730182556,0.004486692335452203,0.005042492294504268,0.004912207489725862,0.01849734338821451,0.016013311536702234,0.0013739745568062249,0.007216664319500125,0.006295745187439613,0.008313286693057604,-0.00634386801787554,0.0006591700737987702,0.02202701351627827,-0.0007002505957329347,0.014357589370780667,0.026026972176782594,0.01430083435974643,-0.005483820261565377,-0.008162283184742518,0.0036537937328893124,0.0017821132784998708,0.005892216668600725,-0.014519321201144051,0.009623783671915444,0.01608502283150009,0.01961128241010481,-0.01186797885995719,0.02321416266943004,0.017489231663878998,0.005032107856847427,0.0055046024780868695,-0.005193052318748063,0.004075822792672298,0.004799669518957951
Approach2J,h2,25,-0.0002140552621786,1001,750,0.4240473232333548,-0.01741713384771506,-0.0021415979885757146,-0.021100586926732216,0.016450443843914017,-0.016138553830115494,0.004900433487206389,-0.026635976902750595,-0.009400743278891968,0.020170020732094854,-0.01189731520828468,-0.003035134741997985,0.02134141542732575,-0.017245121941746593,0.01510081778946551,0.02572223080756702,-0.007755271020611264,-0.010005877647939598,-0.01827421992601566,0.023393653613414077,-0.010764625180231555,0.026861498174149935,-0.0018728767328512266,0.014203647173918758,-0.010315595724463694,-0.015594466641099404,0.026894049456419704,-0.006831683354282884,0.023497321909964758,0.011614746190944734,0.022248916145537333,-0.005091907383722135,0.02521504903494388,0.013524491466485659,-0.0003596216648643156,0.016137206685761976,0.018087142105879073,0.013022722750209575,-0.02001760551643637,0.02318973405361699,0.026448323938954237,0.017448732560783088,0.06663498646082461,0.011072622696063166,0.012326227410063756,0.01940832274081656,-0.013155661240133612,-0.01187350757480607,0.031805445140721283,0.017907754386623814,0.03168045244241012,0.012156806812400743,0.0242134724385195,-0.001133219308570255,-0.013705912903691048,0.0011607504255041166,0.008246999460314285,-0.017076572277519,0.016601976963201228,-0.015162971856747736,-0.024145716135503724,-0.005596008900481368,0.04054736176300369,-0.004320568011796888,0.003542065568965836,-0.010887287640521983,0.011442267337055202,-0.029674114362268553,-0.013296890772725037,-0.014358803185323312,-0.018752962126249596,0.01037996387980309,-0.07708611168836446,0.01715833109738297,-0.0045431535212917,-0.017208387517616677,0.09346781685184796,0.0047931986315943274,0.02435882786833381,-0.02627306926943713,-0.013127315954201298,0.006514083670220185,0.004976397693627378,0.01693354405814123,0.027166853417546575,-0.018868275945725585,-0.0006764110467095963,0.06547490498916084,0.11316009473692654,-0.03170164842091104,0.008793283626627459,0.0454785508405359,0.013400195132935833,-0.00675632202214263,0.027148276422374683,0.0010000901529512562,-0.00925429303379378,0.013352481225474885,0.02166729682558495,0.01303069670513359,-0.0004829305708863932,-0.010148513356524377,0.034873438657494926,0.013309824406956201,-0.010048200177068591,-0.02107811613318305,0.017989179890326834,-0.03343699955478158,-0.005735602642532825,0.008257692088831856,0.0334283666145869,0.0003243070064708215,-0.026493670689048572,-0.01043480584803863,0.01780125636336647,0.027755720317941244,0.009395603644413532,-0.016073239230057663,-0.0016252382200698141,0.029580422432951513,0.004585694538019397,0.017969402330435817,0.05565138059789093,0.029696312771278315,-0.0019917270800478854,-0.008359098068396065,-0.010246355180190545,0.006475775138659646,0.008411697517136874,-0.03572640374783923,0.006788961079239571,0.03464800007714267,0.023633876257006595,-0.03202593647677434,0.02451407584459059,0.016131525691141006,0.00801032555407721,0.009850746533664191,0.012235095940261122,-0.040774955043875995,-0.04692675209585518
Approach2J,h2,75,-0.000116907309954,1001,250,0.4589492773900361,-0.03825810785077029,0.014552256363161976,-0.059747884332415846,0.02628768301175061,0.0161396795775246,0.01855995949253545,-0.02340160435528505,-0.02950775572418872,0.006951914633093694,0.0038182630612308005,-0.009045532453561017,-0.00017044381104429872,-0.018240668615301436,0.019765976153072864,0.0020504037426520554,-0.017635039856572943,-0.00031826567818991555,0.009629107959539892,0.007597984257853706,-0.028242850994463206,-0.00379508984610309,-0.03226135522624959,0.026957216183989826,-0.022561582174450714,-0.023640910200806328,0.002809329251991323,0.005924177736150227,-0.0005154303610665281,0.006217595048734009,0.01593683873133113,-0.0005641432755801789,-0.0023712906720963064,0.013172643720007576,0.004414172697754366,0.015190949983048404,0.008134063103013716,0.008103362480547929,-0.005059789660095385,-0.008229135624519799,-0.012589767210528624,0.009424623789416423,0.029362298657768602,0.015543269798490824,0.013193826373436445,0.030276691410772827,-0.014498020171658636,-0.0049284496394939765,0.005735795466267093,0.006427105120026123,0.008554693867766784,0.010997199930549408,0.015212892963592323,-0.03375554930398107,0.005642569751799137,-0.009599797749079826,0.005745234215021346,-0.01901839591198154,0.002607069555435281,0.019302141561796597,-0.027391523685134537,0.04531671362073197,0.022886020069354397,-0.010975961316945287,-0.014235347985599844,0.013562585866369522,0.016830588991295817,-0.02239905317005606,0.0005106393792139192,-0.010002339249431405,-0.005158135991017556,0.020401661887716298,-0.03464392315932473,0.006858746140068464,-0.11459748604169057,-0.00907068929534327,0.08337033861490965,-0.01861355762618416,0.02841733384568544,0.019828328171258167,-0.00022866124390044998,0.031954729903264895,0.004651660489809719,0.026405190127920294,0.04684933345061896,0.00565640135971893,0.018231691367533918,0.0780247497162443,0.10002214048857172,0.008171507116627223,0.012981686666973353,0.05686232438369153,-0.011538503986332542,0.01777821379370042,0.01603325771266166,-0.00510261129748932,0.008212335587591987,-0.01234294181018691,0.003657439782874883,-0.0197733847971429,-0.008579446056369696,0.011773991920149666,0.019686486405976866,-0.014948367771287501,-0.005337353737655112,-0.017928124917667272,0.009484324729563358,-0.040153928507812464,0.00018806845903782815,-0.006625475069239346,0.046563631248663084,0.0006780420193778173,-0.07006094799576083,-0.015075040296396832,0.015652775284735344,-0.003739122999960454,0.0053773982071657,0.003035389036584046,0.007032463353465149,0.014949798387866031,0.009506437116499181,-0.005423634255215151,0.029566055373407632,0.008954111748381621,-0.016018418552270288,0.017101938334404588,0.004742652079171832,-0.006893223238758784,0.017811524278986968,0.02107685303984594,-0.01154837934905524,-0.0007392112463339602,0.0037536377591430165,-0.030512582575221957,0.0053164899578693765,-0.024548859525481664,-0.00511638011170319,-0.007413501906316198,-0.007379687402325894,-0.002522333874671271,-0.06367562720794205
Approach2J,h2,95,-5.6849107023850906e-05,1001,50,0.2654802909188877,-0.020631319076298543,-0.0010111328527556912,-0.020971349615663718,0.007834609514344962,0.008530725192387203,0.0015180471136285803,-0.005799317419495683,-0.011094661631833263,-0.010069521744930244,0.0014257505920903732,-0.0064869795338770835,-0.004034864165944383,-0.000778369195978595,0.0023270582664002767,0.0037883737930620425,-0.005708416986827947,0.0005728982395986027,0.007053029957793805,0.0146680954816936,-0.008362172653831225,-0.0010075813902311538,-0.012695456351383827,0.01714431306430257,-0.005979372402063815,-0.00845482949314851,0.0012275644285863906,0.0014206087441646059,-0.002351468722322029,0.015197007719033742,0.007876190747434153,0.006960789441636145,0.01402796926618682,0.0071303627416581285,0.00039480585410288285,0.0008766787152252736,0.0044654339880948425,-0.0017740823029383738,-0.003896221572309469,0.004711386126136356,-0.003415388851619943,0.0026812553973042546,-0.004623578634212875,0.009107594632913161,0.007462317237197168,0.014127203462443338,-0.006920595897289418,0.008102284025082684,0.005040066193490166,0.013543353091166433,0.012518900689189249,-0.0022044345313820372,0.008278178688625928,-0.015812399213801922,-0.008136770988628961,0.0071805099566110715,0.011200016677403094,-0.0010154999571100505,0.005498747960358187,-0.002870310219993609,-0.004195375322526732,0.02464559154591623,-0.0005160480047644292,-0.005032638212225725,0.00253875225029246,0.0017791893340764363,0.012762431954304819,-0.0007088940737496109,-0.003183162584815426,-0.011256569159032288,-0.009859790566463694,0.005628226210131214,-0.010153431760944357,-0.0018420306677250763,-0.03572596549218329,-0.00451561966432314,0.02226274333222044,0.006225586548012628,0.012169013806321474,0.0001279256081940577,-0.003255442494233536,0.001974149399434258,0.015494398447872995,0.007647713097533109,0.011294080400463147,0.0051117752443491805,-0.0018933829911944393,0.03287959987772016,0.022958321320578436,-0.00930363445925533,-0.004986424416298013,0.003856152955526473,-0.006325125753971258,-0.0073970720066891555,0.001362347117571083,-0.0037243937905654927,0.00812522903366223,-0.003889926920997294,-0.009735243624494561,-0.012703097076829543,0.005925035555244884,0.008929093853037922,0.0014356357347820956,-0.010308103612967355,8.521412039999652e-05,0.0004663680965567361,-0.00641084342863444,-0.026394114608745255,0.007238847649797116,-0.002380376285785188,0.007156508325763297,-0.010861986487564292,-0.016742325891174976,-0.01048528712988828,0.0062401252185184134,-0.0020245903685619984,0.003622395865991908,-0.002030316720610487,0.0020867396951590577,0.009497227281854188,0.002456332811132651,-9.877560365137081e-05,0.015657180335446157,0.010342476678675959,-0.00851090942886107,-0.0006494373870042664,0.002940469129573681,0.0011017923944481444,0.005810220782240441,0.0008459511130092679,-0.008245488626774636,-0.009182172182168196,0.002669359058555033,-0.009549939951601649,-0.0017833988962179682,-0.0070408930839117555,0.011955792156099487,-0.007421324619896771,-0.005642633163683013,0.00030605732921769064,-0.014983060668997891
Approach2J,T_opt,5,11.74515523541668,1001,950,0.26317582973512577,0.02541139382537952,0.0027450954699492595,0.01932983439832298,0.002274191217651593,0.009728115880919652,0.011061695156209365,0.0074457584563913356,0.00025833887516804946,0.005468844071696545,0.014805477003837783,0.006740395951343998,-0.003336468429050366,0.0324962845705805,0.007719156740359425,0.020583883481840058,-0.004461255264536879,0.006873487822814868,0.010173525008201291,0.010239033815282326,0.009942954139710953,-0.0010113253398245058,0.018712738866642112,0.011411021815286727,0.003047236037721699,-0.0002021221725198516,0.012299605809997111,0.009080359685380658,0.0007906891260907635,0.009328229854681581,0.0005997862184619427,0.00044071413452515234,0.01018598446868972,0.0017463886952714183,0.0015257493537753483,0.018972089205529265,0.019215761060561293,0.027095322768081773,0.0007139254040858922,-0.004913865194894805,0.02535909009150829,0.005321675604383897,0.009149783957684185,0.010112903197175265,-0.002174483179927138,0.0004257015897849454,0.003712962264433759,0.0068372524695480465,0.010379788084737837,0.014326596901262829,-0.005300862728120029,0.0013679445693784145,0.017836233560746366,0.01782231122125668,0.011907280888009224,0.012546171025993504,0.013387291768185672,0.009626426382071214,0.011645031888505858,0.006755091010695527,0.005975439159755274,-0.022032854261050137,-0.0006477952285446516,0.005016968932472626,0.0012315072553175429,0.008619163569457442,0.009717029741196575,-0.010396220792716696,0.02493247696274853,0.00844295646489377,-0.0075162011786276935,-0.004831744015668427,0.0066346502689924305,0.0025482463837961334,0.05023318554189916,0.01021991877694461,0.025372900436331343,0.020623042009636723,-0.002624360306718309,0.01559147873968572,-0.00667107240906659,0.006045913743025927,0.0028149611294308015,0.010211628328676049,0.018377917519898358,-0.006123040371836293,0.0031054897972165405,-0.019901833129604814,0.0019469279289387742,0.004060678946651806,-0.0003045871529308332,0.0030018667106829046,-0.0056540722736847845,0.018792407951175427,0.013495538834503782,0.015062758118659444,0.011137583948085434,-0.011198005557459237,0.017585174049887145,0.01588421467852691,-0.0002708796096524608,0.012750887074923969,0.02226723562322869,0.010257215368255114,0.014390448579831332,0.013449477609664428,0.014643783836289847,0.020518082984741462,0.0011833532734296468,0.007042090762894153,-0.0049765689766158696,0.008001580080250918,0.003218241691561003,0.01651053706325961,0.0023673447259613934,-0.005623632923187089,0.008463353691846753,-0.0027933249000052307,-0.0018644505514092673,0.006966890928383045,-0.011255501208486902,0.015381331490815523,0.010334291637944904,0.007532700020545402,0.0002689496222992409,-0.024607068372645174,0.009167368270315135,-0.0008232887055107958,0.0031732201983381905,-0.007825309717099025,-0.002795618543611586,0.0011246003432044628,0.0035637444793181674,-0.00840847104027802,0.0229134235949394,0.011387292205636307,0.007144706273606818,-0.0005749910880562849,-0.0015547284700174746,0.006390438064384365,0.005184843570010745
Approach2J,T_opt,25,15.506023031615795,1001,750,0.4903427095172572,0.027577686830556197,0.00523666682727679,0.007743375280189355,0.004858484196960132,0.014865154527380901,0.02708543839983898,0.005288062109781789,-0.024984304243887014,0.012264072896689201,0.001950389246628284,0.02732507532980489,0.006853898853158796,0.01611291038648574,0.010970189847611675,0.014025277726384646,-0.003963688938007227,0.010672854962052813,-0.008094701080490301,-0.01702270970315796,0.004837205534881773,0.010860173589229728,0.020649206150009917,0.002402427728031245,0.005385643869655371,-0.003951837518267172,0.018927461209981324,0.021560920465374316,0.003336006311331288,0.02073514377322989,0.013078381171780427,-0.01659037974837635,-0.0033906284387670467,0.0065714045138585975,0.0010077901799036356,-0.0011852681756169998,0.013904285340503317,0.009885056833836047,-0.0066316470549855995,0.0021552643092092646,0.022612363199315713,0.027531750906864317,-0.010998282368276822,0.022990605929149033,-0.016411541651903637,0.021395498525360938,-0.008772478672945222,-0.013258116819098668,0.005192314311600169,0.01496299153657198,-0.00222267860433914,0.0087440313622845,0.010428373002658635,0.006041312991762237,-0.004082714761484283,0.002842970732805542,0.02663257122683157,0.000587926369646408,0.02561065290495175,0.00573928689242066,0.0018615556737467572,-0.07788031925077783,0.03940579297725044,0.004231456424721995,-0.0037316971470930764,-8.166392814944797e-05,0.007829813100311495,-0.050563519606114576,0.011364157299232094,-0.008685757116176796,0.0009448342715520728,0.0006913786086147587,-0.03404467804568937,-0.00036914764103973194,0.18006610345552815,0.020480359053337463,0.15044151997402538,0.014312760008349896,-0.001441478490096943,0.013687724750933713,-0.027348634232300228,0.025679395885569653,0.014826484166992178,0.032653080050298475,0.024152032659176197,-0.005539524720736544,-0.02242705665200826,-0.021947109247339322,0.023686718268266977,0.009905669888022214,-0.007131007704225289,0.038237488176028775,-0.002979482719223582,0.012041497707806357,0.03572432922720847,0.016993521986454704,0.00045103566352792425,-0.018792293464558817,-0.0018167585711590523,-0.017003553354666214,-0.009572633115813411,0.007786282353406976,0.00901079427002028,0.0010335426649095442,0.007422709592903032,-0.005207486327391802,0.019514774054520165,0.008113745971265147,0.01932861967720145,0.014270583758927266,-0.016075674094814328,0.0130031395725477,0.011680073387105156,0.03015389161401802,0.016358255066404297,-0.00101000642623671,0.016460523093547046,0.004836510091203186,0.014022752758217185,-0.0012403207468340248,-0.013968474920414314,0.0016163628873163555,-0.012114637047375643,0.026664985294385893,2.5631358247698785e-05,-0.08648020902362762,-0.009640937775186868,0.0002832571263876923,0.0064114799102842675,-0.008915717529585773,-0.032797792281014836,-0.006430970983032138,-0.0004675011092948513,0.007041853136949891,0.024560602697587083,-0.004873606653781891,0.010632703849067365,-0.012473483728988596,-0.02759604973363715,-0.007407953525835079,-0.04330302490162137
Approach2J,T_opt,75,23.23424376742692,1001,250,0.5101696580716116,-0.014836563520366535,-0.005557805905681203,0.009880290942434485,-0.00021542749308036367,-0.010696076777580166,0.007726988787219426,-0.0003146980947924174,-0.01014859849517503,0.007374377396303507,0.02012903154852161,0.011119527711133082,0.01697568486044719,0.012869903514991971,0.014753373857908245,-0.0029536214503278237,-0.021127657081074856,0.008777249160216674,0.0057275905176073574,-0.022921326997563895,-0.01923155594101792,0.007055664580236015,-0.010412828327485024,0.007296421312388855,-0.019325794141683422,-0.002906028226326937,0.028987264163840527,0.008901540436559361,0.007025575507877281,0.03264256239409041,0.012672730469381764,-0.01564918766397411,0.016341889614485572,-0.004836024198123921,0.0246163987450259,-0.009396459850524244,0.05127347158247916,0.011789336150224218,-0.017982244900319168,0.01445416878976338,-0.008301545925787187,0.02000245809562376,-0.00048656834460362314,0.01869488318346044,-0.06699750346130137,0.01674097650887261,-0.0028024550826024133,-0.01827204246575974,0.005122422101314417,0.007561413608935658,-0.06156335201128038,-0.008795971120007972,0.033772064392699655,-0.009882184663250478,-0.006570068741683938,0.017203012366393714,-0.011017505466258681,-0.011072015065600179,-0.004891255458868445,-0.00012526791887487038,0.02572790098224735,-0.022200343152267404,0.0368102784553532,-0.004992056542389704,-0.01184111240444273,-0.007163563439213608,0.020064010321217053,-0.02123235731163046,0.011813135721029776,0.008124310862873442,0.02031710987710331,0.01627453406276494,-0.17213818209133788,-0.02077245059581849,-0.005490351716880702,0.06058645440617118,0.10985207799614981,-0.007820630998784453,0.010452664701341513,1.644304975098078e-05,-0.009668889237603527,0.022686114994549197,-0.010884422806049123,0.009208679808689462,0.04315572796961139,-0.007987168524973866,-0.047141510013619284,0.003645835370224365,-0.004544970258141986,-0.0048782408868287865,0.0054985127697955265,0.09245931622248749,-0.0037507253564748695,-0.004936654734896333,0.003715369966801751,-0.0031073296619332346,0.015335539806234758,0.01054789171206635,-0.006267922963566206,-0.008671367678177111,0.005332434577762342,-0.00019671801070424502,0.02199561270525238,-0.006433982484211872,0.010658053556940376,0.01743908825108114,-0.0041241378055856875,-0.008682439679707315,-0.01872668495410004,0.019723981280869,0.03639307536212266,0.011199905083183297,-0.010090593223637897,0.03522480520103619,0.03661895564293259,-0.02458323761596269,0.00033096626497767373,-0.013380881249773215,0.011870416280597578,0.020315198374070458,-0.011791406197100654,0.020182428670592858,0.004954751222422319,0.027470287432419093,-0.009329878737187866,-0.019812192742842877,-0.01725079665581282,0.0073436411264444605,0.022892244852790854,-0.026173823946323393,-0.01247557477478152,-0.016085045460386506,0.018410141265030218,-0.0022026203641998974,0.03030338969091337,-0.011532332800300586,0.00125856643501116,-0.015241994029631455,-0.003461882135494166,-0.01233605427651294,-0.0480947603336618
Approach2J,T_opt,95,27.52442278781207,1001,50,0.3117533801629446,-0.007570978018404322,-0.008238322379656878,0.0004979503207336268,0.025256595037193404,-0.007186932054820285,0.011867424216167228,-0.0011743908009932136,-0.004804397204338371,-0.0009563341659275032,0.019213085350695183,-0.0041019797434879175,0.005439121291915695,0.012178213881337876,-0.007269410908366654,0.0014925513647031964,-0.010863734615180885,-0.0009412707058071481,-0.009392004399040017,-0.003415670866170231,0.0029802530894922187,-0.0029289006696018548,-0.002883616804358615,0.0004617741458489118,-0.0015827095350364941,0.004367329237307316,0.004170341652432622,-0.001046727445632084,0.00884375767932172,0.00856665796824968,0.00011924545108154584,-0.0030644344819857564,-0.0072240293774087395,-0.0044155122205110095,-0.002988779061533081,-0.001632763180553189,0.010301490343142759,-0.004897891723608999,0.004511364443167637,0.001514802004139281,0.008838568955972822,-0.006389508719270728,-0.0004548199314938113,0.006730165322519713,-0.003130882159848764,0.011772149566483096,-0.0013658326952727404,0.001219398627543636,-0.0005928556505552878,-0.003218305858112452,-0.016102897587300696,-0.0029203659900761923,0.00989118336774101,-0.012484089469784769,-0.0006101655698795838,0.012803654006363355,0.00738629293449307,-0.0025067990250898587,0.006754422633049541,0.00435570455738378,-0.0023011336638152705,-0.014758660348687237,0.012884301473182615,-0.005433038151856622,0.005360919455901326,0.006147317968392719,0.020912150341939613,-0.006784369321720759,0.0037218928417471295,-0.0008168985210683577,0.0007389722529846229,0.011017459620307245,-0.034948730665015075,0.010865026059468697,-0.0041037249644179695,0.009187381535616436,0.017693948149639094,0.013751506979044368,-0.005035624049744448,-0.0029548496320073604,-0.0046987877532222114,0.00830592474533842,-0.0022939787180576,0.0007169227020836651,0.008251275175292842,0.0027354166960905247,0.002400902954900647,-0.006054194130722987,-0.00015961360683845304,-0.010213940280630303,4.900631957214293e-05,0.011560881921563133,-0.01913395818796289,-0.000691773491219056,0.006553143428147414,-0.02133456338468814,0.009395070515111011,-0.006643840817199122,-0.0017077292467651429,0.006012957878105765,0.007886411628050169,-0.0019379100114771345,-0.011618341442776046,0.0033072311176608393,0.0031189906185785654,0.004348851061841095,0.0010713668979577262,-0.004155230790722899,-0.004826751287392792,-0.009717038453889014,0.07108587548860149,0.0030209257006825027,-0.013224896158825206,0.004053190213097337,0.007487688067041047,-0.019607716772708443,-0.014480705494435402,-0.007762279861311075,-0.002910325614054965,-0.006125850654830107,0.002673432731622464,0.008146402318179792,0.007677073064228556,0.0045109563228625535,-0.002732112647646662,-0.002445136583184776,0.010705594290987094,-0.005227902185301176,0.006023378692791308,-0.00993868085304529,-0.010219602765639622,-0.002096972995281857,0.0022994781612550187,-0.006851867572343774,0.0020467586791225664,-0.007948617959106357,0.008420678722827094,-0.007838903115445559,0.005550691370280133,-0.007031427600101243,-0.016672139607799234
Approach3J,h1,5,0.005683217286414,1001,950,0.31264655259359153,-0.002562176587953491,-0.013269812267249785,0.018998936005389273,-0.007030517214923319,-0.0006223261582341375,0.001319737121679456,0.018023180487859697,0.012359290057155418,0.011890222944241165,0.006722267797485269,0.01018684705488461,0.011810492249668889,0.012300904510261439,0.004839816865879721,0.01432017479709033,0.015386723419367528,-0.0063369307288878175,-0.0031869730326901328,0.016482321303207724,0.009818595930110138,0.01853521151397096,0.009111749000287338,-0.012219268776406321,0.0054608822659091266,0.010664829762917917,0.022806650710946966,0.009700171791477653,0.006347273219948548,0.018393711086646884,-0.015275078978198334,0.013035798568705806,0.007257407115439315,0.0016091771953232886,0.0037756186182282383,-0.007438662129989931,0.00984083434480328,0.017907125660403887,0.01705285553310395,-0.0061924781232203935,0.009075997326613674,0.0032523734558944388,0.03749559858385354,0.013602515825571095,0.005054026703779031,0.012859133327521973,-0.00602044784122799,-0.003784798493839686,0.009384517160916928,0.020680126719622615,0.014319417173919446,0.010350817883898238,0.0010461714642814582,0.02815043362042195,0.0102613532797227,0.005691904076253314,-0.002786067447018041,-2.8433792666432076e-05,-0.0044676557740620775,0.01001480609095773,0.013823216926662775,-0.005579692842818888,-0.0007071956981656597,-0.0018488526679826828,0.0028267690731123545,0.0063435319844185566,0.010874994667607895,0.0014708390343777219,0.02605294298540108,0.022855978543461792,0.004860395444622587,0.011318109426917466,0.0072945425101804484,0.005446002390303396,0.052020589949547835,0.010743787399626812,-0.02393181651779339,0.012050264776751448,0.008283712196534445,0.019891025209155058,0.007431879602313526,0.01321874953709263,0.004111278169224223,-0.010804818252711382,-0.0033840575011761173,-0.007245079895295965,0.005055108675600788,-0.019636125624157244,-0.005784324828779015,0.01427629763052832,-7.703069747560382e-05,-0.0044235697040795625,0.011739522476296678,0.007536683373678632,0.006460594221086725,0.01929093647613845,0.004468439287253467,-0.00198824715077528,0.005439876531890327,0.0030021611339234276,0.006762614325889008,-0.014327004606936752,0.026655863323479315,0.01807658748809485,0.015161124692502127,0.007452618182851173,0.0036335717507079745,0.02714274967300738,-0.0015329799259897747,0.01049653459157697,0.005285198615373899,0.0030529072084408996,0.023770231264092848,0.02428169782974933,0.007869167539898681,0.013939143997088213,0.007183846403563889,-0.0036144324423236624,0.005267815873683765,-0.0061602591694871235,-0.013276112096997403,0.011057683725213114,-0.007616658211213174,-0.0025776664398258504,0.0030689331498264675,-0.0006920462211268928,0.007800426277310165,0.02509181516246896,0.0014149498531758967,-0.0030779520233726746,0.002391414854297306,0.015177786010475335,-0.0029232424368676214,0.003344844408436432,0.012130126724856586,-0.002084236505002734,0.007576668327222983,0.0038985042072684876,0.015730389763784814,0.0017220750836889828,0.011016404158787626
Approach3J,h1,25,0.0080010300296308,1001,750,0.5317715482135219,-0.01782117308250384,-0.029309278068470508,0.05445733471569916,-0.03770618685537347,-0.017954803662640177,0.008911804129182972,0.02991094014178821,0.026362922774728598,0.028353822400537382,-0.018029583497793877,0.024739542833679313,0.0037264016877197846,0.03961786224916167,0.013875468482836311,0.013092891171533606,0.026372322244279434,-0.011888580991515182,-0.025447548031454263,0.015044540280713108,-0.0037380939299050983,0.019799298447360315,0.015811995158522624,-0.018309328426173894,0.0053011435220376504,0.010830953861846897,0.018453538742655873,-0.0024936031566086033,0.008973129833537338,0.005778519106848876,-0.03411895539919619,0.004310916878522052,-0.02284278675472795,0.0027089334975978797,-0.0168986812510884,-0.012124563745625268,-0.005624695159586794,0.014201046801981108,0.010170409128034923,0.0015792948611636892,0.01049605676029792,-0.012607387958018327,0.046677228470373755,0.01571399084347646,0.0041035590124904806,-0.0066761176592472354,-0.00838295307247755,-0.0013264863083918936,-0.004603152597090335,0.03700278041870818,0.01196930188916654,-0.008754652997733857,0.009970904144094014,0.009612970326320018,0.010059171845823129,0.0014002222859808983,0.005336080431519577,0.03180090227256735,-0.00971032178291501,0.00985663785703383,0.031031283619909148,-0.02193373181289255,-0.0032719651461611265,-0.022210559687643447,-0.005955238259291852,0.0037759560500298175,-0.002396219963410989,-0.021801592593289724,0.05105065674798967,0.011146305400061887,-0.013346393048038108,0.01358294677344219,0.06347689608617921,0.03177692358177114,0.18042402263289437,-0.012342599610839264,-0.047876385327605166,0.01904341907030368,0.005299133982798018,0.028205370354995117,-0.003312121906422643,-0.005913078112398196,-0.007799243992464526,-0.002846104366366786,-0.020570315902193357,-0.010820651310704737,6.066839664993322e-05,-0.07096855007902941,-0.06685640659450723,0.026303676843825435,-0.0022765281253170934,-0.030755492561077503,0.01665231372928755,0.013599937706356396,0.006036466977534939,0.05952562369869571,0.011397297390377988,-0.015533548225162175,-0.0015379939213632544,-0.03608715420249889,-0.014164658208018453,-0.0038282969273565077,0.020274120858952412,0.007020933322549338,0.01070943441867654,0.013342596934877023,0.002538675053417991,0.04370556632591145,-0.0045388837615582805,0.005933013668285662,-0.007169748579477768,0.004640497059879968,0.07348870779305118,0.04234320055372632,-0.0066165209046592025,0.0027982681808672097,0.015981131255751055,0.01381790170446039,0.014576712086751098,0.018648903581903062,-0.017157737092454876,0.010754075300288657,-0.04716425253218224,-0.015084040077680133,0.016852700172333937,7.141592383034037e-05,-0.010514310849568895,0.043455357129404834,-0.009414613421972468,0.001863317230409351,-0.008193721083470662,-0.009038944874964486,-0.03047635041530105,0.00376873632270866,0.019046713975587597,0.026722235930854616,0.0013917539746172297,0.02564338186430453,0.002693216674106295,0.0049389749238335605,0.03872500279666589
Approach3J,h1,75,0.0109340113145802,1001,250,0.5618946915536281,-0.024015229772329283,0.009713062560631897,0.03956250328208695,-0.030903224209638498,0.02410581122671698,0.010346574988866233,0.02083013114788218,0.013820769816941407,0.00655527463146662,-0.006246186377578948,0.006725031074517714,0.011345431877001965,0.010672994158582364,0.021524849932768476,-0.012746607834610764,0.005793239523143003,-0.001121489263671574,-0.006407273611485827,-0.02680863195883315,-0.01736907307911919,-0.01348256511194601,0.018606071501777864,-0.017962595178845672,0.007604542851295432,-0.0041227913661792005,-0.005185251980156668,-0.0063014468599839595,0.01061963182118991,-0.006295406114117753,-0.017132402578568642,0.017816219202009403,-0.003108052682986598,-0.011307150992787455,-0.007095269482820975,-0.0033288687256621922,-0.03071417231934763,0.030431442408753024,-0.014732184946219608,0.011531709800852928,0.01619313092145383,0.009299212191979364,-0.016997828754705197,0.017865412064202786,0.011010515379947924,0.009003136027258064,0.0204641601219641,0.009930081204392077,0.0019516328545798878,0.027448411624699118,-0.012735285742373707,-0.006403996541699227,0.005176429940400162,0.017576734707409492,0.014327005359809209,-2.004847435255544e-05,-0.007674034239532389,0.028224902704616965,-0.0035728094673908263,0.00740393312148591,0.03493158275025342,-0.052458548644674155,0.005613954716707982,-0.012845581967547832,-0.0060709285528597855,0.005497336492300598,-0.014424543894974277,0.02221052926882426,0.029638580820437223,0.008481786582904258,-0.014094196866332953,0.0021407717069808034,0.05153881251545263,-0.01267715609383961,0.22265974097773958,0.0108473676289444,-0.024583828573377948,0.004114470241297512,-0.005087999173276491,0.013382122589720564,-0.012183619644117273,-0.02032924494062018,-0.0021535854396121205,-0.003367692934028362,-0.0014180794393943456,-0.008495408766346975,-0.0039455448774950025,-0.04791784131761182,-0.0858140166645167,0.012491618788588127,0.020057300501109935,-0.02934780396922982,-0.005002672812933279,-0.0002304920240199619,0.007523069207889406,0.03461235038981516,0.0005577221846517627,-0.017633994530646215,-0.009474165451516133,-0.05374539991143425,0.0013437041960675748,-0.005912998114212193,0.008009140768483808,-0.004008742293642752,0.018410768038524386,0.009013705207573459,-0.0009103490606962236,0.0027040986368051393,0.01798747212459703,0.007307456996244151,-0.024429253125355623,-0.013417116952758847,0.03401851247061576,0.02103169364771587,-0.01729901823368439,0.002316685384556476,0.008303733467014513,0.01185751415611603,-0.005275681675156171,-0.0042215029529296625,-0.030477836905937843,-0.028988659109201516,-0.0567313163277352,0.014715265243748693,0.007418438836052699,-0.024019939071505847,-0.01005316311262772,0.007426791655869102,-0.006788959557441736,0.015386948187817925,-0.006231689265416906,-0.0018019461925095253,-0.01778216783946582,0.028883260686796162,0.00020529471522231536,0.01942936286923623,0.016500681104529912,0.019327874602441092,-0.01634632363052735,0.015132461707393453,0.024051378775684674
Approach3J,h1,95,0.0135416167346303,1001,50,0.32894195452513963,0.003917024803189909,0.012620053338702442,0.016603582829149456,-0.012616968097607687,0.0035178059367650186,0.00714596619815207,0.005874499009714441,-0.0023276845466485476,-0.002917229157572841,0.0018451081376992737,0.0013765312817167492,0.004256345274344881,0.003176087602524728,0.013715006561047845,0.005740457942466937,-0.0002765623522886368,0.010072789990422139,0.010936898749907813,-0.016871537691354424,-0.007982669626584393,-0.006795935728617416,-0.004133216228921795,0.008330716555289094,0.0022622005087736003,-0.0002156629018004886,-0.003054190477089949,-0.0045385069035110415,-0.002203632131324313,-0.002288908974701055,0.0028933430495981446,0.008745762142394323,-0.0031537188194412334,-9.527187794708836e-05,0.002292496295258798,-0.008200583583753147,-0.006658331094709138,0.01102383594571209,0.00038269960255752104,0.0013158603910219183,-4.540826534613356e-05,0.00010996298301241703,-0.02161857129257336,0.01826158635506299,0.00023582087470549974,0.006760205843993399,0.004907126554786323,-0.0031015944859810176,-0.003686007800393137,-0.004603623693364682,0.006978053010833898,-4.011256898255348e-05,-0.0018428532692989774,0.0025147077908762618,0.009797036137745518,-0.008834758393727207,0.0010781182855620053,0.009529242697384742,-0.005021151806155061,0.0071195680380139745,0.005808213634838043,-0.009104280900155845,-0.007728307926055444,-0.006492630263881394,-0.0064425023227243725,0.00458812335303632,-0.01295513534585025,0.0022792521499483158,0.006674885589429808,-0.00228394289951782,-0.002514387695321932,-0.006995148735653407,0.029917164119328415,-0.007213593857103853,0.07211277845444891,0.004083397105228613,-0.00524040204883368,-0.003352050184459778,-0.008028979794553012,-0.00028928440933860024,0.010737861063259371,-0.015786418949996946,-0.009292900084988258,0.002129956108486754,0.01421428583691348,0.003808487682286606,0.001991239446879345,-0.017314109710979173,-0.019273748114490764,0.004516116652586206,0.007802781144682658,-0.00361748842743392,0.0006039060811874148,-0.002418322081770497,-0.0029159926912120165,0.019084610617856757,0.004266817989332579,-0.008149960376264743,-0.0014119720131877019,-0.03445862384655153,0.0062981298129821325,0.004729451132686732,0.0039435400557617135,0.012072284438269548,-0.006517555892177458,-0.0050323259468661955,0.0015638132061577704,-0.0020801740931599717,-0.004488212480543262,-0.00925291728576265,-0.013092455113441162,-0.0028258872220995844,-0.010170775618091425,0.016306219913743786,-0.0012291567058652112,0.009719613765362463,0.008595775352013321,0.0005546475544848928,-0.002131990253011919,-0.0016248584481902153,-0.011888078866232143,-0.008087232806239781,-0.025317155546552145,-0.0031726581950091547,0.007175048707404573,-0.006363882797951702,0.006518213993684492,-0.002932780178412888,9.393048585419443e-06,0.013104339182420412,-0.008972852623733284,0.0034608869593096047,-0.0014801249617097554,0.006471323450503117,0.00019924330381134543,0.005426299829848668,-0.00195403807476016,2.5164905367515162e-05,-0.007310667270387199,0.00434796540817552,-0.0029461621404565912
Approach3J,h2,5,-0.0004701960191,1001,950,0.3567937517329176,-0.0008494277973721681,-0.00036069703837421103,0.0035727007867294817,0.02155690895756568,0.01272545652421367,-0.004462430892401596,0.003743744663026346,0.00382456267115195,0.013644350225606864,0.019896114965535235,0.0037696611319867216,0.004771199808283358,0.004347905740758327,-0.004509197088591488,0.010384608545776908,-0.00019855055160612062,-0.01096022148666695,0.006875761018191573,0.004959639297599041,0.017805660443341816,0.005307205139322932,0.018311058452722392,0.0049460372434685625,0.012323403473086463,0.006315306069225754,-0.004979464692089092,0.01268536521613113,0.0008784445045649722,-0.0031396611527218198,-0.008683269186989384,0.0009157389759567331,0.0016379508777524115,0.011124854367220098,0.005824853716249111,0.00879382537798527,0.0222878769073115,0.0005111244543803788,7.136399983068836e-05,0.01546928187632714,0.010583462725332563,0.017033935748397365,0.028192427683475227,0.009418723544063656,-0.0023428867051112777,-0.011340789524080314,0.0025924944870619835,0.014046710164766118,8.810428954412076e-05,-0.00223963942513196,0.002739387952802942,0.007597205797842204,0.01636912043502585,0.003997163527833036,0.020311952518985987,0.0039205500198129135,0.009546880618463696,0.010252347346880089,0.018261150565718153,-0.0014947412123681577,-0.006044852822828933,0.006543168898131933,0.030466729657925774,0.00535378236092543,-0.003764263623684857,0.010999726866789572,0.020859274995664492,-0.001386701323521354,0.0014342364216236771,0.011677902471540134,0.008469697493739535,0.016510498740049222,-0.0700667844626309,0.0079480966412391,-0.01694320898141204,0.005706823238979392,0.03366814540627721,0.0229237676267392,0.01079718084475858,0.012504716570941885,-7.01135022148601e-05,0.014933436568320278,0.010972994026730238,0.002469388832905914,0.0008403468847878841,0.005849828865131475,0.00013726462840797996,0.01587366342543146,0.032278731393359544,-0.0058810317189203504,0.007002978458041513,0.029656430620911382,0.011979490289827316,0.008912533050968223,0.013282862742793333,-0.005759495804596167,0.012315612768588148,0.010529545842025118,-0.0013341078194543925,0.01158950198007179,0.01123527581800396,0.001781549855941457,0.0036431870172280133,-0.0025635105419652363,0.018881477986435143,-0.010538908856838121,0.004003210830744395,0.01670722461125238,-0.00068608098728662,-0.004068553403964863,0.026922316594181664,0.0031632535430768747,0.014427791074218557,-0.011792393245971157,0.02055694392391455,0.017222219067358407,0.0018203475053238435,-0.006022645065693288,0.006197902806225025,0.019887840906487424,-0.007761535652619696,0.007827639264688576,0.02375075041243392,0.0162215242258883,0.009861717846592125,-0.0012529948264153662,0.003168082314921907,0.009469871724002233,0.007225171405489618,0.0037515857011766636,0.01462017028364454,0.013623235388320951,0.004528054417559002,0.012502499924470617,0.010990937283103604,0.00020052028464775072,0.0027078391052745114,0.014420135168389364,0.006222682666297457,0.007981428141149322,-0.008568141567924303
Approach3J,h2,25,-0.0003470359819864,1001,750,0.5510989560993627,-0.007689485599572277,-0.008267749045624977,-0.017974178663062584,0.07554430511931216,0.0013179159916474528,-0.0055201550807651295,-0.0021593266191546005,-0.02606724085989938,0.022121712740601724,0.013411922401810335,-0.0015282232822467802,0.012334629237054265,-0.0010799273722838804,-0.002840999943542262,0.013524453532232018,-0.005909357049086007,-0.005467272544956287,-0.010299967115019525,0.0071769753152021755,0.011516245041486534,-0.006611366217346225,0.004263482203316951,0.01768726476365451,-0.006556677396930537,0.008207123865831768,0.0038342470952795124,0.014030465746657408,0.001610209394911244,0.013642821621635631,0.012853503690398024,-0.0029658922093001618,0.0034657370138777496,0.01769113436997717,0.02708646760100028,0.0306968064932956,0.023205721457475164,-0.00746204125611583,0.022816839804616698,0.0028821402514895428,0.01951150038562137,0.02584546040251567,0.036475710552406865,0.00773859573155386,-0.01998997280943983,0.002766535180432142,0.005893144098981815,-0.0027666809616469536,-0.004896577167374697,-0.041717522531595844,0.007883383554798229,-0.005601138525874148,-0.008696195545853116,-0.01703345905652439,-0.006634995766526142,0.010971312769600144,0.00463277231988507,-0.0038344237100309472,0.023623979702410626,-0.007007651818327403,-0.001877051518581748,-0.0042772723239785145,0.031672194767181604,0.008737960921760615,-0.018676207012742127,0.005303761663057535,0.02076253902930801,-0.017644561761045775,-0.01178438343093307,-0.009914588339342986,0.027375681923912012,0.01264622789888434,-0.13851504022695846,0.006962304640469765,-0.0470353282059527,0.02876097362051442,0.15009784561370879,0.023686701930416696,-0.0012285654330690043,-0.01734561660172854,0.0017221644355101956,0.01751018226071151,0.00044280564607993705,0.017727130514175005,-0.0061049210092693155,0.005376315509565088,-0.007191724553640675,0.01643984878465142,0.08619146043936002,-0.03095338172082735,-0.02046523640366884,0.06582714163059544,0.020055051279277328,-0.004268123354565697,0.02335026606259344,-0.06366683275789481,0.028923429278287865,0.03183100953792068,0.014220701172352877,0.02988634266220632,0.010158417597306239,-0.012601797814793286,-0.016954544071436563,0.014586451276010349,0.026278221191538415,-0.01575089437298776,0.010039680458652656,0.007136423110090334,-0.0020961024341419774,0.027791255072729053,0.062362012030444086,0.015643294667139703,0.020759528509398262,0.006293319113993754,0.023462223655710476,-0.004802874894598564,-0.03069691721916105,-0.007541186671209257,0.007031811613096271,0.010306369365488753,0.0057489461088490595,0.003907021756836717,0.019449126068237087,0.03100600927411962,0.0014634189100589078,-0.011822093651368423,0.010055298640137635,-0.013798064881605066,0.03527284314114816,0.019619212596109124,0.03398090257954763,0.02161608097517039,0.006113224459847608,-0.0018357077174817223,0.007086636489621425,-0.002160599681854506,-0.018943744023234583,-3.858651216936265e-05,-0.00976539548719289,-0.021357476264945933,-0.05684799897699974
Approach3J,h2,75,-0.0002357123622593,1001,250,0.5910546899395317,0.008831111840367684,0.00830690946176757,-0.023388109228521102,0.07192006244148158,-0.007023024534876861,0.01822111270658107,-0.00028095697603651784,-0.01784861449795112,-0.005856768054729457,0.03416879247777306,0.005918223628092835,9.3804439091974e-05,0.0027414551474638825,0.0023894280301607895,-0.013641707157084773,-0.015869267291426306,0.025440324933904378,0.004172724480213164,-0.02321687876889847,0.007683848712735655,0.011973667888621442,-0.01008472762255843,0.011150608529040113,-0.0005513193475126781,-0.01265891411855349,0.004729504279991616,0.02921956574805968,0.0034556162884129826,0.0219137425926772,0.042680991290403515,-0.015605736076367366,0.017858537334807766,-0.0040499265391722855,0.013540302935575493,0.007337886464030895,0.039786557920200666,-0.0021822349759217426,-0.0038056587249820596,-0.006147987241392018,-0.02047345976559382,0.014656477362900586,-0.01786577534942794,-0.024467937328979367,-0.012596335620656724,0.0009598738684349455,0.004487295092023651,0.004420395357849197,-0.0023972272656019936,-0.03935991018483387,-0.01216727973698897,-0.002671171971519469,0.00912106547379218,-0.004291940750742882,-0.0012643057198919085,0.013846628411721297,0.017652662252040027,-0.012936079933362387,-0.00478487050272932,-0.01019608773328039,-0.004470562793376827,-0.019111525770211128,0.02270421792909142,0.00743480393761708,-0.0004496707318647989,-0.013487733094944538,0.018759577496306582,-0.02448094035451492,-0.008795420639529612,-0.01737032888342714,0.02025028545121844,0.008423021243488035,-0.09784112680579221,-0.0022816178024670144,-0.07383486985057996,0.018154419455681373,0.2047786438821121,-0.0052859433949483565,0.00391629752910147,-0.0028681943043445852,-0.0012993677317491154,0.003878975856792701,-0.013821050831107132,0.011035187110098349,0.003845706796152088,0.007189672762220108,-0.0029843530037771872,0.029173220855383847,0.07091372287545986,-0.003925846775344185,0.013650381479090245,0.0469916732457652,-0.003290182966645898,0.00821637317998597,0.018445196270231553,-0.07420908571675003,0.0013299034815397633,0.01188786303979537,0.017291693074860087,0.05755220020868454,0.012270629910451282,0.009482898042030067,-0.02074489530997221,0.0030259541015102732,-0.004705023560728026,-0.004481275315557328,0.011286729512170711,-0.009696435623288474,0.008283853180688359,0.014653616584680944,0.015310446949855696,0.013875656620995738,-0.04102237116498282,0.014426497537049502,0.018745501898268367,-0.015762766505541467,-0.01514031852067857,-0.007387091914699723,0.005170132794146956,0.0034734327024175896,0.018904275736477558,0.006718212661193395,0.01648135652093243,0.011510526106951875,-0.006878582712651137,-0.015220913939151877,0.0035919749185265686,-0.047348065307567036,0.014132294005845415,0.004836104117831454,-0.013880573489739957,-0.00990777858240111,0.028275323269133495,-0.011504357181436792,0.015091004280623337,-0.011306472438078818,0.0056832599812415875,-0.02365787161414082,-0.01082495367985325,-0.01475831355271991,-0.06530746040188212
Approach3J,h2,95,-0.0001230589625912,1001,50,0.38720582320327923,-0.01300514191499498,0.004873325001010346,-0.00790408404374118,0.01819673213546628,0.00896579209449622,0.0031358495407168563,-0.0046559543169780145,-0.008556798017297466,-0.007342685636147113,0.004098778635153988,-0.0004202433350865009,-0.009907786290076447,-0.009041060511063032,-0.007684100964166939,-0.009133078950795397,-0.011641798745903117,-0.002731034474183492,-0.0014888150204188221,0.0019188966230542538,0.004923666403899664,-0.015686703695404806,-0.0020293309807504953,0.0037213170012392986,0.008322018625964892,-0.0023464915281479638,3.6323061158472815e-05,0.00044281001204713594,-0.0022378126529833077,-0.004014822178800905,0.017961326811447444,0.0033108669272270165,0.00027470714771957866,-0.00800675828208703,-0.00517064490454339,-0.0017936756653392678,0.002548267971797932,-0.0014421665064096954,-0.00676431896070972,0.006765141339421708,0.0027303936802193984,0.006367373456289229,-0.008134821637652973,-0.0001692836244942906,-0.0008174611974514192,0.0032437456519337146,0.008358128504565005,0.004870377732610261,-0.002480270632827507,-0.017845078142821772,-0.009950824049932794,0.004253234862944219,0.011089749849620207,0.010554945960606469,-0.0037941908809021735,0.004343770624881067,0.0025856248924452712,-0.0003881689175510017,0.005400419529499233,-0.0037386232092032016,0.007410447575674151,-0.005976875742815597,-0.0058381003806534625,0.011169584729397755,0.0012375234278095342,0.00022104415418212897,-0.005625162110697925,-0.013140784555895117,-0.0038029896718759825,-0.004320953315734205,0.006124557528997402,-0.008309044209757314,-0.018264148520598197,-0.006304680699366089,-0.01158630186026381,-0.002763654722106992,0.10300963752924054,-0.008719704747100104,-0.0020334375281777367,0.01065717957657956,-0.01111827548214818,0.0023722282443169465,-0.000284332808889929,0.0076569834023125696,0.00032992121014994557,0.00797563846842423,-0.01046166707386758,0.00950009565907842,0.004886707785949724,0.0015663252679529228,0.009260983476262722,0.013272015998208576,-0.009077760894184606,0.010225965395311544,-0.00260934927767114,-0.01662791329795285,-0.009490549699256862,0.006638424052584544,-6.549610611234023e-05,0.004875436234117661,0.006669391155790424,0.0024899473839998,-0.013174852106784641,0.011283736773424188,0.0030362146624912296,0.00588232371844592,0.006024456659697692,0.007818143640282296,0.00955521806630067,0.003514075221160812,0.000612461628425658,0.00863558122229756,-0.01286046974234813,-0.005856426065426569,0.011409317441118932,-0.015028652130774874,-0.004282679715918149,0.0019195382348582471,-0.0028264670064347746,0.0046856139793027,-0.0017732841227639513,0.005644141160723216,0.010652255522113107,0.0030060175857673744,-0.0030187234722644863,-0.005794609211467301,0.009616683458568703,-0.01829380839910996,-0.00012714943680776402,0.006018520434298043,0.004222975772439741,0.001131981967490077,0.014640461892346229,-0.0017705460138857342,-0.0013183725222655329,-0.0009685104144268042,0.0013240922264936483,-0.005921987827743478,-0.008075446859848848,0.0021069405129110486,-0.005068768622337052
Approach3J,T_opt,5,10.60124220609957,1001,950,0.27434464541954184,0.015534948727078307,-0.010706537546830819,0.018060554542767688,0.01292253744906737,-0.0009578257874422917,0.017790034728864295,0.0046379453632290684,-0.002535640597779335,0.01058548724058053,0.00932319425232078,0.016925064597727114,0.000982870209034356,0.01711384793660038,0.012429827723443726,0.006498829374499615,-0.002619238661884328,-0.001006120221166305,0.0007082376418545619,0.008856313871428736,0.010713044540931459,-0.001800720606930037,0.025616715350165964,-0.005443333325467313,0.011481849092906973,-0.004953169261195442,0.0017441923780735589,0.009662481238409177,0.0029071429321713875,0.021698050318513712,-0.006528805948674988,0.011398913350018657,0.007535318677187529,0.013721366507434028,0.005023559165796292,0.0049199272441765194,0.016603469329994396,0.017005095699161237,0.004505556053208253,-0.003513170937200818,0.005616095503595059,0.013488734232611037,0.012154822203822403,0.0069039344627509405,0.005631810141529078,0.0058442161934745065,0.001973584362656134,-0.005314435309854029,-0.0075198296905494184,0.0036493308512983978,0.011779234943000719,0.01386397778783547,0.014019245180621764,0.019274723226758318,0.011436295212883231,0.00710128169514658,0.007204797932791029,0.012333865686810667,0.0007158779781459394,0.012225609542298232,0.010222915981487354,-0.024081523867309426,0.010312538498698324,0.0007440603462848866,0.00852432538882141,0.0017066797216315314,0.00723609995409605,-0.0003107972019025162,0.023931985763152332,0.017355219233954885,0.014170008204213007,0.0033928199653787405,-0.03415016399169228,0.016648206759694414,0.044031073903804924,0.01080364965400362,0.018341448451383587,0.02399969187089895,0.002698251243388663,0.01802024705104925,-0.0008199726502667896,-0.0060177719231591445,0.004492869439172171,-0.006058785919301035,-0.00921433370275362,-0.010251394130603348,0.0012087464229205182,-0.021637768493533938,0.008865112075020836,0.018567518725831622,0.00712254740093658,0.012944780667351451,0.009788288884814613,0.0089958853255277,0.011124985219535876,0.01473788971707242,0.01374296161278531,-0.0003647079916363708,0.008999803601291347,0.015451420350174057,0.0004304321892332078,-0.00490203084102585,0.010031315874300778,0.010034496012197629,0.024425993399620358,0.01167426677246407,0.010820245394107508,0.02945198418138597,0.005480407384991365,0.013327768540768148,0.013226435816380045,0.005705875476251999,0.019251048843439016,0.016293826854536654,0.00848839424445708,-0.006602008316139796,-0.008783390157971156,0.0019642527912608326,0.013576149203921894,0.0004258007791965758,0.00458069559380492,-0.0009617010508027202,-0.013959374849622954,0.008178867782450444,0.00771244581817491,-0.005703443171511089,0.005289674482187177,0.010820305320927606,0.020300440094310736,-0.0012114325178011589,0.020954077207567083,0.00663744927928845,-0.005716129703660128,0.008108399918781102,0.017049321214398692,-0.0028438456595553246,0.005208994183099657,0.001362958839563594,0.0016063615362366798,-0.005301094937406076,0.0009770639344449184
Approach3J,T_opt,25,13.98855994450684,1001,750,0.49865873489151036,-0.026931687384042544,-0.017651410428722973,0.02570862185701618,0.06126193262076521,0.004091909014973019,0.015734381238800305,0.012470934787566985,-0.03135244115593801,0.019212824193435094,0.005327511388564028,0.02033950144737693,-0.015751201740794078,0.026425810581600553,0.016929568865413108,0.0010873789666169496,-0.002409402718934993,-0.0004677480492742553,-0.013339653639690639,-0.030044065907939038,0.009288875229663082,0.006676181423356962,0.017862094958061125,-0.017340702498266906,0.004990738756879533,-0.014453921023058107,0.02037151251461344,0.0030695582630721526,0.0020575889648400437,0.00604090747542374,-0.03002494042996568,-0.00907725592699601,0.00816621400600424,0.006036171299922401,0.02752342992986522,0.0022279717194886514,0.03889249970345858,0.01410088862615655,-0.003580173569231129,0.01777300936773793,0.004625841061839675,0.03061632940632107,0.014033670502069133,0.017544021928438423,-0.02393847515026076,-0.007033407946975816,-0.005857816459957161,-0.0017206275688161805,-0.006367102046285546,-0.02146835973098937,0.0016370340260257864,0.023168203302799534,0.007152694853874387,0.023693665964983734,0.010918791907030967,-0.005534064657398242,0.006732871598795837,0.02233251962807182,0.03666664326849095,0.005733781787474005,0.0170670119925517,-0.03659153531217865,0.0366974934388366,0.005764280508863101,-0.017313079299522798,0.004778933332177493,0.0047482128495385245,-0.029331911492570306,0.023442165880278955,0.010582967583834025,0.006034272283450545,0.009753667558795615,-0.12028916201678037,0.0015507180733767625,0.13479489141221246,0.02117873006483381,0.131387119745402,0.01830576553256113,0.004796318679915252,0.01870506992665844,-0.0014967623829372275,-0.0036380851150352254,-0.0031142946953236546,-0.011394793653396317,-0.023694948484202373,-0.01256852837863207,-0.014230934299434346,-0.04331860871937793,0.037724865812878955,-0.0016343989787120494,-0.008332323041871318,0.04648407544687853,0.011485683274769879,0.004395776668381934,0.025187859842983343,-0.010158266220314377,0.044637950687775686,-0.00159871358401701,-0.0035451200130137382,-0.017187035082687298,0.009008949329796987,-0.005266218232223778,-0.0010331648113454557,0.01319994144210764,0.006485133312062125,-0.010902950272602074,-7.366021723060646e-05,0.04144703182428555,0.00634760753602041,0.007008519939408377,0.05660675988959417,0.0018923825171726673,0.04920640947178946,0.04109216514464035,0.015885977975412392,0.008605673356616834,-0.016638495472562326,-0.02111721798377511,0.0009188248505817387,-0.01154505924550552,-0.028750916991171657,-0.006349555700425131,-0.022523228896761463,-0.0038770782657846295,0.013161911922255503,-0.028114570766426934,0.020916448899222662,-0.013899428522607709,0.04105175008509037,0.022792355651528696,0.0032850388885706933,0.016232796589565862,-0.022928843081625384,0.014900086018368631,0.01459838889695267,0.008353163742024668,-0.0006126919256771168,0.007940159080542075,-0.018135053164712766,0.013083608228850168,-0.05483527835693956
Approach3J,T_opt,75,19.327450133753832,1001,250,0.58668679717644,-0.04559221995850293,-0.008518374617845964,-0.006703654413747911,0.029851049210279604,-0.007592046570633396,-0.006718775681216694,0.01742512017370903,-0.005783260907732284,0.0132368615553467,0.016034350849410177,0.0035322242485233447,-0.002668157257807148,0.02441969441087908,0.0033817688887639776,-0.012976597455933834,-0.011931709444071546,-0.004363406011466004,-0.013739888608434373,-0.013197533987355535,0.005599339227842079,0.004208931089961067,-0.004509222494804484,-0.012982970825451613,-0.00749148154735594,0.007318835204550386,0.0018149200707871169,0.013579600520635391,-0.007277265624061673,0.009189936942399708,0.021252655714264074,-0.020824918183791608,0.005673103852201071,0.004658532593235856,0.008684057557177383,-0.013950297592624547,0.021125376447874853,-0.0015315067635261748,0.0123308824437946,0.0037661380465375187,-0.004819088596344743,0.010985981955737734,0.003518021943556008,-0.005986863122619913,-0.015057353765399717,0.0020397311584762386,0.0046426593461148385,0.0023146411736921675,0.01360351339215627,-0.02484232339465055,-0.044683827384110995,-0.014484954406603055,0.010276276921543257,0.014789085252644475,-0.007321183945874983,0.005979371838122635,0.0023907925561309426,0.002036285954349685,0.004905037959101398,0.005616636673522499,0.014513080155391945,-0.06359679298414002,0.025126690029114582,0.0015510939164936413,-0.018683601753788144,0.0037819810852689553,-0.006243226196454921,-0.022360980449173076,0.021363537261846893,-0.01727145683512913,0.01224921355735364,-0.004068589328027216,-0.07469262707403435,-0.022278599527941256,0.09842606546223472,0.018767567135163893,0.24059611304019812,0.0017871427206503305,0.009397107810277236,0.01630658619225113,-0.011616207769733686,-0.000721355477391078,-0.00029536381610885225,-0.010606877659701211,0.005132668792336135,0.02482973540545565,-0.0035572843784561978,-0.0028480144229456987,-0.0011506996368706932,-0.012370646297658223,0.00874483337287918,0.04934766898969355,0.0130595709996641,0.005560980269914983,0.01850122508988072,-0.0481843534493315,-0.010128403745432672,0.014850733617849561,0.0182203492924383,0.010180515108740424,0.012858561382991046,-0.012497873970303514,0.008342787331828305,0.0009702444667776897,0.013850304492053864,-0.004569011395652552,0.008215584010128032,0.018328832348408562,-0.011744923264870567,0.02514411015129231,-0.010443533307972678,0.02053014628329032,0.01732747715530017,0.007189625681653889,0.0031339715299045154,-0.01827565566855332,-0.014083470412043723,-0.016878711234184357,-0.01576987811331553,0.008540193412430914,-0.01091237598046061,0.00847024033386111,-0.014289797440761073,0.014926368891733453,-0.0008589526291880329,-0.048784365344844934,0.014484660070842715,-0.02803877062211349,0.0032869838917311076,0.007431981786993851,0.009591951620309562,-0.002314671712032871,0.019317152789979197,-0.008598363488110087,0.0073156770184364395,0.022092536619964326,0.005890573062846561,-0.002297136624355803,0.00894728162280748,-0.011381534473319074,-0.054039709221893856
Approach3J,T_opt,95,29.59744860657101,1001,50,0.36200634704477674,-0.01260996525175925,0.002803107332414425,-0.0010168695616190847,0.006735154698016705,-0.004183991961078099,0.0033781773752601706,-0.0010295787628389393,-0.0033078183154172645,-0.00039983159691760715,0.005610345727142089,-0.004419056875277341,-0.014675249404752587,-0.01410960127992748,-0.004215994560894962,-0.007122371734519517,-0.008942842179870649,-0.007991167567962257,-0.0012499599656810127,0.0013053488288184076,0.0038935936972986874,-0.01441830143273646,0.0025432047529375633,0.001616722947335154,0.005242700794970219,0.0005822731907588179,-0.00011042490406825041,0.0063078273449758025,-0.0036341331395638686,-0.0026172489057170113,0.013103505955471533,8.869381927682773e-05,-0.004477763663826556,-0.012749973631856256,-0.005948968324120341,-0.0021424009812103535,0.0036366955046656857,-0.004405020996522919,-0.004437684168083334,0.0010697802508324548,-0.006623027124177455,0.0039397409532108425,-0.0016117364800801066,-0.0035594991817377245,0.0031616752666162803,0.00285255392619843,0.007653629915644614,0.01334636222518145,-0.0026927992758848038,-0.010268907580953463,-0.0007479358865464143,0.005663448980820135,0.008359167223453071,0.00877609737311166,-0.012434481125706824,0.00917949241637755,0.008129167414978527,0.0019933781701931656,-6.608179817480788e-05,-1.3937258272124498e-05,0.0073487019709420846,-0.009636691920729468,-0.0024704389241702145,0.00846571514839672,0.009713944120441196,-7.434880749990734e-05,-0.0043521797368458095,-0.012389259039039768,0.003383370707807692,-2.2457635376320166e-05,0.009343267742482623,-0.011807690374846837,-0.013751926714730217,-0.006142052613262412,0.0017749862162322137,-6.086594679867007e-05,0.09947159787146104,-0.0005439602757164237,0.00518137536554461,0.0024944875126926185,-0.0064839936544685796,-0.002754357841365302,-0.006112306624782232,-0.00351238186281449,0.0004591497736653981,0.005562203876195568,-0.010512352119292929,0.008462684668351103,0.007064026786591081,0.003110628597308877,0.009074729685740414,0.01571766530106536,-0.0048429738907967475,0.006589705243354674,-0.007187810210812344,-0.017746865183139747,-0.00626070558474892,-0.0007939081590759432,-0.006903302295742751,0.005442223468054386,0.0024904251522823787,-0.007230066177234373,-0.003019057101476281,0.010722724475760743,0.003048990198144819,0.006731305456557812,0.0008086643939002962,0.014955547768723577,0.0059817950116378155,-0.00036649402240281894,-0.00938927173671264,0.009144946363486561,-0.011309314977543273,0.0004817595584079965,0.009961271468870627,-0.006832164071031664,-0.006768676134258474,-0.0007854913827077179,-0.0024471034953622867,0.010669298963347626,-0.0011832792403749207,0.005886447993492708,0.0024541181953501483,0.00036369305369339175,0.0020798058782314525,-0.009142426189135935,0.0031810894791835503,-0.015445947108268354,0.006340248795976656,0.0052904245485799455,0.008267057354453981,0.004877398443917673,0.011962405010524717,0.002123391178732381,0.0006025501758097108,-0.001850772533424157,0.005004215259181528,-0.0076421051925115975,-0.005796465143023335,-0.002252828729254678,-0.01062993850909525
Approach1P,h1,5,0.0031455670513478,1001,950,0.3195591405227891,0.025129557965655275,0.010902827009277187,0.026802630330228873,-0.022478561150715445,0.009891978168588562,-0.007199826032394196,0.010082412427810562,0.01907655485117427,0.020136173567194382,-0.003865661931982323,0.006891116092404192,0.004489773662606075,0.003905086043572918,0.004503692631715038,0.0201483534685372,0.009357919924739973,0.004017877736914727,0.0076859895638587295,0.013491523758009459,0.03089072121183113,0.011672843663494668,0.01956303995113959,0.011334522149412073,0.012493125936845779,0.011288617756154818,-4.8429189135393985e-05,0.0070145617220361434,0.004495087219453468,-0.00016730669434371695,-0.015592572087051566,-0.0010531208878343966,0.005472276277023468,0.005444254639984573,0.005732451700112205,0.009470341487142691,0.011105803578237719,0.012032793341285533,0.003926960666524673,0.00874708915087689,0.013600696707926187,-0.0047205086039646925,-0.005432707918788748,0.015646041865997856,0.007527400480752115,-0.010867877394927223,-0.0023353155454226074,0.0033623546617234604,0.017797591456915052,0.014778038685680976,-0.0065278514196718,0.010659826725323755,0.011233791633156754,0.014081708972343756,0.0049603947237299275,-0.005708187266188675,0.018147450874752502,0.006497686181141117,-0.00611536809387315,-0.0021162505927102056,0.007855324974937862,-0.010977873843096436,0.00142321254586485,0.01666691897865969,0.010664311262782902,0.01894069820840088,0.0013962155481026632,0.0022728068642408027,0.007300585980933014,0.0153484552354748,0.0077445550839943264,-0.00263965125677308,0.02454143307322126,-0.0005725901999582431,0.0546620812024646,0.0015993794641747695,-0.005329071023070717,0.007866104482450427,0.0017771496728467822,0.0100707620709344,0.007659226238418571,0.009120441662799454,-0.003226103856266344,0.01871027985496027,0.014451935651806202,-0.007841422120707492,0.001598727478666519,-0.018540712841202286,-0.010968061115728458,0.011970020385687601,0.004284337936686821,-0.009790831549335795,0.012710776556369482,0.006349655418990463,0.003932855970972499,0.019701845870844552,0.0030012670400823916,-0.007751577194054768,0.011221601971788427,0.015132879914438076,-0.0034698180309965902,0.011127092020550546,0.016077902814034307,0.010794444915898387,0.007922032302343096,0.0022909316834124486,0.009928054101029878,0.028528740641091555,-0.0020065354784742674,0.0011629092066833338,-0.009517142584336669,0.016342832463281456,0.014932380876803975,0.008989128550484548,-0.0015883638141876012,-0.00020572089647893053,0.010305732820350829,0.016673137309952617,0.005195117093995446,0.003459106190747235,-0.005825556033593861,0.025955713466183666,-0.00599116018169566,-0.004039799621001303,0.010341193626490483,-0.016496831109561627,-0.007190633305280799,0.01745275420608989,-0.010494539929596066,0.003220220717114241,0.013323406137144365,0.018128281107368555,-0.0011896955929548451,0.014865326955004018,0.01274002268070351,0.0005237118009146276,-0.0004959405723441238,0.014289746975121668,0.023244549051182874,-0.0003920143770519153,0.029929604742001254
Approach1P,h1,25,0.0051360886249573,1001,750,0.5905806610012169,0.05884237686325855,0.0019843485780448285,0.062074679457371856,-0.05698935645512277,0.0003903033199982079,-0.012105084641042284,0.010156611145983005,0.026469510899768147,0.01891640957977858,0.006732956359442328,0.03569418647782937,0.011005981082309038,0.04442454047681199,0.008280781234451223,-0.002040577024316894,0.012525888781287985,0.013755244019066202,-0.0038710485564584377,-0.00011045639665426335,0.03479250278345798,0.01067352221778929,0.04757770625657856,-0.02944632748833998,0.029018381744244273,0.03621482125255032,0.030445835161494607,-0.0019459871720540639,0.0035290761221518146,-0.017865445467207933,-0.017687240561499343,0.002158808526064312,-0.010697886518173688,-0.007912673585294652,-0.006191731113526598,-0.014034060284355242,-0.0023262459753729224,0.009723634587831003,-0.003163782513256679,0.008074172059705764,0.026901982459880038,0.01106138633537795,-0.029612808791534405,0.018210369038159258,-0.007858929909485474,-0.024918747445250057,0.002949188362905598,0.017309234586921702,0.008701425097182686,0.03069164067649245,-0.02812084359469882,-0.005168163768195132,-0.0006815442545521078,0.03553510546331705,0.006111803465050202,0.011165065853765282,0.020470918841734263,0.01589875343721947,0.01368709687200475,-0.01475529477743468,0.02068253757022332,-0.04677173162981456,-0.006234909943100494,0.023502825646292688,-0.0014638151218387407,0.03057967816741545,-0.0019109452088712751,-0.019912368194618328,0.019701256373776357,0.010328173030191602,-0.01311702738574219,-0.018472167074132767,0.05857961706512067,0.01366502875288518,0.16908676594437497,0.03126576878545246,-0.029851896537934137,0.014885148567103516,-0.026197601724441855,0.009623542385785933,-0.00047915869454561843,-0.0039297046918650436,0.02066444652496829,-0.004501333180148531,-0.008214219634187296,-0.003658638481334891,-0.008050039660616888,-0.07318317548818942,-0.09804691833570564,0.01832099720327717,0.005690519996428313,-0.026549780542830727,0.015538919962913181,0.015108307024042346,0.017232991803009978,0.044378500327155165,-0.011757508651971418,-0.02590063355008698,0.010544147374554171,0.005569420873339781,0.0038144549686414952,-0.0024417317194011245,0.0275572852052835,0.016578992392442652,0.014355840393274573,0.027483418888737093,-0.0013151099698977126,0.06800977803123183,0.007425488823436709,-0.01088035968833706,-0.048621158516967196,0.020900705039699846,0.0450200376907937,0.044521046310701654,-0.020538885630007546,-0.012700955394712068,0.0113128370528091,0.01991688074049685,-0.012402598846146855,0.006953558447885036,-0.010346967014606195,0.017035147086543297,-0.06300794867743377,-0.014463972397153566,0.0074827094637208305,-0.03154454005887707,-0.028566624015454012,0.030323868761014075,-0.02986139502319287,-0.014981534324314484,-0.016821412228501136,-0.003402159528650736,-0.02381977673206058,0.01418011400371586,0.02505266171110122,0.0164524671662679,0.012278075250192397,0.01484244417465563,0.01770800067958332,0.007585308099699494,0.03770525509002795
Approach1P,h1,75,0.0080731428748819,1001,250,0.5881695034979286,0.04013487969434965,0.014801583133212962,0.061577979843142436,-0.03576319474810648,0.019738831237405018,0.016477538729714896,0.02075723802919823,0.0014010958750796457,0.007251330855153761,-0.005670433780963435,0.014430877753831227,0.0022818147021101583,-0.005216628901753558,0.01864349362781091,-0.003542036983905667,0.02708771959137083,0.016359209564636906,-0.005750542290759532,-0.01925966005364966,0.02041588114888892,-0.009641134549550462,0.039294580062240195,-0.007016890833864118,0.021545022476637057,-0.013613549401081053,-0.01050171219810559,0.008914809703265698,-0.014608856674625803,0.013329738169024871,0.03492035939064975,0.017496103383146257,-0.009469105672683675,-0.002843098198352007,0.006322047566768513,-0.02196693852915919,-0.010653189938583395,0.009727663011406188,0.013524462795335649,0.003266180267839168,0.018166111609059156,0.004698046645851599,-0.07392864530833676,0.010453552512044682,-0.015242518167140883,-0.011690766923885047,0.011510757186970635,-0.0007996481778437346,0.019786418099468798,0.03550866080720602,-0.024492356814342798,0.007504008228078368,-0.007336166582715733,0.012278912225596121,0.00759311592158653,-0.011484036887620508,-0.0057123501745804176,0.017944617171130956,0.0026519753154826964,0.004445009650626677,0.032775183082340203,-0.06483665467798697,-0.01633299405740156,0.001791256978044128,0.00801487236209315,0.0019639380138772554,-0.004019055379827458,0.007069679712526245,0.025663869772201083,0.0011112736534475854,-0.0005061613551153102,-0.018316275070004044,0.08658817489751752,-0.0080946399852804,0.20926661920137118,-0.006218728823566964,-0.00817005203013422,0.0016652056943070072,-0.017363275868279113,-0.005381582015773954,-0.008098390177737258,-0.006901556058068879,0.009055287519864367,8.717545984032737e-05,0.007944256767090346,-0.023555093916370173,-0.02729270809184968,-0.05378231556584966,-0.0716371810650033,0.02978305975214665,0.0006769774701647288,-0.03239659567678618,0.006859968130262205,0.011053168094920886,0.018291115700393754,0.03788729722142784,-0.026125698071467564,-0.02090201960609581,-0.007718574836251418,-0.030224372177081987,-0.007819569171640884,-0.019248141666827437,0.013764543080729722,0.015402619739943313,0.019385686576660545,0.02297796195650057,0.0011893254675759309,0.02517845921043265,0.03033641550999223,-0.003808714694119454,-0.04312696567577006,-0.003666068856437568,-0.007678761487518341,0.023726998785878514,-0.028480923106957483,0.011856387306041234,0.01217339554454534,0.01949857048206693,-0.012163944581284045,-0.026342073472698263,-0.004624555674943569,-0.015330759882378357,-0.0629968234369224,-0.010535923153697481,0.01581278495845749,-0.04566024792396211,-0.007196711778118481,-0.01028542708732132,0.009660159309110794,0.007456160491835849,-0.018140294782682115,-0.005492275028242295,-0.00275551024429689,0.011980076401896274,0.0010560405192195643,0.010401365642032687,0.008543526178717826,0.0026506259778633036,-0.01789006724187285,0.006530582479311405,0.01313711991150595
Approach1P,h1,95,0.0105750398744648,1001,50,0.3379414851464253,0.016893729311365808,0.019094992342013686,0.016974191689673363,-0.012278187570218507,0.0012169760282049712,0.01158405412142971,-0.00033860097410875426,0.0030391723389495296,-0.008546086146177554,-0.00467898358259574,-0.0027119596040963223,0.00575455445682229,-0.0013388688585473678,-0.0007506472785528615,-0.0063762032905554265,0.0009575996291360973,0.008441192833303138,0.005939052386928826,-0.007856739193233049,-0.004010014177737782,-0.0015753125876983589,0.00579259633077611,0.003746167866270591,0.006782779419534299,0.004090306685977586,0.004190672214097729,0.0008343066852955019,0.00045947535557796116,-0.0034823265314312844,0.004437008773107258,0.00527964583223028,-0.013020659849144975,-0.0024530759720672157,0.00340071371064336,-0.003550641945506229,-0.0016127954292407952,0.018881623219418296,0.0069422823600620515,-0.00475122208253551,0.008433022249420188,-0.0011920307626604606,-0.02523122063218551,0.016882774369384703,0.0007489399128540832,0.0028096257065124254,-0.0009618200865378797,-2.036968840957859e-05,-0.00041338300889207525,0.0013179663918661943,-0.004057070292554471,6.630558803987744e-05,0.00350636624669099,0.005714471173265995,0.0003669970276347417,-0.010096397245828146,0.004148195301603133,0.00030477955764546434,-0.0001383237859568971,0.011385520067674243,0.003976946269685502,-0.005763506587089879,-0.012160114303708225,-0.0014466093239801255,-0.005026757863791531,0.005481862503109554,-0.006589125601139258,-0.003839684304854228,0.008525465829019804,0.0017724977266170149,0.007562277636290285,-0.0067322484025821,0.033380814176204414,-0.004840926416061501,0.07393863577151008,0.006666484997617579,-0.001951304450747515,-0.007557985421654949,-0.004866581543194473,0.0037984806534129036,0.0035320153586069743,-0.0074998351223947496,-0.006142539520864204,-0.004335895018376158,0.002544450319787659,0.0010967110708126528,-0.004397028551965502,-0.016020620321420917,-0.01626529527940148,0.007446095542840824,-0.0017289811246895903,-0.007879595501200076,-0.0028200390654617097,-0.002530586566639145,-0.004186517032229416,0.010501064146966757,-0.0013724104503063323,-6.226035631767216e-05,0.0009625321270027359,-0.025645140611069657,0.008283141853076895,0.004241075703714998,0.0001493219512596713,0.009965773420080218,-0.008611951218509818,-0.0022379782354942017,-0.008741198401751728,-0.0071316999211820595,-0.0008361616836649738,-0.007776631373809996,-0.009775480483557645,-0.004215257047034671,-0.01839284267675523,0.02399779926707445,-0.009346827494885981,0.008259798539579574,0.009214293924409176,-0.005886429391261931,-0.006676793418103828,0.002933452226289632,-0.01058821788169861,-0.005188053812790706,-0.03616036777636583,-0.006805482068533188,0.0031173629730971006,8.928797501825923e-06,0.010669912913814427,0.001116527442678177,-0.0014915701819138761,0.010603967920146656,0.0003124433059511346,0.0012115175938238448,-0.004296341661265938,0.0023416308755889437,0.009732494430574928,0.004533689348166106,0.006038278865191777,-0.012005090128276297,-0.009292063527990469,0.0013366973946176185,0.007172906007169463
Approach1P,h2,5,-0.000352372410919,1001,950,0.35487298696131664,-0.000500769918891239,-0.0035510623718729224,0.00044050523909409424,0.024798467753935988,0.013460609282986681,-0.011378110707379718,4.367365552625582e-05,0.001516590094148661,0.017491896654476397,0.013418602392611594,0.014432051889975874,0.005924768746012993,0.0032469530143864125,-0.0016589510540274376,0.012568819958039427,0.0036567058453874706,-0.006647245853933746,0.005896228041344382,0.008943753185921392,0.016566176827068117,0.0074576498288992515,0.012009908503862202,0.006910829183235859,0.012669723551262523,0.014860801072033511,0.0017477217825946703,0.013297184536307797,0.004448791880093388,-0.0007770099194810663,-0.013081678831728762,0.0015238829978237774,0.0056628362012346965,0.010973288733392098,0.013121394984744777,0.01816094199742857,0.01995690184503368,6.659287528450707e-06,-0.0019614310493424603,0.019297982114139335,0.011291391626355816,0.011881718526258982,0.031813589470636595,0.004215007051066876,0.00275071669482657,-0.0057918100444013946,0.005702473274209878,0.012720658665424057,0.00430097057414011,-0.002445902416146255,0.007896944125679038,0.006611916307126944,0.011858689829605768,0.0047878389345909055,0.017971078258352424,0.016827151347451105,0.005937498436800471,0.011248137505746382,0.013060743234143121,-0.005598428598882707,-0.009140351189989841,0.008982064436221165,0.03039295163650568,0.011884970391192334,0.0021704760722133756,0.010791980433840838,0.01581323087480838,-0.0050056094395288485,-0.0024490725074615568,0.00710306717069102,0.011497684853323384,0.014522529458642899,-0.06232200453667383,0.010532544310526706,-0.02855491625528355,0.010038560677003094,0.027062059389373977,0.018021277128980842,0.014144270811378852,0.005772384901217654,-0.0006843999317950964,0.016822751487860905,0.008246766313770512,-0.0036638860187355455,-0.0002230645259384701,0.00694956811409685,0.001998785159195762,0.013870842194562367,0.025913971610261148,-0.012583549776070863,0.005433384369078693,0.02535056298152224,0.010787709492724718,0.011060607447701928,0.01779549468357021,-0.002247729978522883,0.015320573365504296,0.016843341343367343,0.0008973039245250454,0.015420743164617712,0.008600798313000979,-0.006209829463026364,0.002828506178086285,-0.0015112910772575004,0.020244418223716296,-0.010143316413971589,0.0028438022888112625,0.00964344197382622,-0.002343233370964164,-0.005256860291861367,0.025302535005364876,0.002716693953780939,0.008176932449446716,-0.01896157413255041,0.018794484875280137,0.013514580383980549,-0.0028548100656531072,-0.002481799578229219,0.007450925193596299,0.017945140574561882,-0.005030777663451656,0.011928411353500343,0.027353141263679284,0.015966378086205227,0.009647950053343197,0.0013067776811467799,0.00499194640993186,0.008210123638186248,0.012351673576971131,-0.002375019792472931,0.012334269704260596,0.010601550212209541,0.010613936384756313,0.012333468027366484,0.008993730904489388,0.001956231676606624,0.0004363198513012978,0.006961289115272348,0.007299963920258487,0.01124951486125354,-0.00889006166018156
Approach1P,h2,25,-0.0002663368461484,1001,750,0.5768452962736259,-0.007980665241239096,-0.0078013698250082785,-0.03115863911932547,0.07435167444477228,0.008853731923537077,-0.002808220170881847,-0.003134579175095271,-0.017548353128632913,0.01690706655600091,0.02968292111505448,0.0009542343636372832,0.02948866214916905,-0.0029793682256988065,-0.005730903876898424,0.011853769492653597,-0.020044070652584893,-0.006314481421867746,0.0096498329083381,0.005198772176859129,0.0077455401365925675,0.001418663311423046,-0.002348703249368967,-0.0028708448739093095,-0.015754836499629634,0.010930247450623183,-0.0018558851212744504,0.012864431306714323,-0.00239627344505328,0.018549636696420672,-0.009158618910838566,-0.011548546388524776,0.024563748118470605,0.017784493333754776,0.01741784665933714,0.030269691339096662,0.023735698239097262,-0.010857273577055305,0.011712083276863237,0.007677671409590071,0.008564144238736976,0.020031917087451494,0.05103320330079492,0.0032937113457932356,-0.0016115350903046035,-0.0006120829863981462,0.013157115417448163,-0.006142444270854749,-0.008958123992394443,-0.0359292543900636,0.003933685051938106,0.005567656450185799,0.005268374947987559,0.004128384898651185,-0.00021900372066281648,-0.005646159269877365,-0.002023973056075004,-0.00014944135054013527,0.017331763815764505,-0.006634051278155833,-0.023276654534398464,0.011481624281780334,0.05280964829803483,0.002391382500129765,-0.014326794995449605,-0.004682472089848795,0.018054653547536367,0.0005054337242852642,-0.010273992139087446,0.006362380066371867,0.015775941944494838,0.02461187899098383,-0.1635356057840284,0.0017602581225091146,-0.0913652059824391,0.02175374408511247,0.1240192354556297,0.019062788724608738,0.002507042441232365,-0.01070544869797109,-0.006371541331598887,0.008337271322253675,-0.015716492049941314,-0.001968552500062573,-0.006251180326844821,0.0008405901409637706,0.006493602992365094,0.025170192085036472,0.05384048246149638,-0.0390750555647102,0.003931611165840011,0.0656397942868982,0.014120869814589123,0.008031423268589709,0.00629662336614046,-0.05270183373291298,0.03414439763359645,0.02570634772590702,0.01788739575555781,0.01866404999850185,0.01438455471630277,-0.0017590888162211868,-0.024329106190451626,0.010717840146963607,0.016649600722148092,-0.022495697555489122,-0.001459385291167268,-0.0060131856277338275,0.010670494456933686,0.014440818223715995,0.0744623604065126,0.0055285833926943416,0.006525788613654613,-0.001318657480090005,0.02105919905398885,-0.0025744246631698806,-0.03482229315148397,-0.019620810589723946,0.025780566485017982,0.013674229546427878,0.02303261447414013,0.015657050938861217,0.04260404578096512,0.032176247792823645,0.006377289813859335,0.012923210944315517,0.029893943457935508,-4.735135137997823e-05,0.03487991058423062,0.02042750225119478,0.022561126169063306,0.02344916436725394,0.004523336220464106,0.00030873779233935635,0.0076780631721211565,-0.004758247738912598,-0.003944813864813622,0.003354445784480603,0.013136917747640153,-0.01691413632464133,-0.04216518993253229
Approach1P,h2,75,-0.0001668624605894,1001,250,0.5836343809887681,-0.025535964143575552,-0.0016382831429361151,-0.02239221720798631,0.07379915625104447,-0.009001614455490768,0.01461930888051461,-0.010994073700973366,-0.021555844642266796,-0.017855011625802372,0.014963692650263337,-0.0020418106939581737,-0.0019257353042358566,-0.01041682923492675,-0.019829535085395783,-0.0032502039252596832,-0.021288844578666997,0.015300548293125124,-0.007701672446472775,-0.010553594967451348,-0.025236686688964456,0.006992562495095996,-0.029972608666379817,0.00659592027491325,-0.009414734023561817,-0.024002785569408165,0.0066539126721728205,-0.002873810941424551,0.006063124357892464,0.028571909218685097,-0.006094033066117682,-0.03127511002121806,-0.0019969683039709613,0.01370527940025594,0.0343080091073274,0.012127693058854465,0.018843001603271133,-0.006792517714571997,0.0047348627808033025,-0.00922081360335864,-0.005291511102902055,0.00459984851104817,0.015329459743842342,0.002702404951776191,-0.004043157151609809,0.031190897280112224,0.005387063839367521,0.0013987146003568863,-0.0018203728574085164,-0.04140013380179329,0.027297275753023553,0.0027636712888441904,0.0024808318185552715,-0.0020441078785531103,-0.00789384771248222,0.0053307894856787046,0.0005643031734482561,-0.014160006694023015,0.011605698644176843,0.008813517543675167,-0.013188618585015376,0.00011375218737000141,0.03925170197386808,0.013121411338320461,0.006417974076094755,-0.0022788984814844987,0.02104061973891138,-0.00738737033353616,-0.0015034394815889663,-0.0012995702641071727,0.0030355583878485526,0.028344825799670098,-0.11877441573520722,0.01853782098665036,-0.09079380019433703,0.022044720524159324,0.16940244364100496,0.012149518174559155,0.01376040940749978,-0.004470279207358117,-0.00260295035262742,0.016383614158313495,-0.0007159336053301994,-0.0009414793872221158,-0.011184209042583557,0.008315536838499636,-0.003078398652888497,0.03173049920043607,0.05877590040623511,2.12792828303901e-05,0.0054313584846367845,0.06661277189765479,0.016833357841230318,-0.0016935876567040035,-0.00367560316602979,-0.06876663722707788,0.0243390313525345,0.01640998548751527,0.02286263409011952,0.018516198806703982,0.016078133467354115,0.01461922857847866,-0.046486216279362405,-0.00491347463311447,-0.012130675408557142,-0.004593859099980278,0.006576256904517687,-0.0356676966193728,0.007747479664302202,0.012821346595124919,0.060270209081608336,0.0016235422154291688,-0.013601275633839317,0.015520327362442889,0.045533371832029074,-0.019307872523872727,-0.028744865694901353,-0.013811358458614748,0.009342471912246679,0.013083588685683618,0.0076954013275279155,-0.005010804764581198,0.04830599168170455,0.019801252878184787,-0.001300194306250663,-0.004567431432662332,0.022540663189230793,-0.03816462788834121,0.020314484011889313,0.010305576693939002,-0.01582766939180362,-0.011355358875034987,-0.0049284441205942504,-0.01013366545176444,0.005727291326902487,-0.0058851234835354364,0.01733008333702786,-0.016492801928036295,-0.0027341232738458754,-0.008819288860313737,-0.06040554592644841
Approach1P,h2,95,-9.32767794286696e-05,1001,50,0.33950650600491517,-0.008237462779337418,-0.007985189905113535,0.0007593495352307862,0.017729175894324392,0.00583284324735002,0.007172745739727904,0.001234058376704844,-0.003978526437340452,-0.0032632941457648706,0.016501408098717245,-0.009531420235609203,-0.001675494791382303,-0.007234482016196713,-0.017221018693267878,-0.005548078808687665,-0.009167019262743282,0.003050469635740927,-0.00046854168923072745,0.002120174728750833,0.0010047088992782786,-0.009298167033924087,-0.014614920561942319,0.0005111541525560388,-0.0027661560246490064,-0.0058129577329855305,0.0007792969493266818,-0.005193446585718055,0.009596116280456394,0.011573481943135639,0.002203072374791004,-0.0028161067359504122,0.003123913077616201,-0.015182043206322606,-0.008318079810352728,0.008232359210101218,0.007291490678881632,0.007628888135509489,-0.008143116563292828,-0.0003141106965432964,0.0009880080796141047,-0.0023638261915997372,0.01063209722858384,-0.00045760194086464506,0.015581292629767443,0.019717490237589834,0.011747154194409566,0.006452188345850396,-0.012810815492500668,-0.012038643725763905,-0.0009624008519949221,-0.005837403805161217,-0.003005074779611244,-0.013829718446308627,0.005500819181176135,0.009571272567962402,-0.009404728752656966,0.0017135404444624056,0.003691857976370974,0.002376522399277277,0.0030203498385047733,-0.013830427520112227,0.009091410120214924,-0.008695277130166957,-0.00485349857599128,0.00913296023985738,0.006380196549787867,-0.005923755979778248,-0.0025381757067671476,-0.008562635743131259,0.0029517525544967907,0.00989378885709127,-0.030408123321726648,-0.0015954325695835443,-0.029519826213021592,0.010456297801913301,0.07393317589344796,0.0022566193736122853,0.0062623016314420354,0.004044794996794648,-0.007235617761323587,0.01013195893328999,-0.012054970046394633,0.006300976359174759,-0.01213385853711246,0.007794426490799016,-0.011055184807344059,0.00026224127023403293,0.018981432088546604,0.007565855229058517,0.009246112253986156,0.024312767715091638,-0.007744844471119032,0.009122033654154744,0.0032329713450665893,-0.01647762268852846,0.003840699041244521,-0.005034883926056738,-0.0027303112725804977,0.002047391627012675,0.011403763205217026,0.0021552146721832074,-0.01648842715196255,-0.007246243235294099,0.0033699157723967362,0.011145291137888999,-0.0014777488272636244,-0.005601835780293309,-0.0015315658561071217,0.009943465007710995,0.01804699510714088,0.007572203732908574,-0.007981949012543317,-0.0066986962967288035,0.016370498295462964,-0.009573767152741212,-0.010788638439219927,0.0029587115904950133,-0.005068374415638597,0.009198351358266216,-0.0014104210886994846,-0.0005531064338839403,0.007376064104195767,0.010245397762722368,-0.0028328109585377733,0.006946640769528865,0.01194260250496597,-0.010363662188835386,0.015264740752579642,0.0015885776364427976,-0.00926974691926046,-0.007507791047812102,0.016808630041542576,-0.003016254413205084,-0.00410687624648925,-0.009555404169853409,0.0033466744999217264,-0.011741028999955033,-0.005896481664321353,0.00535089335211683,-0.022604559486761964
Approach1P,T_opt,5,9.926838043021506,1001,950,0.29618310314916196,0.02177266333134452,-0.011386051598943946,0.015939106699850925,0.00975999214179044,0.0044163264159663524,0.003984420702627452,0.004995767496673616,0.006908522139197116,0.0198689596588708,0.009829980273347892,0.010930019670848223,-0.006024218325607533,0.024413577587214748,0.0015166523495094737,0.02260186701587564,-0.0011667657938801007,0.01773209893061642,0.0051812458072777135,0.007416706490727466,0.017811994037392385,0.0007777362748507483,0.020800507803996296,0.0036011688527231448,-0.0014080059338916553,0.005920772640543345,0.008035399319365503,0.0020829100678059504,0.002953564924543411,0.02795595780366411,-0.013252267342725789,-0.0012218323789347507,0.006726442997027154,-0.005695800988906972,0.01610506510243593,0.017243249347853297,0.014361213433613183,0.016190696646638032,0.001628723620936929,0.0017971698681619663,0.017794180750716093,0.004862765194279633,-0.00890758848759679,0.011643344033358106,-0.0018958455121072387,-0.0066119747696811206,0.009778502627825016,-0.0006892701979710212,0.005177788246729181,-0.0014473178990970226,-0.008024544079084846,0.006221199775643344,0.0021902883697957707,0.02167087237055333,0.01237511576130903,0.009745046203416517,0.01094695779807563,0.008809453563317943,0.00942963695000569,0.01397899652222636,0.011382274892516982,-0.027447365134981687,0.013124802056059886,0.01021621103839114,-0.0038740789504767164,0.00658184123290681,0.010385193633289552,9.401536963021644e-05,0.00996390448497401,0.014876167980046972,0.008735572098946983,0.00921081594693874,-0.007164942970794615,0.007041795377168801,0.052428884564235646,0.016740042548137806,0.019610809050865513,0.013709499566443734,0.0015103105152029354,0.01877362895524825,0.0047911686316679455,-0.0010823732868095425,-0.006481464948190688,0.0009903714621248196,-0.006775039673739481,-0.01242195173327346,-0.004202598164565693,-0.031173951236394354,-0.017697608502148243,0.019607019628348845,-0.0031685552858748654,0.004355445439747076,0.007433348207751387,0.007823763490704235,0.0041964024814537745,0.01598263241579999,0.010987557514685225,-0.005431736828311695,0.013791773727251589,0.020277693658339587,-0.0016672240169387821,0.005811642022785024,0.01210449256127006,0.010123269779282233,0.011332676357422076,0.012305914070009968,0.01617266679630691,0.030811203773046664,-7.292780758362885e-05,0.009584897544595974,0.003928127862270607,0.006134760862708163,0.009286077387156082,0.017892826748288328,0.013988470232406307,-0.005051055274359721,0.00046683539891246694,0.006922640875625802,0.004368609045796648,-0.007932744324132067,0.004599137533980307,0.010711930028259794,-0.00561307012780311,0.008449373500875162,0.00825079790821978,-0.013252470875308908,0.021081593852741918,0.016873624505143008,0.022670876800292776,0.004255333579145576,0.015039651172989854,-0.0014398358281814618,-0.0023314270939127323,0.007493321145918972,0.00772194235719498,0.006481040344875195,0.014785055630398688,-0.002115572483088075,0.001983652192745676,0.00862760337442111,0.015308938107329249
Approach1P,T_opt,25,13.016091577758594,1001,750,0.5396737377945393,0.06344715270874908,-0.01177400949656452,0.03725138339791294,0.03726269899359062,0.013145740607087945,0.0072513230931603515,0.013713419583795902,-0.008962172428106568,0.04079241071295279,0.0033598903820692173,0.023942251112676116,0.004623088153023203,0.03081094658951284,0.018496991919741638,0.003225261708670009,-0.006400423847904825,0.02145353156830991,-0.005133813237207961,-0.024924310144026192,0.03439510252347067,-0.0036695363934514313,0.026130085668512385,-0.01518025180235888,0.0029680185155519685,0.0061499664355813555,0.017049968188233296,0.012413555128419428,0.011097815865198517,0.008705295596612483,-0.013725702643291959,-0.018820546043010436,-0.005417608340801452,0.009914751452186451,0.018542771634619856,0.00019311821571107307,0.0399168844291565,0.01341005433196325,0.0009253544351244701,0.0019163712202007817,0.045254281994888804,0.03879747336362204,-0.03949685011634909,0.02918875755776023,-0.015594439249595232,-0.004510080830616402,0.011018192935675847,-0.018877456376527133,-0.014764925342703022,-0.010181390893823439,-0.02748098647833052,-0.006922209592371609,0.023031047451472525,0.02597700266860986,0.008778978825213793,-0.003796358739608572,0.02622971646854664,0.012896236136251878,0.0223507250503649,0.000207188852090031,0.021273247635790114,-0.07876170380502295,0.026270453200736434,0.02606071406125733,-0.01913065674654839,-0.00227598658296738,-0.002759187324311291,-0.01594043752885289,0.028619095978360556,0.013969323407385825,0.002320378511690868,0.0005426357867169568,-0.09552812837712109,0.0033710223463637515,0.1609144667058484,0.03624687032492144,0.119433113047241,0.026064457443616816,-0.0019196786277259703,0.014220796280071642,-0.0039148872710478184,0.01957658029055124,0.021397888886348804,-0.0025901105588984298,-0.012568051550669791,-0.01255336203353077,-0.027843646120167168,-0.07769255460236976,-0.03032662134174237,0.019783574908389973,0.001725469536724037,0.022424912529914652,0.016143468895314737,0.007630009059868999,0.011582811574448168,-0.005987674424841147,0.034956357770118164,-0.027412392139067168,0.01807598956618559,-0.0013910814110788634,0.0032272054613903655,0.004002631403557413,-0.011985507709661773,0.004430548955449094,0.00185067742270161,0.007015368647557498,-0.0017345182952095764,0.04543344526435962,0.014107625789021704,0.008339477496953431,0.01010322536699408,0.008536397863528555,0.0018982690075345157,0.030638749221565634,0.017187218713769742,-0.014238896456090222,-0.009831354928203091,0.011076246065248097,0.005411453471688269,-0.011463464776771966,-0.025456660554982385,0.009829612002614879,-0.029191188304351225,-0.00392340118141702,0.006721032310401498,-0.05897489110218273,0.0007339133427410605,-0.004277663152998783,0.02411066820496344,-0.016775508236482904,-0.00833786255063066,0.005192601220654231,-0.010190302318496634,0.011977605421156178,0.03041886418732368,0.003534885409479568,-0.006177219731947306,0.0006183356275866712,-0.024715829917979344,0.007588107447500671,-0.025078783029631447
Approach1P,T_opt,75,17.72704014177162,1001,250,0.6015231455796253,0.021169694478820736,-0.0010294023981151524,0.03604112738423715,0.028625721391432414,-0.012762736368574296,0.024799247289336527,0.013379382891502402,0.004045892424225289,0.004861622537008708,0.018577113009570167,0.01185948154679702,-0.0010562168298597768,0.015719312425011137,-0.028162982008064594,-0.0022440916798942903,0.004788481523103155,0.00742676780636191,-0.016524857990831487,-0.012875907027526747,0.010990621835843881,0.0024100329453765794,0.027058598191013052,-0.00905590942665065,0.008420645470879059,-0.007563473748295718,0.04065844499962236,0.010763974640562269,0.0041563413493080174,0.010303479714973633,-0.0029628644046029787,-0.028686736368795915,-0.00043589640719893566,-0.0010760546739550167,0.018149093930800726,0.002194662440023409,0.017377069192601652,-0.01756318752045516,-0.0035440707004884935,0.011755143978278452,0.0056269427492880815,0.020263981646053805,-0.01568227598782098,0.005269442552588058,-0.0305517177977963,0.0006652281285294999,0.03225594793592286,0.0021544293170376004,-0.036156267158657204,-0.012640168636521665,-0.029423443977530772,-0.006560179191405419,0.013504829150317428,-0.0060563310659050434,0.003468694408133171,-0.015994045999327734,-0.007712736394491207,-0.005163988464267481,0.0049559990732822475,0.016217735784304913,0.02316310756929145,-0.07192250978421295,0.056069359457285604,0.0025971739132251235,-0.024031009666515307,0.0019598021641696484,-0.0026133996658681997,-0.03899420011011959,0.0037231242470646773,-0.002627727283290625,0.018016651085236656,-0.0009972852193505018,-0.10687218527045854,0.00021780919699807694,0.11141651127771932,0.024107509884390897,0.18851770636434914,0.023416264374288655,-0.0006742423859457218,-0.018604786582031744,-0.01812142479320989,0.011490344356037928,-0.003979670186452237,-0.00019385604505793921,-0.01910042813586904,-0.002183921874359977,-0.02948049699026096,-0.03380233430894136,-0.019760401509223445,-0.009993630306715006,0.0342234554476704,0.057158323556378204,0.023783620285371586,0.01238827203559101,0.011565498504593725,-0.04851934503290118,0.00993507444499837,0.0018705550066812123,0.00285882531299295,0.010749957938206881,0.009533853312584675,0.011123646872454963,-0.018409065644872387,-0.0023470544588345193,0.014110664658539752,-0.003610635003817149,-0.0022092073221793122,0.022469566950946412,0.006593537149019429,0.007112575054559793,0.026581750143851408,0.02513780310833908,0.007942249442764029,0.015133283039595052,-0.01719508368939608,-0.03526779850932608,-0.02575657352645947,-0.0381463275180825,-0.006299468669871645,0.018063417194853264,-0.03698268846265255,0.010564713031699487,-0.02573763420189239,0.016839873161316535,0.01427873393635655,-0.04879870956595849,-0.003500624352965675,-0.03005526506306322,0.025079079453191072,-0.005807633439347778,-0.013082572255751938,0.001112915888998805,0.012443176762521293,0.018313382998320388,0.026117672416323866,0.02047542882672184,0.011326601669589126,-0.007622981899780251,0.010106894598685853,-0.01968036200144771,-0.06186177870788122
Approach1P,T_opt,95,25.246893781568176,1001,50,0.3466816530319936,0.0014779985342799028,0.0022577058044925286,0.011080462459507303,0.007176767818796701,-0.007758767160050079,0.003625773174261934,0.0013106317275124795,0.0093629252281419,-0.003062793343398029,0.005299626432982398,0.004086714806520864,0.0028789890404571188,-0.006580287371017715,-0.01823814340929164,-0.008305931228067342,-0.00111475417314621,-0.006544303982662885,-0.00865060125151044,0.0014907248931141232,-0.003037225995190509,-0.0026831516342966893,-0.004281096796867309,-0.004495509601563667,-0.006352426197742428,0.0038936422550303476,0.00631635948384952,-0.01186632323568899,0.004025993840219586,0.003499718785102548,-0.010051357858312933,-0.007930149985986675,-0.0005500647968379527,-0.006090756209018045,-0.00943385379285766,-0.0024530736777036597,0.003087984471743197,0.002852625954408573,-0.005639732148623583,0.003347890253373071,0.0025351373579249646,-0.006233223916797339,0.013685794792197834,-0.001721716771019806,0.0022442333108731337,-0.0019191618622650076,0.010828475627905227,0.002716035037258639,-0.008189010238481256,-0.0062771038275076345,-0.0025459526873808647,0.006790045162287281,0.0037185023465255455,-0.004334112581772293,-0.0020702333163864694,0.016399568700726615,-0.0032326449766009267,0.007069489973778811,0.004846143599188247,-0.0002048196667952546,0.0035863618580552854,-0.011050516730951197,0.007082928462143084,-0.0014040937514059257,0.005164899598199738,0.0007230767091568136,0.0062808570316557144,-0.010763013634714595,-0.00010673263760494563,-0.0005176477064450361,0.002499811268986281,-0.005827701025540918,-0.03160434692952338,-0.00240600272361106,2.2651772541919376e-05,0.011158564287908247,0.08865894984380146,0.00632973995384586,0.009668739382894673,0.0039049424888197883,-0.01082188157332711,0.007080082587861839,-0.00987495341162755,0.002930965656836834,0.000981857259364991,0.009161056907244279,-0.013873654920546114,-0.007365211526172599,-0.00196158084414156,-0.0013088584463857664,0.004429801730485268,0.027327665720942088,0.0017164211503811876,0.009356456073966131,-0.0008699214400614257,-0.021510850103880572,0.004708484397711035,-0.00434944161242843,0.00019603825445010502,0.007572537150752713,0.005430475202607315,-0.0012415846068481989,-0.016273785410315482,0.009306053599526954,0.004493236486830604,0.00500261703903434,-0.011768769475543492,-0.00016130468440886435,0.0010710719244333784,0.017406841776670387,0.01527232186016384,-0.00012529216963185364,-0.0043875899817025065,0.011728389572257372,0.013007173109789303,-0.009549886067946007,-0.010292136200009946,-0.0035746200599246804,-0.009457216795355761,0.0016484274990836208,0.00010429347693096313,0.005437173116860962,0.003448580921332079,0.005658871640946805,0.006353401254691824,-0.012317943475179956,0.003061724448903619,-0.0027297372605121725,0.006253817814171012,-0.002751600660593402,-0.008121407833950848,-0.00738300130120187,0.008798767194757574,-1.8671481533229575e-05,0.011288554732881165,-0.00843334438313495,0.004497300500877844,-0.008170258360263598,-0.006666427334804983,0.0010487051849370635,-0.02128284119460428
Approach0P,r_squared,5,0.1642112013417452,1001,950,0.38429788325142533,-0.006156689933160944,0.02042001113645984,-0.00018945511981944066,0.0025860663244896866,0.00602490077182115,0.011322196347144849,0.016119577391435578,0.007555832984429274,0.013182485624209588,-0.003973804117713992,0.004393611323438358,0.007077506271836259,0.00966740862236454,0.015009255150790154,0.001554653595754611,0.01431539307256768,0.004885396000934721,0.0136126073628007,0.01021631995337921,0.006702165549321643,0.017690695186607305,0.008023069335160428,0.009154767306147947,0.01160259280379434,0.0027405852037824738,-5.689363545935931e-05,0.005184639835029131,0.0019082922391749357,0.0042201858306400684,0.003614081430060908,-0.0011870259627861572,0.002286549051556093,0.009366414191826062,0.0026663074687603944,0.004664278893937012,-0.0025476806938187022,0.008894731273820239,0.007411822460468518,0.006869944316195252,0.009636228787954,0.008385629309116618,0.002142489257769014,0.0046826582504749656,0.005189332606534208,-0.0021824525273321837,0.00850706640723975,0.0006800758181241279,-0.0028902324606940692,0.003955718616036451,0.012033593716152133,0.007566089948705821,0.01799458752436877,0.004755387459403074,0.006442054063344527,0.022848852268005218,0.005632867133970669,0.0039409048662024295,0.01806069872758919,0.005455383988512572,0.011732879566238199,0.005856171651441786,-0.015274682207985477,0.01191942441672457,0.0025425936070928475,0.005670649249679977,0.008829713171733162,-0.014981135332517583,0.005094484808447736,0.0035057328317800607,0.0008770447925396854,0.015117676736347433,-0.011832401342014772,0.007493179568467243,-0.08783346377787342,0.002351283360802191,-0.0155611529722773,0.013679160472178244,0.010543658227773962,0.019133709969973264,-0.0012164564140764176,0.02296998960432335,0.011359455686137658,0.016287012045318086,0.0066273318539519415,0.02078066286121258,0.006723074368164627,0.007394351815222347,0.018691868865802555,0.01703112980161831,0.010071431418010276,-0.002814469686052162,0.0031524582782098782,0.01172052577308175,0.015599812131964909,0.007737309818010157,0.01614251827228446,0.005831429992151562,-0.0007018924348007822,0.014095275031253334,0.0071934903052050594,0.0034020255024908735,0.0036544842534185938,-0.0012128407243755914,0.005167212912835505,0.024004280549033613,0.0041280284695348,0.010875622414472768,0.004704312228114595,-0.009047926882685225,0.018792242339843696,0.01491572595258646,0.013041189060713512,-0.005924725737422254,0.014518154745435916,0.010871408744494309,0.003962856384087775,0.0027199400463542283,-0.0014855924199254009,0.010316036904119207,0.005832879459668618,0.008315549312389271,0.01639172600738481,0.007832077624530625,0.018691577375611192,0.01435635808847895,0.0010222975210690986,0.01800056414760004,0.008507218043759045,0.014962340796335053,0.011776004957008309,0.002419628950210447,-0.0018293963844826615,0.010273517544795009,0.004933836362996808,0.03081423590019982,0.02103956029880738,0.015046591873627295,0.0004391691238507696,0.004275214662627828,0.013197628413850235
Approach0P,r_squared,25,0.181255481512807,1001,750,0.6410048916903437,-0.055852174513706054,0.019025156304175082,-0.0018207019044876472,-0.00012546837188447298,0.012057860776405256,0.01973366204086912,0.016525077004252525,-0.0015560689923020468,0.010935990536994976,-0.008180902223786611,0.007524962235021908,0.0048263001385806595,0.02736330047806828,0.024477724839753794,0.014230514437505087,0.010271800484119388,0.03414137197892379,0.029014430626091353,0.011177683734785254,-0.00034142602088277525,0.0011241525970623611,5.5569039978817236e-05,0.01853439646892654,0.023648371680879722,-0.012157585741104388,-0.00810136290726364,-0.003844991221867008,-0.016752332760553372,-0.002208718445193901,-0.004492967158441602,0.011359415901604709,0.0034161971038354985,0.035823421601356986,0.0016062513659691664,0.007911077079649142,0.003346952517897613,0.020902921229721247,0.0005661052616146838,0.01882193694797641,0.02130645663369216,-0.005266206242071057,0.011130322687984355,0.007413746108459237,-0.008513166968706978,0.014278394859870477,0.02600792960113827,-0.013990417681048153,-0.008025174854448001,0.009026828673874323,0.01415849583057304,0.02884014202894748,0.02130880216539345,0.016707836021713413,0.04031209686771477,0.04888191774272661,0.0004923660980822335,0.02408522762185107,-0.01043916953490597,-0.0026098441895116937,-0.0036958658483880746,0.0010510808120300572,-0.08417139026008857,0.018506411079073026,0.03175768448688339,0.008728918020897041,-1.3996977814121833e-05,-0.002870124585744791,-0.003115723598629763,0.010667528834370143,-0.016370766811126723,0.02523615184644707,-0.061546498516238696,0.01997651040909322,-0.22758704897305226,-0.0047098384665854864,-0.06829978971253593,0.0010106165116795882,0.01741783923227664,-0.007685985261462681,0.007153882579423086,0.007104426806537467,0.003930165665566912,0.03261205957445763,0.005341486319454266,-0.0017334657348689175,0.002006914569232493,0.02940655471598857,0.023945797019080332,0.015616327709487156,0.0048330719428074445,-0.009711472491028095,0.0005953376469347792,-0.003631672959266556,0.02040654887526113,-0.0004021325967124064,0.01753213263622836,0.009189640300271687,-0.0019081938835466081,0.013931202573657861,0.0037816087437475884,-0.001313393658704233,-0.015201791214251878,0.0015516713206175318,0.005461983641940475,0.007493454567797103,0.0029377353509321674,0.027374118394755197,0.022122220965466316,0.007717708870815571,0.008629515010229918,0.034250081488841205,0.015904527766425813,-0.008178727850504343,0.02222416332241729,-0.004889790837705002,0.009021516679630852,0.03397908636239724,-0.03240993988790096,0.012945655183981691,-0.0019082204228072098,0.047983055080658386,0.005306476051933231,0.0012761394630875014,0.022459268672253074,0.03805572659282036,0.003918201723414498,0.005788810849040496,0.009271012486791356,0.014381173722607455,-0.0032382526418668085,0.0011757314149693152,0.0017294583215787442,-0.003059701396848271,-0.0006643540398799455,0.07034059652313637,0.005915689378838643,0.03742472324112182,0.02350702234807911,0.006978189591214878,-0.023026181966081954
Approach0P,r_squared,75,0.204022276067108,1001,250,0.5544642820902996,-0.07044749429253337,-0.006912136089284717,0.005457076838419984,-0.010946252757533899,0.013635046453845934,-0.007212130496271632,-0.008588203033653775,-0.01268924582357224,-0.005048291255926049,0.012873619685375745,-0.027814921557278195,0.011155873852862014,0.009241264701097672,0.004581283223992364,0.019485885477195392,-0.00012938086213036548,0.014777754499018626,0.055268555000682056,0.010260321849278331,0.011475311075668067,-0.01289866427915711,-0.006879779075341229,0.02230054913770453,0.0066078310502313276,0.0025328552505454356,-0.008692420778170062,0.025122666149144973,-0.020792335497597837,0.004460150351103113,0.005010908549241826,0.002062557674990334,0.01738531330374961,0.02025005514613637,0.007123317898996524,-0.012319107113798949,0.014486461225093918,-0.019700331372215378,0.016190064509068333,-0.002333220105737624,0.02529470752734213,0.04246688325682149,0.011110717142070334,0.009879548816184781,-0.0396842229838191,0.020399802258335882,0.012136010165492726,0.026939457431661377,-0.012692086751814817,-0.014735756738375138,-0.0029872840094940147,0.013261201580944513,-0.002318193860702686,0.02559277936175302,-0.0051954522903889,0.012319103975259966,0.011152510822308013,0.020723661228529082,-0.005673412580681851,0.013625832970398214,0.02111888600527556,-0.01219899986594827,-0.09900521770690301,-0.013199718031303391,0.00393690830250985,0.01718043853523493,-0.005074255384119511,0.004454489793214772,0.03484103341128296,-0.012153666662775293,0.01606943317646599,0.03684951949418047,-0.0716261901450811,-0.023710636495928666,-0.16498749474995167,-0.050987785246387196,-0.08994494882920659,-0.0031605120596902656,-0.01788738435836363,-0.008163305080907467,-0.0023604702707918576,0.020094145893292725,-0.009070657268713728,0.002569039043704404,-0.014536461771552671,0.01077691696174601,-0.005937742113863269,0.0007888358730142216,0.044776941702867674,0.020168492570120967,-0.0087098333971297,-0.0069421760823196255,-0.0029544986633955085,0.011144095884068023,0.0013030430020260376,-0.027619179249454992,-0.02375095307381426,0.040084493236982814,0.032362179672714854,0.007554435595965591,0.005592170666571887,-0.008942618410315442,0.01383243342010062,0.003025812859290761,0.026872917099534845,0.006823335133493305,0.024158919737748502,-0.00747193635276241,0.012667087281807727,-0.01223681085943204,0.011246559821650081,-0.015424054832433705,0.013384686468408862,-0.022525691964299,0.003764478004389022,0.01414871932931663,0.01656919756235385,0.03066767247243046,-0.009045803705314857,0.018165090258862218,0.02640595260623583,0.017344065650342015,0.008915899628344152,0.00924544116051413,-0.016363882070678647,0.0032415337051950634,-0.008203453029418113,0.007319547384490014,-0.0032963623245538445,0.02372826586454543,0.006958768933730208,0.017314393856124995,0.007190375262483193,-0.004405820135568087,0.016595788780074876,0.08038997934679067,0.0068037495749061205,0.021300249474186406,0.022668438554820567,0.023734795041476343,-0.03139579196511091
Approach0P,r_squared,95,0.2227483139776328,1001,50,0.26337623356583106,-0.021132104004872136,-0.0024120252737940126,-0.00010568260020002787,-0.006482344685838751,0.0040422729230115955,-0.00418630004357599,-0.0003131747721292939,-0.0017562647723881903,0.01148579121951361,-0.007192589998192143,-0.004974248341805964,-0.0019057283133561264,-0.007846105110154851,0.007044351464024664,-0.0032283545227478824,0.005740156152637711,0.008603428319329066,0.017497615851509118,-0.006208005431785863,0.012422101677278117,0.011971019495055604,-0.002857375594141315,0.014124974795119859,0.009925467434268196,0.008329186029236324,-0.002732482155253107,0.007505862673986624,-0.007632016746244202,-0.00042182128864421894,-0.0012307639226085323,0.011978661166535462,-0.005392435353706039,-0.007296528864754825,0.006231372457704697,-0.004149626794089482,0.004869821139504234,-0.0035218106093064363,0.004239639600482894,-0.0031643175550841647,0.0022782146435690685,0.010415954609198226,0.015258861356868578,0.006794301445599448,-0.015003840312647676,0.007026219932103172,0.004970827497894538,0.005131386607709441,-0.005204779825627264,-0.006062617300459193,0.001952580639583095,0.011473065928711555,0.0013259812004551468,0.003461793157960586,-0.006103610487591278,-0.0017058438955480323,0.0022103683965528087,0.008661079931700564,-0.00035476828073178254,0.0005659117822608764,0.0022178453707743795,-0.01452495729791013,-0.026069246499220065,0.008254703674870738,0.001582720531248106,0.004008067474213608,-0.003629327980155541,-0.00207158675256175,0.004666523792669047,0.0008127330260408391,0.016506992009184797,0.007411501795260151,-0.019703561520175,0.0025594574951917047,-0.0447460083978859,-0.02403269338524367,-0.027787578638873902,0.006669370083805249,-0.009353643139563344,-0.009574346131880865,-0.008787281930799262,0.003433742498153078,0.00047118436152476274,-0.00026108398062316216,-0.014343934934960048,0.0026377829190566493,-0.006613162910362348,0.0021023971896833573,0.017334847086796792,-0.005715693161473851,-0.0018090711544531384,-0.0018090828711769032,-0.002831555355697838,0.004361692660839061,-0.004777587566046033,-0.00013115291205649526,-0.0026652976902038945,0.0031867881039426664,0.0033625527237448076,-0.0031528081920931513,0.010025279886395172,-0.004609332101265467,-0.007721345330098076,0.007718445715224172,0.011152979443780358,0.015096731772283095,0.002953509685486663,0.002152964237669774,0.009447785219095865,-0.004918069273257309,0.008205011959109025,-0.008479529093330967,0.005814016226413482,-0.017912619903673793,0.004360597671314616,-0.004713337316445548,0.0005186034685336471,0.002464761594082609,-0.001669352953527028,0.0019507848925502257,0.007611551830699173,-0.0020040810988414025,-0.003341009194778798,-0.002851299488561788,-0.0010164757663812737,0.003150960398107725,-0.007902170368177874,0.0005709366810655488,0.0065057242529797145,-0.0023735530518839273,0.00621936318289571,0.009278974059681082,0.007544124022439025,-0.00870103043995784,0.004760004127418199,0.02257762138192881,0.018325778699223035,0.013024608514589489,0.0035956141869215204,0.0005390243588626028,-0.003352746271776068
Approach1L,h1,5,0.0043462877813069,1001,950,0.3199291342227203,0.02481855782388505,0.013673774726252752,0.02110532451089974,-0.018107055266419408,0.010064695781019744,-0.0033045679451401723,0.012413107136474569,0.016756915664295127,0.00791053965118014,-0.009460189670487765,0.012190016082186339,0.003958026208134383,0.010205326743787253,0.009078528015254375,0.01700345744497698,0.011278530507730276,-7.948379554971702e-05,0.003747822812960329,0.014009272623629089,0.021391569740052328,0.0055900532994872625,0.02590903511190257,0.00903659160851519,0.011574723882433757,0.015968400466902094,0.0075484900668621215,0.00605433032266949,0.007878122765465966,0.0004616545320229315,-0.00400394080418201,0.0016202175958688388,0.002545930300539019,0.0007466639561608136,-0.00552861680596272,0.00884440437850969,0.0038805736050728356,0.011922129165346827,0.0028641426853864547,0.007024690687284056,0.021114553911091734,0.0028450203117860754,-0.0037584029895920586,0.011590242585166628,0.002513382703968751,-0.006218591570642199,0.0028972036616945196,0.006314692386106414,0.01470543711732723,0.008437776341117722,-0.004407270059967161,0.00358414210639123,0.003217818315585128,0.015740864420022566,0.0158074701864204,0.009631324945263711,0.020785657033056505,0.006864522805468173,-0.004809940093940251,-0.006964978867482136,0.010359344916763727,-0.013192496531241927,-0.004629585825376331,0.021334374568926628,0.01176779511912149,0.017571655506059464,-0.0021602742082932882,0.003769525231881808,0.005011314784898654,0.007204925220340625,0.001465435857531821,-0.005525956788592185,0.029224745762517452,0.008833406805322644,0.047919239142034255,0.005945664583693633,-0.01134439235435352,0.0023660294677421666,0.003246890515350263,0.0077883485687066396,0.00849219123882567,0.012027377706037373,-0.006985414935691389,0.020169162646903452,0.016755778954529538,-0.006221260249394055,0.00180398776294114,-0.012082599179358708,-0.03579709190573549,0.008705410026989118,-0.00010271793890217346,-0.0017447540689399764,0.007012100546672104,0.011862146106312784,0.005973030466808801,0.022329097739573305,0.0071144730662509505,0.0019079222128415858,0.016290002074841402,0.011510098407287752,-0.0031146790700838037,0.0097758894707657,0.01777173306837724,0.009167087681482153,-0.0015425041694449334,0.007975148482093509,0.007901730818325996,0.029687610779820142,0.0031186317351755595,0.003863315520363333,0.00024633348263695693,0.01757132270453599,0.009848934549018293,0.009993775827056387,-0.0039570835762904304,0.012897196723826002,0.010486606082293959,0.010643804364674173,0.0033777102164406396,0.0013373427554359968,-0.0019544794165184537,0.022336077405096195,-0.00969455658309624,-0.008171622362446274,0.009825914674510983,-0.022213730649144572,-0.0017456652819185063,0.016647838018983944,-0.0074964718079537675,-0.006848025641765255,0.019536108638650563,0.023446066765001012,0.004812973327410052,0.010615767664205203,0.010390960897131894,0.014113685123210932,0.002110179833894367,0.017274129230803237,0.013442120773939251,0.0021867358556613963,0.022947994705754492
Approach1L,h1,25,0.0064441501224198,1001,750,0.6010832409937453,0.04486792559510584,0.007892303405569444,0.07105153517241476,-0.050108991105681434,-9.361981363616926e-05,-0.02125714714160279,0.012994511112636532,0.03493034605278742,0.012595554392288294,0.015928633409826143,0.036576234917125194,0.010435210211889026,0.05386254038331724,0.023994832249361185,-0.0009181171076308777,0.014282713497832271,0.011268637125427772,-0.015206366092054306,-0.002107726596858924,0.028784179859243038,-0.001510758071814315,0.04581975090244774,-0.02923147282007353,0.021237538951030838,0.04138661675374626,0.03065079951513515,0.004537444163301203,-0.0009471914464802699,-0.00977132950264803,-0.021788692892334597,0.012273391950516336,-0.016161236131242054,-0.0013653016833687012,-0.006027710387629434,-0.018605060063691732,-0.005551039885703386,0.016129648541956112,-0.014161839052290149,0.008874920311697787,0.029259312950551186,0.02124452065403504,-0.0457809454809331,0.02099994637069721,-0.006520782799956534,-0.02203626385919819,0.00752209369074636,0.007127440374682242,-0.0020955106830432314,0.020384288770140094,-0.005327321448387896,-0.004798968650357567,-0.009972426793120994,0.03876269898961493,0.013374050830865866,0.01373409773145622,0.01534417747076174,0.02047660445540827,0.010323862188599518,-0.009690735147565743,0.02566375858000872,-0.050517999902236196,-0.0034062596825670394,0.021579408632250746,-0.003919185507239242,0.022391644395668063,-0.0029652472564772343,-0.0025887564405500524,0.027023513562281505,0.010951295474524992,-0.009443171725668558,-0.02678446245050154,0.06371844969526275,0.012498766563877745,0.16480500166785692,0.028066011550005696,-0.01829259370077144,0.017186321866943754,-0.027460049908925012,0.010660273235293206,-0.006067989961650864,0.004844607582260262,0.016101175131182442,0.017696447789691254,-0.0049683958446047685,-0.0044658876975769216,-0.006384369091260524,-0.06787880133103638,-0.11691051308017604,0.027342226470681966,0.007614089021193593,-0.023409201617071974,0.01774586267051947,0.002351248142946759,0.02465002743462173,0.04443303412936396,-0.022328006313269266,-0.02153467819778304,-0.009718283080207463,-0.012619870132521804,-0.003064076751150422,0.004589272477211867,0.019645655972141567,0.017707874285126074,0.01677337865188851,0.030602200575660345,-0.00015454662257635352,0.057036845909746246,0.011265294667633693,0.006068023499183582,-0.04111375261130583,0.021869257772689783,0.029421587699912374,0.04220963149966276,-0.021280689730327606,-0.02182152588271189,0.008936520601310578,0.019799646752902432,-0.016433935509935473,0.0036256851811554257,0.011526292627595804,0.025330997413407726,-0.07583703841194422,-0.017498340441892045,0.0036758045655584676,-0.04351839030902885,-0.018984402133685692,0.020326005820186906,-0.019122393215947386,-0.019819063267664843,-0.00994151217657285,-0.00874517160930676,-0.022696750010574085,0.01957677646997391,0.023832824775277383,0.020198096398237993,0.0018327277385768222,0.01135588226234184,0.024648093959682635,0.012861023502269801,0.036900140393176364
Approach1L,h1,75,0.0095106070930683,1001,250,0.5870844112244746,0.04383881731414526,0.023244274730339378,0.04918082411020892,-0.047320579716955545,0.015027274804312013,0.024335330465781024,0.03085432796595284,-0.002300237831394318,-0.008958531962154508,-0.019290968988932247,0.003505693377382043,-0.010559456286425756,0.014116249238300068,0.021408151964013883,-0.018034813622915723,0.020158995055121032,0.017126788595861534,0.00041154802695356554,-0.024917004939142083,0.02191635100264331,-0.0070187313420151404,0.05394693969133076,-0.003224041745038265,0.009735808183079231,-0.014596888819695827,-0.013465315937926606,0.011758508320106501,-0.008937787283974298,0.003168169295167944,0.02350641450361727,0.014206886319457285,-0.004288153133468371,-0.011839759111600158,0.004548560792485815,-0.039399837583966285,-0.0073334745817680725,0.019413812004979547,0.01257151392442284,0.0006212414766552966,0.015129942000398447,-0.004682329846509039,-0.0840272141784277,0.01781129633226792,-0.011704110517770365,-0.015581983330571918,0.001268839352711315,-0.00351321599376409,0.0113676579290211,0.028101310025276518,-0.002633517027433455,0.009817329434621488,0.0014187640688698299,0.012602111373600311,0.002187228995952785,-0.00021315943511212784,-0.011457668547490895,0.01631680125185836,0.008568571708485101,0.006909481615455365,0.027289871433533654,-0.053002806755504006,-0.01897375805239805,0.009088883647853218,0.0014792759707522377,-0.010252835854725278,-0.009116303616184318,0.011988671946225863,0.03262111885117008,0.008005110971984392,-0.007110278726624247,-0.010535748631537884,0.08827994200096696,-0.013860927947038007,0.182463551428617,-0.01181643810049899,0.001838078410630918,-0.005158449845332629,-0.00568167992410366,-0.005285940780879954,-0.004317866882251353,-0.0023536659916121375,0.01326859859284624,0.008132271120694987,0.0036150262648085535,-0.007918616593619997,-0.029385729211223097,-0.057989366807751526,-0.09920177304763225,0.02773024101370037,0.0019638821997567113,-0.04832177581971382,0.008964861029556449,0.016487462092896008,0.015761249486504786,0.02901065125823355,-0.014862788626125313,-0.015927693978775373,0.000995637442718994,-0.0457679799977064,-0.012881312114644366,-0.017895561592129728,0.02861999358406253,0.022090978382563683,0.007573612704146853,0.011512272547561635,-0.0023347030931628807,0.02928110735004128,0.033492293543139234,-0.0028228477611717886,-0.03836886254172331,0.004220406789989601,-0.027311955611297026,0.028367668389688717,-0.026467285467909565,0.003530733027381168,0.000269357735671185,0.018809212232486765,0.00023334146930521944,-0.008158419999160886,0.01271391516259724,0.0027574292338228418,-0.077622698823193,-0.010866602904847776,0.017504460734424465,-0.03605208469185249,-0.0031361324235436583,-0.0010825040076069999,0.006658346381474585,0.00976034787584077,-0.006034922617754963,-0.015271963499221632,-0.0017997451405462848,0.01215267174302044,0.007268649410045229,0.030652926451510357,0.02390068971771778,0.010119536396231189,-0.015298460944972248,0.003949511924671589,0.019009650025827336
Approach1L,h1,95,0.0123360959668275,1001,50,0.33100982212699526,0.021097021115664884,0.017977269754730442,0.019312229159561514,-0.01320534975667477,-0.003444814731201269,0.008131274822277927,0.0023525156557267658,-0.002092146093696127,-0.011472883676730486,-0.0033090491809172878,1.947965609874671e-05,0.0006411025583459122,0.006610019776346679,0.002000692612106593,-0.010775449287271388,0.0024695091194344536,0.006128493888212575,0.006277346360735434,-0.007932911108198413,-0.0013434294190409757,-0.002376578774590535,-0.008166570077756159,0.00012921651486931356,0.005749357423201254,0.006639152196043589,0.0025974373072450204,0.000705649245510212,-0.0007710761269060353,-0.0016172819198987083,0.007080489926111239,0.006532959654430864,-0.012068314785087865,-0.005286767688144104,-0.0016746628923270026,-0.006542758225750693,0.0035272627491770136,0.017507999561122374,0.0020198172502467696,-0.00035848582601879717,0.003795768976148819,0.005531079427298864,-0.02469823167382584,0.018101229509196168,0.0041688140699632425,0.004153571252173818,0.002470907828147975,-0.0005702910143953136,-0.002057052630162582,2.3400104267597838e-05,-0.002611126998120978,-0.0014070481792909273,-0.0011783281899913484,0.01089361370395564,0.002923596979101303,-0.011557387734207303,0.010023504347257975,0.0017602188193819555,-0.003334552850384632,0.006908834171439561,0.011305985163247437,-0.004386325156119271,-0.012043166812338503,-5.815884634056707e-05,-0.0040334261111934725,-0.001708853514232946,-0.011935600028244718,-0.001315512725015934,0.006493232871016687,-0.0010830281131089248,0.010821719548480126,0.001741310353460473,0.036502853097372986,-0.003110737170039835,0.06269234125203671,0.0009005039625080385,-0.0023776688505134313,-0.010159769941139138,-0.009659142113528453,0.0006177854728507837,-0.00012154519236322672,-0.013464094373235942,-0.004308790357501861,0.005439388640395432,0.0005850807772060408,0.003840222969578459,0.0019865646105058335,-0.012988143614352583,-0.026050420505499078,0.006884240944136441,0.00549983891252813,-0.002487633542717507,-0.0022047026701030475,-0.0028780471075439797,-0.004441632354886777,0.006375060994377214,-0.0003481022209562007,0.0005909786812449917,-0.0007458421272306254,-0.030478189126387494,0.005504010043378676,0.0043174745219800945,0.003371207278347693,0.008541722351931767,-0.0036440945900554126,-0.0045406493893118335,0.0006890500945868176,-0.005260777375589444,0.0012092194494175796,-0.012116041552674487,-0.008390044273205142,-0.0010956403088499822,-0.022487460825586628,0.019041488159634207,-0.01451196829940261,0.002101658060934872,0.012215845121114573,-0.00023414562393751087,-0.0037733545583765052,-0.0008509064849392118,-0.006714562251645918,-0.0009508356675076157,-0.0357557356514379,-0.0024217930868111383,0.0058766364823185984,-0.0033797734418816025,0.010760005170038486,-0.002704102643219109,0.004918384597168967,0.016251995211238972,-0.0021584270974995333,0.006198809319432648,-0.0017858255036594696,0.005852910424012181,0.00734500718053333,0.005745401090787466,-0.0010356269175119913,-0.01041572767570972,-0.00782206010141849,0.0046154666287115155,0.0001384754961342386
Approach1L,h2,5,-0.000411395956793,1001,950,0.35133532231610487,-0.003334252947539043,-0.008597013849843106,0.002895329443343697,0.01959542495995986,0.009490836876297792,-0.01145970414190627,-0.0006953572089181941,0.0070549816520710795,0.014748689470650608,0.012842123585571078,0.016252260025566012,0.006836708874774755,0.00019522232264934918,0.000828000194442062,0.008937297077838214,0.011137230108767273,-0.00644922595364651,-1.856950344710645e-05,0.009671642548876697,0.012616978152200106,0.010575627406917035,0.01549480839587849,0.0028134231204874176,0.013268810129985306,0.015294514727340901,0.001705316990006141,0.012360519799041497,0.004765036599921897,-0.0013711554627811907,-0.008570923461832136,-0.0017099764670698483,0.0008045668149757341,0.011873857015903155,0.017739646594051455,0.017446032877838684,0.018176061686299438,-0.0015224328432886904,-8.121250338107705e-08,0.009385482142054508,0.010510466347168634,0.009288871201373694,0.03036373489640263,0.005903998785435287,0.001991232470015149,-0.008325152611569898,0.008441075157201933,0.012846978800369233,-0.00021144174931214416,-0.0008441807087273701,-0.0010201293848647215,0.01207690100019026,0.012555660963636184,0.008732675197828228,0.020003276509101314,0.01753350524344007,0.004695437407540132,0.007799414498418675,0.01304583269873547,-0.00012171188514355745,-0.0025391270443647206,0.010814073711044156,0.03330406380061461,0.010694629105642848,0.0076508561990881775,0.01136967481299173,0.020935339433268092,-0.0015100822819811288,-0.003942308095270771,0.012148916988141816,0.01465714206262987,0.01615392776815417,-0.06491315822014936,0.006288629833074986,-0.028862285442745914,0.009964782132023625,0.03132065127373244,0.017166237699797367,0.014882447252389743,0.007629160418424255,-0.004264807718733091,0.008825128134192575,0.011288167428160235,0.0018575776501925253,0.0030917853208729546,0.0031369827213590176,-0.0015560688799593683,0.015219005017310994,0.03231608653315853,-0.009469222962767622,0.006574538328697607,0.021218568776319342,0.015482246820793813,0.007587990436966158,0.01822343156322483,-0.0030043638413314797,0.0154890484389117,0.013694632005983568,0.0019774280906911055,0.01905396033219688,0.014121022518906599,0.0019404820792618838,-0.0006564708199494774,-0.002898335816014671,0.023037666238191867,-0.0073459380023733365,0.004956478365183561,0.010332800730521615,-0.0033962072619763478,-0.005931263870344431,0.023284723511303503,0.0015952753943245914,0.007157211900562803,-0.010596380448895463,0.02171052462667738,0.013703434946778618,-0.0017681994571976823,-0.007228586412213793,0.009500841537878646,0.01537474497885867,-0.007165504626490564,0.004925949030811817,0.027234156564247936,0.010253515920272707,0.005031694719495989,0.0034886560604513953,0.005726547452917831,0.006931982830964349,0.012398710737822588,0.0029981915380150716,0.01126917582887502,0.006599330510406024,0.012718002078248166,0.005800624921785925,0.011034842104000426,-0.0009106539848607164,0.0012325383294639588,0.009034625314776406,0.0033128778294515566,0.009183417036967852,-0.009563700693094195
Approach1L,h2,25,-0.0003143506688216,1001,750,0.589300341772238,-0.00572425006269954,-0.005275797365896728,-0.02192679161970567,0.06038220092547589,0.0017699341805330546,-0.005910716166831788,0.0015025240171052737,-0.008474261469537378,0.01721513811265994,0.03648316022866421,0.003435449249189158,0.028152232647299394,0.0020670776878898237,-0.03509581215732271,0.00892286993916544,-0.02208937612223693,-0.0036145735711431044,0.013645663996547253,0.012316044180162682,-0.001317472388395774,0.014882981054211831,-0.02205316278923303,-0.0027268618935746653,-0.0029856614681807968,0.004875598667933115,0.002687948795538419,0.013023897438332037,0.00044635863330495795,0.011680766827790186,-0.006003756957928452,-0.005824194102972123,0.022869059963199413,0.01043046674791174,0.024537101594730323,0.027848464782273208,0.01649481387593863,-0.0010717988281290143,0.014025344792390933,0.004032779216634221,0.008839006882776418,0.03426293213553744,0.06610630011423868,0.00013076097500342582,0.0034305658675394153,0.014171478015171482,0.010750148490099164,-0.0029458057461052376,-0.009559566864104311,-0.028031960084846735,-0.011427489083886157,0.0069100612401797636,0.013747893949108882,-0.01238284676758913,0.010348367700238184,0.0021055526670470375,-0.007406980404532568,-0.010529908123091562,0.029267398896434343,0.003199255592513623,-0.0115218202310825,0.009311797352131312,0.06430623821950257,-0.010586885694928338,-0.0144497019929009,0.002431921054358542,0.010315949148538506,0.002994763478393416,-0.018365098638147677,-0.0005058808577249789,0.016778955178450412,0.020370146037113436,-0.18266672956287053,0.009613444549809311,-0.09086091976780077,0.028934790503133093,0.09521533327395873,0.013572248312085592,0.00345435164010214,-0.018197175323054794,-0.0025758920669804175,0.02049154031964434,-0.00518515126535565,0.0014147226249469364,-0.005558286192856006,0.0151061321092881,0.004057478568818338,0.02965350489439693,0.07299757013525682,-0.044550332341319984,-0.005106754687750664,0.07147601441246425,0.011366337933671335,0.0002670948276908237,0.006728714788444506,-0.05395323099143465,0.023236474257469733,0.027069348520574903,0.002277322633003679,0.02990954791023957,0.010948730506546735,0.0007361734040655307,-0.023520201929012254,0.013888015695500614,0.01162300340351789,-0.021475817265377787,-0.006356440762730897,-0.013345470364266226,-0.005757769162920154,0.025323765796073663,0.06399332877421257,0.0017935215432941676,0.010202971163498886,0.0035994445887495546,0.023158565350161992,0.0004712806045259173,-0.01799655797165531,-0.01423409740684449,0.02202920452058976,0.015363271324788652,0.0065877096743206425,0.020190225330917893,0.04475589382506579,0.01744925190287945,0.010577846778902392,0.0011303279306324656,0.025008936735978683,0.00559809228473223,0.03519278861801472,0.017472743782683337,0.024208056706854726,0.027564099211688845,0.005062614605932544,0.0008033465992255129,0.0044471266447976485,-0.008379566932855194,-0.0037865060873023756,0.0034158276610535172,0.019040500093630723,-0.023404395834140522,-0.03967866872869151
Approach1L,h2,75,-0.0002064239070293,1001,250,0.5810211077942324,-0.035683734334646305,0.006143646405664373,-0.022401094742661547,0.06850610444232604,-0.003267344585340247,0.01734916732398297,0.0029916077964649507,-0.020070868394234796,-0.01562753784153565,0.022589834857734185,0.00227899035734038,0.01024870454057833,-0.012786113925388917,-0.038035549934893206,-0.005893720948483184,-0.0164625734982683,0.010935574321494276,-0.002174512400377821,-0.01041095109542678,-0.015255451230228187,0.008519911238835167,-0.032738724419035234,0.0010337792110809464,-0.002723956662739224,-0.022918135816781593,0.005204608707941236,-0.008066006432466107,0.002848113908478906,0.027645980406450985,-0.0036254734934418067,-0.031547984301455806,0.007894550692515854,0.015232757441549269,0.0316636353175441,0.024504537228104452,0.02182074977536039,-0.0011259242189756175,0.007756257395627391,0.0008087407459671098,-0.003542176598163741,-0.001335415831483105,0.015902723494480978,-0.004519479670426206,-0.022559989598574425,0.022989392784446866,0.013263361105136796,0.0007892343007984241,-0.009026734229491214,-0.04156506296942378,-0.00480199336303011,-0.0027620832567863615,0.016762122122367103,-0.01888113798021767,0.00897559693806348,0.0011971888467186484,-0.004550540147444212,-0.0043648982831759955,0.010565252783612446,-0.007561607433224846,-0.009397355057695747,0.005703488559547457,0.05408340547601828,0.000284693827787702,0.011117061916194727,0.003456210448832228,0.011549469866945434,-0.007615453521075136,0.0034315643979837464,-0.0007555171906127875,0.007156513780491518,0.026714967528703407,-0.13396855698793506,0.017178629627579666,-0.09407484110461545,0.020127907344140127,0.14976210210549026,0.003824069671433554,0.021065873261253927,0.006237165877388717,-0.0033188885528983737,0.009819748574586689,-0.00026455790394890044,-0.001801833874893635,-0.016192271435321353,0.0020200035460479875,-0.0031763604367144958,0.027711977863056347,0.08446835753019682,-0.0012737906500068438,0.009311195627480087,0.07024563944651666,0.01444787281779785,9.632454701600547e-05,0.004920100454131271,-0.07894784684050557,0.018388223270858872,0.020464799471190964,0.02396162623925642,0.02053648678804474,0.021853985599299634,0.01916999738458907,-0.044770690845880264,-0.01961066139363841,-0.011152180486777984,-0.0008704725490966819,0.014906773456055254,-0.019637478724678498,0.0069288569207632995,0.01769669240287959,0.0478471446162789,0.005495373313395481,-0.0022867564955005677,0.010891190786060885,0.05648011388850527,-0.010316792217050424,-0.016938729315705288,-0.013218513933997575,0.012180018848901462,0.0061228406780044565,-0.007828603039575152,-0.0098040113592836,0.0479917623448284,0.03518340442680812,-0.0112973522668922,-0.006799425618908594,0.013473809790747169,-0.03963914643149248,0.026963678091056306,0.0030149061760140275,-0.016782187873471403,-0.014220017478328618,-0.01197640726801123,-0.008679408948823427,0.00017034182921873108,-0.010455106020818443,0.017363867532000653,-0.008193894371948396,-0.003620143951920443,-0.011770324310280742,-0.0599304251908871
Approach1L,h2,95,-0.0001272298545364,1001,50,0.34276468214330136,-0.0016660960696367943,-0.002212549992995862,0.002952561932304122,0.015158938603280239,0.004962033980233847,0.003158992168663154,-0.004187921937557083,0.0017347240287901144,0.0027413916335310134,0.014068852137437703,-0.01496874532877453,0.004862455672092831,-0.014223302129580727,-0.012360337542658308,-0.00594989381485605,-0.005614820554394632,6.237679981094865e-05,0.0036039971226346137,0.001626838709477954,0.004091356309190488,-0.013896671954872762,-0.017027671726854224,-0.0007085785327582902,-0.0006471970002590406,-0.011552184222539227,0.0010966754236156062,-0.0038847357185028937,0.010263112389323944,0.01165791580768611,-0.002274131411361572,-0.004115563898631304,-0.0012740890945658967,-0.010381020494029107,0.0020899079983727727,0.004444489446622014,0.001828659291936729,0.004733749025801353,-0.00966750061204864,-0.00385088504749576,0.00304465318829679,-0.005114268153057929,0.01212718225326473,-0.006239089917638392,0.015863763734127973,0.019504505385235252,0.014614314673337809,0.0017186164125696326,-0.015759850718047943,-0.007091519495536805,-0.00635161527684515,-0.0008297420004509809,-0.002403413864581228,-0.013839401128783024,0.003141679774105049,0.011656944202115861,-0.007119628541128875,0.003266410760947412,0.00551027795293756,0.0029685250197227647,0.004835859300976306,-0.012767807149308528,0.013136570477309213,-0.006189938714552546,-0.0038538066536678278,0.0031626853197347284,0.007474410870125879,-0.0042772422280730315,-0.006422366015861508,-0.005284416899346709,0.002989851270178175,0.003889254383128777,-0.03601972684397057,-0.002230395866022323,-0.02773374518697346,0.01026125455646587,0.06978763939422497,0.007012905151740011,0.0052693640527975896,0.005859308738050607,-0.007062270515763974,0.009696168620070065,-0.005489764021823769,0.0024971397021987573,-0.010130012261580883,0.004386921222768537,-0.01385517467649238,0.0023284687439539316,0.025631947362528093,0.007731226209024075,0.00623634701590407,0.025346206320760442,-0.00537674410047523,0.006056139565920394,0.0015214867760413066,-0.019680792066375005,0.004125952523145415,0.00019467387071788172,-0.0014237087853096906,-0.0008223628157942309,0.005186852386250895,0.002975099856596851,-0.017465407785475097,-0.005750387826501978,0.005054205969625195,0.005249889174613438,-0.007264634960097934,-0.001572429679828919,-0.008383789408859858,0.014748586099318853,0.008784764616374641,0.007016845666985847,-0.0036043676778826166,0.002064781353363693,0.018226253630866846,-0.010261838217935715,-0.007195534120086881,0.004632270362141578,-0.0035098274484490722,0.008194410067808876,-0.0015358145093692798,-0.0032854710700361174,0.003736372561092126,0.01535120920162567,-0.005425912710488432,0.004145059862806857,0.01216244109665677,-0.00540065449715518,0.01612849200004763,0.00419674855521578,-0.017396175874584426,-0.008711155206333795,0.01579179312675108,0.0032566754698472433,0.0005334888224481874,-0.01150331663706959,0.003993424051623371,-0.009670826734656638,-0.004554237192611998,0.007190126991612171,-0.022826136246089652
Approach1L,T_opt,5,10.809259828749996,1001,950,0.3228731463617007,0.020780216199796572,-0.01282757777991369,0.018875626000475976,0.019677791583937735,0.0054827382205947395,0.009440697314578788,0.004296161990380913,0.0004888363767792704,0.012066959913728699,0.010185819359794717,0.013366234094040075,-0.0016413949202793232,0.029885814716742638,-0.0021844950728151557,0.019526392913099714,-0.000986963126342156,0.021606356515601128,-0.001092092749148934,0.004639033922184845,0.01693388916839494,-0.004327254725366667,0.019454245629635235,0.000311682870979566,0.002475161685196327,0.0070480052797117325,0.011058072477007708,0.002150848356661534,0.0032215262544535864,0.02787726031938618,-0.013743979986784257,0.0005566621566755262,0.004375046256689188,0.0013994022214147243,0.01759278861757551,0.012581973154676997,0.007550189198212603,0.019669065223243604,0.006141237780368259,0.005239762454547265,0.016983383652358016,0.0016473868122097732,-0.021566653096086207,0.008240476400657597,0.0007791232624131204,0.008319432003538949,0.006952482642983666,-0.0011702642101058397,0.0002936358600395864,0.0013041422817898947,-0.014072827375888941,-0.0006739694621310383,-0.007184114908513622,0.022780305838744058,0.008655360061397872,0.008691366691935678,0.006195054736965982,0.010325359449942565,0.015122990558373024,0.007274255141125915,0.011590594582058302,-0.024547908157464056,0.015738008220678352,0.00799183905802345,0.00221328331850007,0.01126588329333706,0.008500338598776976,-0.00671341034730563,0.011277130934132568,0.010700162675284956,0.004700930472518031,0.005940512857071695,-0.017396861796500608,0.005763293336828871,0.05153651451512503,0.017476838500218403,0.031460146900021246,0.014674072265090933,0.005034999151758153,0.011554783097124533,-0.0015472363214165275,0.0061426208943891406,-0.0029993037648111823,0.007174158374712088,-0.006669123544158152,-0.008289677393932358,0.004824460313703725,-0.030946827711431642,-0.015413311498574833,0.021822492427009333,-0.007428146856555157,0.0072341100884718845,0.013048177106188353,0.0009755806773800307,0.005565848461850514,0.011008967694769728,0.01166284512541676,0.0033862093087279766,0.010411433571474301,0.019021849923097887,0.001886580381610636,0.0006437264753560885,0.012031345897014581,0.0017602443152635351,0.003462909794035953,0.007666025654186981,0.015955682085261456,0.029304098630855785,0.0017751983552262204,0.018697563334833626,0.015868289774936307,0.009837813901668636,0.0046476560898607005,0.021184925987791217,0.012345190417586725,-0.0045366046613519,0.0025158174067581385,0.01074187906325403,0.004714692960153194,-0.008080238389819916,0.013917545471767729,0.010940681301489251,-0.009993937531757906,0.006524530568480615,0.012091909117416621,-0.01269512577980298,0.022680504389620604,0.010640138256765304,0.024590940913302155,0.0035858023620130353,0.007744582580818998,0.007091519498443104,-0.0002870440280009637,0.006423452860087725,0.0038359286436059014,0.006585720942647762,0.00703260704047617,-0.0007319376591134823,0.0017238078769054137,0.01846901545554057,0.01403196472449454
Approach1L,T_opt,25,13.227980489153024,1001,750,0.5565846200720255,0.05316343440637336,-0.010085920136514888,0.04288345109040259,0.04628147816444904,0.02629430479100539,0.010799473088843811,0.013982625653164195,-0.009240247664670041,0.03053309250237557,0.0015649979209948935,0.013945624194717192,-0.004490171141724415,0.040926766142533655,0.005015141514566222,0.009995985256744173,0.0015296471873860254,0.013988344677000135,0.0029729850106516714,-0.027292451462653418,0.028760224765319396,-0.003234018313976853,0.027858699769962705,-0.015796927275208282,0.01250083780362143,-0.009300201890226865,0.02783331947426229,0.016435370871005377,0.01333536048673107,0.01395589230449893,-0.007037793449847002,-0.010169469232779012,-0.00987314623239043,0.0095771144720578,0.03619490114842448,-0.009729033293647594,0.0314052757436845,0.025013353741713228,-0.004656356160399347,-0.00393888706007274,0.041723012000086074,0.025863194200989485,-0.050631359008270836,0.023314884942933253,-0.02376660162821098,-0.013379286167418271,0.01559667031602508,-0.01352229104068441,-0.0009657888962561144,-0.018673498353619325,-0.03242367754301978,0.008439689651595295,0.013364068962376421,0.022275451041924688,0.014566914866021168,0.004361872075094794,0.01890146415845423,0.01288040087751087,0.021655632649762332,-0.004523964607380301,0.012470515015028919,-0.08717179038035534,0.028049826168263594,0.039658478424054226,-0.015033146510822645,0.018231881389816105,0.006315427635771267,-0.029310862519259157,0.037799691573915044,-0.0026102298305059266,-0.0005391709596899025,-0.016441003946401727,-0.11736932498960378,-0.0011069640365992464,0.1333478614083437,0.039052730579279965,0.12394325125257982,0.03111869726775878,-0.00584664637364727,0.002868809516620297,0.00986156822463752,0.022560674015921472,0.01883632019561438,0.01581772476168056,0.003970363880544177,-0.013278915649307884,-0.024301916245977356,-0.07136456367935456,-0.046562641671003,0.011859455072576831,-0.0009677149468226461,0.024398143756951596,0.006433619012998035,0.01038875751138369,0.014480611034354008,-0.01038839627550357,0.03605516608988913,-0.018124996950315553,0.0144190492913046,-0.007423527696922845,0.001441773302394124,0.005163493815019057,-0.020277858009948146,-0.0012121831231082306,0.012148804351175439,-0.011061547106564998,-0.002316425147199779,0.04703765675363589,0.010723020901635308,0.010676991290309388,0.0035691677798734053,0.021877675708121942,0.00092431810916151,0.02850737535257545,0.02232020128831519,-0.0027963770366941157,-0.003324937763686902,0.0076934448877700005,0.0054723228053080025,2.8742014837487145e-05,-0.009433187868677466,0.009598619072031182,-0.03214446263757049,-0.00052729373636691,0.016843565724227284,-0.062177114182544346,0.02968027579086783,-0.019443131975120695,0.02671245942867862,-0.0039673010702768255,-0.008537841585129276,0.003519796883074673,-0.009478051133408156,0.0081206238928693,0.019543341841383295,0.00810890715430036,-0.005675919575446421,-0.01213312776687622,-0.016730455205715852,0.014451810100726908,-0.02499491378804735
Approach1L,T_opt,75,17.52870191496643,1001,250,0.6129748640261712,0.01805316610118616,0.010967146814362234,0.05581192138976072,0.019922158289597945,-0.0033922997560911286,0.020200021497330675,0.019241772898004134,0.0028216723168711516,-0.0025686404163718164,0.024436948403230976,0.0058583668490504726,0.0033540546857608114,0.027731791707659943,-0.04418996872610258,-0.0010914102882512988,0.007580622339093596,0.004885401840595686,-0.010461226453193589,-0.0018510429198509704,0.013588101729944554,-0.002984701526743961,0.024621423567714396,-0.014590284192552037,0.010902438837776966,-0.004827064283543903,0.03913680288327001,0.01708849975283974,0.00042992746793789685,0.008717227256551704,0.001119578240360783,-0.030800955110971084,-0.008870656528432086,-0.0004539475334881353,0.033801356811471256,-0.009469834791682246,0.03189284376391944,-0.012586294219541667,-0.0019871637388525175,0.004225251408363229,-0.0029610996174781546,0.01897326519666876,-0.020551163476688616,0.0029999993094340024,-0.03004492845760967,0.0021044969280627907,0.023033986524718057,-0.0007703298240556693,-0.023003291642741938,-0.031092758382282263,-0.051952087820755534,-0.01019320261781173,0.01867563047053074,0.0021015284958948634,0.005252147991563684,-0.0067258869137816445,-0.010242037435415848,0.003415536180530509,0.0016662869330992067,0.005337240373840375,0.029426022027304773,-0.0774118795200522,0.05869395680903865,0.011914062647563381,-0.0029425985218357502,0.006350359654036849,0.0009748382134231325,-0.04423437375087148,-0.005780261207691458,-0.001040555198628501,0.013812670391425686,0.002608843180895857,-0.12062191390900634,0.0042044425015957225,0.08664494854128042,0.024367136141092045,0.17076705026820668,0.024360322048163643,0.005057254879747855,-0.024062342686253835,-0.023238441096090058,0.015160371376437456,-0.002759220559722282,0.017717252494214963,-0.007107912137887336,0.0010743477868979598,-0.018923904919207722,-0.03460689303250973,-0.024373858179871064,-0.013649069501891766,0.023058710663969955,0.05918761070366159,0.0265194061326758,-0.0012515950032149538,0.022009033950129216,-0.05853452974382581,0.017543599038062473,0.006931692615562012,0.011806018846260573,0.008205282450254061,0.013309452714110825,0.008702596706906734,-0.0188840654526731,-0.00805497566249198,0.019956403026576166,-0.008507284654924481,-0.008876966911143954,0.023273723489872274,0.007434224438453249,0.01832023177592134,0.012942723347250152,0.025159605278731716,0.004648135432880167,0.021208511265501155,-0.005175990551033226,-0.034465276774787945,-0.023221100043872914,-0.03016398865064094,-0.007479106638756438,0.016775379306734874,-0.03264868727766332,0.011259594759999526,-0.03192874697202454,0.024168379680693228,0.0061038348252945435,-0.054625878219767054,-0.0006693527672968786,-0.031911403674850236,0.019552285374591704,-0.002708421698687508,-0.017042357548295105,-4.4458685219340294e-05,0.007064438095696514,0.02150874997139721,0.023846536182844158,0.01924864063314332,0.00984420027519671,0.0002798807027287135,0.007452271551516997,-0.018028237671100428,-0.06673095883202872
Approach1L,T_opt,95,23.516860048169093,1001,50,0.35160899225249276,0.001643206943409292,0.004960069025840435,0.013983503223233785,0.0025918149828689056,-0.003352242276394673,0.0009166204564703172,0.0004791922191290368,0.006226940806980726,-0.0016918843019356495,0.011420796692904264,-0.00199458445735708,-0.0026687444688233055,-0.0028145464258618295,-0.020480162561372067,-0.0055070169635754946,-0.0025051096124742932,-0.0026146049460437143,-0.007039219503174125,0.005006891816302761,4.806121795266141e-05,-0.003204610641830817,-0.00983034844700878,-0.008333002195803837,-0.002378923022541871,0.0049243609925248046,0.015530092172314245,-0.011917524480334675,0.01095544918140929,0.007463079683923962,-0.00864694534903917,-0.007623972401305884,-0.002595588849097235,-0.006572684216525987,-0.00801505647583743,-0.004245990163964079,0.008441678624191085,-0.0013047648495042273,-0.004830386188482658,0.0008536504727393382,0.008150469869903657,-0.009073683404727584,0.017280588289960014,-0.0023926140636448805,-0.0003519675901735263,0.0024587782468371722,0.014705875745108708,0.000676767163101449,-0.012584390323869165,-0.003271685526318388,-0.013153608175493173,0.003955687206129823,-0.0005139366266984123,-0.005266041096589938,0.0031507442065254587,0.010519875677283836,0.0019495679137641279,0.006447627994713328,0.003593718922264752,-0.0016495973742877458,0.004612129644721437,-0.008860013486531811,0.019549846393183114,-0.00213251998298992,0.006238389618476076,0.005113838426391318,0.0009519566329980783,-0.014908131073485946,-0.003080772572842638,-0.006912656916888479,-0.0006303410477726517,-0.007262012007411533,-0.03523868895603226,-0.004513411169880464,-0.0010781883405122797,0.01014276265978712,0.07939284612638117,0.015450242516753728,0.002029733712693996,-0.003738411953140657,-0.014163220446637679,0.0052087478179648865,-0.010608629333107597,0.004862754188648601,-0.006734956889493355,0.00990128010579214,-0.006754731006019248,-0.009068029405603428,-0.004001944904365352,-0.0003869006501510978,-0.0015931923723787912,0.022043586240660384,0.0033396945925065888,0.005981787033032259,0.004782957000987655,-0.024747347797359945,0.005761394294690752,0.0053012910302731395,0.0030937257260400357,0.006956610821518348,0.007848462055280548,-0.0025245493928358533,-0.014747528992814321,0.002041240715935113,0.00811390619574512,-0.001368890568269675,-0.011862322518435955,0.003919632380450708,0.0033002035967743806,0.009443093669953717,0.00897878199293978,0.011938354166098316,-0.0025962499213778457,0.015416069326459213,0.013733775326298313,-0.00804799023969946,-0.010495034030819427,0.0018214959681533346,-0.007546310918414938,0.009722528752869074,-0.001778870670678897,0.007751567681757042,-0.0028490014951396293,0.00728095437350838,0.004762880194618381,-0.01544448444733544,0.007723833554753289,-0.005309249087924819,0.0023114063398274962,0.0009546985795465934,-0.01206508203593626,-0.010338789795918249,0.010022802838902268,0.0032339657871523165,0.0045440435753277605,-0.00023858269258757582,0.009079813808384182,-0.0039244262507228695,-0.010121797901733242,-0.000334619862751709,-0.02047792691042091
Approach0L,h1,5,0.0,1001,0,0.0,0.0,0.0,0.0,0.0,0.0,0.0,0.0,0.0,0.0,0.0,0.0,0.0,0.0,0.0,0.0,0.0,0.0,0.0,0.0,0.0,0.0,0.0,0.0,0.0,0.0,0.0,0.0,0.0,0.0,0.0,0.0,0.0,0.0,0.0,0.0,0.0,0.0,0.0,0.0,0.0,0.0,0.0,0.0,0.0,0.0,0.0,0.0,0.0,0.0,0.0,0.0,0.0,0.0,0.0,0.0,0.0,0.0,0.0,0.0,0.0,0.0,0.0,0.0,0.0,0.0,0.0,0.0,0.0,0.0,0.0,0.0,0.0,0.0,0.0,0.0,0.0,0.0,0.0,0.0,0.0,0.0,0.0,0.0,0.0,0.0,0.0,0.0,0.0,0.0,0.0,0.0,0.0,0.0,0.0,0.0,0.0,0.0,0.0,0.0,0.0,0.0,0.0,0.0,0.0,0.0,0.0,0.0,0.0,0.0,0.0,0.0,0.0,0.0,0.0,0.0,0.0,0.0,0.0,0.0,0.0,0.0,0.0,0.0,0.0,0.0,0.0,0.0,0.0,0.0,0.0,0.0,0.0,0.0,0.0,0.0,0.0,0.0,0.0,0.0,0.0
Approach0L,h1,25,0.0,1001,0,0.0,0.0,0.0,0.0,0.0,0.0,0.0,0.0,0.0,0.0,0.0,0.0,0.0,0.0,0.0,0.0,0.0,0.0,0.0,0.0,0.0,0.0,0.0,0.0,0.0,0.0,0.0,0.0,0.0,0.0,0.0,0.0,0.0,0.0,0.0,0.0,0.0,0.0,0.0,0.0,0.0,0.0,0.0,0.0,0.0,0.0,0.0,0.0,0.0,0.0,0.0,0.0,0.0,0.0,0.0,0.0,0.0,0.0,0.0,0.0,0.0,0.0,0.0,0.0,0.0,0.0,0.0,0.0,0.0,0.0,0.0,0.0,0.0,0.0,0.0,0.0,0.0,0.0,0.0,0.0,0.0,0.0,0.0,0.0,0.0,0.0,0.0,0.0,0.0,0.0,0.0,0.0,0.0,0.0,0.0,0.0,0.0,0.0,0.0,0.0,0.0,0.0,0.0,0.0,0.0,0.0,0.0,0.0,0.0,0.0,0.0,0.0,0.0,0.0,0.0,0.0,0.0,0.0,0.0,0.0,0.0,0.0,0.0,0.0,0.0,0.0,0.0,0.0,0.0,0.0,0.0,0.0,0.0,0.0,0.0,0.0,0.0,0.0,0.0,0.0,0.0
Approach0L,h1,75,0.0,1001,0,0.0,0.0,0.0,0.0,0.0,0.0,0.0,0.0,0.0,0.0,0.0,0.0,0.0,0.0,0.0,0.0,0.0,0.0,0.0,0.0,0.0,0.0,0.0,0.0,0.0,0.0,0.0,0.0,0.0,0.0,0.0,0.0,0.0,0.0,0.0,0.0,0.0,0.0,0.0,0.0,0.0,0.0,0.0,0.0,0.0,0.0,0.0,0.0,0.0,0.0,0.0,0.0,0.0,0.0,0.0,0.0,0.0,0.0,0.0,0.0,0.0,0.0,0.0,0.0,0.0,0.0,0.0,0.0,0.0,0.0,0.0,0.0,0.0,0.0,0.0,0.0,0.0,0.0,0.0,0.0,0.0,0.0,0.0,0.0,0.0,0.0,0.0,0.0,0.0,0.0,0.0,0.0,0.0,0.0,0.0,0.0,0.0,0.0,0.0,0.0,0.0,0.0,0.0,0.0,0.0,0.0,0.0,0.0,0.0,0.0,0.0,0.0,0.0,0.0,0.0,0.0,0.0,0.0,0.0,0.0,0.0,0.0,0.0,0.0,0.0,0.0,0.0,0.0,0.0,0.0,0.0,0.0,0.0,0.0,0.0,0.0,0.0,0.0,0.0,0.0,0.0
Approach0L,h1,95,0.0,1001,0,0.0,0.0,0.0,0.0,0.0,0.0,0.0,0.0,0.0,0.0,0.0,0.0,0.0,0.0,0.0,0.0,0.0,0.0,0.0,0.0,0.0,0.0,0.0,0.0,0.0,0.0,0.0,0.0,0.0,0.0,0.0,0.0,0.0,0.0,0.0,0.0,0.0,0.0,0.0,0.0,0.0,0.0,0.0,0.0,0.0,0.0,0.0,0.0,0.0,0.0,0.0,0.0,0.0,0.0,0.0,0.0,0.0,0.0,0.0,0.0,0.0,0.0,0.0,0.0,0.0,0.0,0.0,0.0,0.0,0.0,0.0,0.0,0.0,0.0,0.0,0.0,0.0,0.0,0.0,0.0,0.0,0.0,0.0,0.0,0.0,0.0,0.0,0.0,0.0,0.0,0.0,0.0,0.0,0.0,0.0,0.0,0.0,0.0,0.0,0.0,0.0,0.0,0.0,0.0,0.0,0.0,0.0,0.0,0.0,0.0,0.0,0.0,0.0,0.0,0.0,0.0,0.0,0.0,0.0,0.0,0.0,0.0,0.0,0.0,0.0,0.0,0.0,0.0,0.0,0.0,0.0,0.0,0.0,0.0,0.0,0.0,0.0,0.0,0.0,0.0,0.0
Approach0L,h2,5,0.0,1001,0,0.0,0.0,0.0,0.0,0.0,0.0,0.0,0.0,0.0,0.0,0.0,0.0,0.0,0.0,0.0,0.0,0.0,0.0,0.0,0.0,0.0,0.0,0.0,0.0,0.0,0.0,0.0,0.0,0.0,0.0,0.0,0.0,0.0,0.0,0.0,0.0,0.0,0.0,0.0,0.0,0.0,0.0,0.0,0.0,0.0,0.0,0.0,0.0,0.0,0.0,0.0,0.0,0.0,0.0,0.0,0.0,0.0,0.0,0.0,0.0,0.0,0.0,0.0,0.0,0.0,0.0,0.0,0.0,0.0,0.0,0.0,0.0,0.0,0.0,0.0,0.0,0.0,0.0,0.0,0.0,0.0,0.0,0.0,0.0,0.0,0.0,0.0,0.0,0.0,0.0,0.0,0.0,0.0,0.0,0.0,0.0,0.0,0.0,0.0,0.0,0.0,0.0,0.0,0.0,0.0,0.0,0.0,0.0,0.0,0.0,0.0,0.0,0.0,0.0,0.0,0.0,0.0,0.0,0.0,0.0,0.0,0.0,0.0,0.0,0.0,0.0,0.0,0.0,0.0,0.0,0.0,0.0,0.0,0.0,0.0,0.0,0.0,0.0,0.0,0.0,0.0
Approach0L,h2,25,0.0,1001,0,0.0,0.0,0.0,0.0,0.0,0.0,0.0,0.0,0.0,0.0,0.0,0.0,0.0,0.0,0.0,0.0,0.0,0.0,0.0,0.0,0.0,0.0,0.0,0.0,0.0,0.0,0.0,0.0,0.0,0.0,0.0,0.0,0.0,0.0,0.0,0.0,0.0,0.0,0.0,0.0,0.0,0.0,0.0,0.0,0.0,0.0,0.0,0.0,0.0,0.0,0.0,0.0,0.0,0.0,0.0,0.0,0.0,0.0,0.0,0.0,0.0,0.0,0.0,0.0,0.0,0.0,0.0,0.0,0.0,0.0,0.0,0.0,0.0,0.0,0.0,0.0,0.0,0.0,0.0,0.0,0.0,0.0,0.0,0.0,0.0,0.0,0.0,0.0,0.0,0.0,0.0,0.0,0.0,0.0,0.0,0.0,0.0,0.0,0.0,0.0,0.0,0.0,0.0,0.0,0.0,0.0,0.0,0.0,0.0,0.0,0.0,0.0,0.0,0.0,0.0,0.0,0.0,0.0,0.0,0.0,0.0,0.0,0.0,0.0,0.0,0.0,0.0,0.0,0.0,0.0,0.0,0.0,0.0,0.0,0.0,0.0,0.0,0.0,0.0,0.0,0.0
Approach0L,h2,75,0.0,1001,0,0.0,0.0,0.0,0.0,0.0,0.0,0.0,0.0,0.0,0.0,0.0,0.0,0.0,0.0,0.0,0.0,0.0,0.0,0.0,0.0,0.0,0.0,0.0,0.0,0.0,0.0,0.0,0.0,0.0,0.0,0.0,0.0,0.0,0.0,0.0,0.0,0.0,0.0,0.0,0.0,0.0,0.0,0.0,0.0,0.0,0.0,0.0,0.0,0.0,0.0,0.0,0.0,0.0,0.0,0.0,0.0,0.0,0.0,0.0,0.0,0.0,0.0,0.0,0.0,0.0,0.0,0.0,0.0,0.0,0.0,0.0,0.0,0.0,0.0,0.0,0.0,0.0,0.0,0.0,0.0,0.0,0.0,0.0,0.0,0.0,0.0,0.0,0.0,0.0,0.0,0.0,0.0,0.0,0.0,0.0,0.0,0.0,0.0,0.0,0.0,0.0,0.0,0.0,0.0,0.0,0.0,0.0,0.0,0.0,0.0,0.0,0.0,0.0,0.0,0.0,0.0,0.0,0.0,0.0,0.0,0.0,0.0,0.0,0.0,0.0,0.0,0.0,0.0,0.0,0.0,0.0,0.0,0.0,0.0,0.0,0.0,0.0,0.0,0.0,0.0,0.0
Approach0L,h2,95,0.0,1001,0,0.0,0.0,0.0,0.0,0.0,0.0,0.0,0.0,0.0,0.0,0.0,0.0,0.0,0.0,0.0,0.0,0.0,0.0,0.0,0.0,0.0,0.0,0.0,0.0,0.0,0.0,0.0,0.0,0.0,0.0,0.0,0.0,0.0,0.0,0.0,0.0,0.0,0.0,0.0,0.0,0.0,0.0,0.0,0.0,0.0,0.0,0.0,0.0,0.0,0.0,0.0,0.0,0.0,0.0,0.0,0.0,0.0,0.0,0.0,0.0,0.0,0.0,0.0,0.0,0.0,0.0,0.0,0.0,0.0,0.0,0.0,0.0,0.0,0.0,0.0,0.0,0.0,0.0,0.0,0.0,0.0,0.0,0.0,0.0,0.0,0.0,0.0,0.0,0.0,0.0,0.0,0.0,0.0,0.0,0.0,0.0,0.0,0.0,0.0,0.0,0.0,0.0,0.0,0.0,0.0,0.0,0.0,0.0,0.0,0.0,0.0,0.0,0.0,0.0,0.0,0.0,0.0,0.0,0.0,0.0,0.0,0.0,0.0,0.0,0.0,0.0,0.0,0.0,0.0,0.0,0.0,0.0,0.0,0.0,0.0,0.0,0.0,0.0,0.0,0.0,0.0
Approach2L,h2,5,-0.0002751550250552,1001,950,0.28497641878010715,-0.0014742503433285148,0.010825094628285816,-0.007216356724104576,0.01964801347758645,0.0007619344883593749,0.002187145539551842,-0.0033930438984182076,0.010235051539543176,0.01197802082812269,0.006435427209136923,0.003417213453138922,0.009128718063799751,-0.007568821367458597,-4.6456896623773766e-05,0.013418165088649858,0.0011608587203995012,0.0064606993695866186,0.010060932689630323,0.010427037674231403,-0.003988292277536406,0.01560975580766166,0.005167428659144206,0.007888481757163938,0.015451363799284398,0.007672151598416816,0.00363205312795389,-0.0032486899457176014,0.007345073817489969,0.009526401132029535,0.01790999823243524,0.005673525274857066,0.01813446547684009,0.007536370739095794,-0.002507200226473681,0.010815643062428607,0.009666457922620084,0.009586482131078091,0.00549428456152843,4.390047894506366e-05,0.010044947563191605,0.018841384069930554,0.04660435108909798,-0.0036961543599055777,0.006924257469289063,-0.003696353040208853,0.0020857306353078853,0.01392328583034268,0.003959483387459113,0.012479283429095543,0.003968297488868006,0.004734580037924523,0.009492520454657928,-0.0020154794235435793,0.007855927738668026,0.009959015410326857,0.007608942975811402,-0.008147458891889819,0.016343428900104477,0.013926016469192231,0.014807888686631798,-0.018411345174988797,0.016452956777360393,0.00022825084532511507,0.0021302544914206844,0.008574387081839281,0.019607104486453864,0.0040732597470946345,0.0008968825889399401,-0.0022296556524239257,0.008174588401689529,0.007137583692387037,-0.019424747208525325,0.013602430653823877,-0.0005410683904327022,-0.006329531560249501,0.015708773253327035,0.00878842190432818,0.00828906563947975,-0.003940190219427634,-0.009925778140460055,0.005052824763996629,0.005046294250889177,-0.0015396344276647923,0.003226484170196475,0.008359204947846527,0.0009399093649804474,0.03673381979475884,0.038542165750659205,-0.008552755915404768,0.01093022797385087,0.02247646152308366,0.0100295859129966,0.018131342275539926,0.016891609880231875,0.007696640557208878,-0.012889871520736437,0.011546592287921428,0.018374112782252983,0.02421405398820687,0.008493836494580444,-2.8998702949655647e-05,0.013821339288581131,0.003879837974068448,0.002687900397335346,0.00033270242688738724,0.02005082475756499,-0.01518714947818545,0.013461141154788919,0.009944190620893462,0.0032765300479027475,0.013554202014223731,0.017903696483801464,0.012227904631826426,0.013200957652924217,0.008327729424218007,0.014145509914266595,-0.00648437367504324,-0.005214779788253006,0.014377086182974948,0.006025173804729049,0.0002802764158625799,0.032548986758927964,0.019488232247635285,-0.009964703916318584,0.00186553767521719,0.0007443818858401743,0.0012264378664596414,0.009146018972092308,-0.0022531057871541214,-0.000253610492268682,0.012317274771264363,0.01814501269747408,-0.009700154918831666,0.01311204576103889,0.0173927994176785,0.005505649015739735,0.0033643322476353665,-0.006603369594904741,-0.007396380823513191,-0.004316793428588422
Approach2L,h2,25,-0.0002120856877246,1001,750,0.49061624623783695,-0.027581677553229808,-0.004159630046150746,-0.01994362019234474,0.022276672529986347,-0.014296381689504476,0.011469398482426053,-0.0242817416564259,-0.009692834883385064,0.018916706611133365,-0.00510527082502958,-0.009352046402212249,0.0052415132583619115,-0.010357742072446816,0.00882896253499238,0.018356059929455562,-0.0019193632145803191,-0.008266646075058838,-0.008462876216970321,0.016380224030196393,-0.027636877454694293,0.026537882334716628,-0.018874234806339783,0.025175618822340172,-0.010763777836690112,-0.004052754620471062,0.017148054458237173,0.02387710376002105,0.0029830268658597933,0.00771454216354589,0.007939330646446429,-0.0007552683603826403,0.036590559644428006,0.015989389529360458,-0.011591808180142011,0.020412314480245865,0.013724607347687108,-0.00441434124661033,-0.00831645585893891,0.008765740373567315,0.008339457981075011,0.002992587529538772,0.09738486140445397,-0.006193468265909739,0.03389485687971345,0.017966437727914314,-0.007142890673547446,0.000319581323003533,0.0011984804631069608,0.01750911544650137,0.01413051128991906,0.0075827617664008945,0.01842756280707836,-0.0209502891017473,0.01267689992446704,0.012506340001406374,-0.005336058634739162,-0.018797317217635494,0.013454013835687504,1.798988432807208e-05,-0.0008457927035125015,-0.02339349734126742,0.017736077901803714,-0.04122008036166192,0.020398871208176628,-0.004982124526162333,0.010198462683135213,-0.02836868983008937,-0.02176732546182234,-0.0008060007191863722,-0.006665423951075547,0.01693016089384706,-0.04714587475270794,0.0017358730828327187,-0.01224271501111898,-0.019206585918079888,0.04928278628599148,-0.010178457119106112,0.005881355632495132,-0.01674509553296039,-0.030312886491315184,-0.00895260883396894,0.001987378995346383,-0.03020404548947297,0.01979365716239779,-0.02490053489774433,0.012287981638999726,0.07842439181432889,0.14226110126998975,-0.013762324787052877,0.01773676790807598,0.03599296869012597,0.004123365270113077,-0.017325268597243093,0.013560706941587496,0.009586655434707183,-0.019740148696741146,0.025607223417748765,0.016727798504187888,0.06427189085413793,-0.00469088014112844,-0.004112863475928093,0.03006824581316967,0.0018631713377285399,0.0034482889461904045,-0.003966000230310161,0.01709188461317561,-0.03539663833781083,0.01351650923188144,0.01554077492642509,0.006491427887240116,0.009203385736556883,-0.0038930847210575407,-0.008457191795873127,0.022645595445205377,0.03637547151754942,0.02942844220860045,-0.002198292711472403,0.009974174748882158,0.01577029250145992,0.016006911913180027,0.01093155006478961,0.10054247260193677,0.019091447695322956,0.003927449754932906,-0.023921958456712876,-0.0017077537557497998,0.004215990993735919,0.005128810852796701,-0.01984318383961103,-0.010783073158760542,0.017768332645507996,0.0339885492551224,-0.024309390205469402,0.03591622976820119,0.02908192521138967,0.0028493269639885133,-0.005843294049800832,0.007134803656181427,-0.028906070140894267,-0.04032622804170609
Approach2L,h2,75,-0.0001372335742477,1001,250,0.4876707991752496,-0.01506810109139907,0.0043237708795918935,-0.02722001530844928,0.017041272715279394,-0.007982506448230856,0.0021268667728225714,-0.032092827376089,-0.03383757261182056,-0.006898408273374429,0.021874710830022594,0.011698819075017,0.012760554439650101,-0.0031571199133718555,0.008640995995613063,0.0005499111274504022,-0.008986494265023355,-0.009234234832099196,-0.003614865048138915,0.022368983138988607,-0.030734265063298016,0.0023004537703880685,-0.03930569646707036,0.01915545800372237,-0.02197478677872903,-0.005048669948490719,0.004294182463025719,-0.004257342488536337,0.010755331496689911,0.01196462589023052,0.000728000592931842,-0.03258296234957221,0.011245549251830553,0.04016937092777265,-0.0035148481234527538,0.01491418983580221,-0.009605997616250334,0.0060281944129637,-0.011082384594763215,-0.0034639890717084853,0.012012497912352616,-0.00015246000756160855,0.05323230040406763,0.0038281752130124086,0.03271067560485287,0.025677399382496136,-0.03149677055832132,0.005538896792676393,0.0070041948423957626,0.03137661746859855,0.030117024762442463,0.01122339423528346,0.009700730663722158,-0.004093075506619822,-0.011875590852045684,-0.004014950266120783,0.013058625623432386,-0.01903521617158909,0.02756838724317764,0.014320831479229985,-0.0379530033265793,-0.0054317285287117,-0.0077892007947744065,-0.032257681963893725,0.00019602613434365097,-0.0003487872491388065,0.020867063047004582,-0.046510671561419505,-0.011805299972401944,0.0019943874275115334,-0.02736553408725635,0.013072872526455472,-0.02595559246634678,0.012357044513638388,-0.07660903621688542,-0.022173435850007094,0.05953163895706257,-0.011467614164067632,0.013751493132877001,0.012711928892938951,-0.012082798543320793,0.016130268030282963,-0.0022282795190212527,0.009344010361854761,0.02575393646955327,-0.00193000694966277,0.015166377532869316,0.09003502959488191,0.156781881626729,-0.006849911738419354,0.028625029841403384,0.03371113793645071,0.022903163498068275,0.027306199302676963,0.006263438906712583,-0.011836389872821611,0.0019168923550235764,0.004012316620415516,0.0039056996431771768,0.002912024463419775,0.013447142532351257,0.029330861358967585,0.007964791234252786,-0.034197397461348054,0.017901303448210802,-0.030625539335340166,-0.019546611749820447,-0.043503492599764285,0.004643035032754893,-0.007235050934448178,0.00894546402733366,-0.009973887535847102,-0.05194965761124558,-0.006018816680732944,0.034380727471102074,0.015474641250154863,-0.0052221069309963675,0.02411726304453403,-0.010907876402295173,0.0022774039997134603,0.02099188449192204,-0.012859587330755873,0.06613541449446536,0.002186794585037854,-0.015591345940962498,0.008067497674280664,-0.008368190465813387,-0.0016815193886853454,0.0009181966785410823,0.01744973933546821,-0.02291500326222489,0.006886784571563734,-0.0015865066760128131,-0.03871674040559947,0.010739333286362356,-0.015036570250175515,-0.011004460830079627,0.005032161764948683,0.01892084203933895,-0.02469512888937263,-0.044391268481346544
Approach2L,h2,95,-9.394272882132476e-05,1001,50,0.31621203023938993,-0.007139461759995253,-0.0007397077410459321,-0.00855169441174117,-0.001588377064843868,0.020370608127025264,-0.0003866160927658308,-0.00214534272947591,-0.008495354036318032,-0.0006935383386386064,-0.0019365458989968843,-0.006359888279883664,-0.0003398425834270839,-0.0063137032792742334,0.006400969761172739,0.003775509814505758,0.002759090647235299,-0.004770755595133664,-0.00774306782898596,0.01269068027776368,-0.018221593333458404,-0.009148298213061012,-0.016175130089322653,0.008779417980967512,-0.0045245400128686095,-0.01324261353094194,-0.011854555004720577,-0.000342611066463926,0.005263060142488433,-0.005636138138801267,0.006078462997507472,0.001693545100353016,0.0004162291979347421,0.011925505320175514,-0.000678813139678781,0.0023187012893854182,-0.007238727267183205,-0.0027654780776741154,-0.008937780368893422,-0.0007589979523071489,-0.010337264838089172,-0.006117675180464236,0.006978857564139343,0.0007326841755884873,0.012127330697398287,0.0092909741988366,-0.015232945996473369,0.001825073087897604,0.008206434740904104,0.003946046924681191,0.021796232071033345,3.243538005705173e-05,0.0016156679683077145,0.00022369968445494406,-0.00548194130697208,0.0016363141157057447,0.0071131642256183035,-0.0007366174249058138,0.012606564557812339,0.017648826581089416,-0.0082898900694773,0.005641738516906502,-0.010577697231139584,-0.015164660022287911,-0.002422030573829146,-0.005076343715978047,0.007918901923029112,-0.01703603511132594,0.005603093447037825,0.004354104384145867,-0.013483616822668909,-0.005370322226010899,0.019210680070496915,0.006422226156155982,-0.026517103882906998,-0.016098455955655025,0.017962772497993627,0.002629730504340813,0.0032676330890965086,0.007441616894055567,0.008772957743391364,0.015916585076417633,-0.0068827517301198685,0.007142604374803508,0.020305728192983912,-0.005483487514822497,0.00465137856866303,0.040171570767394985,0.05747590507167073,0.0033062007831085004,0.004604211652101679,0.006245324497594821,-0.0024672620243782377,0.010469853948001213,-0.009331101999618618,-0.01331252632862687,0.0030456540514008576,-0.00509038398301616,0.0031489070087467796,-0.020301359576367934,0.009705737540366608,-0.0019207484651119783,0.014052153068333155,-0.011553592275357091,-0.0019496056707282204,-0.017237720619933235,-0.006585384902125746,-0.020232665123812513,0.00413145528897699,0.002642276282428656,0.0027819682025522394,-0.00423874305218796,-0.020974280815991404,-0.006803117549088199,-0.0009753378998982581,-0.001533314941510217,0.015451927320369699,0.0026303404425501173,-0.0018872615990800784,-0.002520693413646045,0.0022017356227257198,0.001509353988606743,0.020590410713949233,0.005587247466053685,-0.0021338335082569868,0.006214643832715934,-0.009505029670298558,-0.003215762790988932,0.0013782874895782171,0.006672725178428231,-0.006796059783547036,0.002465370018681642,0.007423883789510623,0.003423623198064379,0.0021219654794714603,-0.005412533883366245,-0.004689412260122785,0.0074247541591686275,0.001106718719033172,0.002288620658285369,-0.015010142233331334
Approach2L,h4,5,-0.0021319235288504,1001,950,0.24988400480089157,-0.0006213561495853337,0.0016389297023178834,-0.009019429055387707,0.01495538429813542,0.009563348581813562,0.004209500080942676,0.0016817343980927175,0.011124137273136287,0.005120024143812746,0.0013338468271360468,-0.005437378680433359,0.014799462865412403,0.0005039547380573926,0.018393480466613682,0.0022586645700021033,0.005262626629802624,0.0017327057079534088,0.017447767020675044,-0.0061251068800315354,0.019587509225879443,0.019689860997811986,0.011099105422092945,0.004031060730670938,-0.005936322620679292,0.010898224208777731,0.012046496252905159,0.005547512937079608,-0.003527298238915232,0.011243537998660166,0.008079968100103307,0.01273132858117505,0.01657167123802,0.004658721532673314,0.010900316534140348,0.02109116385373985,0.005009648336922936,0.007487452152697388,0.004890006248282317,0.012640128993887462,0.005003487576513867,0.028044763044816474,-0.0029940044144332336,0.011155684072998266,0.02387133881999476,0.013500269755824069,0.009679102560138323,0.014994028047366822,0.00020931731933142381,-0.00815299170115858,0.009278045105585676,-0.004419121375323638,0.01291824289627497,0.007353425198863369,0.011919258198890278,-0.003541406317729755,0.012031580664301548,0.013468791118266493,0.007492429671245896,0.01116677444770112,-0.006397988182471727,0.0275505501760145,-0.0013601638112261897,0.006904599524805835,0.006647645257801389,0.02044139904815709,-0.002667602786990802,0.01651970974474047,0.0005583061415558145,0.001366202188286661,0.011165432652078514,0.016797037716711653,0.03629845252005911,0.007073936998895732,-0.00965983253040824,-0.006947569448793205,-0.03827580995546886,0.01700216271615469,0.008978810885431196,0.0014019279943160165,0.008835336377343976,3.728649234524366e-05,0.016432603062935737,0.007303229751466884,-0.0017432759530126296,0.013423795268705636,0.009055164875626975,0.0018463608815693284,0.0028502699225790035,-0.0003966809362751277,0.009378582673880708,-0.02138646784431253,0.0029950317206325705,0.014328906856687173,0.0018573705242495922,-0.0004572330110933047,0.004724328432291219,0.020776257206776876,0.002624914370966171,0.019369460336778253,-0.019967054880666493,0.010892506279525153,0.0026121706383440044,0.012404679324983231,0.0033563585178490833,0.010965911701108232,0.005659784050652018,0.0031110844871645497,0.003820568423121423,-0.007454417794361061,0.022055589840749783,0.0038579144714170643,0.015903497037151444,-0.0012294668333961735,-0.001112975209380274,0.02129414007951233,0.0013070185451801329,-0.0076008707069171715,0.002605889349852574,-0.0080576236634848,0.002315905062914866,-0.0032373620345832552,0.006978200293108131,0.0056104378433901566,0.016995041751128134,0.019877079564240983,0.021633283326551508,0.00344349015761225,0.016304156039862787,0.003046495022512531,0.010103853545529506,0.009030812376643356,0.008134826648729207,0.010766460988014877,-0.002727594145771433,0.012527431089188044,0.007039262431052866,0.012034087184981515,0.00458388627483823,0.009773345971712382,0.00966917694460165
Approach2L,h4,25,-0.0011424691685481,1001,750,0.5470114277268039,-0.010082946578748378,-0.015415810111541597,-0.03619366009549216,0.042695484024579546,0.0012306002404249214,-0.007945531740667727,0.0059460133551685924,0.030275769619841963,-0.008573435369905524,0.02861367513726157,-0.009084811021407497,-0.001010476729175161,-0.0038841512279313467,-0.019207825808101,0.01401011395957395,0.008921063777565581,0.009880828731436779,0.0159819647803325,0.008417416893214902,0.00905908519166418,0.01665251941434401,-0.01703911211659857,0.004623673723925449,-0.010059532075882444,-0.001210872621056347,0.0015063279441804825,0.019300904424037896,-0.009987907345135426,0.0031409793234873024,-0.012204652522143707,0.0404986192012692,0.008708598557406536,0.008166103328420882,0.011450499747823749,0.03287779035474881,-0.009025252648800611,0.012120230443984012,0.016569862774419457,0.016148367636933787,-0.005760570076895875,-0.021128915697070563,0.011182891260888703,0.0035710263627085573,0.027972272403528876,0.029006156082822046,0.0279518228846469,0.016058740716252864,-0.00259857009067423,-0.04407824071266363,0.03242784116966069,-0.0036477471770117002,-0.00750518663672727,-0.004541113465259525,0.00814075274180311,-0.010996780793688887,0.013281421392677982,-0.01487613426709952,-0.009915215865566294,0.008606370774769938,-0.014175144630544272,0.10385184458110854,-0.021949133451555317,0.007877045886605493,-0.0010856813957197883,0.024704360311010976,0.01257272960279658,0.060624015499547226,-0.015428923735099118,0.0068846771191852785,0.02328038594230153,0.028926401267311233,0.03196926124011065,0.02712879904435716,-0.11121158877909312,-0.020554013479900712,-0.15493416676153965,0.03501180131517121,0.0031186788340337983,0.020827587187017157,0.018704017478925028,0.01323207853109995,0.017599983689236817,0.0074889221265773236,-0.01091876900071478,0.04951591503867543,0.02147515130255232,0.020480276221016128,-0.0038489867095435667,-0.0037518749873064984,-0.0022375233140973696,-0.03462099798839589,-0.00468779728564353,0.010413311932082685,-0.006681010103379438,-0.0275917830103995,0.0253188734393898,-0.007058029710831432,0.007763123480317017,-0.0024937194679734535,-0.004459958534453044,0.022567635578958616,-0.039848357473665066,0.019305459988688385,-0.01558700055547505,0.01860178545306581,0.016405564064933684,0.00448547098031625,0.01756536159180248,-0.010111593553106101,0.06478215011879301,-0.006285161266884389,0.0027708244518825434,-0.03869690676200802,0.004800217825988662,-0.008098260218014767,0.008368617292613057,0.0053995922292881075,0.015740183394505412,0.005979362197124555,0.0011633043092795425,-0.008267566028607214,0.026014051597852507,0.010303196051487874,0.006341329973816657,0.07238307834830573,0.046408862843200074,-0.01568682832663649,0.03903730202164521,0.012223577655634536,0.021579247407005477,-0.007068103647921743,0.022864759980601824,0.005958404817014155,-0.002822164971867592,-0.0276296328868273,0.014769028854154228,-0.01866194451384025,0.0014569218414416888,0.025118675008471886,0.04293675851698825
Approach2L,h4,75,-0.0003175022749496,1001,250,0.5333938150334576,-0.02010440667337876,0.0009638614019736556,-0.04705672568177844,0.07001100354479273,0.00675905804846154,0.025142740877074535,-0.0063451840072194995,-0.018101945440564152,0.0078020132196544405,-0.0035953663977686123,-0.010353569608031774,0.009708805082462727,-0.03579487595940205,-0.014901478129880758,0.01990690263932969,0.0035492719254890323,0.012998269992550243,0.02614688396356421,-0.006403003355300467,-0.0002728787339566774,0.002475764829663006,-0.030752467929784782,0.019790476048136746,-0.013169890268047837,-0.00823344475438767,-0.01648220483034797,-0.010246452959910814,-0.00806547836064275,0.03352155724816483,0.005660416790259257,0.012809191030090532,0.0008467924986920033,-0.012380372770987545,0.02212682968375395,0.020481327815967593,0.020532202338716297,6.0155295368556974e-05,0.010873748705456885,2.291729706205975e-05,-0.01618307360749565,0.01216476010813431,-0.016836601992683414,0.00555893075230347,-0.0028669621206011547,0.0388362951478842,0.021352199290968744,0.0004441970377731669,-0.009181088052764168,-0.0355486947724831,-0.018722136455761314,0.02481680216852751,-0.012378464980293389,-0.01975520733182761,-0.0030502800690883547,-0.009989845807333638,-0.010234190703662435,0.00018065902862099414,-0.0053981249981669656,-0.012764154407855405,-0.01852966171370062,0.06918145424260266,0.05820623771118323,0.00638699315176753,-0.00010411270169505965,0.00522462524639764,0.014756386408051247,0.04979474532720928,-0.005724163354967688,-0.0076260543999365615,0.032045819950476034,0.017914813946977023,-0.09192740507918695,0.008192689244753975,-0.15571323316066354,0.017525953069725944,0.026758555589374268,0.009827646972087427,0.014837330052442567,0.0020041459673406856,0.024342923396831376,0.009607279250881905,-0.002992441612605458,0.0016364579385519029,-0.01519511949436519,0.010754920092702618,-0.008801834755316233,-0.005983049765038266,0.00893239254131881,-0.01522523358005464,-0.017553557139610137,0.02483190604718769,-0.012821180276969425,-0.004206423180894222,-0.014803660597331278,-0.027641471702624706,0.05032557874754886,0.0058467504999725715,-0.006468275725461303,0.005228393557201606,0.004655447228879686,0.00037843036512265164,-0.04203735936743337,0.007664781847608276,-0.001998881430054507,-0.009662071423675655,0.02549687693689367,-0.02185127435235566,-0.022871731218384855,-0.0033559873425700443,0.0757954169082334,0.0006636303166599241,-0.00712541988222766,-0.014584169907351164,0.025755760936605386,0.0046602535173835315,-0.013620637034801989,-0.011045747624242342,0.028447823853031417,0.0038185866642989775,0.010150037838000628,-0.020731266494874674,0.005961639909511432,0.020312755952347925,0.006748330677419177,0.0569298545305542,0.036006885196709845,-0.011266973181005335,0.06305869222476651,0.01721901331725631,0.03798380523910157,-0.011887851322375336,0.0017938770946124873,0.008710819481187501,-0.02674072879681144,-0.03274729395805891,0.015362186790329862,-0.0138273203948658,-0.00837627981756838,0.01453507073995643,-0.015703318965763588
Approach2L,h4,95,-0.0001328260688806,1001,50,0.3143344712101195,-0.008844771343764863,-0.011958795361989884,-0.020585899336800714,0.027310736060453165,0.0036083745214079196,0.013365452292765753,-0.0027336183171313244,0.00146017281440122,-0.001015517115850996,0.012940660228354132,-0.017291532583764722,0.004597523519399675,-0.007615593211230606,-0.017657965384018096,0.00014667773354731448,-0.001992212887322946,-0.003136382158295813,0.011243285769704372,-0.011056896095234296,0.014452362893251476,-0.005383257708748342,-0.0032223144360489387,0.001404738532472387,-0.0014189693437866699,-0.010315360559391314,-0.003817277315882968,0.0024084703068462405,0.000665186973377703,0.008832288382646497,-0.0024738754700205264,-0.003136044969650047,-0.003631204772655796,-0.011746681909108112,0.003910975780712936,0.004821251522067797,0.014930188682415977,0.001459285356401798,-0.008321497931307988,-0.0022621870156032432,-0.00930393423481752,0.014109105522769061,0.007778650493914349,-0.0005194874681424154,0.0033389199589129413,0.020116114346970505,0.01251158905171102,0.0037799581411865593,-0.007366006213179541,-0.004241333130597028,-0.018098895355160072,-0.006593659250206316,0.002271575765136977,-0.007454100088326305,0.00462950438813741,0.003448742623333438,-0.00020134813316103305,0.00033244455840584965,0.0028631112349955974,0.0004880433900142237,0.004246597098998813,0.002574495918101071,0.020989352769351138,0.005733373181091561,-0.0164264621450977,-0.0014083946728007946,0.0035810967444303505,-0.003272435239758744,-0.008538926329796583,-0.008312369841263332,0.005752370756563389,0.005862544932218272,-0.029129149221519216,0.005533210115365854,-0.03367479999054319,0.013884531688321653,0.042079661197205194,0.010207711727604495,0.012582981056217055,-0.0017530193166597416,0.004618715182062349,0.009205158551049468,-0.0035646480616384913,0.005752442455647214,-0.016344905227324208,0.012494396425683238,-0.011036963187322146,-0.013313089390093421,-0.00012917665342907381,0.003347865783472151,0.0005237600619177863,0.016620914791402798,-0.007276536065714429,0.003734756951322711,0.011734056224176632,-0.020473197392620567,0.008631691231189398,-0.006241561742686603,-0.0023250616175798933,0.0017407814618906532,0.009433991945856281,0.0026717529204228173,-0.013057872965147876,-0.00043512261856152104,-0.0004776701771719346,0.004449475806434886,0.004797757461624692,-0.0022122799591459113,-0.0011437328002542888,0.004212955968998846,0.010396914279010376,0.006304700206572355,-0.0054927794449676215,-0.0001610237693583684,0.0071117027675441456,-0.003094818711823164,-0.012409396236610127,-0.003761833475309088,-0.0021378821184246414,0.008194918214627762,-0.009476163029518515,-0.01620254861069201,0.0038976711586525877,0.015499733729364074,-0.0037275296602829744,0.019247709835185416,0.01301739905286723,-0.006530804140532051,0.01701974013461658,0.0007772581385624127,-0.0115313497853744,0.0018599310661494561,0.013177176612790685,0.002345004637598521,0.0010027239502308626,-0.008056459219587107,0.013650816338482558,-0.010116226180343949,0.003445710303937804,0.004065522609874439,-0.022634057112670462
Approach2L,T_opt,5,12.68519373777604,1001,950,0.3155694548740958,0.01877056621821703,-0.006920769850040894,0.021836738628924827,0.017893363566050494,0.003911275208226522,0.0075870140422071766,0.005503508828279543,0.001943146218239506,0.006328069847434847,0.006167739357753068,0.0007453848553471022,-0.007137119711605763,0.03439754058687553,-0.0037303703478322485,0.020426531677193584,-3.56770435366964e-05,0.008625156167684552,0.005067945943507721,0.011535154275199508,0.007872379847256384,-0.0032469594989523627,0.019066488840222134,0.010334461287735014,0.0013380050127514437,-0.011396266259352954,0.003222783352196377,0.005219905471364512,0.006670026638285769,0.011541293898819395,-0.0003850062155864738,-0.003275816232350421,0.007307777128322698,-0.003865606178721474,0.008412655114149669,0.013761222023630764,0.01546379658271496,0.026072002601000836,0.0057298109638038615,-0.005404293249696324,0.027584044093774913,0.005006258622752163,0.0014860539533793817,0.002252231417750574,0.0120194931075937,0.00464545813523767,0.009529549254316086,0.002514921252806955,-0.0052620536817710156,0.009333680554437009,0.004285582975354484,-0.003095179970928702,0.007021350180712555,0.01435135213377078,0.011463802731445516,0.0035741537309200034,0.013295393547303056,0.011304813359137873,0.006158247582851305,0.006916154009019682,0.006602813785078205,-0.043092636506861105,0.003244791897512425,0.009677460422968886,0.0030092735904803606,0.014729703557054349,0.008495407748090137,-0.009090468635439136,0.01091363804482881,0.01898294437900594,0.007190860559455148,0.00047475787494365065,-0.0046107258041713645,0.005338302522233475,0.056584068799213516,0.019477906218809588,0.030873915282910194,0.019148355332509002,-0.0003153714682942992,0.013532215655321634,3.079269142100549e-05,0.00018967198430351086,-0.0024528270827774987,0.012339852486756741,0.0029965964549606133,-0.015458272474249956,0.012480999458085621,-0.025247530730242225,-0.004152567229467318,0.011691695210079699,0.00593864972858215,0.010257831939089617,0.006112015657678714,0.009251171364286638,0.009446053527494037,0.007945080178189848,0.011489309988389894,0.0010612117000405197,0.0119017987717928,0.025902993506562496,-0.009496855900343493,0.005324303796635323,0.02103967866808209,0.007748220233968331,0.01789848810930479,0.012514784906548247,0.01414051691198762,0.02842334510375306,-0.0008419913774785868,0.002680340420924828,-0.0006066189975919714,0.013099326218444758,-0.005469067616970421,0.019507382981002488,0.015522269037987292,-0.015505081838612142,0.006396826762022695,0.003862578690968195,-0.0024396356722550696,0.006241352154791902,-0.0010068172223806834,0.0059096607753388545,0.00213197028355451,0.009247321152359399,0.010061674486033623,-0.0105465751751223,0.01842970505595744,0.0038958998369484905,0.01816251886706583,0.002121484680366344,0.004934680150914854,0.00466478216597951,0.0068602179106324376,-0.0015321304845702273,0.020954133583868752,0.005602161746895485,0.012832878781314583,-0.0002176787904130213,0.0014379350982257674,0.011783260048229344,0.0036943262367769604
Approach2L,T_opt,25,15.000193267608136,1001,750,0.4996523410828684,0.044722054275897635,0.000712924146256691,0.040485854876027905,0.0037630893820361083,0.023948939936926816,0.00960521676521986,-0.0018392534548205132,-0.011350935877335919,0.021112406602197105,0.007550268859875459,0.016550404320072536,0.006948184926199691,0.04418598281067454,0.007105865059270118,0.007235372086499589,-0.008729092817117298,-0.003043111779617685,-0.012256730902998678,-0.0069877494398334645,0.014230547931080584,-0.007009258887043414,0.031472707346249934,-0.005978074976275439,0.0035840136656684514,0.0036858680590509535,0.006700694785524872,0.015157357554618327,-0.0022457786448176597,0.0032020577219487797,0.0023908805970609295,-0.0387154959265667,-0.0022229310105334812,0.01655653619885586,0.011623601974242531,0.002572799399399559,0.01522857466761382,0.031669472608978476,0.0007860907365020015,0.009319644869289694,0.02153840158383699,0.004539150671892246,-0.014495855757891665,0.011162043171882952,-0.014769147497158786,-0.028003529096308634,0.015741002148759314,-0.008679125826492665,-0.009599009944374204,-0.005315826744371286,-0.017103238431095222,-0.003469102844765575,0.002369194647969069,0.020860712871597818,0.002523052018368624,0.0030587994893673844,0.02088835674118006,0.0038166800872578618,0.025567521933184338,0.005620061758609649,0.010415618082633185,-0.09615302935659642,0.01750266801881404,0.0014750078180245227,-0.002074345975882654,0.0265039932443498,0.0011765752493201201,-0.050651751424789566,0.005062092996566557,0.002676068296973498,-0.01731402520589238,-0.006616738234088355,-0.007719336433083583,0.004902370832295621,0.2135093825197908,0.012151919420502713,0.08929045802779013,0.013017311761585427,-0.008023529141250608,0.008158937987246595,-0.01063340893455832,0.007684946578294546,0.0048877090132965935,0.01945810655526787,0.006806536625640005,-0.013069874866977983,-0.007450841732394721,-0.028361917945875205,0.011831583762246325,0.019080780146017967,0.011446161817533579,0.011462956526712125,0.010092176680708113,0.013058925632141814,0.027056682875478112,0.008699135678423151,-0.0010266994943111543,-0.012447079559680895,0.003842897362337158,1.6013654504820618e-05,-0.006268664153669912,0.021470927014532924,0.02062775047959589,-0.0034937627964721782,0.008529071701656246,0.0060120241216901175,0.015279163348557842,0.029749658288876945,0.011647920882410508,0.0035451571291227916,-0.021937324618979577,0.02133110355104847,0.01258409972767302,0.03568395864625158,0.001980910360580977,-0.018381078376168494,0.0061630729534605765,0.010597894861686448,-0.013493820157233053,0.005074290183479357,-0.017318866282299367,0.01723309972121257,-0.01434487674095428,0.00940645088282243,-0.004523711474295399,-0.0650159227314292,-0.0239157851521972,0.005124900540637606,-0.0037870441352999247,-0.0002551874450869608,-0.02363401800581695,0.00281987325200519,-0.004934449578310908,0.013638458709087333,0.04070099421571646,0.004436299058660214,0.015735090930771294,0.004064732920406022,-0.008330034145691782,0.019291628084139808,-0.004428796336834547
Approach2L,T_opt,75,22.8220936854995,1001,250,0.508878886194835,0.02460488622535523,0.011026578316424951,0.04569947234770766,-0.02665803978888268,-0.010218177988403354,0.003586092621739985,-0.0048960611847468985,-0.0006068184853331524,-0.004490082945061838,0.013183844014751143,0.02538412625896525,0.009735363769149047,0.01694870683998828,-0.0032784022536341256,-0.014988999995769815,0.013266406871678953,-0.0058136119426455074,-0.012698006347745218,0.0034441223602090024,0.0030955979336735554,-0.004536375276361919,0.013231644536550395,-0.01789484462004384,0.011803838925077125,0.0020104007644491315,0.050158096583143116,-0.004733995243882499,0.021577654470011202,0.00640527978788843,0.0023309064679774057,-0.030907053917489397,0.011631713976139074,-0.004022537926185341,0.009726099494431394,-0.022519654173097304,0.011733109372055742,0.00023094075802319088,-0.001979004805379798,0.007026177341267077,0.014616747490522875,0.026482751312079146,0.000637802976461847,-0.00879788086086511,-0.03843848249445077,-0.01792078652725561,-0.0012664440748591278,-0.00924692501110488,0.005296215301720532,0.03352256620611438,-0.04433652617685016,-0.012887555832251572,0.012640639090849538,0.01354122149419712,-0.0067119785348548795,0.002343582668690874,-0.01092704833544512,-0.0013741469430054915,0.022786829665774007,0.008842137045503289,0.010025884664525267,-0.09325717126141966,0.06922201148201869,0.001465640627842735,-0.01668048365903137,-0.0157754258616272,0.0022451711666358117,-0.037782779977563116,0.008360280658180883,-0.005230360471532138,-0.012323318339466188,-0.013644642718556496,-0.107963139985263,-0.0030330978498756024,0.08545371228167882,0.02469592198015517,0.15730319463584194,-0.0124279119181834,-0.019263241757067947,-0.0028555599866811887,-0.023559438790637464,0.005492337053131589,0.0027078210441869813,0.016873944174483672,-0.0013451130136413088,-0.015645489221364495,-0.0408600960821263,-0.015309458567520154,-0.007703311849216878,0.016454197905827472,0.03456273632027038,0.05966918229439997,0.021290147322384212,0.00787783676494438,0.008795792069609221,0.005416441385928145,-0.01205602088005399,0.0044687464114713995,0.010336600646849152,0.007196179097103506,0.010711425575383994,-0.011932766808513146,0.021753196435726138,-0.020391899520766393,0.03969683954362851,-0.01013203151508353,-0.026751678839464065,0.003973210407796199,0.001467711410346395,0.02216847086031847,-0.0326011930058756,0.026053619513990243,-0.004998925252269908,0.02806286403204772,0.01087921181498446,0.0091069150930159,0.00978235654906287,0.013725798934429677,-0.008319953461400917,-0.0008929663657756192,-0.006899781457139779,0.019355490043962656,-0.009930707118159807,0.007357759084584879,-0.004089276914201245,-0.06062299410614645,-0.017135174185804316,0.010423278324180763,-0.0019609030226518664,-0.0029094713464038503,-0.02065212102828593,0.002139986133959588,-0.003604533340411893,0.005083222105559417,0.023323656198359265,0.035825139271109155,0.0018376512554600238,0.01819284064803224,0.011226720064958094,-0.026348464983100676,-0.04098882659425797
Approach2L,T_opt,95,25.12321099176329,1001,50,0.2774089886522878,0.0010739049612029233,0.007160320297546308,0.0266749365996567,0.0038338286546783402,-0.00885744163126716,0.0011681079626896223,0.008593833447515384,-0.0037684948059813067,-0.00454739322418863,0.016823706389458022,0.018317921082266674,-0.0016962187197003828,0.015728080449842825,-0.014244601604230973,0.006675721090989381,-0.002879521251424419,0.009808902553468685,-0.019675909537955023,0.01297421822746407,-0.006865844953580936,-0.0030213205054719916,-0.0017123446099491027,-0.003232707190219911,0.006431956632697899,-0.0022073132474222674,-0.0011135598497004594,0.0017677113694579364,0.014592989286799137,-0.0037766967154031533,-0.013318699915891755,-0.014277687813755973,-0.009391126234265709,0.005340718362243556,-0.004628365512477001,-0.013979239899702395,-0.0014562991128693782,-0.0035525901657935737,0.003973125645598215,-0.005707091995087177,0.0049047219655340485,-0.008492742868920532,0.011370125517183688,-0.0007489406720708877,-0.015399967505880028,-0.0021555941096895494,0.009191711806510232,-0.005567352198945646,0.0010309036940884912,0.0024963716305876835,-0.007173971625030787,0.005523976164861565,-0.001347672852662954,-0.0026463412097256786,-0.004619520014256593,0.012994971439202047,0.0043139622209427755,0.0008567697208226371,0.001232464956476647,-0.007046582676626683,0.011394474838187176,-0.01833041004083774,0.004837091676316133,0.004893017352422202,0.0032238397362329514,-0.004108557025070191,0.015330546627738258,-0.009775742808304707,0.004258303436372547,0.009107853156607323,-0.0035706238222588784,-0.008537469716954755,-0.04054901064702052,-0.007053996118438972,0.010838425701152806,0.021914499877396618,0.04813235623800011,-0.0029670705255275803,-0.0050369208945234304,0.0029381244392893465,-0.005173465510931262,0.012019434351103624,-0.003435895154615786,-0.007137074135215832,0.004162850051051799,0.0005008231974526242,0.0006393250030161698,-0.002950717007780522,-0.0038885358944164335,-0.005390865804229098,0.00456549725796003,0.02468083142434546,0.004161049130349953,-0.0043311278632482166,0.005061517927617755,-0.010868838792812138,0.0015732698800396735,-0.010404472206688005,0.0053812936695964535,-0.010313240982640805,0.029257017347591206,-0.0011119613709883263,-0.004253760021780993,-0.0025103149202778422,0.008025618292432169,0.0035310562047066,-0.002763577927001635,0.009673767769342985,-0.0002813913217953514,0.013100497138064802,-0.0072892063159775596,0.01353211472300738,-0.004413039905072618,0.002612288215320397,0.014087836965702224,-0.01877442483290146,-0.0033666967242323657,0.001260684881328293,0.0045723921018265695,0.01620827115212727,-0.0006512381223347289,0.010822610557589579,-0.0022758752214256054,-0.000864150169273669,-0.014771481479564854,-0.014358300408607012,-0.015575333087571704,-0.006573972658894447,-0.002862562575918835,0.002449759943649937,-0.009234958853245554,0.001186807249987586,-0.0043969042510557015,-0.0001485517445997519,0.017493338187021607,-0.003042021985519499,-0.0003998369348556102,-0.0035070869849086776,-0.003273869614827861,-0.0036893643580349278,-0.007765938303997012
Approach3L,h1,5,0.0046352659874881,1001,950,0.30549248870600676,-0.00021616998463526438,0.0033084338149586166,0.020657839484458068,-0.0036298349321579985,0.012137015441623178,0.008234990100176854,0.015592037692427601,0.016026489881332345,0.005087085613825278,0.00010529525340077946,0.015834455347618202,0.008361152129502555,0.00957484319958378,0.0076226765089230245,0.003387950786005107,0.01808314795906124,-0.0015275082776173943,-0.008511798217815562,0.009026533750201748,0.022720734442518844,0.0008098492153934734,0.010083919616407509,0.0031274430004311817,0.007664776192355664,-1.923040577653419e-05,0.014294823977368719,-0.0021393115985154187,0.010554157091764521,0.018854225978000187,-0.03219399618091888,0.008104910635977697,0.0015048835564010037,-0.010798468832080715,-0.004893861401547092,-0.0013117070933905545,0.008279215072219374,0.009365296427107924,0.0259667287396863,0.0024947723249675556,-0.002489740787185675,-0.002785028398587708,0.023917643637915938,0.0072821035689016895,0.00694827966660579,0.007173681541285632,0.015087202599607172,0.002909701755727757,0.014840494585485501,0.010362417958880507,0.011435390428216327,0.0026070610825107005,0.0033325841271143767,0.02275352539540223,0.011921722542651805,0.011675847482169092,-0.00403604455197094,0.004742429122536391,0.005615829928710323,0.006426156008369049,0.02111494015466928,-0.0016273258238503827,0.00746886709525044,0.004363579687065076,0.006486584607279697,0.008118725793116597,-0.005898837925495909,0.0009531915957550242,0.02134584895696911,0.014147311692938602,0.017595344246782753,0.015592205337185111,0.006091291468008638,0.00788962983991904,0.04964036351651601,0.0067998714425100415,-0.0011858482292420825,0.01318585033181765,0.0017095984992427041,0.0017898196788902854,-0.006872289494654642,0.005239794918682697,0.011866718752300047,-0.0011558512051363257,-0.007040270018517239,-0.005577722073529927,0.007437799151151965,-0.010442756817480407,0.0047546947498016846,0.02609459401164524,0.009095796741991926,0.004662967013589453,0.010713535833984527,0.011521314652293814,0.01278949329102179,0.009608898720043571,0.00872722384901458,0.013519519962556195,-0.00023975911898653415,-0.002300455971926291,0.0016613306062368445,-0.006407069688393966,0.012512364464652877,0.01574257329342875,0.013800298043881786,0.00906182156638281,0.006297872709181243,0.027107132723109845,-0.0022618796452195753,0.011718790732858503,0.006776398078979243,0.010108952874787762,0.03460017696128365,0.01925289882223384,0.011360333040664536,0.012838345000437412,0.008022496142174696,-0.0028637789843127866,0.004916453863160667,-0.002397112706046412,-0.002138559651548355,0.008374710193664708,-0.020722930142397553,0.0021172069970744316,-0.01722455588744584,0.0009686588404900862,0.00893716982323556,0.022390261244537284,0.0038689123321621133,0.0033932997326544647,-0.0074139952380693095,0.009879890149364355,-0.00950250254003785,0.0158170107622916,0.014632867891043944,0.0034706973265054312,0.0011864638356655858,0.009311941523747347,0.0018954453796518871,0.0029000740914995977,0.0044141853639838935
Approach3L,h1,25,0.0066193899532745,1001,750,0.5321108035685218,-0.050136697947268744,-0.031840806275251876,0.04519243338776614,-0.030713950973661194,-0.014829265633071121,0.010000971358315517,0.03651158387862612,0.004240809239752494,0.0041600580736632035,-0.02871895878670603,0.04551177836524423,-0.00798159656572377,0.0242554513198394,0.025903986810544285,0.017578808402817815,0.006114523883866879,-0.0012348346916881657,-0.029027480177528552,0.011687017195201599,0.013221089359610423,-0.010111528131507163,-0.0025075057062117732,0.004191369146717933,0.0009406759846393269,-0.00211955376079195,0.008511481123007786,-0.007132918488817686,0.003989049774085079,0.01083991038582797,-0.04901218962760024,0.003767061125438488,-0.023725477116885538,0.003245699421199809,-0.016718531670969834,-0.022343130051247946,-0.009365748446105394,-0.006358946743711336,0.004826292790767692,0.0019775335540337027,0.011865950975722584,-0.013050828979783989,0.04285729243270553,0.01752347350177081,0.011152101005639035,0.007353761719924707,-0.0009574718316101329,-0.019083808897989413,0.002232806372598744,0.04501853242916186,0.025109804169927898,0.0045424811980419,0.004211475424950494,0.004580419378138079,0.003669559426113582,0.007074185894683033,0.015628397771847703,0.028066111596038033,-0.007445546536215191,0.001835134473618414,0.034197643629114496,-0.014682255832324,-0.0018351541210355066,0.018668739047685016,-0.0020282808983570697,0.020298517745127722,0.005708613409003025,-0.01563392056893822,0.040981049304117605,0.00251794437136167,-0.017072998732266156,0.0009777515052764238,0.03243720985296698,0.015725056504191415,0.19079528668321433,-0.027539830950070742,0.002882197903325792,0.005525722338418051,-4.726059255161924e-05,0.027858674306295662,0.00965826977658693,0.007187613783483544,0.010873090326895532,-0.0028473359909058985,-0.014401706600593119,-0.012540740320881538,0.00018863882162089424,-0.07680110725221664,-0.03419155249530821,0.02465184499665484,0.008424174177631187,0.0008463341721835814,0.008940543620590304,0.005787369361504261,0.018344428857657486,0.034203850636395895,0.016451730519784317,0.004578574206733774,-0.01422412124168847,-0.049852059177603124,-0.0009095977775189449,-0.01143510604120556,0.005620089402291405,0.018156826076159722,0.012079074791618764,0.025078754411997972,-0.007290762744836775,0.04581586828597468,0.006409327494615039,0.010215408837687744,-0.0019212697180244123,0.006749439271639903,0.09044098679747706,0.028553553483040853,0.00021818548257161036,0.006065459120661474,0.0255918397658998,0.010197874136848306,0.0027447546800489497,0.0017371188544757117,-0.02273279747691208,0.0015448812756745749,-0.06132992748105368,-0.005858146788702161,0.019776835272963075,-0.0038575977297362384,0.002575244148849465,0.04345298392989476,-0.0061503490874202996,0.012331883782412133,0.008796325420661916,0.0004911874626326636,-0.01756135936689434,-0.0014017777847877575,0.01093375785665296,0.024816221991566266,0.01793563929411313,0.015197015743396766,-0.0008581895462637964,0.0011853690787109912,0.021095730610290367
Approach3L,h1,75,0.0093750683453627,1001,250,0.6008618109537276,-0.02934517861091622,0.01124549948690177,0.04387196361472229,-0.013944581488570886,0.014979792520153102,-0.0033507553765694375,0.019217995668872712,0.004333683170806429,0.0014332217544098431,-0.006742328927558425,-0.009909144261528346,0.024618118869646644,0.02610745865307099,0.004131041680433364,0.001188544846647112,-0.0010723202515097868,0.007550037320668095,-0.028629349849875623,-0.024053763976151638,-0.01315489603235901,-0.014664739616037342,0.016571823603314197,-0.0049793568626973,0.017533790877228957,0.0009367096243719964,0.0016896116944087151,0.009157503854909183,-0.0008755207122837748,-0.0017190338595580359,-0.01946417168890854,0.0030172605465335622,-0.02359152543857069,-0.008128314202641741,-0.010934230886977772,-0.010318020725960057,-0.038335829393029916,0.018659628050406038,-0.014535581785044724,0.008220443904730049,-0.0028856632851391104,0.0028870084155687547,-0.006167388831171645,0.013254892727631796,0.0047217765056813184,-0.005096506917877297,0.02131687301502571,0.0023814974566445614,-0.004677782845742752,0.027945738506831352,0.005708717417035427,-0.011242528222035903,0.005279080406117888,0.020919619138972438,0.021665533582664077,0.00393735205244445,-0.009949225206738885,0.015460366733544811,-0.003311159583912195,-0.00619003862881683,0.03657748450108929,-0.03303961276374088,0.013408116360810175,0.006709105372237522,0.0015497733262508258,0.0020247644647781752,-0.0140756138001807,0.02376011075070479,0.00995996647005004,-0.002171384213507755,-0.016476814577378124,0.0037230536921067925,0.026927580559262934,-0.00781332460743755,0.24407419942455236,-0.006491954125799525,0.010739837131224794,0.011659823846462955,0.0026597996915189957,0.01487152322435957,0.0032422845712706313,-0.017119248250470436,-0.005763944611254717,0.008877621199036172,-0.009246551087602566,-0.0033136071527555596,-0.004132018752866652,-0.06613375040941705,-0.05188621186321677,-0.006744159867956619,0.0062642376633748565,-0.010553262125568171,-0.0009777948301882486,-0.002043946187583405,0.014017254388684591,0.02330901473189603,0.010517135434380974,-0.003767061007124435,-0.006521737806719448,-0.07612666219695012,0.011101570272166426,-0.008530518037532268,0.003985336742677555,-0.0015736334593604,0.005051982403996126,0.014229832249749615,-0.0016608742857196074,0.0008229708426576582,0.005456859824786669,-0.005091331312239399,-0.0054237903087741846,-0.018160019062158597,0.07178490434070442,0.03371748778672483,-0.013394660416478257,-0.004711202303347661,0.01820171743973854,-0.013275630236440024,-0.007418426865939709,0.02146781613788295,-0.03757164845644725,-0.02711291960939273,-0.049667956554474764,0.01034989324999383,0.005998443165667071,-0.026498824737485348,-0.004604274199732635,0.017957774782288535,-0.012789442283963356,0.0028647214573778055,-0.013034782649146736,0.005100016938009298,-0.007284049205115087,0.03271002938533972,0.005044200911514234,0.012034505028602403,0.01590210954934318,0.016572870416281863,-0.01467679903861236,0.005950070148521459,0.013328636667469092
Approach3L,h1,95,0.0116702596525689,1001,50,0.36987503877953043,-0.005890583811607394,0.01487261843887367,0.0171638040546412,-0.02012548430274553,0.012978160567724616,-0.0044780508498351995,-0.0048378711937649395,-0.0009237061080495917,0.0049873314966172415,0.00789971595456401,-0.009606785861823668,0.005083451648337696,-0.00041588090570509505,0.016852055881157825,0.002210032439396067,0.007083668588108427,0.0005729124028188981,0.00966485191324385,-0.012285369297462094,0.002739786279817957,-0.008148166147038024,0.000265649603242781,0.015143341251010859,0.0006659449490721871,-0.0018661103352895,-0.003912031596762451,0.0108307866678557,-0.002686257079313797,-0.0052570548488301665,-0.006489823371728376,0.02052336682467441,-0.004420662626230726,-0.0003207178132531175,-0.004401275768085003,-0.012089984057049617,-0.006858019327698175,0.009013552881154328,0.0009135442999584839,-0.0009717640414534483,0.0015695464009510655,0.010707218763606498,-0.023371006678691283,-0.0015883363170147973,-0.0021286881787593776,0.0073061259446437965,0.008491827956425686,0.006555429669583898,-0.005288543082979379,0.008926509366532403,0.004981282753728379,0.011692053806131676,0.002603137244777033,0.008505595270128471,0.00952617745739459,-0.007117558889231124,-0.0051206098648386,0.0008369677034351219,-0.005316233658698308,0.006554661552523913,0.005755873932566661,-0.01951441163350177,-0.0008241016679907138,-0.005951838057967387,-0.0067254041698870054,0.002450433783962494,-0.010217319744905196,0.011545937904030888,0.0033873031660961277,-0.0056316905272925785,0.005764993085493065,9.446342894763255e-05,0.007456785836185278,-0.006780571361701404,0.08536564410457104,0.0015061395192889036,-0.0019312269550361594,-0.005117649939985425,-0.0027997246744136395,0.0012865550182203332,0.009097558407423378,-0.011125793027820961,-0.005378517955274086,0.004880098356559989,0.010507703994149607,0.013106634179974892,0.002683803791945734,-0.021493093941270747,-0.013043335511169893,0.0062610332097295975,0.0018451800338098348,0.0038392363147925312,-0.008313683823504229,-0.0021786612475085303,0.001496716855501604,0.008368084112543106,0.0076468430203148405,0.0025227890521339873,-0.004611759881070866,-0.03653425016821295,-0.00039363487870982226,0.0008360474578448822,-0.00010615892548507776,0.010506020323824245,0.009387544406531185,-0.009320726262706063,-0.0020539537193263804,-0.00517434888990298,0.0022443604833071477,-0.008296207293409599,-0.009695146913729795,-0.01618990879484726,0.010010345239088331,0.008078625839332682,-0.003929759985639855,0.006681910676386933,0.001918906067868249,-0.00941274137158286,-0.006659171189251523,0.0005693981341098095,-0.016010533444183815,-0.014947915042048563,-0.029035490917547008,-0.0004566916181179756,-0.0012453920751366865,-0.0023849574520609217,0.007042007771513007,-0.007508828463118692,0.0008987149643110487,0.00418784588932747,-0.003996162259079302,-0.0041985720118297865,-0.0014148325827064217,0.010788872889841442,0.003461684163464655,0.012235414100123992,0.00515328913069736,-0.001647051462231661,-0.00726653558813903,6.701558951912635e-05,0.002839343716971634
Approach3L,h2,5,-0.0003177908243815,1001,950,0.3081997068754757,0.0026975022172513324,-0.009159551364649335,0.00463168815111379,0.034155054887311256,0.0088190039865122,-0.005045782667472945,-0.001259403956116987,0.00019343458031729653,0.016231743367999183,0.012504679084026955,0.0074330345119313105,0.004588092860121304,0.011806957217850524,0.0021329028726960776,0.006256684954723828,0.0026977454047096344,0.0016431806587130938,0.004486175393589498,0.009818213917138222,0.010315447427608027,0.016727421340210887,0.01552160324873714,-0.00031677578772141765,0.009767769407075482,0.01336528294855301,0.004096571525690479,0.008134099918408723,0.00283863667593143,0.0032095696002194737,0.019079013402672464,-0.0020719787968532777,0.005916113637754093,0.016794644137690662,0.027530942759434043,0.010719904883143307,0.02332034125749699,0.002412944090473047,-0.0016514373868252701,0.004906364746561772,0.009680064623545955,0.006044974486153592,0.02094016923070913,0.002817467777769524,-0.00640215095554101,-0.006860055477293001,0.0023963891707797893,0.0016104480620636856,0.009568473100692872,-0.008346616294113172,-0.00430362817084545,0.007825230822072538,0.0117877836405775,0.006479625239432046,0.00127301460614392,0.01373959343653891,0.009690430098341522,0.01077933800563314,0.01399350263985292,-0.0048337568902267454,0.001991833217882962,0.004313982258559132,0.010507995427045305,0.004498099895469216,0.004641219726491746,0.008419597720828498,0.02837591006340754,0.0006576717930904521,0.003626068682719133,-0.0011252895936734175,0.01525211953667816,-0.00018966761197485808,-0.03805152222329477,0.005333692936543599,-0.03531470493673815,0.01725626482791832,0.038862459741323005,0.015686291820579033,0.012868476886309238,0.0014305930085479696,-0.010406099082939947,0.015322157956343983,0.020445422797580836,0.0011100467239335667,0.0011248435451394305,-0.005175369189123813,0.006121303286097486,0.021259876297344524,0.03369805350863659,0.00029842990277477964,0.007562829963783581,0.010648717351401547,0.019316313986429464,0.010032531078511367,0.012259785913081024,-0.004905371836339234,0.016012897901321013,0.010253547251995121,-0.0018539552518501493,0.030305026466635965,0.015368033110198083,0.002702138309422737,0.004843089218082602,-0.005161044207717286,0.01309244248413749,-0.0030975453500411906,-0.009351458617781949,0.01829953772407534,-0.0017212441161981121,0.013984914437445966,0.016946992327331063,0.008451255311980065,0.008411869918412104,-0.0033001115497508695,0.016073113736143875,0.014755674540393872,-0.0049930753288935995,-0.005246130344669258,0.012379710876271589,0.0006557729520331387,0.0011383812983987154,0.014953461840336243,0.023837556374335975,0.007972811937299576,0.0024339622545047415,-0.0014185063944555168,0.004412689199302232,0.004214146174561003,0.017705045587343652,-0.0004908618237937781,0.012618310204742697,0.010702067013971334,0.0033799467744740153,0.0009500853567966407,0.006066592695179411,0.002106354433834636,0.005460272502170171,0.015623895169081001,0.009969870202063169,0.0018800801023042112,-0.003967750099218365
Approach3L,h2,25,-0.0002613027147572,1001,750,0.5758499264932155,-0.00202798346529897,-0.01685244349781405,-0.010858174815982162,0.07684493839737082,-0.0019871401558384004,-0.02091720689851495,-9.825899094546842e-07,-0.006007522756588484,0.03303233858253853,0.03588870373985742,-0.0014784865061160009,0.009170774924789701,0.0017311456326930038,-0.012402574632617278,0.0016371145980878894,0.015815432060044807,-0.002082668926255484,0.004902490988575734,-0.0008936903229617085,0.014943468830567942,0.02444245469430621,-0.014168147454076213,-0.00020567082927387334,-0.0089084592693419,0.029560979874784194,0.021265817477701565,0.017560325908188762,-0.01667136625861675,0.0005954122787349275,0.033988801231398746,0.003233253776288178,0.014329639403159681,0.020365104581965186,0.03874784622174188,0.035291787191872766,0.04110651601403327,-0.003476578963533405,0.04289586208932031,-0.004402269352838467,0.021158055605832355,0.015308434446480055,0.0195348336275677,0.012172628406718058,-0.03769816440937993,-0.01166858355391872,0.0038301856673739337,-0.013281024495815856,-0.03042399312284767,-0.032347655559953725,-0.06219489515107684,0.004192166202795635,-0.009088767480509713,-0.03121709685344233,-0.01926313672939194,0.0013591883027575663,0.001894967531216622,0.0026293347961453342,0.03243330163566339,0.001037999346665183,-0.01826718641276764,-0.006477134620403797,0.0339403289520879,-0.0072678251167308874,0.005757464211833478,0.0048252674355666395,0.026464444752213996,-0.026423126140553057,0.005563066509574917,0.008767503179357471,0.04774311090920905,0.024631176700367956,-0.0945082617795619,0.011683693305134985,-0.09240429509896675,0.03313003500444918,0.1320210039137785,0.03661879309699409,-0.0069963666892350635,-0.03231839066108018,0.004139869755582334,0.026000880061846504,0.013347974045797302,0.014216129344337802,0.017208006156785468,0.027513388811939182,-0.006858672034202781,0.0574563141520562,0.06662802069705046,-0.010018185515104553,-0.020399326398127016,0.03703538250476243,-0.005234537947356385,0.0019588083032933135,0.0026704429200734865,-0.04931606035816839,0.020574248276955413,0.0262391749881545,-0.001094088616569967,0.046743108695998195,-0.004748380081572252,-0.01124744138711084,-0.01283948030743535,-0.004031482400972897,0.02482797560788413,-0.015101626190284883,0.019808923953743365,-0.0007769184094137916,-0.004040474478663244,0.021569726750982253,0.02712212685589173,0.022297266540808332,-0.030732576781465588,0.003211640453801453,-0.002963774438362963,0.011178945377520993,0.0017655570866270953,0.0015111754246152093,-0.006430417409024326,0.020559190003202343,-0.0012597151156228193,0.022908356367191754,0.05408446546094621,0.007111461096764507,0.006298201685994348,-0.01526590372099078,0.021295719189084395,-0.027286852881602187,0.042206899344734684,0.00689753225990428,0.025334532620817692,0.014156599870478542,0.004618730132848088,-0.002137071774011571,0.006336971570815099,0.009296972527804225,-0.019373302119758944,-0.012465131294555553,-0.0015071965696330627,-0.00984722229364227,-0.05604044716176806
Approach3L,h2,75,-0.0001831769754435,1001,250,0.6078118297899601,0.02288393147435879,0.006976621555921825,-0.01656572073527398,0.06744960610137145,-0.009914990264440558,0.01518862926339148,-0.005194412589723446,-0.03507717212367864,-0.009286812772871527,0.033488481348724286,0.021450310165637466,0.007783052382185133,-0.005549491323635738,0.001634532713414752,-0.014183282464192658,-0.015587596721328116,0.020019759586788456,0.017361380636097788,-0.010270380488961589,-0.020777521542345877,0.014151368185188175,-0.012996696356479764,0.0020488802210806983,0.001436854815596661,-0.004557963817487579,-0.015885420968388936,0.02388594765623792,0.011599158471783076,0.00913606238808334,0.044538742447636955,-0.023041475716891857,0.01205821346377017,0.012492043475985738,0.026351493588049207,0.015546258191881301,0.03461511149467948,0.015518166732967307,-0.012313542243717009,-0.012791184062017808,-0.022593230578666294,0.0048240506653337185,-0.026451122736566864,-0.01673311294624258,-0.00999817755882126,0.004760643783327884,-0.000793788061709981,0.015511907180615795,0.008103660098002447,-0.04662069452672514,-0.023896832399824118,-0.010921703387744845,0.020120541176262628,-0.0006407242429959589,-0.01018783294469373,0.013336108186193518,0.016818005803345325,-0.011494419460112258,6.508354750198175e-05,-0.0052436305858838345,0.0036574688669295183,-0.01959379041408009,0.02853353321371527,0.00470197792246594,0.00795059195394833,-0.012369956899810642,0.029334972648198093,-0.018889716466156562,-0.01889779055605153,-0.008514699082182648,0.01000147303683729,-0.005256206418865711,-0.07942322711153621,-0.0045951724540707044,-0.09975481812847165,0.031975832460397334,0.19765403074484378,-0.009201544541799937,0.0026246664972750765,0.006287857175060696,0.00496837823093042,0.02377907825097146,-0.006253521195864038,0.003348215256827776,0.017223651776552367,0.015269435156041032,-0.00787804430910376,0.02754347115623626,0.05961135896044037,-0.01110938800438669,0.008925839458278217,0.039736333496415796,0.0021964266018672553,0.003847911507615192,0.007404995704524783,-0.055401981227881224,-0.007717743628641098,0.00237780268057064,0.024160274331789862,0.05799507544888401,0.0010980378839422072,0.001345380742071002,-0.01598511278069616,-0.006741219929984832,-0.0018885281016523675,-0.023120183682479187,0.012880615331363485,-0.013296216602638723,0.008192855912378446,0.005029747898088565,0.014142633338575232,0.018898818609089887,-0.060642717370325144,0.005200346257925837,0.006621278136398732,-0.022896667545931074,-0.021095337499289844,0.005057314281172454,0.011820289220318386,0.006409202802992248,0.0227188163331143,0.016131770845230202,0.0474621311889766,0.008311877994131692,-0.005581213856483585,-0.020875650620550357,0.026279268150788446,-0.052995902662669084,0.014032623203448339,0.0182060978727201,0.0028739050086921663,-0.018630313675947592,0.029193988743108558,-0.013772370439579018,-0.0013113001993782392,-0.011839974704208313,0.006684850432409847,-0.009665940158539135,-0.011442908612653572,-0.023408174521527034,-0.04326639281871347
Approach3L,h2,95,-0.0001125650830302,1001,50,0.3795692476453131,-0.009365994017723282,-0.0011798362756139553,-0.014536286727053108,0.02011802226931251,0.006168613152608481,0.0040194523072323044,-0.006084433889811388,-0.006902174497617883,-0.0007636597806676051,0.004820817120478813,0.0011960189905408352,-0.005488296329700519,-0.006076642100875256,-0.005159222196982203,-0.010714857682721067,-0.009570271309180877,-0.0035809101486911914,-0.0010813386143834086,-0.0028814262278955005,0.00494650435366527,-0.01466368392283196,0.006179161363358101,0.005915199036017768,0.0013735724819949426,0.00047981290311197716,0.00018821381185358046,0.0021721798759372375,0.0018731995500762383,0.002115894101882939,0.02221643664601805,0.0018181589308092164,-0.0011897887282026863,-0.005491268922206628,0.0020467679094888303,0.0061356720536216314,-0.0016166397724122765,0.01132252630489602,-0.013020449661434081,0.010128935017838531,0.010749416358110152,0.008234881588143544,-0.012059520065069136,0.00167159234011292,-0.0004951144863996025,-0.005262721845157515,0.0053309638941734724,0.0059846079479194325,-2.0757219310837006e-05,-0.018922067867938912,-0.021156454971639836,0.0007021656975487742,0.007829205806967155,0.010922229562070685,-3.3174976720052457e-06,0.0023471073995383245,0.007687912119812153,-5.18810193585479e-05,0.0038170652237083276,-0.0038782820262186594,-0.004184999678632801,-0.0038145113000523957,-0.005532094555352174,0.008017528829905873,0.007695606226102906,-0.003774799115598318,-0.006378195181235151,-0.012665983862663294,-0.0060354943724618155,-0.003065754838012198,0.0035915180980534925,-0.006907269213057645,-0.014902586020218668,-0.009845121734687103,-0.014216866958746216,0.00567953992648444,0.09730958225489131,-0.005952037562336548,0.0006418161384662453,0.009968157725931686,-0.009831810811805994,-0.006256524646912089,0.0025827234773442096,0.00979310377237107,-0.0010089365857051094,0.009151422042248843,-0.008853405431994463,0.007647085530052659,0.003492253149449745,-0.0014916803283875082,0.006535499394276621,0.01108272170449029,-0.008529881017923792,0.008244444641132843,-0.0014346289404419277,-0.012442506428947836,-0.008210585788590175,0.0027463151518232246,0.0009489332804193552,0.008410580126822793,0.001144212340321877,0.006545057437368458,-0.008358006628233132,0.01018063305380694,-1.789047186543085e-05,-0.004572450515636571,0.0012338088609027313,0.005541706031850994,0.0024172227627705712,0.004503664655174466,0.0051122532468045895,0.008892037746466054,-0.015568248203727758,0.00024907133802667914,0.010399076998116232,-0.014448314795348248,-0.007112150263791911,0.0023591021831348424,-0.004819859840071088,0.002751247834652872,-0.004731084088215268,0.008946880496382687,0.01321853252569415,0.0007060682668336496,-0.00022381242387743217,-0.00040444287124660055,0.008165691806765421,-0.019573909847951803,-9.742135079583887e-06,-0.0005486519854285797,0.001412799979044305,0.003444511606535672,0.014125898083098422,-0.0017806767959091547,-0.0041189309769547496,-0.005805065024826551,0.0017867300275945545,-0.0024309799756383164,-0.0026763253232844194,0.0019008398505788535,-0.005822038179784746
Approach3L,T_opt,5,12.110903597895373,1001,950,0.27597286751382044,0.000240715191585833,-0.01876486435665991,0.014314059433123676,0.01834209825850699,0.0001281535247109472,0.015238438359254055,0.004080809450743371,-0.0023271127120790235,0.0005768254504834032,0.003011348449317668,0.017585801492682844,0.010133472844352861,0.021008061106264426,0.011212539904163196,0.002146791337180623,0.0007549683576334454,0.013644394080786644,-0.0013360856642057163,0.010745435772925924,0.006203212515220401,-0.002492734164461798,0.014726696433669008,-0.005862629823011435,0.006679587010544731,0.0017913802833290056,0.008874842513276618,0.007357809317919072,0.0062711274347758686,0.02369973216285863,-0.013085660728029878,0.009996307877944189,0.00571573970142218,0.0037926784271357025,0.004355918843447673,0.001687464652026592,0.0202824796724077,0.02708627064508202,0.014022195823562369,0.0071916434959751795,0.009282841340769551,0.011772145001666933,0.014865200756280995,0.018839998862319563,0.0018814010572783535,0.010875701611283674,0.0023937111061958626,-0.002314097185837266,-0.002316158321192918,0.0007192267164508387,0.010638729007516232,0.014445587010423065,0.014084356957209297,0.014933142093381693,0.0051020647934221005,0.002546601699961836,0.009887840522614336,0.006652495149140821,0.006272930714725281,0.009674083968079398,0.003273863245451338,-0.0033519051947095233,0.015319440802857104,0.007488221134130884,0.0028638057183724315,-0.0029753232172676537,0.013790963088359521,-0.00900909644264306,0.013134517408730903,0.003437550662155683,0.01854659634755438,0.012339873925933244,-0.02851036926733753,0.016526881429389788,0.04503397021284956,0.011660726099329482,0.02667808537693675,0.021765269375075776,-0.005063165811230189,0.007769909093977027,0.0012709907873124779,-0.004492791635168268,0.0003573257901880091,0.006761600803874064,-0.004226241227687145,0.0020299197497798196,-0.0067297932831771635,-0.019625324040063803,0.01803901129748093,0.01082393210640744,0.011158142587127093,0.016133890622288732,0.012377261565743322,0.007429476416432103,0.016069318518276445,0.0015885225736321333,0.011525973851910495,0.011013499030242978,0.00659644126099047,-0.002568343401739224,0.006038149872712238,-0.01263428181747303,0.0012860744845058954,0.012352257179599441,0.017172364378072003,0.0026148906862315654,0.007523263943095982,0.020066556189428226,0.007726976042979327,0.019997259948556875,0.025561083720377065,0.01880628909923474,0.020747013515215948,0.012979296161522134,0.011127722297743427,-0.0004045052998608717,-0.00577791669894165,-0.001790412373890958,-0.00403529821802279,-0.009957508117187042,0.005567585681076164,0.009750767687820764,-0.027924003929742196,0.01249886732337196,0.0001659183668027038,0.0010035802443397572,0.00878660360246216,0.013913488414908456,0.01398352130671834,0.01143945602691985,0.008923604337256356,0.009499927632441308,0.003643460692790745,0.0047353240966149426,0.020422825845111615,0.009216478481744518,0.007431970522370667,-0.0017813005630546788,-0.003166109997161765,-0.006989989121349788,-0.003781147876226254
Approach3L,T_opt,25,15.51183618580573,1001,750,0.5059064442707397,-0.03819595368609448,-0.0063639119872384315,0.025425622875112273,0.05434509735304875,0.006735660757212082,-0.00045610789869042533,0.006402750704977928,-0.027395745794136894,0.003503326160211444,0.008544277847891142,0.023990771173727866,-0.00940136175665849,0.025852220908687717,0.015257739210816712,0.001223090561871129,0.005090491205207683,-0.005911065836772938,-0.009341270015347012,-0.021431687307556353,0.024797845674042612,-0.01263602018364605,0.007410831061898677,-0.010819800739055179,0.023936804914927733,0.007023510085258481,0.016430108045042763,0.019575432143822517,0.0007330310823809669,0.015321752547122813,-0.03397359155941326,-0.0025113952624053054,-0.020892607011557658,-0.005149637974475603,0.02235135399150013,0.005493230941687403,0.04985910713145555,0.013691455075643361,-0.004599438296934502,0.02188205037701643,-0.0025839607440441056,0.02343343852560803,0.0157466368154972,0.013203633440415734,-0.029323762270728783,0.013461889967639945,-0.003609869439182312,-0.010510284439304744,-0.006186919006394859,-0.009945569604729546,-0.0006351504582477593,0.018756583458278867,0.0040711972621281095,0.017892269522264404,0.003671678580638004,0.007687000713775951,0.01551599009288639,0.011771728637627023,0.02066099308405868,-0.006748742412786997,0.012376786948291415,-0.026211354815427534,0.01746673655702689,0.0086583595255523,-0.01442737672395194,0.006271709639866015,0.010212260439728959,-0.02885877623742049,0.020366076982644195,0.00826661247017741,0.0072901447651482175,0.011420530366870976,-0.08229727979769326,0.0004404085199121773,0.1535835532728874,0.012877217796979673,0.1496187022350191,0.021510677566827757,-0.008663331993903671,0.02177742342929071,-0.009802806206031115,0.015603298899278376,0.005446448737166364,0.0014880370277304683,-0.02138808737450634,0.002843265972939761,-0.01888434994671613,-0.05715049916579765,0.05313332819522518,-0.002507613716866511,-0.014070600138766189,0.027982900105267314,0.01755806389834761,0.01885237031266837,0.0395044042638696,-0.029500276364887952,0.026868379628292745,0.011250121131562062,0.011151269644532445,-0.020363078639779316,-0.0015631157721639997,-0.01053811737882501,0.00912856809576585,0.0052723064639878464,0.014938604300447142,-0.007587175941792913,0.007206321015103823,0.02309704119117334,0.0030081375464925675,0.009273286584636544,0.0404086945214635,-0.00837878101409278,0.04808216834315144,0.041471423881721536,0.013700234809119357,0.014670793151273459,0.0001797663469873395,-0.004058171057132048,-0.002898489183189178,-0.0026233432743478337,-0.03670011897645683,-0.017129284098177173,-0.021258971202027962,-0.013811479988457248,0.00451738241663438,-0.016732852801187408,0.018277693407851563,-0.0016980599617343432,0.033833180175873945,0.016633505964991975,-0.0043079907111495865,0.0058820830570194445,-0.013097299941435044,-0.01588502672822033,0.022591371860264164,-0.0057827559749672915,-0.000248900105079268,0.008212700063921437,-0.017485208692592916,0.009674906994919685,-0.04976101128940693
Approach3L,T_opt,75,20.81554200878321,1001,250,0.6131360153559331,-0.043597608413639174,-0.0041972599731517415,-0.005598076912517964,0.03565926105864835,-0.010247671377132193,-0.007919419315656092,0.016812629134784353,-0.0011688959123817358,0.008308485388097534,0.01731299935009854,0.007957284126174469,-0.004005820919638518,0.022996773024202836,0.003149837119078777,-0.010965193104274847,-0.015429292566753575,0.003166826309848796,-0.008308391219014156,-0.01472295653654156,-0.003625579582168451,0.009513547485003177,-0.00030809097621428,-0.0040064347313377505,-0.007522654993813032,0.01001746581660929,0.008621152282104444,0.014977537177208329,-0.009502812406568244,0.01118531412923406,0.02737081371749403,-0.031457718738514606,0.0012767739323602516,0.008367253745531555,0.009521863748021584,-0.02003793137161944,0.017473252555618494,0.004387372910749112,0.0016937297087267073,0.013741219783769765,-0.0024930352486156352,0.013712168275457178,-0.0008461563376023565,-0.001431286302214188,-0.01703112603628408,0.002272885962894936,-0.0010853750486341587,0.007179588574991009,0.022083972428455223,-0.02872312026348817,-0.05029835154135729,-0.022690791082291273,0.01013526737328476,0.008394636991947375,-0.012628661042691596,0.015722955347779805,-0.0009955574793423239,0.00521793577810355,0.009083542085459903,-0.010527896877357671,0.01367200592726699,-0.050072556134724666,0.020302200410321825,0.0067315243817815465,-0.010901267379223784,-0.0027839418518462652,-0.008491185096472292,-0.02493295883738102,0.033144066034955726,-0.01670553459802431,0.014731747260007484,-0.006389609390669071,-0.05854079402608393,-0.019436715436635648,0.09958006581465886,0.021278557523096396,0.25229319195773164,0.0026512674608976062,0.009891465256696035,0.00790754051930142,-0.014134799812893983,0.007413260096260669,0.00802049970570241,-0.01602524874028887,0.004783435136276302,0.02813126767970464,-0.018956935192761534,-0.005209141449719609,-0.001611709523308847,-0.015373082316117002,0.010028862694125146,0.03695734851019745,0.011637127104189276,0.014047978262585997,0.019163378188482454,-0.04655971451109696,-0.012083681353083714,0.02473908436987468,0.024971498510523972,0.004578461733287279,0.010412727803469898,-0.0036680972162154123,0.0075735044401280755,0.003209017175902126,0.01328894031315615,-0.003806964028525102,0.01437191423041408,0.0023772337500378472,-0.007648130390590702,0.023980256225375817,-0.017315071640248498,0.021444797143704408,0.01117160126529727,0.010171878209818708,0.0035805985545208988,-0.014362568032153107,-0.009213666401248627,-0.01643987728122389,-0.014531168468053263,0.004368252662135315,-0.016895498336216872,-0.0068133069657525785,-0.014939326230907466,0.00760197426128181,-0.005593615470102273,-0.05466499378748275,0.031041657476635343,-0.02251557538329653,0.0035584199437026995,0.010013253947488759,0.002059599530589382,-0.008088629630595102,0.011129595772731793,-0.006983829013210674,0.0049473963921087515,0.022519790526627406,0.01461032531853524,-0.011094302330154203,-0.001889888370085538,-0.01408823727621641,-0.056433213428662685
Approach3L,T_opt,95,28.882692914012345,1001,50,0.3764683085142938,-0.008217957242087418,0.0017457323647296664,-0.00792454714146336,0.007291468746713528,-0.0015267058360040487,0.004280732653882845,-0.0018900433771013025,-0.006788507871378357,0.001756307109722001,0.008758481834724144,-0.0032172393303305045,-0.010955542881747111,-0.014307311939123858,-0.0038439350573512537,-0.006600433737717865,-0.008963214865294212,-0.004587589931043545,-0.0018777908934233725,-0.005679551584426436,0.0014363577661285513,-0.010847256536403572,0.002690785481932853,-0.0004306279648055959,0.0005811166407112328,0.000476744649647802,0.003052096634505885,0.007465489788012128,-0.0013101997818002757,0.005184059422375399,0.016319121477474146,-0.0041582426295037125,-0.0015621417701534926,-0.01084135945250278,-0.001542176452867262,-0.004373944447690693,0.00020300902975646084,0.0025818467838310813,-0.005829019028137464,0.013479903528245206,-0.0036150243111263457,-0.0015018905390779234,-0.00025903139754325163,-0.0015374895443097405,0.0007251588247060431,-0.0019531130910841457,0.0021523674458028604,0.009663203333259752,-0.0009690151856833161,-0.01440680267291941,-0.01006441499884446,-0.0035945793261795457,0.007745239078214094,0.006018509110550213,-0.005368951765294099,0.006730772958430751,0.00840458750756441,-0.0010625997979752163,0.0009530767278673597,-0.0017287499366606188,-0.0039000338236235,-0.002721776556708625,-0.0013752205572678394,0.009254003274717565,0.01377058293575921,-0.0064743243005285665,-0.0029500281103149017,-0.015608202658966834,-0.0024675235773491504,0.00399206595969413,0.005073754707284833,-0.010660737758859647,-0.012953810130679765,-0.015196879196822274,0.002447211981889172,0.001196844949434,0.10624233554632403,0.0011396662625014343,0.007809086626702001,0.009123570205628146,-0.006785906121288847,-0.008241731755449618,0.004372197329964741,-0.0005387884693971402,1.8510047212822855e-05,0.00744170847460455,-0.01426417543213699,0.009979467604418106,0.005623802833471367,0.001192800694067706,0.00553901363441853,0.012257939881374037,-0.0045003291608368455,0.010001149593213871,-0.006208493117969308,-0.014076369905282923,-0.007148079839516979,-0.0013107935468362818,-0.003088367758025096,0.003984093605191468,0.004853475995828971,-0.010089117325133746,-0.0029169917518586976,0.007100006704910677,0.009449150759191671,0.0013165635035165789,-0.0018098071759900928,0.00841927927642085,0.0055541350352815225,0.0019199395510979171,-0.0037588856872419704,0.008610158885364955,-0.010555552655969906,0.0017198002387299677,0.008357890723454515,-0.008074477131639723,-0.006133252664322636,0.0027860720998139246,0.0014630167162660622,0.0026471493180977566,-0.0027965495479104624,0.004491169787362805,0.008796099994194265,0.00233567579503217,0.0024249617192111227,-0.003282820690128096,0.006284202543751054,-0.012769026051092326,0.0032803112734035114,0.0025855345596276567,6.758595682019707e-05,0.004839146611001681,0.014391613481413445,-0.004716820595000075,-0.0027215981737041452,-0.0028327253420230842,0.007199202289832767,-0.002180683097901921,-0.0022615647769108045,-0.0007673954561994017,-0.011137422588433168
Approach2P,h1,5,0.0,1001,0,0.0,0.0,0.0,0.0,0.0,0.0,0.0,0.0,0.0,0.0,0.0,0.0,0.0,0.0,0.0,0.0,0.0,0.0,0.0,0.0,0.0,0.0,0.0,0.0,0.0,0.0,0.0,0.0,0.0,0.0,0.0,0.0,0.0,0.0,0.0,0.0,0.0,0.0,0.0,0.0,0.0,0.0,0.0,0.0,0.0,0.0,0.0,0.0,0.0,0.0,0.0,0.0,0.0,0.0,0.0,0.0,0.0,0.0,0.0,0.0,0.0,0.0,0.0,0.0,0.0,0.0,0.0,0.0,0.0,0.0,0.0,0.0,0.0,0.0,0.0,0.0,0.0,0.0,0.0,0.0,0.0,0.0,0.0,0.0,0.0,0.0,0.0,0.0,0.0,0.0,0.0,0.0,0.0,0.0,0.0,0.0,0.0,0.0,0.0,0.0,0.0,0.0,0.0,0.0,0.0,0.0,0.0,0.0,0.0,0.0,0.0,0.0,0.0,0.0,0.0,0.0,0.0,0.0,0.0,0.0,0.0,0.0,0.0,0.0,0.0,0.0,0.0,0.0,0.0,0.0,0.0,0.0,0.0,0.0,0.0,0.0,0.0,0.0,0.0,0.0,0.0
Approach2P,h1,25,0.0,1001,0,0.0,0.0,0.0,0.0,0.0,0.0,0.0,0.0,0.0,0.0,0.0,0.0,0.0,0.0,0.0,0.0,0.0,0.0,0.0,0.0,0.0,0.0,0.0,0.0,0.0,0.0,0.0,0.0,0.0,0.0,0.0,0.0,0.0,0.0,0.0,0.0,0.0,0.0,0.0,0.0,0.0,0.0,0.0,0.0,0.0,0.0,0.0,0.0,0.0,0.0,0.0,0.0,0.0,0.0,0.0,0.0,0.0,0.0,0.0,0.0,0.0,0.0,0.0,0.0,0.0,0.0,0.0,0.0,0.0,0.0,0.0,0.0,0.0,0.0,0.0,0.0,0.0,0.0,0.0,0.0,0.0,0.0,0.0,0.0,0.0,0.0,0.0,0.0,0.0,0.0,0.0,0.0,0.0,0.0,0.0,0.0,0.0,0.0,0.0,0.0,0.0,0.0,0.0,0.0,0.0,0.0,0.0,0.0,0.0,0.0,0.0,0.0,0.0,0.0,0.0,0.0,0.0,0.0,0.0,0.0,0.0,0.0,0.0,0.0,0.0,0.0,0.0,0.0,0.0,0.0,0.0,0.0,0.0,0.0,0.0,0.0,0.0,0.0,0.0,0.0,0.0
Approach2P,h1,75,0.0,1001,0,0.0,0.0,0.0,0.0,0.0,0.0,0.0,0.0,0.0,0.0,0.0,0.0,0.0,0.0,0.0,0.0,0.0,0.0,0.0,0.0,0.0,0.0,0.0,0.0,0.0,0.0,0.0,0.0,0.0,0.0,0.0,0.0,0.0,0.0,0.0,0.0,0.0,0.0,0.0,0.0,0.0,0.0,0.0,0.0,0.0,0.0,0.0,0.0,0.0,0.0,0.0,0.0,0.0,0.0,0.0,0.0,0.0,0.0,0.0,0.0,0.0,0.0,0.0,0.0,0.0,0.0,0.0,0.0,0.0,0.0,0.0,0.0,0.0,0.0,0.0,0.0,0.0,0.0,0.0,0.0,0.0,0.0,0.0,0.0,0.0,0.0,0.0,0.0,0.0,0.0,0.0,0.0,0.0,0.0,0.0,0.0,0.0,0.0,0.0,0.0,0.0,0.0,0.0,0.0,0.0,0.0,0.0,0.0,0.0,0.0,0.0,0.0,0.0,0.0,0.0,0.0,0.0,0.0,0.0,0.0,0.0,0.0,0.0,0.0,0.0,0.0,0.0,0.0,0.0,0.0,0.0,0.0,0.0,0.0,0.0,0.0,0.0,0.0,0.0,0.0,0.0
Approach2P,h1,95,0.0,1001,0,0.0,0.0,0.0,0.0,0.0,0.0,0.0,0.0,0.0,0.0,0.0,0.0,0.0,0.0,0.0,0.0,0.0,0.0,0.0,0.0,0.0,0.0,0.0,0.0,0.0,0.0,0.0,0.0,0.0,0.0,0.0,0.0,0.0,0.0,0.0,0.0,0.0,0.0,0.0,0.0,0.0,0.0,0.0,0.0,0.0,0.0,0.0,0.0,0.0,0.0,0.0,0.0,0.0,0.0,0.0,0.0,0.0,0.0,0.0,0.0,0.0,0.0,0.0,0.0,0.0,0.0,0.0,0.0,0.0,0.0,0.0,0.0,0.0,0.0,0.0,0.0,0.0,0.0,0.0,0.0,0.0,0.0,0.0,0.0,0.0,0.0,0.0,0.0,0.0,0.0,0.0,0.0,0.0,0.0,0.0,0.0,0.0,0.0,0.0,0.0,0.0,0.0,0.0,0.0,0.0,0.0,0.0,0.0,0.0,0.0,0.0,0.0,0.0,0.0,0.0,0.0,0.0,0.0,0.0,0.0,0.0,0.0,0.0,0.0,0.0,0.0,0.0,0.0,0.0,0.0,0.0,0.0,0.0,0.0,0.0,0.0,0.0,0.0,0.0,0.0,0.0
Approach2P,h2,5,-0.0002507452535999,1001,950,0.2026761770200839,0.00808696083316568,-0.0033372042894695914,0.01317842087981411,0.018728017427585467,0.0005324819121613044,0.0013002961576204168,0.005687685410660416,0.013532723377043268,0.013464629097178332,0.017577199808608973,0.00848948088904361,-0.0004573243996082877,0.0009186030315223772,0.0027497636004278486,0.01289364265363543,-0.0022931248313878792,0.014099557010804287,-0.0006117746074419624,0.0051553643573670465,0.004471841086383143,0.01897617727846723,0.0005905639838262883,0.012883637757968051,-0.0009068970093701716,0.008288652061413732,0.010889647322856955,-0.0027409682125973983,-0.0018954980323631562,0.01148553672842913,0.014034119402377303,0.005988002399953327,0.015696783192519312,0.002707690779073458,0.007333840509958911,0.009934025192339959,0.007902637308190987,0.005190782155915498,0.0015309516698135692,0.006808554428505474,0.018135585565417348,0.012168117833050078,0.04505004475369696,0.00787106317246153,0.004762876365444486,0.010511615171683733,-0.008064824765543786,0.005072059088231805,0.004387620271957228,0.00784732044029902,0.00620197037195005,0.001091748832466326,0.008824885098051499,0.0060447030639349045,0.00822707712295874,0.007915719347393893,0.0057141563645344015,-0.0003898930389469816,0.017363474979780982,0.01063737090430903,0.0022664025991081934,-0.017506251492462183,0.014643403866588854,0.004582073909988858,-0.00034747581338469974,0.008130448228193431,0.013327011881650802,0.013756934519355907,0.0057878517575824795,-0.0009575646578220392,0.002469976345363778,0.0007886092978718938,-0.005549527648316066,0.020776799380445667,0.009404441791667533,-0.007415368436581432,0.0037154723945287604,0.009917834574344557,0.009072645263404488,0.006613174435686068,-0.0016367127490796189,0.0018352073528053632,0.006537871608058752,0.002306457417311632,0.002328751444360235,-0.002373131852945425,0.010735537991034124,0.02125155367987239,0.03478533192277029,-0.013229142850706045,0.01038567055785517,-0.0011044991765606152,0.006327848084822426,0.009934601690725211,0.009370173907440268,0.014479472418010063,-0.006846556231165129,0.01656715956746552,0.01097686029561674,0.014479816336772653,0.0011910288788817079,0.007842656770567204,0.016025146208925443,0.010125758974652352,0.009691641657922623,-0.001982961462603735,0.019449083594989855,0.004135788247984563,0.010416493868679648,0.005408241673526249,-0.0018739229868196452,0.010481388332926556,0.011729145078781616,0.007146762553908821,0.010072022568976338,0.0016231639656147465,0.004651040143756358,-0.007150541274864425,-0.007309457465670283,0.014082736362832393,0.009085292261692484,0.00591534539063721,0.02863981932632314,0.015137974912905963,0.00604146300239538,-0.0004373557242031115,0.010604381218061829,0.005868419729723301,0.00907120984132271,-0.005517451854392031,0.006703793591295839,0.012721571167460905,0.02025224821984055,-0.010807953543350707,0.018309435206571547,0.00395972677578325,-0.0004687031200709315,-0.00047932952521748465,-0.005721527668695864,0.0030300850760134465,-0.005304812389829119
Approach2P,h2,25,-0.0001870571119407,1001,750,0.42676120461962974,-0.0152863483542678,-0.00991059960481766,-0.018428185823030335,0.013047790297817292,-0.01200071267811557,0.011019881451533504,-0.008869331769360826,-0.012073781962353354,0.015440245988248502,-0.0013751100605227003,-0.020371864137623284,0.0067692921398706425,-0.008474164917882311,0.008283459307956959,0.021133150897630747,-0.023931930049605123,-0.001297425783839433,-0.0032211962408276703,0.027947867179034164,-0.02795491874430805,0.032643593304201385,-0.012771602802409101,0.02808042276006756,-0.006455789338900571,0.0020661139216775065,0.019760354671709904,0.011337573783638356,0.02621798307689866,0.01627310153656973,0.002835706260617358,-0.0016982814229431487,0.03838712405290094,0.017110818712492232,0.0027057001066939246,0.014152254816751496,0.020849246602910546,-0.013093379303133874,-0.010629617191979314,0.01598548398251755,0.01980093667780059,0.008999047075394187,0.09521816262211157,-0.0032066732222332736,0.04362684751427738,0.013606025706356014,-0.0019744150512378614,-0.005333466556506464,0.010102389609272951,0.009911795618668978,0.03512982009675623,0.008490683484450513,0.020247887934378553,-0.025308528512914152,0.00038575255527049934,0.01641269633901104,-0.02175524502459989,-0.0053991960240497225,0.0038630885738582185,-0.006302199935430863,0.005211259086097427,-0.03637448515636153,0.014303675062214593,-0.03050969227244183,-0.010002605272695808,-0.00011304748988203751,0.01097331690675883,-0.015168854672744998,-0.015634565239398643,-0.008704676936750377,0.00528372661333722,0.02104804216860786,-0.03667083812450128,0.015469136682488728,0.02452645320644088,-0.02682387458707103,0.020586634139413588,-0.014120971962572476,0.002919593208064935,-0.021113841272498685,-0.02393309222162541,-0.01099231860370688,-0.006566738164151445,-0.014032454042720107,0.008413939417310319,-0.012037371694315197,0.007032534748719884,0.08093449572232768,0.11515617469888997,-0.0012351781089640392,0.010380125261624025,0.02910200441962084,0.010384414353566167,-0.015844360802486274,0.025073715844803748,0.004623738456950046,-0.020913313946422676,0.034057053579268345,0.015108572580031659,0.046730335582296674,-0.010051670742016896,-0.003906312019033905,0.028824817254193242,-0.012761874772716272,0.010163644920667576,-0.016039084899281013,0.018847966939249002,-0.02394294034926738,-0.007707427914683046,-0.00509222619927515,-0.004591718656284632,-0.0001718498669813634,-0.029877336380477973,-0.012980384214822544,0.00887200622109705,0.0264578744645695,0.02076462813185994,-0.0015545243307226383,0.00510614515531517,0.02459823035131827,0.040197470150124016,0.02164675163577402,0.08699390790521408,0.031555462161470704,0.008302084765180347,-0.014722347911843592,0.010295948438040669,0.009864311065027637,0.0056560834674706986,-0.010869634279331901,-0.004169473668925016,0.017458731509821204,0.03314438424191867,-0.03470990378082515,-0.0008513429289842365,0.02966267532918828,-0.0049399590670704645,0.006848666327672088,0.001876450045005417,-0.010152407244074645,-0.04339304347000894
Approach2P,h2,75,-0.0001193218632452,1001,250,0.41826967049604724,-0.02063697523649593,-0.001496659624894623,-0.02850824473898574,0.015296962576794065,-0.009898409962102193,0.0039240752434409314,-0.031132229950107993,-0.024297921922462724,-0.004917035003369395,0.026004253646208998,-0.015605028565015566,-0.005366470927910861,0.012947919369873884,-0.004712222306589797,0.006403288927247457,-0.006871225670726205,-0.012130112172663946,0.00557273634476706,0.03344320998423269,-0.04574799241501606,-0.008146594468179941,-0.04516892357692387,0.02058641560509465,-0.00524470513620711,0.004205444963050531,0.0014705466570079997,-0.0013737075117184554,0.008549939557764692,0.017032209799982524,0.0128583270532103,-0.02361378355428556,0.023014029797816422,0.01971883931307126,0.008261005840528315,0.019272765433722545,0.00041003283894618103,0.00527845743886742,-0.017590824714925315,-0.0017523463086511048,0.014847575496760215,-0.005183034236316949,0.05209422605736293,0.0029322862348838373,0.03812482024441036,0.027016402324933575,-0.02042107143009707,-0.002247500010606567,0.004856723479533111,0.03244651867000578,0.055926385031165884,0.0005939806100361093,0.019841098747522486,-0.005611370183302335,3.549557567764962e-05,-0.012831826867421858,0.010763188073213359,-0.022443001994634032,0.019430884736548852,0.007968781024668772,-0.025103427300279497,-0.008559443772932784,-0.011570909713157428,-0.026946546609701114,-0.026236225359821626,-0.02032795735614379,0.01945113047281232,-0.04240579052444369,-0.017624679776366614,-0.0038613722359688873,-0.014783457711716574,0.006524689541248869,0.003013442747845145,0.0056376165330620925,-0.051200837290528795,-0.03687264825432901,0.04896773323454918,-0.01541141522129248,0.020845437882836437,0.008190366101216078,-0.01794631206324327,0.023656197954579038,0.003316400161033718,0.019311611023113302,0.014705337954031835,-0.0016465928149998511,0.01457279504258963,0.08477667464799839,0.10328165590688065,-0.019946896744223952,0.014901513592222821,0.0246095515248437,0.012948243552843637,0.00563575963199418,0.021201742978478877,-0.008522251613340264,-0.022835883057037255,0.024109973931964124,-0.003927052878493362,-0.007846179734094606,0.003787772777465035,0.02015536781690913,0.01024940746468717,-0.02295525161484103,0.02248708200300772,-0.00579184481564159,-0.0014177400749592756,-0.039977688645777734,-0.009013549851384146,-0.013182365418583775,0.011576098633446146,-0.007627944850932996,-0.06863978982407155,-0.011474577024893524,0.035409793428664335,0.013252983210163289,0.012489065990850659,0.003747468372268477,0.00245838211471182,0.00917347589981395,0.02195132115635056,-0.004147654628020091,0.05819491561218669,0.017914666051269984,-0.008361782101983045,-0.0008223935235746665,0.00802097474316348,0.005279960467949919,0.018757245331717635,0.012116311852607144,-0.03137357767672973,0.005554186963195399,0.006306807689839121,-0.02992290484250719,0.012515291512472349,-0.015133455809270321,-0.007195694667057502,0.0025883376928221655,0.01898797927932181,-0.005054860460681626,-0.037192011874388774
Approach2P,h2,95,-7.905297623918643e-05,1001,50,0.2970736565660277,-0.011769230587664608,0.006810238002271055,-0.011151088504889817,0.005997720982205552,0.006654278255088073,-0.004751693324587367,-0.0049440483277646005,-0.013607352174026867,-0.005467179246997508,0.0014835523978437711,-0.008930083070030577,-0.007742951090790179,-0.00040968983344689524,0.009146853360832208,-0.012335647494919433,-0.0039329312055279685,-0.01303585663274683,0.007315537345489119,0.014737245860509687,-0.021550611224855756,-0.0015897006324514682,-0.003824214306856203,0.016114800366128182,-0.004727157120523311,-0.007353434963370482,-0.00906875446808825,-0.004546816279519885,0.005779120864979343,-0.004533957817868193,0.0068235908782305794,0.0006518965976258445,0.0030658618860782533,0.010761662869399224,-0.0037909122211812933,0.0028272990907781455,-0.008151116482056266,0.006638118480240117,-0.011548646362832168,-0.01041917996628923,0.0018905726186802022,-0.007183504223497177,0.007132773570464079,0.005030667083503145,0.017113164912741653,0.009503470076755241,-0.010137126394021609,-0.0013161925951623472,0.002579109182176926,0.010586578877168842,0.018310914599715393,-0.00501542206873895,0.0029160416435334317,-0.010945404414937673,-0.004852004697459724,-0.006510027225787264,0.0021894068987276,0.003952654402601036,0.0057412202381271,0.004313641233654518,-0.017115614856597683,0.01692561252502098,-0.004294452698025742,-0.008774010291368239,0.003703449568839751,-0.003303982132065236,0.002092903989134866,-0.0044760254960921775,-0.005783383670984455,0.002170089729730434,-0.00829726679466162,0.008398980554066435,0.01796925549917047,0.005612895616038138,-0.01752340130516568,-0.01159445072654855,0.007633729470082777,-0.008979708298830621,0.012078437598701839,0.011109003128175622,-0.0015233569021577565,0.009212744756118002,0.0024208153900498134,0.014676013698928432,0.01625324222173115,-0.0016946123791442827,0.01808299128863096,0.04470428628154878,0.03283375765918639,-0.0013625799212799126,0.011171406419430924,0.0028697445084281993,0.007889248621007533,0.006798713065835273,-0.002326898277747378,-0.014273741563888168,-0.0037367114630809124,0.0009721340943756405,-0.004352912849971459,-0.011736797218128887,-0.0069021183206721265,-0.00030467429981034105,0.006828538798623996,-0.013143346865518768,0.0072467505351606915,-0.014234938744464219,-0.015525244192538633,-0.017919957661289135,0.0035555168218649336,-0.001823007384714549,0.016976652326897757,0.0028804286803335976,-0.029454511630051906,0.0007336763675430498,-0.003106083160344787,0.004349157032156055,0.0043414023070506395,-0.004653993790065524,-0.0017330071998683926,0.010785613441357967,0.009426155805087669,-0.00044720560995691397,0.026448538303432127,-0.004617206204154548,-0.0009701546273137886,0.003157077265644064,-0.0007446824569804118,-0.002052472358050535,0.005364678280444703,0.005047091742086057,0.0014656515492345226,-0.0024048786094464066,-0.01027360152208091,-0.005873382577254123,0.009273635558990287,0.0018132658716026508,-0.003099053185221655,0.002157611801506875,-0.005082701519438791,0.0017612395924450994,-0.013874569474153421
Approach2P,T_opt,5,11.9752863158941,1001,950,0.2886376418702268,0.02756898187054138,-0.006394693713528309,0.024029637595866404,0.006975994108053553,-0.0003278776492185789,0.010896569564765948,0.003748678569334892,0.0004120840190416329,0.002963075568534863,0.01831992027969291,-0.000926582141555405,-0.006988786515716203,0.03745295290992066,0.004310969221351315,0.020426569286951097,-0.0032659583647981928,0.010494522868745254,0.00708345010795051,0.010583614653605003,0.007577612875487345,-0.0015416123029959976,0.02089687690318237,0.01564435666301812,0.0032790996872599544,-0.008817337568728847,0.010375236607159092,0.009366274265063724,0.006042122282026005,0.003839611045781008,-0.001459668135355972,0.002463066242806018,0.008387596986445815,-0.0005763670080038827,0.003969519454200571,0.0203892235805973,0.024693230630723775,0.028151492040988567,0.005972537281528063,-0.012049015179421918,0.022885449797553085,0.005593642475744988,0.0032549193795146213,0.008545776317423395,0.006897530823060883,0.003364010330162667,0.015837813983423692,0.004914653395771338,0.0027406015464969203,0.007923572557843844,0.0008406384163257043,-0.003823652886753315,0.009145945950022476,0.009171441024693099,0.011760832651000076,-0.0005310682363253091,0.005661916087872426,0.01243796054316747,0.014409393825254968,-0.0004177966482536849,0.009809105813296587,-0.029928489954608523,0.005431777127790445,0.005629123138021589,0.004055247549488395,0.010704393566370127,0.010670563412765167,-0.007888941349175158,0.016979105875761333,0.016095585030180198,-0.0006103522111606495,0.00228426197546853,0.0033245028779750763,0.007721323459163314,0.05504002814628159,0.016937435334760692,0.022932758180799182,0.019969607855957784,-0.006025166797413,0.01800715634503552,-0.0017334727740113062,0.008880475649803089,-0.007460475911132982,0.005196841814098291,0.012969134435347605,-0.010102517968902219,0.013941222598871511,-0.023238137493267443,-0.0010588346494099753,0.015737581079199387,0.003701155242003311,0.005432837191904078,-0.0010978901400800732,0.014131187077844477,0.01676403029977963,0.009450380946058684,0.009253707503755742,-0.00396131725934442,0.015146786756103755,0.024583972766263344,-0.0012037666672098778,0.010079552993892418,0.019197021958956378,0.013603604643795317,0.012438551148715143,0.007951763719821297,0.013545870506519663,0.025101800983416044,0.0012358064751705486,0.00935332890727536,-0.0036339809463456583,0.007307008135598327,-0.004372215572774621,0.013845907771106985,0.0032230962149297623,-0.007816788230877952,0.00332965125923141,0.006080239644095377,0.0014575643803206237,0.008051912940286055,-0.010587862009429003,0.007887535577346167,0.004440876054084656,0.008775490887630185,0.008054191521920814,-0.013707872063639947,0.011094083894498645,-0.0021920006408172707,0.009089976835471334,-0.0038298708077569876,0.005175557973850206,-0.0028218568558096915,0.006257907707714963,-0.0031921741675919255,0.01763452977844075,0.01316482403245024,0.00763173645427289,-0.008513863403248523,-0.0016781785287856548,0.012701010517207187,-0.0027860080575350197
Approach2P,T_opt,25,15.0,1001,746,0.47553699060487664,0.05431801073355641,-0.010040959887420757,0.03265581806569433,0.00878707286696732,0.025045392112491537,0.004736152822620989,0.01259197299823745,-0.0138001720650033,0.02711734361620741,0.00986863134178359,0.02629215756669,0.012012863840885379,0.03923780024395812,0.0038285044696698273,0.0020443758302277166,-0.008485273046012737,-0.004971845430972962,-0.010420937963598675,0.0005673234165379688,0.020133213353344247,-0.0024987637845345217,0.030403174467098316,-0.005628914054658454,0.009960569847736099,0.0036335161003220387,0.004776725240052305,0.015586159586882198,0.010165255397845352,0.003731920286956847,-0.004339459138010595,-0.03656020427965208,-0.004114779680347264,0.013446530792603134,0.010162402347100464,0.0018731635141351413,0.01834376026407931,0.016439247588053395,-0.0040683779221478015,0.004318506925767298,0.029784046769456902,0.009167733744865797,-0.009506736043360917,0.00552885633339106,-0.008944902644316252,-0.027845157987726306,0.010147208195029388,-0.007340019227618455,0.004274685412028089,-0.006237949866851588,-0.007255208255097373,-0.011714019365717789,0.006358572110378675,0.02371615559964399,-0.0002918500701905996,0.0028785407908387857,0.021556854368864932,-0.0011492372481363543,0.023902807154252432,0.00859167655406786,-0.004522734891234121,-0.07876029073393279,0.017705819546904117,-0.0024812113636751123,-0.0064495090275784595,0.009660088755336447,0.008055797741254091,-0.04615857348785549,0.006829754583432157,0.006154292464996752,-0.011397305596735898,-0.007978323353037803,-0.0019233903110055586,0.00039411761977957427,0.21025674370531156,0.006738204005773163,0.08900112741246112,0.01646240013223907,-0.01702359573265409,0.005944695675615806,-0.007038628098870913,0.010136771069089012,0.0034693560215284785,0.017643938236325096,0.008919007452298346,-0.012923117683268925,0.0011048060665767127,-0.027918873936574343,0.022736753028953872,0.01326314100896914,0.024746096823345155,-0.004466836874583336,0.024419284414958498,0.020224526131452345,0.02580163804426599,0.006194726724146225,-0.0015159115679983723,-0.01822449907574299,0.010066534427963713,-0.003878014794991738,-0.007719830842569976,0.017062257367812486,0.017967465695502872,-0.013027302181911744,0.011067753856829152,0.011442713189972618,0.005424648439314648,0.023816179109064944,0.01607670065377452,-0.002191744080490207,-0.02078153234131053,0.014272122111908602,0.01201691991888923,0.032691507862608174,-0.0021223898510556866,-0.011932929153795117,0.005374444702664186,0.015522563217268307,-0.0060111693251385795,-4.255313721129861e-05,-0.022724918559702174,0.015322292323645039,-0.01376204157840598,0.01162747078824558,-0.003837960167641622,-0.0708139071507167,-0.012902253302081893,-0.008889121360127003,-0.001686125610441124,0.0023443327066674097,-0.022260839776350492,-0.006265929206727959,-0.0007643604542116452,0.0037641186299523562,0.041795710175243264,0.009878877638028971,0.014990408838964624,0.003748312045928707,-0.0156281343983519,0.01167091736329634,-0.007015617589480067
Approach2P,T_opt,75,22.82345201822853,1001,250,0.4755574199398741,0.02446704107878731,-0.007550767962692953,0.0490156195720854,-0.030704611653596066,-0.0035465225810322985,0.015487295124389708,0.003247415753183709,-0.006502975252177273,0.0050135391275636185,0.006264155595511259,0.015321207580548744,0.00913161947730428,0.0006976562389350918,0.0056487057038634575,-0.011271653236069545,0.007439990754016738,-0.011110070618558144,-0.008088990039853106,0.004730572331776078,0.003641039574949629,-0.0033638789317792326,0.011384405350851303,-0.004118544043068564,0.006563356588457666,0.013760625734794637,0.036032454426004445,-0.0007271698764249497,0.012170278187840097,0.009559793061395917,-0.011163135149085365,-0.018710621691916698,0.009844110120959183,-0.0016970140621200475,0.02250847326504663,-0.0075572388557908834,-0.0015445432737565927,-0.01975389716781467,-0.0006305273746309366,-0.0068310329403146654,0.010335308786321364,0.020649059155946437,0.0021035099610773747,0.004377157417158842,-0.020790356701229952,-0.013520439972535221,0.0012061229517007646,-0.01851774775569509,0.014104135855696724,0.03273623167772395,-0.03346533005335889,-0.004957728058134587,0.01457559932108928,0.01682037239546423,-0.0018784007481607162,0.0004293965218106731,-0.013602790082259866,0.010940962613565877,0.012067723628621638,0.00939994280114028,0.009757105797876897,-0.10625602738777663,0.056525109902784164,0.0029508432717814913,-0.03556511592652608,-0.011687922374673497,0.00022280019948595596,-0.039976519905781494,0.012463482641500455,-0.0019245246365892127,-0.013304301226150719,-0.01820995734025186,-0.07147402465402697,-0.001054839114900119,0.1480963625352245,0.0016428445006469172,0.11211238664746348,-0.011311904393943507,-0.0014453631918519257,-0.012680385642728673,-0.015835948299608802,0.00955944028998585,0.005807686369853519,0.004953144442386105,0.004953798398750212,-0.023681907190664958,-0.023984593342528664,-0.027168437114804607,-0.007445018972961218,0.004400377814162445,0.006559006698935818,0.04729113831699781,0.02041091076568934,-0.0062957501667771365,0.030584363844473293,0.00975239343851233,-0.022493012144106615,0.01752885281154586,0.010726283709633716,0.020153555567374623,-0.009575633683142126,0.007493290287158536,0.03222177047972641,0.0038497574678357056,0.0398806292955277,-0.0019471366286813487,-0.007039115942393721,0.002425566217822153,-0.0010709768170416526,-0.011506988224248515,-0.0297374726878374,0.018762823414263392,0.005818000792094057,0.03403046426289537,-0.008998627387644438,0.0031309118758841873,0.01541282818095141,0.009026658735239858,-0.01136508649345655,0.012808646292498707,-0.019935404070194007,-0.004636913611559327,-0.024508280901821694,0.000890534254114627,0.01155405695896666,-0.06565341022888364,-0.02831763538293272,0.009705617750986658,-0.003466093686385745,-0.003957351771658914,-0.02101280419312246,0.014588496345093398,0.005910492375863719,0.005440565706556178,0.020448715355045454,0.024574832613350465,0.0017135403774648384,0.021026060517692034,0.010902934199638371,-0.02331646768987123,-0.032939265949998936
Approach2P,T_opt,95,25.300802448468275,1001,50,0.24465330614773373,-0.003179191029057128,0.007265547275752907,0.013915365198734212,-0.0031286352814308208,-0.010550567360009401,-0.001335180729579822,0.0055318591543496816,0.0011598787391077,0.0008681702867944911,0.017181194320071414,-0.00406813802014798,0.0003265918258205979,0.011818259381795369,-0.0031662988634403562,0.012972871481776517,0.0004595170607119229,0.005711687435269174,-0.001766378984659707,0.006016834810235375,-0.01034138436221263,0.004793364958089007,-0.002718664136080655,-0.012439008662613965,-0.013237916605003253,0.0024616207568686054,0.008907384869133573,0.004060501853693791,0.006779766964391437,0.0057891351130345435,-0.011344680635969684,-0.010563743930914873,-0.004111272368217856,-0.005015943421304179,0.008223554690254811,-0.009865930971952435,0.005224611829689852,-0.0031529725653638412,0.005504813514300471,-0.010969103508013275,0.005839553813685514,-0.007896398911239898,0.005531371013802664,-0.006128594894316023,-0.0145683978565206,-0.0050156821252313145,0.011086361955757035,-0.0037092184010558854,0.0017951322021599312,0.007290706198957762,-0.011044700065539481,-0.0092624576729832,0.01051705674456557,-0.009125917382414217,6.138682815732838e-05,0.011481850630753614,-0.0035492632679989954,0.006641487183617982,-0.0025402349161692036,0.005227790113415763,0.007948096681702876,-0.022955657512120614,0.008509428120616624,-0.003582054618246521,-0.00779330373627286,-0.0035276684150970104,0.0020964472837710383,-0.011372262328364436,-0.002423136128325577,-0.001301486357357955,0.004871938178920742,0.004442892744768764,-0.0353397046272152,0.001155445271924115,0.03054228467416503,0.003683670248712014,0.02605185753171302,0.00219125645933794,-0.018993753451535852,-0.0015484171096769614,-0.003470028981450479,-0.009403144352519922,-0.008628521951960262,0.00928871053865881,0.009071945739039857,0.004541001330012829,-0.0010503628597570828,-0.0032524339622869106,0.0005040710761629701,-0.0030723882381913595,-0.0003064537208890697,-0.0006650740836724157,0.010226207331457314,-0.003745330712999987,0.011624467550374766,-0.00114220190538765,0.008249060249117694,0.015119261889909514,0.00919561551748288,-0.0035230953766855495,0.00687385248346123,0.008854384586815926,-0.004826717956593643,0.004486833808909624,0.004931767918184323,-0.006412349649003062,-0.0017520775446907256,0.006424424891685485,0.008143394224564688,0.0065751422219697524,0.00027938176366665356,0.013405153409084013,-0.005387132870689976,0.004974669111067305,0.004219725221893539,-0.013898610700927275,0.010665303954098114,0.005359671906257793,0.014812647378485257,0.01068269889919899,-0.006825698269551811,-0.0012951166511877086,-0.012774053462384104,0.007021956683097482,-0.013414170456765248,-0.025109237827734186,-0.013440429849808437,-0.007610317968728068,0.016201847304478902,0.009006067966846082,-0.0075661837564046965,-0.001288434555583081,-0.0010051874381698657,-0.002829409245594468,0.023333873033489175,-0.006889209299698711,-0.01316469021438961,0.009351900047574323,0.00753076303076971,-0.007808341673442789,-0.005198930252469193
Approach3P,h1,5,0.004932056262192,1001,950,0.3035386525104721,-0.005168994226918258,-0.012869705916486453,0.019847393084219407,-0.00040036279225112324,0.002476547373675057,0.004408210168899302,0.010453768261739478,0.0037963623847815566,0.00657272143986677,0.004696133465783531,0.008622625881032556,0.0009326491562145472,0.019420779291323225,0.004777244305303998,0.01256151924291035,0.012796914922561065,-0.002682157826673368,-0.005490541994497319,0.013045514957483585,0.01838693305201199,0.0052792077776800846,0.015728264262170263,-0.010111581579098711,0.008385135194171674,0.003621278192142117,0.027354512007014272,0.0012324971235272114,0.0064399031374699,0.01463932583499861,-0.020113542414349855,0.003789410625908916,0.002191081436883794,-0.006728265390065685,0.0006533005872377349,-0.006308208146313908,0.012851926603071195,0.021250856895579318,0.02104042197786827,-0.0002486645333767503,0.006368015866537435,0.0014332811264867714,0.028921049948177055,0.006898174952185901,0.0013349316898714457,0.009352165071218787,-0.0002307303689324453,0.007563264005591693,0.008831901667126732,0.013377835861477397,0.01263762150520455,0.0070660095209987795,-0.0029549375069652835,0.03320926334491191,0.01243867588024425,0.003911527102979734,-0.002718316067765481,0.0034671368911219124,-0.000726847862174463,0.009626721429177827,0.019206273609005398,-0.006434661025583144,-0.0035290203410205893,0.000955184329347613,0.003426647951528055,0.00923905492021143,7.189418344815714e-06,-0.00243870054057122,0.026156303621276248,0.025427731798545947,0.008811194634918439,0.007985734696826275,-0.0007759588095922355,0.004682943650484264,0.05477590277130904,0.0129210741310071,0.0011691078506144616,0.020126683201918957,0.009917962827471566,0.011949510085554487,0.0009947680352644845,0.007517815518179376,0.0028467465932230634,-0.0042865958687050365,-0.006731945801132174,-0.00271295304036255,0.006101149543852841,-0.015325854794936242,-0.002221506909749168,0.02358520013281668,0.00017303949321108812,-0.002002993380214442,0.012884428471588511,0.011218514861769256,0.013838027268135994,0.021699051137781884,0.005533969637238608,0.002752381369604224,0.007186073611466558,0.005854984954697269,0.0044859907080639465,-0.010044028976016818,0.022983512796337265,0.015313044880010706,0.016815744482709574,0.012024644540457211,0.002722357060469021,0.02690707766622582,-0.0030702873095270625,0.021223155375335347,0.008948197778402051,0.008155380490012173,0.027340879008183182,0.02959342912557555,0.006467999371327501,0.010248120424827714,0.006431893338873782,-0.0006525580211235764,0.014554266342079281,-0.0045760795371188314,-0.0187566159904839,0.008767163742857657,-0.013522206525635839,-0.00469778524359846,-0.0011254040826593125,-0.0032342465688374802,0.0051042141627549425,0.019242246572215904,-0.001373832218816669,0.004929507860312006,-0.0034751042049007766,0.01438795394099113,-0.012176142889023635,0.003532514628428296,0.014731013802899255,0.004328675618361138,0.0017287534253799582,0.008768869398561469,0.007622817812528939,0.00706810794137879,0.009684068377635073
Approach3P,h1,25,0.0069455605562803,1001,750,0.5147896118585158,-0.028038100963581544,-0.0347165637865406,0.05005484835324284,-0.04529206041413056,-0.012141849419010801,0.015035713141644674,0.022792339937584814,0.018284398917225428,0.01089826498630161,-0.025030129646585436,0.03449914379083798,0.008263544843221686,0.03319151220969173,0.015391767600614975,0.01215768598220925,0.01856104738008718,-0.004715032235847717,-0.022933789949382347,0.016046523962231066,0.012188082743067555,-0.0023789297140284684,0.024890140268216572,-0.013027161812363337,-0.005963750492650837,0.003083403131194585,0.006745093790766897,0.0034228762385242408,0.009926938661217109,0.009791140134209411,-0.026559340507137895,-0.0011378810188919994,-0.02113356649605766,0.003713927266109838,-0.010717983179942773,-0.03068734426914842,-0.004806370125390761,0.024943916692926227,0.008298602968110047,0.00019144663963051832,0.013971780858948122,-0.021921795642662285,0.04471558279892464,0.01188704306614646,0.009517499151176886,0.005340159545838292,-0.00764496615249519,-0.0102804189002307,-0.001967642289544413,0.0352422980502987,0.007399806874017721,0.00034252450580253037,0.006383363862611766,0.013470963542140987,0.0073463462392430335,0.0019923106828908313,0.02060417898774433,0.031907971093065535,-0.00581298919309427,0.010935786630575001,0.03542735225470571,-0.029377646636544914,0.002727324279511112,-0.011377732407899195,-0.009242820963002375,0.009446254697097284,0.010820991895884084,-0.014838719591907558,0.03759301200023899,0.015028619226033033,-0.008042715450970562,0.01016897395437662,0.040931768591551905,0.017868631498551175,0.19864780530139414,-0.02084911191033735,-0.01704806046209796,0.003002726826169786,-0.00011897683410267042,0.026163548870831183,0.004963920992311965,0.003798386307069004,0.0011166839197700139,-0.00867675038991184,-0.01912557005477478,-0.01017682175924424,0.004494607040759737,-0.06150712094429413,-0.0333850033167826,0.03387024923540107,-0.009011688842571884,-0.018584430413358825,0.012215376094444171,0.004027565780458819,0.014791356941394801,0.04064567351008447,0.010181091697746685,-0.0056148192234380685,-0.004528508113473955,-0.03781092921183084,-0.0041420590759853985,-0.012974699526835037,0.022155155714808535,0.012172350929720034,0.007538632764421576,0.027145984122785596,0.003020260995313163,0.04254480889934979,0.004688342581953855,0.0030256273476115215,-0.008166628767458413,0.003494580144832487,0.08339987799907149,0.03675624187130335,-0.0019357709845601694,-0.0009674257830492791,0.019655102904383014,0.012810129118388795,-0.0005480838776323396,0.007698597303903874,-0.03538497167501544,0.013610012272320261,-0.05653499288269828,-0.012889774317805643,0.02160856524564203,-0.005528495466450773,-0.007708723403208722,0.04370424990832689,-0.009283064946800357,-0.0011489937094535455,-0.010697821469631115,-0.00311046683948296,-0.028402463909790607,-0.0015215456263761229,0.021446865092089925,0.028097859548159486,0.005600811209513452,0.01000593631419594,0.0033580914499932906,0.007961377594643226,0.025670337312767674
Approach3P,h1,75,0.0095279974496304,1001,250,0.584028816310123,-0.018847207562775914,0.013384020831869372,0.038116708532192456,-0.031078210538735385,0.016121954867347674,0.006720532486773345,0.01525962232451816,0.008900291608278307,0.0022999409045690606,-0.0075635302834144505,-0.0002095584559912815,0.007200350876462917,0.005692000754284442,0.004721400849620465,-0.005987303224280046,0.00869630575107707,-0.0012837467298599838,-0.017834956528838417,-0.023349149202862886,-0.011259063530894595,0.0010677824702868509,0.01182855234378942,-0.021861324198088276,0.01413132987523761,0.006213669947397646,0.004973725393838859,-0.010229410928129358,-0.0005129088351542542,-0.009799378878321493,-0.014967321737657762,0.020165621145552388,-0.013242907064419815,-0.017145802137035957,-0.0074973391447104324,-0.006089590096885953,-0.031343708676930766,0.025608452048157516,-0.00804230199694933,0.01911189252755808,0.006535585627547666,0.014294324470355778,-0.010512244348663387,0.020565054477613694,0.009991698651438329,0.007904406677215248,0.016532125590578643,-0.0065862356403389895,-0.008191554876774745,0.028470156990899245,-0.007281512947494288,-0.018903053936584705,0.018036069757817456,0.01516068625722065,0.02344841773499471,-0.007278922478842438,-0.004203770991989012,0.010727214578453137,-0.0006607167574880293,0.00029307959343930455,0.04311776699287782,-0.037907496858523945,0.016100210805237727,-0.013352730415390762,-0.008368030064143913,-0.003327273793530766,-0.005962043638642904,0.02298379201353316,0.02426093566434972,0.0017315800969757156,-0.019967531995557154,0.008725059085428151,0.04406165477680603,-0.015114429495489114,0.24200553135941363,-0.0033739138711311595,0.005370664529901117,0.0026998561950644442,-0.006781623326301358,0.015777300895280025,-0.015204684359084494,-0.008711004929448134,0.0043737042086603155,-0.013306980254253262,-0.00412450543195415,-0.01414618113983468,-0.0013165620723134333,-0.05259174062523575,-0.0664651081567662,0.008020999344267494,0.010502395595183242,-0.02355826400381226,0.0014363257491077537,0.0006409087189389352,-0.003950990475116391,0.021619686980582923,0.0023258011571007098,-0.007054123446613818,-0.0068760609424174755,-0.05553836679743551,0.006050802187975841,-0.00019340233583248906,0.023197655273348286,5.0921725953122915e-05,0.0113552406239679,0.02256612837910135,-0.001692763771957301,-0.0033134732429911107,0.017892220597958603,0.008588919357524084,-0.008001288742680874,-0.017557383393308104,0.051097106021720455,0.03410761548085836,-0.014946547922845152,0.006431676853014219,0.008574153490218027,0.008450222512392452,-0.007219867324733394,0.008335730183840522,-0.035432079920530817,-0.032811826354445794,-0.05462588534246861,0.0023227767492967483,0.014728519006796191,-0.03203761737290793,0.006410635815211691,0.010789394314428625,-0.0048839670535993415,0.010547112927335973,-0.01133540449246543,-0.008076410876707851,-0.010737176812269395,0.02317416264248238,-0.00455520891383345,0.007059175708822571,0.012678544019355064,0.011062892888288704,-0.019692018373136444,0.011903976575961081,0.018903459909669358
Approach3P,h1,95,0.0116213666310041,1001,50,0.35750449780190996,-0.004799501214712977,0.00815850992206732,0.020502621912461095,-0.018155993537087342,0.005440189624934803,3.627487629191033e-05,-0.0014358308513271016,-0.0030862581304893118,0.004150113261151498,0.009435249945913663,-0.008285223699554388,-0.0014312392772498298,-7.128372390759457e-05,0.014867951232508878,0.002374930252219707,0.008053180203178882,0.00980551537670953,0.0058957650492955736,-0.015445703586970425,0.0008372990417076318,-0.013685958111972504,0.0022261924936371417,0.005726629648385235,0.003068422559333886,-0.0028575436800032487,-0.006501359506703056,0.004177954880199864,-0.00037362005450788656,-0.002082146627293436,-0.004417469604565552,0.015513624355679548,-0.00723961863985403,0.006456004909539124,-0.00025498838547851396,-0.014141944292350777,-0.003957863864668192,0.007020612779773769,0.0054939888004164016,0.0037484676567203154,0.001761016211520511,0.006965229254484551,-0.01887830253640625,0.0035433483186243283,-0.0016307032017869852,0.0005550293170498684,0.0013522775983506766,0.0027065059836900215,-0.0030666586240634544,0.0021736021857279766,0.003753921060180887,0.004260458207859241,0.0029785534582231037,-0.007473938773079396,0.008690859356668343,-0.00568326873746259,0.00019059516601576846,0.004494260312227121,0.003307379551486283,0.008738400391076177,0.0030204574700194485,-0.023129752314535262,-0.0027580985955820755,-0.015214052468103584,-0.007782884361170646,0.005398161200844652,-0.01195339959937258,0.009403581265299577,0.0029378557423226483,-0.000540517313982896,0.003323544230847666,-0.007671864186311238,0.010021022501100353,-0.00475210651316992,0.08614650528309058,0.008348408242528603,0.008165856638792279,-0.010433724125883862,-0.003606376240000965,-0.002105679982649015,0.00452275972756657,-0.009269642184823573,-0.00271607750823029,-0.0034769104451910426,0.013518859588948603,0.01051321577260559,-0.002200547561861504,-0.01850020807860092,-0.01313537261894206,0.002604958419498621,0.008318955821505701,-0.0023443013161976445,-0.0039308951440099925,0.0015110436462964965,-0.0005501423075762212,0.009616069877493754,0.010223199550173761,0.001665824896006792,-0.003914424211162643,-0.03602229881784534,0.00683761293123665,0.004564093189590349,0.0033415355737305957,0.010850225382426203,0.001908183067896316,-0.008313372731185193,-0.002019066381023748,-0.0008767609605750326,0.005938832737388056,-0.002926629745034082,-0.0051114703812565445,-0.01183343044703086,0.005442949279291716,0.012710256378971552,-0.007525976456696516,0.011505924150459987,0.003584871335739556,-0.00678362203091982,-0.007004551607810409,-0.006257194375488488,-0.0219639646982309,-0.014757754700744703,-0.02392794590289324,-0.00620510512567346,0.008249694688817135,-0.002599958279506873,0.001471337256632196,-0.0028432549349066954,0.001978738005677884,0.011626252235757473,-0.0010284086373634673,-0.0014228585157051313,-0.003833147799666082,0.0082993352850339,-0.0017438267133145795,0.007823858720905703,0.0007947095607898722,0.003615693125418158,-0.007658045715554031,0.00828902050667589,0.004046321593805391
Approach3P,h2,5,-0.0003547472180776,1001,950,0.3368305043941824,-0.0017231706908182598,-0.007481760287900771,0.0031193869395510256,0.02418887348678282,0.013957313698179492,-0.010014731327373051,0.00021599663400541196,0.0023860137071145086,0.017059369633115672,0.017474495909974293,0.014903521576055935,0.004200585070125709,0.006099414420232251,-0.0032943140038670764,0.012779659167145694,0.006079689159907531,-0.009746851859796906,0.003958801529393277,0.010528587596136358,0.013930698870811104,0.008686611987246974,0.011356697041638303,0.005744380506643477,0.015052733297347711,0.012530121440973947,0.004059527396673238,0.01583552925445297,0.005622013856319099,0.0005229496877159137,-0.009663447680272655,-0.0022124400588695095,0.005088888761282871,0.009227617572322253,0.01200752392804134,0.01567855216838817,0.02074798650381318,0.0018147134029202422,-0.002240940082109795,0.0146396446214676,0.014102263883480801,0.0066720000506988375,0.027653573858801895,0.00711373541495529,0.0003268238253319724,-0.010079216547796359,0.007716284607041355,0.013122381004622883,0.0012799267710203073,-0.006340151555676202,0.005373066638455094,0.008153776613254903,0.008975813226465778,0.0020657016332770737,0.0169051532243573,0.014372601543961548,0.006171001373475297,0.009096502652223573,0.018741123253345475,-0.0017061565602894534,-0.009771000241027245,0.008146180544385569,0.029181972981239424,0.0064736392661305705,0.0021426787763990825,0.011148583711141191,0.01946645645100473,-0.0026491724987402696,5.326039605576052e-05,0.001538355356127231,0.011613066016889693,0.016512906234979564,-0.0575092406952441,0.012834522407691416,-0.03099536144063502,0.011501658387263533,0.029065324600532072,0.018091344333000955,0.010922382434562396,0.008604595974242554,0.001625033533539327,0.015578289385788846,0.00972472919045886,-0.004708650227694531,0.00509754260101521,0.002272552264740742,0.0009674981730027378,0.01688996127230117,0.0298599164797768,-0.008054939181435997,0.005424038477289745,0.02546060494229891,0.011028559036403839,0.01029343584449357,0.01352063704685601,-0.006888119563152242,0.013034838518784607,0.01909870246429353,-0.0002805423846373098,0.013261279390661379,0.00863249683535405,0.0011306141466319707,-0.0016797463687847087,-0.0031711434570777138,0.01723184751337662,-0.008650889306010563,0.0037420133904572314,0.01317507511927822,0.0020844460770758208,-0.0031210851153928598,0.02610289482827563,0.0029497633539058215,0.009966834937837628,-0.011122373405098588,0.0177061621383745,0.014543025455899066,-0.0037296872709337223,-0.004070512069459244,0.005990097463770309,0.017120259072366743,-0.006160036219838085,0.012338089791902637,0.025030182348991133,0.018821271331858076,0.005516060360254232,0.003218906317230784,0.004486548223611128,0.006272720308046428,0.009435065013921228,-0.003294436736095522,0.011798130840969003,0.01133599367782474,0.011126789057223425,0.007038751650202477,0.011821502854824077,0.001617353455043484,0.002454985451116963,0.012406328960621282,0.006442378888851886,0.010379122129660003,-0.005475820688785868
Approach3P,h2,25,-0.0002750606778122,1001,750,0.5563464131057214,-0.010309904022923339,-0.007685877864363387,-0.012010231007274507,0.07607346294771639,-0.016023007557764507,-0.012776888853469018,0.002171127945932101,-0.027330567427121838,0.031325576337519485,0.02295506786267721,-0.0029385935238941535,0.009356643644470107,-0.005269226124620251,-0.01305022291904584,0.003730868307315484,0.004960380677346395,0.003106965684001418,-0.005215663851143429,0.01475153451696061,0.006040651797383988,0.007608435015126887,-0.01021967743223378,0.017156179702652045,0.003150860166567307,0.01522807611244087,0.017776473284284514,0.007211379964508949,-0.002320237599439995,0.011194987774627144,0.024476578533053572,-0.0011646808568379977,0.011471732194794894,0.030095232597119454,0.023453619278789205,0.04343196198319664,0.03762460171642264,-0.01995750864143636,0.03537107735067989,0.0002816446308777053,0.007772128628654584,0.01958256989439905,0.035124549047871635,0.00436644249097453,-0.01934912305561967,-0.0020408222580168,-0.0049120988976233595,-0.0064531700170919765,-0.004782574904626248,-0.04081299619528303,-0.015817813026338765,0.0004152077126034076,-0.004162675246613543,-0.022485438108675218,-0.022789345989534582,0.007908296579135233,-0.005222826184884729,-0.004639947257710013,0.02429018786246012,-0.005659952294261745,-0.01020226499700242,0.0119339230942463,0.03025937052739001,0.0065477250828193875,-0.010040634095658314,0.0034925832029778815,0.032791331236881494,-0.01777555767443281,-0.005029905485237839,0.005216796494369054,0.043124048358032414,0.01181336668887282,-0.11808826205619032,0.005782885091508441,-0.07580112424724746,0.024846293077620533,0.1386450217728391,0.03290471808739408,-0.0018677812129002207,-0.025700026399936765,0.004099900194366676,0.01941093831743973,0.013023230525603386,0.01538878623199937,0.007344389422305801,0.0053962303968429146,-0.008766518646388112,0.03572826011747547,0.07576007429549673,-0.020610513738978237,-0.010524190575502856,0.07139517405161912,0.007366055704389113,-0.008380247349800593,0.025624470173750587,-0.06616799049118695,0.04069349512947787,0.030977128192547415,0.01698551219891891,0.027985292180238906,0.005533987210086917,-0.018731115980419436,-0.016374217553036474,-0.0019247739952956006,0.018289686364584,-0.01968113815043766,0.02240138282388702,0.006145471303008785,-0.006950865051270367,0.019199449056643732,0.04150702106343065,0.01055644519092833,0.006019752053379581,0.013337197750682232,0.0034697305171087402,-0.006985054345839135,-0.009486560665826736,-0.0016055271864850434,-0.006114588154316446,0.009743768024240488,0.01573494608933007,0.01933197890739287,0.04388292021967829,0.016987998513523037,0.0058569333680955765,-0.008049116587979228,0.013734153425293983,-0.03103094487195361,0.04384354252327545,0.009442866114087838,0.025120885344404705,0.026857576824712907,0.00935955076987948,-0.006323856534640833,0.0003525992855314842,-0.0027926734148747204,-0.008989933183623178,-0.00397295449377023,-0.007681839469293491,-0.027203500159549816,-0.06558614903813073
Approach3P,h2,75,-0.0001907232523124,1001,250,0.6012706328486558,0.005316122464701142,0.0006096748712379196,-0.028230611152393056,0.060010564539024196,-0.0030842608214333156,0.016684113136366804,0.004722746826193197,-0.028777058992695802,-0.006071150559702655,0.03790634702274323,0.010824403717223152,0.004881491263953597,-0.009107557972389524,0.005770121077331221,-0.01162094917593074,-0.008754722376722073,0.018875183782818297,0.011574127407032566,-0.023439328331244708,-0.004636544431657043,0.00416402569420901,-0.01573734812897958,0.00914085817310626,-0.0021967952777059794,-0.0003344503258302517,-0.0004772988769470646,0.025812556447571206,0.01217785073190073,0.0163560231110969,0.044615530066288184,-0.015319440034400687,0.013543604896846872,0.008265693465183972,0.014359637940158267,0.017469991896201686,0.036393764013867305,0.004511692783848987,-0.00897626000844214,-0.0009343324578280925,-0.019933213519150044,0.0016698990981905918,-0.027523145965027997,-0.024359723546214507,-0.005648655712507104,0.0071662662087244415,0.005665919157173432,0.006792281391372555,0.006932087735635747,-0.034558876065003394,-0.006943982218686456,-0.004552073014964009,0.005328958877333399,-0.006781415575658735,-0.0019179784473907268,0.010635125485514384,0.012541932137635343,-0.008871960611752652,-0.0050542495286563585,0.0011689984841186784,-0.007038113937081675,-0.02144473748790308,0.020051587754312403,0.002050440221914515,0.00806922412871464,-0.007924655833811484,0.02317057668700854,-0.017004550055893956,-0.016858193622414565,-0.013809592167411443,0.010498290101106708,0.0049926310402783666,-0.09400723869302022,-0.0020324785539279824,-0.09115652893900476,0.016130929972779224,0.21026001388874666,0.000672008024201174,0.006193785340526288,-0.007398828373035637,0.0018581595960416829,-7.353302139645988e-05,-0.017782829926050042,0.005337898036519857,0.015615541997132507,0.003752302418524738,-0.00011453541232313638,0.03084575141588645,0.05628098865663787,-0.00922105294443052,0.02453784265853018,0.06059675830062556,-0.00844595636047599,0.003169040198737278,0.001807999532864847,-0.059679029271461695,-0.006002385589267708,0.018777882160506996,0.019043685208304455,0.06719276454506297,0.006406649990400817,0.007349732858203443,-0.021564991039724545,-0.007227516124773176,-0.004933030697185794,-0.014030499571116876,0.01094512780229824,-0.01672837657799344,0.010584146196668049,0.008292406168423966,0.011908217184631375,0.01482614354522137,-0.050185761913519214,0.01401745392300607,0.0153874610924718,-0.018383918340877537,-0.014994604027845441,7.472050204468395e-05,0.0065387679615543405,0.012718876605346591,0.03197966576299813,0.01378312538564586,0.02337410818580288,0.006706135173891101,-0.011638184061185653,-0.012979765386781722,0.014407075182532113,-0.04642934120534028,0.022746016014248895,0.00522390295209119,-0.013230079493305083,-0.012953837577996138,0.035430477569204796,-0.01974134918819997,0.006886311065628145,-0.014846284046734612,0.006402498802082102,-0.01507691019862262,-0.012693847650334475,-0.009923810421302904,-0.05734288151553812
Approach3P,h2,95,-0.0001148981757646,1001,50,0.3791187469677608,-0.012654070134580874,0.00549774216106258,-0.01666783476669391,0.018327129619434425,0.008011485837479206,0.002389329101183894,-0.00017268839055495074,-0.013220396357116377,-0.0028646481755790093,0.0026978433900033466,-0.0012842564504924499,-0.005591021232593139,-0.009884893437253748,-0.004869267734837163,-0.008927034669136712,-0.012650076003126707,-0.0031053591923177392,0.0006443825707412275,0.005698406393737438,0.0031262858059113835,-0.018151262303219364,-0.0014968088575466891,0.006764613083045521,0.009472280840442382,-0.0009967056925950825,-0.004435307887753034,0.00046812111308068387,-0.0002948879644716658,-0.0028890743515057136,0.017782911531244713,0.00490888580501668,-0.0007044405173426867,-0.0047006551756483585,-0.0003307672351782129,0.00286535347524889,0.0010796102497279956,-0.000506310549866466,-0.007220557098384359,0.00825640302844568,0.004334941128780211,0.0050969251722999195,-0.012064221055767533,-0.004578707237936562,0.00019612514100446864,-0.0013171238848435473,0.0057284794377635215,0.006009798316185432,-0.0010832125205748055,-0.019825322020907466,-0.010722339586368942,0.002011504668183702,0.01363868526757924,0.010419734004467059,0.0008936193438455961,0.0033379093216451237,0.0017888479263907815,-0.0013370612504949187,0.002953552688181968,-0.004440918315209159,0.009141210538464985,-0.004823006576522156,-0.006692558952817734,0.01193674823790853,0.004085422161903933,-0.0010962253100764664,-0.0059695774450387335,-0.018566206578610828,-0.0028492847393669597,-0.005794020743927117,0.0075458946060142276,-0.006683982294457419,-0.015183171422551345,-0.006409472902807052,-0.016855625913553256,-0.005861630132357974,0.09947803701116387,-0.006379280901192016,3.671928411752828e-05,0.008662156121930852,-0.011471357160432327,0.0052295251468941735,0.001222284317834799,0.009973247312530287,0.001506083631736189,0.009969286112201558,-0.009759517996782222,0.012642743120069716,0.0031423741998414783,-0.00098028680803117,0.011346032507914015,0.012225960336578582,-0.006637366797849103,0.010755872748790803,-0.0061896674910874114,-0.016014136404463857,-0.007206778462806545,-0.0005067173770915171,0.003959924727085052,0.00437143996466784,0.003572711525220011,0.004414355629703662,-0.007453800527605282,0.008712960650026661,0.0033896931310793484,0.00453395017355449,0.0026428857767207535,0.007015327394412941,0.00528656405134279,0.003408946552657709,-0.002909346389512056,0.011529746049892936,-0.014824195079924659,-0.004932402260257761,0.014884724257171321,-0.014717023352215556,-0.0058579397809573434,0.0037007147788263193,-0.005087719605351243,0.00562437286263452,0.0026724583425437173,0.0021598286679690654,0.01113004101581056,0.0013664621640018153,-0.004311137895602947,-0.003510245794572868,0.012622475177887749,-0.019159369249820903,0.0042743686250302036,0.005036070625556497,0.0030018720451290455,0.0023372509776586198,0.013409611297470026,0.0012772449364980344,-0.006135102876515775,-0.0033120986754821024,-0.0008151896871775449,-0.005308931907821442,-0.005816298495932894,0.0034703591332876814,-0.005540702662266335
Approach3P,T_opt,5,11.548866272645828,1001,950,0.2696630786741756,0.009128187927989057,-0.012548695968633616,0.014545866746876737,0.021375500982724407,0.0004075489874087259,0.016319806304395564,0.0012061923679948532,-0.0027380026674653536,-0.002632009194908045,0.004962667388428632,0.014047855933920241,0.0035274901160221774,0.02103135519803532,0.01544749891794746,0.0021977744202248085,-0.0059819528310544046,0.01548539333422705,0.006418984770902301,0.00968213581872715,0.011921958819029368,-0.004942709527891012,0.020105556783631125,-0.0039015193081073226,0.003838461859195302,-0.001469495049494481,0.00601194470262564,0.0051652327337687095,0.0024680827425540078,0.019686071925412014,-0.015480862377030545,0.0028612545164455293,0.004934112953969191,0.009488305894606293,0.003868892270796502,0.006601307092425199,0.013971544092825642,0.02003179855954173,0.010356665659061605,0.0020031837638661808,0.0006286013310828923,0.00950615871171792,0.011625548431400371,0.008865717117830428,-0.0015417240296369712,0.011261116056999792,-0.000851552631909966,0.0007310194668873633,-0.004079308118832059,0.0008814583440924541,0.011849652124677777,0.01163156306936435,0.01753407880161572,0.020695704613283676,0.012017266001335094,0.0006001830158708643,0.012900325707882892,0.004959362990203528,0.0007249979152452214,0.014329616616511812,0.009950341469521526,-0.019304722542572983,0.012312875656000099,0.00477387441784769,0.008045210052532102,-0.0021474447066243494,0.00891754352954889,-0.00724274410275062,0.02369444071773953,0.01023245005430752,0.017643891960909267,0.005359434896136054,-0.036974656085563724,0.010989276469632403,0.04429518528702978,0.014120306831661145,0.029790402490344026,0.019270203380280272,0.008420926577300317,0.011052732502250705,-0.0019267227488843075,-0.006697835882705694,0.003387713773980495,0.007033575627347764,-0.011225560497561692,0.004587624763433376,0.0004721125401361617,-0.023456989411460707,0.011554567172736872,0.008490678318791469,0.0039359022799691674,0.016030015973694946,0.013845949850219943,-0.00028930160200492383,0.015167508505594543,0.01112891705838974,0.014288872652810663,0.0038292577547132667,0.011457493541685727,0.012245178661782076,0.005956533779817027,-0.007503514915532398,0.005621289758406341,0.002476731154522436,0.018993167862727686,0.01304030256023312,0.007382318697364885,0.016716952930031784,0.007472890049112035,0.020086823655540556,0.021689965773356735,0.007446901963464858,0.021310840596069656,0.013967518127184608,0.013896288186230767,-0.0022268705208886184,0.0008594158739808492,0.004175270111061684,0.010096026367422208,0.0007438632731071168,-0.0018616962242241678,0.001438429829401032,-0.016756483912599148,0.006517880950153487,0.008101740596040723,-0.006438359851366614,0.007054644023523439,0.009498568678091011,0.015474858890513931,0.012840428910084037,0.013042146359119494,0.013486447346181766,-0.0005797501544494996,0.0017877882088494093,0.01986902953367895,-0.002565327744123602,0.011137589790701861,0.0011031238150628342,0.002202112908692451,0.001212202680049979,0.0029681191721940823
Approach3P,T_opt,25,15.221594778736936,1001,750,0.5225747955223632,-0.037164873612994906,-0.01882538370143413,0.016982750466905984,0.05477509272683584,0.00785856091467975,0.003274808524780348,0.0004097252894885786,-0.03472933994974485,0.010104227426235204,0.013167069326254048,0.03176780879469249,-0.019625030592942252,0.02992366021362445,0.027138126111659847,0.00252476250422623,0.007308993157779074,-0.004758619004968402,-0.013585725152975216,-0.01942303747770853,0.017801377894598923,0.0003105759106472785,0.006915511752837285,0.0001734771111072536,0.007528204786157306,0.010026123136387658,0.015333431931508962,1.9685403110491356e-05,-0.0011816568745024215,0.011290460203697408,-0.03486803970276711,-0.012606919688298612,-0.019114380954340492,0.009174411327086395,0.022370011615095012,0.0064332725152599635,0.05013461896140014,0.014489820232766602,-0.0009659703812755572,0.025286102168211148,-0.00037394772418068104,0.023999567631672457,0.01624831651273575,0.011264847635836189,-0.016792956796839908,0.011915124562139306,-0.007700640015851723,-0.012433427439417999,-0.011662373709124485,-0.014714726921351035,0.01164471053512127,0.025528664287457835,0.014757449565834805,0.019969401265460745,0.00826110596877883,0.006222893630285494,0.005232468142527804,0.022186549722791243,0.01854708896237297,-0.006244740230626433,0.013085764392172943,-0.01967161711303039,0.027725846247376586,0.002338375483909798,-0.008399484109331825,-0.005021676855708177,0.008517901979948471,-0.03681146312988369,0.013593862639189597,0.0048902419690348,0.003607474733629783,0.005518521046477359,-0.09961835491377903,-0.004151886275917966,0.15063313632335312,0.022301001631522335,0.15032455062456349,0.01826470256199938,0.006354027088528178,0.018014623114540912,-0.0029127279206939824,0.013083300494115963,-0.0011414143501920597,0.006230871296116523,-0.019201577655620885,0.008581369830859557,-0.021715515021881474,-0.04621280528189044,0.04480730828194044,0.0009419358033816039,-0.013230080405599755,0.04032761107658533,0.005538064757803017,0.010224372370935694,0.040441122243733287,-0.023087605977543918,0.04120897331167047,-0.002008212922114472,0.003111286673470992,-0.016897618574629143,-0.0076942712590441185,-0.010668593715392367,0.00019241351961398097,0.009891688001444951,0.0019642211840694822,-0.009398688516512429,-0.0005163764604932293,0.03075038165711544,0.007805696348370823,0.006176587002068657,0.053527500760612884,-8.580001445855981e-05,0.04949502014170572,0.04079585429476297,0.012747894076290359,0.0030240933835365587,-0.010040510152613764,-0.01522449889494065,0.0007760340929660898,-0.0011376401779323005,-0.04515256437162349,-0.007287254195419226,-0.022662293775843702,-0.015084261856038256,0.008917053067066541,-0.0204262688859203,0.027672027769809926,-0.00017257311361121817,0.03609932687570923,0.019018029796883804,-0.003950254723234037,0.01795887434331038,-0.01251081057938401,-0.0027813991311613027,0.009556556525846052,0.002511056156292924,-0.01151675314819537,-0.0025242225696925306,-0.009673656834953552,0.009504996842147666,-0.04538025427829338
Approach3P,T_opt,75,20.43630890535803,1001,250,0.6099976255919664,-0.05059556339934591,-0.010125843032328524,-0.008992244183339555,0.02752642265033858,-0.008675321923031911,0.0008833160630682671,0.02458908401299209,-0.008137173201319264,0.008890788183078271,0.02277909508583647,0.0001551521966470168,-0.001475516666566222,0.021568816958412902,0.006201602218832418,-0.010478757400131393,-0.010524413627405029,-0.004506388242092094,-0.015474966302995524,-0.011591059920721283,0.0003171474933554262,0.003609047526560048,-0.011017415382971078,-0.014689265008991731,-0.008880295356134089,0.011948178984317218,0.010567741721464541,0.015354753124363603,-0.0053759865134603855,0.016413543378640406,0.025615335596325242,-0.023052448610490297,-0.0030153322481348,0.009370496610970364,0.003885965779231121,-0.01372209590096446,0.01803869429638928,-0.0035632897189527765,0.01134586766859503,0.008044436145924275,-0.004620112938964228,0.01176492721496612,0.0038446576765587097,-0.010304962828298618,-0.015024904609312283,0.002742151586717638,0.0031796861848167185,0.005889118702584108,0.018327494450471785,-0.024050357070774603,-0.049061867001752746,-0.01603570328560036,0.009374193828480362,0.015111353401727715,-0.008567129062407971,0.006439798789506561,0.0050810030214599455,0.003544820240335922,0.006226168297613285,0.0014212325269879547,0.014841714049638046,-0.061104283894770114,0.022039181484196868,0.0019617967043563875,-0.015132241367937569,-0.005890731912833009,-0.0016376771683691334,-0.02669891804598532,0.023800032109586464,-0.01118967455729712,0.010067769823950403,-0.008631709438749005,-0.07131070424523014,-0.017792340395625578,0.09685986089208032,0.02027234328580638,0.24977023714780805,0.005248024742491903,0.007257406266274292,0.005606937675978254,-0.014517447026943749,0.0010135058623129255,0.0020833577395157656,-0.009145921688805753,0.0073408957411262455,0.021580307465777257,-0.007009259826045123,-0.006870284107887502,-0.002457493451956925,-0.013409245480186748,0.01215912122086799,0.052974342466094046,0.013298364509819659,0.011215724148409066,0.017773498271426574,-0.051978006472839365,-0.007806372050420174,0.01673864336079526,0.018918223424069108,0.013813992763526151,0.00840546563578641,-0.0038743091711578755,0.005488296910056498,0.0017756223833408948,0.019940575766768196,-0.003945679607040474,0.008455201517999339,0.012843658664560885,-0.00902628915538678,0.023886051463872633,-0.012322290109097172,0.026301130569125277,0.018081708860366273,0.007405629322471438,-0.00042342545614355246,-0.01632426220558995,-0.011631823716126524,-0.01996938828069899,-0.017174527619253675,0.007444806254007386,-0.013255451354941971,0.0048180210049605385,-0.00656534743506965,0.011206085286540697,-0.00495924352511035,-0.04397430280881426,0.01838254238641137,-0.024684057879145238,0.0010713346497210783,0.0054903291193143175,0.0029574655451117217,-0.010613941881120179,0.016040556754476052,-0.005266867625867316,0.0036342815129892896,0.01801136279153047,0.005773819198339272,-0.005142184095954499,0.011003192843367048,-0.00829980925509257,-0.055658566631621297
Approach3P,T_opt,95,29.294563350503047,1001,50,0.3878324366880621,-0.011650491490987208,0.004099955888468766,-0.00662393134770731,0.00896732311125084,-0.005478138829450564,0.002998578923921318,-0.0011962748485284326,-0.005467511375218568,-0.0020347348115220838,0.004891805876813602,-0.007222855000226925,-0.014997462007384634,-0.013568220900083265,-0.00240200804479479,-0.005824057363902089,-0.00905518954504034,-0.007056472085941418,0.0013986922068365826,0.0013764067979004507,-6.479150449646871e-06,-0.014062012160534796,0.002302457860140648,-0.0020702535022671456,0.008363611241015008,0.00032996375704488594,0.0030804130669974594,0.007975843717163809,-0.00212261473574981,-1.5377553403218445e-05,0.011390241158648003,-0.00032852012297971897,-0.0045684556043458485,-0.012546643197871628,-0.004395475435969682,-0.002203007345321188,0.002914359691698045,-0.002163632248327765,-0.006892762243941336,0.006702282069267731,-0.00418712028591887,0.00034326959220046596,-0.0007868003641444427,-0.005526661782300348,0.0025184153087310923,0.0008968242380805493,0.0029722180391665194,0.015240673693723915,0.0006042450475890332,-0.012520595601069513,-0.0031737523238774996,0.0006913232263428461,0.0064766829179929465,0.011189621771086223,-0.009875467507754967,0.010007803724629475,0.008152449820408015,0.0007245880659812673,-0.002237018940428501,-0.0017271746063071362,0.005659961607435829,-0.006412130715934626,-0.003622655150322753,0.008320764130905357,0.010818575646196822,-0.001360144077289814,-0.003072285331408287,-0.0169263024848945,0.0011596885499094755,0.0013065544464768973,0.006178135112046493,-0.008694448740361606,-0.009914815008970533,-0.01138665795141755,3.777568167999748e-05,-0.001031496265795412,0.10574104353003405,0.0032162853637955325,0.006951199856033348,0.007016065595504499,-0.009389170905244465,-0.004191863517595393,-0.00020392296516687225,0.000387577556184405,-2.5086634347462264e-05,0.005804922260619341,-0.013443850213063862,0.008687066101319422,0.004220610742134332,0.0039123990109985116,0.00879644968584481,0.015946022200539384,-0.007023978947555196,0.009595264519995489,-0.0073354709497672225,-0.0159211113447612,-0.004869174764288146,-0.0006135074373148286,-0.0029369351762950266,0.0032967297847730304,0.0037105423992439615,-0.009301770158478924,-0.0017635376051992214,0.010712344042570331,0.007478908536259637,0.00773873591051011,-0.0017250315823024243,0.010594240070467727,0.004200440521090697,-0.0032496408449309436,-0.009168176442080792,0.013299465366503118,-0.009971521478361573,0.0023441305633627673,0.010246243155309576,-0.006776047145432443,-0.004293617374100649,-0.0021344175814956654,-0.0015166306559630666,0.007383732576802769,-0.0018264124909392527,0.005927815967591099,0.0075623999621166815,0.0007495452740950499,0.0006003220822747941,-0.007209298450121559,0.008163479993513795,-0.014107475110290861,0.004904268121995587,0.002535814262688809,-0.00013089121929570936,0.0038273906266154925,0.013557864790623778,-0.0012571252078266548,-0.0011859946103352555,-0.005489543371318376,0.007462183658157056,-0.0033203034713873295,-0.00509992743029149,-0.0023063659704034008,-0.012468673058256854
