approach,coefficient,percentile,threshold_value,n_valid,n_above,model_score,AFG,AGO,ALB,ARE,ARG,AUS,AUT,BDI,BEL,BEN,BFA,BGD,BGR,BHR,BOL,BRA,BRB,BWA,CAF,CAN,CHE,CHL,CHN,CIV,CMR,COG,COL,COM,CRI,CUB,CYP,DEU,DJI,DMA,DNK,DOM,DZA,ECU,EGY,ESP,ETH,FIN,FRA,GAB,GBR,GHA,GIN,GMB,GNB,GNQ,GRC,GTM,HKG,HND,HRV,HTI,HUN,IDN,IND,IRL,IRN,IRQ,ISL,ISR,ITA,JAM,JOR,JPN,KEN,KHM,KOR,KWT,LAO,LBN,LBR,LBY,LKA,LSO,LUX,MAR,MDG,MEX,MKD,MLI,MLT,MMR,MNE,MNG,MOZ,MRT,MUS,MWI,MYS,NAM,NER,NGA,NIC,NLD,NOR,NPL,NZL,OMN,PAK,PAN,PER,PHL,POL,PRT,PRY,QAT,ROU,RUS,RWA,SAU,SDN,SEN,SGP,SLE,SLV,SRB,SVN,SWE,SWZ,SYC,SYR,TCD,TGO,THA,TTO,TUN,TZA,UGA,URY,USA,VEN,VNM,YEM,ZAF,ZMB,ZWE
Approach QJ,h1,5,0.0032650722348141004,31,29,1.0,-0.012793995487875298,0.009464304292037592,0.007621834432489762,0.00810990536407532,0.0034836514261049815,-0.009726899938145843,-0.004805891139034241,0.007174763376598053,0.0024118553587934534,-0.0039152170997639926,0.016172426747747506,0.014544277112797757,0.0059854555291103855,0.013637631358720688,0.008130763957318807,-0.007842542083003216,0.014124316616862968,0.01691017570070129,0.006104564774683791,-0.005474242764222694,0.02068200499859475,-0.005077664543593362,0.006694749791017952,0.016457734218877532,0.01615863822093631,0.015740977555386976,-0.008736189484800184,0.015587871342253834,0.007603376935775563,0.018391598361086604,-0.004714443520647906,0.007860596124191559,-0.00315205100189203,0.0014811858012685056,0.0049374555552754665,0.004065725208193488,0.005841355749543545,0.009933927865537172,0.003801506034866069,0.009732918709809604,0.013445574236793031,0.016787292530607692,-0.0008180570541282769,0.0073220610664088545,-0.0011887440410971433,0.007759944095022312,-0.012821167261002117,0.021889675174671795,0.010957946517494021,0.009364060715629176,0.0003351113559003832,0.004398744613728634,0.00557730039273488,0.011984471364216142,0.014856355170311171,0.008345011678749261,0.014033725842584104,0.013948932365370323,-0.005930402092865221,-0.00224623127924574,-0.02436415097826118,0.00789965492460626,0.020219573917560543,0.009655417076920277,0.013149190037450685,-0.004826911958651505,0.0057758678740045845,-0.008031596481884513,-0.0006923171081797979,-0.005893295792863846,0.01725478355899748,-0.0010217446905971535,0.007470852028276174,0.016882769566096304,0.0017377004239196108,0.02780232512109587,0.029469450601277255,0.010113815513990376,-0.006021268074594577,-0.015924527426871612,0.005147911755013834,-0.016701882131313503,0.008578119388301518,-0.0020831513850238037,0.010843279307476753,0.0082514349499635,-0.003081586049945808,0.007704557203237359,-0.0017468360886305333,0.016823612004802917,0.012001119313703323,0.015773750385961356,0.011037609203780325,0.012688925706084417,0.004371849550428192,-0.004798180046162507,0.004634099289400278,0.005495864291124191,-0.010214015134757823,0.010770004244067934,0.019435648520717292,0.03010786141342918,0.006966403600507649,0.013478267401170075,0.002044317248497735,0.01227471218975704,0.0338620643134549,0.01938667522299171,0.004980308999629149,0.00043312379658296587,-0.015465838566961534,0.022465943318305495,0.022831774553189115,0.012700679437206343,0.004092886435400866,0.02674823004998308,0.019552731543145945,0.013713220714846088,0.014713891584146209,-0.013266494113309543,-0.010262799064938153,0.0073070384534464706,-0.002621022221076314,-0.00899500121108529,0.0010584752665858106,0.005879126470239671,0.008343367472634968,-0.0028640913148580936,0.006558629957318599,0.02945445644979363,-0.021609091965120526,-0.002645797282821473,0.002042199963748098,0.006897883774942207,0.0034171279111116183,0.013493453046227833,0.009057910084730246,0.0039688043354529886,0.0010440030525590942,0.01349218615335785
Approach QJ,h1,25,0.006263384159049101,31,23,1.0,-0.02987264198128088,0.032354139607101186,0.005797386621542617,-0.005217176335587836,0.01338669469292335,-0.002508115670948203,-0.011877315651898267,0.009942320075474794,-0.005263716696828959,-0.02368265165042179,0.01089071208917258,0.04215485512767874,0.005655620265063296,0.020278421325218295,0.021500844057931005,-0.027641533372355764,0.008157078789651096,0.013054576795143906,-0.012812110728951262,0.0034652023991371154,0.0024917408473717445,-0.005892373466232491,0.021934633944671406,0.014197511389263824,-0.005964962360193006,0.028523855810297604,0.013580526722082053,0.02166668875913745,0.017238627619756062,0.026323355882594653,-0.00035584534281730805,-0.010608691706144598,-0.019474617416385412,0.0030530298185009936,0.005360567138158316,0.0047060695589567535,0.01600541834044857,0.008676689182524754,-0.025625992982793867,0.006371898038672986,0.02141866339704017,0.00157919812688446,-0.013888980293766204,-0.011811402865508396,0.0030031151580906124,-0.03889966289620936,-0.026434883005203632,0.029163142598877995,0.028496153379087116,0.006395236929257154,-0.010090668878043082,-0.03804046561496181,0.00010385238909632463,-0.0019806621765557342,0.03018137522847534,-0.0017714748837738016,-0.014372485333284954,0.0028020099964182706,-0.010195178248309145,-0.03272621710712206,-0.03342820933000589,-0.009628252430060828,0.05130018164897474,0.003686917602157101,0.013558117279746264,0.004325393749510568,0.010847577476452973,-0.004398824471432568,-0.005818064933983261,0.010703730931714154,0.027099307432958627,0.014525921332529418,0.017687483534159474,0.020385375279816105,-0.0203890004355706,0.025856192685342408,0.016326120586250235,-0.004958133053690147,0.009160737841207562,-0.016160919267699077,0.013677194909410198,-0.022647735799490396,0.008339914941985787,0.006187946737901343,0.014280552073413838,-0.0009881155921803908,0.004956253941560552,-0.014021040373191533,0.023279384349006848,0.03804950196575699,0.0036143452583617475,0.032318122803070316,0.005719449253975535,0.025213410231788882,0.026166362362664706,-0.02167570376610769,0.015053128159538682,0.009099339288464745,-0.025944899652346587,0.0028690378280906807,0.012314809844547138,0.03830957044312388,-0.0034929723141036793,0.019083466494592194,-0.03268461965571339,-0.0053054925028587566,0.015244932194225076,0.004641988243363857,0.0013125793620786589,0.031797133490455654,-0.020287305099184465,0.06269873360659012,0.026729601997224427,0.03615122141894386,-0.018647478525809082,0.014243779363123477,-0.010564933357869698,0.03443174613969735,-0.001877039184727705,-0.014212478667203656,-0.00529942836036305,0.01289341353920446,-0.020637130776057805,-0.028763460032150887,-0.039614033932951036,0.018439417582632598,0.01160637897159983,0.0021486273389910403,-0.0015161694379090887,0.07131867975415306,-0.005697065139153103,-0.015042241002117578,0.004195993717723776,-0.01335068559723107,0.013159713387953478,0.03518493496989108,0.02763289313514852,0.014702257015368541,-0.010656280431794554,0.020470107832598505
Approach QJ,h1,75,0.012184134848099399,31,8,0.9157608695652174,-0.0041748157080459,0.02532006614841088,-0.01368719455548713,-0.0025843329404527464,0.01107239668196525,-0.02309647665240436,-0.0073757887292198385,-0.007318123753872282,0.0011797678747580954,-0.021413946075438138,0.02626933524085393,0.02038528257146887,-0.01575035484968908,-0.007860652681291692,0.03696031523231247,0.013055795312374628,-0.013964577834156711,-0.01045450098123995,-0.0007892728644027908,-0.0188816861798132,-0.01741363881523176,-0.001868051902224194,-0.00939363864127544,-0.01706868101416275,0.003970778915202738,0.0004392681047512355,-0.00772764554398898,-0.0009844784899016642,0.00619656908122796,0.007381061542896016,0.04942430136720599,0.01965382011909416,0.0014355323576003764,0.0035689504897977622,-0.005210262534363272,-0.018621629679850368,0.027189335904432406,-0.015230713767123245,-0.032395776542970336,-0.004712379942772487,-0.0013351429593259035,-0.0006641370279278992,0.008703327528608865,-0.003856272485254639,-0.0038859220744290753,0.015558016073152495,-0.0029942830530841308,0.013376899727987215,0.0415495493469472,-0.0018872303449807735,0.017257004619987356,-0.03237576798145632,-0.013427118695170645,-0.013053144444861524,-0.004040430076089284,0.008655499194225173,-0.004165093293438399,0.03501274571091093,-0.0008455457396181884,-0.012155956821111247,-0.048553587065695646,0.00441183586656555,0.013356279514164095,0.022094536243629847,0.013467370076571773,-0.0017073993257179362,0.0453289295939803,-0.0099015835528885,-0.015622119501759303,0.009236884966206014,0.04713664601049215,0.0007685286917477304,-0.0036691948030486447,0.04605980692316185,0.033828580759413814,-0.011527290721925118,0.01805815026851084,-0.016852305650043444,0.032481286127024736,-0.027722885292319775,0.00672879154445245,-0.00673873309775944,-0.0002344961093110282,-0.005251122325142968,3.6801849171378027e-06,-1.5570532169610244e-05,-0.027315341876481138,-0.021918558748746937,-0.005139546003874186,0.04685725902116711,0.017306924666280855,0.013550627704014178,-0.026879421694688932,-0.009440483453973678,0.0283663825966138,0.002333089088404716,-0.014183018393260508,-0.0063015030823122,-0.006540082920167562,0.03693879715526732,0.005928185089877244,-0.005008981080745213,0.017991541512101906,0.0192315335819369,-0.023964156275951016,-0.0030030739531629273,0.005813660458666455,-0.022420976361360295,0.009449727709226394,-0.0037378406061038733,0.006393702082004913,0.026152194772953035,-0.008414586214295843,0.035225217869194095,-0.016092191100360552,-0.0032684279689288312,-0.01517957254152108,0.0028669986342213585,-0.015011296341828934,-0.014079062030062161,-0.010353662257509359,0.02006788545380168,-0.027343515065303813,-0.02236269651504244,-0.012327362403793124,-0.016287642355049602,0.01570776012815545,-0.009016488235152692,-0.012383617776154758,0.002240506895066125,0.02121125124354676,-0.02468367422549439,0.002950805430227334,0.005747930316981731,0.014581386549984567,0.02175994099582701,0.010155407698146816,0.027095741750171858,0.014980760308296415,-0.00032314376673945027
Approach QJ,h1,95,0.0147917491218768,31,2,1.0,0.006101242242435402,0.013987055963868514,0.010351196135668954,-0.003742353242801523,0.0031648619985847003,-0.007577526067773485,-0.011987868727605468,-0.01709796632687269,-0.01109069170344917,-0.016786415032458347,-0.003246850340184908,0.009032371261612306,-0.0048093922517870365,-0.003423849405312193,0.014617971608776151,7.6772719913729e-05,-0.01437344512349386,-0.00891495716927984,-0.0013549540855222373,-0.016753418723864117,0.003212189152700795,0.012924936965718361,-0.012280382633141353,-0.009267740597986658,-0.008771068556123286,0.008959557283714645,0.0033264055780327347,0.0006199949770134202,0.004088034415156071,-0.008863905157016218,0.006397933363541069,0.001998740483159835,-0.006569272562286686,-0.0066732039801229385,0.0008873940097137171,0.0020561361834513237,0.013887814236335814,-0.0007560834041689188,-0.014686928575603874,0.002331992108206158,0.015752098762376744,-0.010095550857139398,0.013094297650897752,9.81450231792349e-05,-0.009448051247611883,0.01447737769595802,0.018657231415162782,0.010615864492059883,0.018085954648123025,0.0005324542839621659,0.001107824685422702,-0.004987458027642076,-0.005208480759674324,-0.008333935697376865,0.005399727216894661,0.004880641030605883,0.011716599526514503,0.029225958952183634,-0.016501700338263228,-0.0020493279406465855,-0.0069473657841576065,-0.009974061435993825,0.009034366781191969,0.021572355350197726,0.0005951497820790362,0.0023464982439550686,0.0036316989097939533,-0.0004869948388507263,0.0026579740646136066,0.00692136377751558,0.043937477772093864,0.0003348313245709197,0.0036914119023492955,0.006259623189438872,0.010357242900472775,0.002883986852402161,0.008100615143028891,-0.014492280592522427,0.02306563055936863,-0.011024653782844129,-0.005519651241725505,0.00569559772383191,0.003624984856911289,-0.0046998603807127505,0.003782373902282167,-0.013124234518417464,-0.012835568573236568,-0.009146826354099072,0.005329833103009111,0.03304165985638274,-0.0037893557221849216,-0.011502757361659439,-0.018699098958390357,0.0066158978059640515,-0.00982112542777974,0.008082154909702004,-0.012449312990831579,-0.004000062509681689,0.00276469358165253,0.0064956301849579835,0.001397356865740085,0.017654172607697246,-0.009328198977986934,0.010034526116192892,-0.011492760210400037,0.0016788676479049848,0.008978594053847492,-0.0008910886424992289,-0.016672278271360665,-0.0019546008272626277,0.0028062479076047587,-0.002681254761860512,-0.010881207934043164,0.007191806868506672,-0.013658288320329509,-0.021565064970618733,0.0061007669891250515,-0.011039770512737196,-0.005453427090831461,-0.015872105982904595,0.0037822719437212173,-0.011580351807373318,-0.010208073628068758,-0.014453525619119485,-0.0067378396606254136,-0.009320050756126933,0.011691868853175672,-0.0008345122909769366,-0.009478614534516677,-0.004929903482384907,0.0032908300404547097,-0.0008433907310841135,0.0030362215231975577,-0.007849513105963624,0.00894555726102746,0.007943419466321867,0.016361497539667792,0.029042009009206594,0.010514165803701684,0.008249161220136674
Approach QJ,h2,5,-0.00048333470063870003,31,29,1.0,0.014437080005665827,0.00221725832621522,-0.005610609455325047,0.0005411666657145423,0.003881542278060174,-0.004423469534202732,-0.02018376772027939,0.007008064113969263,0.012192976800101089,-0.0038327448925639324,0.010569745950178623,0.018174281760359835,0.021041333543197552,-0.009979406306783444,0.012833132346791842,0.024783307684330465,0.01590215675628845,0.012503782521201956,0.013332613262733543,0.007647820616391945,0.023391017451909763,0.009252575228559644,0.01557998124229144,0.002595159408901508,-0.0013570843050868485,0.007766967422334303,0.012864648025815995,0.007673623244518475,0.010079457197217935,0.017457599346497463,0.00464189294483392,-0.01651863030222486,0.010865707397355547,0.013425137734804984,0.00785968500178606,0.009908755509563197,-0.0038575407544912516,0.0031923174674418973,-0.011108639481960024,0.018494395617488394,0.017242616408217698,0.022363456697359084,-0.002010395306482219,0.0025973147586370914,0.004029346512459708,0.0026131859721100856,0.020005380677753502,0.010161135881836479,0.011617585429536751,-0.016439544933112827,0.002595497408103967,0.012818734242063154,-0.0047600028121421245,0.004627507051989838,0.010685729272622338,0.01588332331527665,0.022900346162320867,7.863630221876776e-05,-0.0007873537213644022,0.0022059467751129784,0.012418441234017233,0.005125475310653703,0.013719609980187543,0.018073170951789133,0.008685681390675881,0.015687950892073706,-0.0024377413973306282,-0.021261292414159073,0.014242804290160227,0.00780511785251405,0.00017969482443403015,0.006971662787390275,0.0013740066718606098,0.006428282997488001,0.016490851754742485,0.026319012416034394,0.010178464279609136,0.005049986347316675,0.0015649914526171213,0.004910812816662696,-0.001380401958690007,0.010461325702887807,0.01606789450354763,0.007718992032814291,-0.003555419757013702,-0.011488903259423497,-0.0025764050433512834,0.011607370328921313,0.010676347154966242,0.013464584658145448,-0.00700730727863384,0.022024665928826445,9.874021584012804e-05,0.008301797387545315,0.022852321897813162,0.011038837697423165,0.018328697201661606,0.001060147707171803,0.005362779629698191,-0.010087748624609169,0.011907431426931668,0.014146255396705477,-0.019723218304733257,-0.0036689829535462093,0.022876138287925483,-0.003049437079080704,0.016832987425608858,-0.013706884608839249,-0.0005322401940928204,0.002590448053422986,0.005486024997039831,0.02261719530257924,0.015133913810861786,0.00794946570299,0.007899134435871326,0.005998289146480181,0.027044852333491607,0.014074782510821332,0.0012602224434332357,-0.003455942870319196,0.009669353192053956,-0.00033927898378458585,0.003752933753707804,0.002027447877783491,0.012270436213926787,0.004197255897176218,0.005269067118490908,0.01048218721840542,0.003729545754933444,-0.017930486924366704,0.004180342322362052,-0.0029464524286145124,0.01204640045189094,-0.0003083610776740981,0.022845433861535744,-0.03246210386282094,0.02199788230852834,0.0008530629652881653,0.006157788718718775,0.009337338240309386
Approach QJ,h2,25,-0.00039093041768545,31,23,1.0,0.040062633647127116,-0.030257540176158646,0.010275863751205145,0.011730206602509861,0.013507407768998177,0.009240282513357496,-0.011116588224548899,-0.005690349343334294,0.006133848616780959,0.01796818670879087,-0.03243228913164631,0.010476744785628761,0.00413153365421309,-0.01852252871222517,0.012854868139394909,0.05022267718867286,-0.0005750308832352262,0.01661901346633343,-0.008013715591234516,-0.0028521041308174917,0.03790490469811015,0.039748819451748234,-0.020140471806067282,0.0025132689671871606,-0.003433258805706915,0.0046933690952735115,0.004864481638010114,-0.006937163045992469,-0.0154226822224645,-0.04208619473361695,0.028309072357475255,-0.0011785959760553229,0.017166551506703882,0.014279578633677695,-0.03186017766292511,0.029846877791533586,0.022224313576989382,-0.016364085821322517,0.012975185918201917,0.023196206776017116,0.0026380446485480143,0.05221197676150826,-0.006746999406543068,0.019241811222204985,0.005484038099481593,-0.0020219877583367374,0.015338297585997172,-0.00867420173479355,0.0009788280094926367,0.001375643079071331,-0.007141791514418857,0.010419486470599062,0.006052990203159178,0.01727238961205578,-0.021029334269183738,0.027689103447061218,-0.0067076619025187205,0.005450757904890422,-0.008263604659544083,0.01748125874270188,0.017458651631723204,-0.002534606704476848,0.017851559921825102,0.01649261122104934,-0.01668680356255271,-0.020480302761124877,-0.025179268561533266,-0.02882476743855425,0.010053584647414945,0.009416954879512246,-0.03741947534083308,0.009068681793406681,0.022022169304758567,-0.009730745429868988,0.02888500703454448,0.03770060404891775,0.01362451219513494,0.017662957328246884,-0.0009841343942858986,0.009238697240780547,0.0212120683142584,0.06164278461517028,0.026588944199944706,0.006795839094283065,-0.002052964248633771,-0.0005046430275314493,0.001059045335241566,0.04793526781193779,-0.025096448694195594,0.0013913918938999565,0.0021142237925415083,0.0004491042851872005,0.024221016380710503,0.00035437375596735827,0.003999096106169897,0.026280531113115926,-0.0038050561525146244,0.021204353303560804,-0.008912089244607702,0.022924988519081865,0.009778444447354595,0.0025205792775036618,-0.02146313492391741,-0.027150999224513504,0.03795031904487953,-0.008275804618390455,-0.0007909708997132615,-0.011464613258890428,0.0013189525665726085,-0.008775678966717966,-0.014485639116643004,-0.0051894766822349345,-0.012659278541587335,0.0065533420943246325,0.023987123718416308,0.011620745043216033,0.017771850414215723,-0.010288598445408982,-0.011383228554020974,-0.022246215034227485,-0.00198428031804427,0.0035253567741557793,0.03937963890748971,0.031538770661831445,0.03228861872410943,0.007836511514381018,0.008980972886944232,0.037468990850904924,-0.011640788708145616,-0.0028722520286203375,-0.004020750963029753,0.01506247367725977,0.024399768446694704,0.0033392122398830655,0.022719776837143206,-0.022653541179521376,0.002657925878068643,-0.005504365191166919,0.032547763082656056,0.004468257956483343
Approach QJ,h2,75,-0.00013820521058150001,31,8,1.0,0.018685684017056132,-0.042340359941964854,0.04154449953467118,0.025683966646657147,0.007782197607482048,-0.0027241939691083736,-0.00042403527468843136,-0.020076308280341505,0.018361022223696892,0.008200652691010148,-0.02174517039685465,-0.020689502367035324,-0.007206777546439033,-0.006563745700572523,0.003910735860743372,-0.011224594603752063,0.005212706278947341,0.008719843769284375,-0.006385394839089612,-0.006466334402286361,0.012623529256724221,-0.02334667785437379,-0.009614355240797038,0.003759741535824432,0.020564531856558273,-0.016840403113685547,0.020098900985938455,0.0009503182960829324,0.003377460054006194,-0.0370890956637851,-0.021270781682110558,0.01738059243789566,-0.006587544791231572,-0.014686004427143197,0.006236561810506869,0.016223829107868373,-0.012387269403666225,-0.007707692799806169,0.027636482163814365,0.00011524358318134747,-0.003879583037121131,0.03133807184857116,-0.020658674145178912,0.022926363192538716,-0.0036126547815188478,0.04619483864172941,0.010703659182053639,0.03531303664318989,-0.025690128230414135,0.027166517193950482,-0.004060550222402399,0.04948392233964961,0.03367678982412183,0.04094162336651124,-0.011628608180552601,0.01667399819902442,0.04105345415416919,-0.0005314010155589802,-0.024487241860362892,0.0011106642389281936,0.012289113186580105,0.0010176173606658758,-0.010075982388934701,0.0008698659721611734,-0.0031359938351383167,-0.007001409504986358,-0.006536056959666844,-0.00359212195626678,-0.006127534943709427,-0.01580419104061864,-0.009249800779840897,-0.002024925725939748,-0.009482391085131107,-0.0036938858209993666,0.009363625179597967,0.019233455978890764,0.0034839603602008187,0.02735496145122998,-0.006726347131744851,-0.02336217851701341,-0.03355805218581405,0.01627037531811432,0.02848538469957544,-0.0029552510916067564,0.003195248619581722,0.009569416695932075,0.033292806236639265,0.022575253040548984,-0.004547536554598537,-0.008438511797020744,0.004129274453497765,-0.018227635712544515,0.008366929177832634,-0.021589735754463938,-0.017069945646825322,-0.0017001903828470462,0.017595996590484622,-0.010270273751880141,0.03349239245046855,0.007241427408596587,0.013020887252566669,0.0070952848541354285,-0.01566774114547509,-0.015692557416627447,0.019918090070521772,0.04762935300769029,0.00941025330634406,-0.009861495807119881,0.003047664856732647,-0.02042404023064702,0.004684403616459495,-0.05085571956837447,0.017544352430424088,-0.042598971639901353,0.03178462140032772,0.008393033562284527,0.02969800653306708,-0.008112855291086256,-0.015816833872259597,0.0031978732445093073,-0.000522524489281472,-0.0028735646643921046,0.0336000059886782,0.018469519451160658,0.03312023161936078,0.010086132633912621,0.006525118360637252,0.00562929035083453,-0.004375413252804988,-0.021204906190663928,-0.027665311928933393,0.011179970579882398,0.002906589274892993,0.02622654709721032,-0.001832257961059978,-0.016432065733345748,-0.01865629824380818,-0.019077510808382932,-0.011755150362939488,-0.0016621194024031049
Approach QJ,h2,95,-2.822385958453867e-05,31,2,1.0,-0.0014674644526610138,-0.014774632151297235,0.014333038194792539,0.004628335938770332,-0.006481970024655212,-0.005010866458455671,-0.005675110350728381,-0.0031465153355882945,0.0016661748271387306,-0.002192555984901071,-0.01190130625953023,-0.016808183094159504,-0.00022474218489891418,-0.015791741930461692,-0.019087825863008494,0.009682345322099412,-0.004145885172078495,-0.0019558538338737834,0.012269654169006428,-0.005813466732634785,0.004347330275336648,-0.00951544330914354,-0.009398261625240193,-0.006137227548570162,0.032788888468388455,-0.006773829397523597,-0.00162053540537207,-0.004074233720894084,-0.0024027559620821244,-0.022347864557750004,-0.00608834013429685,-0.006758195238358117,0.0022568308928978226,0.01470456623989913,-0.00795382472268636,-0.0006540458651801067,-0.0030732325401234793,-0.008708660857016888,0.03445435870867346,0.006790088556435032,-0.00259943452101687,-0.01563835354566989,0.010278597073552732,0.0031674532627929248,-0.00587330273994145,0.02843918299830692,0.0022938810077680334,0.002557290691098552,-0.006616691616452183,-0.0037048513149551283,0.023479098041614795,0.015844221291436082,-0.00900860343178616,0.002979551965270035,-0.005852714166788543,0.007577951845700705,0.014492082540299815,0.0029616660332549053,-0.00541256157944096,-0.0015665013971317163,-0.007708931729602481,0.023323343926880683,0.0002252168204143411,-0.003235195279516419,-0.006724110835200162,-0.0007508318251603906,0.013140990134738295,0.0032398319491275225,-0.002750372563027937,-0.006155939559856451,-0.0023289815423585096,-0.002157863684034141,-0.00801894446875705,-0.003075360285276981,0.007564686832366029,-0.004047768494102675,-0.00993256030455973,0.004153636863534236,0.004228150863472545,-0.006447792746819561,-0.014881399203991934,0.020937163653747044,-0.015548231062443841,0.006013241768869326,0.003338523791522636,0.0069879221587632245,-0.011085266464876082,0.015579047552908672,-0.007100921045987549,0.00418622110563423,0.0034522242786601486,-0.020217930038867904,0.012655381334511566,0.0016527821040017623,-0.002109713048081486,0.0034907787940514465,-0.008636305071537545,-0.00499593681896607,0.030606634596656777,0.011615311664906884,0.006502644008578265,-0.004661058429056298,0.01621537771757877,-0.003813902160084491,0.018434273288161482,0.019738045796052206,0.0006757667420405595,0.013708827159851783,-0.003152911747168155,-0.003326928084992901,0.007670906613856477,-0.016201147703844718,0.007682707198090961,-0.010185760414711552,0.012455005159114263,-0.011866641261393073,-0.01203216862548519,0.0009506367323120957,0.0059711671017302825,0.001440253203461792,0.005025674496011265,0.0008006919802664944,0.0034562531926229834,0.006409839831112691,0.02040760728202257,-0.005070918395206989,0.0029951241605315,0.018392730625427525,-8.321619937345817e-05,-0.02621147528660121,0.0017272083695667269,-0.004622944932293005,0.003807737630546635,0.010053260172348847,0.0027571393077684067,-0.01302502909863751,-0.011873273255356252,-0.005434712290669742,0.012303507243004753,0.006104458908175791
Approach QJ,T_opt,5,6.956445968618246,31,29,1.0,-0.007834836253342008,0.0101048757322305,0.0001741565935079598,0.01767893921070688,0.003986592814098385,0.0003231591522723855,-0.00915244612979352,-0.0011335148696572815,0.0023384087010200833,0.013162026057751613,0.015911531933493213,0.033128387046448826,-0.01168924550131255,0.03184044454567023,0.014762897044550615,-0.0020661114054189977,0.0255297689399518,0.021443872055157607,0.0043114291903694904,0.002268327571805381,0.02188498287878801,-0.0007942879675667148,0.016938221484458442,0.018207010794042633,-0.006770764552273722,0.020494170828013133,0.0031234446185217325,0.017880366493000354,0.016166008618706994,0.020311539262806263,0.011681252977628653,0.011003038246722266,-0.01001320638870463,0.013836719263473162,0.007116902271384533,-0.001272531156326753,0.0003378288148670178,0.018917147060625198,-0.009225079218148153,-0.0018438329491174408,0.0033473995541350816,0.02453237837956832,-0.013163282460699553,0.0023318445950811896,-0.009460153193058667,-0.01609797150626152,-0.02343464545916268,0.013275743397875656,0.022461798811428804,0.012120402842237173,-0.0003728452909357861,0.018251995994320338,0.02614026934413547,0.011814210420257824,0.023276640259511885,-0.008459249541235241,-0.0008200631443203882,0.0011892858624951567,-0.005966790756757587,0.006330228674497085,-0.0074311882832792065,-0.010120879741818594,0.016840468787462873,0.010229416815006241,0.023658434574471848,-0.003598036631348417,0.001793511903889351,-0.0037946377108651233,-0.0011704544959032553,0.006604898673834012,0.027874588952772148,-0.006034631857971757,0.01087562365130125,0.010145094360746613,-0.00012962894434051704,0.02261139597680981,0.011284634498170885,0.009589897832878828,-0.005720691469066013,0.0011658804755532745,0.013144276975511984,-0.0011439307416479803,0.0032111495481712245,-0.006277187786238684,0.008908434931537649,-0.0022165749816915096,0.013049475252635256,0.00992628455310114,-0.005093865040176051,0.018047123695755334,0.004627948959802255,0.019012864472916554,-0.013032585048741259,0.0052701204632210515,-0.004672077621305801,-0.009816599038821473,0.010385267678508423,-0.0007762849602913953,-0.02210186277520189,0.011945919500586929,0.005248541768911087,0.02983065182489236,0.003989236039044586,-0.004537395436187953,-0.012531667522615014,-0.0011084816120261157,0.042213099394273805,0.003666153546707848,0.00527701207097779,-0.0027477525350206177,0.004928414372372043,0.033994068998293145,0.017834977824030727,0.01887619145981396,0.0021499188479549222,0.023808786496744127,0.030875403364149883,0.014695210887633574,-0.00024007516455039414,-0.0034033859201783962,-0.022563294179762394,0.009751749217778204,0.011517905767854074,0.014126129929938527,-0.007427075193951203,0.0016681706817944615,0.002313905896986655,-0.00031125707878913375,-0.002535982473186429,0.030025580073929144,-0.002228531140200907,-0.00023522727514543353,-0.00038235728091348014,-0.0029879431251037215,0.005441758275923125,0.023179919948862288,0.008255452926887534,0.012302570178343627,-0.004231855757978121,0.009459697764191059
Approach QJ,T_opt,25,10.577756302601415,31,23,1.0,-0.0017290618158237944,0.033420010271086514,0.01301234931837753,0.005014075423366354,0.0071285674940861935,0.0006259796721172564,0.0007622268766344915,0.004175736454791986,0.004344685097988259,-0.008014967843565817,0.02335379080612626,0.020588594902737498,-0.006792000104994932,0.029487477791974526,0.02273103442735992,0.01695728328909513,0.0016627825138846456,0.013643363633248097,-0.02795375407978205,-0.01459186402628341,0.03218098415200964,0.02683180518724873,0.015696407414274416,-0.02488810563264213,-0.010306083983345963,0.027606964825450244,-0.01315733623904446,0.020078827967764626,0.01905305078066804,0.007554890064717115,0.012261898996192181,-0.0015759152021655762,-0.019399856833783174,-0.007760112110358991,0.012677182043465412,-0.014334060314599661,0.025570969850291975,0.017776892360537037,-0.029643818073906113,-0.012485430187189367,-0.029462129290679002,0.03430090541099399,-0.009040146351421708,0.007876626261285416,0.006361182674954814,-0.012226653426780304,0.0006703883933743219,0.003815148233615873,0.03550956802852935,0.004731270803699037,0.009385545512260956,0.024639024814003433,0.011335454387789276,0.0090276775720269,0.007996370165238902,-0.02753336872005979,-0.015306012318577875,0.014280637762636092,-0.01736030242842428,0.00976788957596677,-0.0583794147259064,0.02170102023018537,0.037782550912364606,0.027510896414708635,0.005185617461470785,0.009493452153891664,0.014168145008181643,-0.0034705413236401196,-0.0201895738503385,0.0025769900486101427,0.011867439198241292,-0.009004230296422642,0.02079703938898987,0.005988712024627098,0.006605071139582322,0.01639796667991193,0.039693383617286325,0.029401824969647845,0.0022553146053825883,-0.02984849153658565,0.015612728094007813,-0.02445163687110016,0.015440422464961027,-0.04445794343039791,0.0021566896486725816,-0.002647576463783086,0.0064899997772502015,0.013895689238962373,-0.013605676171749697,0.026756021771703827,0.03459471671358233,0.02493639122343338,-0.01563635841326497,-0.00691716771772387,-0.0006344230042825744,0.015301482440219694,-0.0022986963535518525,0.0010230903184334792,-0.010168118175427612,0.02565281000487606,0.018402176591592826,0.037338730886775216,-0.014208623613772052,-0.042471177941894075,-0.013967800454398877,0.0013242599214427881,0.05440005279651869,-0.030411168720578387,0.027177779033582546,-0.007834020219591897,-0.006682617195205481,0.03963607269605997,-0.004178693797450031,0.011701319218548726,-0.0031875011372432096,0.02012779235560235,0.051860119812483244,0.0401927358666334,0.0009804289881722176,-0.023686496623856385,-0.02293631909169749,0.001033989661258121,0.01135350283367172,-0.005388832214367317,0.009435107317068637,-0.00986849850756796,0.039932361354112066,-0.0009629936920680544,-0.014123143247617426,0.015716896994022903,-0.028004943324851733,0.01654983004714381,-0.010384029434574197,0.003962491234414383,-0.0016884787686355972,0.010256736851096836,0.010405843252741135,0.02462657171293397,-0.00263939146654385,0.00225212203811918
Approach QJ,T_opt,75,29.33555390256656,31,8,0.9157608695652174,0.012651353797268786,-0.015010880140037777,0.037978339611119814,0.001316902802116703,0.007693392838721622,-0.015256495664040729,-0.0043192705627720695,-0.02224526972362255,-0.004794969177315598,-0.021632091035264794,-0.02824870512720398,0.006960765557432894,-0.02265646945336559,-0.002943955688816593,0.018113511088163493,0.00766843489140439,-0.005921224155765285,0.005184608173887905,-0.019680605419211888,-0.01666695274352709,0.007168482966295784,0.00817081699899115,-0.012779438006583457,-0.015406535164760956,-0.0020154412955582105,-0.0017118286875180914,0.027440749766859524,0.013158706831278602,0.0018080503309445197,-0.042161311353182455,0.016016674466824157,0.01889678785599705,-0.010979472973171147,0.010200057897775014,-0.029501455347557572,0.02733961270367729,0.010948214400696323,-0.025394732474255232,0.03898264683404851,-0.008298652288509518,-0.005269845412291452,0.019762746647588668,-0.027911069686623612,0.01911775519764338,-0.007367682336775457,0.008545546743553926,0.024152453723715352,0.01831068487637642,-0.012345542092104539,0.029570041786856068,-0.015137041250711636,0.022048987579322492,0.01432562031008357,0.0443591668793549,-0.01622479965611357,0.003412750133801462,0.022315159251266942,0.003900337836202142,-0.04138987796415312,-0.027912468045815153,0.00956662506733834,-0.016258096676362122,-0.0034904160296400995,-0.013951388218946937,0.01481096617914988,-0.016319569598862074,-0.00022951429347028778,-0.005291914594814117,-0.008564865139021651,0.009676770994659516,0.0060474655297019,-0.0020205429053511523,0.0054771216814395556,0.038747742103880795,0.002882602610701723,0.016381833223137847,0.011421792709997623,0.020986721025291446,0.009125541409460931,-0.012444751463594804,-0.0024351708714912155,0.029333656952398927,0.03016983983221752,-0.0014175604217047492,0.026136673621662207,-0.0048132513493039115,0.006336160978549435,0.028481517454098423,-0.026039834256466898,0.046484784060608075,0.013228378697720006,-0.012477941310125397,-0.020492237024022295,-0.007444473216682079,-0.023078862655444433,0.00835260709291786,0.01812900705772148,0.0009888523774970654,0.0073509768395033665,0.031560388643294204,-0.003602456715155767,0.026512334244033736,-0.02895033714104508,-0.017690344418062557,-0.006307791936823841,0.024102998015774636,0.035367695059679294,0.00749042006239655,-0.025947119211999128,-0.0038616585837812772,0.010610908673314517,-0.010757763092392875,-0.00031767002703647423,-0.022842635058659393,0.027222547926316724,-0.016876136957226506,0.022178097374479122,0.012841969214123384,-0.01625526685857993,-0.03893563403439814,-0.002539293467312549,-0.01687520325043784,0.009951177785300785,0.0033977663120407574,0.025392925480310895,0.003433107791120247,0.012269579347980536,0.028036579965841676,-0.01876279042770743,-0.0009192345174886931,-0.0013445770591146702,-0.027902269995949087,0.02006736558986885,-0.0030262701046619954,0.012066321058408824,-0.006786656329044741,-0.027708667246155987,-0.0033833004744695454,0.030511143917960806,0.011484156116054307
Approach QJ,T_opt,95,84.3334034474828,31,2,1.0,0.007621964359635771,-0.0016202606222776995,0.027809954066930896,0.018407755119572784,0.0032238088102279914,-0.009941299175323373,0.0023325015763109155,-0.011194389430451843,-0.007651138881154861,-0.002381173223357078,-0.01129139906039038,-0.002803414011371463,-0.018602662737593548,-0.0036033880418362783,-0.014989989572040018,0.011011142967576387,0.0014830461703384916,0.0075353460411326815,-0.004774734720604671,-0.0008961174070873931,0.007854246866978684,-0.006805749446577875,-0.003374030487681058,0.0009407557570040313,0.01951666652396048,0.001191336672325032,-0.0068214404781868606,-0.004638510543695232,0.00773346548363785,-0.018404489001295942,-0.01783557870740835,-0.012722728266118094,-0.008009210040870761,0.028222641896933715,-0.000260137144410378,0.00789817713314774,0.006039273872852763,-0.0040310544795995095,0.022417574334847867,-0.0040418406723358,-0.00686131620622265,0.006780220892097887,-0.012300690886535657,-0.003682121994835332,-0.001100588771473855,0.012129332709625283,-0.0010966940480953283,0.0066093547196431875,7.932807804943663e-05,0.015137193150142033,0.012118068141098746,0.019981921300355115,0.0226516871930619,0.013895311560583967,-0.002265673483096765,0.003165233293260812,0.0011767704269647428,-0.008145619412873057,-0.020780927600007135,-0.007226302578809223,-0.011271302882741089,0.004503923371289183,0.007047527147777809,-0.002727237891857753,0.006846214183339998,-0.004449789935509391,0.018300885291993713,0.0019030237625791203,-0.015579823376400709,0.0029003142274885026,0.002941546900844245,0.0028748050993045665,0.0038476091946998752,-0.0027974468166026933,-0.0028026883297299653,-0.01059135134924921,-0.00574788926222394,0.011653700580979469,0.0041322464539090805,-0.013036082014572393,-0.01519026318284109,0.01914186934830261,-0.02700294627543036,-0.008504773531521088,0.020673004810017916,-0.012980475446982363,0.03456242430513666,0.0059309401596441,-0.008103728856603428,0.02296808173355504,0.004566711116527019,-0.013583683237501051,-0.008638975564015402,-0.014083965428863223,-0.002495178784275155,-0.01104186173242569,0.0058311020969264785,-0.00822774833755332,0.006734619460149734,0.00914645966389525,-0.006083933070743111,0.009463245621683854,-0.004030390982081868,-0.021542224674129935,0.0011080022726823453,0.013935268432603043,0.022541118937978496,0.004231666719035319,-0.014380121790142166,0.011570103550296865,0.008226505593177532,-0.012382665317363943,0.016174421377406618,-0.018837185592776286,0.024114457154149026,-0.0043973317899201475,0.014189264713338775,0.014503267709503663,-0.010478350011373603,-0.007772374303036518,-0.0006867319428578275,-0.0010971983959672728,0.012807471189828359,0.006101264197459413,0.01843900053555176,-0.005887927036922246,0.007363935594203792,0.021874030276910924,-0.011663631562171812,-0.0160798077711778,-0.000314576367888988,-0.015462775850587982,-0.0017266601854865344,0.006817971437114888,0.0017109090397437582,-0.005498181202165128,-0.023754974479672376,-0.004000630717744669,0.003121316374003439,0.008982902173960092
Approach NJ,r_squared,5,-0.3177792883234312,31,29,1.0,0.016272914082715938,0.0057912658638435465,0.01278323873242824,0.004601991189532363,-0.0002570380737363666,0.006210683976003787,0.014615020787985374,0.007703711086051895,-0.009113126356414886,0.004760761504687441,0.004634505486685892,0.007553272943932011,-0.020332687102311148,0.015049139225154638,0.01270515408901272,0.0176533492745547,0.008087367918410235,0.003893412708649872,-0.0023844087337178206,-0.0023259169596858992,0.01898379722694863,0.008205291898756649,0.008870703902300514,-0.0066043532217130866,0.02552231978301528,0.010992089919784892,0.007570877196508123,0.01516345444873705,0.00858089299723385,0.011960537577315404,0.0041215110170202155,0.0021989481430836995,0.007563711053463552,0.02216194486696548,0.003134286614147678,0.013250311153434238,-0.004315371072254723,0.02512844154218824,0.01094479777450121,0.01916007785474415,0.010660492539137027,0.003302414675859672,0.010324454225479517,0.0036236793010829523,0.017721415526932325,0.01328607102723734,-0.0002384459049587677,0.014038534613938879,-0.013191626478323785,0.005258083725995703,0.002295844201163942,0.001764384304533196,0.008621192529944019,0.012507755160492417,0.01677584877547728,0.014212456500695064,0.009814128159196555,-0.010648245907709216,0.009638501758935247,0.009915388754380224,0.005009933764838583,-0.022345691207075295,-0.0011749697118551515,-0.01244943059765643,0.014541299169158724,-0.005597749839158147,0.001153462124210763,0.013622161670255564,0.02478132475745286,0.010732025030029922,0.01043014433164394,0.01409213686488343,0.017320654610583804,0.0018754680160020412,0.008335156227030524,0.01738474575596598,0.0008406730237155305,0.002074687112542204,-0.0025842072997449427,-0.00649971791457289,0.012447912276195992,0.0040182812645479845,0.025349636217563847,0.01779340342443688,-0.006105194973582065,0.021443072093773326,0.016887972827736932,0.017515168308768266,-0.02058451031925292,-0.005667760492366121,0.008983966692580943,0.011786915042855126,0.005320922886758512,-4.554907009875873e-05,0.004003288213798837,-0.0053066138334680515,0.005240658727095474,0.012354709008364287,-0.007313264131831455,0.010892435468082114,0.005931218792013566,0.02486442207666101,0.01066092681003824,0.019322870586233613,-0.01591241991016303,0.014484459928590019,0.011398940781799234,0.013802899750841114,-0.0071938212894064124,-0.015809130966454994,0.001532755818723255,-0.019424763557486804,0.012435572178180018,0.007369858507633349,0.011083162244957166,-0.012339318649429535,-0.008580282225037103,-0.00810760797503651,0.025052398418022915,0.017319577467234875,0.014272873784692322,0.002708876899924207,0.009328568324639396,0.0014350851196862073,0.004783904782872425,0.002533646832527913,-0.003766456371502612,0.018269012667435584,0.00863993180613824,-0.0034708783266964097,0.020096233317874385,0.0010078906363195379,0.005182410134836458,0.010090154616449406,0.011476444463047193,-0.0025739089776405967,0.00012346758911999328,0.0135789186607633,0.02243711223061012,0.02224626723468419
Approach NJ,r_squared,25,-0.0456575560242541,31,23,1.0,-0.0048113420349518154,0.010570771747169602,0.025658629539589563,-0.01743794827247921,0.0158887116567416,0.029123555692907442,0.013907682640927796,0.0003111162384966158,-0.01911223715325392,-0.033499674404030115,-0.005153527817943488,0.009335239567184522,-0.011115184160594866,0.01937722065650698,-0.011042902252644702,0.01192618062238772,-0.0012795005441916772,-0.007923076105079228,-0.005633379629076462,0.013356551423938543,-0.0064862191184605,0.01791683743126756,0.0286521222817076,-0.01333676111198662,0.01546290554720249,0.026351258498064953,0.033505410592891666,-0.0068306349539520505,0.02004604248260124,-0.023996688827158486,-0.00783637542426096,-0.021896876057629668,-0.010609139231485671,0.026715805071976365,0.004575717188606593,0.02907663686377388,0.026083952898672446,0.011071742336260307,0.029954538573888315,0.0047744170162280185,-0.02583210349379649,-0.005717163986814312,0.006154298952041301,-0.00674768355626129,-0.006960282108197203,0.005601112859242864,-0.0010126647584621752,0.007882440762782194,-0.008513581113910484,0.00881455583542302,0.00578205717593998,0.001530621088463474,-0.0012126511951553278,0.01192354946034503,0.01070370072876531,-0.027314990234931197,0.007620767224722913,-0.006116467618638791,-0.01541227708609838,-0.014584121201686564,-0.023098862579756893,-0.008377053698672648,0.0475454913866504,-0.028126281406233095,-0.012955985609880075,-0.008664990362079268,-0.002666549464660751,0.042242717056211,0.01461927444050005,-0.009666738750650003,0.0006765837759473722,0.011741624908220871,0.04089414866068505,-0.00789654958312724,0.01731681671239204,0.018986464184897894,-0.023505566477465566,0.013371714532941397,0.0025354997158404885,-0.02485309377301563,0.00016858775095565784,0.017255370227351064,0.00045375444680576205,0.0026153154673786367,0.018827736576410743,0.02486918601552428,0.019977134572887075,0.027736919192792434,-0.016052290081844597,0.0256504539234552,0.004713154538233128,-0.0034940042333848737,0.007777029139044104,-0.0015082157221880585,-0.004857788130507318,-0.009699092053238042,-0.0005517415652256709,-0.002553524351359265,0.017643586764124034,0.033022219671130226,0.007501751730116088,0.045355720218934054,0.03252689188126768,-0.008129385301416088,-0.013500323363104423,0.00256021454430906,0.007648776121296646,0.022626402738300994,0.0026727323291430042,0.013867394005321424,0.01778864547138244,0.013843388239025445,-0.0248660911499816,0.009595637400542504,0.00736743823014668,-0.0478733053001909,-0.034363632124484574,0.002693549299772796,0.029378052539236855,0.01988659657381298,0.021755711240728264,-0.00862334608822169,0.02249693718931526,0.0016661471595514653,-0.017682624977537552,0.008776946754507678,0.018801476681867414,0.061020499629428585,0.0038221668805077623,-0.014522768005956638,0.018138751258161674,0.020381599089598357,0.011007882333789132,0.005776454748137879,0.012222989756034301,0.009512857870551557,-0.003261516486564107,0.030567959028595423,0.030869798309487426,0.020712335798446817
Approach NJ,r_squared,75,0.04120815778833445,31,8,0.9157608695652174,-0.02815204302454028,0.002353891398293093,0.025165223652705668,-0.031880403940977235,-0.004911481218220141,-0.0046314828615168484,-0.018277943617627978,0.0006847283793540381,0.008003193835607209,-0.0161749991361234,0.0015494423465966468,-0.019081623152238915,0.013463634292018448,0.0016116057233456795,-0.060936439870372644,-0.007076850989684064,0.006492120030664255,0.01079951410034727,-0.0027607569069002646,-0.004641927955922343,0.01435159086986164,-0.007787288286294857,-0.004405447115389159,0.010408241276701771,0.017152715762953505,0.009202829882181789,-0.002316247942973664,0.019929016239565115,0.013984354880751176,-0.00176431933289237,-0.011995494448882727,-0.04374581343746628,0.015320480873662392,-0.0028196656832725243,0.004496768378620293,0.006252341250018352,-0.01964783630276069,0.01927491459002475,0.010166321318123984,-0.0012723484471743134,-0.021304171135707088,-0.02263312868936451,-0.013632715960703704,0.0015966479737119974,-0.002011239460579559,0.01174498785146998,0.0005785441885071067,0.00494392564812202,-0.013789220640033253,-0.01842915375768067,0.017253686883679085,0.024287363611183492,-0.02025140525795885,0.007706651907407747,0.03828410571614966,-0.015476462687341173,-0.00637276994475854,-0.02629928902493699,0.02243927871337367,0.00512090462507892,-0.004493982393522556,0.005812977634013251,0.017537449374968237,-0.02550489599196875,-0.03936551032179353,0.012703731150277058,0.0024181865450243803,0.011893531948019342,0.027438649544386372,-0.019558749309132248,-0.01753351733289751,0.014937808661257563,0.02613748333108331,-0.01539424717460944,0.014655382935853984,-0.0011490913314257168,-0.021388684792964414,0.006536389417405853,-0.005352013512090982,-0.004762299726338077,-0.030456869204165748,-0.018250947875295607,-0.008846732716337211,0.02771028204127064,-0.014957061643860235,0.02281171637993828,0.0032470383753709607,0.04509985758666267,-0.01213828808540664,-0.010524606257034577,0.010776534626643072,0.008087475088391862,0.02710614429501446,-0.0025500578869075696,-0.01906479983971489,0.002115259485984449,0.008089911330951728,-0.008671786559519622,0.04645619714209645,0.01861492460375458,0.01223702231644515,0.04566097919107211,0.03508859927333577,-0.011739212506301264,0.00839651070392834,0.022122814103068905,0.009359036167414549,0.00764535992268702,-0.007068951172730753,-0.014633023805852548,-0.008933420932982756,0.03768694890068936,-0.0012138640322138885,-0.02610014621045696,-0.0004602050356300916,-0.027434555917598278,-0.007567381766391091,0.01947087160720171,0.02182116980396404,-0.0013181010029475301,0.03335946879367288,0.016602664674926312,0.01027809453218065,0.0055148732430648426,0.013879870056854086,-0.006448913647793112,0.004087322188688847,0.040397179401492435,0.018402753932333683,-0.023796841667257904,0.009358477472638033,0.02811859726608748,0.010767038520506242,-0.01231752727661677,0.00668958407921604,-0.038852262371794115,0.010351321674254671,-0.013102062258331344,0.02177204337689877,0.019027876950949933
Approach NJ,r_squared,95,0.07891531828525886,31,2,0.7327586206896552,-0.01627343469163029,0.0036762597695813477,-0.01979358884364089,-0.01552116358276926,0.0031060418027342137,1.74790918026745e-05,-0.002283735947667459,-0.004108750033427815,0.006227574195519669,0.0013508452544856702,0.011369073426994251,-0.001639318361606479,0.00949174096216858,-0.002047580443657173,-0.008330228354619083,0.018214623586153025,-0.0022257457766520754,0.01762424295208105,-0.00295790636907737,-0.005027299770163495,0.011949623127181876,0.005679910709392475,0.015965469440643164,0.003200682812221962,-0.0089894500529797,0.010478318331882123,-0.00030565393227343485,0.017090158005481085,0.006413471992644754,0.007630019035192935,0.01211112273414111,0.0003866384399480931,0.002360395788218111,0.005425909544959628,-0.007315410680572998,-0.003209886622037047,0.00257746262842442,-0.007065779987754002,-0.008917214896321293,0.014468763862486866,-0.011278338139439976,-0.002467801593319145,-0.0026208198586558204,-0.006928356176826074,0.006282001799177733,-0.0012881243197117908,-0.009176464249449427,-0.0016599822653093326,0.004209156157648731,-0.004185616215051028,-0.005984984755037092,-0.0033782890070048494,-0.004272063981538569,0.0012929036066912187,0.01932346140948617,-0.016823614161664786,-0.0069176063738764495,-0.008263951665561067,-0.00311197572463769,0.011385377537182008,-0.0053200301730917275,0.007292236312979895,-0.0033460160970371884,0.0007949833312100319,-0.015095765103013189,-0.005982922583592446,-0.0009440722407941851,0.0006964193879848115,0.005879159494171233,0.00011155124758670586,-0.012061445648448355,0.006824987120113233,0.009866798136623578,-0.010742766060437621,0.0005637663666346985,0.010116415843803699,0.009759303165311506,-0.01297255828297289,0.0008788063108436246,0.0009121849183882566,-0.0033993714553494647,-0.015277551906618067,0.003160843502126082,0.0012341263389386715,-0.00498007736790108,0.00642364717641535,0.002947379641660245,0.015227490007462624,-0.014818287144374498,-0.010114931662367658,-0.008861692382446454,0.023855467454923292,0.008163616106473407,-0.0043141401919793545,0.0018207028935699557,-0.0052746299883761555,-0.0011724514563379324,-0.00875620199911504,-0.007822705420950954,-0.006038209874994825,0.006325492653781997,0.013701300453404144,-0.0035592449802359723,-0.009606068732902385,-0.0005756992686298791,-0.01381287703231564,0.0011053693339499035,0.005950724817393281,-0.0021516630894087853,-0.012057636484237612,-0.007639259650130338,0.021036071362611375,-0.004045289152746897,0.0064062134950724735,0.0019607270990755904,0.011085911535869075,0.006775890886884776,-0.0033267195187508063,0.00413372193196409,-0.0029895658394346633,0.008869411053684759,0.002827678123708915,-0.003308096685988445,-0.005714297503870406,-0.01216267011982912,-0.002799109063343323,1.2011983025046218e-05,0.011994145140318458,-0.001186151336695149,0.008230103885401985,0.014473052165484343,0.010716037135300564,0.005557344633911202,-0.006978735878164337,-0.0011472414242300168,-0.00419624083704145,0.025114520251943002,-0.009484677740991742,-0.004413303054530384,-0.00016890672560848944
Approach PJ,h2,5,-0.00116291415445045,31,29,1.0,0.008926774416192843,0.018746096641367904,-0.00806585042678878,0.0023027787017269223,0.013405619672195057,0.012669942857988906,0.012338876024407062,0.009594642266658494,0.004498414281170543,0.009487958912973367,0.017736973839857374,0.023261118061641994,0.008372881238378814,0.02440745717586697,0.027460036517998086,-0.0016369094657055108,0.010635337383473074,0.009601871399929013,-0.005256280275388689,0.01245881233977401,0.0026276625982142947,0.017868764361759666,0.016236451821998118,0.014034144125310129,-0.024529808569968756,0.013382746368047423,0.00987889844694501,0.011977899436455483,0.010005005616067838,0.027055966961075217,0.011227795814823461,0.014223445414635619,0.003933725838205694,-0.006689194655631579,0.016648930915241382,0.00569371247132885,0.00936923824187195,0.016252891945410703,-0.027809778445531095,-4.507334929237154e-05,0.009259643562070045,0.022386781521148483,-0.003563483301284245,0.0031830035893577885,0.012909114537475308,-0.020128940866258053,0.005504567880300717,0.004490062471963741,0.011790763545965767,0.007410503561799141,-0.0170407280541193,-0.008273454197590869,0.01593031214282732,0.0033822794439083313,0.01095842324802638,-5.428891839035254e-06,-0.00760238966222879,0.00489392875022187,0.01349700102025432,0.007328960831554366,0.01425851124207115,-0.015965741290782307,0.009355603663979918,0.010364079038391632,0.014251081333925867,0.008340677638255913,-0.004996324348824687,0.0012194083884114386,0.009080141087481878,0.013429524189903182,0.009742450853430971,0.009071079153905582,0.01578026691016537,0.011475433964640897,0.000873455717933742,0.012613180408253858,0.017473597081006122,0.0036884228552170563,0.00011666507772024798,0.013476262861748405,0.022189293149976246,-0.012631754102116815,0.02328457920408809,-0.000787648682275511,0.0018321433684967761,-5.6191596107980344e-05,0.018719872110960902,-0.010044008748529462,0.013005049929035797,0.0016790173582978784,0.0014653462460471446,0.028133608525076313,-0.007058599847821576,0.004748529619640395,0.008856856623186676,0.0012374945735430893,0.013745843422538161,0.011073048170400836,-0.024866706419612618,-0.004100090909810522,-0.00037322616214522075,0.013064509479781768,-0.008261930165546088,0.01104463000043812,-0.01049954617643586,-0.012170531811589074,0.008248183409674058,-0.006574189755180525,0.009816173811771696,0.010422370093828421,-0.002340791927717659,0.024643649911947587,3.1054568785091123e-06,0.014893909471246563,-0.0070221801581304465,0.019225833804367817,0.018502247188067582,0.006622609820133405,0.0019058803390688398,0.007469993274446319,0.0037491850628630966,0.0057698216757281345,0.002275127847467244,-0.0005227107906984399,-0.014196871922060766,0.010668092847884265,0.0021213384302767105,-0.012138751187944288,0.005087178153553168,0.03491083190038633,0.00688836496572743,0.012301898281636995,0.002669045306749217,-0.0050546110727237486,0.005317432013305014,0.019958064871727115,0.017136784608118065,0.011975912955608747,-0.0037753969180164115,-0.0001620465965291181
Approach PJ,h2,25,-0.00028124691049154996,31,23,1.0,-0.0007070082791852464,0.02132489363687031,0.006105652451618942,0.018552996685428418,-0.02536936039709349,0.0067691726389256315,-0.0038122318457380717,0.009089783623601954,0.015576932491393003,0.019071262559416092,0.035727979772876374,0.0276843192049904,-0.023973265161485523,0.03077548252618181,0.02155164387491981,-0.010635969026936724,0.030267081262683623,0.02841664388630285,-0.0005086658753496093,0.00613208389119873,0.0345575639862875,-0.01904324739441651,0.03439588658330688,0.002135236742168733,-0.004398561637137788,0.010996639287722258,0.016281065276286453,0.033719430752086624,0.023981207622621695,0.06769384351560444,-0.015928813249841987,-0.012405879044780826,0.0008313644596023307,0.005297885877863484,0.03771514620327926,-0.004746031995227102,-0.024781133421765716,0.0471046886388433,-0.05563823497502559,0.01309773343597994,0.013626198589192071,0.028830292565120836,-0.014475787629003572,-0.01494107303479484,0.003121851238398036,-0.024874260845574866,-0.02954838657380226,0.029067302376788364,0.0081718485134092,-0.012404512757533494,-0.017739552576622263,0.013748224172002641,0.04628207425759134,0.002247444439379829,0.050547134474161266,0.002337638912851215,0.0033849298786247702,-0.03882279132064325,0.02593760377822593,0.008227359330556783,-0.0016987981769285474,-0.0428554322493972,-0.00017983651738353673,-0.0026201282823056287,0.02709988084244734,-0.0005474870514460658,-0.007036078336660154,-0.004645563980190558,0.01912055270864855,-0.0008857004929689165,0.010628955799767215,0.007961480770434895,0.014210938424125791,-0.01738408267010603,-0.020651030663740806,0.028724656283754656,0.028514420686801868,-0.014636326502784205,-0.023959501518600882,-0.018033132593685133,0.00804550825029917,-0.043863168490591325,0.03094893663499806,0.010525048174160938,-0.025465285480292747,0.01901629717535704,0.048047690719000065,0.0011048500066666528,0.003024176893297869,-0.034004106361837844,0.0022956862857378022,0.047503965987630646,-0.00013286765999154256,-0.013573199729693532,0.010877067756151593,-0.025920255574603555,0.026695366323742562,0.014020051709582928,-0.0365187503921279,-0.022873743141662253,0.019660429692456165,0.044506834829867434,0.012336802017694676,0.015080023770634256,-0.02833579333272896,-0.01606276202481799,0.03144613985313674,-0.040160074106511595,0.004545937256600421,-0.025966595275627103,-0.006831948841988551,0.002340518299172957,0.02848681008371201,0.02250438223867746,-0.009555295358383387,0.0278278938010985,0.03066819039432223,-0.007264994706669333,0.011886012835094108,0.027028796872873493,-0.008052167564753555,0.030790437232491003,0.018367628000930187,0.0010749999408146964,-0.013651261715226033,-0.007100431335681621,-0.0175608527174949,-0.006314298860742487,0.007141040152628089,0.02718219046834165,-0.00628381742250542,0.007013666725434006,-0.004326109534813786,0.009571114815276647,0.012134677076266316,-0.0003490388125951516,0.031240819581554318,0.005131028045368483,-0.022981759398057144,0.007183699162088781
Approach PJ,h2,75,-0.00011216925223395,31,8,1.0,0.02256099099131295,-0.021270616867389423,-0.009882140682193107,0.0245158795860058,-0.013259047365206894,0.007088679800032263,-0.009164776099707662,0.03697838020051712,-0.00129039457967601,0.039462771699262544,-0.015402087124163659,-0.010245830397250133,0.02490744278152074,0.03172706076978435,-0.030000845557390403,-0.025232430148809833,0.018378140421857505,-0.010619058292645344,0.014486499992782615,0.015861710206969293,0.0048770126416236605,0.00161035125132412,-0.012754722703236599,0.02312436006163254,0.009471439383116814,-0.011752222922951009,-0.008408440153839038,-0.016687007770510905,-0.003775603694075824,0.03905742528300161,0.004047823860561836,-0.0006972219375364573,0.014427649615628426,0.015533855316983773,0.013576649064240429,0.004842047726056123,-0.019377878815038656,0.03778198191097703,-0.014760714145579987,-0.015598393403617936,0.017002042838028142,-0.003731917926171638,-0.009870949777397046,-0.01729984525711329,-0.027540546650512737,-0.006912688853761737,-0.03167479310665257,-0.00953208643645432,-0.01125396433505641,-0.02020455576026727,-0.0035206499972855734,0.023722539975063375,0.003852491490344145,-0.017809347895357607,0.006902586333303944,0.02813206680207272,-0.0021194169470870345,-0.021533459088590858,0.02256883667621783,0.026928441249995716,0.01753484551661972,-0.019703493693197554,-0.010711294945084193,-0.010621571481111737,0.011560145956047607,-0.01450173662995204,-0.01368233011494187,-0.011150894986013729,0.012832399028394113,-0.023843614348303635,0.0009528006142640622,0.012815859855894129,0.009866707974031696,-0.005017439018537647,-0.02890766319853107,0.015395909953558214,-0.017583097614572323,-0.012116656057413007,-0.024676822573163313,0.04146259845461409,0.029599715247158695,0.013984374546966829,-0.007298264404516474,0.009434230992977726,-0.01691431420993616,-0.0059641731704899925,0.019451505895775316,0.024036208679922868,0.005751453737798094,-0.003541840602329826,-0.002169738639757415,-0.005215004094166596,0.003719599601750171,0.01941177490478418,-0.02211340347673266,0.02327824770512473,0.018118886799307458,0.03116444375067671,-0.023822077756505296,-0.005070556058219792,-0.006855415622987804,0.01566559731413052,0.04425169284603721,0.006386972625370927,0.019090460188502315,-0.009626189136529208,0.00020279898389124532,-0.01748323105595401,-0.00217355287804639,0.00495999776257933,0.012946426020802274,0.002751556975159922,0.007533804655853591,0.010083516168135784,0.006552664116340036,-0.014438069179586408,-0.010631315901833286,-0.026536711267369787,0.013452835895777344,0.007112403930174165,0.010903266801482642,-0.0005475910381164615,0.026646321831917372,0.04508798742957153,0.006618306965890369,0.0021689419890530506,-0.026346255070654225,0.011782385843331798,0.009404388802235469,-0.022414821993498823,-0.015407488418861632,0.012748261582633548,0.02626847722662598,-0.028835135764181632,-0.007902165051786172,-0.019878140693044433,-0.005051458293229731,0.008838397312778154,0.020212752410059785,0.01688607792286158
Approach PJ,h2,95,-2.1197684707025413e-05,31,2,1.0,-0.0038569001258059567,-0.011552565102789382,-0.011962368893222873,0.01613772330703871,-0.00405109961018198,0.013879781577325534,-0.005404486136110463,0.0025052581624308975,-0.003630843217927901,0.008871326810161161,0.0039127764829785,0.01147371500984005,-0.0037550342816673535,0.01489657519488299,-0.005824325234698512,-0.00818414946384013,0.011489812583874163,0.008503741261357752,0.016955862459108902,0.01288067832444982,-0.01299006661685272,-0.006698970777050441,0.026712735382918195,-0.004749851582059182,0.004885857540359603,-0.013899678606345747,0.0348902594473414,-0.0032510926822867147,0.004162412003706233,0.021811429492628688,0.003526110873880893,0.004677729970257245,-0.013879921702447532,0.01873628693743437,0.008532925611090033,0.0037208650066411953,-0.00946636849309479,0.0035683639592357895,0.007626221136212509,-0.004984916558785845,0.005370600298140976,-0.007481395257344797,0.001585266561753347,-0.007137895275846501,-0.009733320379990126,-0.013426101066505767,-0.009905156651059666,-0.0024308655219267557,0.00033150872854512,-0.006028319291840507,0.002934962725077696,0.004242486123650024,0.009480847597669064,-0.015611650536424286,0.0038707345754490927,-0.00011245525114113066,0.019200658197409088,-0.0038094666874497678,0.0006834691448756168,0.010728779529272568,0.024388661767810908,-0.0018137941049184642,-0.011137173153220303,-0.012705926435753925,0.0014861303520668642,0.0010273256195487042,-0.014694386187020745,0.0058157733025918186,-0.002463613368817178,-0.001367069927123306,-0.006660463390353252,-0.0012539572760874725,-0.004977080734752466,0.003573495825971224,-0.018106971618866385,0.010814405080637057,-0.02116276625082342,-0.010125700296319718,-0.004503523718690848,0.02102824204229371,-0.0032393335617910556,0.0128754636772758,-0.009500380922836496,-7.248135757121758e-05,0.000919387100776455,-0.0005877687131236424,0.011745813447269033,-0.002959401917813673,0.006351154838195534,0.006682732261317265,-0.014244533279169663,-0.004137235859985977,-0.001548678780720783,-0.01148270698087284,0.007394280313541618,-0.011389763179341659,0.006211860184964122,-0.011142807109259547,0.004671734404399577,-0.015133313475552738,-0.01011085010573646,-0.007758992124379928,0.01217631490698657,0.0014633128988746338,0.0120139522324499,0.003595713104478425,-0.012873984484762336,-0.006894096728313056,-0.010921315390016763,0.0014567457095222174,0.018349412372654007,-0.0012645360040766274,-0.0030102972105389247,0.00933754993741416,-0.006413507015046114,-0.009998456398453084,-0.011643240556315106,-0.015989732195776107,-0.00559255613339539,0.01876516230293765,0.0012526227516977359,0.013115775422377931,0.008406052647626094,0.017749314096728773,-0.007542393838180176,0.0024064374657477355,-0.012469214445039095,0.003294396493105793,-0.0020170970976790418,-0.008867445121462782,0.01411354144880633,0.004595337334407799,0.0025890485022578027,-0.009030483815663987,-0.0031871827607227476,0.0036238757760695462,0.006217991894830086,0.001744312844101035,0.004385243491016633,0.0003060425668385989
Approach PJ,h4,5,-0.01240550721143895,31,29,0.7327586206896551,0.002697526626269958,-0.010475452841200989,-0.008748148092751849,0.012110428966905281,0.008910650652901185,0.01327728233441556,0.010243968020756666,0.0015653384636512252,0.019579980751329055,0.019280565548152037,0.01869470198493835,0.014580279625541552,0.005594169849786022,-0.005072434925071513,0.018964523227188085,0.01762974479434997,0.012849725344223857,0.008115060330842555,0.014981559702579193,0.010174145841534523,0.00041781970433546603,-0.0062335906868217685,0.0049536547688621224,0.013423772064264016,0.011661975452333023,-0.005696740238484415,0.008217759065110426,0.009480358146329087,0.008625837479984574,-0.0023111202451166976,0.015258854576095209,0.023333125091207812,0.010104448484047816,0.017813699167066474,0.009978061874998488,-0.004053762950024441,0.002833050247577487,-0.008619910531211356,0.0002964139314084982,0.01853200201930667,0.02738840760801496,0.008140395296648947,0.016846202444611085,0.012285384771314023,0.002434508411750208,0.020765298991763825,0.011663009341107538,0.009724635317528554,0.004582288862261745,0.008372029675466944,-0.0033150381963053125,0.018248525205067336,0.009642561144524,0.009072110012039097,0.010929094897549424,-0.0007464315065005587,0.025740431703434954,0.0037439719790479196,0.0008702534856896587,0.006188114702603909,0.009293238591070778,0.014189300736440558,-0.0020399646771494806,0.015708385277807553,0.02796117372730988,-0.0071853597304133,0.019384125840329412,0.004653761645253798,0.016976339656915026,0.012638591839022393,0.017907486978708018,0.009893731672639065,-0.02241314434799977,0.01413439002258264,0.008218085928039052,0.01769409093732647,0.012803476088672145,-0.006958861495929005,0.004377665971620526,-0.0029349212599749344,-0.0077004312076452645,0.004816775807112978,0.023245372193910586,0.0014968491346708734,0.004581316542054336,0.0012844817413000802,0.004840218216925579,-0.004890567815065589,0.007777490170933016,0.008596604691976211,-0.014430636531084165,0.0043503713963580415,-0.00940588737629497,0.013356127443243602,0.010374894059062148,-0.014364591593893673,0.014084204821646294,0.003399122343848308,0.011605783040509084,0.011605313474149349,-0.007428864686763235,0.0010511981650554948,0.0018337928711919494,0.016974545376603402,0.0008991428301149622,0.012130266635579676,0.0036338850383505405,0.01890857836347638,0.006377247698560396,-0.007116852306683493,0.008949991075031272,-0.016816448894115165,0.02127590399130897,0.015458985525919858,0.012501891592092815,0.01784257510954226,0.01144990901612041,-0.00629199619099592,0.011537222537334081,0.02174996742320725,0.005128920604231411,0.007954464248234233,-0.013834966509359975,-0.005202988085032267,-0.005035536676861738,0.005824601766574801,-0.004218794024172697,-0.014082979452005626,0.005622386955064056,-0.004377728764542501,0.005107966501968871,-0.0056545106479856,0.011196507084658783,0.014233282348367945,0.00630397832222129,0.012395221372615077,0.01331831078562552,-0.012516343800896826,-0.011664583982031044,0.007286849590655387
Approach PJ,h4,25,-0.0039522998856961495,31,23,0.9157608695652174,-0.010697651618379746,-0.015284998164352016,-0.0421389191831107,-0.014779730512713338,-0.004863870289903923,0.01682134356204491,0.002120231633448461,0.004203227492115192,0.01758788410725851,0.026906387113951935,0.0215713417827459,0.0014804158644618197,0.008762864972054153,-0.014262479230495149,-0.021121241149166713,0.020969625553672093,0.03680200197958712,0.014241738259885506,0.016283949760298896,0.01831520984639639,0.0054006735600985595,-0.0012603449888056015,0.006181270554483185,0.03333864554292765,0.027434646494669705,0.003496135103376828,-0.031175880184272833,0.004110983119257858,0.005563259926803709,0.0036845948871856997,0.021288088845654737,0.03435170419960079,0.03550757513668345,0.024419516070406287,0.040125970605677214,-0.028336739320533492,-0.024355428880006705,0.0032881037517459954,0.009942009477084238,0.004562072308943785,0.01316137995435507,-0.025744486406513903,0.010943309238560848,0.01463381142230266,0.029863624928873216,0.017013518718258673,-0.009947528907494469,-0.013870713762024176,-0.014124480515019274,-0.02458997254764649,0.020644006176524107,-0.0013030964671063756,-0.031380654241496726,-0.011380124440816024,0.0060382528439380054,-0.011513678725280198,0.005051866369316427,0.0317045950844134,0.03119620733743545,0.02660652502740977,0.024066397734420788,0.04632785175043831,-0.011189584430905258,0.008074691921374956,0.010856199554722279,0.012776077209524204,0.018283969039076496,0.01537937245505791,0.03749392537423208,0.01380521637050029,-0.014682185000596449,-0.001715774522783238,-0.023290432170581972,0.0028735091684847485,0.010905336673866341,0.012660388383292252,0.0032117847493910415,-0.014346020014146957,0.004532297613711912,0.005235494846042846,-0.01125108301337049,-0.008754247510021934,0.0005733644936887825,-0.006320036553643745,-0.01436001748870656,0.021503925732737957,-0.008158016178835072,0.00014353476797541372,0.00429999140019666,0.009953246525147482,0.008109341118431269,0.010009346954194573,0.012887604990038147,0.03447961997880798,0.008692905760324936,0.009434589926146146,-0.018253855327198497,-0.02052529146567112,0.007999857653223558,0.006590413180271864,0.00023473012304744208,-0.03637775239287048,0.03342793607901466,0.016123385996537846,0.02965306664694027,-0.002426203585585963,-0.01447730790582676,0.004924238216301579,0.03771817410742826,-0.011586866215945889,0.011633061040158276,-0.008017067351045258,0.0193263342651103,0.030309199108033733,0.01669414035085138,0.027513097493641045,-0.019293345536139664,-0.012716606948148312,0.009184476474115766,0.03169284038330151,-0.008480695843761186,-0.0029609879323501715,-0.019514411323936522,0.008838090338100613,-0.04089370180887243,-0.006082132848443017,-0.0040922688730193925,-0.01601646899359943,0.02475018627960178,0.0083567434911693,0.025250430667484364,0.03152094262692021,-0.031660248295490925,0.02440465289534073,0.016076114309235858,0.013891283289147056,0.008363589538637145,-0.00862754735838061,-0.059875446970402375,0.025655803915761794
Approach PJ,h4,75,-0.000938644734924,31,8,1.0,0.007655141947798358,-0.01875463656718172,0.013105359398364833,-0.0007322464678718864,0.002040220812669377,-0.0015178964464333325,0.017443109994256183,-0.0012139029512456183,-0.010838764868049362,0.007651777729328742,-0.025342360048706637,-0.017024164038283465,0.019434658462679087,-0.020859164964328283,-0.005501509194022254,0.004296522644033601,-0.008589794103818606,-0.0017440952751388418,0.023950647340227883,0.004249186810044746,-0.016624135882153744,0.0017590576567467209,0.00024056538851803178,0.010237659304952771,0.028068532096582527,-0.000999393229394517,0.022008602992091276,-0.0043924956153457454,-0.025326437719655006,-0.015505770736762525,-0.03778174077250176,0.018949554299999442,0.006620513292672992,0.029337596270286297,-0.0040935065402447875,0.017470764408879964,-0.01355487337235505,-0.0190600443131546,0.07287202487142086,0.0124100582403909,0.03697629883720479,-0.0317774420485125,0.025362933374024732,0.013157823942425368,0.006196592191654604,0.01083124135830114,0.004565992341926298,-0.001262858129163719,-0.0242656915578128,0.007380481272861782,0.01401274365838743,-0.011602447811127818,-0.016810723787962913,-0.008629756922512829,-0.008745808098302013,0.037670496604803066,0.02398749043932871,0.022517713739259575,-0.010349888044775487,-0.004563638486576904,0.041909064406735225,0.026542440074786254,-0.019035997766636007,-0.0033524060271972154,-0.009412203302459725,0.02333301442617053,0.0036191823527139274,0.011628882551220687,-0.00397465673053376,0.013762720259251892,-0.004653808592042908,0.00418862201267861,-0.021225439302875928,-0.013444777073002621,-0.005243102331155669,-0.012953261369230811,-0.031077001484626738,0.011728577388267698,0.009658749404372897,0.039536101760158544,-0.007567043951648119,0.019689955866663753,-0.022341726293495002,0.02052201641423066,0.022686635517667728,0.00012838408637540577,-0.01856122245187639,-0.020120222965241796,0.02646910492656868,-0.012107534308707328,-0.015682615065861657,-0.026979742583017288,0.011378006820201283,0.011710987121891463,0.009891114926707727,-0.0055567105967866594,-0.01327540405446368,-0.0008904355343011068,0.036890670234932206,-0.009074581231350512,-0.006049698331695771,-0.047213590290183564,-0.010938186560861436,0.037382090530895265,0.03970369656679904,0.01667171319221132,-0.020327253510071936,0.04138377752387111,-0.014872993022144634,0.038979615171921396,0.008506005253945842,-0.03657325802600678,0.01830750147501667,-0.025151627338399155,0.012135616178214563,-0.0003972541334140822,-0.02322880158388546,-0.005993926644736762,0.0016319738763840702,0.008405513380381624,0.030939247906976358,-0.0028927947776184086,-0.006928476965911325,-0.007997996797287115,0.009459479377171485,0.020305781143811808,-0.009312104208050115,0.00028604499790139303,0.0034494504597674803,0.011298564703318616,0.01040845880920005,-0.01759069826001717,-0.011173349707307881,0.007260207164277151,-0.019026468213658797,0.00984449927401384,-0.012432910973964656,-0.012315986620215451,-0.003595570886306079,0.009450985027593322
Approach PJ,h4,95,-4.251988323642847e-05,31,2,1.0,-0.0014674644526610138,-0.014774632151297235,0.014333038194792539,0.004628335938770332,-0.006481970024655212,-0.005010866458455671,-0.005675110350728381,-0.0031465153355882945,0.0016661748271387306,-0.002192555984901071,-0.01190130625953023,-0.016808183094159504,-0.00022474218489891418,-0.015791741930461692,-0.019087825863008494,0.009682345322099412,-0.004145885172078495,-0.0019558538338737834,0.012269654169006428,-0.005813466732634785,0.004347330275336648,-0.00951544330914354,-0.009398261625240193,-0.006137227548570162,0.032788888468388455,-0.006773829397523597,-0.00162053540537207,-0.004074233720894084,-0.0024027559620821244,-0.022347864557750004,-0.00608834013429685,-0.006758195238358117,0.0022568308928978226,0.01470456623989913,-0.00795382472268636,-0.0006540458651801067,-0.0030732325401234793,-0.008708660857016888,0.03445435870867346,0.006790088556435032,-0.00259943452101687,-0.01563835354566989,0.010278597073552732,0.0031674532627929248,-0.00587330273994145,0.02843918299830692,0.0022938810077680334,0.002557290691098552,-0.006616691616452183,-0.0037048513149551283,0.023479098041614795,0.015844221291436082,-0.00900860343178616,0.002979551965270035,-0.005852714166788543,0.007577951845700705,0.014492082540299815,0.0029616660332549053,-0.00541256157944096,-0.0015665013971317163,-0.007708931729602481,0.023323343926880683,0.0002252168204143411,-0.003235195279516419,-0.006724110835200162,-0.0007508318251603906,0.013140990134738295,0.0032398319491275225,-0.002750372563027937,-0.006155939559856451,-0.0023289815423585096,-0.002157863684034141,-0.00801894446875705,-0.003075360285276981,0.007564686832366029,-0.004047768494102675,-0.00993256030455973,0.004153636863534236,0.004228150863472545,-0.006447792746819561,-0.014881399203991934,0.020937163653747044,-0.015548231062443841,0.006013241768869326,0.003338523791522636,0.0069879221587632245,-0.011085266464876082,0.015579047552908672,-0.007100921045987549,0.00418622110563423,0.0034522242786601486,-0.020217930038867904,0.012655381334511566,0.0016527821040017623,-0.002109713048081486,0.0034907787940514465,-0.008636305071537545,-0.00499593681896607,0.030606634596656777,0.011615311664906884,0.006502644008578265,-0.004661058429056298,0.01621537771757877,-0.003813902160084491,0.018434273288161482,0.019738045796052206,0.0006757667420405595,0.013708827159851783,-0.003152911747168155,-0.003326928084992901,0.007670906613856477,-0.016201147703844718,0.007682707198090961,-0.010185760414711552,0.012455005159114263,-0.011866641261393073,-0.01203216862548519,0.0009506367323120957,0.0059711671017302825,0.001440253203461792,0.005025674496011265,0.0008006919802664944,0.0034562531926229834,0.006409839831112691,0.02040760728202257,-0.005070918395206989,0.0029951241605315,0.018392730625427525,-8.321619937345817e-05,-0.02621147528660121,0.0017272083695667269,-0.004622944932293005,0.003807737630546635,0.010053260172348847,0.0027571393077684067,-0.01302502909863751,-0.011873273255356252,-0.005434712290669742,0.012303507243004753,0.006104458908175791
Approach PJ,T_opt,5,2.4398571656525982,31,29,1.0,0.008926774416192843,0.018746096641367904,-0.00806585042678878,0.0023027787017269223,0.013405619672195057,0.012669942857988906,0.012338876024407062,0.009594642266658494,0.004498414281170543,0.009487958912973367,0.017736973839857374,0.023261118061641994,0.008372881238378814,0.02440745717586697,0.027460036517998086,-0.0016369094657055108,0.010635337383473074,0.009601871399929013,-0.005256280275388689,0.01245881233977401,0.0026276625982142947,0.017868764361759666,0.016236451821998118,0.014034144125310129,-0.024529808569968756,0.013382746368047423,0.00987889844694501,0.011977899436455483,0.010005005616067838,0.027055966961075217,0.011227795814823461,0.014223445414635619,0.003933725838205694,-0.006689194655631579,0.016648930915241382,0.00569371247132885,0.00936923824187195,0.016252891945410703,-0.027809778445531095,-4.507334929237154e-05,0.009259643562070045,0.022386781521148483,-0.003563483301284245,0.0031830035893577885,0.012909114537475308,-0.020128940866258053,0.005504567880300717,0.004490062471963741,0.011790763545965767,0.007410503561799141,-0.0170407280541193,-0.008273454197590869,0.01593031214282732,0.0033822794439083313,0.01095842324802638,-5.428891839035254e-06,-0.00760238966222879,0.00489392875022187,0.01349700102025432,0.007328960831554366,0.01425851124207115,-0.015965741290782307,0.009355603663979918,0.010364079038391632,0.014251081333925867,0.008340677638255913,-0.004996324348824687,0.0012194083884114386,0.009080141087481878,0.013429524189903182,0.009742450853430971,0.009071079153905582,0.01578026691016537,0.011475433964640897,0.000873455717933742,0.012613180408253858,0.017473597081006122,0.0036884228552170563,0.00011666507772024798,0.013476262861748405,0.022189293149976246,-0.012631754102116815,0.02328457920408809,-0.000787648682275511,0.0018321433684967761,-5.6191596107980344e-05,0.018719872110960902,-0.010044008748529462,0.013005049929035797,0.0016790173582978784,0.0014653462460471446,0.028133608525076313,-0.007058599847821576,0.004748529619640395,0.008856856623186676,0.0012374945735430893,0.013745843422538161,0.011073048170400836,-0.024866706419612618,-0.004100090909810522,-0.00037322616214522075,0.013064509479781768,-0.008261930165546088,0.01104463000043812,-0.01049954617643586,-0.012170531811589074,0.008248183409674058,-0.006574189755180525,0.009816173811771696,0.010422370093828421,-0.002340791927717659,0.024643649911947587,3.1054568785091123e-06,0.014893909471246563,-0.0070221801581304465,0.019225833804367817,0.018502247188067582,0.006622609820133405,0.0019058803390688398,0.007469993274446319,0.0037491850628630966,0.0057698216757281345,0.002275127847467244,-0.0005227107906984399,-0.014196871922060766,0.010668092847884265,0.0021213384302767105,-0.012138751187944288,0.005087178153553168,0.03491083190038633,0.00688836496572743,0.012301898281636995,0.002669045306749217,-0.0050546110727237486,0.005317432013305014,0.019958064871727115,0.017136784608118065,0.011975912955608747,-0.0037753969180164115,-0.0001620465965291181
Approach PJ,T_opt,25,15.94845244306861,31,23,1.0,-0.00019583198426654028,0.022726101057252375,-0.006838171630361034,0.007663361108369172,0.004883428834870494,0.009176972845966557,-0.010779344320577495,0.0076620298823157846,0.017003353976358642,-0.0003563748012563889,0.031178027629033784,0.023477099005765945,-0.01128651940919922,0.029474880209733555,0.013873719849011838,0.003748913212360267,0.015079246315213153,0.009390112841194074,-0.016937273446610144,0.0023961587970944575,0.023599128755704697,0.006594263395869421,0.006597624808239867,-0.0023407427282127716,-0.019809452198162845,0.007608310199918337,-0.013750239950518333,0.012296161330907142,0.03292868737364071,0.02021387314008773,0.04292119645302839,-0.011484304123721908,-0.0004299565615694704,-0.021322224686018746,0.0127886127327998,-0.012431097802731226,0.019850879074103517,0.026604275401548427,-0.06622744460827851,-0.005665043033248245,-0.03031608979615161,0.03852587002399112,-0.01864781960175627,-0.006807367090274655,0.0008392196058792301,-0.002520999226252268,0.003232456546142398,0.008310211292226026,0.029439763487326392,-0.0036748290260177484,-0.007574373670891969,0.019173214904973052,0.023732432499004103,0.014991588331691208,0.013851517179539872,-0.030097973650941398,-0.017097797561257705,-0.014662118955782807,0.018434327485588847,0.010326097920999595,-0.03535948489426657,-0.01918483743868791,0.028616818251030258,0.010481289786072427,0.01693917380118542,-0.015743168613075044,0.004525483433199678,-0.0071696422136817255,0.0103044252549877,-0.006489135629205168,0.01206727790311539,0.002724593457192836,0.028986761744284252,0.0218448507523665,0.013681244881455433,0.02151867328338201,0.03861803826107311,-0.003886517669516412,-0.005313933463180122,-0.0325076316452297,0.01487493789763243,-0.011384546315033536,0.030078074435139258,-0.015296423327636845,-0.017515968357648314,0.006803346476279827,0.026195828097961234,0.02565526176962103,-0.020564976043520453,0.01797277277263942,0.020600185590568934,0.03489542106922571,-0.0057812253335113,-0.0053096753982493266,-0.003143971351602559,0.010284983964381177,0.01838494240546429,0.006967546885735873,-0.031150742057888082,0.0165898019864469,0.012179116178128807,0.05561704134090904,0.018891634112894143,-0.030151362690541635,-0.03176896945507343,-0.009104199207748171,0.02925120366178656,-0.03424914011919985,0.021536255086748172,-0.031884173163085894,-0.0031758905678070286,0.04501576023410964,-0.010621688820047182,0.029859776394934163,-0.006702791177230734,0.007756446676388858,0.029698880146467845,0.013567173197182234,0.006245073564415039,0.0005047330975264855,-0.022164388348101995,0.009463308433613067,0.012659858006001576,0.013885125837701389,-0.003248744017209699,-0.014708606691134532,0.014428566798858311,0.005967934439581836,0.0015545114944122182,-0.0025992080895334696,-0.0017928854739059034,0.02526965160936116,0.017650132644603744,-0.002261558064652055,0.0271010395347322,-0.0029114635009242188,0.01769642232672648,0.018857187285154443,0.012123681211294401,-0.0035085727159466437
Approach PJ,T_opt,75,25.75218990624034,31,8,0.9157608695652174,0.0181569615819116,0.019256462654422726,0.04840610695111448,0.02171084515321062,0.011787519937443813,-0.009162267162511721,0.004543534040230212,0.002244899438955007,-0.011423294998949195,-0.019610984185879646,-0.015735674202418726,0.004972519103020705,-0.0006147259185742966,0.022878194475900396,0.029493451804156287,-0.01292418969727826,-0.030312549768192563,-0.006595720693830284,-0.0092705758666812,-0.011669864239257165,0.001574319313452387,0.009613666041421696,0.0006569196422747433,-0.02544172896618765,-0.019175566596249992,0.0031127818671470076,0.03943424322584575,0.0037926825963035316,0.002038989727182025,0.0010235075161395084,-0.0161486331651281,-0.026886454023323274,-0.02931701840557995,-0.01640414448613872,-0.031430864413122164,0.03337640592668223,0.03065143458175518,0.0042561273366478235,-0.0032974292139419147,0.0021829428981988627,-0.006501170913301909,0.032492914381992505,-0.0042281954662924,-0.00828335457015196,-0.022827813131339334,-0.008703276586209828,0.0177459777955632,0.02091806692508649,0.01929855244453287,0.02829562479449054,-0.014205636189028594,0.008873863560951576,0.03830236295253793,0.017741955849994398,-0.0009325437627001542,0.019086201679141896,0.0018378265087545557,-0.02384900030093664,-0.023111767896622105,-0.020844065592987137,-0.01751681822195214,-0.038970249114339946,0.020770404915299544,-0.0009458081624997271,-0.0033292290559965576,-0.00518623139642869,-0.010139303253162833,-0.010920132117518968,-0.031164156849778153,-0.006531631740453542,0.022095654311668926,0.008628989992654733,0.031051754611990313,0.0055265645108791926,-0.0024671941235665674,-0.004094976469141081,0.004329252027055356,0.022188079732898273,-0.00018748167251910115,0.001792975268885997,0.018558976959354795,0.01705965706165216,0.007162983647955464,0.011545629640237549,0.019530684648725965,-0.014572195170082718,0.015792621824919976,0.005391504036403796,0.0016041374828515932,-0.00408800806121533,-0.0031917705937239494,-0.002093668467986134,-0.007290823503348167,-0.028078308255165843,-0.0019457621852197046,-0.004706316558551629,0.02336339367819913,0.026602402817105887,-0.0022599294761794213,0.0009248075748245065,0.005894687723385592,0.044781203443595964,-0.025474488526981986,-0.008892658156184228,-0.02171833953521469,0.009993717570049104,0.02340125805754139,0.002210399188369632,-0.031054912042824727,0.018682308224781438,-0.0063029463540194685,0.016459569559148148,-0.011640521610140796,-0.025601050051498722,-0.011261315349867558,-0.020153904950666296,0.02576342409872206,0.020289853500593858,-0.0013074290333166857,-0.022782593905393403,0.017255555402635563,0.009531501588344815,0.025245792364026753,-0.002950961297686367,0.04710443716883421,0.011679307301120307,0.009208731463827623,0.022270448431082654,-0.019746224325422095,0.0003426131226158388,-0.016634857332190223,-0.023841989277576234,0.03813703123278675,-0.019406003795715637,-0.008001542988162429,-0.006958247516057451,-0.00310007818587534,0.01516874802331961,0.06840355729539069,-0.019713391604115116
Approach PJ,T_opt,95,27.296687882791268,31,2,0.7327586206896551,0.004761783337261873,0.014446917331271654,0.015015335860755617,-0.005179314326408,-0.001987001005361329,-0.005618205934882335,-0.0035802023470779777,0.004882788467418994,-0.013415391643019752,-0.011985162620079728,-0.012859034404611181,-0.008127344658059057,0.002553969203693891,0.01368815017047678,-0.010592312572198474,-0.00958430893795611,-0.006360273132829296,-0.0004690427647873313,-0.007968185808961456,-0.003528800234395283,0.006557173169215497,0.014586911739437904,0.0018845354278958094,-0.005526855487524042,-0.0034028955539133323,0.012305657209008244,4.060397646250178e-05,-0.001576692430767674,-0.0010235878259988597,0.007019222648441908,-0.010119398895568585,-0.01586787491493028,-0.003913891752944293,-0.009798327582798924,-0.0012829556824434508,0.009093429556173182,0.0034629554541709866,0.016164141619605155,0.006348166331733846,-0.011786986812163992,-0.020728198566961765,-0.0013919673211703495,-0.010131088672342602,-0.005934927919163301,0.004601303385783662,-0.012455056859714937,-0.003864560453038783,-0.0026772821544662445,0.0005917830672518239,-0.004666377428622919,0.009753408183800785,-0.010677758111222123,-0.0027208524334828266,-0.0027102786028607184,-0.005823385816311585,0.008318954460362226,-0.018850738825363932,0.004111622804428838,0.007214185955123684,-0.00042565526818126804,-0.0027436590786021125,-0.006831698100342182,0.011620785161543724,-0.008579501518932326,-0.02043420322858416,0.014775205543508814,-0.011239460054415767,-0.0001945213077148319,-0.010646571132461088,-0.005365007208975638,-0.010494017667635542,-0.002980516202767603,0.030174466789408085,-0.005734316343218729,0.00022005662226071027,-0.009128679023175271,-0.005262439312225744,0.01480092121468029,-3.285003042772373e-05,0.009963391374903782,0.015008325153629582,0.0034886337445172375,-0.015509024052266313,0.003728743951922937,0.0005893506179650877,0.005647248821355162,0.002794387429159261,0.010425606619444786,-0.0018733612878847582,-0.0027313662280441043,0.019348207055791444,0.003565307089850399,0.015002668862984953,-0.006954815719601432,-0.003627750483956955,0.019092864961488203,-0.008974666470645655,0.0026779890075864675,-0.005865854863464944,-0.004090092719052974,0.01355828253319628,0.007352252885669973,0.006119654680840704,-0.00974381753624977,0.007035584281610653,-0.004562752651116549,0.0052900651133640664,-0.01177394095880513,0.00028601436604315045,0.014212294315519016,-0.0036198763888924458,0.025258951102218027,-0.01359009133633949,-0.010750836469384845,-0.007069066591108977,-0.010483382566567487,-0.0049798304535380086,0.013865242743441438,-0.0036601750965349587,-0.012839720945299143,0.0036459389546429502,-0.0013839505922396105,0.0195663475494502,0.011090117125446514,0.01124627203682351,-0.00022742731389751826,0.00933525661498091,0.02033695888948886,-0.0006184250008843492,0.01307708537832765,0.003507606833325288,0.013333463997329577,-0.0047197241473629255,-0.009234633248742841,0.0017705929988521335,-0.005462185599525462,-0.008054799432863705,0.019057544465835807,0.02019269430701937,-0.001344437279008714
Approach DJ,h1,5,0.0030373102599786,31,29,1.0,-0.008586488477685245,0.020650879348577903,0.00710999415041835,-0.0018490757382389634,0.008548459881645442,-0.017291568461176247,0.00903326820809369,-0.0026830752477813927,0.0005750507349128735,-0.0073810286746708986,0.0165206220020113,0.00783991727170965,-0.0007063878649176045,0.007374848566786636,0.016332340714642343,0.009228499064530717,-0.00767385554259647,0.009804639736897183,-0.006551313312148763,-0.0011089523580475383,-0.008573752261434735,0.006091265301449727,0.010890206020579073,0.014109714960571628,0.009970423742310696,0.012467881962965338,0.01582862434945331,0.0043081831687298506,0.004282011097739191,0.024131238491657735,-0.018093214139962555,0.016991182363868654,0.014715795857969517,-0.00012746523026088935,0.0031908318010587964,0.009370935747550987,0.012421717062339776,0.008330994591190823,0.017525146228368232,0.006373397634119367,0.005623961804289864,0.017292482509002133,0.003975861025640342,0.015850156214899346,0.02301204003395397,0.01679699270461782,0.016304843970568927,0.023974944661643294,0.007831895367005744,0.009156509859831222,0.0033362072597138827,-0.006861555334755477,-0.0009940929489699907,0.014086346414303012,0.005228543421241961,0.023403415968195323,0.012911268005358988,0.019537996465784465,0.0037474620619521973,0.003922451787038132,-0.002881251592578416,0.00799541921762195,-0.0009497531671012511,-0.0012780886145021095,-0.00839366368922967,0.020589368037873288,0.01245989337507917,0.009009611571059138,0.007938452089644613,0.00978779515783367,0.006222067237133967,-0.0010238407373230746,0.016041970400544194,0.012182747077725932,0.014430644738293325,-0.001693998961962456,0.014825156004287472,0.018869861014430507,0.006991864763067934,-0.002127617450750823,-0.0024625598047930595,-0.012699515421423896,0.013347845174483147,0.004587790712820326,0.01211120855420893,0.007345528893341487,0.004616844056926625,-0.007775466675133219,0.008559779227972849,0.005482310149032274,0.008759756812911874,0.009049629398690811,0.009656006922810025,-0.016181098362038227,0.01982063251046269,-0.008442807086893244,0.0021816756439296523,-0.008866900635338185,0.006951444823360781,0.001445551490826516,0.01987856293158709,0.019735419939646323,-0.0016459487571558566,0.026557758803432998,0.003549629910125849,0.016000064822623998,0.028233616947440827,0.006848311107421563,-0.0125329096652084,0.01796751149296686,0.0005881426892006569,0.015748177257702195,0.001967425978305872,-0.011106757847560133,-0.00024037589881771356,0.02151573562596603,0.018639358197158364,0.005028869947586231,0.005277803417630215,-0.010246438178876114,0.019679610884623333,0.011264835050918942,-0.005538117067387108,-0.025533360778488678,0.009521462659207874,0.005563752090621437,0.01560475092719582,-0.012683056692721826,0.010822106148208402,0.0206453645199216,0.0040679819897005125,-0.0017748971770303616,-0.0019193343127706331,0.013780497976615742,-0.0017525295628772943,0.005376103768291078,0.005718888962978927,-0.00617639480880112,0.010671072704558287,0.0025197049106546205
Approach DJ,h1,25,0.0068622440181911,31,23,1.0,-0.033494664363582186,0.037171334387800674,0.00279134205832584,-0.008310476151530802,0.0037141695573694937,-0.019385164480765237,-0.010853919801679966,-0.009322294823499345,-0.0032045781226048378,-0.029373634291403345,0.024170226709606907,0.03798393333758958,-0.010035008081163905,0.011454818126730552,0.02241595216522551,-0.02843052913779279,0.005204172905818231,0.02308624973497096,-0.021169330264456276,-0.004451622684209824,-0.011856005428225683,-0.020916006186616334,0.021632765537358135,0.01547033817668382,-0.017355643446261677,0.01867937726767292,0.025402132247934407,0.02592679152282553,0.019765184306583253,0.039366729326199716,-0.0005335266329792362,0.014461354156030228,-0.007623632652537165,-0.005847182782415132,-0.0009009162461143656,0.0006892449250904933,0.008292111150648677,0.005565880593077466,-0.005749601025626468,0.0018410311851249838,0.008218603788282224,0.008554691243298662,-0.023468687267972688,-0.0026086488183458124,0.020763997255523574,-0.03426721010796919,-0.002413595472172268,0.03647491645886106,0.026027161807235705,0.01553193895332338,-0.018990323697928357,-0.04135648884708941,0.014387384947167358,0.014957229939485138,0.033230430014873164,0.015213917995711335,-0.005082426184992068,0.011931676621010093,0.005708521373366426,-0.0352541228552409,-0.00405338305886334,-0.01658411839806546,0.02514536684279946,-0.009558080585966872,0.0166943457661373,0.012595329340668641,0.0038257597050407486,-0.003231940725602979,-0.001656930840229914,0.017708845154069803,0.025209194602255604,0.0037485519261192496,0.01897960499964615,0.03998591203997662,-0.0125493751330067,0.010366990898820781,0.03686823692790092,0.0005359012296344431,0.009348829446350432,-0.005478630723094447,-0.0002747762392869461,-0.02878496733511727,0.011652944690026224,0.00993004471312765,0.010549864449959206,0.007543294510938523,0.00719446497886323,-0.014862571341892072,0.016351970165421788,0.02755841057487021,0.01584947940000015,0.03158367213936652,0.007398163096085544,-0.0001344071754259381,0.033396445923906615,-0.024577961503108633,0.01363971421232999,-0.011752678503409355,-0.02192565545156697,-0.013044862982469423,0.019872763704042756,0.033518116643554974,-0.0018013830967553482,0.03626872912200412,-0.038105883713979716,-0.0007999446779084289,0.040919379526801025,0.005922679781172515,-0.021078378070541547,0.027349835242653803,-0.013535774783029465,0.05941044342880036,0.014727696561200838,0.023112538113105183,-0.024287042148408804,0.03002279972225618,0.0020461714144064695,0.029959963400332565,-0.015787670264267965,-0.01906499168920272,0.00023003763677256704,0.016137062532020918,-0.026713933323384932,-0.031235445374412894,-0.025303909643178978,0.010559955224584762,0.009871552894909411,-0.01597491670076944,-0.0020345514318615685,0.0723995943651295,0.0068208975922069166,-0.01871221929656046,-0.002059693315210361,-0.006348867004618678,0.013226351686018392,0.026561922287476343,0.02397773594012418,0.004730468240153666,0.0011360091355871668,0.005876156423130551
Approach DJ,h1,75,0.01382787307581225,31,8,0.9157608695652174,-0.024255703859002473,0.018755070364824503,-0.018457264487857537,-0.0025428041577752166,0.018050247229252008,-0.0201453375288643,-0.00817278776132153,-0.005636902086145519,0.01638907288230899,-0.0073958407319176245,0.032590605659117526,0.004208209723975098,0.029508065070980853,0.00033039441572426596,0.03304064281204487,0.000493089805639773,-0.020345214342192306,0.0034826742088624727,0.011740777031624038,-0.010066440508198209,-0.009850840867172925,-0.01625252463571082,0.023774211791475333,-0.007843583078553226,-0.004119177354498279,0.015683098712924563,-0.006378062185100768,0.022857177923848008,0.0201233350251287,0.015256713445416655,0.04487344254582258,0.018447603942525457,-0.012428206118296094,-0.013723777022025931,0.005242919277484362,-0.03238286417196886,0.01497964537841241,-0.024640488704145702,-0.03666061769541107,0.009497646748887388,-0.016034632765595486,-0.014545716052158247,0.016480453674858973,-0.00675904500194399,-0.0002184483651773086,-0.0016300222985523617,-0.009058103869928702,0.0008721785654823406,0.03576176308578316,0.0069117262283460565,0.022125354699001207,-0.020355534871663587,-0.0023746174232188912,-0.01523301093274075,0.017139285260222,-0.016077246310428776,-0.013165207119015315,0.007864956210176771,-0.009803115670047267,-0.014546910789301358,-0.03687836374175227,0.031061735144875865,-0.0008302811274382611,0.042832870545976086,0.009146577409751014,0.00713725512879555,0.05801887946953058,-0.005087448255970255,-0.02911100977386974,0.00891899264191476,0.03227900829961842,0.01227122963557314,-0.008723316780009401,0.022033262528668943,0.01868105758503801,-0.013896616019497656,0.01949985598741738,-0.012895872319917411,0.025720788558374376,0.0031664629268092124,-0.001629599255447846,-0.022879878495063222,-0.009903804919254366,-0.004750405812495243,-0.0009459283176485616,-8.960696097281686e-05,-0.008767572105502905,-0.021547824058759876,0.019151172542335324,-0.005412238586823194,-0.005701304999028475,0.02643817201094453,-0.012808356512365945,-0.008364626381210228,0.01791699353016654,-0.012824695325766244,-0.0016325791339741368,-0.010636262712020018,0.008016630091003877,0.007073566349977936,0.0084676337017449,-0.0026113179052538135,-0.0038950099701786775,0.0012032294811693764,-0.023736747002692463,-0.014476920235430804,0.003926948227544777,-0.007981298327961371,0.01159443612908887,0.010420829569671582,0.010059533449527579,0.047040834801679705,-0.008627469777806101,0.0195650546467191,-0.015626980605146685,0.010144365054710346,0.0043965590319244244,0.025775401957692082,-0.005668546413822569,-0.014085157850406477,0.0026526166446626236,0.01252385430739371,-0.029115094457603505,-0.018288961088981634,-0.01627478808733526,-0.003236361367723994,0.011102356850990655,-0.021621501275350074,-0.00967650033492092,0.013975941618050589,0.013461530135022085,-0.0030605769743182066,0.010926396229246613,-0.0046411539122546246,-0.013936353684862277,0.014531049939085699,0.03506568466460668,-0.00035290361197249645,-0.0019996677055241965,-0.03025873663105474
Approach DJ,h1,95,0.0155710902778535,31,2,1.0,-0.01890666120908882,-0.008120171925781504,-0.015091266086747815,-0.0012569326026064755,0.0123887260807621,0.004779432334354313,-0.008937697789587742,0.005515018334211901,0.022247025367216792,0.010204471540029129,0.010628755072302048,-0.005983027852966982,0.021224120037082878,-0.013037816062955777,-0.013656498075519646,0.015229000949633465,-0.002219118026647762,0.022462013199734416,0.005101824774359599,-0.005249906660576047,0.0037212948949124827,-0.003968609246312153,0.005928640069056976,0.024447052583208007,-0.013710256944229601,0.0025310033553621754,-0.004557105714423959,0.0033816423837020036,0.0087590067055781,0.004210425944676655,0.018316824033979467,-0.000273562868054527,0.010669857959676506,-0.0026530546911116178,-0.0002889703893693982,-0.01232913442511405,0.017331822251350614,-0.012204746355318678,-0.014507401743229327,0.006911507981195948,-0.009018780591227137,0.003274481918814069,-0.0038926335622821297,-0.002958473957834489,0.003823864599952467,-0.008799966047996866,-0.002093690860394273,-0.005890967827708922,0.02235847882806352,-0.006084017664861685,-0.001484438698744027,-0.00589748839819632,0.0023266805386997166,0.0023673753740063117,0.017694000365366683,-0.013688653557692686,-0.011576981933815246,0.009228432096134907,0.00987368153185079,0.014863809034700672,-0.011773520530465563,0.01951439044293653,0.005960172599858318,0.014131530036374821,-0.01891973257041517,-0.012653517174265588,0.005227385967991227,-0.0012392604477861116,-0.0006453882890570412,-0.0050573840606560365,-0.018340406316915112,0.004396401702146941,-0.0008653739233248028,-0.0012157125282191705,0.006220144013570103,0.010694100361502269,0.008160328624241195,-0.023402736322319168,0.0007722652185772787,-0.005582012472743006,-0.016392404192608172,-0.003773534323290632,-0.008667888093333872,-0.006471688819692688,0.000360145564519999,-0.004260801678314584,0.0036406715096041794,0.014110716002629744,-0.002289211548419805,-0.0031546014938694292,-0.016386398553467907,0.0016454491516846041,0.012933198719850929,-0.010534724793274228,0.0004966121529412254,-0.01280547559699935,-0.0020870052714793553,-0.014144655477356721,-0.002141321729923352,0.0031429099709099476,-0.0034315856226680985,0.009210772332408404,0.011193625366626677,-0.01814278242911752,0.007597822603163229,-0.0053875606892938525,-0.005555286143484527,0.0019578029012973443,-0.0028701180722367093,-0.0010893438893427759,-0.014585515005691345,0.030426356322809933,-0.010467840217493214,0.011500224237708799,0.0023803993768708493,0.018964756649671642,0.0022642856058765226,0.004922294284373351,-0.0005621319956168331,-0.009726523764955813,0.006587472153508539,0.015160826607318432,-0.009385941958849628,0.005887057971192161,-0.008127450586915887,-0.007310342917342876,0.0022318848198391744,-0.0026511689923502646,0.00017462388070388216,0.003997606053087102,0.0025365512443709663,0.01802050650732159,0.01898575810447419,-0.010124332570119049,-0.0071926263629113925,-0.0048876583728434545,0.03203883989205461,-0.012786524642488589,-0.010520235397988974,-0.005791449773865129
Approach DJ,h2,5,-0.00052546176650445,31,29,1.0,0.012759509437740249,0.001943356298834469,0.015899491238463164,0.010687928744013359,-0.005586793641279439,-0.003042925409715705,-0.008555728894963083,0.014191173064727253,0.013178967326483425,0.005008273017134838,0.012701750689249678,0.010727097036117034,-0.0062302549063081,-0.004778608621366936,0.01634716212233577,0.02216394402023132,0.0071679177232576,0.008930879953826321,0.007692996063844026,-0.0010095700638508706,0.019819699900700184,0.006436693380522477,0.008128171628049234,0.001073624849472046,0.021956460019421496,0.005575606455742755,0.010494003382350977,0.0069944195917667346,0.012924961583384015,0.022563582043560893,0.01571357952779868,-0.00475832561987972,0.023115831011504488,0.017442943118724595,0.022338010912219885,0.003096629271588597,0.00513879284807514,0.013565035879449185,-0.017650300354865655,0.014242412798908208,0.01128924337776638,0.013657983584653264,0.002992681204363621,0.007157630656765174,0.008307339728870041,0.002355637594549653,0.011158697659140628,0.011880952885591949,0.003764937927719831,-0.01689299118042491,0.006643056557028564,0.0025504896802885594,0.006246981496742221,0.0030308568547383423,0.013935625763063475,0.01701027307496927,0.010793219790213145,-0.0024780145231008883,0.01665569793666584,0.005077032160966781,-0.006842542166225198,-0.008612005000336839,-0.0004723281726650991,0.006883141075472327,0.007884830871722977,-0.005257798404596714,0.01896815075183743,0.0003125490404786245,0.019736504865086484,0.006097149083994057,0.0006831066744450717,0.01394199609159937,0.010034737394504459,0.011290855822628496,0.015754457325224805,0.023643791181513267,0.010698517937565587,-0.011549983523971992,-0.0004991615503726019,-0.017744920730603637,0.0010404005821198598,0.00432784695123604,0.02249875572842715,0.010577914908152347,-0.005739793886508137,0.011289668615148287,0.016559175630929644,0.014743095313434828,-0.0015508979887919306,0.007798313344155418,0.004060054938240104,0.008425519226544146,0.004176560133027659,-0.011387753551111842,0.008028010884928676,-0.0042973906284750904,0.012414555744999849,0.008612534591289593,-0.0022735976780263196,0.021480453445316898,0.009979039809789808,0.02934398901376044,0.019207835544807497,0.007442206878271024,0.004601861956509862,0.004516152334057089,0.011759315987235447,-0.026629273599912108,-0.006926788805772638,-0.008341136699645006,0.005527418945177687,5.106191777012579e-05,-0.0018498366162154017,0.015293083262916927,0.011772735992441895,-0.00438230315232794,0.0011764351185189952,0.0020297793869980046,0.01731077812240823,-0.0025815577330841034,0.009228701390535561,0.01894249061222194,0.005603780393320645,0.00642539157880666,0.00341551659719185,-0.013150325023566545,0.002604008220629681,0.01195235274347262,0.010116053269418706,-0.012429343901613888,0.00826473665284512,0.0035883165769925295,0.019279106869172856,0.007748345599039125,0.01849560114652469,-0.023087356037074767,0.014182335701932558,0.002682085314453378,0.01658112344333926,0.014293500883500936
Approach DJ,h2,25,-0.000390275054796,31,23,1.0,0.043133435135863825,-0.014638556367192813,0.018412421252315375,0.01804209741285816,0.006772802151619115,0.011183008983431749,0.006432642091120142,-0.0012304546402355657,0.01386990263988976,0.0210950670052129,-0.029825370268412286,-0.0019017595311241107,-0.01685552414107735,0.011887635950195584,0.02612149283848727,0.018275460003916208,-0.015736171871399418,-0.005910263893275677,-0.02036675238428725,0.00028717140155338307,-0.0028652964462371503,0.026524366237406605,-0.020691281866227214,-0.012757570118120136,0.01702789678741887,-0.0006695720513051302,-0.004514947027264246,-0.014683862629360729,-0.0025999434876142467,-0.024632463293204402,0.030255033562341126,0.007191229307957388,0.006218199174853372,0.002927300145662295,-0.0024515044862242824,0.012941519655917012,0.0279691495283586,0.0025885369992831864,0.00420189353744101,-0.011100860116881594,-0.01430698686021041,0.031492208421868305,0.001626615204316411,0.01301744248797932,0.01714775444252008,0.012504696854549371,0.012210291144686825,0.006264117437943393,0.00889823615525321,-0.0012248657685737492,0.0268945549188102,0.00769338452696977,0.005779528439903916,0.015089718390626667,-0.04127324097345665,0.03144431443409466,-0.01247048611978689,0.016302615481247458,0.0068879840777742295,0.000522769960026471,-0.014408900299048299,0.002359567376547149,0.01622673797329179,0.0038343136731827975,0.0015253339290187855,0.0036876497214854715,0.016391369331132416,-0.009155663236261616,-0.0023677608149670344,0.015385865055642734,-0.03364159973040294,-0.004913055088510968,0.017034071570743846,0.021194649952061762,0.011613306937295061,0.0026388397043539276,0.01574676179550113,0.017906639342577347,0.020558560887492354,-0.008047559733809898,0.03777231732192491,0.06523522353152228,0.030741977170702765,-0.021725645786663167,-0.01043594918731884,0.020437339065794112,0.018200362752726483,0.019662323493919873,-0.01807443679618267,0.01620137408703156,0.03332872569268034,-0.012223836363081369,0.005063941563662749,0.008521174355349848,-0.0041266413573834305,0.036201322328256035,-0.005056544019245377,0.032340569708585974,-0.002044988119585626,0.03792735865405705,0.007393975386580654,-0.014227217644483453,0.009641245123544693,-0.023985868571685314,0.017149485499107036,0.006407753835630862,-0.0009469404822863688,-0.05157559735548335,0.024658321501795893,9.478241121333529e-05,0.006812061699252833,-0.020391232359766167,-0.012192941459447167,0.0076242490729363155,0.015590686864247359,-0.009726284903171739,0.0014969041179183366,-0.009146342359379082,-0.012422876026194565,-0.005496517155569969,-0.01160106526960612,-0.002858042733507075,0.04429903168714513,0.025280301879163542,0.04550045207644427,0.0016110695550522836,0.015316200178188931,0.03147899584255277,-0.01510624738700433,-0.017525707663281695,-0.009260192758004457,0.01427293711677717,0.013206543766100401,0.01956066282451855,0.013849288675670448,-0.005309427248350169,-0.036712787963821915,0.018077512837752135,0.034796403668159115,-0.00039398804105598376
Approach DJ,h2,75,-6.789811886001401e-05,31,8,1.0,0.020878942185235908,-0.034053795113144054,0.048659969245817405,0.0004574516649943839,0.015735258330415985,0.01902080973701338,-0.007146649915976376,-0.02030028464000747,0.01152919675840724,-0.012676203313600629,-0.03751491641927038,-0.006078891974345387,0.0004451633484718088,-0.00799579448136052,0.006794650229078677,-0.0040175798518101,-0.002551916716327083,0.00441568056821634,0.005805593842368089,-0.010002684337358965,0.022341654925613078,0.011707359172006195,-0.014791412609544302,-0.005910298166304279,0.016275540750299418,0.009331681929629973,0.008041400334668878,0.004742047747752345,-0.00263405793415409,-0.07142307363108721,-0.015368086468752883,-0.023920741944571295,-0.022116822890730196,-0.004172243337757558,-0.004524147581976203,0.03672553806413537,0.006621532406558291,-0.02175685694717107,0.013312859455592036,-0.0004690190104437754,0.016310088451154014,0.011142087550217738,0.0047589209694549025,0.006965603215546042,-0.029407627932864208,0.030507838344421133,0.013195288095979637,0.01741663385830182,-0.00954253179266167,0.013209022724469015,0.01654287270960939,0.04170844417206693,0.011927798098543003,0.031254525659908244,-0.020855568634102904,-0.007636690744510546,0.035187755293193415,0.019597146764957975,-0.05241699857897474,-0.013977211011029887,-0.006620235090607336,0.004874364796835538,0.029550339419930568,0.013633614628853484,-0.01609099871716007,-0.010862538634072706,-0.007528171725669733,-0.0021768450712426157,-0.0055285348991604795,-0.006571098499818133,-0.014070882143473152,0.003127002005582228,0.0014324591495639507,-0.003093447167425591,0.008081981097294307,0.029752128131029006,-0.012874451578342957,0.009510224292713289,0.015441019730231932,-0.032871716386458985,-0.010027528998789935,0.04594145519275068,0.02275838458196992,-0.008855115902825731,0.01874737869109278,-0.0017633557562919341,0.019619521424974928,0.02308429237903864,-0.00875201251498341,0.04247195870964444,-0.009394728936937423,-0.0336060727572424,-0.003642921038714168,0.02534864557567493,-0.0414025751596201,0.010965139335621816,0.003618420097593611,0.019192937543377635,0.02864515276789731,0.02624055213260184,-0.008640401787497603,0.024011891916571562,-0.021905229240274892,-0.03691442944262332,0.021929292859552425,0.028528593915590053,-0.013222381617156274,0.004237322941051133,0.015912385741338228,-0.011420822560051324,-0.01975697556719919,-0.04314634226079175,0.02175320523967558,-0.026238821096616845,0.0219375835208187,-0.03097995698390114,0.01844547523949041,-0.006198466063728727,0.006752300688617556,-0.010384513102767765,-0.0037587889062355296,-0.01641372892584897,0.03670694613688127,0.0020651439975412074,0.03179878154621809,0.012794269638711187,0.016147857045301757,0.035399198028004494,-0.009157013020643298,-0.011967882490649884,-0.03444671008326008,0.013481362492384616,0.01885269788771061,0.015813641437342315,0.015968552249227993,0.006627391449031146,-0.017902722361879776,0.00912754199273079,-0.009650701216718634,0.022220954359889862
Approach DJ,h2,95,1.9210429403732814e-05,31,2,1.0,0.01108663920668379,-0.01731998629870013,0.006604871456567259,-0.0007888434678953583,-0.002127751622098963,0.014900585770291254,0.0019770524563442722,0.01743948042510693,0.0056629850311697896,-0.002400811554772376,-0.01042405960742979,-0.01997109223787823,0.026529227948820452,-0.016961946508330886,-0.01459226314688457,-0.006959493885721073,0.0027578554309021872,-0.00669231852529826,0.0153578227900808,1.1727629158669593e-05,0.01434576725479242,-0.002021320824860235,-0.014295487517261654,-0.007962074958996741,0.021218058929319026,-0.010612158265067635,-0.019429895411202328,0.0013029873960850433,-0.0052423931266849105,-0.02134307699005217,0.006836973322212631,-0.01266837431012183,-0.0016640837400533708,-0.004212696647676222,0.003324827675387185,0.0010069872231179733,-0.0006221844259147772,-0.009769982697885038,0.0021460192877883347,0.011948369231950327,0.01113442191942127,-0.018289140382484175,0.015084478153199432,-0.0045094828914209574,-0.0077048190844585685,0.015371165028714846,0.0021070831156604075,-0.008313659721784892,-0.014161675731426938,-0.0082071997395952,0.003810119374617782,0.0005790710480089705,-0.012647167291389434,-0.007554254061166326,-0.008543119429204805,0.0009733682056508495,0.008832213859616495,0.0010772448205675095,0.004373366042753548,-0.006736452306358298,-0.007502131589934889,0.01738271808490128,0.013909678781593165,0.007832972635291388,0.005411389650934205,-0.014228397552080852,-0.0003328716190503034,-0.008787330004539547,-0.0011305461774672111,-0.015012404994484767,-0.009428403319836166,0.012949943374569142,-0.01168541958216095,0.002955001806987682,-0.0041251728197334156,0.015450340020399685,0.010900696875265282,-0.010503883614567684,-0.002947625427403694,-0.007934320336745203,0.001774088530279228,0.005446973583388576,-0.0002445271927086103,0.004831838774988358,-0.005005697018250412,0.010054211600968754,-0.013113299713422864,0.011088778129648643,0.0006913786066209246,-0.0008405833760525793,0.0035309840656964895,-0.004373064999437602,0.020010968816401534,0.030001215328543756,-0.004029561763623527,0.018189499447146748,-0.002823305682037188,0.021216161238188543,0.010676330994127427,0.004893754007750878,0.0004379616666521291,-0.011054759300384045,0.012576563870651609,-0.0013113681257213474,0.018961081972712502,0.0049506429636222826,-0.027660701876545117,0.016006847973533564,0.018899468658463297,-0.007691193152527743,-0.015652280942395434,-0.018833800729586958,0.010715183405821975,0.009639394881487535,0.007616168487247474,-0.011217099529752318,-0.023491951455579908,0.0015623864320718226,0.01755321077186553,0.00929357646365306,0.0013957437890752798,-0.007139032159256049,-0.002869429881453076,0.008299358677879119,0.005174823161290922,0.004244378150501033,-0.004458826760739293,0.01638420189413607,0.0032764682364763388,-0.012517131530271964,-0.014832969479325967,0.007043280518698326,0.010820674494728068,0.001103978023055271,0.0078024705191391845,-0.008129534897835928,0.00034707954762561334,0.0043838296308494965,0.0031328964309672467,0.007455195790158856
Approach DJ,h4,5,6.3442147613127944e-09,31,26,1.0,0.006023470454556611,-0.005242268766510379,-0.010893202969361871,0.007588757940003951,0.014510587895165053,0.032310791721138536,0.02650269766848128,0.00035462258786590664,0.01271167162850233,0.0202504316037914,0.008802281937252476,0.010949446780095982,-0.0063078961185221005,0.002427200759064815,0.011788028655485288,0.04040688352116666,0.010591747929523462,0.01702527533310767,-0.005937013042728451,0.010867662170934596,0.023468205809756254,0.03435467572811291,0.0023802297123751586,-0.018044891198017336,0.011178841268597934,-0.012973328358370138,-0.0036777045844043174,0.019181197715939888,-0.0037031382216981623,-0.04164232783410391,0.03086980954276894,0.014439231532700091,-0.007024394974973004,0.001654833752925474,-0.012494234878426339,-0.004566240471604388,0.012874769191408258,-0.01810433715189006,0.007182855594724954,0.011063252491030502,-0.009809074667158114,0.019249990680293053,0.01295208322885438,0.023981745091946498,0.023661355571242024,0.018859146548857966,0.021661147681709063,-0.019070568735581973,-0.003310241036733152,0.011844749536554884,0.007189408347531918,0.02754865031711786,0.0011926547173802832,0.009803782415160053,-0.02933892399603025,-0.03613289033997175,-0.004291723798475874,0.0011107341797166246,-0.0019105321582192126,0.030306806587564728,0.007861382005297093,0.04247289080045581,0.0034897606333082754,0.01117724952083394,-0.0027717097561985116,0.0013712549410453748,-0.00015038662634619365,0.003853391465784476,-0.001662742800513429,0.021622942725111196,-0.026299838678389864,0.0023422107599074034,-0.005872827366592181,0.0027169241033424226,0.00845430820006052,0.00805210403064896,0.013243758561273876,0.025363628371347376,0.005267662617666018,0.00019374758389987417,0.011064036254160931,0.014215207853304835,0.024727123896074326,-0.011118059376200588,0.005562728356238896,0.007508561874912221,-0.0015117788111120775,0.010850334074075409,-0.019035426937609377,0.007215203629144226,0.010892216824924172,0.01861578599276495,0.012196168603118914,0.00668564649718144,0.013901611375540097,0.01567376500303859,-0.0027135664025533957,0.003386789275292476,0.01389510668495719,0.01493291172811583,-0.006794822200924158,-0.020867272273850955,-0.024127540519454267,-0.033628239651729536,0.02027452793246127,0.022264062804692324,-0.025295414358080637,0.016643566705553996,0.03921690715131444,-0.02841293589080228,-0.00858927659609592,-0.010984565745440877,0.013865583803501185,-0.0010242474512778673,0.01420980932508348,0.03144298715015935,0.02247160329541515,0.016542354063539065,0.0011625189589170412,0.023645621856641943,-0.018138312100225852,0.013997381709823054,0.004056225993257636,0.006103743367850808,0.012049510928401355,0.006490984607490851,0.01808421849734652,-0.001007109339573528,0.0013480093067530887,0.020271588174799567,0.01931936566908302,0.0182101367304933,-0.010667917415393247,0.019837250847602947,0.019409783183424276,0.0274779288464493,-0.006587147221176785,-0.019691272105955598,-0.011723838810378414,-0.0018147787652891619
Approach DJ,h4,25,0.27739988940170957,31,23,1.0,0.006746298546562175,-0.007517672866092771,0.010890075460068883,0.008097413389139009,0.013585424167182012,0.028698110030550405,0.03238268616423945,-0.005153491868473247,0.02095189664359222,0.01669599981569753,-0.021594440063399417,-0.008347079119228103,0.0024214921439208894,0.014147209524278585,0.015165897685153076,0.04715651403699207,-0.0035341848445007073,0.03240752345121362,0.0014597023441849772,0.006438904330191387,0.02457307760920509,0.03684983389715766,-0.011628742823960486,-0.0014385104751951253,0.004352055660145237,-0.011252666211734538,0.000882875196219999,0.02001444901987097,-0.008312361182208364,-0.042810870644141595,-0.006999989421692709,0.012673098719809033,0.003352085514778336,-0.009069762790947076,-0.015231204675000392,0.006978307669376985,0.030577191389255166,-0.014986622953717266,0.02068612450121368,-0.002666896384789142,0.008388262901222708,0.025839024670826605,0.011544903936890283,0.019615964914311015,0.023448310509498096,0.0357344805914546,0.003302083899481421,-0.007521781616447781,0.009870228282035067,0.0042297555135880505,0.010698846741379841,0.026336742903641207,-0.008575706577913622,0.014893910039251619,-0.04279115406666522,-0.032713502116584,0.002182318102000373,0.035159063173844166,-0.0034731559171319866,0.03012540921263262,-0.0024899088882986303,0.046362439127071185,0.005232018383159885,0.017108334781019065,-0.0046291176805136666,0.0069989287978794255,0.006269831555483516,0.0020586718071212797,-0.002965632641106305,0.006770309144087581,-0.03956905589604186,-0.015298334743276248,-0.010523724861641581,-0.0071962646901353134,-0.005029360501642973,0.007287100123360113,0.02978521368743475,0.0099732314337833,0.01135487215652609,-0.028335936616597286,0.011093924247866682,0.005087962787429538,0.03326748103553973,-0.01305570118802079,0.014972429477228509,0.0011133307242304272,0.0008058631039137424,0.007757651297743594,-0.006596298453630438,0.006901896210844412,0.006980559389217929,0.0021196086603088053,0.019211870972647403,0.0032010608050448194,-0.006271533786677783,0.024207521357689762,-0.021605582593053046,0.016126099595233666,0.007641159184016704,0.008194474191369285,0.003595925575463512,-0.015512153739496527,-0.0209898128793545,-0.03020403757804552,0.03285350865453925,0.011771706885782673,-0.014629063175679906,0.003282295539574864,0.03780638653067636,-0.009702743612960724,-0.014258601467156828,-0.02833719118410529,0.022373298696181616,-0.009339729413546015,0.02077750505052307,0.028383366773918912,0.03768666207581936,-0.02650856724988499,-0.01100661555414771,-0.002270723235169673,-0.0009909340127363484,0.013921769067794841,0.00525787345972825,-0.018584306681508053,0.02277735007053945,0.007083273967280028,0.011073397767001754,0.00024016174958165284,-0.003300722689053637,0.04014082209489724,0.0004910808994795148,0.01999931357855777,-0.009909560749004153,0.032752382387041014,0.008304142158947946,0.04875810988712054,0.0008678301162349266,-0.006261455971068669,-0.04899284494658856,0.0016682619426028253
Approach DJ,h4,75,0.8081164617339263,31,8,1.0,0.03258512489400499,-0.013387824074470166,0.0335867340829653,-0.0038293920672850235,0.004662554675147756,0.026190558771792882,0.015610396670309347,-0.009986266719335007,0.016626199329774348,-0.003498963806171234,-0.014625383855746096,-0.0032929583720521616,-0.0006231977349794236,0.006114073722344699,0.02020269686101758,-0.0006818928112752505,0.0004927504091238004,0.01721757740327853,0.0017174185043658898,-0.012033216009353824,0.0223290883591519,0.027574154546693052,-0.017667263607773036,-0.004681237042325742,-0.03301570438619191,0.0020396714963807107,0.0013575968489159963,0.017985647348060307,-0.00659794059166443,-0.03597195076219638,-0.008329377138256216,-0.009022606261124085,-0.01021425681170979,-0.02160796042610894,-0.008749672096803645,0.03720531186694389,0.013658796400106065,-0.012450226661992716,-0.008076297550964806,-0.012425069855392145,0.017455493683310067,0.0335438523871394,0.00143696529006993,0.0050127966742761765,-0.022628872646471804,0.0007454439090711853,0.035572700877418525,-0.0026895023298329746,-0.0018509545253040638,0.01646154879638932,-0.02065778392529764,0.03886580454904164,0.03447395666792245,0.040496331089130796,-0.018112949512335254,-0.01386530515596019,0.02600567957672462,0.020028057837551537,-0.023323503652260488,-0.0048928666437308595,0.02010128829916881,-0.022739576553592798,0.007169113276505057,0.008748799483280788,0.007430763317608919,-0.019354573404028623,-0.0329159457943478,-0.009389156477405425,0.00026997837504970845,-0.003014322558254505,-0.02308338935037728,-0.005719670924209168,0.004524012638788348,0.018028029687112947,-0.006018366291867645,0.02450697186241358,0.030612601577482003,-0.001204063561364963,-0.001618622158072804,-0.016189924360230503,0.015623160266521392,0.01677576927624339,0.04137592312795558,-0.017857666144508438,0.016789970702831735,-0.007703910168321705,0.022477239989718643,0.015990841755785325,-0.02006746520723278,0.0249591687313667,-0.004360528174652449,-0.018411578261924678,-0.02074978726948628,0.018041801964295105,-0.05415210460538904,0.019795843588944862,0.010459234202323064,0.038716985446158134,-0.013093990992963798,0.007241392631804921,-0.023840363403889925,0.02913340762677572,-0.02909777870607437,-0.02983428690470639,0.007700335685151428,-0.0006332045991260073,0.010413444659275812,0.008569860065611569,0.005878764130496046,-0.019709493959296512,-0.03558383342093817,-0.040951853817838925,0.006075578606208588,-0.02160999876728292,0.010035416928902256,-0.008238587441699863,0.05365022480063071,-0.015080528341413685,0.014930134759895292,-0.01782525995271991,-0.0039892572016815625,-0.015802575035824135,0.028517450902846814,-0.001636027204079415,0.04494262909909075,0.0041195356835010705,0.0004917509656597738,0.008054309143123457,-0.009460668072970005,0.006717854242263772,-0.0414061609299443,0.010062510713094204,0.026734280102949773,0.0034198981843060554,0.0075939105202970794,0.01340636354121134,-0.012665939213681929,0.012908738253412029,-0.0008974797963580453,0.006035219068717685
Approach DJ,h4,95,0.9999999746818348,31,0,0.0,0.0,0.0,0.0,0.0,0.0,0.0,0.0,0.0,0.0,0.0,0.0,0.0,0.0,0.0,0.0,0.0,0.0,0.0,0.0,0.0,0.0,0.0,0.0,0.0,0.0,0.0,0.0,0.0,0.0,0.0,0.0,0.0,0.0,0.0,0.0,0.0,0.0,0.0,0.0,0.0,0.0,0.0,0.0,0.0,0.0,0.0,0.0,0.0,0.0,0.0,0.0,0.0,0.0,0.0,0.0,0.0,0.0,0.0,0.0,0.0,0.0,0.0,0.0,0.0,0.0,0.0,0.0,0.0,0.0,0.0,0.0,0.0,0.0,0.0,0.0,0.0,0.0,0.0,0.0,0.0,0.0,0.0,0.0,0.0,0.0,0.0,0.0,0.0,0.0,0.0,0.0,0.0,0.0,0.0,0.0,0.0,0.0,0.0,0.0,0.0,0.0,0.0,0.0,0.0,0.0,0.0,0.0,0.0,0.0,0.0,0.0,0.0,0.0,0.0,0.0,0.0,0.0,0.0,0.0,0.0,0.0,0.0,0.0,0.0,0.0,0.0,0.0,0.0,0.0,0.0,0.0,0.0,0.0,0.0,0.0,0.0,0.0,0.0,0.0,0.0
Approach DJ,T_opt,5,-81.27845367370753,31,29,1.0,0.003945297989398321,0.011325716505382796,0.010396017724483475,0.016854442195730623,0.006528094127617474,0.007041364739136722,0.01743803966497175,0.018791138538949093,0.012222299647059887,0.019922970169064746,0.014142501376998714,0.010080937582214403,0.0019366457639637855,0.0230908033658549,0.01774675234447831,0.015113895019474959,0.01746787851270729,0.014587130980428697,0.008879738878226757,0.014937199959973484,0.008637449484937016,-0.004811701698311523,0.02728929669477124,0.019168166077876077,-0.009317306214428809,0.01668038690910517,0.013570016770966973,0.011342853929582333,0.016885071382564187,0.029677182380328047,-0.007376266424506335,0.006640600729202381,0.008954823141973066,0.019296868804554543,0.02145624098171943,-0.003453637229896394,0.004511420992520944,0.021995137479930617,0.004813185206538373,0.001795362857290993,-0.005902935127181334,0.023153016947515592,-0.010357545945885584,0.003474658938654406,0.008625772193694828,-0.021446453043420684,-0.01644408472415486,0.006299488512400056,0.010708071368509741,0.009808534520021854,-0.004950594303616619,0.009594091898537388,0.027399774675834248,0.013797435247123476,0.024316971699408926,-0.006256740224280173,-0.009961306134550643,-0.01710578699259053,0.01811056981542772,0.0001322804343944396,-0.002804294074345601,-0.008726061761943715,0.006458464891059089,0.0029513265270927755,0.028570283171833463,0.00698695534232196,0.017734605281863897,0.011567167122891289,-0.0005007125796368683,0.005200696245021815,0.00944639621873223,-0.0008960092155098836,0.0018633593299377566,-0.005380681487644698,0.005242380164712539,0.0023558045551979236,0.002132590706203467,0.013336327519356098,-0.014829705970974263,0.0019509588926326852,0.008768239313615356,-0.014292032206219382,0.0003452311507116236,0.0021478643405332095,0.01050421665807606,0.0033531411937293885,0.021079888738959173,4.2245937056205e-05,0.009854665704444153,-0.028979002223744357,-0.0007350601798914488,0.02055710816716046,-0.011242015243727775,-0.015390491555206049,0.006887185268022683,-0.019606676422773917,0.017950202870679444,0.002822434015276178,-0.010061681706315414,0.010385843966284884,0.003330996461674117,0.006902220975801926,0.006776225972691393,0.0011202839191288333,-0.010091655830973855,-0.008388745003970313,0.03366038215133197,-0.0006698104884316433,0.00812952704106668,0.018993055391145,0.020292710225961335,0.022363673186879623,0.007606972361904972,0.005278900760804713,0.016539386425376276,0.022324541868678476,0.018448155987846965,0.024440943293453105,0.007184780812613878,0.014702890262679805,0.004089528945071841,0.012764899771169931,0.00823017221521251,0.014689308020871952,-0.003537754880715134,0.004407571165180092,-0.006777539894843984,0.002490687968230036,0.0032619091772607663,0.012628206718299267,0.008383785755267745,-0.0065638793569766755,0.0003141057929652825,0.005223248205709902,-0.012796562609472477,0.005536363408861854,0.004779991360024098,0.003799467743112721,-0.00825349105339531,-0.0056303139753144165
Approach DJ,T_opt,25,10.747162841034758,31,23,1.0,-0.016738698410569925,0.03496710785345944,0.019127968590575074,0.026335443906693002,0.011848772289257688,-0.008875986540683447,0.013633535922544796,-0.0032508323482779555,-0.00235071356341049,0.0017982176548468256,0.027877397743272123,0.022691565882147977,-0.02483995192849615,0.03094628137130868,0.028387841582435454,0.016584914764622496,0.005910186999499955,0.027398972489776158,-0.014697947640389137,-0.008108994403485496,0.027420553997796866,0.00016707853819805676,0.026626755387595603,-0.006689306625546058,-0.007867485412729448,0.0186656481398258,0.007125216810192135,0.022895881182234613,0.013558397234934138,0.016050992670075218,-0.013668694434455208,0.004172644678550329,-0.021430004395464757,-0.011604775515463088,-0.006614315334567675,-0.012151052668706742,0.016960913834336202,0.01991950857446515,0.003802827289740641,0.0041231843566846066,-0.031165160108671534,0.047468433962768536,-0.01076590427583111,0.016096001420602093,0.02074370171287219,-0.012463804100691126,-0.011083324195292446,0.013875306704695398,0.0314661466674622,0.03109637841410902,0.003610760142331033,0.012482939323123093,0.03696464220139467,0.018811331574775634,0.014039843361294524,-0.018222815342481918,-0.020114707274841753,-0.005300120975094804,-0.0014874232764484222,0.014265248533816909,-0.034350939327336856,0.007967373637950774,0.018887932668007108,0.014328548704724072,0.0027337906870914695,0.014230713136269432,0.004665048318016649,0.0028631258272934067,-0.02932641800270739,0.007565569749750437,0.017483144205158334,-0.01697378961209468,0.016667874113260407,-0.01151517391762006,0.01568294559919332,-0.005356209666761031,0.020855981614094864,0.04642241873132786,-0.011812018819182882,-0.017836563296948264,0.0009711268316623188,-0.029341663091989337,-0.004478015404073644,-0.011136218806918282,0.013834797099735265,0.0005727131339778262,0.0075131228704147564,-0.0015577591819298593,-0.0076497081627632585,-0.027131247279872237,0.0201525701137886,0.028428235403866662,0.0047483253185029925,-0.04491610785574101,0.024431741296810357,-0.02377609776451002,-0.0021424176708470105,-0.019189074478810953,-0.006097239516046933,0.0035070276492175983,0.02384208830721054,0.01793793933296315,-0.02372216722338381,-0.018884841951695062,-0.022406683768708323,0.018647494991456612,0.04919420182231048,0.007446496670089022,0.009416277248350608,-0.0022363771699843355,-0.006875886907824435,0.03894205873883332,0.007692029443713975,-0.009811006327731138,-0.004929444089415187,0.05193720196873228,0.050369760022964366,0.046775930746082446,-0.009139129398429766,-0.004115979463070948,-0.023506990725073222,0.030212546867136925,0.008089871408615452,-0.004238690727966054,0.014625456284692601,0.0009872692456002544,0.02408458689193564,-0.020162272553702124,-0.006190889308175745,0.04456351904671347,-0.002343869806567426,-0.001303004931452376,-0.024591268369507438,0.016118688081459737,-0.012515250209101169,0.026281769696384814,0.007739470912166202,0.00018451531774415705,-0.0028915043106567343,-0.02188493075837069
Approach DJ,T_opt,75,26.03448355618109,31,8,1.0,0.009969320428496431,-0.03220209811274412,0.041564193971468794,0.015556859476529603,0.02387633293221604,-0.008647631536676692,-0.005106566513993347,-0.01593361784674742,0.024057159496804658,-0.008247405616079137,-0.010657385105689636,-0.0009593240850507912,-0.006453118251361641,-0.015336198317919872,0.02564526390009423,0.005981825686394032,0.0043607192042419704,0.01638369981365879,0.008406976735240369,-0.008332495411594261,0.00035917855324653423,-0.02095582465578585,0.003721522093010975,0.02030710866996694,-0.013389156092771996,0.007740586836710929,0.017913627517209336,-0.0026714888901206123,0.009531833847978986,-0.03664213938750807,0.005003450610385193,0.009078390192839987,-0.0030062487901398693,-0.003551745257719638,-0.005291271760819362,0.021334100577518514,0.01709161291262864,-0.03027827488386846,0.03155360322134579,-0.005631945784445962,-0.0180672412674051,0.047717200260318046,-0.025578156059019003,0.02353277951540111,-0.01372322743716175,-0.004709067865901079,0.018238700749215776,0.016997330340384316,0.0024608802781140196,0.03681330667266936,-0.006630240875533341,0.02308382946817289,0.0421822579539028,0.057704934584843624,-0.007654181546074655,-0.0007744919674493168,0.022038328812498693,0.007961199411870259,-0.027096659326779026,-0.03263175687624716,-0.001541305971743478,-0.011860332681420208,0.006214538358507739,0.006944903400735473,0.012864785688492144,-0.02117199219979361,0.00708680462711278,-0.0042430646051407174,-0.019538590251391347,-0.004492899649572324,-0.013777290185450153,-0.013229984693515495,-0.008413813694092514,0.02945970857642093,0.034053477233826554,0.016113605699819202,0.0031920455610760503,0.0224152030393364,-0.005627401454283529,-0.027428698784078463,-0.022581780160252998,0.031489702169723875,0.010398063990498144,-0.010737504668653627,0.03266511907361567,-0.0032158503032099447,0.01924043380821688,0.019032129213386654,-0.011744306865440791,0.005705173874597305,-0.007528934865308755,-0.025225371788800792,-0.01824022256518052,-0.02826933396016099,-0.02511243234615774,-0.02340729395502575,0.021982126440703145,-0.010369248275159502,0.013445544187201394,0.03731094700320003,-0.008464003595135322,0.010749314918088938,-0.01905282345998619,-0.030021530857250688,0.0036440937960451913,0.01817851186403594,0.03387444001019553,0.006532462117670986,-0.008478066439700425,0.006641612491621776,0.004042799738108891,-0.003322845868829097,-0.010019460283337911,-0.025690777015178506,0.03580436905681662,0.006313551182580079,0.03215536068360479,0.02843468970703481,-0.008112758155415945,-0.02783784667799116,-0.014142268116213486,-0.0038052597979186327,0.022577500640749183,0.021822492932308802,0.032722972782330974,0.005088991161487207,0.006254416593482831,0.010893064596602445,-0.01053888766546824,-0.01598045158521131,-0.024874616793504997,-0.014476968750500082,0.025200763012749296,0.014561651436624481,-0.009062695742997555,-0.01463506799101228,-0.023467287480329158,-0.013071959843416199,0.00943794560975378,-0.017078883773040607
Approach DJ,T_opt,95,115.40783711313496,31,2,1.0,0.005090891197655775,-0.003721547090720428,0.03299756554758746,0.010701346597140454,0.017561533562282718,0.004587514184501665,0.002327089290067604,-0.020710820801021067,-0.0009034164973043487,-0.004713822722445016,-0.01098709607724212,0.011057751495745711,-0.007696361640735704,0.01521382981767692,-0.004084132843741284,-0.018445086776496127,-0.0010009633197581845,0.012432272765778579,-0.012038622614898737,0.006123073941724794,-0.006388793448848017,-0.007148741038626309,-0.00700381012635196,0.0027808085383366253,-0.0024930572785309027,-0.010146954845858392,0.012722217363797738,0.008302006879466058,0.006614107856251316,-0.011379371838172182,-0.01422936538316869,-0.020081726377370202,-0.018858973327552674,-0.006286719077280164,0.0044644919484593155,0.024572819468244154,0.005358487520204902,-0.0018663885413807845,-0.010201383690442396,-0.00620780672130467,0.013783144981339736,0.019577741613582444,-0.01243496664165438,0.005515264910886945,0.0006834403707961372,0.0003919731729177418,0.0040275341777524865,0.01654516688691792,0.0008055170705559144,0.01947341057456062,-0.007822442009905225,0.010327282687385825,0.02159769470968532,0.0032407615148754166,0.006087777703257161,0.00302843006102114,0.004457144293899032,-0.01385104854838159,-0.008883343874648985,-0.008812531957349138,0.007322475141697791,-0.019245341222318663,0.017676614974915284,-0.002080596600304468,-0.000388780331974165,0.0020614703727139354,-0.0008113006971292638,-0.009143631548963724,-0.001771370674636634,0.0004368859998252947,-0.005294709374230528,0.015166982881640466,0.004314147325532459,0.0022555780115284755,-0.007562077288350194,0.0023291775891240677,0.0005237049675272451,0.0071398500431808926,0.008618928344644113,-0.010787897411388404,-0.017912819484108597,0.0031052130467266324,0.00887627576422382,0.0014701127776513322,0.004357629538101479,-0.005204001099391577,0.04005135054655067,-0.007750393810575167,0.009100773844058848,0.008294955675873404,-0.0035277250345916444,0.0026557525216619263,-0.004723783558740365,-0.011476778476810149,-0.0022281129001397617,-0.015797308679490706,0.01839907430349384,0.007378667818901277,0.01796262929700963,0.005365134266709317,-0.012349610275196468,0.010843007657188349,-0.020080204670137578,-0.006059544506655821,-0.004939402213453078,0.019659630970633713,-0.005924798156916669,-0.010925527636822852,-0.012536529558408047,0.0025905253936891973,-0.01179637443095287,-0.00997079240919606,0.010309453106214141,-0.0178501289512976,-0.0015770151856703528,-0.012123601391881253,0.019358515042327246,-0.006706078406466431,-0.02110471507379428,-0.001248298746840843,0.011740071883475782,0.01776816464551596,0.014666746510113923,-0.007995670625113558,0.014766247132137601,0.013211909534853641,-0.0028837481928403507,0.012714341990226159,-0.01166479698012481,-0.002061257615699889,-0.012403231019702988,0.0025402807050001674,0.0027582218017852753,-0.002107626674505114,-0.001705822772362387,0.003889572434418658,-0.002636939096117519,-0.007643037347706381,0.0043813815295061015,0.00123501374103665
Approach QP,h1,5,0.00228300801414965,31,29,1.0,-0.012793995487875298,0.009464304292037592,0.007621834432489762,0.00810990536407532,0.0034836514261049815,-0.009726899938145843,-0.004805891139034241,0.007174763376598053,0.0024118553587934534,-0.0039152170997639926,0.016172426747747506,0.014544277112797757,0.0059854555291103855,0.013637631358720688,0.008130763957318807,-0.007842542083003216,0.014124316616862968,0.01691017570070129,0.006104564774683791,-0.005474242764222694,0.02068200499859475,-0.005077664543593362,0.006694749791017952,0.016457734218877532,0.01615863822093631,0.015740977555386976,-0.008736189484800184,0.015587871342253834,0.007603376935775563,0.018391598361086604,-0.004714443520647906,0.007860596124191559,-0.00315205100189203,0.0014811858012685056,0.0049374555552754665,0.004065725208193488,0.005841355749543545,0.009933927865537172,0.003801506034866069,0.009732918709809604,0.013445574236793031,0.016787292530607692,-0.0008180570541282769,0.0073220610664088545,-0.0011887440410971433,0.007759944095022312,-0.012821167261002117,0.021889675174671795,0.010957946517494021,0.009364060715629176,0.0003351113559003832,0.004398744613728634,0.00557730039273488,0.011984471364216142,0.014856355170311171,0.008345011678749261,0.014033725842584104,0.013948932365370323,-0.005930402092865221,-0.00224623127924574,-0.02436415097826118,0.00789965492460626,0.020219573917560543,0.009655417076920277,0.013149190037450685,-0.004826911958651505,0.0057758678740045845,-0.008031596481884513,-0.0006923171081797979,-0.005893295792863846,0.01725478355899748,-0.0010217446905971535,0.007470852028276174,0.016882769566096304,0.0017377004239196108,0.02780232512109587,0.029469450601277255,0.010113815513990376,-0.006021268074594577,-0.015924527426871612,0.005147911755013834,-0.016701882131313503,0.008578119388301518,-0.0020831513850238037,0.010843279307476753,0.0082514349499635,-0.003081586049945808,0.007704557203237359,-0.0017468360886305333,0.016823612004802917,0.012001119313703323,0.015773750385961356,0.011037609203780325,0.012688925706084417,0.004371849550428192,-0.004798180046162507,0.004634099289400278,0.005495864291124191,-0.010214015134757823,0.010770004244067934,0.019435648520717292,0.03010786141342918,0.006966403600507649,0.013478267401170075,0.002044317248497735,0.01227471218975704,0.0338620643134549,0.01938667522299171,0.004980308999629149,0.00043312379658296587,-0.015465838566961534,0.022465943318305495,0.022831774553189115,0.012700679437206343,0.004092886435400866,0.02674823004998308,0.019552731543145945,0.013713220714846088,0.014713891584146209,-0.013266494113309543,-0.010262799064938153,0.0073070384534464706,-0.002621022221076314,-0.00899500121108529,0.0010584752665858106,0.005879126470239671,0.008343367472634968,-0.0028640913148580936,0.006558629957318599,0.02945445644979363,-0.021609091965120526,-0.002645797282821473,0.002042199963748098,0.006897883774942207,0.0034171279111116183,0.013493453046227833,0.009057910084730246,0.0039688043354529886,0.0010440030525590942,0.01349218615335785
Approach QP,h1,25,0.0051764142962770505,31,23,1.0,-0.042827171085958474,0.043626037524927476,-0.0007472582236796587,0.00536745634395426,0.0058547213217300335,-0.001238746076331743,-0.0022880621190393656,0.007966640462322665,-0.009565373639790419,-0.03408506045979743,0.025507000528735047,0.032679639202056236,0.002744373727109745,0.028173856573006185,0.005446016773482184,-0.014392400611626714,-0.00811088212453723,0.018490758265265438,0.0029686005098990597,0.009154062493876755,-0.009832961435585175,0.002467723439523779,0.022036934313827194,-0.010462834263902777,0.006828524619025376,-0.007668540160204803,0.03661484286518427,0.016126224664634037,0.009088666099122455,0.030972184955267275,-0.01344229869114048,-0.025345106344985855,-0.02379106742800141,-0.014406005038776277,-0.028953730860793815,0.011464988686347436,0.02787411052493378,0.003801342435317969,-0.00784461373130245,0.006172050876692465,0.008432732028186514,0.00800969160249487,0.010263878016261418,-0.012640918037947646,0.00037950855023714873,-0.00155567739487383,0.00540428557300491,0.016866022901482192,0.0352543462781716,0.00270499853998031,0.0030871201676950216,-0.01620536457102998,-0.002432282181974422,-0.008373690646521412,0.00013911854865007427,-0.009523690730146972,0.006478531297276234,-6.209106200309387e-05,0.0013432731896011096,-0.004124791577741257,-0.022237452039051697,0.013839474793990164,0.03208612443072158,-0.012835945041006998,-0.01443534589541585,0.011613082230073693,-0.005794878053974826,-0.0017597732606303952,-0.012852935495998032,-0.001668031848166551,0.00759839022924804,0.004359018476541515,0.02633043860911702,0.024834138375124513,-0.019540366506664,0.0021088954555828396,0.016572771813206426,0.005663558417351481,0.004828608441240565,-0.005605387662341179,0.008274262923694669,-0.017387142933182886,-0.00121508742877118,0.01953552872494977,0.01871664755892122,-0.004787671043030248,-0.0055315484494081165,-0.012248599264442737,0.01580141869281619,0.03396606280939532,0.0006406450298629421,0.022722144692423254,0.03266726878664743,-0.009458242114391238,0.043594110867522316,-0.01525513804222514,0.007686547262725598,0.0027506402891550696,4.949993133402701e-05,-0.025163333747261027,0.016814211470054706,0.04702297624599422,0.006032534910875357,0.01550209611644469,-0.012018631639820688,0.01655828809192293,0.0018898625584370767,0.02542942891495438,-0.014071914477759025,0.017817400683370253,-0.02294193580962211,0.05964390756759367,0.016495282902629214,0.010438188360788542,-0.03908157672097409,0.013031519579900262,0.004358548294647447,0.013647890679854491,0.005812728781336568,-0.006230052145455908,0.01064301107047565,0.04314657974784271,-0.021754838547772885,-0.043456525155332965,0.005569065073774573,0.01231202057763189,0.015700556718468244,-0.009838128717848341,0.008211782502317414,0.054605670482767904,0.00871313772775999,-0.010154413412225378,0.015350168535875841,-0.006794581547903944,0.01961646723501327,0.03712803602401945,0.02658878680762356,-0.004816037432290491,0.025288282817675763,-0.0030427397202129657
Approach QP,h1,75,0.00967853164164835,31,8,0.9157608695652174,-0.0041748157080459,0.02532006614841088,-0.01368719455548713,-0.0025843329404527464,0.01107239668196525,-0.02309647665240436,-0.0073757887292198385,-0.007318123753872282,0.0011797678747580954,-0.021413946075438138,0.02626933524085393,0.02038528257146887,-0.01575035484968908,-0.007860652681291692,0.03696031523231247,0.013055795312374628,-0.013964577834156711,-0.01045450098123995,-0.0007892728644027908,-0.0188816861798132,-0.01741363881523176,-0.001868051902224194,-0.00939363864127544,-0.01706868101416275,0.003970778915202738,0.0004392681047512355,-0.00772764554398898,-0.0009844784899016642,0.00619656908122796,0.007381061542896016,0.04942430136720599,0.01965382011909416,0.0014355323576003764,0.0035689504897977622,-0.005210262534363272,-0.018621629679850368,0.027189335904432406,-0.015230713767123245,-0.032395776542970336,-0.004712379942772487,-0.0013351429593259035,-0.0006641370279278992,0.008703327528608865,-0.003856272485254639,-0.0038859220744290753,0.015558016073152495,-0.0029942830530841308,0.013376899727987215,0.0415495493469472,-0.0018872303449807735,0.017257004619987356,-0.03237576798145632,-0.013427118695170645,-0.013053144444861524,-0.004040430076089284,0.008655499194225173,-0.004165093293438399,0.03501274571091093,-0.0008455457396181884,-0.012155956821111247,-0.048553587065695646,0.00441183586656555,0.013356279514164095,0.022094536243629847,0.013467370076571773,-0.0017073993257179362,0.0453289295939803,-0.0099015835528885,-0.015622119501759303,0.009236884966206014,0.04713664601049215,0.0007685286917477304,-0.0036691948030486447,0.04605980692316185,0.033828580759413814,-0.011527290721925118,0.01805815026851084,-0.016852305650043444,0.032481286127024736,-0.027722885292319775,0.00672879154445245,-0.00673873309775944,-0.0002344961093110282,-0.005251122325142968,3.6801849171378027e-06,-1.5570532169610244e-05,-0.027315341876481138,-0.021918558748746937,-0.005139546003874186,0.04685725902116711,0.017306924666280855,0.013550627704014178,-0.026879421694688932,-0.009440483453973678,0.0283663825966138,0.002333089088404716,-0.014183018393260508,-0.0063015030823122,-0.006540082920167562,0.03693879715526732,0.005928185089877244,-0.005008981080745213,0.017991541512101906,0.0192315335819369,-0.023964156275951016,-0.0030030739531629273,0.005813660458666455,-0.022420976361360295,0.009449727709226394,-0.0037378406061038733,0.006393702082004913,0.026152194772953035,-0.008414586214295843,0.035225217869194095,-0.016092191100360552,-0.0032684279689288312,-0.01517957254152108,0.0028669986342213585,-0.015011296341828934,-0.014079062030062161,-0.010353662257509359,0.02006788545380168,-0.027343515065303813,-0.02236269651504244,-0.012327362403793124,-0.016287642355049602,0.01570776012815545,-0.009016488235152692,-0.012383617776154758,0.002240506895066125,0.02121125124354676,-0.02468367422549439,0.002950805430227334,0.005747930316981731,0.014581386549984567,0.02175994099582701,0.010155407698146816,0.027095741750171858,0.014980760308296415,-0.00032314376673945027
Approach QP,h1,95,0.0124275886610713,31,2,1.0,-0.003811694394301077,-0.003005010837385825,-0.0019312916630443908,-0.0014673448955354418,0.00905317417298575,0.001139315580534187,-0.014848937412857683,-0.004216289177125195,0.006339606518210787,-0.002213750508012055,-0.007846962548619411,0.004263670730899943,0.004648089794160181,-0.008250743205356325,-0.004718869630191485,0.001291516268498816,-0.006279268880132953,0.003870750774419838,9.516361831835707e-05,-0.006013375641342287,-0.004779832098683431,0.018897598082363274,-0.01773504256443774,0.016398516801975946,-0.009572097174001613,-0.002069191618726111,-0.0055759874532712046,-0.01149845968100776,-0.0017435006421969176,-0.013472762728062838,0.018470211301778026,0.0037937461431788466,0.006271241682549938,-0.010482939665534123,0.0009164176094349752,0.0008546404014411954,0.023760722030608552,-0.011571341112007388,-0.010187796612663124,-0.012231549465529913,0.005227016495222756,3.913930115825423e-05,-0.0012426889905387882,0.007725822140528466,-0.0032266218776318125,0.002796036290730851,0.01881422508458003,-0.0031902106468984135,0.019483670865976164,-0.008000116045306552,0.004844171835073456,-0.006343730358732181,-0.011910389187221423,-0.0026722590024706714,-0.01576802364875021,-0.0023694503451850185,-0.0014816807664681155,0.03851570552395329,-0.001444566539748902,0.008217476142771218,-0.003783951336712845,0.011471029732475347,0.009330780215195357,0.013230306668583984,-0.017868175979886696,-0.002312722810321863,-0.0007253096468281446,-0.0036791903101619635,0.00024034532340525385,0.003591809530873884,-0.002679039514800462,-0.007028247944220102,0.0029402348418993297,0.01954080224129171,0.005359191049893852,0.005946775181276417,0.004486757946837589,-0.015039488250415622,0.017375865043062155,-0.007600169079653453,-0.003502997413158812,0.020731338239537413,-0.0025444340022572013,-0.014880020819981318,0.010880034090978392,-0.013020617217877431,-0.009790142758976373,0.000820301935961174,0.002461118854160365,0.045379142984605464,-0.0018695748424532534,-0.01928953990313098,-0.0006994929425495079,0.007492833020498768,-0.013039516698802718,0.013849389519558018,-0.010488867152880403,-0.006654667232537399,-0.0015654956690472298,0.016280926878726402,-0.007728403227199691,0.004771587135630169,0.0048100310646665475,-0.012780658146378144,0.018095604622244115,0.00540430297329853,-0.010034888622249305,-0.008885212562134951,-0.0040332259284132106,0.0037785728937865695,-0.00823620377102007,0.016722862884631595,-0.01623980316196045,0.00689698728991876,-0.003166421712017258,-0.001353455432389693,0.0023623002234673834,-0.0027620845115937254,-0.01036962605848274,-0.023775790761741945,-0.008333444753729784,0.000445349470323527,-0.005045723584719173,0.002923782938140789,-0.0025630234669175842,-0.009976341222879714,0.013669464323497624,-0.001335613893584013,-0.0011100547062457959,0.006385160516830703,-0.0013280797287184946,0.013153769595446414,0.010245711133607064,-0.009911517118263664,0.01110145578080759,0.008089406248253429,0.004493649361272898,0.0074782671224646055,0.0015490634359770243,0.006832653442883575
Approach QP,h2,5,-0.00034464895866595003,31,29,1.0,0.014437080005665827,0.00221725832621522,-0.005610609455325047,0.0005411666657145423,0.003881542278060174,-0.004423469534202732,-0.02018376772027939,0.007008064113969263,0.012192976800101089,-0.0038327448925639324,0.010569745950178623,0.018174281760359835,0.021041333543197552,-0.009979406306783444,0.012833132346791842,0.024783307684330465,0.01590215675628845,0.012503782521201956,0.013332613262733543,0.007647820616391945,0.023391017451909763,0.009252575228559644,0.01557998124229144,0.002595159408901508,-0.0013570843050868485,0.007766967422334303,0.012864648025815995,0.007673623244518475,0.010079457197217935,0.017457599346497463,0.00464189294483392,-0.01651863030222486,0.010865707397355547,0.013425137734804984,0.00785968500178606,0.009908755509563197,-0.0038575407544912516,0.0031923174674418973,-0.011108639481960024,0.018494395617488394,0.017242616408217698,0.022363456697359084,-0.002010395306482219,0.0025973147586370914,0.004029346512459708,0.0026131859721100856,0.020005380677753502,0.010161135881836479,0.011617585429536751,-0.016439544933112827,0.002595497408103967,0.012818734242063154,-0.0047600028121421245,0.004627507051989838,0.010685729272622338,0.01588332331527665,0.022900346162320867,7.863630221876776e-05,-0.0007873537213644022,0.0022059467751129784,0.012418441234017233,0.005125475310653703,0.013719609980187543,0.018073170951789133,0.008685681390675881,0.015687950892073706,-0.0024377413973306282,-0.021261292414159073,0.014242804290160227,0.00780511785251405,0.00017969482443403015,0.006971662787390275,0.0013740066718606098,0.006428282997488001,0.016490851754742485,0.026319012416034394,0.010178464279609136,0.005049986347316675,0.0015649914526171213,0.004910812816662696,-0.001380401958690007,0.010461325702887807,0.01606789450354763,0.007718992032814291,-0.003555419757013702,-0.011488903259423497,-0.0025764050433512834,0.011607370328921313,0.010676347154966242,0.013464584658145448,-0.00700730727863384,0.022024665928826445,9.874021584012804e-05,0.008301797387545315,0.022852321897813162,0.011038837697423165,0.018328697201661606,0.001060147707171803,0.005362779629698191,-0.010087748624609169,0.011907431426931668,0.014146255396705477,-0.019723218304733257,-0.0036689829535462093,0.022876138287925483,-0.003049437079080704,0.016832987425608858,-0.013706884608839249,-0.0005322401940928204,0.002590448053422986,0.005486024997039831,0.02261719530257924,0.015133913810861786,0.00794946570299,0.007899134435871326,0.005998289146480181,0.027044852333491607,0.014074782510821332,0.0012602224434332357,-0.003455942870319196,0.009669353192053956,-0.00033927898378458585,0.003752933753707804,0.002027447877783491,0.012270436213926787,0.004197255897176218,0.005269067118490908,0.01048218721840542,0.003729545754933444,-0.017930486924366704,0.004180342322362052,-0.0029464524286145124,0.01204640045189094,-0.0003083610776740981,0.022845433861535744,-0.03246210386282094,0.02199788230852834,0.0008530629652881653,0.006157788718718775,0.009337338240309386
Approach QP,h2,25,-0.00028596653145925,31,23,1.0,0.040062633647127116,-0.030257540176158646,0.010275863751205145,0.011730206602509861,0.013507407768998177,0.009240282513357496,-0.011116588224548899,-0.005690349343334294,0.006133848616780959,0.01796818670879087,-0.03243228913164631,0.010476744785628761,0.00413153365421309,-0.01852252871222517,0.012854868139394909,0.05022267718867286,-0.0005750308832352262,0.01661901346633343,-0.008013715591234516,-0.0028521041308174917,0.03790490469811015,0.039748819451748234,-0.020140471806067282,0.0025132689671871606,-0.003433258805706915,0.0046933690952735115,0.004864481638010114,-0.006937163045992469,-0.0154226822224645,-0.04208619473361695,0.028309072357475255,-0.0011785959760553229,0.017166551506703882,0.014279578633677695,-0.03186017766292511,0.029846877791533586,0.022224313576989382,-0.016364085821322517,0.012975185918201917,0.023196206776017116,0.0026380446485480143,0.05221197676150826,-0.006746999406543068,0.019241811222204985,0.005484038099481593,-0.0020219877583367374,0.015338297585997172,-0.00867420173479355,0.0009788280094926367,0.001375643079071331,-0.007141791514418857,0.010419486470599062,0.006052990203159178,0.01727238961205578,-0.021029334269183738,0.027689103447061218,-0.0067076619025187205,0.005450757904890422,-0.008263604659544083,0.01748125874270188,0.017458651631723204,-0.002534606704476848,0.017851559921825102,0.01649261122104934,-0.01668680356255271,-0.020480302761124877,-0.025179268561533266,-0.02882476743855425,0.010053584647414945,0.009416954879512246,-0.03741947534083308,0.009068681793406681,0.022022169304758567,-0.009730745429868988,0.02888500703454448,0.03770060404891775,0.01362451219513494,0.017662957328246884,-0.0009841343942858986,0.009238697240780547,0.0212120683142584,0.06164278461517028,0.026588944199944706,0.006795839094283065,-0.002052964248633771,-0.0005046430275314493,0.001059045335241566,0.04793526781193779,-0.025096448694195594,0.0013913918938999565,0.0021142237925415083,0.0004491042851872005,0.024221016380710503,0.00035437375596735827,0.003999096106169897,0.026280531113115926,-0.0038050561525146244,0.021204353303560804,-0.008912089244607702,0.022924988519081865,0.009778444447354595,0.0025205792775036618,-0.02146313492391741,-0.027150999224513504,0.03795031904487953,-0.008275804618390455,-0.0007909708997132615,-0.011464613258890428,0.0013189525665726085,-0.008775678966717966,-0.014485639116643004,-0.0051894766822349345,-0.012659278541587335,0.0065533420943246325,0.023987123718416308,0.011620745043216033,0.017771850414215723,-0.010288598445408982,-0.011383228554020974,-0.022246215034227485,-0.00198428031804427,0.0035253567741557793,0.03937963890748971,0.031538770661831445,0.03228861872410943,0.007836511514381018,0.008980972886944232,0.037468990850904924,-0.011640788708145616,-0.0028722520286203375,-0.004020750963029753,0.01506247367725977,0.024399768446694704,0.0033392122398830655,0.022719776837143206,-0.022653541179521376,0.002657925878068643,-0.005504365191166919,0.032547763082656056,0.004468257956483343
Approach QP,h2,75,-0.00011041240809455,31,8,1.0,0.018802655684450584,-0.04044228474328453,0.04061991675845145,0.016948145077903543,0.0014473498931040082,0.014157288051584569,-0.005342796994076822,-0.037251170676867736,0.02581632269961817,0.0022060807281448916,-0.018176055245685163,-0.012529629770384127,-0.01604669387755238,-0.015070853334597841,0.002628824797851918,-0.008316223262358624,0.004700706864808335,0.017708338363241923,0.011517413099378017,-0.0031765741706517993,0.004074904177740645,-0.029355200392731186,0.00028330933075516694,-0.004600574129180255,0.0027215385093891046,-0.012815740252277611,0.03376305280275186,0.008855894708591803,0.008901374914766176,-0.05251231840797875,-0.010357660995344858,-0.004898054971258108,-0.016455543127018208,-0.005739547695969558,-0.006871445344331177,0.022304638679523058,-0.01366231123590325,-0.022287886150171382,0.0326944965947396,0.0019752122562455136,-0.012551941604501628,0.02080770216794956,-0.008162197274282615,0.0065057227858722,-0.018147423225105146,0.02680720990477739,0.02468764728533538,0.022646513161732006,-0.011066774779625416,0.025835643038642664,0.009958470955137856,0.05127448292674742,0.05407508963647888,0.04684283034177223,-0.005857295709009826,0.005187600169387592,0.038829087489318646,-0.006553867158243428,-0.0192386039055957,-0.017409061390092285,0.03616111036549476,-0.007238803894065675,-0.000784151005627498,-0.004142537322821507,-0.001309807387816395,-0.004192864429282733,-0.012997575910687715,-0.0005784356426111758,-0.009052348234132689,-0.002391919978456219,-0.01803466375807128,-0.005624178852864154,-0.006068123608625531,0.0030074690786856136,0.015108880589194356,0.004119396459966467,-0.005444579748835397,0.015716473328214547,0.004681015368915174,-0.0061341946298828715,-0.029758434872726152,0.05184058382243686,0.009849359578900608,0.0056093435839025,0.005271989625839693,0.01375758539737965,0.036914591034567464,0.024296205927992,-0.010569724879055654,-0.008025157578956093,-0.00727199732354818,-0.026864356647287185,0.0015036999896392603,-0.013297808738334955,-0.022137836191256813,-0.007677976902977267,0.015261406489829788,-0.0061217435793630565,0.04156257926491814,-0.0015533446190322926,-0.0027877789934160377,0.0010479220173594222,-0.007544213738653946,-0.0263347117645636,0.013057504600895158,0.028586704084352613,0.004562484456779741,0.002262898845705708,5.8435964015772223e-05,-0.019546069339410117,0.005187696278076962,-0.04517914928025039,0.012932772009525317,-0.037228520539070546,0.01716472000629608,-0.007697279958098633,0.02455421692809462,-0.0029171185577285814,-0.013710933856161615,0.01959685793787419,-0.0026744733378762883,0.001912467889989759,0.044651213527025946,0.02896189239647134,0.05096455208598849,0.006975617724099944,-0.002248222580284797,0.02390050583940935,-0.013409732207852276,-0.027264342442379564,-0.007239509618847717,0.008893019804134511,0.016000544357187594,0.024313847043808935,0.012862096835020122,-0.010085524774080602,-0.021592955595294366,-0.01074360015185852,0.006444278662174969,-0.014061274141027041
Approach QP,h2,95,-3.2891235965296694e-05,31,2,1.0,-0.0014674644526610138,-0.014774632151297235,0.014333038194792539,0.004628335938770332,-0.006481970024655212,-0.005010866458455671,-0.005675110350728381,-0.0031465153355882945,0.0016661748271387306,-0.002192555984901071,-0.01190130625953023,-0.016808183094159504,-0.00022474218489891418,-0.015791741930461692,-0.019087825863008494,0.009682345322099412,-0.004145885172078495,-0.0019558538338737834,0.012269654169006428,-0.005813466732634785,0.004347330275336648,-0.00951544330914354,-0.009398261625240193,-0.006137227548570162,0.032788888468388455,-0.006773829397523597,-0.00162053540537207,-0.004074233720894084,-0.0024027559620821244,-0.022347864557750004,-0.00608834013429685,-0.006758195238358117,0.0022568308928978226,0.01470456623989913,-0.00795382472268636,-0.0006540458651801067,-0.0030732325401234793,-0.008708660857016888,0.03445435870867346,0.006790088556435032,-0.00259943452101687,-0.01563835354566989,0.010278597073552732,0.0031674532627929248,-0.00587330273994145,0.02843918299830692,0.0022938810077680334,0.002557290691098552,-0.006616691616452183,-0.0037048513149551283,0.023479098041614795,0.015844221291436082,-0.00900860343178616,0.002979551965270035,-0.005852714166788543,0.007577951845700705,0.014492082540299815,0.0029616660332549053,-0.00541256157944096,-0.0015665013971317163,-0.007708931729602481,0.023323343926880683,0.0002252168204143411,-0.003235195279516419,-0.006724110835200162,-0.0007508318251603906,0.013140990134738295,0.0032398319491275225,-0.002750372563027937,-0.006155939559856451,-0.0023289815423585096,-0.002157863684034141,-0.00801894446875705,-0.003075360285276981,0.007564686832366029,-0.004047768494102675,-0.00993256030455973,0.004153636863534236,0.004228150863472545,-0.006447792746819561,-0.014881399203991934,0.020937163653747044,-0.015548231062443841,0.006013241768869326,0.003338523791522636,0.0069879221587632245,-0.011085266464876082,0.015579047552908672,-0.007100921045987549,0.00418622110563423,0.0034522242786601486,-0.020217930038867904,0.012655381334511566,0.0016527821040017623,-0.002109713048081486,0.0034907787940514465,-0.008636305071537545,-0.00499593681896607,0.030606634596656777,0.011615311664906884,0.006502644008578265,-0.004661058429056298,0.01621537771757877,-0.003813902160084491,0.018434273288161482,0.019738045796052206,0.0006757667420405595,0.013708827159851783,-0.003152911747168155,-0.003326928084992901,0.007670906613856477,-0.016201147703844718,0.007682707198090961,-0.010185760414711552,0.012455005159114263,-0.011866641261393073,-0.01203216862548519,0.0009506367323120957,0.0059711671017302825,0.001440253203461792,0.005025674496011265,0.0008006919802664944,0.0034562531926229834,0.006409839831112691,0.02040760728202257,-0.005070918395206989,0.0029951241605315,0.018392730625427525,-8.321619937345817e-05,-0.02621147528660121,0.0017272083695667269,-0.004622944932293005,0.003807737630546635,0.010053260172348847,0.0027571393077684067,-0.01302502909863751,-0.011873273255356252,-0.005434712290669742,0.012303507243004753,0.006104458908175791
Approach QP,T_opt,5,7.6732585354004,31,29,1.0,-0.012793995487875298,0.009464304292037592,0.007621834432489762,0.00810990536407532,0.0034836514261049815,-0.009726899938145843,-0.004805891139034241,0.007174763376598053,0.0024118553587934534,-0.0039152170997639926,0.016172426747747506,0.014544277112797757,0.0059854555291103855,0.013637631358720688,0.008130763957318807,-0.007842542083003216,0.014124316616862968,0.01691017570070129,0.006104564774683791,-0.005474242764222694,0.02068200499859475,-0.005077664543593362,0.006694749791017952,0.016457734218877532,0.01615863822093631,0.015740977555386976,-0.008736189484800184,0.015587871342253834,0.007603376935775563,0.018391598361086604,-0.004714443520647906,0.007860596124191559,-0.00315205100189203,0.0014811858012685056,0.0049374555552754665,0.004065725208193488,0.005841355749543545,0.009933927865537172,0.003801506034866069,0.009732918709809604,0.013445574236793031,0.016787292530607692,-0.0008180570541282769,0.0073220610664088545,-0.0011887440410971433,0.007759944095022312,-0.012821167261002117,0.021889675174671795,0.010957946517494021,0.009364060715629176,0.0003351113559003832,0.004398744613728634,0.00557730039273488,0.011984471364216142,0.014856355170311171,0.008345011678749261,0.014033725842584104,0.013948932365370323,-0.005930402092865221,-0.00224623127924574,-0.02436415097826118,0.00789965492460626,0.020219573917560543,0.009655417076920277,0.013149190037450685,-0.004826911958651505,0.0057758678740045845,-0.008031596481884513,-0.0006923171081797979,-0.005893295792863846,0.01725478355899748,-0.0010217446905971535,0.007470852028276174,0.016882769566096304,0.0017377004239196108,0.02780232512109587,0.029469450601277255,0.010113815513990376,-0.006021268074594577,-0.015924527426871612,0.005147911755013834,-0.016701882131313503,0.008578119388301518,-0.0020831513850238037,0.010843279307476753,0.0082514349499635,-0.003081586049945808,0.007704557203237359,-0.0017468360886305333,0.016823612004802917,0.012001119313703323,0.015773750385961356,0.011037609203780325,0.012688925706084417,0.004371849550428192,-0.004798180046162507,0.004634099289400278,0.005495864291124191,-0.010214015134757823,0.010770004244067934,0.019435648520717292,0.03010786141342918,0.006966403600507649,0.013478267401170075,0.002044317248497735,0.01227471218975704,0.0338620643134549,0.01938667522299171,0.004980308999629149,0.00043312379658296587,-0.015465838566961534,0.022465943318305495,0.022831774553189115,0.012700679437206343,0.004092886435400866,0.02674823004998308,0.019552731543145945,0.013713220714846088,0.014713891584146209,-0.013266494113309543,-0.010262799064938153,0.0073070384534464706,-0.002621022221076314,-0.00899500121108529,0.0010584752665858106,0.005879126470239671,0.008343367472634968,-0.0028640913148580936,0.006558629957318599,0.02945445644979363,-0.021609091965120526,-0.002645797282821473,0.002042199963748098,0.006897883774942207,0.0034171279111116183,0.013493453046227833,0.009057910084730246,0.0039688043354529886,0.0010440030525590942,0.01349218615335785
Approach QP,T_opt,25,12.056853555025548,31,23,1.0,0.0075553387894030655,0.007515932704986627,0.016074270926956184,0.014950978045173532,0.013896497173394829,-0.002341337804483664,-0.006210893600756648,-0.007339610843955743,0.007647121766770869,-0.011979531967504363,-0.003485810574990533,0.005401028378918225,0.012372413378361962,0.024729387589448967,0.026102524201573767,0.016666042448596347,-0.012958914434857888,0.013635764351443277,-0.00822156074023185,-0.012907115305617231,0.024916803128866766,0.014824595909677687,-8.045467226157024e-05,-0.02702069850335036,0.005559815143295649,0.010696652010735937,-0.005369441149169667,0.013212048690039101,0.011405363158726742,-0.0169323678191792,0.018552313992758057,0.0014024573515232807,-0.02147112491048804,-0.016840580506006488,-0.014337866961011695,-0.0016566713953303765,0.033120487792800336,-0.0032904283646073918,-0.009770583140174977,-0.004542785412648987,-0.01914129047151361,0.034656550939101964,0.004876324250219559,0.0030125155054726684,-0.004062666372107944,0.020299524850613048,-0.006445644593587701,0.007344817081729062,0.03606807196586931,0.007449899275586029,0.023053412242847043,0.022771600959461968,0.0024666086306555767,0.006953647223553322,-0.017378908886495164,-0.0077772479013421296,0.0020864642813969345,0.027430938169964843,-0.024507892759698474,0.0031540811026350493,-0.0506882265280616,0.032960949614518745,0.03703954080037102,0.03523327803303935,0.005484763443521068,0.00017599281157000085,0.017760647029298096,-0.020254748688339187,-0.026909338108318335,-0.01077601808998281,0.0026517173199061797,-0.007166432744325835,0.0141184542212489,0.01382058003136561,0.012543460596459305,0.019393655829628157,0.045145046462360484,0.02282033977981844,0.012322691411474301,-0.02675067898671495,0.018001185316658456,0.007666018508200495,0.018535143448883018,-0.026181566742995977,-0.000838861969349017,0.001201138935139073,-0.002038761997558672,0.022641640431784266,-0.008687552328309507,0.022507223040448665,0.027572084370741295,0.010598971654180602,0.007598669823141984,-0.002043961436689004,0.0024372676699225835,0.02897340945045877,-0.013622602035773418,0.014476186893504467,0.003933769247501043,0.017089142900312573,0.02818960648133405,0.023979351429804698,-0.006930927165640571,-0.03359317585416434,0.003704343511190793,0.0015473028948282833,0.03491331380799075,-0.023849478607573107,0.027552182515104547,-0.003566113423415861,-0.00518028492142213,0.02026124791473385,8.750264121969323e-05,0.012760946035960855,-0.0022515718418542768,0.004804848461556151,0.03827661984676286,0.001207155931488633,-0.010796125767407648,-0.03056098484119362,-0.01002793769488578,0.003155511689758914,0.017381251961451925,-0.006531845934873709,0.03189631036888809,0.0027732515021634666,0.02948311057699946,0.00923437361577974,-0.020584656057634244,0.0063822359611814365,-0.030836649578289736,0.01725006892405609,0.008628549245881894,0.013780113590478024,0.0026101412884240757,0.015098027477424083,0.012247796689182695,0.024421946205747995,0.007306315416806076,-0.009731944443240027
Approach QP,T_opt,75,28.697894517485302,31,8,1.0,0.006604703926792951,-0.03865356768643351,0.04509433228284558,0.02559609316450009,0.011857752426998009,-0.008531074387519154,-0.005846220342251896,-0.0019994942476136497,0.023525916019141703,-0.009282441224509875,-0.02266878211449099,-0.018246869873528193,0.005949381772174702,-0.030388460149814295,0.0010741747415098355,-0.004603266067810999,-0.007114519263881459,0.008749666922283458,0.0042413001010543055,-0.009889194719913574,-0.006181827618441867,-0.0318000063770937,-0.017683148723997493,0.004127455280764065,0.014029833431560272,-0.026715280575947072,0.025229710823617656,-0.0029885597440955937,0.004599829523039551,-0.041633463565914984,0.011014786031955902,0.00904678553660204,-0.001998560415036414,-0.002901531557796778,-0.020740276150545314,0.013154546514374492,0.018635564505637414,-0.03693713865046097,0.04592429042213488,0.002695941609363879,-0.00857408362831833,0.020450065812078897,-0.020179069253209718,0.018415219411126192,-0.008055087773713106,0.01655853938866871,0.02931977696725543,0.02061173653422008,-0.004755323130736854,0.02840521650054486,-0.007613285482168646,0.018558598794347413,0.028225154858786135,0.04425431215645144,-0.014325327650738516,0.01919086999217106,0.026860845726064973,-0.0011283124470199293,-0.011093136992068806,-0.03391444113298294,-0.00041330880005790847,0.008827289397122764,0.0050152021779703414,-0.005719995015419106,0.012122717017679446,-0.02581930090320642,0.011476713471824612,-0.011033027518802613,-0.022296222963252017,-0.010816294481274817,-0.012924969316434639,0.0025899473920209617,-0.01745252622521005,0.041512850327399625,0.009593583815233363,0.012006917000581575,0.014895389759890599,0.011792675419233404,-0.002229672254793602,-0.01997412354517949,-0.029203503554487115,0.037316083311373906,0.00748602332577813,0.005793022332380702,0.023667039488223966,0.0019598407781737876,0.005955250116202225,0.02719646061705567,-0.005054027889453823,0.01221557764044017,0.002964440352350448,-0.030450906926660283,0.01181544702812022,-0.019544889481908616,-0.0033243708172178304,-0.009900678024644501,0.0245196851929168,-0.002590115180195583,0.033818390467216235,0.027685597291605944,-0.0008777593052137212,0.004126499611931611,0.001449127051553228,-0.014816940226271872,0.01299119050569104,0.04146407050439179,0.012466423242786087,0.015962904189430395,-0.020425269610877976,0.0066095618111602595,0.0014635419075410977,-0.011640120653850805,0.001438047843248938,-0.021875152475245692,0.03045188789963503,0.0014458083764847724,-0.00015854281120497384,0.027862123089824997,-0.01254975750270316,-0.0207018160904095,0.003034112318559109,0.008095782291862181,0.0037554744609810064,0.02124672438727163,0.04276934172375953,0.0051936401690025205,0.003857660211546839,0.01746328344826935,-0.012041739973059873,-0.022100230536645216,-0.017972401072095374,-0.023926735025411334,0.03932386980750458,0.005212347117283421,0.0008232120426431398,-0.025254444308178244,-0.020016966486591924,-0.024918266588231444,0.033982760696551303,-0.011794175634484465
Approach QP,T_opt,95,71.65653735837786,31,2,1.0,-0.0014674644526610138,-0.014774632151297235,0.014333038194792539,0.004628335938770332,-0.006481970024655212,-0.005010866458455671,-0.005675110350728381,-0.0031465153355882945,0.0016661748271387306,-0.002192555984901071,-0.01190130625953023,-0.016808183094159504,-0.00022474218489891418,-0.015791741930461692,-0.019087825863008494,0.009682345322099412,-0.004145885172078495,-0.0019558538338737834,0.012269654169006428,-0.005813466732634785,0.004347330275336648,-0.00951544330914354,-0.009398261625240193,-0.006137227548570162,0.032788888468388455,-0.006773829397523597,-0.00162053540537207,-0.004074233720894084,-0.0024027559620821244,-0.022347864557750004,-0.00608834013429685,-0.006758195238358117,0.0022568308928978226,0.01470456623989913,-0.00795382472268636,-0.0006540458651801067,-0.0030732325401234793,-0.008708660857016888,0.03445435870867346,0.006790088556435032,-0.00259943452101687,-0.01563835354566989,0.010278597073552732,0.0031674532627929248,-0.00587330273994145,0.02843918299830692,0.0022938810077680334,0.002557290691098552,-0.006616691616452183,-0.0037048513149551283,0.023479098041614795,0.015844221291436082,-0.00900860343178616,0.002979551965270035,-0.005852714166788543,0.007577951845700705,0.014492082540299815,0.0029616660332549053,-0.00541256157944096,-0.0015665013971317163,-0.007708931729602481,0.023323343926880683,0.0002252168204143411,-0.003235195279516419,-0.006724110835200162,-0.0007508318251603906,0.013140990134738295,0.0032398319491275225,-0.002750372563027937,-0.006155939559856451,-0.0023289815423585096,-0.002157863684034141,-0.00801894446875705,-0.003075360285276981,0.007564686832366029,-0.004047768494102675,-0.00993256030455973,0.004153636863534236,0.004228150863472545,-0.006447792746819561,-0.014881399203991934,0.020937163653747044,-0.015548231062443841,0.006013241768869326,0.003338523791522636,0.0069879221587632245,-0.011085266464876082,0.015579047552908672,-0.007100921045987549,0.00418622110563423,0.0034522242786601486,-0.020217930038867904,0.012655381334511566,0.0016527821040017623,-0.002109713048081486,0.0034907787940514465,-0.008636305071537545,-0.00499593681896607,0.030606634596656777,0.011615311664906884,0.006502644008578265,-0.004661058429056298,0.01621537771757877,-0.003813902160084491,0.018434273288161482,0.019738045796052206,0.0006757667420405595,0.013708827159851783,-0.003152911747168155,-0.003326928084992901,0.007670906613856477,-0.016201147703844718,0.007682707198090961,-0.010185760414711552,0.012455005159114263,-0.011866641261393073,-0.01203216862548519,0.0009506367323120957,0.0059711671017302825,0.001440253203461792,0.005025674496011265,0.0008006919802664944,0.0034562531926229834,0.006409839831112691,0.02040760728202257,-0.005070918395206989,0.0029951241605315,0.018392730625427525,-8.321619937345817e-05,-0.02621147528660121,0.0017272083695667269,-0.004622944932293005,0.003807737630546635,0.010053260172348847,0.0027571393077684067,-0.01302502909863751,-0.011873273255356252,-0.005434712290669742,0.012303507243004753,0.006104458908175791
Approach QL,h1,5,0.00341684348567845,31,29,1.0,-0.012793995487875298,0.009464304292037592,0.007621834432489762,0.00810990536407532,0.0034836514261049815,-0.009726899938145843,-0.004805891139034241,0.007174763376598053,0.0024118553587934534,-0.0039152170997639926,0.016172426747747506,0.014544277112797757,0.0059854555291103855,0.013637631358720688,0.008130763957318807,-0.007842542083003216,0.014124316616862968,0.01691017570070129,0.006104564774683791,-0.005474242764222694,0.02068200499859475,-0.005077664543593362,0.006694749791017952,0.016457734218877532,0.01615863822093631,0.015740977555386976,-0.008736189484800184,0.015587871342253834,0.007603376935775563,0.018391598361086604,-0.004714443520647906,0.007860596124191559,-0.00315205100189203,0.0014811858012685056,0.0049374555552754665,0.004065725208193488,0.005841355749543545,0.009933927865537172,0.003801506034866069,0.009732918709809604,0.013445574236793031,0.016787292530607692,-0.0008180570541282769,0.0073220610664088545,-0.0011887440410971433,0.007759944095022312,-0.012821167261002117,0.021889675174671795,0.010957946517494021,0.009364060715629176,0.0003351113559003832,0.004398744613728634,0.00557730039273488,0.011984471364216142,0.014856355170311171,0.008345011678749261,0.014033725842584104,0.013948932365370323,-0.005930402092865221,-0.00224623127924574,-0.02436415097826118,0.00789965492460626,0.020219573917560543,0.009655417076920277,0.013149190037450685,-0.004826911958651505,0.0057758678740045845,-0.008031596481884513,-0.0006923171081797979,-0.005893295792863846,0.01725478355899748,-0.0010217446905971535,0.007470852028276174,0.016882769566096304,0.0017377004239196108,0.02780232512109587,0.029469450601277255,0.010113815513990376,-0.006021268074594577,-0.015924527426871612,0.005147911755013834,-0.016701882131313503,0.008578119388301518,-0.0020831513850238037,0.010843279307476753,0.0082514349499635,-0.003081586049945808,0.007704557203237359,-0.0017468360886305333,0.016823612004802917,0.012001119313703323,0.015773750385961356,0.011037609203780325,0.012688925706084417,0.004371849550428192,-0.004798180046162507,0.004634099289400278,0.005495864291124191,-0.010214015134757823,0.010770004244067934,0.019435648520717292,0.03010786141342918,0.006966403600507649,0.013478267401170075,0.002044317248497735,0.01227471218975704,0.0338620643134549,0.01938667522299171,0.004980308999629149,0.00043312379658296587,-0.015465838566961534,0.022465943318305495,0.022831774553189115,0.012700679437206343,0.004092886435400866,0.02674823004998308,0.019552731543145945,0.013713220714846088,0.014713891584146209,-0.013266494113309543,-0.010262799064938153,0.0073070384534464706,-0.002621022221076314,-0.00899500121108529,0.0010584752665858106,0.005879126470239671,0.008343367472634968,-0.0028640913148580936,0.006558629957318599,0.02945445644979363,-0.021609091965120526,-0.002645797282821473,0.002042199963748098,0.006897883774942207,0.0034171279111116183,0.013493453046227833,0.009057910084730246,0.0039688043354529886,0.0010440030525590942,0.01349218615335785
Approach QL,h1,25,0.00670817703109135,31,23,1.0,-0.02620155338109574,0.0413469565077582,-0.03271814202514231,-0.005879725135615696,-0.0033923989386226926,0.003611704214601475,0.005964907877932657,0.030404250779974752,0.0012899578863650473,-0.016094101077608308,0.03126062188118894,0.007959824714471212,0.021738649696392876,0.004598874300844006,-0.006258974237292161,-0.017915037134743145,-0.013062467619042702,-0.0013690622231017897,-0.009512713690073537,0.0012054974326284223,-0.015505281924263288,-0.0010872763899577632,0.01860679722794574,0.002351195108658854,0.00713787452016691,0.014687659824623648,-0.013580831210121944,-0.0017982257328878284,0.013815328182468336,0.038693474981542915,0.0012820744317364218,-0.009827148715052048,-0.013245751299074605,0.00918363220965426,-0.01053048581838307,-0.0073647854709391935,0.03618131500978037,0.002657650034045285,-0.014177079982160362,0.013898644366117464,-0.004976123438349449,-0.014267210283500137,0.014233034534036406,-0.03831434505432168,0.0011737671469121244,-0.002004661947523203,0.00024982507086103185,0.017687928748816202,0.035613101943505795,-0.0035270595000923308,0.0006589389857042303,-0.02898122871855843,0.0009737436195350349,0.0021337112966011247,0.011011989933821336,0.010485505290526628,-0.00697531410860265,0.004978706457182506,-7.721985141802721e-05,-0.02030739397614444,-0.056856434803413014,0.02484185095791904,0.044868725967243506,-0.008323306485116299,0.0039598273781852765,-0.005765496713166163,0.010237017995699132,0.0006158248158734341,-0.016095985751131036,-0.0009177654747254592,0.008408919666316973,0.008282457253806507,0.026052069496461563,0.032067506549909794,-0.03409764997874495,0.005072740464666712,0.04529054529945449,-0.015866119300480687,0.008108230226290123,-0.002935867068092991,0.03221410490254796,-0.0031890141870410935,-0.01669499730039756,-0.01935459978112224,0.012454005874231898,0.006518731321678102,-0.0008389252846480159,-0.004735414593942206,-0.0008047200670693762,0.044338065309490866,0.01237729759196972,0.02140350231371007,0.02251002666914142,0.04163105234506555,0.03494410937138856,0.002519084059833459,0.007641983846825628,0.017419473429875078,-0.036800300527919834,-0.02042206902727956,0.017974260723149994,0.03646041881210773,0.03241324400555829,0.011972869645693492,-0.01594410150639232,-0.013785584384763296,0.018345938114595624,0.029727293659349806,0.004743277783765024,0.02964183039587521,-0.02514177831547241,0.056639193601193794,0.018277011748760175,0.041088632548640196,-0.019242556974954753,0.026610667999058996,-0.0175138754566962,0.03206909657685111,0.02911927858707214,0.0037625701228907985,-0.0007448901116801001,-0.007574076673515202,-0.019779908577986713,-0.025770464612028452,-0.004070107465595988,0.004912317975881573,0.019995837036621483,0.009478236198838455,-0.0005487651715864668,0.03166187415517494,-0.01241972338428052,-0.014198523944709432,0.02621023470892181,-0.011826467689653371,0.012717256371874042,0.018103617400207085,0.010599455939694923,0.01418952156852286,0.031953207215638824,0.009243653574171309
Approach QL,h1,75,0.01231815001399665,31,8,0.9157608695652174,0.0009709333562801948,0.019432725123264147,-0.0002523306659782442,0.015686467828456972,0.041384507820221,-0.01701243543623257,-0.002149708493705691,-0.013637328018574509,-0.012989776670816277,-0.021182129519951427,-0.0004703500059575737,0.009624876903817374,-0.007758661388499546,0.0016139401035353813,0.019377756154928896,-0.0024201501520878296,-0.016186139266372815,0.0014207800050604253,0.0003325787258508832,-0.012261584255799988,-0.011013032074474294,-0.0035050367305157052,-0.0040936542918372,0.013068922593269071,-0.003234958718538232,0.00517388139642552,-0.021860785181872632,-0.00515307772378233,0.01946957159756479,-0.0072415829378155334,0.02905967915064158,-0.0066082681000938495,-0.02922790602478906,-0.009253815625013184,-0.011681829081669377,0.006679211463132296,0.046211362846371895,-0.016040365486863897,-0.00797172693828487,0.008981832054897035,-0.0007352143874073836,0.0025074715528539022,0.0033053892875160957,-0.005515314020083603,0.019462627453995605,0.024476851795641616,0.018204228238127073,0.024790705250311167,0.036614465717126524,0.03311674288929152,0.009603082893458462,-0.037744948274956856,0.00916327629788858,0.011068684141825822,-0.010840034388842056,0.00453304340443711,-0.0022942300042134004,0.028967348956162976,-0.017527254775170836,-0.016518474756520966,-0.03217561248208974,-0.011147951016831588,0.024609197110106864,0.020443489826664246,0.014964656521385096,-0.005189634389089631,0.022506640580250977,-0.010343082785890807,-0.025123560407221454,0.0179384454075254,0.03709673940118549,-0.0013989180557211279,0.003220486201283026,0.04705827974783076,0.0155548680233375,-0.00940716385790038,0.014429301227277725,-0.015494597319249622,0.03880527281808078,-0.028543790485723815,-0.006381557404477838,0.029632746765177458,-0.020323059444731097,-0.01606956217711267,0.02852962764179575,-0.02014566449813466,0.005075704637122776,-0.024258191222954317,-0.008637595531011812,0.049871681173252205,-0.004820472157587478,8.736073434918853e-05,-0.015081652117149312,0.0009912501866710134,0.012485933315591002,-0.01067690026647866,-0.0005800216942529506,-0.017232810331644782,-0.017715269765589573,0.007942522087775029,-0.011951668185155135,-0.002658639243821182,-0.028041317733968597,-0.007841391966578914,-0.021988183512648814,0.024876938356014195,-0.006873491108223863,0.028860339308707475,-0.020535335990913766,0.010079410187530216,-0.008814569739566,0.02805607471771347,0.0024192478160536077,0.00937562636343129,0.0044497811642780745,-0.007886799670628,0.00014189357083172735,0.024313284197122614,-0.02088220925542322,-0.017094817073387877,-0.015474829557029897,-0.014522061382753162,-0.01922943790741582,-0.009784416762069256,0.00393551171407016,0.001610034729189749,0.013288310707773678,0.012425816413887592,-0.01748394997967692,-0.005200648450258019,0.024664863774267045,-0.022663857899765237,0.008964440436445266,-0.009937038242193424,0.009483705764021449,0.01447857768275211,-0.0063524257940057215,0.027716046735736525,0.03116078530698012,-0.005538219957329716
Approach QL,h1,95,0.01443931062660375,31,2,1.0,0.006101242242435402,0.013987055963868514,0.010351196135668954,-0.003742353242801523,0.0031648619985847003,-0.007577526067773485,-0.011987868727605468,-0.01709796632687269,-0.01109069170344917,-0.016786415032458347,-0.003246850340184908,0.009032371261612306,-0.0048093922517870365,-0.003423849405312193,0.014617971608776151,7.6772719913729e-05,-0.01437344512349386,-0.00891495716927984,-0.0013549540855222373,-0.016753418723864117,0.003212189152700795,0.012924936965718361,-0.012280382633141353,-0.009267740597986658,-0.008771068556123286,0.008959557283714645,0.0033264055780327347,0.0006199949770134202,0.004088034415156071,-0.008863905157016218,0.006397933363541069,0.001998740483159835,-0.006569272562286686,-0.0066732039801229385,0.0008873940097137171,0.0020561361834513237,0.013887814236335814,-0.0007560834041689188,-0.014686928575603874,0.002331992108206158,0.015752098762376744,-0.010095550857139398,0.013094297650897752,9.81450231792349e-05,-0.009448051247611883,0.01447737769595802,0.018657231415162782,0.010615864492059883,0.018085954648123025,0.0005324542839621659,0.001107824685422702,-0.004987458027642076,-0.005208480759674324,-0.008333935697376865,0.005399727216894661,0.004880641030605883,0.011716599526514503,0.029225958952183634,-0.016501700338263228,-0.0020493279406465855,-0.0069473657841576065,-0.009974061435993825,0.009034366781191969,0.021572355350197726,0.0005951497820790362,0.0023464982439550686,0.0036316989097939533,-0.0004869948388507263,0.0026579740646136066,0.00692136377751558,0.043937477772093864,0.0003348313245709197,0.0036914119023492955,0.006259623189438872,0.010357242900472775,0.002883986852402161,0.008100615143028891,-0.014492280592522427,0.02306563055936863,-0.011024653782844129,-0.005519651241725505,0.00569559772383191,0.003624984856911289,-0.0046998603807127505,0.003782373902282167,-0.013124234518417464,-0.012835568573236568,-0.009146826354099072,0.005329833103009111,0.03304165985638274,-0.0037893557221849216,-0.011502757361659439,-0.018699098958390357,0.0066158978059640515,-0.00982112542777974,0.008082154909702004,-0.012449312990831579,-0.004000062509681689,0.00276469358165253,0.0064956301849579835,0.001397356865740085,0.017654172607697246,-0.009328198977986934,0.010034526116192892,-0.011492760210400037,0.0016788676479049848,0.008978594053847492,-0.0008910886424992289,-0.016672278271360665,-0.0019546008272626277,0.0028062479076047587,-0.002681254761860512,-0.010881207934043164,0.007191806868506672,-0.013658288320329509,-0.021565064970618733,0.0061007669891250515,-0.011039770512737196,-0.005453427090831461,-0.015872105982904595,0.0037822719437212173,-0.011580351807373318,-0.010208073628068758,-0.014453525619119485,-0.0067378396606254136,-0.009320050756126933,0.011691868853175672,-0.0008345122909769366,-0.009478614534516677,-0.004929903482384907,0.0032908300404547097,-0.0008433907310841135,0.0030362215231975577,-0.007849513105963624,0.00894555726102746,0.007943419466321867,0.016361497539667792,0.029042009009206594,0.010514165803701684,0.008249161220136674
Approach QL,h2,5,-0.00043402824764975003,31,29,1.0,0.014437080005665827,0.00221725832621522,-0.005610609455325047,0.0005411666657145423,0.003881542278060174,-0.004423469534202732,-0.02018376772027939,0.007008064113969263,0.012192976800101089,-0.0038327448925639324,0.010569745950178623,0.018174281760359835,0.021041333543197552,-0.009979406306783444,0.012833132346791842,0.024783307684330465,0.01590215675628845,0.012503782521201956,0.013332613262733543,0.007647820616391945,0.023391017451909763,0.009252575228559644,0.01557998124229144,0.002595159408901508,-0.0013570843050868485,0.007766967422334303,0.012864648025815995,0.007673623244518475,0.010079457197217935,0.017457599346497463,0.00464189294483392,-0.01651863030222486,0.010865707397355547,0.013425137734804984,0.00785968500178606,0.009908755509563197,-0.0038575407544912516,0.0031923174674418973,-0.011108639481960024,0.018494395617488394,0.017242616408217698,0.022363456697359084,-0.002010395306482219,0.0025973147586370914,0.004029346512459708,0.0026131859721100856,0.020005380677753502,0.010161135881836479,0.011617585429536751,-0.016439544933112827,0.002595497408103967,0.012818734242063154,-0.0047600028121421245,0.004627507051989838,0.010685729272622338,0.01588332331527665,0.022900346162320867,7.863630221876776e-05,-0.0007873537213644022,0.0022059467751129784,0.012418441234017233,0.005125475310653703,0.013719609980187543,0.018073170951789133,0.008685681390675881,0.015687950892073706,-0.0024377413973306282,-0.021261292414159073,0.014242804290160227,0.00780511785251405,0.00017969482443403015,0.006971662787390275,0.0013740066718606098,0.006428282997488001,0.016490851754742485,0.026319012416034394,0.010178464279609136,0.005049986347316675,0.0015649914526171213,0.004910812816662696,-0.001380401958690007,0.010461325702887807,0.01606789450354763,0.007718992032814291,-0.003555419757013702,-0.011488903259423497,-0.0025764050433512834,0.011607370328921313,0.010676347154966242,0.013464584658145448,-0.00700730727863384,0.022024665928826445,9.874021584012804e-05,0.008301797387545315,0.022852321897813162,0.011038837697423165,0.018328697201661606,0.001060147707171803,0.005362779629698191,-0.010087748624609169,0.011907431426931668,0.014146255396705477,-0.019723218304733257,-0.0036689829535462093,0.022876138287925483,-0.003049437079080704,0.016832987425608858,-0.013706884608839249,-0.0005322401940928204,0.002590448053422986,0.005486024997039831,0.02261719530257924,0.015133913810861786,0.00794946570299,0.007899134435871326,0.005998289146480181,0.027044852333491607,0.014074782510821332,0.0012602224434332357,-0.003455942870319196,0.009669353192053956,-0.00033927898378458585,0.003752933753707804,0.002027447877783491,0.012270436213926787,0.004197255897176218,0.005269067118490908,0.01048218721840542,0.003729545754933444,-0.017930486924366704,0.004180342322362052,-0.0029464524286145124,0.01204640045189094,-0.0003083610776740981,0.022845433861535744,-0.03246210386282094,0.02199788230852834,0.0008530629652881653,0.006157788718718775,0.009337338240309386
Approach QL,h2,25,-0.00034391609724135,31,23,1.0,0.040062633647127116,-0.030257540176158646,0.010275863751205145,0.011730206602509861,0.013507407768998177,0.009240282513357496,-0.011116588224548899,-0.005690349343334294,0.006133848616780959,0.01796818670879087,-0.03243228913164631,0.010476744785628761,0.00413153365421309,-0.01852252871222517,0.012854868139394909,0.05022267718867286,-0.0005750308832352262,0.01661901346633343,-0.008013715591234516,-0.0028521041308174917,0.03790490469811015,0.039748819451748234,-0.020140471806067282,0.0025132689671871606,-0.003433258805706915,0.0046933690952735115,0.004864481638010114,-0.006937163045992469,-0.0154226822224645,-0.04208619473361695,0.028309072357475255,-0.0011785959760553229,0.017166551506703882,0.014279578633677695,-0.03186017766292511,0.029846877791533586,0.022224313576989382,-0.016364085821322517,0.012975185918201917,0.023196206776017116,0.0026380446485480143,0.05221197676150826,-0.006746999406543068,0.019241811222204985,0.005484038099481593,-0.0020219877583367374,0.015338297585997172,-0.00867420173479355,0.0009788280094926367,0.001375643079071331,-0.007141791514418857,0.010419486470599062,0.006052990203159178,0.01727238961205578,-0.021029334269183738,0.027689103447061218,-0.0067076619025187205,0.005450757904890422,-0.008263604659544083,0.01748125874270188,0.017458651631723204,-0.002534606704476848,0.017851559921825102,0.01649261122104934,-0.01668680356255271,-0.020480302761124877,-0.025179268561533266,-0.02882476743855425,0.010053584647414945,0.009416954879512246,-0.03741947534083308,0.009068681793406681,0.022022169304758567,-0.009730745429868988,0.02888500703454448,0.03770060404891775,0.01362451219513494,0.017662957328246884,-0.0009841343942858986,0.009238697240780547,0.0212120683142584,0.06164278461517028,0.026588944199944706,0.006795839094283065,-0.002052964248633771,-0.0005046430275314493,0.001059045335241566,0.04793526781193779,-0.025096448694195594,0.0013913918938999565,0.0021142237925415083,0.0004491042851872005,0.024221016380710503,0.00035437375596735827,0.003999096106169897,0.026280531113115926,-0.0038050561525146244,0.021204353303560804,-0.008912089244607702,0.022924988519081865,0.009778444447354595,0.0025205792775036618,-0.02146313492391741,-0.027150999224513504,0.03795031904487953,-0.008275804618390455,-0.0007909708997132615,-0.011464613258890428,0.0013189525665726085,-0.008775678966717966,-0.014485639116643004,-0.0051894766822349345,-0.012659278541587335,0.0065533420943246325,0.023987123718416308,0.011620745043216033,0.017771850414215723,-0.010288598445408982,-0.011383228554020974,-0.022246215034227485,-0.00198428031804427,0.0035253567741557793,0.03937963890748971,0.031538770661831445,0.03228861872410943,0.007836511514381018,0.008980972886944232,0.037468990850904924,-0.011640788708145616,-0.0028722520286203375,-0.004020750963029753,0.01506247367725977,0.024399768446694704,0.0033392122398830655,0.022719776837143206,-0.022653541179521376,0.002657925878068643,-0.005504365191166919,0.032547763082656056,0.004468257956483343
Approach QL,h2,75,-0.00017386343691935,31,8,1.0,0.02478981280051699,-0.04242763484679924,0.03587577487867567,0.0010650910686577993,0.005736244775869494,0.006960976300653727,0.01303182653059706,-0.002725787885240799,0.025260792853270136,0.01165419051556779,-0.03044434951989415,-0.03687779497445719,0.007923562120906006,-0.01104747192731415,0.01450982149545566,0.01391269249836071,-0.007278192632593674,-0.0063553856811932145,-0.0006348706384505158,-0.005715176253691701,0.0009910616236994216,0.0002485179726959447,-0.010420629822215553,-0.0006447071604552762,0.010524130520462747,-0.011563216190533101,0.03370596537228983,-0.0025841664909388336,-0.006485943107018277,-0.03561426898050112,-0.017373472776427413,0.02817248895952812,0.021975075286538377,-0.017721305323595865,0.011147474036757112,0.010556318422196677,-0.010259174121003432,-0.0029038689492770953,0.041179700527332073,-0.003965481160803729,-0.00330424026899206,0.012595100326393657,-0.00427746380731677,0.03559117079924895,0.007929824874479427,0.04163137301985199,0.023000245118439896,0.01775268050892636,-0.03358077165878768,0.005279028243138568,-0.00030047904681710725,0.03765950762873124,-0.0040247854974917495,0.03318841508828153,-0.017704250473841866,0.010646066814021892,0.03602246124253716,0.01480184562040136,-0.0023525989832072253,0.010052921765189486,0.024004822058674734,0.008368623952604027,-0.026479726123416838,-0.001811028201773983,-0.01293018856224839,0.010111677292704228,-0.0012896282954571832,0.01691192415225556,0.014578467826931799,-0.010940517089084216,-0.020255047779413816,-0.008958047582154946,-0.018163733223250305,-0.012735629829365307,0.024048405893150798,0.010474048152680248,-0.014925326065065646,0.022365194986973824,-0.00449078465210144,-0.014953636141727714,-0.023849925923124314,0.008439159383339771,0.04792926642608181,0.0050714184228387435,-0.004733593606515816,0.017649989494890907,-0.003250268316758397,0.022507604649978512,0.0029470712295791876,-0.033016961755775065,0.00039101065028530267,-0.027554691506371222,0.0039137544426080745,-0.02063376857609438,-0.026203799600158485,0.013764812268616831,0.0033882926638548767,-0.005249229178274322,0.04861855871917682,0.02120611507289922,0.011208143338258907,-0.01206214353458877,-0.008281576357903294,-0.003716673435271048,0.02855891220692029,0.03721611083359988,-0.00476719979307691,-0.017185705444572683,0.010887085285846495,-0.013083191739817838,0.021694211900940105,-0.0560319552446122,-0.009353636146049026,-0.043418309001623225,0.03170496928719127,-0.011003620757162758,0.008874360722616067,-0.01869089393503571,-0.000343824065449132,0.0055460010643559945,0.02398736038837401,-0.010600360793457093,0.02107891249028985,0.013093670575579036,0.025636961968532275,0.007370775527131704,0.0036966531083821546,0.0008779181312738938,0.0076426185231920265,-0.03178544887487558,-0.010319887204141742,0.019020083817829384,0.0033093594177322208,0.026288813249357744,-0.01382662450134663,-0.023826099726487075,-0.011017439705807945,-0.010781575604273858,-0.01617314391140445,-0.001974785705410743
Approach QL,h2,95,-2.5286572500294792e-05,31,2,1.0,0.0058965637506052685,-0.00807691580295291,0.019647025129790052,0.0006545608279447195,-0.013559477612478861,-0.009568509192347882,0.002972599884686857,-0.003250645309945782,0.0031445749465230867,-0.0011528064648740222,-0.007059258817259406,-0.016458268567794445,-0.012471108022447752,-0.010647934675131617,-0.011677372587356792,0.018288393156718295,0.007837413534423982,0.009597325494286277,0.005274448031361952,-0.012427074748014882,0.011129790218385957,-0.009403116184935055,-0.008677629705973997,0.00015715310645022978,0.004273798580421955,-0.00010285935472558956,-0.005957584400236641,0.007366795606495122,0.0037179848474769325,-0.009625929004978025,-0.000737180472572474,0.014008627878012143,0.014536547940885951,0.017895779431094314,0.00013591545178386205,-0.007091368725747733,-0.006126299347080563,-0.0007351059441713649,0.042113544462030805,-0.009293911194178592,-0.01166442061434836,-0.005492447492059869,-0.010293105602648603,0.009657344510547018,0.004001988906906333,0.003161271266392631,0.006095168189751291,-0.0057244970416087575,-0.007154255771687279,0.0025939570791942996,0.003977388592985255,0.01610178330579326,0.005805037771224231,0.020978120348308253,0.004335550759081021,-0.0009357095017026317,0.006558294500850724,0.010728229747264992,0.00757955074400675,-0.006980633866950548,0.008336332874813338,0.004803299702207022,-0.014341704308217908,-0.0077196245624945,0.021731101669301242,-0.004483047543185536,0.00984147068371656,0.006532745563987443,0.000656544290169485,-0.0009119885493189261,0.0010789033924318132,-0.014833590116594868,-0.012112729850200671,0.012461368423562226,0.0070287733720130925,-0.005343636878923036,0.011029235251150056,0.003401922899607732,-0.006457232298967144,-0.007742161070802889,-0.011823636509041651,0.0011710551680115537,-0.009015760587065162,-0.0034069481396933957,0.007745545713733541,0.004537413511717418,-0.0074408693178307905,0.02050178467874369,-0.017843150572614177,-0.0007601577603154763,0.016304943955744413,-0.01692106870776101,-0.010031834176159608,-0.00960579158958589,-0.019847732136400932,0.0051655102227679845,-0.007337592131441349,-0.009695956629359261,0.008714569971519035,0.01652169927087922,-0.0007816375364250412,-0.004113195092826428,0.013659715380501787,-0.005460569467624529,0.002822247689186459,0.004302221450596069,0.03966656053714749,0.010726512734961348,-0.011418440128811,-0.0030707339030597645,0.01593386293765094,-0.014129425110788196,-0.0018611240602068636,-0.008887768975570389,0.022728503752631447,-0.002782471326217648,0.006890097021151481,0.008137797093449245,0.0005201168824126145,-0.013296815439622283,-0.0005897910176281787,-0.009538142129688242,-0.0028733300095763613,0.014791789547019181,0.016802867781873242,-0.016167372122132807,-0.004460739189302584,0.00881807939545353,-0.004427457971017054,-0.016770343914540988,0.0038717371334417304,-0.012163541012874946,-0.0036180427990627206,0.006999441980201189,-0.00504716172848907,-0.013397878599784462,-0.016432252014945123,0.004468714855403631,0.0008685427409209991,0.00504876570418774
Approach QL,T_opt,5,9.281154378640842,31,29,1.0,-0.012793995487875298,0.009464304292037592,0.007621834432489762,0.00810990536407532,0.0034836514261049815,-0.009726899938145843,-0.004805891139034241,0.007174763376598053,0.0024118553587934534,-0.0039152170997639926,0.016172426747747506,0.014544277112797757,0.0059854555291103855,0.013637631358720688,0.008130763957318807,-0.007842542083003216,0.014124316616862968,0.01691017570070129,0.006104564774683791,-0.005474242764222694,0.02068200499859475,-0.005077664543593362,0.006694749791017952,0.016457734218877532,0.01615863822093631,0.015740977555386976,-0.008736189484800184,0.015587871342253834,0.007603376935775563,0.018391598361086604,-0.004714443520647906,0.007860596124191559,-0.00315205100189203,0.0014811858012685056,0.0049374555552754665,0.004065725208193488,0.005841355749543545,0.009933927865537172,0.003801506034866069,0.009732918709809604,0.013445574236793031,0.016787292530607692,-0.0008180570541282769,0.0073220610664088545,-0.0011887440410971433,0.007759944095022312,-0.012821167261002117,0.021889675174671795,0.010957946517494021,0.009364060715629176,0.0003351113559003832,0.004398744613728634,0.00557730039273488,0.011984471364216142,0.014856355170311171,0.008345011678749261,0.014033725842584104,0.013948932365370323,-0.005930402092865221,-0.00224623127924574,-0.02436415097826118,0.00789965492460626,0.020219573917560543,0.009655417076920277,0.013149190037450685,-0.004826911958651505,0.0057758678740045845,-0.008031596481884513,-0.0006923171081797979,-0.005893295792863846,0.01725478355899748,-0.0010217446905971535,0.007470852028276174,0.016882769566096304,0.0017377004239196108,0.02780232512109587,0.029469450601277255,0.010113815513990376,-0.006021268074594577,-0.015924527426871612,0.005147911755013834,-0.016701882131313503,0.008578119388301518,-0.0020831513850238037,0.010843279307476753,0.0082514349499635,-0.003081586049945808,0.007704557203237359,-0.0017468360886305333,0.016823612004802917,0.012001119313703323,0.015773750385961356,0.011037609203780325,0.012688925706084417,0.004371849550428192,-0.004798180046162507,0.004634099289400278,0.005495864291124191,-0.010214015134757823,0.010770004244067934,0.019435648520717292,0.03010786141342918,0.006966403600507649,0.013478267401170075,0.002044317248497735,0.01227471218975704,0.0338620643134549,0.01938667522299171,0.004980308999629149,0.00043312379658296587,-0.015465838566961534,0.022465943318305495,0.022831774553189115,0.012700679437206343,0.004092886435400866,0.02674823004998308,0.019552731543145945,0.013713220714846088,0.014713891584146209,-0.013266494113309543,-0.010262799064938153,0.0073070384534464706,-0.002621022221076314,-0.00899500121108529,0.0010584752665858106,0.005879126470239671,0.008343367472634968,-0.0028640913148580936,0.006558629957318599,0.02945445644979363,-0.021609091965120526,-0.002645797282821473,0.002042199963748098,0.006897883774942207,0.0034171279111116183,0.013493453046227833,0.009057910084730246,0.0039688043354529886,0.0010440030525590942,0.01349218615335785
Approach QL,T_opt,25,12.366643461280763,31,23,1.0,0.0075553387894030655,0.007515932704986627,0.016074270926956184,0.014950978045173532,0.013896497173394829,-0.002341337804483664,-0.006210893600756648,-0.007339610843955743,0.007647121766770869,-0.011979531967504363,-0.003485810574990533,0.005401028378918225,0.012372413378361962,0.024729387589448967,0.026102524201573767,0.016666042448596347,-0.012958914434857888,0.013635764351443277,-0.00822156074023185,-0.012907115305617231,0.024916803128866766,0.014824595909677687,-8.045467226157024e-05,-0.02702069850335036,0.005559815143295649,0.010696652010735937,-0.005369441149169667,0.013212048690039101,0.011405363158726742,-0.0169323678191792,0.018552313992758057,0.0014024573515232807,-0.02147112491048804,-0.016840580506006488,-0.014337866961011695,-0.0016566713953303765,0.033120487792800336,-0.0032904283646073918,-0.009770583140174977,-0.004542785412648987,-0.01914129047151361,0.034656550939101964,0.004876324250219559,0.0030125155054726684,-0.004062666372107944,0.020299524850613048,-0.006445644593587701,0.007344817081729062,0.03606807196586931,0.007449899275586029,0.023053412242847043,0.022771600959461968,0.0024666086306555767,0.006953647223553322,-0.017378908886495164,-0.0077772479013421296,0.0020864642813969345,0.027430938169964843,-0.024507892759698474,0.0031540811026350493,-0.0506882265280616,0.032960949614518745,0.03703954080037102,0.03523327803303935,0.005484763443521068,0.00017599281157000085,0.017760647029298096,-0.020254748688339187,-0.026909338108318335,-0.01077601808998281,0.0026517173199061797,-0.007166432744325835,0.0141184542212489,0.01382058003136561,0.012543460596459305,0.019393655829628157,0.045145046462360484,0.02282033977981844,0.012322691411474301,-0.02675067898671495,0.018001185316658456,0.007666018508200495,0.018535143448883018,-0.026181566742995977,-0.000838861969349017,0.001201138935139073,-0.002038761997558672,0.022641640431784266,-0.008687552328309507,0.022507223040448665,0.027572084370741295,0.010598971654180602,0.007598669823141984,-0.002043961436689004,0.0024372676699225835,0.02897340945045877,-0.013622602035773418,0.014476186893504467,0.003933769247501043,0.017089142900312573,0.02818960648133405,0.023979351429804698,-0.006930927165640571,-0.03359317585416434,0.003704343511190793,0.0015473028948282833,0.03491331380799075,-0.023849478607573107,0.027552182515104547,-0.003566113423415861,-0.00518028492142213,0.02026124791473385,8.750264121969323e-05,0.012760946035960855,-0.0022515718418542768,0.004804848461556151,0.03827661984676286,0.001207155931488633,-0.010796125767407648,-0.03056098484119362,-0.01002793769488578,0.003155511689758914,0.017381251961451925,-0.006531845934873709,0.03189631036888809,0.0027732515021634666,0.02948311057699946,0.00923437361577974,-0.020584656057634244,0.0063822359611814365,-0.030836649578289736,0.01725006892405609,0.008628549245881894,0.013780113590478024,0.0026101412884240757,0.015098027477424083,0.012247796689182695,0.024421946205747995,0.007306315416806076,-0.009731944443240027
Approach QL,T_opt,75,28.43166487918031,31,8,1.0,0.017343833648244843,-0.031156553013326906,0.040483124074577645,0.007125151122581546,0.008318458463686137,-0.01101614634162681,-0.006898568983127716,-0.02074822378673649,-0.0011728350625798503,-0.02319228148270174,-0.029448894729948348,-0.00527461727955944,-0.009360686883095378,-0.020158536223208505,0.008131569307965672,-0.0036771631766951045,-0.010613753826940726,-0.0007894857672520992,-0.01358240287870235,-0.01916803834543163,0.0020575302213237806,-0.007210278288149106,-0.025532331311745215,-0.021829931696886958,0.020412235100042028,-0.01766142198389326,0.023453631708586185,0.007509462676486341,-0.003385736042503697,-0.0570772216926387,0.01626788656991741,0.015267489851890706,-0.01170551889513222,0.0013225361069509145,-0.03615256745495335,0.02585902833520424,0.0037264367022414873,-0.03341326412134931,0.045411651656407606,0.0013252936455811451,0.004325839808933153,0.009061301886526622,-0.01086753468155711,0.018237613189602805,-0.008189158054529844,0.02799436390000754,0.036663535640414045,0.018017774611537505,-0.01921388972666209,0.02956887410917414,-0.004091702738379926,0.023850193742171014,0.012356688052750182,0.04067029381119557,-0.021297499669653906,0.022746424261100438,0.03598846347041792,0.007838397850012127,-0.03698578454253009,-0.027021333691039498,0.016250959633491612,0.0005766921191612316,-0.0003926519546047948,-0.009667590950583702,0.007811862018526829,-0.02007455090843979,-0.002922685933806999,-0.01065633090577539,-0.008499277141564362,0.0029889145405678067,0.0004146174683758244,0.010388344306284008,-0.0022973221089375743,0.04251474856181612,0.0063755515933305,0.01722234991851326,0.010744506292332643,0.020101763435756006,0.010817657186299484,-0.006261268552776473,-0.013385551563222166,0.042703778054038515,0.028276659229947432,0.008834373985705829,0.015263312965048256,0.0011015063827694393,0.0033743125125954092,0.03203723438062739,-0.019922414336068464,0.04291021193217728,0.013225878073750554,-0.028039849391185125,0.0018156352623224924,0.000633912440372474,-0.011503478390187956,0.0113073217551051,0.014862655875781637,0.005509743467951376,0.03039946608293776,0.02158995839928409,-0.002832710379647243,0.018751449062331397,-0.01783027627950769,-0.007335956046674745,0.001796508255424601,0.043080270373931355,0.014005496204876823,0.02018715860153845,-0.024098613242877,-0.008569552264982476,-0.0030617384510489435,-0.032011511995602655,0.009578422363242184,-0.025216363310211553,0.01970208049173682,-0.022609185736737977,0.0033261144447389126,0.006985370787833686,-0.009889228099492874,-0.02768944498294907,0.008197543000043571,-0.01118179035232714,0.006420264922036477,0.0032731598685048135,0.041739658720818626,0.010087818447497598,0.012713990346949233,0.018490171196010177,-0.014549907727143662,-0.015465742971148388,-0.011721210671483136,-0.01950873751305384,0.02941274507115534,0.0035150512155621505,0.015790614269465732,-0.014170807748872439,-0.024794476974579583,-0.011421681576604722,0.039636749516908834,0.010601685911875231
Approach QL,T_opt,95,121.89103375908942,31,2,1.0,0.0058965637506052685,-0.00807691580295291,0.019647025129790052,0.0006545608279447195,-0.013559477612478861,-0.009568509192347882,0.002972599884686857,-0.003250645309945782,0.0031445749465230867,-0.0011528064648740222,-0.007059258817259406,-0.016458268567794445,-0.012471108022447752,-0.010647934675131617,-0.011677372587356792,0.018288393156718295,0.007837413534423982,0.009597325494286277,0.005274448031361952,-0.012427074748014882,0.011129790218385957,-0.009403116184935055,-0.008677629705973997,0.00015715310645022978,0.004273798580421955,-0.00010285935472558956,-0.005957584400236641,0.007366795606495122,0.0037179848474769325,-0.009625929004978025,-0.000737180472572474,0.014008627878012143,0.014536547940885951,0.017895779431094314,0.00013591545178386205,-0.007091368725747733,-0.006126299347080563,-0.0007351059441713649,0.042113544462030805,-0.009293911194178592,-0.01166442061434836,-0.005492447492059869,-0.010293105602648603,0.009657344510547018,0.004001988906906333,0.003161271266392631,0.006095168189751291,-0.0057244970416087575,-0.007154255771687279,0.0025939570791942996,0.003977388592985255,0.01610178330579326,0.005805037771224231,0.020978120348308253,0.004335550759081021,-0.0009357095017026317,0.006558294500850724,0.010728229747264992,0.00757955074400675,-0.006980633866950548,0.008336332874813338,0.004803299702207022,-0.014341704308217908,-0.0077196245624945,0.021731101669301242,-0.004483047543185536,0.00984147068371656,0.006532745563987443,0.000656544290169485,-0.0009119885493189261,0.0010789033924318132,-0.014833590116594868,-0.012112729850200671,0.012461368423562226,0.0070287733720130925,-0.005343636878923036,0.011029235251150056,0.003401922899607732,-0.006457232298967144,-0.007742161070802889,-0.011823636509041651,0.0011710551680115537,-0.009015760587065162,-0.0034069481396933957,0.007745545713733541,0.004537413511717418,-0.0074408693178307905,0.02050178467874369,-0.017843150572614177,-0.0007601577603154763,0.016304943955744413,-0.01692106870776101,-0.010031834176159608,-0.00960579158958589,-0.019847732136400932,0.0051655102227679845,-0.007337592131441349,-0.009695956629359261,0.008714569971519035,0.01652169927087922,-0.0007816375364250412,-0.004113195092826428,0.013659715380501787,-0.005460569467624529,0.002822247689186459,0.004302221450596069,0.03966656053714749,0.010726512734961348,-0.011418440128811,-0.0030707339030597645,0.01593386293765094,-0.014129425110788196,-0.0018611240602068636,-0.008887768975570389,0.022728503752631447,-0.002782471326217648,0.006890097021151481,0.008137797093449245,0.0005201168824126145,-0.013296815439622283,-0.0005897910176281787,-0.009538142129688242,-0.0028733300095763613,0.014791789547019181,0.016802867781873242,-0.016167372122132807,-0.004460739189302584,0.00881807939545353,-0.004427457971017054,-0.016770343914540988,0.0038717371334417304,-0.012163541012874946,-0.0036180427990627206,0.006999441980201189,-0.00504716172848907,-0.013397878599784462,-0.016432252014945123,0.004468714855403631,0.0008685427409209991,0.00504876570418774
Approach PL,h2,5,-0.00044069683147074997,31,29,1.0,0.006359977445979461,-0.011200800937410835,0.0005007509337148807,0.006876999536798429,0.005631274100664676,0.014927525624311462,0.011753952102733167,0.020585388235799376,0.008317171865245073,0.019333426029133738,3.4393278251401765e-05,0.002784572413219629,-0.010875205056363921,0.010222245425110509,-0.006631687149954901,0.01886809282313979,0.016181544161771127,0.01667912065234958,-0.0009342910298772196,0.008414126122835933,0.01099177597556435,0.014177953015401574,0.003416043971004099,0.019061904178249545,0.02472129116513697,-3.66589826558807e-05,-0.0013315158347958311,0.0030449997907158457,0.002749357939880865,0.007351680006268784,0.016193788955257186,0.003993953803102721,0.020404225298300174,0.018352209181554283,0.0031633102138689303,0.012048815371424118,0.005557536722018034,0.014313183834349763,0.01544392973744195,0.0045965362810080805,0.00013541027198304539,0.013437104834157316,-0.004012532415957012,0.011251356418432187,0.02394284489691238,0.001604729622010224,-8.145223554150409e-05,0.00023245947498060616,-0.011793910260470629,-0.003274486603272992,0.0060321913508146925,0.0004081119734430884,0.0019192841023969204,0.01816943185539861,-0.004391902090167582,0.00696236512490418,-0.0033841521337860427,-0.0013584993359395591,0.024695635557449577,0.020182192837798037,0.008173348212283337,-0.0009006000386061264,-0.0008785562778517644,-0.020791479279270168,-0.003922026592807018,-0.010256970893435085,-0.003203546432411325,0.010429966198944323,0.02236369601624451,0.007402470783388218,-0.03618637295525037,0.006729057596092414,0.016569477550133833,0.015156647067854896,0.0033371043764516186,0.02044753408484022,-0.0027731841724757747,0.0015274794546489877,-0.008273972816051403,-0.0030752332113822187,0.01446456610476267,0.01905402178025349,0.019180217358395354,0.007613242985168312,0.0009924652151141636,0.021546689394313364,0.019933398641997113,0.027482296598828497,-0.023453224568101675,0.006669722635856619,0.010903747572312605,0.004000132501383593,0.023320528902599332,0.000831386144435956,0.0007848969427758521,0.0004606207763879553,0.007201104565046657,0.009700104285508568,-0.0116434533825312,0.020677732161850555,-0.003194541300926222,0.011981836604593931,0.02479915685269173,-0.0034923136763373996,0.013675944922481129,0.01820989525398359,-0.00761454189429758,0.005808775831205411,0.005445231053541033,-0.010075957245405808,-0.00950969585990157,-2.064591099469938e-05,0.007076976950262729,0.007075038929045424,0.021575028853269416,0.007872290888799488,-0.012318748990694775,0.0001700780261069442,0.020136199450371633,0.00941589268839754,0.00215715708724134,0.014734578177621051,0.014490918367988975,0.018812393676946478,0.008958720976580268,0.0018773563657751345,-0.001788860901180667,0.017767911064828515,0.017008491634409113,0.007844185672519165,0.015477323548701193,0.015005050962850054,0.012391899745245974,0.008028150604149353,0.013632342982827318,-0.002427922195709027,-0.011744380589274902,-0.007984823225978675,0.013472009862885496,0.02082975945743109
Approach PL,h2,25,-0.00029285370865030004,31,23,0.9157608695652174,0.005988412395883181,-0.021773269522415577,0.011197279191518143,0.0038694723382736813,-0.016647988761719554,0.008986832949163442,-0.00026449212696494817,0.03576056223423061,0.01498955406077314,0.02861990042848771,0.002769487360517624,-0.004883533878120521,0.0073694385502579155,0.019583207257441435,0.01808792021671886,0.008875036302809468,0.014555379338087076,0.002187676127973444,0.016320338299916727,0.008697417295393134,0.02584455568310019,0.0009119533758800793,0.0284860991671095,-0.003501093207719998,0.04139640256947872,0.014855705239640783,0.011295841484321232,0.02338873953259385,0.006746398537850418,0.031034738807657235,0.014590548253044835,0.0015381112864022008,0.024428714179128914,0.007048632887228133,0.024229963332434806,-0.004786614846760737,-0.03619304821169941,0.03128716821936776,0.0054941734148087965,0.016346825617083092,0.005941953896089359,-0.008469866378862278,0.017481143834631042,0.019880285005791903,0.019283020885199186,-0.022260809342931096,-0.00711675991506639,-0.013172570301574772,-0.03882057353250785,-0.02246406182545417,0.02058386110759142,0.013963576420280836,-0.010481569324502659,0.004301513103763405,0.014946318434047048,0.0026299935462499825,0.004028798171721986,-0.03546333251059761,0.02692314869222992,0.012643163682562833,0.022649246030498428,-0.0030273858301230025,-0.03712476953275011,-0.00972698154614254,0.010372938871797684,0.0005637795613206648,0.011284605582920246,0.019222422395745373,0.036198298121565026,0.008472658514930318,-0.03561094240503566,0.01339205548707551,0.0013126597309906208,-0.008293119524202235,-0.0011042898350279392,0.02858958062495104,-0.02167730103789818,0.005367719924706764,-0.026788542248621296,0.017352172281685705,0.020825214734092573,-0.0012015870205669688,0.045966706759332024,0.02671379318809086,-0.026292185009692347,0.03493841768300322,0.009675013475414699,0.030829686079921887,-0.0017142875639607285,-0.05648323545340286,-0.0006059851180829944,0.0019602905087867414,0.022263505027098066,0.0025560643107225937,-0.017857927851276868,-0.007042507129618157,0.016945240708749816,0.02473396272534625,0.007373920063389722,0.010059780241654798,0.004702241240645157,0.0206181526144523,0.017515382132680418,0.007395792766132588,-0.0007486058683329562,0.008960282598180547,-0.003361104858078154,-0.01356921499755071,0.005171683079874236,-0.01747476162299635,0.011874415618701768,-0.01882822028466804,0.0009435533159275703,0.0014745624652484808,0.015116725262325274,-0.018101277577725065,-0.015570850405812917,0.0033000471647056375,0.05319673801615199,0.008925200895226103,0.012938373273940785,0.00554954971095125,0.011712198653880514,0.020275879240614265,0.005569180152950305,0.003501830572913338,-0.016325214315471133,-0.007350577182693678,0.03334404655937275,-0.009347513850709869,0.000964901150284715,0.02283647003070604,0.01707306577758446,0.00913009069208886,-0.00817462743803684,-0.033320847926967594,0.003590871218003489,-0.02048713568074155,0.007012476332921383,0.00735885388419283
Approach PL,h2,75,-0.00012666483048255,31,8,1.0,0.018796648632303604,-0.026522104460559134,0.015535737833662949,0.00010992311287141667,-0.023029000509802548,-0.014891805465155557,-0.00457468565080021,-0.0008965107862361211,0.00861553209677145,0.013122802802012062,-0.014983415659280533,-0.010819849202163771,-0.004950098612755956,-0.02664243302116707,-0.0059622520704595144,0.02188170252389073,0.019223824775034752,0.006039407397107746,0.03436164280717598,0.009139492508558974,-0.003338483935169456,-0.018225493499784865,-0.005676455287476184,0.025934015910502536,0.008079118254227033,-0.007392062143058967,0.021916815680586177,0.0009598091319245005,-0.0020914915300200006,0.007655649650154659,-0.0035301768445310045,0.021488574361705353,0.04873638939458733,0.044457826262514655,0.012706407383702035,0.006339854297939652,-0.03264081208791765,-0.00455639195840521,0.04746281084738119,-0.001301431169316909,0.025423447825030154,-0.017673530972296934,-0.009630743646575743,0.00861172232207484,-0.00328156765323272,-0.005553137271596611,0.0077215973094801795,-0.007991700413854124,-0.029457754621588502,-0.01331619650227424,-0.002489956123238982,0.007134550713906228,0.0036266802200314555,0.01268696137239488,0.010843757261921813,0.026694289837280557,0.022009710060247538,-0.0035212533263212003,0.024174971615128035,-0.01456149215999289,0.06872324602885992,-0.020140693361145115,-0.050371002922908505,-0.016894218712146167,0.03414844408307561,-0.0009048429254271924,0.016823220179393854,0.00863753799376911,0.029097531490192365,0.0108820507228995,0.002250409540534344,0.0009228871052968605,-0.023177123009059646,0.011509260952333398,0.009867351273434742,-0.007911320660158035,-0.02082459621364065,-0.01797915717067561,-0.008409877684858583,0.026524941534787752,-0.01425768499224526,0.017027920262245033,-0.006171196486281962,0.039024722768278314,0.008054747287035278,-0.0004736067047995419,0.004239284843464046,0.008717042145075835,0.009782417187426017,-0.012334473627504948,-0.013687306970670126,-0.0222506900448698,-0.016781665526151,-0.009242517985800051,-0.016480508765935997,-0.007525425655483012,0.010428174793559156,-0.0035389287014442735,0.010441748510157884,0.005747112317200929,-0.013759947723001034,-0.015445188616300471,0.02391207037067354,0.03373121286503289,0.016017991929017983,-0.013762891199810435,0.020826338059487783,0.00425995202846296,-0.033873003269692156,0.0160452218983444,0.04237857312668216,-0.03229739048646345,0.0037795078247459396,-0.010728173512996677,0.03239515765483745,-0.01668370042926269,-0.013280492203984761,-0.01835336041968785,0.0016433778144499095,-0.001796192645944715,0.02655531530646885,-0.0008511909516680697,-0.007056658098298855,0.021886671722612112,0.0014319343954680404,-0.012681096026984154,-0.03594384571072395,0.00698198887952949,0.011925548163057825,-0.022183012199685295,0.03468015994914414,-0.02827882696396494,0.011265664426463973,0.004221094032365134,0.005831313340974161,-0.027548062542147828,-0.012776746282837223,-0.013758637449100808,-0.004947556812843781,0.011609424885930562
Approach PL,h2,95,-5.4204494530161956e-05,31,2,1.0,-0.0014520311570729502,-0.0054954201946379715,0.0007992958807564512,0.0025949143495815176,-0.011631548585999029,-0.0007279202469849049,0.007589779090064055,0.010709406434328744,-0.002078996440770161,-0.0071661668273273905,0.009015718739503633,-0.006760480397445974,0.0016733009112067563,0.0018375692632635278,-0.005046005046278624,-0.00535453230680542,0.012067658967287875,0.015523224235061507,0.011753791905778715,-0.0014755000269583735,-0.007410584553996676,-0.010870020228868611,0.01718989560874389,-0.00020474750220387652,-0.000699829574396852,-0.011981901836173885,0.018693576349154882,0.005897441494355962,0.001720521130333849,0.03261342414368102,-0.007518425962671292,0.022302110964096795,0.005260950732353224,0.009571966666424937,0.014443219069451212,0.0026217985105938023,-0.007015908365375351,0.002558699676993278,0.02831199214258407,-0.009492164650472425,0.006403788887467466,-0.005080575052695411,-0.006641210707876698,0.004342212443235256,0.00841338041881917,-0.014846097197136223,0.004509608729084174,-0.0020987214778379255,-0.011709907720624758,-0.0024858530242990898,-0.015858790076715656,-0.009353203242584499,0.0037315198492788543,0.0025571787905722416,0.005638714412117964,0.008178144621440063,0.026120659144864496,0.016716743529435505,0.013711970132215695,-0.0032618128942890805,0.023500963677244732,-0.0023133036631672594,-0.022324989151754886,-0.01776435545681797,0.019432098319547102,-0.003933765425779521,-0.014011549667927232,0.004871728146432352,0.0014214408721037117,-0.008621313383283626,-0.013872383849337595,-0.008916796541273586,-0.01247563773922117,0.025847899740160135,-0.01677555571095918,0.014709465840102746,0.017983845407992728,-0.010353496579134688,-0.015489483486659086,0.0026434658158854926,-0.00817793608733893,-0.022448596198125215,0.0023990593926724595,-0.005298634864919066,0.007261253398926464,0.007429732571485553,-0.000740850708266746,-0.00025839214184244987,-0.0010440457368855829,0.0005128417044151714,0.0059813567518156585,-0.004079488615834297,-0.0001657000388704045,-0.015322475431597116,-0.0012998116030438266,-0.004696612757966158,0.0017594047359521772,-0.009570677668237151,-0.005332482580294089,-0.01140284112609939,-0.0032080248989335724,-0.006933919199613251,0.012597820131372664,0.017832308428692645,0.010977911404587634,0.0015430825608054456,0.01776577422952569,0.005844110523080363,-0.019483546843008247,0.0048938162230589425,0.006218115757114877,-0.010720939091007764,-0.007557331739678344,0.0044600293539477,0.005802959165917021,0.0020251570899613006,-0.004043646730682364,-0.009784562007426428,0.003910360395983565,-0.005835014533277572,0.00793765235288255,0.00033223054809145783,-0.01206245854350365,0.003010132671611444,-0.002661582877792472,-0.004479060472732879,-0.013895616219224862,-0.008833088972937171,0.002733273561182394,2.56262646189559e-06,-0.003122490612238289,-0.005355828753850192,-0.0024121746826899714,-0.0021984751077657166,-0.013016114161791744,-0.006435440627711884,0.002461470293083922,0.0033139741472837624,-0.0017738622005299151,0.0032828377520173705
Approach PL,h4,5,-0.0007177638129048001,31,29,1.0,0.02008767104732994,0.00796745029011763,0.011700593034844475,-0.0020076199251268384,-0.002509683574891249,-0.005945859393231271,-0.011374389442353987,-0.006004669929694345,0.01961676229440073,0.005335014054893724,0.009269370237605951,0.00884548063784671,0.009894307996083289,-0.014130139524143076,0.019815004950945733,0.01815663531191491,0.0007864843342767941,-0.0020984242844631217,-0.0036197479551710013,0.0005451058030605295,0.02512131553164589,0.011834494556023468,-0.013089669700546595,-0.005595743497962722,0.004026443108106376,0.011843027065598402,-0.011584802392726471,0.013337490158611201,0.008807216832979517,-0.016076658970278324,0.023646620618955647,-0.003996408130516182,0.019725934911359887,-0.003882941193955955,0.007867799197046879,-0.00653447321225437,-0.0022631261408844233,-0.0014838846180224175,-0.03058413258618415,0.012416716866547108,-0.0008436874281046548,0.01588674971738236,0.00376819749152081,0.00718206278531962,0.0007203087089710438,0.013908653049321778,0.02391557943271081,0.0026447804774066357,0.00828530959597452,-0.007763527468999388,0.01368745542748488,0.022288043280582242,0.007061942253999241,0.007562977860415835,0.0033717976131547697,0.009877247082619344,-0.007852982896136205,-0.006478677395226292,0.005800213974910477,-0.0038155138772635595,0.0003792294321030728,0.009497182946897154,0.011833105424846729,0.03068863216904233,0.0067184796930231825,0.011046960236506757,0.027806754781323665,-0.013857923299000752,0.009860560393866827,0.014985051931983078,0.015592813045142203,0.01784161743490169,0.011814985852677803,0.0017442433803863267,0.029933657234793673,-0.0009180447075477799,0.021298519961418853,0.013364392147256089,0.013032618883889438,0.0045231134609788805,0.00917873307972518,0.013163566469020165,0.018954429728403634,0.011846299092707561,-0.013531746818657233,0.0034972924523021215,0.008035915970691613,0.012616586008085077,0.008827901748211922,0.0033371894331597793,0.014387227242687048,0.018578742839017563,-0.0005308070658743543,0.013421979238987958,0.007233133766844615,0.022594401030080632,0.009470946206250587,0.01711493936090004,0.011587118138412402,0.015260917374487953,0.01662780683009818,0.017094443462961465,-0.0022859356669730083,-0.005237809536238702,0.001789850295291189,-0.008827744501196484,0.01580780154536404,-0.025434300438814932,0.020715273961552757,-0.005750372041576337,0.0046432266104703655,0.01006695550401575,0.007732547796979514,0.002001596902823569,0.002652798463693519,0.008763326991976428,0.024852330634725597,0.020576744053629747,0.001835909216551218,-0.0019097958552471794,0.0031963446657279323,0.0054933271247473315,0.010286400859672662,0.00452329062523123,0.016210704259518868,-0.0055382461472332405,0.016151218214485872,0.0042946626193206515,0.0022546755677989297,-0.0011345508368788022,0.0036109633551230733,0.009163675074159479,0.01147683993543639,0.011488415010011733,0.030075219279823488,-0.014210554043805316,0.008291801044366422,-0.0025027138832196473,0.008243557178570254,-0.0016088121514644554
Approach PL,h4,25,-0.0005032753159428,31,23,1.0,0.02696512302560601,-0.018628230126565837,0.004636590775682616,0.016635909606482,0.016979159795077685,0.01280311995573939,-0.006915193897108617,-0.018015276799855276,0.009851074197216066,0.0007273623085968462,-0.014525740851805548,0.01943369068967359,0.01996984483176099,-0.018843458806471737,0.0308761623721236,0.062207581574975176,0.00036009124023696427,0.013480046357761344,0.017765781660994642,0.008339979302933481,0.03691066237786262,0.03481812217622635,-0.0070484103084182265,-0.01812134014722372,-0.016921438225437322,-0.011084863226179003,0.02597258522435004,0.003181626213969938,-0.005257391527079611,-0.05390865532129456,0.02527423631463402,0.007011967038474145,-0.00026739306118685413,0.006869222944707948,-0.02911469480598074,0.016727739390870713,0.0309510142991927,-0.03854839250019727,0.005920047880329843,0.028338211188094518,0.01083289050945225,0.049140559840546404,0.008777192841816455,0.021092228045498186,-0.016561409259841387,0.026450214690142325,0.027647922332592778,-0.010232837282258477,0.0152074421282996,0.007877022543805373,-0.016326602008851977,0.036128845977261966,0.0018379837055765257,0.003693869294269183,-0.025922653406066025,-0.01599521373401918,0.025183053342448875,0.009202299576375698,-0.03127008369608878,0.011529044035768524,0.012615506089618854,0.02234150378287276,0.015877097205211018,0.04365436964400211,0.011270988698891857,-0.01508376848295193,-0.007926487315015952,-0.02811944140312565,-0.0032060003068386488,0.001799879243702971,0.00812728581495754,0.0009363193581642184,-0.011394867712112261,-0.009625631891202852,0.032996247809119306,0.033806743374566434,0.02843310968061383,0.015988318850295828,0.00484174165156925,-0.005711630053410027,-0.0013429191282239795,0.03320539776711104,0.026210913066101307,0.002176050162662512,0.014865552321126602,-0.02392482865627844,-0.022801443681089845,0.021305045906091846,0.0009044032864812129,0.010349013552729908,-0.018294081213548932,0.010712505025793764,-0.002090214449865799,-0.00547421980612553,0.012533119103964813,0.022463917633018457,-0.0007512873859211428,0.006021811616117484,0.01719983305187282,0.012974617949652295,0.011124774080979498,-0.002903121422764151,-0.04502497926018014,-0.02684417473220185,0.03687894503613464,-0.012530353663339398,0.005483084152038438,0.0047090606700600016,0.008838443037463013,-0.010907812640236365,0.015758690853497168,-0.006541775676780632,-0.009424491402514777,0.008092308290602219,0.019337184210221427,0.013104160384861943,0.04757370625868988,-0.014996957357483172,-0.020705316880541468,-0.01261890136205973,-0.002821841762700985,0.0024152840157944536,0.00900118807944903,0.0069275699845001305,0.015149355663131667,0.005895226027794952,0.010947098320389027,0.018939461970678455,-0.018192726431295016,-0.012810928887931635,0.0029405302311860115,-0.0015583116768791401,0.01671874534230599,0.00994976962479967,0.02373954471658429,-0.0007594725297667693,0.026186911549062823,-0.005575026304697519,0.004871330153779936,-0.015224250289757522
Approach PL,h4,75,-0.000116318153562,31,8,0.9157608695652174,0.005200411748692249,-0.019788643807499742,0.0378351532841453,-0.004470321360587846,0.012515175157721332,0.0024610543386746468,-0.012191665880817564,-0.040957815501510154,0.00848780109851128,-0.0178467450271723,-0.027877259638362482,0.0016356545461926914,-0.01629488173047679,-0.004748624400786417,0.010281246840919238,-0.0020670253837665135,-0.01279559163548705,0.008868268121023377,-0.0016546220960020623,-0.008804815803421316,0.006322401451938308,0.011952494614554152,-0.00306101963096202,-0.0045084555017786705,0.010972273156597028,0.008765826640582407,0.028187172913659183,0.0032103653388434765,-0.0010344556834377542,-0.056185725400797866,-0.021148139523732422,-0.015988221194660358,-0.021819509252908976,-0.007386147339044773,-0.012224259033323335,0.04062662065930979,0.009183069722170348,-0.024822688802369798,0.019101060837042987,0.001460167952531204,0.0025793297145029416,0.01867311937408398,-0.0012926183336167561,0.010558608022995125,-0.020700561764524564,0.04096938570812206,0.020904206530329074,0.03330310571583112,-0.004605611574720427,0.016048084032067773,0.016099588826021922,0.03633365276273361,0.013366621710937023,0.033882722461070235,-0.022922078760034277,-0.0014713106449210464,0.03873829826178442,0.017022189661729747,-0.05390950470236986,-0.01198211864410547,2.499200996613814e-05,-0.00039624574201877914,0.014864681667352199,0.0005892484553443465,-0.03441087857464746,0.004894593984688236,-0.008557298405723513,0.0010615413706883412,-0.00483990565606183,0.0018779211660916984,-0.013736031847640455,-0.007383528179902339,0.014592809786871387,-0.0027966455740396014,0.01296457087758241,0.014718278033952318,-0.012616844374737073,0.016640930129499826,0.024622378720975956,-0.027078542428689373,-0.01608688215070647,0.04620021104121966,0.021432124456901815,-0.005944762426447286,0.021483029802041174,0.003303805261799462,0.021175183781186338,0.013764307357974133,-0.011054617092340293,0.04050181831313811,-0.010009813848413814,-0.02207547667099331,-0.0015848639722777582,0.0031810162049931557,-0.028009856775315214,0.0034334355077170935,0.004172644392228544,-0.0014799515285576143,0.0315079723503803,0.01539069396007955,0.0054320872814927895,0.0264334599624751,-0.028778038547386958,-0.02843688787905917,0.0240157542080127,0.02949269372783985,-0.0051765292248848365,-0.004196409635391684,-6.154927876126771e-05,-0.011416421308585153,-0.007595754450475232,-0.027252606128428246,0.009399038671671137,-0.038201767590044546,0.013544988739281734,-0.01855205778043237,0.030986297294870124,-0.012000810737940988,-0.008073318930692129,-0.0117461465331318,-0.003350693862816529,-0.00852465872118841,0.04049063965501777,-0.008664184617091368,0.033366912095631716,0.009356550351211811,0.021424483319476724,0.0363967139880495,-0.009544035943515957,-0.005781590798073975,-0.013696642503406534,0.008958447795628446,0.010677411803099326,0.019327956901878236,0.020115198372493467,0.005761379687591055,-0.019913091068891633,-0.0027092928264222937,0.004450947253798826,0.009565166358589046
Approach PL,h4,95,7.747492598483938e-05,31,2,1.0,-0.0014674644526610138,-0.014774632151297235,0.014333038194792539,0.004628335938770332,-0.006481970024655212,-0.005010866458455671,-0.005675110350728381,-0.0031465153355882945,0.0016661748271387306,-0.002192555984901071,-0.01190130625953023,-0.016808183094159504,-0.00022474218489891418,-0.015791741930461692,-0.019087825863008494,0.009682345322099412,-0.004145885172078495,-0.0019558538338737834,0.012269654169006428,-0.005813466732634785,0.004347330275336648,-0.00951544330914354,-0.009398261625240193,-0.006137227548570162,0.032788888468388455,-0.006773829397523597,-0.00162053540537207,-0.004074233720894084,-0.0024027559620821244,-0.022347864557750004,-0.00608834013429685,-0.006758195238358117,0.0022568308928978226,0.01470456623989913,-0.00795382472268636,-0.0006540458651801067,-0.0030732325401234793,-0.008708660857016888,0.03445435870867346,0.006790088556435032,-0.00259943452101687,-0.01563835354566989,0.010278597073552732,0.0031674532627929248,-0.00587330273994145,0.02843918299830692,0.0022938810077680334,0.002557290691098552,-0.006616691616452183,-0.0037048513149551283,0.023479098041614795,0.015844221291436082,-0.00900860343178616,0.002979551965270035,-0.005852714166788543,0.007577951845700705,0.014492082540299815,0.0029616660332549053,-0.00541256157944096,-0.0015665013971317163,-0.007708931729602481,0.023323343926880683,0.0002252168204143411,-0.003235195279516419,-0.006724110835200162,-0.0007508318251603906,0.013140990134738295,0.0032398319491275225,-0.002750372563027937,-0.006155939559856451,-0.0023289815423585096,-0.002157863684034141,-0.00801894446875705,-0.003075360285276981,0.007564686832366029,-0.004047768494102675,-0.00993256030455973,0.004153636863534236,0.004228150863472545,-0.006447792746819561,-0.014881399203991934,0.020937163653747044,-0.015548231062443841,0.006013241768869326,0.003338523791522636,0.0069879221587632245,-0.011085266464876082,0.015579047552908672,-0.007100921045987549,0.00418622110563423,0.0034522242786601486,-0.020217930038867904,0.012655381334511566,0.0016527821040017623,-0.002109713048081486,0.0034907787940514465,-0.008636305071537545,-0.00499593681896607,0.030606634596656777,0.011615311664906884,0.006502644008578265,-0.004661058429056298,0.01621537771757877,-0.003813902160084491,0.018434273288161482,0.019738045796052206,0.0006757667420405595,0.013708827159851783,-0.003152911747168155,-0.003326928084992901,0.007670906613856477,-0.016201147703844718,0.007682707198090961,-0.010185760414711552,0.012455005159114263,-0.011866641261393073,-0.01203216862548519,0.0009506367323120957,0.0059711671017302825,0.001440253203461792,0.005025674496011265,0.0008006919802664944,0.0034562531926229834,0.006409839831112691,0.02040760728202257,-0.005070918395206989,0.0029951241605315,0.018392730625427525,-8.321619937345817e-05,-0.02621147528660121,0.0017272083695667269,-0.004622944932293005,0.003807737630546635,0.010053260172348847,0.0027571393077684067,-0.01302502909863751,-0.011873273255356252,-0.005434712290669742,0.012303507243004753,0.006104458908175791
Approach PL,T_opt,5,15.0,31,1,0.4833333333333337,-0.0046421855404179535,0.006545418940116647,-0.003362364484281317,-0.005762432406971227,-0.0029864502098790684,-0.002949759475230708,-0.0002443325440706395,-0.002357548186640877,-0.000500272371730969,-0.003005581410453549,0.0002068933881112225,-1.0581440173897952e-05,-0.0017532998501991783,0.0017499020533175518,-0.0005618623774231098,0.003168329325211015,-0.0013966449085411556,0.0018671814843243839,0.0008997021556005435,0.0018553408825004373,0.001718733263044834,0.006802454952413959,0.005093899383241191,-6.841788117255767e-05,-0.00325644252999177,0.0023857898711299756,0.0023514976130306485,0.0027102745709842026,0.0007754977487398285,0.00440509078984673,0.000402854082069903,-0.0005532777780523031,-0.00032036209013551947,0.0007254605709303443,0.0011379141657179082,0.003194327093382717,0.004580565294076042,-0.0024086414529948317,0.000752607923440094,0.0021268051304173287,-0.006096011019227208,-2.8331898777947612e-05,-0.004005298077469394,-1.8168037965665306e-05,0.0009118614008177347,0.0031919476179810818,-0.0013475401833444435,0.003932861200291679,-0.001178203939464076,-0.0026834853771572566,-0.003839251510650699,-0.003298463262086431,-0.0046197057108310164,-0.0006185920959224889,-0.0027684647707979008,-0.006097462911029288,-0.0006452736954717448,-0.0027178861482353885,-0.0007616167511322744,-0.00281624714710478,-0.0037706195277573593,-0.002361340624738198,-0.001936871523010235,-0.004747595403290508,-0.0029546930229650582,0.002641858188128896,0.0006655866706163249,-9.226362582366627e-05,-0.0002537524659129165,6.22355627583694e-05,-0.0017303524813386982,-0.004984737011275274,0.0046246874227618105,-0.00025760152878083925,-0.0013677660110370468,-0.00021201338602621486,0.005917795248268079,-0.001244110094122837,0.002270808893250874,-0.004162314644896977,0.0033325580350468203,-0.003832195834891028,0.00016119664224669098,-0.0012548710780218714,0.004301657374655953,0.004603307443493406,-0.004297894445628701,-0.0008934619089723989,-0.0038643229455671904,0.00038192417793593537,0.0014591998890947815,0.011359719583935628,-0.00011942320175341989,-0.00012239984959627848,-0.0011061138222875435,0.003851540478527388,0.0004986348972688116,-0.0019888094621004974,-0.004754669333411977,0.0020071630396193575,0.0068703522000670095,-0.0004361530363890715,-0.0027081531489989,-0.0015941074667724948,0.006471621564462154,-0.006531264791142304,0.0008736746852644032,-0.0025618115710255786,0.0005385138346208411,-0.0014894491099301766,0.0050907936493459925,0.009156842152993172,-0.0057675377762305335,2.5088319805991382e-05,0.0033720205701452148,0.0034719242266139645,0.003950426764769983,0.0008083200920746464,-0.0018192238032655875,-0.0016571230090800157,-0.004466498817430903,-0.0024716874263530893,0.0022225882499738643,-0.001152681746608757,-0.0048018897649015815,-0.002924025896687839,0.00018669425723348565,0.013464063312006298,-0.0006617186934800369,0.004107834307981802,0.008146865856448004,-0.0029365833304765693,-0.003349995535584842,-0.0009615139163164756,0.004112411715673871,-0.0008056976197241945,-0.002288739715481343,0.00029268795691578145,0.004054469651268353,-0.002159061003481423
Approach PL,T_opt,25,15.0,31,1,0.4833333333333337,-0.0046421855404179535,0.006545418940116647,-0.003362364484281317,-0.005762432406971227,-0.0029864502098790684,-0.002949759475230708,-0.0002443325440706395,-0.002357548186640877,-0.000500272371730969,-0.003005581410453549,0.0002068933881112225,-1.0581440173897952e-05,-0.0017532998501991783,0.0017499020533175518,-0.0005618623774231098,0.003168329325211015,-0.0013966449085411556,0.0018671814843243839,0.0008997021556005435,0.0018553408825004373,0.001718733263044834,0.006802454952413959,0.005093899383241191,-6.841788117255767e-05,-0.00325644252999177,0.0023857898711299756,0.0023514976130306485,0.0027102745709842026,0.0007754977487398285,0.00440509078984673,0.000402854082069903,-0.0005532777780523031,-0.00032036209013551947,0.0007254605709303443,0.0011379141657179082,0.003194327093382717,0.004580565294076042,-0.0024086414529948317,0.000752607923440094,0.0021268051304173287,-0.006096011019227208,-2.8331898777947612e-05,-0.004005298077469394,-1.8168037965665306e-05,0.0009118614008177347,0.0031919476179810818,-0.0013475401833444435,0.003932861200291679,-0.001178203939464076,-0.0026834853771572566,-0.003839251510650699,-0.003298463262086431,-0.0046197057108310164,-0.0006185920959224889,-0.0027684647707979008,-0.006097462911029288,-0.0006452736954717448,-0.0027178861482353885,-0.0007616167511322744,-0.00281624714710478,-0.0037706195277573593,-0.002361340624738198,-0.001936871523010235,-0.004747595403290508,-0.0029546930229650582,0.002641858188128896,0.0006655866706163249,-9.226362582366627e-05,-0.0002537524659129165,6.22355627583694e-05,-0.0017303524813386982,-0.004984737011275274,0.0046246874227618105,-0.00025760152878083925,-0.0013677660110370468,-0.00021201338602621486,0.005917795248268079,-0.001244110094122837,0.002270808893250874,-0.004162314644896977,0.0033325580350468203,-0.003832195834891028,0.00016119664224669098,-0.0012548710780218714,0.004301657374655953,0.004603307443493406,-0.004297894445628701,-0.0008934619089723989,-0.0038643229455671904,0.00038192417793593537,0.0014591998890947815,0.011359719583935628,-0.00011942320175341989,-0.00012239984959627848,-0.0011061138222875435,0.003851540478527388,0.0004986348972688116,-0.0019888094621004974,-0.004754669333411977,0.0020071630396193575,0.0068703522000670095,-0.0004361530363890715,-0.0027081531489989,-0.0015941074667724948,0.006471621564462154,-0.006531264791142304,0.0008736746852644032,-0.0025618115710255786,0.0005385138346208411,-0.0014894491099301766,0.0050907936493459925,0.009156842152993172,-0.0057675377762305335,2.5088319805991382e-05,0.0033720205701452148,0.0034719242266139645,0.003950426764769983,0.0008083200920746464,-0.0018192238032655875,-0.0016571230090800157,-0.004466498817430903,-0.0024716874263530893,0.0022225882499738643,-0.001152681746608757,-0.0048018897649015815,-0.002924025896687839,0.00018669425723348565,0.013464063312006298,-0.0006617186934800369,0.004107834307981802,0.008146865856448004,-0.0029365833304765693,-0.003349995535584842,-0.0009615139163164756,0.004112411715673871,-0.0008056976197241945,-0.002288739715481343,0.00029268795691578145,0.004054469651268353,-0.002159061003481423
Approach PL,T_opt,75,15.0,31,1,0.4833333333333337,-0.0046421855404179535,0.006545418940116647,-0.003362364484281317,-0.005762432406971227,-0.0029864502098790684,-0.002949759475230708,-0.0002443325440706395,-0.002357548186640877,-0.000500272371730969,-0.003005581410453549,0.0002068933881112225,-1.0581440173897952e-05,-0.0017532998501991783,0.0017499020533175518,-0.0005618623774231098,0.003168329325211015,-0.0013966449085411556,0.0018671814843243839,0.0008997021556005435,0.0018553408825004373,0.001718733263044834,0.006802454952413959,0.005093899383241191,-6.841788117255767e-05,-0.00325644252999177,0.0023857898711299756,0.0023514976130306485,0.0027102745709842026,0.0007754977487398285,0.00440509078984673,0.000402854082069903,-0.0005532777780523031,-0.00032036209013551947,0.0007254605709303443,0.0011379141657179082,0.003194327093382717,0.004580565294076042,-0.0024086414529948317,0.000752607923440094,0.0021268051304173287,-0.006096011019227208,-2.8331898777947612e-05,-0.004005298077469394,-1.8168037965665306e-05,0.0009118614008177347,0.0031919476179810818,-0.0013475401833444435,0.003932861200291679,-0.001178203939464076,-0.0026834853771572566,-0.003839251510650699,-0.003298463262086431,-0.0046197057108310164,-0.0006185920959224889,-0.0027684647707979008,-0.006097462911029288,-0.0006452736954717448,-0.0027178861482353885,-0.0007616167511322744,-0.00281624714710478,-0.0037706195277573593,-0.002361340624738198,-0.001936871523010235,-0.004747595403290508,-0.0029546930229650582,0.002641858188128896,0.0006655866706163249,-9.226362582366627e-05,-0.0002537524659129165,6.22355627583694e-05,-0.0017303524813386982,-0.004984737011275274,0.0046246874227618105,-0.00025760152878083925,-0.0013677660110370468,-0.00021201338602621486,0.005917795248268079,-0.001244110094122837,0.002270808893250874,-0.004162314644896977,0.0033325580350468203,-0.003832195834891028,0.00016119664224669098,-0.0012548710780218714,0.004301657374655953,0.004603307443493406,-0.004297894445628701,-0.0008934619089723989,-0.0038643229455671904,0.00038192417793593537,0.0014591998890947815,0.011359719583935628,-0.00011942320175341989,-0.00012239984959627848,-0.0011061138222875435,0.003851540478527388,0.0004986348972688116,-0.0019888094621004974,-0.004754669333411977,0.0020071630396193575,0.0068703522000670095,-0.0004361530363890715,-0.0027081531489989,-0.0015941074667724948,0.006471621564462154,-0.006531264791142304,0.0008736746852644032,-0.0025618115710255786,0.0005385138346208411,-0.0014894491099301766,0.0050907936493459925,0.009156842152993172,-0.0057675377762305335,2.5088319805991382e-05,0.0033720205701452148,0.0034719242266139645,0.003950426764769983,0.0008083200920746464,-0.0018192238032655875,-0.0016571230090800157,-0.004466498817430903,-0.0024716874263530893,0.0022225882499738643,-0.001152681746608757,-0.0048018897649015815,-0.002924025896687839,0.00018669425723348565,0.013464063312006298,-0.0006617186934800369,0.004107834307981802,0.008146865856448004,-0.0029365833304765693,-0.003349995535584842,-0.0009615139163164756,0.004112411715673871,-0.0008056976197241945,-0.002288739715481343,0.00029268795691578145,0.004054469651268353,-0.002159061003481423
Approach PL,T_opt,95,15.0,31,1,0.4833333333333337,-0.0046421855404179535,0.006545418940116647,-0.003362364484281317,-0.005762432406971227,-0.0029864502098790684,-0.002949759475230708,-0.0002443325440706395,-0.002357548186640877,-0.000500272371730969,-0.003005581410453549,0.0002068933881112225,-1.0581440173897952e-05,-0.0017532998501991783,0.0017499020533175518,-0.0005618623774231098,0.003168329325211015,-0.0013966449085411556,0.0018671814843243839,0.0008997021556005435,0.0018553408825004373,0.001718733263044834,0.006802454952413959,0.005093899383241191,-6.841788117255767e-05,-0.00325644252999177,0.0023857898711299756,0.0023514976130306485,0.0027102745709842026,0.0007754977487398285,0.00440509078984673,0.000402854082069903,-0.0005532777780523031,-0.00032036209013551947,0.0007254605709303443,0.0011379141657179082,0.003194327093382717,0.004580565294076042,-0.0024086414529948317,0.000752607923440094,0.0021268051304173287,-0.006096011019227208,-2.8331898777947612e-05,-0.004005298077469394,-1.8168037965665306e-05,0.0009118614008177347,0.0031919476179810818,-0.0013475401833444435,0.003932861200291679,-0.001178203939464076,-0.0026834853771572566,-0.003839251510650699,-0.003298463262086431,-0.0046197057108310164,-0.0006185920959224889,-0.0027684647707979008,-0.006097462911029288,-0.0006452736954717448,-0.0027178861482353885,-0.0007616167511322744,-0.00281624714710478,-0.0037706195277573593,-0.002361340624738198,-0.001936871523010235,-0.004747595403290508,-0.0029546930229650582,0.002641858188128896,0.0006655866706163249,-9.226362582366627e-05,-0.0002537524659129165,6.22355627583694e-05,-0.0017303524813386982,-0.004984737011275274,0.0046246874227618105,-0.00025760152878083925,-0.0013677660110370468,-0.00021201338602621486,0.005917795248268079,-0.001244110094122837,0.002270808893250874,-0.004162314644896977,0.0033325580350468203,-0.003832195834891028,0.00016119664224669098,-0.0012548710780218714,0.004301657374655953,0.004603307443493406,-0.004297894445628701,-0.0008934619089723989,-0.0038643229455671904,0.00038192417793593537,0.0014591998890947815,0.011359719583935628,-0.00011942320175341989,-0.00012239984959627848,-0.0011061138222875435,0.003851540478527388,0.0004986348972688116,-0.0019888094621004974,-0.004754669333411977,0.0020071630396193575,0.0068703522000670095,-0.0004361530363890715,-0.0027081531489989,-0.0015941074667724948,0.006471621564462154,-0.006531264791142304,0.0008736746852644032,-0.0025618115710255786,0.0005385138346208411,-0.0014894491099301766,0.0050907936493459925,0.009156842152993172,-0.0057675377762305335,2.5088319805991382e-05,0.0033720205701452148,0.0034719242266139645,0.003950426764769983,0.0008083200920746464,-0.0018192238032655875,-0.0016571230090800157,-0.004466498817430903,-0.0024716874263530893,0.0022225882499738643,-0.001152681746608757,-0.0048018897649015815,-0.002924025896687839,0.00018669425723348565,0.013464063312006298,-0.0006617186934800369,0.004107834307981802,0.008146865856448004,-0.0029365833304765693,-0.003349995535584842,-0.0009615139163164756,0.004112411715673871,-0.0008056976197241945,-0.002288739715481343,0.00029268795691578145,0.004054469651268353,-0.002159061003481423
Approach DL,h1,5,0.00181103638038235,31,29,1.0,-0.015198864456608334,0.003407159383886168,-0.005139830341489555,0.02165271432153251,0.011064100401922032,0.0048808018861646015,-0.017800156365208746,-0.0010293848952997284,0.0008600085816357311,0.012122276537724573,0.011069484491222352,0.032778472520083764,0.0005571203362362918,0.02669663729034015,0.007352443768898917,-0.010672159240037895,0.013546470233449296,0.00989069272699753,0.011306635328013943,0.008881935587185483,0.015102522935738697,-0.0009066150917751704,0.016217589565192266,0.011912630139022223,0.021744325335692774,0.013823200785215107,0.007460493613386327,0.006439337165611159,0.010045267809147933,0.007589603710034267,0.006330093315904279,-0.009763784869647978,-0.022292923436692764,0.010645506072277981,-0.0009728379030856878,0.005164791704240869,0.003390895621824118,0.010943592147779672,-0.01688426497150551,0.014240166801496179,0.012412385647466549,0.01438647232595828,0.007408420215501766,-0.004158046652672906,-0.019335444839906426,0.00917994022565277,-0.027235932641145932,0.021557531130582973,0.022999362966663887,0.0058215944480877425,0.019128864157693742,0.017994433979963156,0.011326628141125077,-0.006184357962780389,0.013088375333642304,5.441180616807071e-05,0.007113724895128692,-0.006577277851514933,-0.018958903080205314,0.011744361144315929,-0.02347645288769504,0.008399164482855081,0.031407389916095096,0.014713846097984314,-0.004796777930029566,0.0001341790866767281,0.005093031354911097,-0.00708755132572502,-0.00457737134910069,0.0013609476632964958,0.02446670401798181,0.006641094574588975,0.014969409032744869,-0.005391634348092603,0.00040628451601238617,0.023907264361630178,-0.009677161057538927,0.010341611796805325,0.0049646916933736825,0.0024602487995365905,0.0100865142805617,0.01862217774408751,-0.003321320927207433,0.003143002122324017,0.004501413009326754,0.0002339336653542928,0.009405078105589985,0.0050035474272661275,0.005648364486450588,0.022993502561705053,-0.008224770717282011,0.015716003141809664,0.00965463046192992,0.01652869415680869,0.013065941467013632,-0.011491330467538013,0.009086554738412227,0.003923734850101788,-0.0002097981500641519,0.007039531894614596,0.012532823313914393,0.029282788488662493,0.006544898376121552,-0.0028907281286479508,0.0030803580763600034,0.014327342733430034,0.0032223055991668545,0.0066484679715982575,0.013542540452620627,-0.0030039467169537433,-0.0033345419514223913,0.03192234640523662,0.02737880908232853,0.01757820002067279,-0.008123579745562243,0.014724616561568689,0.011953137717513194,0.0075080505264964285,0.005210975054767259,0.011333682722905672,-0.016947828666122936,0.02009058332773292,0.017847488970053407,0.005744180214032031,-0.0038223356938019044,0.012764624408720272,0.009769769246820752,0.009263394151184873,0.0018082592984571594,0.02058444870186894,-0.004373059904075887,0.007305368805436514,0.007043423148695877,6.587506704392853e-05,0.013246059312180598,0.023552769450009246,0.01281443168647641,0.00239914303227025,0.007203108744105618,0.01051539096817911
Approach DL,h1,25,0.00359252902271665,31,23,1.0,-0.030620848397662204,0.05299462877191804,-0.03162761676655461,-0.006982594827697199,0.004477336830911854,-0.0177455004871839,-0.004647227571722799,-0.003217709182676458,-0.007280854696194027,-0.01890820871650934,0.04908275841424253,0.04349641816851286,-0.00991943860991164,0.011512115792156809,0.03466832467614662,-0.0022656162682181216,-0.0017585094235158536,0.015518894080442417,0.00016247120131060165,0.0012825696340625981,-0.004649445393270433,0.0059133082530098795,0.0423501011562764,0.018450238598491854,-0.015025974528660852,0.043839585679668974,0.0005326856035176781,0.0036648858991688315,0.009611181982280776,0.04734018810482973,-0.013814685371741683,-0.004783553625772965,-0.0104384257579145,0.004193821021134149,-0.010581545813026004,0.005548576177081844,0.020572343517749732,0.003419598880938523,-0.024208858714396812,0.01589105849656292,-0.0026436376195479233,0.02513425769975482,0.009087951354354442,-0.021621064656571258,0.0003400004425018103,-0.023004028797352704,-0.003844061498587346,0.01938213737503041,0.041283881801407886,0.010258720984650799,0.003735993322062967,-0.03053438321203429,0.022317356689019283,0.012307071076732052,0.013914214203211634,0.006184067551687677,-0.006499816603063288,0.011624401259982193,-0.019083314406883104,-0.012472599913028523,-0.02914416407404328,-0.004096328784081577,0.0224682313100383,0.006544219959017883,-0.008717254021969672,0.009703774401952487,-0.00024069831718261903,0.0008065388637191386,-0.013723071262317975,0.019564542133924112,0.01676485293183011,-0.007858778006422979,0.038830903652042774,0.012927764897726894,0.0036413867757506308,-0.0011002688392896518,0.020456760543740616,0.006461419461310738,0.00577554279270017,0.0040891381090177184,0.028604667331625463,-0.008208161120227661,-0.015761639089679598,-0.006737539021636364,0.025091867474584494,-0.0064484080359741265,0.010559646700117071,-0.026284493650265153,0.002626194849776416,0.028101100620330638,-0.00722069825842393,0.029170543351167012,0.0016948662880800116,0.0037442651700641057,0.034067827241701244,-0.027847889090534872,0.0027775714780860264,-0.006214140231260961,-0.05148152607902733,-0.02845012258643101,0.0179207980921888,0.042786958951952246,-0.00833474471188457,0.015954935476548218,-0.024410481913941153,-0.02810001568009872,0.036447552075323894,0.02194659803961264,-0.004477331978654633,0.027560404316611525,-0.023286407429659182,0.06336688856249394,0.012545192588935146,0.020342696382745256,-0.02569225243035863,0.04718984180216303,0.026551042848094706,0.02848549313355319,0.018355628655353024,-0.010691707396764038,-0.0183726838925007,0.006659479510691146,-0.0052815112935381174,-0.03702781264023641,-0.011324198628022045,0.004873643143935052,0.02177161368391574,-0.02158103369068461,0.00785429478464353,0.06430429714987874,0.0007588281481771299,-0.015603169195363894,0.002065460977220482,0.00563992855760144,0.01399113605606786,0.03531821606253262,0.013764120230207682,0.0041935235834651115,0.006954279317815079,-0.005735012165698208
Approach DL,h1,75,0.0066092707131250004,31,8,1.0,-0.02627354779354226,0.02964492619988941,-0.03877304800833097,-0.021998001633327383,0.013027536720992735,-0.004432857964604718,0.009272687418380303,0.013591620634586783,-0.027762489684467952,-0.02079809928320788,0.027599942800724024,0.019872543590386326,-0.018421946544159462,0.021745792291678924,0.0018733365056937596,-0.005223358859188705,0.008457726832348062,0.001257122739644493,-0.006173179115408956,-0.0037499136133412516,-0.011310690707982633,0.021856017741779116,0.039312333697172706,-0.008641845846359549,0.014712418241822577,0.011510050867033697,-0.0025325164897039994,0.012261662142071935,0.005701004487309809,0.0415298453502845,0.020250872174118698,0.0057644420579389824,-0.026321003325798568,0.012464124024524188,0.004344438032786752,0.006637650922548088,0.004011332591192144,0.007232983205385547,0.01258991387855384,0.005136365603189134,-0.003773257086917946,-0.026084997826678124,0.005072400529976176,0.004655083952176525,0.03378730798911169,-0.0037980319993648126,0.0055946031693504825,0.010475122478619203,-0.007488575089595451,0.003403779536207928,0.002307584981336561,-0.041148142873658894,-0.03340134371258555,-0.004775644277200152,-0.0009005457568210574,-0.014777313781972778,0.011420766692147895,0.011677205141425999,-0.008086481248383572,0.0059587555018323565,-0.0119214308024132,-0.002493043921558135,-0.006768156117188053,-0.030870523906890573,-0.005834829284768271,0.014778466416215934,-0.012295713490115209,0.015584855059768333,0.0035135624426541833,0.02194163706337099,-0.0012033788737674147,-0.009455776121812505,0.008888901352089838,0.04023493789078114,-0.013324012627054176,0.011636993442607161,-0.009759195000771121,-0.0023286322634931355,0.012319283202219018,-0.002561453763544071,0.012591134494152875,-0.01705012610387543,0.0029623553511553893,-0.018217090893853247,0.01573218994919373,0.01220540131815991,-0.023211992777809345,-0.018105281099047237,-0.029170367244117253,0.042025386410736554,0.008269604489672564,0.029889906533488306,-0.008109393076980703,0.013275408159754153,0.016304549452408203,-0.006016400729062928,0.002795803470996849,-0.0247457231785981,-0.020617667216532912,4.497362800875667e-05,-0.009198318625187385,-0.006173684349029019,-0.020991028228601206,0.007579973887985864,-0.0035503416913115595,0.028395639515817334,-0.016554446118169364,0.03302083909995486,-0.009750119220587647,-0.012964525770488676,-0.00657622270118133,0.03438336775181297,0.000773326780445446,0.011970173186970018,-0.00218719120673453,-0.0038490584563614194,-0.01922607898303182,0.02879412742354785,0.018453190963516466,0.005532640799170114,-0.018473364378043356,-0.017465262111900717,-0.023937503421317178,-0.01710007690831603,-0.026252504551744892,0.003962204993611202,0.009649047465081252,0.010896520520142536,0.01039305760583333,0.010674675823103164,0.03760832936157346,-0.013471642771104454,-0.02179286042189152,-0.016053132894622978,0.003317054604190338,0.006572216546199172,-0.013345427252690223,0.012390094775763128,0.026072589011893157,0.0229351047446527
Approach DL,h1,95,0.0079271446379446,31,2,0.7327586206896551,-0.008404192953318748,0.005142315749879513,-0.005138658717704485,-0.0033465713882606506,0.008639539425812822,0.008116043677809706,0.016028122752886922,-0.0015787899843174116,-0.0072731872546631165,0.0025949519521889933,-0.00839377678103356,-0.007538696463893332,-0.005876652821487127,0.01233731633385807,-0.010092002509069815,-0.0011595587317741935,-0.0018672118719253587,0.003534665971125656,-0.00021826934292381087,0.0021717279787533132,-0.0056267643799312985,0.005724988467357485,0.0008935016691474668,0.013431555937455826,-0.007667832187639658,0.0022407482297821272,-0.0024715827419320878,-0.00011893162284038966,-0.00044753837573716933,-0.005212455977068314,-0.004580659046800304,0.005190516898856225,-0.007883381966853594,-0.0019090413459696733,-0.009901455675432793,0.007423088265534067,0.014461326290748427,0.0016071563891847155,0.024510127129339043,0.0016140194353796845,-0.010561215328870922,-0.004669949194216277,-0.001950636837449206,0.0003995947873780364,0.0087796614004725,0.009802486940364794,-0.0070094505417331605,0.005792318566530718,-0.0011636496145569855,0.014885702702295474,-0.007525169320872965,-0.009902231291119718,-0.0002664558682219498,0.009314185881224187,-0.0043261675733014884,-0.011857781792360668,-0.006929014581898881,0.0038863800806168826,0.004445227576493346,0.0026842937967225494,-0.0021422534818247834,-0.006234213326258228,0.004729804111684982,-0.01549121577454499,-0.0030768852158963465,-0.0017268296489767881,-0.01031205707760861,0.011189405542358689,-0.0019872328226877315,-0.0004095882366901414,7.372026054728802e-06,-0.012247918667232788,0.005803120001654565,-0.0004035373319696902,-0.004498455473332972,-0.006105387679901152,0.0003787710416157775,0.0007062724089222435,0.0023500309448630696,-0.00357362386489448,0.005079595026911052,0.003530060226857321,-0.008655457821829877,-0.003000068798390576,0.013578136594659049,0.008675569510881923,-0.007573699826506185,-0.0001316248274442593,-0.01423318262564068,-0.00574189531215146,0.00031760536150894685,0.003870816680943547,0.005675098963601533,0.0048768201805256565,-0.007561041056333648,-0.0008369878565613937,-0.007091181038508184,-0.005623897985368002,-0.008867621429601489,0.0026074279479087192,-6.419489409232115e-05,-0.009842401130873365,0.0007896553140955955,0.00015573507820248615,0.0006024831340445188,0.005331094355270123,-0.0052736813123418595,0.03131562829260613,9.154020277999574e-05,0.0005214001082244955,-0.0007593311833234512,0.008228143790927952,-0.0036722178228119503,-0.002779037373035263,0.006474139670600965,0.006865678069928913,-0.006367469095024415,-0.00027173337476107967,-0.0005926812384974426,0.009849931256637823,-0.006170764140881269,-0.0088438400813944,0.0020921191584052905,0.004305685522724603,-0.004200171811209374,0.0053246862087192445,-0.0037772032408512064,0.018599472415306836,-0.00143878363284152,0.012941636358566195,0.016188727456811908,-0.0011491232296051103,-0.007368274334943123,-0.002726815507177379,-0.004839718190811145,0.018210634284183798,-0.01171202790366365,0.00818036235864465,0.00785799574634896,-0.001987898704036231
Approach DL,h2,5,-0.00030740676462785,31,29,1.0,0.02008767104732994,0.00796745029011763,0.011700593034844475,-0.0020076199251268384,-0.002509683574891249,-0.005945859393231271,-0.011374389442353987,-0.006004669929694345,0.01961676229440073,0.005335014054893724,0.009269370237605951,0.00884548063784671,0.009894307996083289,-0.014130139524143076,0.019815004950945733,0.01815663531191491,0.0007864843342767941,-0.0020984242844631217,-0.0036197479551710013,0.0005451058030605295,0.02512131553164589,0.011834494556023468,-0.013089669700546595,-0.005595743497962722,0.004026443108106376,0.011843027065598402,-0.011584802392726471,0.013337490158611201,0.008807216832979517,-0.016076658970278324,0.023646620618955647,-0.003996408130516182,0.019725934911359887,-0.003882941193955955,0.007867799197046879,-0.00653447321225437,-0.0022631261408844233,-0.0014838846180224175,-0.03058413258618415,0.012416716866547108,-0.0008436874281046548,0.01588674971738236,0.00376819749152081,0.00718206278531962,0.0007203087089710438,0.013908653049321778,0.02391557943271081,0.0026447804774066357,0.00828530959597452,-0.007763527468999388,0.01368745542748488,0.022288043280582242,0.007061942253999241,0.007562977860415835,0.0033717976131547697,0.009877247082619344,-0.007852982896136205,-0.006478677395226292,0.005800213974910477,-0.0038155138772635595,0.0003792294321030728,0.009497182946897154,0.011833105424846729,0.03068863216904233,0.0067184796930231825,0.011046960236506757,0.027806754781323665,-0.013857923299000752,0.009860560393866827,0.014985051931983078,0.015592813045142203,0.01784161743490169,0.011814985852677803,0.0017442433803863267,0.029933657234793673,-0.0009180447075477799,0.021298519961418853,0.013364392147256089,0.013032618883889438,0.0045231134609788805,0.00917873307972518,0.013163566469020165,0.018954429728403634,0.011846299092707561,-0.013531746818657233,0.0034972924523021215,0.008035915970691613,0.012616586008085077,0.008827901748211922,0.0033371894331597793,0.014387227242687048,0.018578742839017563,-0.0005308070658743543,0.013421979238987958,0.007233133766844615,0.022594401030080632,0.009470946206250587,0.01711493936090004,0.011587118138412402,0.015260917374487953,0.01662780683009818,0.017094443462961465,-0.0022859356669730083,-0.005237809536238702,0.001789850295291189,-0.008827744501196484,0.01580780154536404,-0.025434300438814932,0.020715273961552757,-0.005750372041576337,0.0046432266104703655,0.01006695550401575,0.007732547796979514,0.002001596902823569,0.002652798463693519,0.008763326991976428,0.024852330634725597,0.020576744053629747,0.001835909216551218,-0.0019097958552471794,0.0031963446657279323,0.0054933271247473315,0.010286400859672662,0.00452329062523123,0.016210704259518868,-0.0055382461472332405,0.016151218214485872,0.0042946626193206515,0.0022546755677989297,-0.0011345508368788022,0.0036109633551230733,0.009163675074159479,0.01147683993543639,0.011488415010011733,0.030075219279823488,-0.014210554043805316,0.008291801044366422,-0.0025027138832196473,0.008243557178570254,-0.0016088121514644554
Approach DL,h2,25,-0.0002044845401519,31,23,0.9157608695652174,0.029931986820328646,-0.023851353050798982,0.0025979411341351013,0.012836018374188695,0.012118113827890275,0.01623743363367696,0.004499611647618588,-0.024661240812049377,0.02470211746606226,0.02512712363001654,-0.006285364757121715,0.007555300523940503,0.01609991009595205,-0.01617321342292086,0.03121254619079164,0.030292241419444282,-0.021524737020314374,-0.005138813640807907,-0.0111685590805384,-0.0015887917593021082,-0.003792395604525492,0.01680176562711212,-0.018846393855630084,-0.00977220935252029,-0.009766986196571507,0.00037257542641750606,0.010995226754547727,-0.006830553783486406,-0.0008401190740125244,-0.04770407666569689,0.035757731087734106,0.03987446920856572,0.006557305714610767,0.011366037301932202,-0.006508596202572078,0.000619397311433871,0.03181860448267401,-0.033721339890615896,-0.007479944359169856,0.015377158107309942,0.004313447751746953,0.031366885985186,0.01848233844102596,0.01564667139519591,-0.017924801291777627,0.023226457789951433,0.022607006700452778,0.002489729859928812,0.018557507015648837,0.01574302483045277,-0.00765827277458525,0.03361775760309309,0.0197767482747179,0.006500665694083867,-0.005259778190207531,0.014028744125410286,0.011587811781836646,0.01431266757338131,-0.026152355048259864,-0.00019761796936087738,-0.007343107029694959,0.024001581846876084,0.01673573100021332,0.04229241015826935,0.01221384129499063,-0.018844796821049392,0.023361548760176494,-0.010232209475158238,-0.0001862271887868457,0.008821237838332023,0.015027383215013092,0.014233600208875784,-0.006956027812638091,-0.000994272966705422,0.021815181299407797,0.01854479598553919,0.039573021672009566,0.006688112035279357,0.020213615161942696,0.006383883897108419,0.006827579692853918,0.041171083903920366,0.03163043282432038,-0.02505111918818604,-0.004220293503332056,0.0018368229250119764,0.007192849489573326,0.013686459332535282,0.0031714319283721194,0.009217243594768778,-0.0031233521477649754,-0.008191370756748306,-0.015864909736738417,0.013096522536413554,-0.002474105058865864,0.015310395661649481,-0.00016885579690692948,0.02072582448576843,0.020753116008955647,0.03565165636140066,0.006370009785141255,-0.0015926191649250233,-0.00416825946395542,-0.006649279354144706,0.010835367688632148,-0.0170766040612913,0.019174355270335147,-0.018922396034180153,0.014548809181006053,0.0002848978303837924,0.017462576752190793,-0.026904800594674688,-0.020316090368387683,0.01944237455031378,0.009383119182799693,0.012802722796984465,0.028123010990544595,-0.024626649859831116,-0.01239766957149848,-0.0014392687061191667,0.007123262096114529,-0.0057466525033840875,0.019047404571573924,0.008181172498371357,0.015210684798322924,0.004355295798894303,0.01607324448593743,0.008276987135742904,-0.02760092412691392,-0.021742311636790294,-0.025474304127655625,0.01250893790279723,0.026849413458790324,0.012975393205200376,-0.0015528735196830568,0.005892873633929841,0.014072920209604316,-0.002522640514358939,0.016479256379203784,-0.013443509534906218
Approach DL,h2,75,-5.528679393868968e-05,31,8,1.0,0.03665848812953905,-0.032586707565336825,0.06772595562316719,0.005698413227163023,-0.0008193284491066247,0.02129792973914305,0.02735189228594555,0.013454362393375165,0.02236024434616846,-0.005910545290691172,-0.04645329654229529,-0.04606397270069214,0.014227188799735653,-0.02665389023774019,-0.007382130353926308,0.011183382653497734,-0.010105746905192512,0.0014780859302722016,-0.0007869792416051351,-0.005504119272890252,0.009335575303122958,-0.003041909155838018,-0.025124376296973748,-0.01483441561665328,0.01263289872451008,-0.022266999359137906,0.021467006798657894,0.009328493657748491,-0.0007262586856772628,-0.054326819139200344,-0.02306311078759279,-0.007547961001958887,0.010138612063039086,0.005129333094441881,0.002455926913102965,0.019927555066854067,0.009286009370263885,-0.017364175381612605,0.04938099683442498,-0.004585935560839141,0.007487925315592876,-0.007358502276464068,-0.007607958386123144,0.009480748702598437,0.004221728764185664,0.02114905232991743,0.03506821223101033,0.005772997433954646,-0.029050026799666662,0.008787872624278575,-0.008519630358336269,0.028782871416815698,0.014043841538135501,0.03778569644141989,-0.016298118373000138,0.006017519184661562,0.022935241177080352,-2.0874235007813106e-05,0.000655996651368533,-0.02687197597768712,0.015179920894427667,0.00843676063057972,0.0034020782143571807,-0.010793803358192623,0.01653399371389026,-0.00865707108184026,0.009503311045994889,0.009687910463711803,-0.0042095088415573375,-0.009054744749795321,-0.02823886907370721,0.011409830301019781,-0.020712303084360718,0.008970647444000985,-0.011541816672598714,0.0040939796253591345,0.01063864438421391,0.0018824123951610727,-0.0009556487346261083,-0.0259264310544639,-0.017967527359970425,0.018853626384093845,0.023512895995168922,0.006680273316417789,0.01575210275445038,0.006531542853466867,0.018009148366329424,0.02628732229249772,0.0021445676789971627,-0.0029901423099621166,0.008588356818112323,-0.03399050286975111,0.005516102848928858,0.0021539043419125355,-0.02579326982967111,0.016356409310767147,0.015019626982074468,0.0258707698035159,0.03916611549166089,0.01996151449267805,-0.010255984349816267,-0.004991490902446357,-0.0011719511321655845,-0.017698826763867748,0.01810437566186444,0.02909806481854552,-0.004192321832400605,0.006349486552780599,-0.0014478308413932407,0.010544128867585933,0.0012910187796168133,-0.06102229026417041,0.013438876645838841,-0.034722495816552096,0.041248068534575626,-0.028247774482886644,-0.0073734099849855845,0.01016186008601813,0.00428910709917692,0.00012072502458805848,0.034454949139731815,-0.011838370392631126,0.008267603202272203,0.010434503259344008,0.042129731300733386,0.004541865402686319,-0.002796208478298983,0.03519671069671654,-0.00920621544943132,-0.026043903425653506,-0.014787648702506803,-0.00983765194493981,0.02624648732673526,0.011621710256667236,-0.00018816188678438077,-0.0220083909092822,-0.022486841694594827,-0.0013184400412419807,-0.0005624859274220631,0.011359957554952439
Approach DL,h2,95,2.511643476446003e-05,31,2,1.0,0.007464616824382502,-0.012502791518000647,0.003598826893350474,-0.0038821432838383745,-0.011800276757652793,-0.001976463039525737,0.003000448306562647,-0.0018251344738672013,0.007722123605393922,-0.008091794195753945,0.002855455013004461,-0.024142014027967448,0.010838599602593252,-0.025785549706818678,-0.0136771550395901,-0.0077484896511580475,-0.0001950504529307261,0.0033393544145288055,0.007000603254575771,-0.0079050974541883,-1.9790208050168958e-06,-0.01704495354524409,-0.014597355924574939,-0.006689248171576758,0.009827377843250381,-0.02045663680769237,-0.007608289885349977,0.005563090159773129,-0.002715836439857737,-0.008299703546447124,0.006659292032050707,0.012401671552052986,0.010186901023794905,-0.013112909248592357,-0.0029366557088855196,-0.003009837410748282,-0.008335491615714659,-0.012880791287332344,0.022022411244955718,0.007417502378402376,-0.0020656376893366905,-0.011313647266069964,0.005504771178992972,0.004693271155741633,0.010056063012974431,0.020003617816955126,0.026128370648691817,-0.0010018858618018097,-0.016630667303278356,0.0009295022844710396,-0.005089535445267508,-0.0027369521841186404,0.001636365266681611,0.009383638054874565,-0.005494064642806973,0.01795876108513602,0.0181222730079094,0.010206911445159329,0.02027706566442916,-0.009264358054477086,0.02187269468120766,0.010426852116896666,-0.012245136024582128,-0.0054120255528326,0.008547618137325182,-0.005958461960922791,-0.0073546893904625375,-0.007620446258709964,0.0030305879162861446,-0.008007290772129133,-0.011318516150539209,0.002172573968159007,-0.010393298116674266,0.02255553856714821,0.003714452482830547,-3.886176612195067e-05,0.03144281321691599,-0.0050098493312430974,-0.0027595338222608143,0.002747968207859408,-0.012177882618417957,-0.0006902579522383166,0.003068502555331831,0.008573936750214683,-0.008736384641705069,0.01858562170408771,-0.010875088676120186,0.010247247160948113,-0.0062360355769641735,-0.011331674766939385,0.0157661182073349,-0.005107515663141368,0.021689682658511587,0.004653397921328909,0.0032005217976184283,0.015287241710145795,-0.004236719629245886,0.00036414344631442394,0.014695575194907079,-0.011020146802809229,0.007995915526147762,-0.015846213099952978,0.014268153087999953,0.0158738945016906,0.013539817914446212,0.009456190788572658,-0.001986254543969227,0.017287539511342247,-0.0034914887741569027,-0.01213849140032965,-0.008900750626240489,-0.02212209090737675,-0.0012867220302016076,-0.003399288424351157,0.001976604864647762,0.004561920829380421,-0.01088084668330377,-0.0029093963072929826,0.003642579692325281,0.004441063441654055,0.006925209786210936,-0.0038953831664395515,-0.00894623242878021,0.005827373335617107,0.01948494745106299,-0.0036350842075468077,-0.006193652837429705,-0.0017393421456244052,0.0027580862425238667,-0.011436216919295566,-0.0023150067479659206,0.0033733022242554635,0.004564987461793943,0.00810579661566769,0.007869108817204118,-0.016752547580250694,-0.003308077647398704,-0.005587959144365403,0.014925185998349003,-0.007138755619309102
Approach DL,h4,5,0.0190983005625052,31,1,0.4833333333333337,-0.0046421855404179535,0.006545418940116647,-0.003362364484281317,-0.005762432406971227,-0.0029864502098790684,-0.002949759475230708,-0.0002443325440706395,-0.002357548186640877,-0.000500272371730969,-0.003005581410453549,0.0002068933881112225,-1.0581440173897952e-05,-0.0017532998501991783,0.0017499020533175518,-0.0005618623774231098,0.003168329325211015,-0.0013966449085411556,0.0018671814843243839,0.0008997021556005435,0.0018553408825004373,0.001718733263044834,0.006802454952413959,0.005093899383241191,-6.841788117255767e-05,-0.00325644252999177,0.0023857898711299756,0.0023514976130306485,0.0027102745709842026,0.0007754977487398285,0.00440509078984673,0.000402854082069903,-0.0005532777780523031,-0.00032036209013551947,0.0007254605709303443,0.0011379141657179082,0.003194327093382717,0.004580565294076042,-0.0024086414529948317,0.000752607923440094,0.0021268051304173287,-0.006096011019227208,-2.8331898777947612e-05,-0.004005298077469394,-1.8168037965665306e-05,0.0009118614008177347,0.0031919476179810818,-0.0013475401833444435,0.003932861200291679,-0.001178203939464076,-0.0026834853771572566,-0.003839251510650699,-0.003298463262086431,-0.0046197057108310164,-0.0006185920959224889,-0.0027684647707979008,-0.006097462911029288,-0.0006452736954717448,-0.0027178861482353885,-0.0007616167511322744,-0.00281624714710478,-0.0037706195277573593,-0.002361340624738198,-0.001936871523010235,-0.004747595403290508,-0.0029546930229650582,0.002641858188128896,0.0006655866706163249,-9.226362582366627e-05,-0.0002537524659129165,6.22355627583694e-05,-0.0017303524813386982,-0.004984737011275274,0.0046246874227618105,-0.00025760152878083925,-0.0013677660110370468,-0.00021201338602621486,0.005917795248268079,-0.001244110094122837,0.002270808893250874,-0.004162314644896977,0.0033325580350468203,-0.003832195834891028,0.00016119664224669098,-0.0012548710780218714,0.004301657374655953,0.004603307443493406,-0.004297894445628701,-0.0008934619089723989,-0.0038643229455671904,0.00038192417793593537,0.0014591998890947815,0.011359719583935628,-0.00011942320175341989,-0.00012239984959627848,-0.0011061138222875435,0.003851540478527388,0.0004986348972688116,-0.0019888094621004974,-0.004754669333411977,0.0020071630396193575,0.0068703522000670095,-0.0004361530363890715,-0.0027081531489989,-0.0015941074667724948,0.006471621564462154,-0.006531264791142304,0.0008736746852644032,-0.0025618115710255786,0.0005385138346208411,-0.0014894491099301766,0.0050907936493459925,0.009156842152993172,-0.0057675377762305335,2.5088319805991382e-05,0.0033720205701452148,0.0034719242266139645,0.003950426764769983,0.0008083200920746464,-0.0018192238032655875,-0.0016571230090800157,-0.004466498817430903,-0.0024716874263530893,0.0022225882499738643,-0.001152681746608757,-0.0048018897649015815,-0.002924025896687839,0.00018669425723348565,0.013464063312006298,-0.0006617186934800369,0.004107834307981802,0.008146865856448004,-0.0029365833304765693,-0.003349995535584842,-0.0009615139163164756,0.004112411715673871,-0.0008056976197241945,-0.002288739715481343,0.00029268795691578145,0.004054469651268353,-0.002159061003481423
Approach DL,h4,25,0.0190983005625052,31,1,0.4833333333333337,-0.0046421855404179535,0.006545418940116647,-0.003362364484281317,-0.005762432406971227,-0.0029864502098790684,-0.002949759475230708,-0.0002443325440706395,-0.002357548186640877,-0.000500272371730969,-0.003005581410453549,0.0002068933881112225,-1.0581440173897952e-05,-0.0017532998501991783,0.0017499020533175518,-0.0005618623774231098,0.003168329325211015,-0.0013966449085411556,0.0018671814843243839,0.0008997021556005435,0.0018553408825004373,0.001718733263044834,0.006802454952413959,0.005093899383241191,-6.841788117255767e-05,-0.00325644252999177,0.0023857898711299756,0.0023514976130306485,0.0027102745709842026,0.0007754977487398285,0.00440509078984673,0.000402854082069903,-0.0005532777780523031,-0.00032036209013551947,0.0007254605709303443,0.0011379141657179082,0.003194327093382717,0.004580565294076042,-0.0024086414529948317,0.000752607923440094,0.0021268051304173287,-0.006096011019227208,-2.8331898777947612e-05,-0.004005298077469394,-1.8168037965665306e-05,0.0009118614008177347,0.0031919476179810818,-0.0013475401833444435,0.003932861200291679,-0.001178203939464076,-0.0026834853771572566,-0.003839251510650699,-0.003298463262086431,-0.0046197057108310164,-0.0006185920959224889,-0.0027684647707979008,-0.006097462911029288,-0.0006452736954717448,-0.0027178861482353885,-0.0007616167511322744,-0.00281624714710478,-0.0037706195277573593,-0.002361340624738198,-0.001936871523010235,-0.004747595403290508,-0.0029546930229650582,0.002641858188128896,0.0006655866706163249,-9.226362582366627e-05,-0.0002537524659129165,6.22355627583694e-05,-0.0017303524813386982,-0.004984737011275274,0.0046246874227618105,-0.00025760152878083925,-0.0013677660110370468,-0.00021201338602621486,0.005917795248268079,-0.001244110094122837,0.002270808893250874,-0.004162314644896977,0.0033325580350468203,-0.003832195834891028,0.00016119664224669098,-0.0012548710780218714,0.004301657374655953,0.004603307443493406,-0.004297894445628701,-0.0008934619089723989,-0.0038643229455671904,0.00038192417793593537,0.0014591998890947815,0.011359719583935628,-0.00011942320175341989,-0.00012239984959627848,-0.0011061138222875435,0.003851540478527388,0.0004986348972688116,-0.0019888094621004974,-0.004754669333411977,0.0020071630396193575,0.0068703522000670095,-0.0004361530363890715,-0.0027081531489989,-0.0015941074667724948,0.006471621564462154,-0.006531264791142304,0.0008736746852644032,-0.0025618115710255786,0.0005385138346208411,-0.0014894491099301766,0.0050907936493459925,0.009156842152993172,-0.0057675377762305335,2.5088319805991382e-05,0.0033720205701452148,0.0034719242266139645,0.003950426764769983,0.0008083200920746464,-0.0018192238032655875,-0.0016571230090800157,-0.004466498817430903,-0.0024716874263530893,0.0022225882499738643,-0.001152681746608757,-0.0048018897649015815,-0.002924025896687839,0.00018669425723348565,0.013464063312006298,-0.0006617186934800369,0.004107834307981802,0.008146865856448004,-0.0029365833304765693,-0.003349995535584842,-0.0009615139163164756,0.004112411715673871,-0.0008056976197241945,-0.002288739715481343,0.00029268795691578145,0.004054469651268353,-0.002159061003481423
Approach DL,h4,75,0.0190983005625052,31,1,0.4833333333333337,-0.0046421855404179535,0.006545418940116647,-0.003362364484281317,-0.005762432406971227,-0.0029864502098790684,-0.002949759475230708,-0.0002443325440706395,-0.002357548186640877,-0.000500272371730969,-0.003005581410453549,0.0002068933881112225,-1.0581440173897952e-05,-0.0017532998501991783,0.0017499020533175518,-0.0005618623774231098,0.003168329325211015,-0.0013966449085411556,0.0018671814843243839,0.0008997021556005435,0.0018553408825004373,0.001718733263044834,0.006802454952413959,0.005093899383241191,-6.841788117255767e-05,-0.00325644252999177,0.0023857898711299756,0.0023514976130306485,0.0027102745709842026,0.0007754977487398285,0.00440509078984673,0.000402854082069903,-0.0005532777780523031,-0.00032036209013551947,0.0007254605709303443,0.0011379141657179082,0.003194327093382717,0.004580565294076042,-0.0024086414529948317,0.000752607923440094,0.0021268051304173287,-0.006096011019227208,-2.8331898777947612e-05,-0.004005298077469394,-1.8168037965665306e-05,0.0009118614008177347,0.0031919476179810818,-0.0013475401833444435,0.003932861200291679,-0.001178203939464076,-0.0026834853771572566,-0.003839251510650699,-0.003298463262086431,-0.0046197057108310164,-0.0006185920959224889,-0.0027684647707979008,-0.006097462911029288,-0.0006452736954717448,-0.0027178861482353885,-0.0007616167511322744,-0.00281624714710478,-0.0037706195277573593,-0.002361340624738198,-0.001936871523010235,-0.004747595403290508,-0.0029546930229650582,0.002641858188128896,0.0006655866706163249,-9.226362582366627e-05,-0.0002537524659129165,6.22355627583694e-05,-0.0017303524813386982,-0.004984737011275274,0.0046246874227618105,-0.00025760152878083925,-0.0013677660110370468,-0.00021201338602621486,0.005917795248268079,-0.001244110094122837,0.002270808893250874,-0.004162314644896977,0.0033325580350468203,-0.003832195834891028,0.00016119664224669098,-0.0012548710780218714,0.004301657374655953,0.004603307443493406,-0.004297894445628701,-0.0008934619089723989,-0.0038643229455671904,0.00038192417793593537,0.0014591998890947815,0.011359719583935628,-0.00011942320175341989,-0.00012239984959627848,-0.0011061138222875435,0.003851540478527388,0.0004986348972688116,-0.0019888094621004974,-0.004754669333411977,0.0020071630396193575,0.0068703522000670095,-0.0004361530363890715,-0.0027081531489989,-0.0015941074667724948,0.006471621564462154,-0.006531264791142304,0.0008736746852644032,-0.0025618115710255786,0.0005385138346208411,-0.0014894491099301766,0.0050907936493459925,0.009156842152993172,-0.0057675377762305335,2.5088319805991382e-05,0.0033720205701452148,0.0034719242266139645,0.003950426764769983,0.0008083200920746464,-0.0018192238032655875,-0.0016571230090800157,-0.004466498817430903,-0.0024716874263530893,0.0022225882499738643,-0.001152681746608757,-0.0048018897649015815,-0.002924025896687839,0.00018669425723348565,0.013464063312006298,-0.0006617186934800369,0.004107834307981802,0.008146865856448004,-0.0029365833304765693,-0.003349995535584842,-0.0009615139163164756,0.004112411715673871,-0.0008056976197241945,-0.002288739715481343,0.00029268795691578145,0.004054469651268353,-0.002159061003481423
Approach DL,h4,95,0.0190983005625052,31,1,0.4833333333333337,-0.0046421855404179535,0.006545418940116647,-0.003362364484281317,-0.005762432406971227,-0.0029864502098790684,-0.002949759475230708,-0.0002443325440706395,-0.002357548186640877,-0.000500272371730969,-0.003005581410453549,0.0002068933881112225,-1.0581440173897952e-05,-0.0017532998501991783,0.0017499020533175518,-0.0005618623774231098,0.003168329325211015,-0.0013966449085411556,0.0018671814843243839,0.0008997021556005435,0.0018553408825004373,0.001718733263044834,0.006802454952413959,0.005093899383241191,-6.841788117255767e-05,-0.00325644252999177,0.0023857898711299756,0.0023514976130306485,0.0027102745709842026,0.0007754977487398285,0.00440509078984673,0.000402854082069903,-0.0005532777780523031,-0.00032036209013551947,0.0007254605709303443,0.0011379141657179082,0.003194327093382717,0.004580565294076042,-0.0024086414529948317,0.000752607923440094,0.0021268051304173287,-0.006096011019227208,-2.8331898777947612e-05,-0.004005298077469394,-1.8168037965665306e-05,0.0009118614008177347,0.0031919476179810818,-0.0013475401833444435,0.003932861200291679,-0.001178203939464076,-0.0026834853771572566,-0.003839251510650699,-0.003298463262086431,-0.0046197057108310164,-0.0006185920959224889,-0.0027684647707979008,-0.006097462911029288,-0.0006452736954717448,-0.0027178861482353885,-0.0007616167511322744,-0.00281624714710478,-0.0037706195277573593,-0.002361340624738198,-0.001936871523010235,-0.004747595403290508,-0.0029546930229650582,0.002641858188128896,0.0006655866706163249,-9.226362582366627e-05,-0.0002537524659129165,6.22355627583694e-05,-0.0017303524813386982,-0.004984737011275274,0.0046246874227618105,-0.00025760152878083925,-0.0013677660110370468,-0.00021201338602621486,0.005917795248268079,-0.001244110094122837,0.002270808893250874,-0.004162314644896977,0.0033325580350468203,-0.003832195834891028,0.00016119664224669098,-0.0012548710780218714,0.004301657374655953,0.004603307443493406,-0.004297894445628701,-0.0008934619089723989,-0.0038643229455671904,0.00038192417793593537,0.0014591998890947815,0.011359719583935628,-0.00011942320175341989,-0.00012239984959627848,-0.0011061138222875435,0.003851540478527388,0.0004986348972688116,-0.0019888094621004974,-0.004754669333411977,0.0020071630396193575,0.0068703522000670095,-0.0004361530363890715,-0.0027081531489989,-0.0015941074667724948,0.006471621564462154,-0.006531264791142304,0.0008736746852644032,-0.0025618115710255786,0.0005385138346208411,-0.0014894491099301766,0.0050907936493459925,0.009156842152993172,-0.0057675377762305335,2.5088319805991382e-05,0.0033720205701452148,0.0034719242266139645,0.003950426764769983,0.0008083200920746464,-0.0018192238032655875,-0.0016571230090800157,-0.004466498817430903,-0.0024716874263530893,0.0022225882499738643,-0.001152681746608757,-0.0048018897649015815,-0.002924025896687839,0.00018669425723348565,0.013464063312006298,-0.0006617186934800369,0.004107834307981802,0.008146865856448004,-0.0029365833304765693,-0.003349995535584842,-0.0009615139163164756,0.004112411715673871,-0.0008056976197241945,-0.002288739715481343,0.00029268795691578145,0.004054469651268353,-0.002159061003481423
Approach DL,T_opt,5,-56.44784957226917,31,29,1.0,0.013025900651950022,0.016421507394762894,-0.02930166014388493,0.005472483112376186,0.0008270957749664005,0.005733175650986,0.012372136732526155,0.020536584473306318,0.002328240556190865,0.0048816206811814035,0.027347384686973,0.0017162070943518356,0.020776287766561926,-0.00954737571533325,0.014554397337466055,0.0017824374704906358,0.005086882886215028,-0.0015530264044743532,0.003733762842119206,0.009961598284788414,0.005738933674850018,0.010569918593499083,0.013946505242068065,0.005347690065950554,0.003033494495351069,0.0043672604332640405,-0.011315464880152915,-0.0027663234334277956,0.004690541956119717,0.021357075256482377,0.015018054995206996,0.01997548719992858,0.01043384220779656,-0.003188522361104369,0.008851730661702329,-0.006899398548768109,0.007840832325885724,0.001942540664031007,-0.015281953637315935,0.01883230627225746,-0.001786034700480671,0.0037680610256538164,0.012368669235476042,-0.010978456671169878,0.017179159501273435,0.008450765221011946,0.020413542113393413,-0.0007231385155040431,0.0015881630218681998,0.0014098313426572878,-0.00616714194136807,-0.017457551074533492,0.01281563212166128,0.002442347196183194,-0.007224643340215554,0.01902584492723927,0.0006812149778955795,0.010078039583624722,0.014296932215318586,0.006631466022567735,0.009201095024026593,0.013407075717515165,0.0008230841204781788,0.012025036756500235,0.008302592317263971,0.0003540029122953381,-0.003080298433880778,-0.0018871281227431068,-0.0023542679881655413,0.008797650194756215,0.005581287585534699,0.013785065456323554,0.01703316051285919,0.016516579280095714,0.002318523787371392,0.004997426582681656,0.031615580817020844,-0.00020949883783522632,-0.0006723183363084429,0.021718207537226697,0.02455760334186746,0.0015435890792093094,-0.0005103796931690816,0.001218349898460144,0.0016655882849746064,0.0062155422486715305,0.009796726511257525,-0.006617212296105783,0.007407662224023533,0.00578062640935559,0.00902095664875629,0.023707725810532987,0.020747724981574577,0.016400532178502104,0.031638044673070624,0.016114673007985903,0.0042787437181662745,0.005526732089619927,-0.030113711033084512,-0.027860611586313023,0.014670004104880926,-4.8270562849277464e-05,0.008396321230007773,0.016896413802279114,0.006265428534959294,-0.012740925011643154,-0.004938714576547502,0.015144031377058524,0.01589953293469167,0.010334190753166207,-0.0071525254674786555,0.014239111207191143,0.006442475758076241,0.019395333380987104,-0.0020826067062947517,0.03429649556192697,-0.004437946845376148,0.01678476253536126,0.015654708211402184,0.018683796599526976,-0.0011626179596314196,-0.007452782402506402,-0.005657049892022164,0.004609807820472452,-0.007842038849456867,0.004100544190694363,0.010636108569193715,-0.01353648444233746,0.01227388778504709,0.026226408740153886,0.012790275736133807,0.009835684963179252,0.006367193580334074,0.004977341674362753,0.021650434371104338,0.0072156422546771105,0.009142923592109619,0.005561645585801427,0.009021181183908917,-0.0046016794871025215
Approach DL,T_opt,25,11.155740038459044,31,23,1.0,-0.011195701179936724,0.035816922467580364,-0.04075156863433116,0.026036987418326572,0.018045795819760867,0.02691271654064492,0.011514487825340088,0.022512842585894807,-0.01449568341737934,0.00756913242021041,0.03632886299896813,0.0316935167665286,-0.001338355527390392,0.04712924753240379,0.016692106625460376,-0.002246531709363845,0.005385334682409183,0.007169278539533131,-0.015398172729161698,0.009180806806852633,0.0072191202323577345,0.029738278676542537,0.05225542213106341,-0.018489776148584155,-0.005713345481344813,0.01821342142294405,0.003308684371715642,-0.005173519800917019,0.017378266777180608,0.03418662964042549,0.014677870208995697,0.004771599134439639,-0.04783282197214724,0.0020986269935020364,0.0077508200497596914,-0.01359991915506601,0.0332244681893427,0.022212981924832974,-0.03502741013140947,-0.0015625926897924556,-0.03143766515238151,0.019781396514616037,0.007786802662163551,-0.021764000914285837,0.004673332668447903,-0.016264545124459663,-0.017246414306086935,0.0001150851966163947,0.04085383790359293,0.010362163347814273,0.00832470094520137,-0.0015108801748777822,0.022838472003841516,-0.01426178241920226,-0.0043680506248002906,-0.026675370748021024,-0.013691815392001512,0.01031114452460186,-0.02189208517535626,0.0342054618993597,-0.04866985104341674,0.02611042255905218,0.037960345606530624,0.013905730023230598,-0.011176237881768688,0.003761585875008491,-0.017401744726116275,0.009444299008776991,-0.036289456473291785,0.0036438317675435996,0.009067834197618146,-0.005397943009814671,0.03351377105363997,-0.0015133559898524197,-0.02234147821574719,0.018418377210675664,0.010863832814072159,0.016055730267371494,-0.00046366284684703265,0.005731378766070368,0.035930200881697974,-0.0007475543855100254,-0.015923827272120612,-0.049859739117297484,0.011012158454154434,-0.007946827952022882,0.02073747447335187,-0.008039118841199702,-0.007630715120856945,0.03536934930480176,0.009002556088666255,0.03000762695079713,0.004259194892333584,-9.884632748545158e-05,0.03246457981852884,0.0021286039967494935,-0.0030384433926242214,-0.012137246393869023,-0.04186473036223085,-0.021199191305378267,0.009541548659572716,0.019370943936197822,-0.0039478719411773595,-0.03670595013319427,-0.008456181386868503,-0.0005362900453308966,0.0030137779603191315,-0.0025710441560983896,0.03092426945971295,0.004813472061613946,-0.006347072657615372,0.05326463148616651,-0.0009217313072138703,0.03397257628017869,-0.02013937248819461,0.03363734743713852,0.014970248506748775,0.030195584160015262,0.005296311453644219,0.021507272667132964,-0.033980311318241634,0.000871425008290857,0.015878563273106633,0.009436866405991222,-0.019498446752294795,0.006655789768840252,0.0358436534830057,-0.006666655287683187,-0.008854301689230714,0.03420784882313095,-0.0015895988827963736,0.02717300602442156,-0.010492452604728725,-0.009380590809132885,-0.00028433227628576335,0.041742249553360686,0.015013487402230493,0.031121269878772326,0.004297338230341341,-0.0037175404826976415
Approach DL,T_opt,75,22.896843630923787,31,8,0.9157608695652174,0.017979465622373403,-0.015777829130774364,0.0023677762028593823,0.0014599518886532895,0.027222794090154268,0.002680878862575667,-0.008616566876301615,0.0035793970496978567,0.008481827716975775,-0.01603758201554394,-0.009531826813405291,0.007082250054168172,0.014781369527193482,-0.02193619366622835,0.03151974256598528,0.004784961970946154,-0.00037484086724194274,-0.003814036569931338,0.00552001769412826,-0.002890186401527835,0.016919361763728977,0.024830523643548815,0.0034334923527828813,0.01163720240274743,-0.012075350692523683,0.021221532199869716,-0.014806341601489602,-0.015391524862026587,4.534108155534374e-06,-0.043089709615502556,0.027324241217167176,0.000972528805497672,-0.012652168566203548,-0.008259402031638309,-0.004983186589168009,0.023385748260986095,0.03535610913424813,-0.03920153146322664,-0.014846932402034997,0.006311918549977789,-0.010345966453171068,0.032058195983104075,-0.010315768908517434,0.0007570518664547822,-0.02210924650926175,0.0011068804538377141,0.018563958137033928,0.0029558397173360786,0.0026783111378814706,0.019279069148920507,-0.009992472205731184,-0.0024529964356188832,0.015283515098992131,0.03310082748602179,-0.037172151358556595,-0.011810973822713986,0.009717486557501015,0.022077299349683686,-0.05121808997018674,-0.024495799894730736,-0.025595077710667137,0.0003938819705199481,0.02363620831906686,0.02497981454990367,-0.0035400294918452803,-0.032319898911400566,-0.00401310967688294,-0.013499827285643433,-0.02561886775113063,-0.0012132034681018736,-0.010119437926618558,-0.00018042782690705746,0.013238309813719368,0.027989426126065475,0.01979704657129268,0.03340391281844911,0.012810205747907715,0.00426029998835596,0.006649778798400857,-0.024527221594907393,0.018109935708427245,0.04009243388913985,0.008122604000847104,-0.02566105149336358,0.03843053898058276,-0.014799617083460082,0.008680909009166562,0.00965848502239625,-0.013381316082674748,0.05453046602701483,-0.010005551554329941,-0.005778395400664753,-0.01023706846833302,0.020791121523707507,-0.01916704076760823,0.012261598550547807,0.012990432417338505,0.008666176500604085,-0.0336742185837817,0.02494882250517235,-0.0054526961469326595,0.016351162360708996,-0.03024437828155549,-0.04178505197290013,0.017318142027996166,-0.00965648832674398,-0.00903690519545735,0.00836887390621056,0.019834390917422673,0.007137939782646079,-0.016481319147122607,0.013094631232481998,-0.009078143841421669,0.003838067162394734,0.030342406982325196,0.008239533296207302,0.015510136007845739,0.031106890114597455,0.007901761563825561,-0.030250616370594043,-0.035660717485408486,-0.032960003862522146,0.01829799394410593,0.014339584517707216,-0.00223816871669053,0.0060067158886719825,0.024958480135242243,0.022535844995626924,-0.005221409764293218,0.011083344279326557,-0.02260945593163053,-0.0028009586187965605,0.028164158351765736,0.0007726049924407816,0.021593369728457403,0.003051374957045414,-0.018363388324795768,0.006700387876622582,0.005794722680728241,-0.0005738276711816346
Approach DL,T_opt,95,51.35029295464864,31,2,1.0,0.008480265191133356,-0.0033809834681289633,0.014145218145217894,0.01975022484797256,-0.0006476799451988818,0.0016931687069359146,0.006619288849561305,0.002625827684134368,0.007556330236206673,-0.0010966423731574415,-0.009283702917324412,-0.004504070783343298,-0.00726490915324638,-0.009774112645212957,0.012372552589344058,-0.006837716943116199,-0.0072091536392194944,0.001216035645983194,-0.015131151648788246,3.69957556465212e-05,0.0018812789118173763,-0.008063926934486133,0.005658825634032383,-0.00540585360616369,-0.000325500170604536,-0.006682213816638841,0.020525204859947747,-0.004108811437275981,0.004047444898303875,-0.013453267989281984,-0.018830847159747352,0.000401615285888556,-0.012437498888010781,0.0007682702847566045,-0.01038022038877765,0.0071066277869113875,0.00854791034039155,-0.009796522048704522,0.0017795984115305235,0.0030481378666788474,-0.0063405637389488435,0.015588315506675027,-0.01634557463288177,-0.013847185434124817,-0.00430136108505649,0.006788108483769593,0.010541840811459922,0.020826343444693873,-0.0006489689387347889,0.0168151936609308,-0.012244767491619374,0.013599149086545989,0.03698985167022898,0.028874276917632318,-0.012102685112844272,0.008979361804694734,0.008118581434346128,-0.013308546890419062,-0.024548219137898473,-0.013284615373290485,-0.004692464404243183,-0.0018549225261480645,0.002561232500548796,-0.006145660656749891,-0.0004255225472609055,-0.0091201831569784,-0.004440415985751747,0.0005820803447052625,-0.02267013905026424,0.0015690888426486754,-0.0035894127724994253,0.005059616017620265,0.007453041160587636,0.0003404432102886284,-0.021568120650081058,0.00041750672096891765,0.006594293715537825,0.006834289531196297,-0.0024052818325427726,-0.00787059461081309,0.0002867138402108775,0.016961600520741638,0.004453026284212511,-0.004241399610974025,0.016583466746963337,-0.010936653958786574,0.03505504140443012,0.0025148016852510084,0.0027009580167538564,0.01489409310928693,-0.003981582365524452,-0.0060250658903877,0.004713926502651843,-0.007720708098604714,0.009445990923826296,-0.006666294331120748,0.020989154418688937,0.0019508528021795458,-0.013313581039703497,-0.020783760716964004,0.0042500457094608425,0.01849088422229997,-0.01471419050075324,-0.016843228645222464,-0.007380373922979998,0.010598811607783858,0.003904070763334653,-0.0021341368814386526,-0.004231750241751333,0.01137468203865509,-0.004203997069166453,-0.01291203633836143,0.021173352770482736,-0.016804655409449757,0.012560063593503524,0.017272052084411862,0.010693575217566625,0.017745793610912983,-0.008152515288117427,0.0030241349275514145,-0.002600960392846561,-0.00520256462013783,0.01186471008157606,0.000714874535140866,0.012869062876260133,0.005968306946245378,0.011835570916838354,0.0020314596364614072,-0.008408460510762827,0.015885372319071042,-0.008768610061711247,-0.015097785393710378,0.015882863686445425,0.005563650775768453,0.01075671863521456,0.003023484147060873,-0.011403588669158072,-0.010823882383897794,-0.004527313080351444,-0.0020663513774231723
Approach PP,h2,5,-0.00039341179339775004,31,29,1.0,0.006359977445979461,-0.011200800937410835,0.0005007509337148807,0.006876999536798429,0.005631274100664676,0.014927525624311462,0.011753952102733167,0.020585388235799376,0.008317171865245073,0.019333426029133738,3.4393278251401765e-05,0.002784572413219629,-0.010875205056363921,0.010222245425110509,-0.006631687149954901,0.01886809282313979,0.016181544161771127,0.01667912065234958,-0.0009342910298772196,0.008414126122835933,0.01099177597556435,0.014177953015401574,0.003416043971004099,0.019061904178249545,0.02472129116513697,-3.66589826558807e-05,-0.0013315158347958311,0.0030449997907158457,0.002749357939880865,0.007351680006268784,0.016193788955257186,0.003993953803102721,0.020404225298300174,0.018352209181554283,0.0031633102138689303,0.012048815371424118,0.005557536722018034,0.014313183834349763,0.01544392973744195,0.0045965362810080805,0.00013541027198304539,0.013437104834157316,-0.004012532415957012,0.011251356418432187,0.02394284489691238,0.001604729622010224,-8.145223554150409e-05,0.00023245947498060616,-0.011793910260470629,-0.003274486603272992,0.0060321913508146925,0.0004081119734430884,0.0019192841023969204,0.01816943185539861,-0.004391902090167582,0.00696236512490418,-0.0033841521337860427,-0.0013584993359395591,0.024695635557449577,0.020182192837798037,0.008173348212283337,-0.0009006000386061264,-0.0008785562778517644,-0.020791479279270168,-0.003922026592807018,-0.010256970893435085,-0.003203546432411325,0.010429966198944323,0.02236369601624451,0.007402470783388218,-0.03618637295525037,0.006729057596092414,0.016569477550133833,0.015156647067854896,0.0033371043764516186,0.02044753408484022,-0.0027731841724757747,0.0015274794546489877,-0.008273972816051403,-0.0030752332113822187,0.01446456610476267,0.01905402178025349,0.019180217358395354,0.007613242985168312,0.0009924652151141636,0.021546689394313364,0.019933398641997113,0.027482296598828497,-0.023453224568101675,0.006669722635856619,0.010903747572312605,0.004000132501383593,0.023320528902599332,0.000831386144435956,0.0007848969427758521,0.0004606207763879553,0.007201104565046657,0.009700104285508568,-0.0116434533825312,0.020677732161850555,-0.003194541300926222,0.011981836604593931,0.02479915685269173,-0.0034923136763373996,0.013675944922481129,0.01820989525398359,-0.00761454189429758,0.005808775831205411,0.005445231053541033,-0.010075957245405808,-0.00950969585990157,-2.064591099469938e-05,0.007076976950262729,0.007075038929045424,0.021575028853269416,0.007872290888799488,-0.012318748990694775,0.0001700780261069442,0.020136199450371633,0.00941589268839754,0.00215715708724134,0.014734578177621051,0.014490918367988975,0.018812393676946478,0.008958720976580268,0.0018773563657751345,-0.001788860901180667,0.017767911064828515,0.017008491634409113,0.007844185672519165,0.015477323548701193,0.015005050962850054,0.012391899745245974,0.008028150604149353,0.013632342982827318,-0.002427922195709027,-0.011744380589274902,-0.007984823225978675,0.013472009862885496,0.02082975945743109
Approach PP,h2,25,-0.0002652204980859,31,23,0.9157608695652174,0.013857654134194744,-0.020307213542117487,0.02585220931745453,0.016044064532782263,-0.011114491138640905,0.017085397535170462,0.018047366573589407,0.03829052228334098,0.0014887926105903527,0.029864007126191028,-0.016993362847510206,-0.010782911980407388,-0.007998955233397775,0.033968104034956696,0.016326146062268124,-0.010499146015117776,0.014913913242813827,-0.011901900852981916,0.019059975326070244,0.01589644504430991,0.008268168175987125,0.0009570311338450742,0.013414131395613786,0.0067297799175138825,0.04271802043481872,0.006618135137540791,0.009129912674662578,0.0061796499042723945,-0.00011461183053151626,0.018192263795395985,-0.0021012335278965677,0.006341989745310363,0.014184936424057187,-0.000286318003701173,0.02164391833757501,0.005846360040810395,-0.02430918454937543,0.039960104596306445,0.03892151544046913,0.0034920811899758833,0.006659076706658429,-0.010672013979759419,0.018151326855837605,0.027208235969996022,0.021780680486493946,-0.011170198082854521,-0.004949746207350132,-0.005720269469734714,-0.04419337930471356,-0.0033927429081076536,0.019043676541755525,0.007439634136165983,-0.00647596121118603,0.012322795378296393,-0.008703310548740604,0.007595825915554117,0.004017389963699564,-0.02331300076441965,0.03448035199336092,0.003942079942103386,0.02582702272176542,-0.016553835469361122,-0.029048949324027955,-0.026013180651897557,0.022391818758914498,0.004819872495936345,0.001916620746105797,0.029715408550119216,0.028331905804706032,0.007951519030653482,-0.023542124730532583,-0.005680850300270496,-0.002751018403978391,0.0020461092042657336,-0.006166511674995623,0.012367777101246195,-0.03105783316159393,0.01904655061660191,-0.025317317614601834,0.012866363498403024,0.029304181216353076,0.017606025112908402,0.03415040543537608,0.022479598050761603,-0.007733971047132195,0.037190340017469785,-0.0008460659927517144,0.01547057124501502,-0.0011291830452269114,-0.052110199103186594,0.008573312625872409,-0.018024360265192992,0.019774987884226165,0.011747024683227622,-0.027239671801180493,-0.002604864997803363,0.011026511126579588,0.027866266739093273,0.0063290040547391915,0.018705418064558346,-0.0016874463072291863,-0.002925548969825217,0.021864282427011935,0.017157596577237436,0.0004295765343414759,0.02810425398576634,-0.009740155504369921,0.011795688477662153,0.007414886372063015,-0.004895725030534235,0.018754344085508634,-0.03163614785635143,0.0013166246458625494,-0.0077106884028593,0.019630137833850664,-0.02232151104366521,-0.02871421038772207,0.0063550333086954125,0.04847033484569043,0.021764697991298557,-0.0021018019206252396,-0.006121968494152071,0.017112414498274248,0.0302958622672093,0.013531678461570069,0.011625625844975928,-0.020114429539347372,-0.0007452499077052945,0.03309141426322637,-0.0046359813775456215,0.002680576441612287,0.010971309665800354,0.004147446808730137,0.013382011063075773,-0.011867104204617984,-0.010913972805742363,-0.033235676937603174,-0.0028220955811051633,0.019283775133800724,0.00553986190576512
Approach PP,h2,75,-9.982248735247268e-05,31,8,1.0,0.03135075229164841,-0.029067458607962043,0.007807571095437665,-0.0053072562937942665,-0.018674782107246247,0.005019646763591389,0.003077477156272461,0.019689484974459073,0.012612342300802498,0.012914547232140763,-0.013506169007180097,-0.013982758345882489,0.021803871520963407,-0.027812637599036197,-0.0014666893543355988,0.005239863316070249,0.02612756537801545,0.0013029427056832762,0.03744981142825036,0.014964686870352462,0.0066599530442863555,-0.010731371015501574,-0.01057368117949765,0.024109168500075946,-0.0034917112848423587,-0.011230391010603,0.004107455674755909,0.006337030248903614,-0.004931128694622798,0.008660437217852516,0.00939513661197846,0.01557839528994158,0.04481547476163613,0.025540563374939314,0.023985059781775588,0.00800088738623775,-0.03018976397370896,-0.005617713799273342,0.015154471426496055,0.0038568495061984,0.0391573042654683,-0.020324317809111196,-0.004824862566929033,0.0009347861678609629,-0.0051130839977498515,-0.01862115524118869,0.007534799417372519,-0.018862650826737576,-0.03700273873656326,-0.017818544926914325,-0.022158934790235982,-0.008130599529520877,-1.1883639571831418e-05,0.002153155345958485,0.008153351999505553,0.0200897061972307,0.016349841379564217,-0.005405674539008618,0.033960899237322546,-0.01973144306921946,0.06893004616852748,-0.026081319203124523,-0.03668654096172966,-0.0058260507973383665,0.04628394456920995,-0.014382408652347675,0.0033493584256052322,-0.003389623959897976,0.030717357875753103,0.002025585288271155,-0.004849012236943335,0.016030694163900145,-0.02684359812246355,0.017539623044598045,-0.0018225083786646875,0.011586787854344352,8.660966184350327e-06,-0.0326366776487775,-0.015585653975734852,0.025038413944862094,0.0023978027420259018,0.0015377301918865504,0.009132507383453255,0.03784331977439735,-0.000289473522737791,0.002592682737406012,0.002211251594917273,0.004226772721815811,0.017574716840034466,-0.01736127810919178,-0.013608547183633779,-0.006405825005439484,-0.009426078044261021,0.01910591523874194,-0.018400357481478013,0.0071732949976122725,0.016241174183059506,0.022673169355710347,-0.009488555092371464,-0.0009744453399550551,-0.019824630064927164,-0.021838889487628216,0.020273256523746407,0.036233746899396055,0.01654480061356902,-0.02855029403224036,-0.007510130559097908,0.006557972842144742,-0.01182062286406068,0.011680956830809537,0.019055385570430218,-0.03493004351220571,0.00681198403247696,0.009096981783202422,0.027556320982970655,-0.016034158697621946,-0.02474027503407949,-0.01774161071992814,0.013225421484585182,0.006057130614246566,0.022925384599532857,-0.008790915091190581,-0.01338234117237489,0.023776190569378533,-0.013800849725263598,-0.0033657994812761236,-0.04339779663199475,0.004973460148238046,0.015285232598907635,-0.008488668443356079,0.018119982100251418,-0.0166126015129736,0.018278601290645395,-0.00472818811692843,0.010876644552344937,-0.022652568341346255,-0.0005563934798553574,-0.003940095527581573,-0.014118167624881278,0.012960161767913642
Approach PP,h2,95,7.016306528759557e-08,31,2,1.0,-0.0014520311570729502,-0.0054954201946379715,0.0007992958807564512,0.0025949143495815176,-0.011631548585999029,-0.0007279202469849049,0.007589779090064055,0.010709406434328744,-0.002078996440770161,-0.0071661668273273905,0.009015718739503633,-0.006760480397445974,0.0016733009112067563,0.0018375692632635278,-0.005046005046278624,-0.00535453230680542,0.012067658967287875,0.015523224235061507,0.011753791905778715,-0.0014755000269583735,-0.007410584553996676,-0.010870020228868611,0.01718989560874389,-0.00020474750220387652,-0.000699829574396852,-0.011981901836173885,0.018693576349154882,0.005897441494355962,0.001720521130333849,0.03261342414368102,-0.007518425962671292,0.022302110964096795,0.005260950732353224,0.009571966666424937,0.014443219069451212,0.0026217985105938023,-0.007015908365375351,0.002558699676993278,0.02831199214258407,-0.009492164650472425,0.006403788887467466,-0.005080575052695411,-0.006641210707876698,0.004342212443235256,0.00841338041881917,-0.014846097197136223,0.004509608729084174,-0.0020987214778379255,-0.011709907720624758,-0.0024858530242990898,-0.015858790076715656,-0.009353203242584499,0.0037315198492788543,0.0025571787905722416,0.005638714412117964,0.008178144621440063,0.026120659144864496,0.016716743529435505,0.013711970132215695,-0.0032618128942890805,0.023500963677244732,-0.0023133036631672594,-0.022324989151754886,-0.01776435545681797,0.019432098319547102,-0.003933765425779521,-0.014011549667927232,0.004871728146432352,0.0014214408721037117,-0.008621313383283626,-0.013872383849337595,-0.008916796541273586,-0.01247563773922117,0.025847899740160135,-0.01677555571095918,0.014709465840102746,0.017983845407992728,-0.010353496579134688,-0.015489483486659086,0.0026434658158854926,-0.00817793608733893,-0.022448596198125215,0.0023990593926724595,-0.005298634864919066,0.007261253398926464,0.007429732571485553,-0.000740850708266746,-0.00025839214184244987,-0.0010440457368855829,0.0005128417044151714,0.0059813567518156585,-0.004079488615834297,-0.0001657000388704045,-0.015322475431597116,-0.0012998116030438266,-0.004696612757966158,0.0017594047359521772,-0.009570677668237151,-0.005332482580294089,-0.01140284112609939,-0.0032080248989335724,-0.006933919199613251,0.012597820131372664,0.017832308428692645,0.010977911404587634,0.0015430825608054456,0.01776577422952569,0.005844110523080363,-0.019483546843008247,0.0048938162230589425,0.006218115757114877,-0.010720939091007764,-0.007557331739678344,0.0044600293539477,0.005802959165917021,0.0020251570899613006,-0.004043646730682364,-0.009784562007426428,0.003910360395983565,-0.005835014533277572,0.00793765235288255,0.00033223054809145783,-0.01206245854350365,0.003010132671611444,-0.002661582877792472,-0.004479060472732879,-0.013895616219224862,-0.008833088972937171,0.002733273561182394,2.56262646189559e-06,-0.003122490612238289,-0.005355828753850192,-0.0024121746826899714,-0.0021984751077657166,-0.013016114161791744,-0.006435440627711884,0.002461470293083922,0.0033139741472837624,-0.0017738622005299151,0.0032828377520173705
Approach PP,h4,5,-0.0006099575752439501,31,29,1.0,0.017753491914493477,0.00885196123781378,0.012254136111780277,0.013070972793859012,-0.0010795127392442887,0.006048186659675334,-0.0013328642666345933,0.003822112227026688,0.005024400449210503,0.007487935401461123,0.01453133288235171,0.01873895740656665,0.003899270992514175,-0.0017008128838634767,0.029836827335682374,0.015111861966674082,-0.0028755577423368317,0.011459856020579211,-0.003390464930428357,-0.00573304525737409,0.018472763938007397,0.023315774387619465,0.02155069970892336,-0.026570862757819207,0.01408400472385676,0.009973676900934031,0.0212958357120335,0.015265875932648755,0.0011781353860081138,0.013150765328440893,0.008846451073862213,0.0066855490982481725,-0.00706487156461289,0.01235190047690233,0.02133345577832516,-6.305828980062045e-05,0.0031461644209529907,0.0015751866903648691,-0.014184392290582597,0.012556687558620999,0.01164381212559267,0.011356905046606667,0.016053005829768457,0.01188733418219217,0.011611967752052197,-0.014365585656699702,0.018016353767152455,0.003494569229992663,0.011862183231266525,-0.007395004018823397,0.013828095055092547,0.0030308154799987565,0.010244299832385373,-0.014697797142317963,0.006671148436075218,0.021665087372705023,0.009295194553047165,0.013183777390337164,-0.006477805720817241,0.010811559582150288,0.000606852503511239,0.019876870416801203,0.007410867642207328,0.02679434645185636,-0.006542964462946594,0.019732283271935838,0.007432296282525059,-0.005904583121157781,-0.008861588001846527,0.020566167005697012,-0.0012943461796253832,0.014206449255363126,0.006969218395761582,-0.0012087879668746387,0.0034966333259089707,0.018636930546558215,0.014002625156438355,0.01280266920322987,0.011068361600425009,0.012494756559127579,0.009420309889617113,0.004957394664585062,0.014578397060515653,-0.010796756705915532,-0.004483910611564956,0.005418943935800669,0.009550189254510288,-0.00504928738515561,0.013668487927083294,0.0072335570275483116,0.01014258995894291,0.013519156512326708,0.0019727496354236067,-0.006154861602534999,0.024541885994534017,0.005822420342082269,0.000582957877287322,0.006456028848245291,0.012802183787378085,0.00417753064657659,0.010792546534020453,-0.0009445490360367264,-0.01626115203582358,-0.001558807241124338,0.01854461641133141,0.006715386999441498,0.003606385121669765,-0.03195079710119365,0.006938389567064467,0.003460382414975488,-0.0024196683067785815,-0.0017931657368804254,0.00017076370722861987,0.008798618660358328,-0.007406840443000218,0.012393991129244681,0.016889402901083095,0.01859013882849438,0.00021462960738143923,0.0008281996199405381,0.003671276335954934,0.018600641567447455,0.01236345079071737,0.0013081484563596914,0.010295897140122922,1.1115286140809331e-05,0.020345427552108,-0.002983162693186211,-0.007470669689575061,0.011792011801323455,-0.00475350425458871,0.012815908259581628,-0.00299658219380999,0.005192922633526118,0.0046469837536615875,-0.0035873577628854564,0.019213473837650912,0.006728561585354516,0.010598835212391813,0.0038341859249031137
Approach PP,h4,25,-0.0004157833139991,31,23,1.0,0.028505563909143883,-0.020463243464774936,-0.014418514806898234,0.0030994990111453307,0.017715545884223378,0.012270931377750696,-0.006319798993452584,-0.025680093613467698,0.023457317903190965,0.016593927761569288,-0.009945063168303804,0.0117379508529245,0.023116451764182606,-0.022431018641251504,0.025581465373524057,0.045870554515606704,-0.013979244347345836,0.0032536172854644857,-0.005067589054346404,0.001585411228703843,0.0069968645939020154,0.023426008270413072,-0.009211101140949115,-0.0016424105829029262,-0.027050982587717726,0.0037713741080100953,0.01312992899685871,-0.007179527877369763,0.0011895500934825138,-0.04016703569959296,0.030679509305241087,0.021081105628919555,0.003349074414009203,0.01486676210649997,-0.01724547306877384,0.012911574480382418,0.0361263843171827,-0.036466097122383086,-0.0007230369749331733,0.028740557953035352,0.0043346397900405585,0.042311965512850234,0.0078061925248260325,0.012293124089060338,-0.012151605176379301,0.02733188857037746,0.027804487948404375,0.011395831145233718,0.02383737090111501,0.010483530352791386,-0.019026314674849748,0.02896349346019134,0.007828580883312635,0.01408052721811953,-0.004005925572124536,0.010481762694464575,0.020669450484187644,0.010422089172740186,-0.030578920633944295,-0.001069836831947983,-0.0036164987899711546,0.015535241195173192,0.02560432460769159,0.037745481576638255,0.010295666971044433,-0.012473521391047994,0.002467084499323591,-0.02476333668449759,0.005739575754231729,0.008943182824109181,0.007800980754429353,0.0020441288591618125,-0.007540223580531256,-0.003369600980551029,0.025369435030517536,0.030193008807521262,0.042589220216788064,0.004602311072766992,0.01978382161823007,0.0006926027339477898,0.0032188788150906227,0.04685706028203527,0.03130652136439388,-0.025557789040356143,0.0006317561742938903,-0.007908241386184846,-0.010591861026368991,0.019627166029633134,-0.006289532425350566,0.011074694476830677,-0.01473062458959718,0.009788433366813258,-0.01568785204398675,0.019873828380842364,0.006070032207508464,0.020783972134916714,0.005959122015245893,0.010084962856137447,0.011508346032008225,0.020656114929603852,0.012083828471547547,-0.005692215949818375,-0.031055270006625776,-0.017393255069842076,0.02637926199887658,-0.022362460769564996,0.021809711231887515,-0.008448289755084496,0.007444847125089675,-0.0036986960168042624,0.016859155879768346,-0.004501963709270366,-0.016540207035307317,0.01990465382373348,0.018323568288288176,0.01830749747041881,0.04233031566642942,-0.01839684727621638,-0.019607175807361803,-0.003955526797708644,0.001846991588412859,-0.021500285224557703,0.01916107644359679,0.008627176858465193,0.017070213841078548,0.0082800634521125,0.012448645772768916,0.03110466733197194,-0.030314123959001685,-0.03543051881637596,-0.013720807683775827,0.0007344088952336166,0.025050756638442306,0.0049415675207237905,0.008378270829968119,-0.015291631717796945,0.019095263261707175,-3.041585536514395e-05,0.021966930519283185,-0.012036482310279721
Approach PP,h4,75,-5.629556368932334e-05,31,8,0.9157608695652174,0.01414172555158832,-0.023370736812592195,0.010076248504287077,0.017004238465446533,0.006774440362864096,-0.01130713579860294,-0.011586198444069355,-0.02114928914459143,-0.0012111197601630762,0.0006187318614165581,-0.022096858756670678,-0.009485019084097622,-0.012726259901603238,-0.01199353647101178,0.005289651810510485,0.004220380888620507,-0.006426594395517286,-0.006741427922881252,-0.012360522501276106,-0.006849219754013381,0.019185275487750866,0.014945547960677636,-0.0050051590890037145,-0.0030853173209684634,0.03344916679587599,0.0004788711170172252,0.005188291873069805,-0.017146938792802154,-0.003310202521214449,-0.04454145345947742,-0.011875304531838054,0.015184910122317078,-0.012312549934344079,-0.00047639831348653214,-0.004734005415915281,0.016614443703037912,0.0034261787037446006,-0.015569627538296263,0.013544285961318701,0.006900827242089781,-0.009892164663325261,0.018329854408171514,-0.010202168074324058,0.0078275716978063,-0.010167157509101705,0.06507880493106022,0.011215714461979446,0.03214249643302506,-0.017927713255671926,0.014134628094841733,0.012246197114396711,0.03921224667928492,0.010416610828814484,0.026871322294125772,-0.03845617273061827,0.01224209998380958,0.034392480579854834,0.015469120134941877,-0.05839460012596516,0.014416572129671158,-0.011971458692011123,0.019212457854585422,-0.00633877438955437,0.00783660920652159,-0.0316763095016101,-0.004671750489672854,-0.004162109509873955,-0.0008217226831024238,-0.013827638829009472,-0.0036680294245198678,0.0015074732564683258,-0.004083175917934574,0.015836207536084692,-0.011194530363619462,0.006797054169163544,0.017025654583018326,-0.007731136632792497,0.023857578878351476,0.012726609411815793,-0.018974173737916704,-0.009521824051405012,0.04036329710788874,0.010906220840189152,-0.016697394922435792,0.017304889336321936,-0.005080639526523611,0.024761314686135797,0.01769187827281858,-0.013976845424440939,0.045413584837083625,0.0015738979774402339,-0.014625524363838764,0.009014495792790149,-0.0008777134951374636,-0.009204705352733789,0.019269981469631194,0.0027913031776196353,-0.01744694703327118,0.006302933282014802,0.0016008605677249425,0.022096877042695435,0.019090833168083247,-0.023220482120117295,-0.029958612566640067,0.03306532961792173,0.034581755649340275,-0.005164623280723142,-0.01032310483226207,0.009307741808224265,-0.015563447872087821,0.007483472287479891,-0.03180558944132111,0.015453192664609258,-0.03289528275852721,0.031161495997703115,0.009669473944271005,0.024512564687402788,-0.006052404583283287,-0.01138435782315336,-0.007068219708284874,-0.018411043151540463,-0.024088584589473088,0.03564618236611103,0.00909709218979265,0.013391874241070897,0.001688560815389389,0.03268313282366747,0.019280599481150493,-0.0024176197874797895,-0.007835454082455263,-0.008839973218166264,0.01118975526059461,-0.0011429522502720184,0.02138678280232017,0.023778476299024177,-0.0036411169860896186,-0.025772751891256638,-0.009123705009863375,-0.006227762479927526,0.013492199817472777
Approach PP,h4,95,9.581840583550681e-05,31,2,1.0,0.00919001743341298,-0.006046136337325434,0.011761755830491313,0.013871051007789703,0.004983009665054066,-0.0023492530225012577,0.0023603499981867068,-0.009768878594373247,-0.003073590222284033,-0.009320160954236972,-0.0013766852301264568,-0.010487159471544468,0.004707044887447435,-0.018741003073523305,-0.016989772024273327,-0.015025739840299972,-0.00654941781701623,0.0012773749613752227,-0.0030485794973908477,0.0036258598867391903,-0.003277522372212303,-0.014447586806886905,-0.009293756706281986,-0.0059056455210229454,0.025070245786788917,-0.019162440780641717,-0.008472145963300181,-0.00644221599041721,0.001299644196303197,-0.017078263542765027,-0.010439106202785159,-0.01432968459207724,-0.01235885695796181,-0.002786046782752956,-0.003332708305079753,0.01197970844814718,0.0038300816042186755,-0.016176739822760473,0.00232644111777278,0.01266957290024515,0.002737466718789015,0.0009590211180877748,0.0034971858951059137,-0.008646195349640725,0.004953485334594258,0.028971679260187733,0.01893650841084517,0.011331965899450127,-0.00939708345354163,0.013472738355418777,0.0030511441028459973,0.0011431858104432005,0.018483014688519275,0.002300829267150268,-0.012095288884984758,0.022059703880099445,0.012740748934023393,-0.008666937714978716,-0.008083412679584701,-0.009510026766335762,0.0022650589236532454,0.01012747578597882,0.009144095431413566,-0.0004196388821958558,-0.006337269348636052,-0.005925204353246632,0.0011047252178146292,-0.01225016806011827,-0.013205779750284061,-0.004194987995321689,-0.009455872642126783,0.01988096918405843,0.0055670409282262785,0.007296723326983293,-0.006117009218912542,-0.005286576236448144,0.014665688703541981,0.0032419283501286234,0.007829944930615416,-0.002545952735910087,-0.01554450929221739,0.017280556228052742,-0.014918683133033376,0.003476111358386985,0.004191074454579306,0.0010677327453879227,0.031128204946847256,-0.004323597358151487,0.003503386139046595,0.012396564726931111,0.004027885368117509,-0.0017701301928814113,0.023082541270655794,0.00017522408205156308,0.02055307514974419,-0.0009201302450478868,0.008931974599121938,0.0018323517381203585,0.012715624683537765,-0.018395386409793206,0.002693619991829679,-0.002269772385442708,-0.003421953274583691,-0.00020776070481481258,0.011825572497942076,0.01908923777057963,-0.019111696143138214,0.01079269349541621,-0.00645317043548808,0.0025023460530270002,-0.016608107970713874,-0.020375331113952486,0.016748823407411854,-0.013348705041557047,0.0033625582661653153,0.0029470603656779107,-0.003581678991116484,0.003456074308761427,-0.0073558872014609505,0.009965504578239812,0.006828268860981289,0.004545560567281427,0.006734568770624503,-0.002863152013942666,0.02112108020474151,0.006644360877663743,0.005631021946076653,0.01131660873583298,-0.0044780873486308945,-0.01074568077593234,-0.006501320249296615,7.406738654243308e-05,0.00645637007537012,0.007924326072581377,0.014627179585436927,-0.008852850182631334,-0.010630800112125943,-0.01405730471751369,0.01717795963143143,-0.0032046191495367633
Approach PP,T_opt,5,15.0,31,1,0.4833333333333337,-0.0046421855404179535,0.006545418940116647,-0.003362364484281317,-0.005762432406971227,-0.0029864502098790684,-0.002949759475230708,-0.0002443325440706395,-0.002357548186640877,-0.000500272371730969,-0.003005581410453549,0.0002068933881112225,-1.0581440173897952e-05,-0.0017532998501991783,0.0017499020533175518,-0.0005618623774231098,0.003168329325211015,-0.0013966449085411556,0.0018671814843243839,0.0008997021556005435,0.0018553408825004373,0.001718733263044834,0.006802454952413959,0.005093899383241191,-6.841788117255767e-05,-0.00325644252999177,0.0023857898711299756,0.0023514976130306485,0.0027102745709842026,0.0007754977487398285,0.00440509078984673,0.000402854082069903,-0.0005532777780523031,-0.00032036209013551947,0.0007254605709303443,0.0011379141657179082,0.003194327093382717,0.004580565294076042,-0.0024086414529948317,0.000752607923440094,0.0021268051304173287,-0.006096011019227208,-2.8331898777947612e-05,-0.004005298077469394,-1.8168037965665306e-05,0.0009118614008177347,0.0031919476179810818,-0.0013475401833444435,0.003932861200291679,-0.001178203939464076,-0.0026834853771572566,-0.003839251510650699,-0.003298463262086431,-0.0046197057108310164,-0.0006185920959224889,-0.0027684647707979008,-0.006097462911029288,-0.0006452736954717448,-0.0027178861482353885,-0.0007616167511322744,-0.00281624714710478,-0.0037706195277573593,-0.002361340624738198,-0.001936871523010235,-0.004747595403290508,-0.0029546930229650582,0.002641858188128896,0.0006655866706163249,-9.226362582366627e-05,-0.0002537524659129165,6.22355627583694e-05,-0.0017303524813386982,-0.004984737011275274,0.0046246874227618105,-0.00025760152878083925,-0.0013677660110370468,-0.00021201338602621486,0.005917795248268079,-0.001244110094122837,0.002270808893250874,-0.004162314644896977,0.0033325580350468203,-0.003832195834891028,0.00016119664224669098,-0.0012548710780218714,0.004301657374655953,0.004603307443493406,-0.004297894445628701,-0.0008934619089723989,-0.0038643229455671904,0.00038192417793593537,0.0014591998890947815,0.011359719583935628,-0.00011942320175341989,-0.00012239984959627848,-0.0011061138222875435,0.003851540478527388,0.0004986348972688116,-0.0019888094621004974,-0.004754669333411977,0.0020071630396193575,0.0068703522000670095,-0.0004361530363890715,-0.0027081531489989,-0.0015941074667724948,0.006471621564462154,-0.006531264791142304,0.0008736746852644032,-0.0025618115710255786,0.0005385138346208411,-0.0014894491099301766,0.0050907936493459925,0.009156842152993172,-0.0057675377762305335,2.5088319805991382e-05,0.0033720205701452148,0.0034719242266139645,0.003950426764769983,0.0008083200920746464,-0.0018192238032655875,-0.0016571230090800157,-0.004466498817430903,-0.0024716874263530893,0.0022225882499738643,-0.001152681746608757,-0.0048018897649015815,-0.002924025896687839,0.00018669425723348565,0.013464063312006298,-0.0006617186934800369,0.004107834307981802,0.008146865856448004,-0.0029365833304765693,-0.003349995535584842,-0.0009615139163164756,0.004112411715673871,-0.0008056976197241945,-0.002288739715481343,0.00029268795691578145,0.004054469651268353,-0.002159061003481423
Approach PP,T_opt,25,15.0,31,1,0.4833333333333337,-0.0046421855404179535,0.006545418940116647,-0.003362364484281317,-0.005762432406971227,-0.0029864502098790684,-0.002949759475230708,-0.0002443325440706395,-0.002357548186640877,-0.000500272371730969,-0.003005581410453549,0.0002068933881112225,-1.0581440173897952e-05,-0.0017532998501991783,0.0017499020533175518,-0.0005618623774231098,0.003168329325211015,-0.0013966449085411556,0.0018671814843243839,0.0008997021556005435,0.0018553408825004373,0.001718733263044834,0.006802454952413959,0.005093899383241191,-6.841788117255767e-05,-0.00325644252999177,0.0023857898711299756,0.0023514976130306485,0.0027102745709842026,0.0007754977487398285,0.00440509078984673,0.000402854082069903,-0.0005532777780523031,-0.00032036209013551947,0.0007254605709303443,0.0011379141657179082,0.003194327093382717,0.004580565294076042,-0.0024086414529948317,0.000752607923440094,0.0021268051304173287,-0.006096011019227208,-2.8331898777947612e-05,-0.004005298077469394,-1.8168037965665306e-05,0.0009118614008177347,0.0031919476179810818,-0.0013475401833444435,0.003932861200291679,-0.001178203939464076,-0.0026834853771572566,-0.003839251510650699,-0.003298463262086431,-0.0046197057108310164,-0.0006185920959224889,-0.0027684647707979008,-0.006097462911029288,-0.0006452736954717448,-0.0027178861482353885,-0.0007616167511322744,-0.00281624714710478,-0.0037706195277573593,-0.002361340624738198,-0.001936871523010235,-0.004747595403290508,-0.0029546930229650582,0.002641858188128896,0.0006655866706163249,-9.226362582366627e-05,-0.0002537524659129165,6.22355627583694e-05,-0.0017303524813386982,-0.004984737011275274,0.0046246874227618105,-0.00025760152878083925,-0.0013677660110370468,-0.00021201338602621486,0.005917795248268079,-0.001244110094122837,0.002270808893250874,-0.004162314644896977,0.0033325580350468203,-0.003832195834891028,0.00016119664224669098,-0.0012548710780218714,0.004301657374655953,0.004603307443493406,-0.004297894445628701,-0.0008934619089723989,-0.0038643229455671904,0.00038192417793593537,0.0014591998890947815,0.011359719583935628,-0.00011942320175341989,-0.00012239984959627848,-0.0011061138222875435,0.003851540478527388,0.0004986348972688116,-0.0019888094621004974,-0.004754669333411977,0.0020071630396193575,0.0068703522000670095,-0.0004361530363890715,-0.0027081531489989,-0.0015941074667724948,0.006471621564462154,-0.006531264791142304,0.0008736746852644032,-0.0025618115710255786,0.0005385138346208411,-0.0014894491099301766,0.0050907936493459925,0.009156842152993172,-0.0057675377762305335,2.5088319805991382e-05,0.0033720205701452148,0.0034719242266139645,0.003950426764769983,0.0008083200920746464,-0.0018192238032655875,-0.0016571230090800157,-0.004466498817430903,-0.0024716874263530893,0.0022225882499738643,-0.001152681746608757,-0.0048018897649015815,-0.002924025896687839,0.00018669425723348565,0.013464063312006298,-0.0006617186934800369,0.004107834307981802,0.008146865856448004,-0.0029365833304765693,-0.003349995535584842,-0.0009615139163164756,0.004112411715673871,-0.0008056976197241945,-0.002288739715481343,0.00029268795691578145,0.004054469651268353,-0.002159061003481423
Approach PP,T_opt,75,15.0,31,1,0.4833333333333337,-0.0046421855404179535,0.006545418940116647,-0.003362364484281317,-0.005762432406971227,-0.0029864502098790684,-0.002949759475230708,-0.0002443325440706395,-0.002357548186640877,-0.000500272371730969,-0.003005581410453549,0.0002068933881112225,-1.0581440173897952e-05,-0.0017532998501991783,0.0017499020533175518,-0.0005618623774231098,0.003168329325211015,-0.0013966449085411556,0.0018671814843243839,0.0008997021556005435,0.0018553408825004373,0.001718733263044834,0.006802454952413959,0.005093899383241191,-6.841788117255767e-05,-0.00325644252999177,0.0023857898711299756,0.0023514976130306485,0.0027102745709842026,0.0007754977487398285,0.00440509078984673,0.000402854082069903,-0.0005532777780523031,-0.00032036209013551947,0.0007254605709303443,0.0011379141657179082,0.003194327093382717,0.004580565294076042,-0.0024086414529948317,0.000752607923440094,0.0021268051304173287,-0.006096011019227208,-2.8331898777947612e-05,-0.004005298077469394,-1.8168037965665306e-05,0.0009118614008177347,0.0031919476179810818,-0.0013475401833444435,0.003932861200291679,-0.001178203939464076,-0.0026834853771572566,-0.003839251510650699,-0.003298463262086431,-0.0046197057108310164,-0.0006185920959224889,-0.0027684647707979008,-0.006097462911029288,-0.0006452736954717448,-0.0027178861482353885,-0.0007616167511322744,-0.00281624714710478,-0.0037706195277573593,-0.002361340624738198,-0.001936871523010235,-0.004747595403290508,-0.0029546930229650582,0.002641858188128896,0.0006655866706163249,-9.226362582366627e-05,-0.0002537524659129165,6.22355627583694e-05,-0.0017303524813386982,-0.004984737011275274,0.0046246874227618105,-0.00025760152878083925,-0.0013677660110370468,-0.00021201338602621486,0.005917795248268079,-0.001244110094122837,0.002270808893250874,-0.004162314644896977,0.0033325580350468203,-0.003832195834891028,0.00016119664224669098,-0.0012548710780218714,0.004301657374655953,0.004603307443493406,-0.004297894445628701,-0.0008934619089723989,-0.0038643229455671904,0.00038192417793593537,0.0014591998890947815,0.011359719583935628,-0.00011942320175341989,-0.00012239984959627848,-0.0011061138222875435,0.003851540478527388,0.0004986348972688116,-0.0019888094621004974,-0.004754669333411977,0.0020071630396193575,0.0068703522000670095,-0.0004361530363890715,-0.0027081531489989,-0.0015941074667724948,0.006471621564462154,-0.006531264791142304,0.0008736746852644032,-0.0025618115710255786,0.0005385138346208411,-0.0014894491099301766,0.0050907936493459925,0.009156842152993172,-0.0057675377762305335,2.5088319805991382e-05,0.0033720205701452148,0.0034719242266139645,0.003950426764769983,0.0008083200920746464,-0.0018192238032655875,-0.0016571230090800157,-0.004466498817430903,-0.0024716874263530893,0.0022225882499738643,-0.001152681746608757,-0.0048018897649015815,-0.002924025896687839,0.00018669425723348565,0.013464063312006298,-0.0006617186934800369,0.004107834307981802,0.008146865856448004,-0.0029365833304765693,-0.003349995535584842,-0.0009615139163164756,0.004112411715673871,-0.0008056976197241945,-0.002288739715481343,0.00029268795691578145,0.004054469651268353,-0.002159061003481423
Approach PP,T_opt,95,15.0,31,1,0.4833333333333337,-0.0046421855404179535,0.006545418940116647,-0.003362364484281317,-0.005762432406971227,-0.0029864502098790684,-0.002949759475230708,-0.0002443325440706395,-0.002357548186640877,-0.000500272371730969,-0.003005581410453549,0.0002068933881112225,-1.0581440173897952e-05,-0.0017532998501991783,0.0017499020533175518,-0.0005618623774231098,0.003168329325211015,-0.0013966449085411556,0.0018671814843243839,0.0008997021556005435,0.0018553408825004373,0.001718733263044834,0.006802454952413959,0.005093899383241191,-6.841788117255767e-05,-0.00325644252999177,0.0023857898711299756,0.0023514976130306485,0.0027102745709842026,0.0007754977487398285,0.00440509078984673,0.000402854082069903,-0.0005532777780523031,-0.00032036209013551947,0.0007254605709303443,0.0011379141657179082,0.003194327093382717,0.004580565294076042,-0.0024086414529948317,0.000752607923440094,0.0021268051304173287,-0.006096011019227208,-2.8331898777947612e-05,-0.004005298077469394,-1.8168037965665306e-05,0.0009118614008177347,0.0031919476179810818,-0.0013475401833444435,0.003932861200291679,-0.001178203939464076,-0.0026834853771572566,-0.003839251510650699,-0.003298463262086431,-0.0046197057108310164,-0.0006185920959224889,-0.0027684647707979008,-0.006097462911029288,-0.0006452736954717448,-0.0027178861482353885,-0.0007616167511322744,-0.00281624714710478,-0.0037706195277573593,-0.002361340624738198,-0.001936871523010235,-0.004747595403290508,-0.0029546930229650582,0.002641858188128896,0.0006655866706163249,-9.226362582366627e-05,-0.0002537524659129165,6.22355627583694e-05,-0.0017303524813386982,-0.004984737011275274,0.0046246874227618105,-0.00025760152878083925,-0.0013677660110370468,-0.00021201338602621486,0.005917795248268079,-0.001244110094122837,0.002270808893250874,-0.004162314644896977,0.0033325580350468203,-0.003832195834891028,0.00016119664224669098,-0.0012548710780218714,0.004301657374655953,0.004603307443493406,-0.004297894445628701,-0.0008934619089723989,-0.0038643229455671904,0.00038192417793593537,0.0014591998890947815,0.011359719583935628,-0.00011942320175341989,-0.00012239984959627848,-0.0011061138222875435,0.003851540478527388,0.0004986348972688116,-0.0019888094621004974,-0.004754669333411977,0.0020071630396193575,0.0068703522000670095,-0.0004361530363890715,-0.0027081531489989,-0.0015941074667724948,0.006471621564462154,-0.006531264791142304,0.0008736746852644032,-0.0025618115710255786,0.0005385138346208411,-0.0014894491099301766,0.0050907936493459925,0.009156842152993172,-0.0057675377762305335,2.5088319805991382e-05,0.0033720205701452148,0.0034719242266139645,0.003950426764769983,0.0008083200920746464,-0.0018192238032655875,-0.0016571230090800157,-0.004466498817430903,-0.0024716874263530893,0.0022225882499738643,-0.001152681746608757,-0.0048018897649015815,-0.002924025896687839,0.00018669425723348565,0.013464063312006298,-0.0006617186934800369,0.004107834307981802,0.008146865856448004,-0.0029365833304765693,-0.003349995535584842,-0.0009615139163164756,0.004112411715673871,-0.0008056976197241945,-0.002288739715481343,0.00029268795691578145,0.004054469651268353,-0.002159061003481423
Approach DP,h1,5,0.0021132780280931,31,29,1.0,-0.012793995487875298,0.009464304292037592,0.007621834432489762,0.00810990536407532,0.0034836514261049815,-0.009726899938145843,-0.004805891139034241,0.007174763376598053,0.0024118553587934534,-0.0039152170997639926,0.016172426747747506,0.014544277112797757,0.0059854555291103855,0.013637631358720688,0.008130763957318807,-0.007842542083003216,0.014124316616862968,0.01691017570070129,0.006104564774683791,-0.005474242764222694,0.02068200499859475,-0.005077664543593362,0.006694749791017952,0.016457734218877532,0.01615863822093631,0.015740977555386976,-0.008736189484800184,0.015587871342253834,0.007603376935775563,0.018391598361086604,-0.004714443520647906,0.007860596124191559,-0.00315205100189203,0.0014811858012685056,0.0049374555552754665,0.004065725208193488,0.005841355749543545,0.009933927865537172,0.003801506034866069,0.009732918709809604,0.013445574236793031,0.016787292530607692,-0.0008180570541282769,0.0073220610664088545,-0.0011887440410971433,0.007759944095022312,-0.012821167261002117,0.021889675174671795,0.010957946517494021,0.009364060715629176,0.0003351113559003832,0.004398744613728634,0.00557730039273488,0.011984471364216142,0.014856355170311171,0.008345011678749261,0.014033725842584104,0.013948932365370323,-0.005930402092865221,-0.00224623127924574,-0.02436415097826118,0.00789965492460626,0.020219573917560543,0.009655417076920277,0.013149190037450685,-0.004826911958651505,0.0057758678740045845,-0.008031596481884513,-0.0006923171081797979,-0.005893295792863846,0.01725478355899748,-0.0010217446905971535,0.007470852028276174,0.016882769566096304,0.0017377004239196108,0.02780232512109587,0.029469450601277255,0.010113815513990376,-0.006021268074594577,-0.015924527426871612,0.005147911755013834,-0.016701882131313503,0.008578119388301518,-0.0020831513850238037,0.010843279307476753,0.0082514349499635,-0.003081586049945808,0.007704557203237359,-0.0017468360886305333,0.016823612004802917,0.012001119313703323,0.015773750385961356,0.011037609203780325,0.012688925706084417,0.004371849550428192,-0.004798180046162507,0.004634099289400278,0.005495864291124191,-0.010214015134757823,0.010770004244067934,0.019435648520717292,0.03010786141342918,0.006966403600507649,0.013478267401170075,0.002044317248497735,0.01227471218975704,0.0338620643134549,0.01938667522299171,0.004980308999629149,0.00043312379658296587,-0.015465838566961534,0.022465943318305495,0.022831774553189115,0.012700679437206343,0.004092886435400866,0.02674823004998308,0.019552731543145945,0.013713220714846088,0.014713891584146209,-0.013266494113309543,-0.010262799064938153,0.0073070384534464706,-0.002621022221076314,-0.00899500121108529,0.0010584752665858106,0.005879126470239671,0.008343367472634968,-0.0028640913148580936,0.006558629957318599,0.02945445644979363,-0.021609091965120526,-0.002645797282821473,0.002042199963748098,0.006897883774942207,0.0034171279111116183,0.013493453046227833,0.009057910084730246,0.0039688043354529886,0.0010440030525590942,0.01349218615335785
Approach DP,h1,25,0.0048463652724017,31,23,1.0,-0.042827171085958474,0.043626037524927476,-0.0007472582236796587,0.00536745634395426,0.0058547213217300335,-0.001238746076331743,-0.0022880621190393656,0.007966640462322665,-0.009565373639790419,-0.03408506045979743,0.025507000528735047,0.032679639202056236,0.002744373727109745,0.028173856573006185,0.005446016773482184,-0.014392400611626714,-0.00811088212453723,0.018490758265265438,0.0029686005098990597,0.009154062493876755,-0.009832961435585175,0.002467723439523779,0.022036934313827194,-0.010462834263902777,0.006828524619025376,-0.007668540160204803,0.03661484286518427,0.016126224664634037,0.009088666099122455,0.030972184955267275,-0.01344229869114048,-0.025345106344985855,-0.02379106742800141,-0.014406005038776277,-0.028953730860793815,0.011464988686347436,0.02787411052493378,0.003801342435317969,-0.00784461373130245,0.006172050876692465,0.008432732028186514,0.00800969160249487,0.010263878016261418,-0.012640918037947646,0.00037950855023714873,-0.00155567739487383,0.00540428557300491,0.016866022901482192,0.0352543462781716,0.00270499853998031,0.0030871201676950216,-0.01620536457102998,-0.002432282181974422,-0.008373690646521412,0.00013911854865007427,-0.009523690730146972,0.006478531297276234,-6.209106200309387e-05,0.0013432731896011096,-0.004124791577741257,-0.022237452039051697,0.013839474793990164,0.03208612443072158,-0.012835945041006998,-0.01443534589541585,0.011613082230073693,-0.005794878053974826,-0.0017597732606303952,-0.012852935495998032,-0.001668031848166551,0.00759839022924804,0.004359018476541515,0.02633043860911702,0.024834138375124513,-0.019540366506664,0.0021088954555828396,0.016572771813206426,0.005663558417351481,0.004828608441240565,-0.005605387662341179,0.008274262923694669,-0.017387142933182886,-0.00121508742877118,0.01953552872494977,0.01871664755892122,-0.004787671043030248,-0.0055315484494081165,-0.012248599264442737,0.01580141869281619,0.03396606280939532,0.0006406450298629421,0.022722144692423254,0.03266726878664743,-0.009458242114391238,0.043594110867522316,-0.01525513804222514,0.007686547262725598,0.0027506402891550696,4.949993133402701e-05,-0.025163333747261027,0.016814211470054706,0.04702297624599422,0.006032534910875357,0.01550209611644469,-0.012018631639820688,0.01655828809192293,0.0018898625584370767,0.02542942891495438,-0.014071914477759025,0.017817400683370253,-0.02294193580962211,0.05964390756759367,0.016495282902629214,0.010438188360788542,-0.03908157672097409,0.013031519579900262,0.004358548294647447,0.013647890679854491,0.005812728781336568,-0.006230052145455908,0.01064301107047565,0.04314657974784271,-0.021754838547772885,-0.043456525155332965,0.005569065073774573,0.01231202057763189,0.015700556718468244,-0.009838128717848341,0.008211782502317414,0.054605670482767904,0.00871313772775999,-0.010154413412225378,0.015350168535875841,-0.006794581547903944,0.01961646723501327,0.03712803602401945,0.02658878680762356,-0.004816037432290491,0.025288282817675763,-0.0030427397202129657
Approach DP,h1,75,0.00860625054321175,31,8,0.9157608695652174,-0.0016185110105342328,0.015227655730342264,-0.025815403718336075,-0.0006334301428483955,0.011664204753009982,-0.018780207856479516,-0.016515558939272083,0.005554775660103015,0.014187022885113275,-0.023283813810242766,0.013502429539729513,0.01831563875166171,-0.007409984651882137,-0.022366148005703943,0.05070961724846449,0.02547653323762135,-0.011771350654566904,-0.008097503311499539,-0.0006726724490985915,-0.02179743292480447,-0.006576530077746585,-0.0042412446736627245,0.002441343108558116,-0.014862486861812114,-0.016281287037736725,0.0003687004539715675,0.01941728946329659,-0.004649292185435956,0.005780252577275463,0.003627187723026703,0.03620555073084406,0.01196245841330747,-0.0025773867950112713,0.0017464705710509656,-0.029645763591658717,-0.012683117540610677,0.028993166776659172,-0.01961378487192861,-0.01975670704261685,0.00865353080347729,-0.0007962961575455363,0.014208792127261526,-0.004772043910512195,-0.01329095188391488,-0.00818904809643589,0.016928693233613956,0.006319612512180932,0.03148446829369695,0.04870918011266272,-0.0038054371948120606,0.001638389637589201,-0.02277286268540678,-0.008837381362199564,0.01741129166149684,-0.00786667369940614,0.011361849815173724,0.013967682128386286,0.0304186181486395,-0.01733282436199338,-0.015911629935877435,-0.04510016758771498,0.00079788569825914,0.01873977426581291,0.016105383155808013,0.010461838393377674,-0.0022860840090260072,0.016196152489224323,-0.01696487866836562,-0.01909508786126368,0.008435050335861867,0.04014385535820973,-0.013833408612769254,-0.010141834128957588,0.04049520525055693,0.025424672041983835,0.00666552175284944,0.012325667407620226,-0.01623070302102363,0.023508381596992534,-0.03255532541956505,0.008000933107386478,0.011998408674683986,0.01692012124573823,-0.0032233687392635092,0.00637476149831317,-0.015850263815467596,-0.044135064400794635,-0.005583736081717653,-0.009285518559491172,0.04763766615715405,-0.0023123161331627786,0.01171358804900971,-0.022763106483596418,-0.00248072413314659,0.037378819902326714,0.005015216137786334,0.0007357880565194454,-0.012302972557429685,-0.018765569376921865,0.00958445117228956,0.013968175829423213,0.0038911935604017444,-0.009067645395200663,0.0022064782972196773,-0.01952190819438022,0.002197915533924305,0.010102584471889206,-0.012176961919977611,0.00641569181616889,-0.0035569921488650402,0.004521744986766409,0.034764577530738645,0.00968191887213404,0.029857818523168957,-0.00547470410211382,0.010828289643727998,-0.005548996586693348,0.01752992209369797,-0.016651391905261725,-0.012290500720890983,-0.01432232555168278,0.00025954044331951505,-0.025630614745593677,-0.018463272049401007,-0.0023731174490111222,-0.006384217976872431,0.018732121384717335,-0.005020365908126748,-0.014814308069810737,0.0006368443568241962,0.020320824262643485,-0.04323652353041552,0.0199240217022411,0.0018947506559163405,0.024366363160470295,0.005067618553964794,0.017319152464794048,0.024783007640646407,0.007888767335540954,0.001339681025821527
Approach DP,h1,95,0.01202557960820835,31,2,1.0,-0.003811694394301077,-0.003005010837385825,-0.0019312916630443908,-0.0014673448955354418,0.00905317417298575,0.001139315580534187,-0.014848937412857683,-0.004216289177125195,0.006339606518210787,-0.002213750508012055,-0.007846962548619411,0.004263670730899943,0.004648089794160181,-0.008250743205356325,-0.004718869630191485,0.001291516268498816,-0.006279268880132953,0.003870750774419838,9.516361831835707e-05,-0.006013375641342287,-0.004779832098683431,0.018897598082363274,-0.01773504256443774,0.016398516801975946,-0.009572097174001613,-0.002069191618726111,-0.0055759874532712046,-0.01149845968100776,-0.0017435006421969176,-0.013472762728062838,0.018470211301778026,0.0037937461431788466,0.006271241682549938,-0.010482939665534123,0.0009164176094349752,0.0008546404014411954,0.023760722030608552,-0.011571341112007388,-0.010187796612663124,-0.012231549465529913,0.005227016495222756,3.913930115825423e-05,-0.0012426889905387882,0.007725822140528466,-0.0032266218776318125,0.002796036290730851,0.01881422508458003,-0.0031902106468984135,0.019483670865976164,-0.008000116045306552,0.004844171835073456,-0.006343730358732181,-0.011910389187221423,-0.0026722590024706714,-0.01576802364875021,-0.0023694503451850185,-0.0014816807664681155,0.03851570552395329,-0.001444566539748902,0.008217476142771218,-0.003783951336712845,0.011471029732475347,0.009330780215195357,0.013230306668583984,-0.017868175979886696,-0.002312722810321863,-0.0007253096468281446,-0.0036791903101619635,0.00024034532340525385,0.003591809530873884,-0.002679039514800462,-0.007028247944220102,0.0029402348418993297,0.01954080224129171,0.005359191049893852,0.005946775181276417,0.004486757946837589,-0.015039488250415622,0.017375865043062155,-0.007600169079653453,-0.003502997413158812,0.020731338239537413,-0.0025444340022572013,-0.014880020819981318,0.010880034090978392,-0.013020617217877431,-0.009790142758976373,0.000820301935961174,0.002461118854160365,0.045379142984605464,-0.0018695748424532534,-0.01928953990313098,-0.0006994929425495079,0.007492833020498768,-0.013039516698802718,0.013849389519558018,-0.010488867152880403,-0.006654667232537399,-0.0015654956690472298,0.016280926878726402,-0.007728403227199691,0.004771587135630169,0.0048100310646665475,-0.012780658146378144,0.018095604622244115,0.00540430297329853,-0.010034888622249305,-0.008885212562134951,-0.0040332259284132106,0.0037785728937865695,-0.00823620377102007,0.016722862884631595,-0.01623980316196045,0.00689698728991876,-0.003166421712017258,-0.001353455432389693,0.0023623002234673834,-0.0027620845115937254,-0.01036962605848274,-0.023775790761741945,-0.008333444753729784,0.000445349470323527,-0.005045723584719173,0.002923782938140789,-0.0025630234669175842,-0.009976341222879714,0.013669464323497624,-0.001335613893584013,-0.0011100547062457959,0.006385160516830703,-0.0013280797287184946,0.013153769595446414,0.010245711133607064,-0.009911517118263664,0.01110145578080759,0.008089406248253429,0.004493649361272898,0.0074782671224646055,0.0015490634359770243,0.006832653442883575
Approach DP,h2,5,-0.00031224757329055,31,29,1.0,0.012759509437740249,0.001943356298834469,0.015899491238463164,0.010687928744013359,-0.005586793641279439,-0.003042925409715705,-0.008555728894963083,0.014191173064727253,0.013178967326483425,0.005008273017134838,0.012701750689249678,0.010727097036117034,-0.0062302549063081,-0.004778608621366936,0.01634716212233577,0.02216394402023132,0.0071679177232576,0.008930879953826321,0.007692996063844026,-0.0010095700638508706,0.019819699900700184,0.006436693380522477,0.008128171628049234,0.001073624849472046,0.021956460019421496,0.005575606455742755,0.010494003382350977,0.0069944195917667346,0.012924961583384015,0.022563582043560893,0.01571357952779868,-0.00475832561987972,0.023115831011504488,0.017442943118724595,0.022338010912219885,0.003096629271588597,0.00513879284807514,0.013565035879449185,-0.017650300354865655,0.014242412798908208,0.01128924337776638,0.013657983584653264,0.002992681204363621,0.007157630656765174,0.008307339728870041,0.002355637594549653,0.011158697659140628,0.011880952885591949,0.003764937927719831,-0.01689299118042491,0.006643056557028564,0.0025504896802885594,0.006246981496742221,0.0030308568547383423,0.013935625763063475,0.01701027307496927,0.010793219790213145,-0.0024780145231008883,0.01665569793666584,0.005077032160966781,-0.006842542166225198,-0.008612005000336839,-0.0004723281726650991,0.006883141075472327,0.007884830871722977,-0.005257798404596714,0.01896815075183743,0.0003125490404786245,0.019736504865086484,0.006097149083994057,0.0006831066744450717,0.01394199609159937,0.010034737394504459,0.011290855822628496,0.015754457325224805,0.023643791181513267,0.010698517937565587,-0.011549983523971992,-0.0004991615503726019,-0.017744920730603637,0.0010404005821198598,0.00432784695123604,0.02249875572842715,0.010577914908152347,-0.005739793886508137,0.011289668615148287,0.016559175630929644,0.014743095313434828,-0.0015508979887919306,0.007798313344155418,0.004060054938240104,0.008425519226544146,0.004176560133027659,-0.011387753551111842,0.008028010884928676,-0.0042973906284750904,0.012414555744999849,0.008612534591289593,-0.0022735976780263196,0.021480453445316898,0.009979039809789808,0.02934398901376044,0.019207835544807497,0.007442206878271024,0.004601861956509862,0.004516152334057089,0.011759315987235447,-0.026629273599912108,-0.006926788805772638,-0.008341136699645006,0.005527418945177687,5.106191777012579e-05,-0.0018498366162154017,0.015293083262916927,0.011772735992441895,-0.00438230315232794,0.0011764351185189952,0.0020297793869980046,0.01731077812240823,-0.0025815577330841034,0.009228701390535561,0.01894249061222194,0.005603780393320645,0.00642539157880666,0.00341551659719185,-0.013150325023566545,0.002604008220629681,0.01195235274347262,0.010116053269418706,-0.012429343901613888,0.00826473665284512,0.0035883165769925295,0.019279106869172856,0.007748345599039125,0.01849560114652469,-0.023087356037074767,0.014182335701932558,0.002682085314453378,0.01658112344333926,0.014293500883500936
Approach DP,h2,25,-0.0002584524963098,31,23,1.0,0.040062633647127116,-0.030257540176158646,0.010275863751205145,0.011730206602509861,0.013507407768998177,0.009240282513357496,-0.011116588224548899,-0.005690349343334294,0.006133848616780959,0.01796818670879087,-0.03243228913164631,0.010476744785628761,0.00413153365421309,-0.01852252871222517,0.012854868139394909,0.05022267718867286,-0.0005750308832352262,0.01661901346633343,-0.008013715591234516,-0.0028521041308174917,0.03790490469811015,0.039748819451748234,-0.020140471806067282,0.0025132689671871606,-0.003433258805706915,0.0046933690952735115,0.004864481638010114,-0.006937163045992469,-0.0154226822224645,-0.04208619473361695,0.028309072357475255,-0.0011785959760553229,0.017166551506703882,0.014279578633677695,-0.03186017766292511,0.029846877791533586,0.022224313576989382,-0.016364085821322517,0.012975185918201917,0.023196206776017116,0.0026380446485480143,0.05221197676150826,-0.006746999406543068,0.019241811222204985,0.005484038099481593,-0.0020219877583367374,0.015338297585997172,-0.00867420173479355,0.0009788280094926367,0.001375643079071331,-0.007141791514418857,0.010419486470599062,0.006052990203159178,0.01727238961205578,-0.021029334269183738,0.027689103447061218,-0.0067076619025187205,0.005450757904890422,-0.008263604659544083,0.01748125874270188,0.017458651631723204,-0.002534606704476848,0.017851559921825102,0.01649261122104934,-0.01668680356255271,-0.020480302761124877,-0.025179268561533266,-0.02882476743855425,0.010053584647414945,0.009416954879512246,-0.03741947534083308,0.009068681793406681,0.022022169304758567,-0.009730745429868988,0.02888500703454448,0.03770060404891775,0.01362451219513494,0.017662957328246884,-0.0009841343942858986,0.009238697240780547,0.0212120683142584,0.06164278461517028,0.026588944199944706,0.006795839094283065,-0.002052964248633771,-0.0005046430275314493,0.001059045335241566,0.04793526781193779,-0.025096448694195594,0.0013913918938999565,0.0021142237925415083,0.0004491042851872005,0.024221016380710503,0.00035437375596735827,0.003999096106169897,0.026280531113115926,-0.0038050561525146244,0.021204353303560804,-0.008912089244607702,0.022924988519081865,0.009778444447354595,0.0025205792775036618,-0.02146313492391741,-0.027150999224513504,0.03795031904487953,-0.008275804618390455,-0.0007909708997132615,-0.011464613258890428,0.0013189525665726085,-0.008775678966717966,-0.014485639116643004,-0.0051894766822349345,-0.012659278541587335,0.0065533420943246325,0.023987123718416308,0.011620745043216033,0.017771850414215723,-0.010288598445408982,-0.011383228554020974,-0.022246215034227485,-0.00198428031804427,0.0035253567741557793,0.03937963890748971,0.031538770661831445,0.03228861872410943,0.007836511514381018,0.008980972886944232,0.037468990850904924,-0.011640788708145616,-0.0028722520286203375,-0.004020750963029753,0.01506247367725977,0.024399768446694704,0.0033392122398830655,0.022719776837143206,-0.022653541179521376,0.002657925878068643,-0.005504365191166919,0.032547763082656056,0.004468257956483343
Approach DP,h2,75,-0.00010073313239320977,31,8,1.0,0.018802655684450584,-0.04044228474328453,0.04061991675845145,0.016948145077903543,0.0014473498931040082,0.014157288051584569,-0.005342796994076822,-0.037251170676867736,0.02581632269961817,0.0022060807281448916,-0.018176055245685163,-0.012529629770384127,-0.01604669387755238,-0.015070853334597841,0.002628824797851918,-0.008316223262358624,0.004700706864808335,0.017708338363241923,0.011517413099378017,-0.0031765741706517993,0.004074904177740645,-0.029355200392731186,0.00028330933075516694,-0.004600574129180255,0.0027215385093891046,-0.012815740252277611,0.03376305280275186,0.008855894708591803,0.008901374914766176,-0.05251231840797875,-0.010357660995344858,-0.004898054971258108,-0.016455543127018208,-0.005739547695969558,-0.006871445344331177,0.022304638679523058,-0.01366231123590325,-0.022287886150171382,0.0326944965947396,0.0019752122562455136,-0.012551941604501628,0.02080770216794956,-0.008162197274282615,0.0065057227858722,-0.018147423225105146,0.02680720990477739,0.02468764728533538,0.022646513161732006,-0.011066774779625416,0.025835643038642664,0.009958470955137856,0.05127448292674742,0.05407508963647888,0.04684283034177223,-0.005857295709009826,0.005187600169387592,0.038829087489318646,-0.006553867158243428,-0.0192386039055957,-0.017409061390092285,0.03616111036549476,-0.007238803894065675,-0.000784151005627498,-0.004142537322821507,-0.001309807387816395,-0.004192864429282733,-0.012997575910687715,-0.0005784356426111758,-0.009052348234132689,-0.002391919978456219,-0.01803466375807128,-0.005624178852864154,-0.006068123608625531,0.0030074690786856136,0.015108880589194356,0.004119396459966467,-0.005444579748835397,0.015716473328214547,0.004681015368915174,-0.0061341946298828715,-0.029758434872726152,0.05184058382243686,0.009849359578900608,0.0056093435839025,0.005271989625839693,0.01375758539737965,0.036914591034567464,0.024296205927992,-0.010569724879055654,-0.008025157578956093,-0.00727199732354818,-0.026864356647287185,0.0015036999896392603,-0.013297808738334955,-0.022137836191256813,-0.007677976902977267,0.015261406489829788,-0.0061217435793630565,0.04156257926491814,-0.0015533446190322926,-0.0027877789934160377,0.0010479220173594222,-0.007544213738653946,-0.0263347117645636,0.013057504600895158,0.028586704084352613,0.004562484456779741,0.002262898845705708,5.8435964015772223e-05,-0.019546069339410117,0.005187696278076962,-0.04517914928025039,0.012932772009525317,-0.037228520539070546,0.01716472000629608,-0.007697279958098633,0.02455421692809462,-0.0029171185577285814,-0.013710933856161615,0.01959685793787419,-0.0026744733378762883,0.001912467889989759,0.044651213527025946,0.02896189239647134,0.05096455208598849,0.006975617724099944,-0.002248222580284797,0.02390050583940935,-0.013409732207852276,-0.027264342442379564,-0.007239509618847717,0.008893019804134511,0.016000544357187594,0.024313847043808935,0.012862096835020122,-0.010085524774080602,-0.021592955595294366,-0.01074360015185852,0.006444278662174969,-0.014061274141027041
Approach DP,h2,95,-1.7278520219655635e-05,31,2,1.0,-0.0014674644526610138,-0.014774632151297235,0.014333038194792539,0.004628335938770332,-0.006481970024655212,-0.005010866458455671,-0.005675110350728381,-0.0031465153355882945,0.0016661748271387306,-0.002192555984901071,-0.01190130625953023,-0.016808183094159504,-0.00022474218489891418,-0.015791741930461692,-0.019087825863008494,0.009682345322099412,-0.004145885172078495,-0.0019558538338737834,0.012269654169006428,-0.005813466732634785,0.004347330275336648,-0.00951544330914354,-0.009398261625240193,-0.006137227548570162,0.032788888468388455,-0.006773829397523597,-0.00162053540537207,-0.004074233720894084,-0.0024027559620821244,-0.022347864557750004,-0.00608834013429685,-0.006758195238358117,0.0022568308928978226,0.01470456623989913,-0.00795382472268636,-0.0006540458651801067,-0.0030732325401234793,-0.008708660857016888,0.03445435870867346,0.006790088556435032,-0.00259943452101687,-0.01563835354566989,0.010278597073552732,0.0031674532627929248,-0.00587330273994145,0.02843918299830692,0.0022938810077680334,0.002557290691098552,-0.006616691616452183,-0.0037048513149551283,0.023479098041614795,0.015844221291436082,-0.00900860343178616,0.002979551965270035,-0.005852714166788543,0.007577951845700705,0.014492082540299815,0.0029616660332549053,-0.00541256157944096,-0.0015665013971317163,-0.007708931729602481,0.023323343926880683,0.0002252168204143411,-0.003235195279516419,-0.006724110835200162,-0.0007508318251603906,0.013140990134738295,0.0032398319491275225,-0.002750372563027937,-0.006155939559856451,-0.0023289815423585096,-0.002157863684034141,-0.00801894446875705,-0.003075360285276981,0.007564686832366029,-0.004047768494102675,-0.00993256030455973,0.004153636863534236,0.004228150863472545,-0.006447792746819561,-0.014881399203991934,0.020937163653747044,-0.015548231062443841,0.006013241768869326,0.003338523791522636,0.0069879221587632245,-0.011085266464876082,0.015579047552908672,-0.007100921045987549,0.00418622110563423,0.0034522242786601486,-0.020217930038867904,0.012655381334511566,0.0016527821040017623,-0.002109713048081486,0.0034907787940514465,-0.008636305071537545,-0.00499593681896607,0.030606634596656777,0.011615311664906884,0.006502644008578265,-0.004661058429056298,0.01621537771757877,-0.003813902160084491,0.018434273288161482,0.019738045796052206,0.0006757667420405595,0.013708827159851783,-0.003152911747168155,-0.003326928084992901,0.007670906613856477,-0.016201147703844718,0.007682707198090961,-0.010185760414711552,0.012455005159114263,-0.011866641261393073,-0.01203216862548519,0.0009506367323120957,0.0059711671017302825,0.001440253203461792,0.005025674496011265,0.0008006919802664944,0.0034562531926229834,0.006409839831112691,0.02040760728202257,-0.005070918395206989,0.0029951241605315,0.018392730625427525,-8.321619937345817e-05,-0.02621147528660121,0.0017272083695667269,-0.004622944932293005,0.003807737630546635,0.010053260172348847,0.0027571393077684067,-0.01302502909863751,-0.011873273255356252,-0.005434712290669742,0.012303507243004753,0.006104458908175791
Approach DP,h4,5,0.0190983005625052,31,1,0.4833333333333337,-0.0046421855404179535,0.006545418940116647,-0.003362364484281317,-0.005762432406971227,-0.0029864502098790684,-0.002949759475230708,-0.0002443325440706395,-0.002357548186640877,-0.000500272371730969,-0.003005581410453549,0.0002068933881112225,-1.0581440173897952e-05,-0.0017532998501991783,0.0017499020533175518,-0.0005618623774231098,0.003168329325211015,-0.0013966449085411556,0.0018671814843243839,0.0008997021556005435,0.0018553408825004373,0.001718733263044834,0.006802454952413959,0.005093899383241191,-6.841788117255767e-05,-0.00325644252999177,0.0023857898711299756,0.0023514976130306485,0.0027102745709842026,0.0007754977487398285,0.00440509078984673,0.000402854082069903,-0.0005532777780523031,-0.00032036209013551947,0.0007254605709303443,0.0011379141657179082,0.003194327093382717,0.004580565294076042,-0.0024086414529948317,0.000752607923440094,0.0021268051304173287,-0.006096011019227208,-2.8331898777947612e-05,-0.004005298077469394,-1.8168037965665306e-05,0.0009118614008177347,0.0031919476179810818,-0.0013475401833444435,0.003932861200291679,-0.001178203939464076,-0.0026834853771572566,-0.003839251510650699,-0.003298463262086431,-0.0046197057108310164,-0.0006185920959224889,-0.0027684647707979008,-0.006097462911029288,-0.0006452736954717448,-0.0027178861482353885,-0.0007616167511322744,-0.00281624714710478,-0.0037706195277573593,-0.002361340624738198,-0.001936871523010235,-0.004747595403290508,-0.0029546930229650582,0.002641858188128896,0.0006655866706163249,-9.226362582366627e-05,-0.0002537524659129165,6.22355627583694e-05,-0.0017303524813386982,-0.004984737011275274,0.0046246874227618105,-0.00025760152878083925,-0.0013677660110370468,-0.00021201338602621486,0.005917795248268079,-0.001244110094122837,0.002270808893250874,-0.004162314644896977,0.0033325580350468203,-0.003832195834891028,0.00016119664224669098,-0.0012548710780218714,0.004301657374655953,0.004603307443493406,-0.004297894445628701,-0.0008934619089723989,-0.0038643229455671904,0.00038192417793593537,0.0014591998890947815,0.011359719583935628,-0.00011942320175341989,-0.00012239984959627848,-0.0011061138222875435,0.003851540478527388,0.0004986348972688116,-0.0019888094621004974,-0.004754669333411977,0.0020071630396193575,0.0068703522000670095,-0.0004361530363890715,-0.0027081531489989,-0.0015941074667724948,0.006471621564462154,-0.006531264791142304,0.0008736746852644032,-0.0025618115710255786,0.0005385138346208411,-0.0014894491099301766,0.0050907936493459925,0.009156842152993172,-0.0057675377762305335,2.5088319805991382e-05,0.0033720205701452148,0.0034719242266139645,0.003950426764769983,0.0008083200920746464,-0.0018192238032655875,-0.0016571230090800157,-0.004466498817430903,-0.0024716874263530893,0.0022225882499738643,-0.001152681746608757,-0.0048018897649015815,-0.002924025896687839,0.00018669425723348565,0.013464063312006298,-0.0006617186934800369,0.004107834307981802,0.008146865856448004,-0.0029365833304765693,-0.003349995535584842,-0.0009615139163164756,0.004112411715673871,-0.0008056976197241945,-0.002288739715481343,0.00029268795691578145,0.004054469651268353,-0.002159061003481423
Approach DP,h4,25,0.0190983005625052,31,1,0.4833333333333337,-0.0046421855404179535,0.006545418940116647,-0.003362364484281317,-0.005762432406971227,-0.0029864502098790684,-0.002949759475230708,-0.0002443325440706395,-0.002357548186640877,-0.000500272371730969,-0.003005581410453549,0.0002068933881112225,-1.0581440173897952e-05,-0.0017532998501991783,0.0017499020533175518,-0.0005618623774231098,0.003168329325211015,-0.0013966449085411556,0.0018671814843243839,0.0008997021556005435,0.0018553408825004373,0.001718733263044834,0.006802454952413959,0.005093899383241191,-6.841788117255767e-05,-0.00325644252999177,0.0023857898711299756,0.0023514976130306485,0.0027102745709842026,0.0007754977487398285,0.00440509078984673,0.000402854082069903,-0.0005532777780523031,-0.00032036209013551947,0.0007254605709303443,0.0011379141657179082,0.003194327093382717,0.004580565294076042,-0.0024086414529948317,0.000752607923440094,0.0021268051304173287,-0.006096011019227208,-2.8331898777947612e-05,-0.004005298077469394,-1.8168037965665306e-05,0.0009118614008177347,0.0031919476179810818,-0.0013475401833444435,0.003932861200291679,-0.001178203939464076,-0.0026834853771572566,-0.003839251510650699,-0.003298463262086431,-0.0046197057108310164,-0.0006185920959224889,-0.0027684647707979008,-0.006097462911029288,-0.0006452736954717448,-0.0027178861482353885,-0.0007616167511322744,-0.00281624714710478,-0.0037706195277573593,-0.002361340624738198,-0.001936871523010235,-0.004747595403290508,-0.0029546930229650582,0.002641858188128896,0.0006655866706163249,-9.226362582366627e-05,-0.0002537524659129165,6.22355627583694e-05,-0.0017303524813386982,-0.004984737011275274,0.0046246874227618105,-0.00025760152878083925,-0.0013677660110370468,-0.00021201338602621486,0.005917795248268079,-0.001244110094122837,0.002270808893250874,-0.004162314644896977,0.0033325580350468203,-0.003832195834891028,0.00016119664224669098,-0.0012548710780218714,0.004301657374655953,0.004603307443493406,-0.004297894445628701,-0.0008934619089723989,-0.0038643229455671904,0.00038192417793593537,0.0014591998890947815,0.011359719583935628,-0.00011942320175341989,-0.00012239984959627848,-0.0011061138222875435,0.003851540478527388,0.0004986348972688116,-0.0019888094621004974,-0.004754669333411977,0.0020071630396193575,0.0068703522000670095,-0.0004361530363890715,-0.0027081531489989,-0.0015941074667724948,0.006471621564462154,-0.006531264791142304,0.0008736746852644032,-0.0025618115710255786,0.0005385138346208411,-0.0014894491099301766,0.0050907936493459925,0.009156842152993172,-0.0057675377762305335,2.5088319805991382e-05,0.0033720205701452148,0.0034719242266139645,0.003950426764769983,0.0008083200920746464,-0.0018192238032655875,-0.0016571230090800157,-0.004466498817430903,-0.0024716874263530893,0.0022225882499738643,-0.001152681746608757,-0.0048018897649015815,-0.002924025896687839,0.00018669425723348565,0.013464063312006298,-0.0006617186934800369,0.004107834307981802,0.008146865856448004,-0.0029365833304765693,-0.003349995535584842,-0.0009615139163164756,0.004112411715673871,-0.0008056976197241945,-0.002288739715481343,0.00029268795691578145,0.004054469651268353,-0.002159061003481423
Approach DP,h4,75,0.0190983005625052,31,1,0.4833333333333337,-0.0046421855404179535,0.006545418940116647,-0.003362364484281317,-0.005762432406971227,-0.0029864502098790684,-0.002949759475230708,-0.0002443325440706395,-0.002357548186640877,-0.000500272371730969,-0.003005581410453549,0.0002068933881112225,-1.0581440173897952e-05,-0.0017532998501991783,0.0017499020533175518,-0.0005618623774231098,0.003168329325211015,-0.0013966449085411556,0.0018671814843243839,0.0008997021556005435,0.0018553408825004373,0.001718733263044834,0.006802454952413959,0.005093899383241191,-6.841788117255767e-05,-0.00325644252999177,0.0023857898711299756,0.0023514976130306485,0.0027102745709842026,0.0007754977487398285,0.00440509078984673,0.000402854082069903,-0.0005532777780523031,-0.00032036209013551947,0.0007254605709303443,0.0011379141657179082,0.003194327093382717,0.004580565294076042,-0.0024086414529948317,0.000752607923440094,0.0021268051304173287,-0.006096011019227208,-2.8331898777947612e-05,-0.004005298077469394,-1.8168037965665306e-05,0.0009118614008177347,0.0031919476179810818,-0.0013475401833444435,0.003932861200291679,-0.001178203939464076,-0.0026834853771572566,-0.003839251510650699,-0.003298463262086431,-0.0046197057108310164,-0.0006185920959224889,-0.0027684647707979008,-0.006097462911029288,-0.0006452736954717448,-0.0027178861482353885,-0.0007616167511322744,-0.00281624714710478,-0.0037706195277573593,-0.002361340624738198,-0.001936871523010235,-0.004747595403290508,-0.0029546930229650582,0.002641858188128896,0.0006655866706163249,-9.226362582366627e-05,-0.0002537524659129165,6.22355627583694e-05,-0.0017303524813386982,-0.004984737011275274,0.0046246874227618105,-0.00025760152878083925,-0.0013677660110370468,-0.00021201338602621486,0.005917795248268079,-0.001244110094122837,0.002270808893250874,-0.004162314644896977,0.0033325580350468203,-0.003832195834891028,0.00016119664224669098,-0.0012548710780218714,0.004301657374655953,0.004603307443493406,-0.004297894445628701,-0.0008934619089723989,-0.0038643229455671904,0.00038192417793593537,0.0014591998890947815,0.011359719583935628,-0.00011942320175341989,-0.00012239984959627848,-0.0011061138222875435,0.003851540478527388,0.0004986348972688116,-0.0019888094621004974,-0.004754669333411977,0.0020071630396193575,0.0068703522000670095,-0.0004361530363890715,-0.0027081531489989,-0.0015941074667724948,0.006471621564462154,-0.006531264791142304,0.0008736746852644032,-0.0025618115710255786,0.0005385138346208411,-0.0014894491099301766,0.0050907936493459925,0.009156842152993172,-0.0057675377762305335,2.5088319805991382e-05,0.0033720205701452148,0.0034719242266139645,0.003950426764769983,0.0008083200920746464,-0.0018192238032655875,-0.0016571230090800157,-0.004466498817430903,-0.0024716874263530893,0.0022225882499738643,-0.001152681746608757,-0.0048018897649015815,-0.002924025896687839,0.00018669425723348565,0.013464063312006298,-0.0006617186934800369,0.004107834307981802,0.008146865856448004,-0.0029365833304765693,-0.003349995535584842,-0.0009615139163164756,0.004112411715673871,-0.0008056976197241945,-0.002288739715481343,0.00029268795691578145,0.004054469651268353,-0.002159061003481423
Approach DP,h4,95,0.0190983005625052,31,1,0.4833333333333337,-0.0046421855404179535,0.006545418940116647,-0.003362364484281317,-0.005762432406971227,-0.0029864502098790684,-0.002949759475230708,-0.0002443325440706395,-0.002357548186640877,-0.000500272371730969,-0.003005581410453549,0.0002068933881112225,-1.0581440173897952e-05,-0.0017532998501991783,0.0017499020533175518,-0.0005618623774231098,0.003168329325211015,-0.0013966449085411556,0.0018671814843243839,0.0008997021556005435,0.0018553408825004373,0.001718733263044834,0.006802454952413959,0.005093899383241191,-6.841788117255767e-05,-0.00325644252999177,0.0023857898711299756,0.0023514976130306485,0.0027102745709842026,0.0007754977487398285,0.00440509078984673,0.000402854082069903,-0.0005532777780523031,-0.00032036209013551947,0.0007254605709303443,0.0011379141657179082,0.003194327093382717,0.004580565294076042,-0.0024086414529948317,0.000752607923440094,0.0021268051304173287,-0.006096011019227208,-2.8331898777947612e-05,-0.004005298077469394,-1.8168037965665306e-05,0.0009118614008177347,0.0031919476179810818,-0.0013475401833444435,0.003932861200291679,-0.001178203939464076,-0.0026834853771572566,-0.003839251510650699,-0.003298463262086431,-0.0046197057108310164,-0.0006185920959224889,-0.0027684647707979008,-0.006097462911029288,-0.0006452736954717448,-0.0027178861482353885,-0.0007616167511322744,-0.00281624714710478,-0.0037706195277573593,-0.002361340624738198,-0.001936871523010235,-0.004747595403290508,-0.0029546930229650582,0.002641858188128896,0.0006655866706163249,-9.226362582366627e-05,-0.0002537524659129165,6.22355627583694e-05,-0.0017303524813386982,-0.004984737011275274,0.0046246874227618105,-0.00025760152878083925,-0.0013677660110370468,-0.00021201338602621486,0.005917795248268079,-0.001244110094122837,0.002270808893250874,-0.004162314644896977,0.0033325580350468203,-0.003832195834891028,0.00016119664224669098,-0.0012548710780218714,0.004301657374655953,0.004603307443493406,-0.004297894445628701,-0.0008934619089723989,-0.0038643229455671904,0.00038192417793593537,0.0014591998890947815,0.011359719583935628,-0.00011942320175341989,-0.00012239984959627848,-0.0011061138222875435,0.003851540478527388,0.0004986348972688116,-0.0019888094621004974,-0.004754669333411977,0.0020071630396193575,0.0068703522000670095,-0.0004361530363890715,-0.0027081531489989,-0.0015941074667724948,0.006471621564462154,-0.006531264791142304,0.0008736746852644032,-0.0025618115710255786,0.0005385138346208411,-0.0014894491099301766,0.0050907936493459925,0.009156842152993172,-0.0057675377762305335,2.5088319805991382e-05,0.0033720205701452148,0.0034719242266139645,0.003950426764769983,0.0008083200920746464,-0.0018192238032655875,-0.0016571230090800157,-0.004466498817430903,-0.0024716874263530893,0.0022225882499738643,-0.001152681746608757,-0.0048018897649015815,-0.002924025896687839,0.00018669425723348565,0.013464063312006298,-0.0006617186934800369,0.004107834307981802,0.008146865856448004,-0.0029365833304765693,-0.003349995535584842,-0.0009615139163164756,0.004112411715673871,-0.0008056976197241945,-0.002288739715481343,0.00029268795691578145,0.004054469651268353,-0.002159061003481423
Approach DP,T_opt,5,5.425817656243279,31,29,1.0,-0.007834836253342008,0.0101048757322305,0.0001741565935079598,0.01767893921070688,0.003986592814098385,0.0003231591522723855,-0.00915244612979352,-0.0011335148696572815,0.0023384087010200833,0.013162026057751613,0.015911531933493213,0.033128387046448826,-0.01168924550131255,0.03184044454567023,0.014762897044550615,-0.0020661114054189977,0.0255297689399518,0.021443872055157607,0.0043114291903694904,0.002268327571805381,0.02188498287878801,-0.0007942879675667148,0.016938221484458442,0.018207010794042633,-0.006770764552273722,0.020494170828013133,0.0031234446185217325,0.017880366493000354,0.016166008618706994,0.020311539262806263,0.011681252977628653,0.011003038246722266,-0.01001320638870463,0.013836719263473162,0.007116902271384533,-0.001272531156326753,0.0003378288148670178,0.018917147060625198,-0.009225079218148153,-0.0018438329491174408,0.0033473995541350816,0.02453237837956832,-0.013163282460699553,0.0023318445950811896,-0.009460153193058667,-0.01609797150626152,-0.02343464545916268,0.013275743397875656,0.022461798811428804,0.012120402842237173,-0.0003728452909357861,0.018251995994320338,0.02614026934413547,0.011814210420257824,0.023276640259511885,-0.008459249541235241,-0.0008200631443203882,0.0011892858624951567,-0.005966790756757587,0.006330228674497085,-0.0074311882832792065,-0.010120879741818594,0.016840468787462873,0.010229416815006241,0.023658434574471848,-0.003598036631348417,0.001793511903889351,-0.0037946377108651233,-0.0011704544959032553,0.006604898673834012,0.027874588952772148,-0.006034631857971757,0.01087562365130125,0.010145094360746613,-0.00012962894434051704,0.02261139597680981,0.011284634498170885,0.009589897832878828,-0.005720691469066013,0.0011658804755532745,0.013144276975511984,-0.0011439307416479803,0.0032111495481712245,-0.006277187786238684,0.008908434931537649,-0.0022165749816915096,0.013049475252635256,0.00992628455310114,-0.005093865040176051,0.018047123695755334,0.004627948959802255,0.019012864472916554,-0.013032585048741259,0.0052701204632210515,-0.004672077621305801,-0.009816599038821473,0.010385267678508423,-0.0007762849602913953,-0.02210186277520189,0.011945919500586929,0.005248541768911087,0.02983065182489236,0.003989236039044586,-0.004537395436187953,-0.012531667522615014,-0.0011084816120261157,0.042213099394273805,0.003666153546707848,0.00527701207097779,-0.0027477525350206177,0.004928414372372043,0.033994068998293145,0.017834977824030727,0.01887619145981396,0.0021499188479549222,0.023808786496744127,0.030875403364149883,0.014695210887633574,-0.00024007516455039414,-0.0034033859201783962,-0.022563294179762394,0.009751749217778204,0.011517905767854074,0.014126129929938527,-0.007427075193951203,0.0016681706817944615,0.002313905896986655,-0.00031125707878913375,-0.002535982473186429,0.030025580073929144,-0.002228531140200907,-0.00023522727514543353,-0.00038235728091348014,-0.0029879431251037215,0.005441758275923125,0.023179919948862288,0.008255452926887534,0.012302570178343627,-0.004231855757978121,0.009459697764191059
Approach DP,T_opt,25,11.336010249841312,31,23,1.0,-0.0017290618158237944,0.033420010271086514,0.01301234931837753,0.005014075423366354,0.0071285674940861935,0.0006259796721172564,0.0007622268766344915,0.004175736454791986,0.004344685097988259,-0.008014967843565817,0.02335379080612626,0.020588594902737498,-0.006792000104994932,0.029487477791974526,0.02273103442735992,0.01695728328909513,0.0016627825138846456,0.013643363633248097,-0.02795375407978205,-0.01459186402628341,0.03218098415200964,0.02683180518724873,0.015696407414274416,-0.02488810563264213,-0.010306083983345963,0.027606964825450244,-0.01315733623904446,0.020078827967764626,0.01905305078066804,0.007554890064717115,0.012261898996192181,-0.0015759152021655762,-0.019399856833783174,-0.007760112110358991,0.012677182043465412,-0.014334060314599661,0.025570969850291975,0.017776892360537037,-0.029643818073906113,-0.012485430187189367,-0.029462129290679002,0.03430090541099399,-0.009040146351421708,0.007876626261285416,0.006361182674954814,-0.012226653426780304,0.0006703883933743219,0.003815148233615873,0.03550956802852935,0.004731270803699037,0.009385545512260956,0.024639024814003433,0.011335454387789276,0.0090276775720269,0.007996370165238902,-0.02753336872005979,-0.015306012318577875,0.014280637762636092,-0.01736030242842428,0.00976788957596677,-0.0583794147259064,0.02170102023018537,0.037782550912364606,0.027510896414708635,0.005185617461470785,0.009493452153891664,0.014168145008181643,-0.0034705413236401196,-0.0201895738503385,0.0025769900486101427,0.011867439198241292,-0.009004230296422642,0.02079703938898987,0.005988712024627098,0.006605071139582322,0.01639796667991193,0.039693383617286325,0.029401824969647845,0.0022553146053825883,-0.02984849153658565,0.015612728094007813,-0.02445163687110016,0.015440422464961027,-0.04445794343039791,0.0021566896486725816,-0.002647576463783086,0.0064899997772502015,0.013895689238962373,-0.013605676171749697,0.026756021771703827,0.03459471671358233,0.02493639122343338,-0.01563635841326497,-0.00691716771772387,-0.0006344230042825744,0.015301482440219694,-0.0022986963535518525,0.0010230903184334792,-0.010168118175427612,0.02565281000487606,0.018402176591592826,0.037338730886775216,-0.014208623613772052,-0.042471177941894075,-0.013967800454398877,0.0013242599214427881,0.05440005279651869,-0.030411168720578387,0.027177779033582546,-0.007834020219591897,-0.006682617195205481,0.03963607269605997,-0.004178693797450031,0.011701319218548726,-0.0031875011372432096,0.02012779235560235,0.051860119812483244,0.0401927358666334,0.0009804289881722176,-0.023686496623856385,-0.02293631909169749,0.001033989661258121,0.01135350283367172,-0.005388832214367317,0.009435107317068637,-0.00986849850756796,0.039932361354112066,-0.0009629936920680544,-0.014123143247617426,0.015716896994022903,-0.028004943324851733,0.01654983004714381,-0.010384029434574197,0.003962491234414383,-0.0016884787686355972,0.010256736851096836,0.010405843252741135,0.02462657171293397,-0.00263939146654385,0.00225212203811918
Approach DP,T_opt,75,29.784383353373173,31,8,1.0,0.01001812727981027,-0.02680731183540062,0.04268066236801292,0.015581133782279485,0.01697607711674952,-0.010494542421489124,-0.01097323240469237,-0.012621501355982808,0.011224481994381539,-0.012778464749721373,-0.028989023481896223,0.002617056066072404,-0.01092409037845129,-0.013934191308115206,0.01278724136726293,0.004682812254884811,-0.005914596405760949,0.010022378421541234,-0.011620874275774984,-0.016889559633939635,-0.001059845265973586,-0.0014777029567134665,-0.022816267378169646,0.005839834606225099,-0.006736248186808125,-0.009659143664038037,0.023189297984709,-0.0005498087905004867,0.004153585043877864,-0.04558090444369872,0.0222223757666625,0.01823658654799441,-0.002670010801712736,0.002121093661703787,-0.022475015056354,0.018220364900600312,0.025702574023622523,-0.030533698841819907,0.03339245998714048,-0.015855908169800426,-0.0030102878640785933,0.025505030159721876,-0.02918288339024994,0.023087637416634946,-0.00982581953600072,0.0010337050152688762,0.0312352271127705,0.014079699313976844,0.005803780578310252,0.027671640337045403,-0.010636495194418548,0.019529788188131034,0.020924364830321823,0.045433638646670015,-0.017854260700233077,0.006547710737773579,0.017655783691328163,0.02139272159789814,-0.028404220707664643,-0.024434036548296477,0.0031131347099645004,-0.0040359425464054945,0.00581577266725541,-0.0006148415137821506,0.010986998711747898,-0.02299016418953522,0.005941943915315121,-0.007227594430585052,-0.015089412922249924,0.004507835686416763,-0.00023149513876486604,-0.0044491283233174354,-0.005255050378508814,0.04827479563609923,0.008538980257637125,0.016959517740836434,0.009822818168927315,0.010556542985945178,0.009019000317194586,-0.018938948854726075,-0.015428203608749915,0.04083767453572638,0.01834110823675759,-0.009123375580336086,0.031476896554083304,-0.01549770020403388,0.007029452846493357,0.02736474344926558,-0.013510758660512202,0.05344511422910633,0.00570367252669854,-0.034687959613364086,-0.01572265441064477,-0.01366505781797694,-0.024402953396073183,0.0008217614842946945,0.01721445324258006,-0.004399601100744603,0.013032360530530957,0.04074150848919898,-0.013359534991605854,0.022021806123038022,-0.014197466794182432,-0.026227058114277706,0.0018657299349692767,0.03252831435879643,0.028707039582244867,0.0034974981463006235,-0.026665574194827072,0.007106634011113569,0.003664653317753514,-0.0013674781321943125,-0.00674022109178276,-0.017748624316023073,0.027642220204112004,-0.008997291843423965,0.017666492093470872,0.02109098301724753,-0.020951120786160852,-0.04567259195991933,-0.004821232367488746,-0.004542054766828331,0.003873332512439594,0.014999121787103305,0.029428145013224143,-0.001078126062879297,0.014489452184794676,0.013391265833172973,-0.01740201521030839,-0.005151732349803587,-0.013281077980228045,-0.020597800623928093,0.03349577906043187,-0.006171866796616713,0.006020936119727468,-0.007478073864846774,-0.0207843476060444,-0.00668514737596638,0.02440421157450222,0.005861613067797708
Approach DP,T_opt,95,92.28392681272607,31,2,1.0,0.007621964359635771,-0.0016202606222776995,0.027809954066930896,0.018407755119572784,0.0032238088102279914,-0.009941299175323373,0.0023325015763109155,-0.011194389430451843,-0.007651138881154861,-0.002381173223357078,-0.01129139906039038,-0.002803414011371463,-0.018602662737593548,-0.0036033880418362783,-0.014989989572040018,0.011011142967576387,0.0014830461703384916,0.0075353460411326815,-0.004774734720604671,-0.0008961174070873931,0.007854246866978684,-0.006805749446577875,-0.003374030487681058,0.0009407557570040313,0.01951666652396048,0.001191336672325032,-0.0068214404781868606,-0.004638510543695232,0.00773346548363785,-0.018404489001295942,-0.01783557870740835,-0.012722728266118094,-0.008009210040870761,0.028222641896933715,-0.000260137144410378,0.00789817713314774,0.006039273872852763,-0.0040310544795995095,0.022417574334847867,-0.0040418406723358,-0.00686131620622265,0.006780220892097887,-0.012300690886535657,-0.003682121994835332,-0.001100588771473855,0.012129332709625283,-0.0010966940480953283,0.0066093547196431875,7.932807804943663e-05,0.015137193150142033,0.012118068141098746,0.019981921300355115,0.0226516871930619,0.013895311560583967,-0.002265673483096765,0.003165233293260812,0.0011767704269647428,-0.008145619412873057,-0.020780927600007135,-0.007226302578809223,-0.011271302882741089,0.004503923371289183,0.007047527147777809,-0.002727237891857753,0.006846214183339998,-0.004449789935509391,0.018300885291993713,0.0019030237625791203,-0.015579823376400709,0.0029003142274885026,0.002941546900844245,0.0028748050993045665,0.0038476091946998752,-0.0027974468166026933,-0.0028026883297299653,-0.01059135134924921,-0.00574788926222394,0.011653700580979469,0.0041322464539090805,-0.013036082014572393,-0.01519026318284109,0.01914186934830261,-0.02700294627543036,-0.008504773531521088,0.020673004810017916,-0.012980475446982363,0.03456242430513666,0.0059309401596441,-0.008103728856603428,0.02296808173355504,0.004566711116527019,-0.013583683237501051,-0.008638975564015402,-0.014083965428863223,-0.002495178784275155,-0.01104186173242569,0.0058311020969264785,-0.00822774833755332,0.006734619460149734,0.00914645966389525,-0.006083933070743111,0.009463245621683854,-0.004030390982081868,-0.021542224674129935,0.0011080022726823453,0.013935268432603043,0.022541118937978496,0.004231666719035319,-0.014380121790142166,0.011570103550296865,0.008226505593177532,-0.012382665317363943,0.016174421377406618,-0.018837185592776286,0.024114457154149026,-0.0043973317899201475,0.014189264713338775,0.014503267709503663,-0.010478350011373603,-0.007772374303036518,-0.0006867319428578275,-0.0010971983959672728,0.012807471189828359,0.006101264197459413,0.01843900053555176,-0.005887927036922246,0.007363935594203792,0.021874030276910924,-0.011663631562171812,-0.0160798077711778,-0.000314576367888988,-0.015462775850587982,-0.0017266601854865344,0.006817971437114888,0.0017109090397437582,-0.005498181202165128,-0.023754974479672376,-0.004000630717744669,0.003121316374003439,0.008982902173960092
