Country,Year,Temperature,Precipitation
Actaeon Group,1901,24.5,1701.8
Actaeon Group,1902,24.5,1701.8
Actaeon Group,1903,24.6,1701.8
Actaeon Group,1904,24.5,1701.8
Actaeon Group,1905,24.5,1701.8
Actaeon Group,1906,24.5,1701.8
Actaeon Group,1907,24.5,1701.8
Actaeon Group,1908,24.5,1701.8
Actaeon Group,1909,24.5,1701.8
Actaeon Group,1910,24.5,1701.8
Actaeon Group,1911,24.5,1701.8
Actaeon Group,1912,24.5,1701.8
Actaeon Group,1913,24.5,1701.8
Actaeon Group,1914,24.5,1701.8
Actaeon Group,1915,24.5,1701.8
Actaeon Group,1916,24.5,1701.8
Actaeon Group,1917,24.5,1701.8
Actaeon Group,1918,24.5,1701.8
Actaeon Group,1919,24.5,1701.8
Actaeon Group,1920,24.5,1701.8
Actaeon Group,1921,24.5,1701.8
Actaeon Group,1922,24.5,1701.8
Actaeon Group,1923,24.5,1701.8
Actaeon Group,1924,24.5,1701.8
Actaeon Group,1925,24.5,1701.8
Actaeon Group,1926,24.5,1701.8
Actaeon Group,1927,24.5,1701.8
Actaeon Group,1928,24.5,1701.8
Actaeon Group,1929,24.5,1701.8
Actaeon Group,1930,24.5,1701.8
Actaeon Group,1931,24.5,1701.8
Actaeon Group,1932,24.5,1701.8
Actaeon Group,1933,24.5,1701.8
Actaeon Group,1934,24.5,1701.8
Actaeon Group,1935,24.5,1701.8
Actaeon Group,1936,24.5,1701.8
Actaeon Group,1937,24.5,1701.8
Actaeon Group,1938,24.5,1701.8
Actaeon Group,1939,24.5,1701.8
Actaeon Group,1940,24.7,1703.6
Actaeon Group,1941,24.7,1704.0
Actaeon Group,1942,24.7,1702.4
Actaeon Group,1943,24.7,1703.6
Actaeon Group,1944,24.6,1705.0
Actaeon Group,1945,24.5,1702.0
Actaeon Group,1946,24.5,1703.1
Actaeon Group,1947,24.6,1705.3
Actaeon Group,1948,24.5,1706.7
Actaeon Group,1949,24.5,1704.3
Actaeon Group,1950,24.5,1698.7
Actaeon Group,1951,24.5,1698.2
Actaeon Group,1952,24.4,1705.9
Actaeon Group,1953,24.4,1702.5
Actaeon Group,1954,24.5,1705.8
Actaeon Group,1955,24.6,1700.2
Actaeon Group,1956,24.7,1704.5
Actaeon Group,1957,24.6,1706.3
Actaeon Group,1958,24.4,1705.4
Actaeon Group,1959,24.5,1708.2
Actaeon Group,1960,24.4,1703.8
Actaeon Group,1961,24.5,1702.6
Actaeon Group,1962,24.3,1706.7
Actaeon Group,1963,24.4,1706.0
Actaeon Group,1964,24.6,1698.7
Actaeon Group,1965,24.4,1702.4
Actaeon Group,1966,24.3,1699.8
Actaeon Group,1967,24.7,1699.6
Actaeon Group,1968,24.3,1698.8
Actaeon Group,1969,24.7,1700.6
Actaeon Group,1970,24.8,1697.5
Actaeon Group,1971,24.7,1695.3
Actaeon Group,1972,24.6,1698.5
Actaeon Group,1973,24.7,1699.2
Actaeon Group,1974,24.6,1700.4
Actaeon Group,1975,24.6,1700.0
Actaeon Group,1976,24.5,1701.6
Actaeon Group,1977,24.5,1705.8
Actaeon Group,1978,24.6,1699.0
Actaeon Group,1979,24.4,1702.3
Actaeon Group,1980,24.6,1697.3
Actaeon Group,1981,24.4,1699.8
Actaeon Group,1982,24.2,1705.1
Actaeon Group,1983,24.2,1701.4
Actaeon Group,1984,24.4,1704.8
Actaeon Group,1985,24.6,1705.2
Actaeon Group,1986,24.4,1705.6
Actaeon Group,1987,24.2,1707.0
Actaeon Group,1988,24.6,1706.4
Actaeon Group,1989,24.6,1702.5
Actaeon Group,1990,24.5,1704.0
Actaeon Group,1991,24.3,1708.1
Actaeon Group,1992,24.4,1702.2
Actaeon Group,1993,24.1,1704.8
Actaeon Group,1994,24.5,1709.7
Actaeon Group,1995,24.5,1707.1
Actaeon Group,1996,24.5,1700.7
Actaeon Group,1997,24.3,1701.3
Actaeon Group,1998,24.5,1702.0
Actaeon Group,1999,24.9,1701.3
Actaeon Group,2000,24.7,1704.3
Actaeon Group,2001,24.5,1704.8
Actaeon Group,2002,24.7,1702.2
Actaeon Group,2003,24.5,1704.0
Actaeon Group,2004,24.3,1701.6
Actaeon Group,2005,24.3,1710.2
Actaeon Group,2006,24.7,1701.6
Actaeon Group,2007,24.5,1705.9
Actaeon Group,2008,24.5,1699.5
Actaeon Group,2009,24.6,1702.4
Actaeon Group,2010,24.6,1699.0
Actaeon Group,2011,24.6,1697.4
Actaeon Group,2012,24.5,1703.9
Actaeon Group,2013,24.2,1701.6
Actaeon Group,2014,24.4,1700.6
Actaeon Group,2015,24.4,1704.0
Actaeon Group,2016,24.4,1705.2
Actaeon Group,2017,24.7,1700.8
Actaeon Group,2018,24.6,1703.4
Actaeon Group,2019,24.1,1711.0
Actaeon Group,2020,24.6,1701.5
Actaeon Group,2021,24.9,1701.7
Actaeon Group,2022,24.6,1702.5
Actaeon Group,2023,24.5,1702.9
Actaeon Group,2024,24.3,1701.0
Afghanistan,1901,12.4,299.6
Afghanistan,1902,12.6,278.8
Afghanistan,1903,11.4,343.3
Afghanistan,1904,11.8,326.4
Afghanistan,1905,11.6,295.8
Afghanistan,1906,12.1,315.0
Afghanistan,1907,11.5,325.2
Afghanistan,1908,11.9,345.3
Afghanistan,1909,12.4,310.2
Afghanistan,1910,11.9,329.9
Afghanistan,1911,11.7,324.0
Afghanistan,1912,12.2,321.2
Afghanistan,1913,12.1,305.9
Afghanistan,1914,12.7,373.4
Afghanistan,1915,13.3,289.3
Afghanistan,1916,11.8,299.4
Afghanistan,1917,12.5,201.7
Afghanistan,1918,11.8,317.8
Afghanistan,1919,11.8,336.3
Afghanistan,1920,11.0,325.2
Afghanistan,1921,11.8,316.2
Afghanistan,1922,12.5,327.3
Afghanistan,1923,11.5,351.9
Afghanistan,1924,11.7,394.4
Afghanistan,1925,12.3,268.2
Afghanistan,1926,12.1,331.9
Afghanistan,1927,12.1,272.9
Afghanistan,1928,11.5,298.1
Afghanistan,1929,11.3,300.0
Afghanistan,1930,11.2,318.5
Afghanistan,1931,11.4,398.1
Afghanistan,1932,11.6,314.4
Afghanistan,1933,11.8,350.7
Afghanistan,1934,11.2,355.5
Afghanistan,1935,11.5,340.5
Afghanistan,1936,12.1,313.2
Afghanistan,1937,11.4,328.1
Afghanistan,1938,12.2,330.2
Afghanistan,1939,12.3,365.2
Afghanistan,1940,12.8,307.2
Afghanistan,1941,13.4,330.3
Afghanistan,1942,12.4,370.4
Afghanistan,1943,11.7,363.3
Afghanistan,1944,12.5,323.7
Afghanistan,1945,11.7,357.0
Afghanistan,1946,12.4,260.2
Afghanistan,1947,12.9,276.2
Afghanistan,1948,12.2,314.7
Afghanistan,1949,11.4,310.7
Afghanistan,1950,11.0,305.4
Afghanistan,1951,11.8,341.8
Afghanistan,1952,12.1,338.7
Afghanistan,1953,12.4,401.6
Afghanistan,1954,11.7,356.4
Afghanistan,1955,12.6,306.2
Afghanistan,1956,12.0,376.6
Afghanistan,1957,11.1,458.0
Afghanistan,1958,12.6,340.8
Afghanistan,1959,12.0,382.2
Afghanistan,1960,11.9,378.8
Afghanistan,1961,12.3,356.9
Afghanistan,1962,12.0,289.8
Afghanistan,1963,12.9,365.1
Afghanistan,1964,11.3,348.5
Afghanistan,1965,12.2,394.6
Afghanistan,1966,12.5,309.5
Afghanistan,1967,11.9,395.1
Afghanistan,1968,12.0,370.8
Afghanistan,1969,11.7,390.3
Afghanistan,1970,12.8,251.4
Afghanistan,1971,12.7,210.0
Afghanistan,1972,10.8,430.7
Afghanistan,1973,12.3,298.7
Afghanistan,1974,11.5,323.4
Afghanistan,1975,11.8,348.7
Afghanistan,1976,11.8,386.8
Afghanistan,1977,12.8,324.4
Afghanistan,1978,12.4,318.9
Afghanistan,1979,12.4,364.7
Afghanistan,1980,12.7,370.8
Afghanistan,1981,12.8,379.4
Afghanistan,1982,11.7,437.9
Afghanistan,1983,12.6,330.3
Afghanistan,1984,12.0,289.9
Afghanistan,1985,12.6,258.7
Afghanistan,1986,12.1,342.4
Afghanistan,1987,12.8,333.1
Afghanistan,1988,13.2,347.3
Afghanistan,1989,12.0,337.7
Afghanistan,1990,12.9,372.4
Afghanistan,1991,12.3,444.5
Afghanistan,1992,12.1,416.8
Afghanistan,1993,12.3,343.1
Afghanistan,1994,12.6,350.3
Afghanistan,1995,12.8,324.1
Afghanistan,1996,12.3,342.9
Afghanistan,1997,12.6,344.6
Afghanistan,1998,12.9,388.9
Afghanistan,1999,13.5,329.9
Afghanistan,2000,13.3,252.0
Afghanistan,2001,13.6,243.4
Afghanistan,2002,13.4,325.2
Afghanistan,2003,12.9,359.6
Afghanistan,2004,13.6,325.7
Afghanistan,2005,13.0,388.2
Afghanistan,2006,13.4,365.0
Afghanistan,2007,13.2,333.8
Afghanistan,2008,13.1,303.4
Afghanistan,2009,13.3,406.8
Afghanistan,2010,13.7,312.3
Afghanistan,2011,13.1,334.0
Afghanistan,2012,12.7,389.7
Afghanistan,2013,13.6,383.6
Afghanistan,2014,12.8,318.5
Afghanistan,2015,13.4,425.3
Afghanistan,2016,13.9,384.2
Afghanistan,2017,13.5,320.3
Afghanistan,2018,13.7,285.9
Afghanistan,2019,13.4,409.9
Afghanistan,2020,12.8,409.2
Afghanistan,2021,14.0,242.6
Afghanistan,2022,14.1,313.5
Afghanistan,2023,14.3,301.9
Afghanistan,2024,13.9,369.4
Albania,1901,11.7,1341.1
Albania,1902,11.6,1232.8
Albania,1903,12.0,1065.7
Albania,1904,12.0,1122.7
Albania,1905,11.8,1074.0
Albania,1906,11.8,1245.0
Albania,1907,11.6,1103.2
Albania,1908,11.5,966.5
Albania,1909,11.7,1295.0
Albania,1910,12.1,1206.5
Albania,1911,12.1,1006.4
Albania,1912,11.6,1107.5
Albania,1913,11.7,1033.6
Albania,1914,11.4,1211.4
Albania,1915,12.0,1597.6
Albania,1916,12.6,1207.0
Albania,1917,11.8,1021.2
Albania,1918,11.9,1074.7
Albania,1919,11.8,1346.2
Albania,1920,12.1,986.0
Albania,1921,12.0,908.1
Albania,1922,11.7,1110.0
Albania,1923,12.6,1363.4
Albania,1924,11.8,1099.5
Albania,1925,12.1,1068.6
Albania,1926,12.7,1051.0
Albania,1927,12.9,1214.5
Albania,1928,12.3,1203.1
Albania,1929,11.5,1102.1
Albania,1930,12.6,1168.8
Albania,1931,11.9,1235.2
Albania,1932,11.9,943.1
Albania,1933,11.1,1223.7
Albania,1934,12.7,1128.6
Albania,1935,12.1,1206.2
Albania,1936,12.4,1232.3
Albania,1937,12.5,1512.3
Albania,1938,12.0,1068.1
Albania,1939,12.2,1399.1
Albania,1940,11.0,1347.2
Albania,1941,11.5,1132.7
Albania,1942,11.7,1165.5
Albania,1943,12.4,1098.5
Albania,1944,11.8,1281.0
Albania,1945,12.3,1030.3
Albania,1946,12.7,1004.3
Albania,1947,12.7,1018.7
Albania,1948,12.1,859.7
Albania,1949,12.1,1188.5
Albania,1950,13.0,1176.5
Albania,1951,12.9,1258.8
Albania,1952,12.9,1167.2
Albania,1953,11.8,1007.9
Albania,1954,11.6,1378.5
Albania,1955,12.2,1297.0
Albania,1956,11.3,1258.6
Albania,1957,12.3,1111.1
Albania,1958,12.5,1230.1
Albania,1959,11.7,1308.1
Albania,1960,12.5,1367.9
Albania,1961,12.6,947.7
Albania,1962,12.3,1323.1
Albania,1963,12.3,1354.8
Albania,1964,11.8,1136.6
Albania,1965,11.7,979.4
Albania,1966,12.5,1299.4
Albania,1967,12.1,1010.2
Albania,1968,12.2,1213.5
Albania,1969,11.9,1324.1
Albania,1970,12.0,1156.9
Albania,1971,11.8,1105.9
Albania,1972,11.9,1234.2
Albania,1973,11.8,1187.3
Albania,1974,11.9,1230.0
Albania,1975,11.9,852.5
Albania,1976,11.4,1283.4
Albania,1977,12.3,848.4
Albania,1978,11.4,1161.3
Albania,1979,12.2,1471.1
Albania,1980,11.3,1259.9
Albania,1981,11.9,1150.5
Albania,1982,12.1,1086.0
Albania,1983,11.8,1011.8
Albania,1984,11.7,1013.4
Albania,1985,12.0,1038.0
Albania,1986,12.2,1066.1
Albania,1987,11.8,1184.0
Albania,1988,12.3,920.3
Albania,1989,12.0,850.1
Albania,1990,12.5,905.4
Albania,1991,11.5,986.8
Albania,1992,12.2,884.1
Albania,1993,12.1,971.1
Albania,1994,13.2,1017.0
Albania,1995,12.0,1241.7
Albania,1996,11.7,1315.3
Albania,1997,12.0,937.1
Albania,1998,12.6,1086.3
Albania,1999,12.9,1203.2
Albania,2000,13.2,866.3
Albania,2001,12.8,879.3
Albania,2002,13.0,1151.3
Albania,2003,12.7,1098.3
Albania,2004,12.5,1139.6
Albania,2005,12.0,1176.3
Albania,2006,12.5,1104.2
Albania,2007,13.3,1133.0
Albania,2008,13.3,1101.4
Albania,2009,13.1,1429.9
Albania,2010,13.0,1469.5
Albania,2011,12.8,811.1
Albania,2012,13.3,1102.5
Albania,2013,13.3,1149.4
Albania,2014,13.5,1457.1
Albania,2015,13.4,1098.5
Albania,2016,13.3,1198.7
Albania,2017,13.2,1082.6
Albania,2018,13.9,992.5
Albania,2019,13.8,1284.4
Albania,2020,13.6,1055.6
Albania,2021,13.2,1202.4
Albania,2022,13.8,955.9
Albania,2023,14.2,1177.4
Albania,2024,14.7,1064.6
Aldabra Isl,1901,26.8,1137.0
Aldabra Isl,1902,26.9,1137.0
Aldabra Isl,1903,26.8,1137.0
Aldabra Isl,1904,26.8,1137.0
Aldabra Isl,1905,26.9,1137.0
Aldabra Isl,1906,26.7,1137.0
Aldabra Isl,1907,26.8,1129.9
Aldabra Isl,1908,26.9,1133.7
Aldabra Isl,1909,26.8,1137.0
Aldabra Isl,1910,26.7,1137.0
Aldabra Isl,1911,26.8,1137.0
Aldabra Isl,1912,26.9,1137.0
Aldabra Isl,1913,27.0,1137.0
Aldabra Isl,1914,27.0,1137.0
Aldabra Isl,1915,27.0,1137.0
Aldabra Isl,1916,26.9,1137.0
Aldabra Isl,1917,26.9,1137.0
Aldabra Isl,1918,27.0,1137.0
Aldabra Isl,1919,27.0,1137.0
Aldabra Isl,1920,27.0,1137.0
Aldabra Isl,1921,27.0,1137.0
Aldabra Isl,1922,26.9,1137.0
Aldabra Isl,1923,27.0,1137.0
Aldabra Isl,1924,27.0,1137.0
Aldabra Isl,1925,27.0,1137.0
Aldabra Isl,1926,27.0,1137.0
Aldabra Isl,1927,27.0,1137.0
Aldabra Isl,1928,27.0,1137.0
Aldabra Isl,1929,27.0,1137.0
Aldabra Isl,1930,27.0,1137.0
Aldabra Isl,1931,26.9,1137.0
Aldabra Isl,1932,26.9,1137.0
Aldabra Isl,1933,26.9,1117.5
Aldabra Isl,1934,26.9,1143.3
Aldabra Isl,1935,26.9,1125.8
Aldabra Isl,1936,27.0,1122.0
Aldabra Isl,1937,26.9,1150.6
Aldabra Isl,1938,26.9,1130.2
Aldabra Isl,1939,27.0,1136.7
Aldabra Isl,1940,26.9,1143.7
Aldabra Isl,1941,27.1,1133.0
Aldabra Isl,1942,27.1,1128.4
Aldabra Isl,1943,26.6,1131.7
Aldabra Isl,1944,27.3,1129.0
Aldabra Isl,1945,27.3,1133.2
Aldabra Isl,1946,27.1,1126.5
Aldabra Isl,1947,27.1,1132.3
Aldabra Isl,1948,27.3,1135.7
Aldabra Isl,1949,27.0,1127.8
Aldabra Isl,1950,27.1,1127.3
Aldabra Isl,1951,27.2,1131.1
Aldabra Isl,1952,27.3,1124.6
Aldabra Isl,1953,27.3,1121.8
Aldabra Isl,1954,27.2,1130.9
Aldabra Isl,1955,27.0,1135.9
Aldabra Isl,1956,26.8,1091.9
Aldabra Isl,1957,26.9,1150.1
Aldabra Isl,1958,27.3,1047.8
Aldabra Isl,1959,27.0,1093.8
Aldabra Isl,1960,26.9,995.6
Aldabra Isl,1961,27.5,1233.9
Aldabra Isl,1962,27.0,991.8
Aldabra Isl,1963,26.9,1049.8
Aldabra Isl,1964,26.7,959.9
Aldabra Isl,1965,26.7,1166.2
Aldabra Isl,1966,27.1,1032.6
Aldabra Isl,1967,27.0,1064.4
Aldabra Isl,1968,26.6,786.5
Aldabra Isl,1969,27.2,1425.4
Aldabra Isl,1970,27.1,817.6
Aldabra Isl,1971,26.4,1170.9
Aldabra Isl,1972,26.9,1118.1
Aldabra Isl,1973,26.8,1304.9
Aldabra Isl,1974,26.4,1339.2
Aldabra Isl,1975,26.6,1070.8
Aldabra Isl,1976,26.8,1347.3
Aldabra Isl,1977,27.2,1383.9
Aldabra Isl,1978,27.1,1526.6
Aldabra Isl,1979,27.1,1164.3
Aldabra Isl,1980,27.0,1025.6
Aldabra Isl,1981,26.9,1099.0
Aldabra Isl,1982,27.1,1121.3
Aldabra Isl,1983,27.1,1585.8
Aldabra Isl,1984,26.5,965.3
Aldabra Isl,1985,26.8,995.2
Aldabra Isl,1986,26.9,1090.7
Aldabra Isl,1987,27.3,1005.0
Aldabra Isl,1988,27.3,1123.3
Aldabra Isl,1989,26.7,1064.0
Aldabra Isl,1990,27.2,1082.0
Aldabra Isl,1991,27.0,1570.8
Aldabra Isl,1992,27.0,1053.6
Aldabra Isl,1993,27.0,924.8
Aldabra Isl,1994,27.2,1189.7
Aldabra Isl,1995,27.2,977.1
Aldabra Isl,1996,26.9,1091.1
Aldabra Isl,1997,27.2,832.7
Aldabra Isl,1998,27.5,877.5
Aldabra Isl,1999,27.1,954.4
Aldabra Isl,2000,27.0,992.1
Aldabra Isl,2001,27.2,967.4
Aldabra Isl,2002,27.0,1045.0
Aldabra Isl,2003,27.2,864.2
Aldabra Isl,2004,27.0,592.5
Aldabra Isl,2005,27.4,893.5
Aldabra Isl,2006,27.2,824.2
Aldabra Isl,2007,27.5,760.2
Aldabra Isl,2008,27.2,1051.1
Aldabra Isl,2009,27.6,967.4
Aldabra Isl,2010,27.6,1084.6
Aldabra Isl,2011,27.5,1049.1
Aldabra Isl,2012,27.4,1039.4
Aldabra Isl,2013,27.4,1006.2
Aldabra Isl,2014,27.4,1132.3
Aldabra Isl,2015,27.6,1137.6
Aldabra Isl,2016,27.4,947.0
Aldabra Isl,2017,27.7,1158.3
Aldabra Isl,2018,27.6,1088.3
Aldabra Isl,2019,27.8,1021.4
Aldabra Isl,2020,27.8,885.7
Aldabra Isl,2021,27.6,1043.2
Aldabra Isl,2022,27.3,1103.9
Aldabra Isl,2023,28.0,1035.8
Aldabra Isl,2024,27.8,780.2
Aleutians,1901,3.5,1085.5
Aleutians,1902,3.4,1085.5
Aleutians,1903,3.3,1085.5
Aleutians,1904,3.3,1085.5
Aleutians,1905,3.5,1085.5
Aleutians,1906,3.5,1085.5
Aleutians,1907,3.4,1085.5
Aleutians,1908,3.3,1085.5
Aleutians,1909,3.4,1085.5
Aleutians,1910,3.4,1085.5
Aleutians,1911,3.2,1085.5
Aleutians,1912,3.2,1085.5
Aleutians,1913,3.2,1085.5
Aleutians,1914,3.3,1085.5
Aleutians,1915,3.3,1091.1
Aleutians,1916,3.1,1085.3
Aleutians,1917,3.0,1089.6
Aleutians,1918,3.2,1083.4
Aleutians,1919,3.2,1083.4
Aleutians,1920,3.1,1087.4
Aleutians,1921,3.3,1087.9
Aleutians,1922,3.4,1084.4
Aleutians,1923,3.5,1087.5
Aleutians,1924,3.3,1092.5
Aleutians,1925,3.7,1091.4
Aleutians,1926,4.1,1081.1
Aleutians,1927,3.4,1081.5
Aleutians,1928,3.3,1085.4
Aleutians,1929,3.9,1091.6
Aleutians,1930,3.3,1083.4
Aleutians,1931,3.3,1087.0
Aleutians,1932,3.4,1085.3
Aleutians,1933,3.3,1080.0
Aleutians,1934,3.7,1086.0
Aleutians,1935,4.1,1087.9
Aleutians,1936,3.9,1089.6
Aleutians,1937,4.0,1086.0
Aleutians,1938,3.5,1082.1
Aleutians,1939,3.3,1077.8
Aleutians,1940,3.7,1083.2
Aleutians,1941,3.7,1083.4
Aleutians,1942,3.7,900.2
Aleutians,1943,3.1,899.3
Aleutians,1944,3.1,933.0
Aleutians,1945,3.5,844.7
Aleutians,1946,2.7,982.7
Aleutians,1947,2.9,1078.8
Aleutians,1948,3.2,1192.3
Aleutians,1949,3.2,1307.6
Aleutians,1950,3.6,1046.8
Aleutians,1951,3.8,1146.4
Aleutians,1952,3.1,1267.2
Aleutians,1953,3.1,1334.0
Aleutians,1954,2.9,1290.1
Aleutians,1955,3.1,1168.9
Aleutians,1956,2.9,1246.2
Aleutians,1957,3.9,1162.0
Aleutians,1958,3.4,1192.7
Aleutians,1959,3.3,1154.3
Aleutians,1960,3.2,921.4
Aleutians,1961,3.2,986.1
Aleutians,1962,3.8,1122.8
Aleutians,1963,3.8,1096.5
Aleutians,1964,2.8,1166.8
Aleutians,1965,3.4,1184.1
Aleutians,1966,3.2,1079.6
Aleutians,1967,3.9,1240.1
Aleutians,1968,3.4,948.0
Aleutians,1969,3.7,1128.9
Aleutians,1970,3.5,1083.1
Aleutians,1971,2.3,1127.0
Aleutians,1972,2.7,1051.5
Aleutians,1973,3.0,1055.8
Aleutians,1974,3.1,1167.8
Aleutians,1975,2.5,1139.2
Aleutians,1976,2.2,1060.9
Aleutians,1977,3.5,1041.2
Aleutians,1978,4.0,1160.1
Aleutians,1979,4.2,1254.7
Aleutians,1980,3.5,1107.1
Aleutians,1981,4.2,991.4
Aleutians,1982,3.4,1073.7
Aleutians,1983,3.9,1027.4
Aleutians,1984,3.9,1030.5
Aleutians,1985,3.7,1084.6
Aleutians,1986,4.0,1037.0
Aleutians,1987,3.4,1097.2
Aleutians,1988,3.4,998.3
Aleutians,1989,4.0,966.2
Aleutians,1990,3.8,1056.5
Aleutians,1991,3.5,1102.2
Aleutians,1992,3.0,1092.0
Aleutians,1993,3.7,1209.6
Aleutians,1994,3.4,1105.1
Aleutians,1995,4.0,970.3
Aleutians,1996,4.4,1097.1
Aleutians,1997,4.0,1084.0
Aleutians,1998,3.7,1102.2
Aleutians,1999,2.6,1099.3
Aleutians,2000,4.0,1152.1
Aleutians,2001,3.5,1112.7
Aleutians,2002,4.4,1126.2
Aleutians,2003,4.6,1086.9
Aleutians,2004,4.5,1121.2
Aleutians,2005,4.5,1087.7
Aleutians,2006,3.5,1092.2
Aleutians,2007,3.8,1110.2
Aleutians,2008,3.1,1067.2
Aleutians,2009,3.4,1100.3
Aleutians,2010,3.2,1068.9
Aleutians,2011,3.7,1092.6
Aleutians,2012,2.6,1097.2
Aleutians,2013,4.2,1114.2
Aleutians,2014,5.1,1081.3
Aleutians,2015,4.7,1096.2
Aleutians,2016,5.3,1103.4
Aleutians,2017,4.4,1087.4
Aleutians,2018,5.1,1118.0
Aleutians,2019,5.4,1124.0
Aleutians,2020,4.3,1075.6
Aleutians,2021,4.3,1112.6
Aleutians,2022,4.6,1099.0
Aleutians,2023,4.3,1098.1
Aleutians,2024,4.3,1111.3
Algeria,1901,22.6,119.3
Algeria,1902,22.6,104.8
Algeria,1903,22.5,85.8
Algeria,1904,22.6,118.6
Algeria,1905,22.4,101.3
Algeria,1906,22.4,105.7
Algeria,1907,22.4,94.2
Algeria,1908,22.5,112.5
Algeria,1909,22.4,85.6
Algeria,1910,22.4,83.2
Algeria,1911,22.5,105.4
Algeria,1912,22.5,99.6
Algeria,1913,22.6,74.2
Algeria,1914,22.5,93.2
Algeria,1915,22.4,102.5
Algeria,1916,22.5,100.0
Algeria,1917,22.3,95.8
Algeria,1918,22.3,104.0
Algeria,1919,22.4,87.2
Algeria,1920,22.6,77.1
Algeria,1921,22.5,97.8
Algeria,1922,22.5,80.6
Algeria,1923,22.4,107.8
Algeria,1924,22.7,81.1
Algeria,1925,22.3,95.1
Algeria,1926,22.9,63.7
Algeria,1927,22.7,95.4
Algeria,1928,22.7,110.8
Algeria,1929,22.5,100.0
Algeria,1930,22.8,87.6
Algeria,1931,22.8,87.8
Algeria,1932,22.4,88.0
Algeria,1933,22.6,106.9
Algeria,1934,22.4,110.0
Algeria,1935,22.6,99.9
Algeria,1936,22.6,97.1
Algeria,1937,23.0,68.0
Algeria,1938,22.6,90.8
Algeria,1939,22.5,95.9
Algeria,1940,22.7,88.3
Algeria,1941,22.8,90.1
Algeria,1942,23.0,89.5
Algeria,1943,22.9,115.9
Algeria,1944,22.7,71.3
Algeria,1945,23.0,65.4
Algeria,1946,22.9,90.2
Algeria,1947,23.1,69.8
Algeria,1948,22.9,88.9
Algeria,1949,22.9,94.5
Algeria,1950,22.7,101.2
Algeria,1951,22.8,105.6
Algeria,1952,22.8,104.0
Algeria,1953,22.6,113.9
Algeria,1954,22.4,101.6
Algeria,1955,23.2,99.9
Algeria,1956,22.3,96.9
Algeria,1957,22.5,125.0
Algeria,1958,22.9,100.0
Algeria,1959,22.8,99.5
Algeria,1960,22.8,94.2
Algeria,1961,22.9,70.1
Algeria,1962,22.7,107.2
Algeria,1963,22.7,106.0
Algeria,1964,22.7,94.8
Algeria,1965,22.6,89.5
Algeria,1966,22.7,89.1
Algeria,1967,22.6,95.4
Algeria,1968,22.7,85.8
Algeria,1969,22.7,114.9
Algeria,1970,22.7,70.2
Algeria,1971,22.3,104.0
Algeria,1972,22.3,110.5
Algeria,1973,22.5,96.9
Algeria,1974,22.3,90.9
Algeria,1975,22.4,95.2
Algeria,1976,22.2,131.1
Algeria,1977,22.7,78.9
Algeria,1978,22.7,78.1
Algeria,1979,22.9,112.1
Algeria,1980,22.7,102.3
Algeria,1981,22.9,66.6
Algeria,1982,22.9,111.6
Algeria,1983,23.1,56.9
Algeria,1984,22.7,92.0
Algeria,1985,23.0,91.1
Algeria,1986,22.8,112.1
Algeria,1987,23.3,85.3
Algeria,1988,23.0,85.8
Algeria,1989,23.1,76.0
Algeria,1990,23.3,101.7
Algeria,1991,22.6,93.8
Algeria,1992,22.6,99.0
Algeria,1993,22.8,71.0
Algeria,1994,23.2,91.3
Algeria,1995,23.3,90.7
Algeria,1996,23.0,107.7
Algeria,1997,23.4,102.0
Algeria,1998,23.2,77.5
Algeria,1999,23.4,105.9
Algeria,2000,23.3,65.5
Algeria,2001,23.5,74.0
Algeria,2002,23.4,77.9
Algeria,2003,23.5,117.3
Algeria,2004,23.3,106.0
Algeria,2005,23.2,80.6
Algeria,2006,23.5,101.0
Algeria,2007,23.3,99.3
Algeria,2008,23.2,90.7
Algeria,2009,23.5,102.4
Algeria,2010,23.7,103.3
Algeria,2011,23.5,107.1
Algeria,2012,23.5,94.3
Algeria,2013,23.2,99.8
Algeria,2014,23.6,84.2
Algeria,2015,23.5,86.8
Algeria,2016,23.7,75.0
Algeria,2017,23.5,85.1
Algeria,2018,23.2,103.9
Algeria,2019,23.4,86.7
Algeria,2020,23.5,66.9
Algeria,2021,23.6,66.8
Algeria,2022,23.8,61.4
Algeria,2023,23.8,66.1
Algeria,2024,24.0,64.2
Amsterdam Isl,1901,13.4,1041.0
Amsterdam Isl,1902,13.4,1041.0
Amsterdam Isl,1903,13.4,1041.0
Amsterdam Isl,1904,13.4,1041.0
Amsterdam Isl,1905,13.4,1041.0
Amsterdam Isl,1906,13.4,1041.0
Amsterdam Isl,1907,13.4,1041.0
Amsterdam Isl,1908,13.4,1041.0
Amsterdam Isl,1909,13.4,1041.0
Amsterdam Isl,1910,13.4,1041.0
Amsterdam Isl,1911,13.4,1041.0
Amsterdam Isl,1912,13.4,1041.0
Amsterdam Isl,1913,13.4,1041.0
Amsterdam Isl,1914,13.4,1041.0
Amsterdam Isl,1915,13.4,1041.0
Amsterdam Isl,1916,13.4,1041.0
Amsterdam Isl,1917,13.4,1041.0
Amsterdam Isl,1918,13.4,1041.0
Amsterdam Isl,1919,13.4,1041.0
Amsterdam Isl,1920,13.4,1041.0
Amsterdam Isl,1921,13.4,1041.0
Amsterdam Isl,1922,13.4,1041.0
Amsterdam Isl,1923,13.4,1041.0
Amsterdam Isl,1924,13.4,1041.0
Amsterdam Isl,1925,13.4,1041.0
Amsterdam Isl,1926,13.4,1041.0
Amsterdam Isl,1927,13.4,1041.0
Amsterdam Isl,1928,13.4,1041.0
Amsterdam Isl,1929,13.4,1041.0
Amsterdam Isl,1930,13.4,1041.0
Amsterdam Isl,1931,13.4,1041.0
Amsterdam Isl,1932,13.4,1041.0
Amsterdam Isl,1933,13.4,1041.0
Amsterdam Isl,1934,13.4,1041.0
Amsterdam Isl,1935,13.4,1041.0
Amsterdam Isl,1936,13.4,1041.0
Amsterdam Isl,1937,13.4,1041.0
Amsterdam Isl,1938,13.4,1041.0
Amsterdam Isl,1939,13.4,1041.0
Amsterdam Isl,1940,13.4,1041.0
Amsterdam Isl,1941,13.4,1041.0
Amsterdam Isl,1942,13.4,1041.0
Amsterdam Isl,1943,13.4,1041.0
Amsterdam Isl,1944,13.4,1041.0
Amsterdam Isl,1945,13.4,1041.0
Amsterdam Isl,1946,13.4,1041.0
Amsterdam Isl,1947,13.4,1041.0
Amsterdam Isl,1948,13.4,1041.0
Amsterdam Isl,1949,13.4,1041.0
Amsterdam Isl,1950,13.0,1041.0
Amsterdam Isl,1951,14.1,1152.8
Amsterdam Isl,1952,12.8,1058.2
Amsterdam Isl,1953,13.2,940.7
Amsterdam Isl,1954,13.4,890.6
Amsterdam Isl,1955,13.8,1115.8
Amsterdam Isl,1956,13.2,1009.4
Amsterdam Isl,1957,13.2,1268.5
Amsterdam Isl,1958,13.4,1046.5
Amsterdam Isl,1959,13.6,1102.2
Amsterdam Isl,1960,13.9,1060.2
Amsterdam Isl,1961,13.5,924.0
Amsterdam Isl,1962,13.6,967.4
Amsterdam Isl,1963,12.8,1073.8
Amsterdam Isl,1964,12.5,1117.5
Amsterdam Isl,1965,12.4,945.1
Amsterdam Isl,1966,12.9,1005.1
Amsterdam Isl,1967,12.4,1103.0
Amsterdam Isl,1968,13.8,1040.5
Amsterdam Isl,1969,13.0,1162.2
Amsterdam Isl,1970,13.1,733.8
Amsterdam Isl,1971,13.3,984.7
Amsterdam Isl,1972,13.2,950.5
Amsterdam Isl,1973,13.5,1009.1
Amsterdam Isl,1974,13.5,894.7
Amsterdam Isl,1975,13.5,1103.1
Amsterdam Isl,1976,13.3,1210.6
Amsterdam Isl,1977,13.4,1044.6
Amsterdam Isl,1978,13.7,1182.3
Amsterdam Isl,1979,13.8,1351.5
Amsterdam Isl,1980,13.7,832.3
Amsterdam Isl,1981,14.2,1239.5
Amsterdam Isl,1982,14.0,902.5
Amsterdam Isl,1983,13.4,1110.9
Amsterdam Isl,1984,13.7,933.9
Amsterdam Isl,1985,13.4,1060.8
Amsterdam Isl,1986,14.0,935.4
Amsterdam Isl,1987,14.3,1137.4
Amsterdam Isl,1988,13.6,1189.1
Amsterdam Isl,1989,13.4,1044.3
Amsterdam Isl,1990,13.6,1040.5
Amsterdam Isl,1991,13.3,956.7
Amsterdam Isl,1992,13.6,1149.8
Amsterdam Isl,1993,13.5,989.3
Amsterdam Isl,1994,13.4,1176.9
Amsterdam Isl,1995,13.4,1015.6
Amsterdam Isl,1996,13.4,821.2
Amsterdam Isl,1997,14.1,919.6
Amsterdam Isl,1998,13.6,1145.2
Amsterdam Isl,1999,13.7,1079.7
Amsterdam Isl,2000,13.8,916.0
Amsterdam Isl,2001,13.5,1119.5
Amsterdam Isl,2002,13.4,881.7
Amsterdam Isl,2003,13.4,961.5
Amsterdam Isl,2004,13.5,918.9
Amsterdam Isl,2005,13.4,999.8
Amsterdam Isl,2006,13.9,879.8
Amsterdam Isl,2007,13.5,818.2
Amsterdam Isl,2008,13.7,906.6
Amsterdam Isl,2009,13.4,890.9
Amsterdam Isl,2010,13.7,1049.9
Amsterdam Isl,2011,14.1,969.5
Amsterdam Isl,2012,13.5,745.3
Amsterdam Isl,2013,13.8,842.9
Amsterdam Isl,2014,13.8,1008.4
Amsterdam Isl,2015,14.2,935.2
Amsterdam Isl,2016,13.9,822.1
Amsterdam Isl,2017,14.6,883.6
Amsterdam Isl,2018,14.2,807.1
Amsterdam Isl,2019,14.0,1061.1
Amsterdam Isl,2020,13.3,924.8
Amsterdam Isl,2021,14.1,852.9
Amsterdam Isl,2022,13.8,649.3
Amsterdam Isl,2023,14.5,1072.0
Amsterdam Isl,2024,13.9,853.8
Andaman Isl,1901,27.9,3515.7
Andaman Isl,1902,27.9,3500.7
Andaman Isl,1903,27.7,3138.6
Andaman Isl,1904,27.3,3264.4
Andaman Isl,1905,27.9,2686.8
Andaman Isl,1906,28.0,2712.3
Andaman Isl,1907,27.3,3237.4
Andaman Isl,1908,27.3,3760.2
Andaman Isl,1909,27.3,3879.7
Andaman Isl,1910,27.2,2833.8
Andaman Isl,1911,27.5,2824.5
Andaman Isl,1912,27.5,2605.8
Andaman Isl,1913,27.5,2559.6
Andaman Isl,1914,27.6,3061.7
Andaman Isl,1915,27.6,2815.9
Andaman Isl,1916,27.2,3096.4
Andaman Isl,1917,27.1,2645.3
Andaman Isl,1918,27.3,3383.2
Andaman Isl,1919,27.8,2411.8
Andaman Isl,1920,27.3,3097.6
Andaman Isl,1921,27.3,2783.0
Andaman Isl,1922,27.0,3598.7
Andaman Isl,1923,27.1,3300.6
Andaman Isl,1924,27.3,2532.4
Andaman Isl,1925,27.2,2579.0
Andaman Isl,1926,27.5,3300.0
Andaman Isl,1927,27.3,2544.7
Andaman Isl,1928,27.4,3136.2
Andaman Isl,1929,27.4,2981.5
Andaman Isl,1930,27.4,3128.4
Andaman Isl,1931,27.6,2502.0
Andaman Isl,1932,27.3,3316.4
Andaman Isl,1933,27.5,3183.6
Andaman Isl,1934,27.3,3754.3
Andaman Isl,1935,27.4,3285.4
Andaman Isl,1936,27.4,3170.0
Andaman Isl,1937,27.4,3598.3
Andaman Isl,1938,27.1,3434.9
Andaman Isl,1939,27.2,2949.7
Andaman Isl,1940,27.1,2909.1
Andaman Isl,1941,27.8,2607.3
Andaman Isl,1942,26.9,3041.9
Andaman Isl,1943,26.6,3066.4
Andaman Isl,1944,26.7,3066.4
Andaman Isl,1945,26.8,3066.4
Andaman Isl,1946,27.8,2733.4
Andaman Isl,1947,27.7,3545.6
Andaman Isl,1948,27.6,3464.6
Andaman Isl,1949,27.4,3639.6
Andaman Isl,1950,27.5,2410.9
Andaman Isl,1951,26.9,3365.3
Andaman Isl,1952,26.9,3163.2
Andaman Isl,1953,26.9,3058.0
Andaman Isl,1954,26.9,2842.2
Andaman Isl,1955,26.6,3501.1
Andaman Isl,1956,26.4,3186.0
Andaman Isl,1957,27.2,3141.0
Andaman Isl,1958,27.2,3262.9
Andaman Isl,1959,27.2,3810.2
Andaman Isl,1960,27.2,3271.1
Andaman Isl,1961,26.9,3292.2
Andaman Isl,1962,26.9,3307.9
Andaman Isl,1963,27.0,3337.2
Andaman Isl,1964,26.9,3505.4
Andaman Isl,1965,26.8,3273.6
Andaman Isl,1966,27.1,3002.9
Andaman Isl,1967,26.8,3784.3
Andaman Isl,1968,27.0,2790.5
Andaman Isl,1969,27.1,2868.0
Andaman Isl,1970,27.0,3804.1
Andaman Isl,1971,26.5,3162.9
Andaman Isl,1972,26.5,3752.3
Andaman Isl,1973,26.8,2966.8
Andaman Isl,1974,26.2,2763.9
Andaman Isl,1975,26.3,2891.8
Andaman Isl,1976,26.0,3063.5
Andaman Isl,1977,26.2,2477.3
Andaman Isl,1978,26.4,2872.3
Andaman Isl,1979,27.3,1729.7
Andaman Isl,1980,27.0,3766.2
Andaman Isl,1981,26.6,3325.3
Andaman Isl,1982,26.5,2663.4
Andaman Isl,1983,26.8,3125.7
Andaman Isl,1984,26.8,3257.4
Andaman Isl,1985,26.7,2790.5
Andaman Isl,1986,26.5,2345.0
Andaman Isl,1987,27.1,2687.3
Andaman Isl,1988,26.7,3408.6
Andaman Isl,1989,26.1,2724.1
Andaman Isl,1990,27.5,2698.9
Andaman Isl,1991,27.3,3220.7
Andaman Isl,1992,26.9,3042.4
Andaman Isl,1993,27.2,2735.8
Andaman Isl,1994,27.1,3656.9
Andaman Isl,1995,27.3,3524.1
Andaman Isl,1996,27.0,3613.9
Andaman Isl,1997,27.1,3043.2
Andaman Isl,1998,27.5,3011.0
Andaman Isl,1999,26.6,3065.3
Andaman Isl,2000,26.9,2887.5
Andaman Isl,2001,27.1,3152.0
Andaman Isl,2002,27.2,2646.3
Andaman Isl,2003,27.4,2487.3
Andaman Isl,2004,27.4,3366.5
Andaman Isl,2005,27.4,3916.0
Andaman Isl,2006,27.2,3210.0
Andaman Isl,2007,27.2,2755.2
Andaman Isl,2008,27.1,4199.7
Andaman Isl,2009,27.5,2649.5
Andaman Isl,2010,28.0,3197.0
Andaman Isl,2011,27.3,3638.1
Andaman Isl,2012,27.6,3665.2
Andaman Isl,2013,27.6,3573.0
Andaman Isl,2014,27.6,3102.2
Andaman Isl,2015,27.8,2985.3
Andaman Isl,2016,27.9,3749.5
Andaman Isl,2017,27.7,3422.1
Andaman Isl,2018,27.5,3497.0
Andaman Isl,2019,27.9,2804.1
Andaman Isl,2020,27.9,3027.2
Andaman Isl,2021,27.7,3630.4
Andaman Isl,2022,27.7,2690.0
Andaman Isl,2023,28.1,3570.3
Andaman Isl,2024,28.3,3584.1
Andorra,1901,6.0,1202.2
Andorra,1902,6.2,1094.2
Andorra,1903,6.4,979.0
Andorra,1904,6.9,810.4
Andorra,1905,6.1,1073.3
Andorra,1906,6.6,1069.8
Andorra,1907,6.4,1150.8
Andorra,1908,6.2,1090.0
Andorra,1909,5.8,904.0
Andorra,1910,6.4,1095.4
Andorra,1911,7.2,1014.6
Andorra,1912,6.3,897.2
Andorra,1913,6.8,1180.0
Andorra,1914,6.4,1195.5
Andorra,1915,6.3,1335.1
Andorra,1916,6.6,1046.2
Andorra,1917,5.7,1251.0
Andorra,1918,6.6,1060.3
Andorra,1919,6.2,1182.8
Andorra,1920,7.0,1287.3
Andorra,1921,7.4,1046.4
Andorra,1922,6.2,1075.0
Andorra,1923,7.0,930.5
Andorra,1924,6.5,811.7
Andorra,1925,6.4,879.6
Andorra,1926,7.3,1200.6
Andorra,1927,7.1,1037.0
Andorra,1928,7.5,898.6
Andorra,1929,6.7,819.1
Andorra,1930,7.2,1399.6
Andorra,1931,6.4,1007.0
Andorra,1932,6.6,1650.1
Andorra,1933,6.6,1188.9
Andorra,1934,7.2,1023.5
Andorra,1935,6.7,1067.0
Andorra,1936,6.8,1299.9
Andorra,1937,7.2,1003.6
Andorra,1938,6.7,1135.3
Andorra,1939,6.5,1269.9
Andorra,1940,6.1,1003.2
Andorra,1941,6.1,1240.2
Andorra,1942,6.7,999.5
Andorra,1943,7.8,1211.4
Andorra,1944,6.8,1064.4
Andorra,1945,7.6,829.5
Andorra,1946,7.0,1031.0
Andorra,1947,7.8,986.7
Andorra,1948,7.3,977.6
Andorra,1949,7.6,961.7
Andorra,1950,7.4,887.5
Andorra,1951,6.8,1460.3
Andorra,1952,7.3,1131.2
Andorra,1953,7.0,925.5
Andorra,1954,6.6,806.6
Andorra,1955,7.2,1254.4
Andorra,1956,6.2,1006.5
Andorra,1957,6.7,978.1
Andorra,1958,7.0,971.7
Andorra,1959,7.5,1436.0
Andorra,1960,6.9,1587.8
Andorra,1961,7.7,981.0
Andorra,1962,6.3,1320.4
Andorra,1963,5.9,1400.7
Andorra,1964,6.9,1285.0
Andorra,1965,6.4,1252.3
Andorra,1966,7.1,1170.4
Andorra,1967,7.1,968.1
Andorra,1968,6.7,1160.2
Andorra,1969,6.4,1293.6
Andorra,1970,6.7,1008.1
Andorra,1971,6.8,1320.7
Andorra,1972,6.5,1392.4
Andorra,1973,6.6,959.8
Andorra,1974,6.9,1119.8
Andorra,1975,6.8,1031.0
Andorra,1976,7.1,1052.1
Andorra,1977,6.8,1324.5
Andorra,1978,6.4,944.0
Andorra,1979,6.7,1299.2
Andorra,1980,6.2,990.0
Andorra,1981,6.9,1109.9
Andorra,1982,7.8,1388.6
Andorra,1983,7.3,893.8
Andorra,1984,6.6,1049.7
Andorra,1985,6.5,808.5
Andorra,1986,6.9,775.9
Andorra,1987,6.7,1206.6
Andorra,1988,7.3,982.6
Andorra,1989,8.0,946.2
Andorra,1990,7.9,1057.3
Andorra,1991,7.2,952.6
Andorra,1992,7.3,1361.9
Andorra,1993,7.1,1008.6
Andorra,1994,8.3,1026.4
Andorra,1995,7.9,1111.5
Andorra,1996,7.2,1633.6
Andorra,1997,8.3,1205.8
Andorra,1998,7.6,821.2
Andorra,1999,7.9,1170.6
Andorra,2000,8.2,1006.2
Andorra,2001,7.8,871.7
Andorra,2002,8.1,1168.0
Andorra,2003,8.3,1203.7
Andorra,2004,7.7,884.6
Andorra,2005,7.4,866.1
Andorra,2006,8.3,843.6
Andorra,2007,7.8,722.6
Andorra,2008,7.7,1194.0
Andorra,2009,8.2,1044.5
Andorra,2010,7.1,1074.1
Andorra,2011,8.7,920.5
Andorra,2012,8.0,840.6
Andorra,2013,7.4,1224.1
Andorra,2014,8.8,1226.8
Andorra,2015,8.5,948.4
Andorra,2016,8.2,917.4
Andorra,2017,8.3,931.4
Andorra,2018,9.0,1503.8
Andorra,2019,8.7,1045.7
Andorra,2020,8.9,1222.3
Andorra,2021,8.1,890.1
Andorra,2022,9.6,854.3
Andorra,2023,9.3,732.5
Andorra,2024,8.9,1183.1
Angola,1901,21.4,1018.9
Angola,1902,21.4,1033.1
Angola,1903,21.5,1061.8
Angola,1904,21.4,979.9
Angola,1905,21.4,976.2
Angola,1906,21.3,1060.3
Angola,1907,21.3,1011.9
Angola,1908,21.4,1025.1
Angola,1909,21.4,1143.0
Angola,1910,21.4,1054.5
Angola,1911,21.5,982.3
Angola,1912,21.4,1136.9
Angola,1913,21.5,985.3
Angola,1914,21.4,888.7
Angola,1915,21.4,926.1
Angola,1916,21.4,1101.4
Angola,1917,21.4,977.1
Angola,1918,21.3,1008.7
Angola,1919,21.3,1018.9
Angola,1920,21.4,1031.8
Angola,1921,21.4,1059.1
Angola,1922,21.5,1002.9
Angola,1923,21.4,1210.0
Angola,1924,21.5,1096.8
Angola,1925,21.3,1072.5
Angola,1926,21.4,1099.1
Angola,1927,21.4,1020.2
Angola,1928,21.6,961.3
Angola,1929,21.4,1020.6
Angola,1930,21.4,888.6
Angola,1931,21.6,1048.2
Angola,1932,21.3,930.6
Angola,1933,21.5,1079.1
Angola,1934,21.6,1144.8
Angola,1935,21.4,1058.3
Angola,1936,21.3,1022.8
Angola,1937,21.4,1152.8
Angola,1938,21.5,1045.8
Angola,1939,21.5,1024.4
Angola,1940,21.7,998.3
Angola,1941,21.9,937.7
Angola,1942,21.9,971.7
Angola,1943,21.6,982.4
Angola,1944,21.8,1178.3
Angola,1945,21.6,1103.6
Angola,1946,21.5,977.1
Angola,1947,21.6,1098.9
Angola,1948,21.3,994.3
Angola,1949,21.9,991.1
Angola,1950,21.6,1158.9
Angola,1951,21.5,1219.1
Angola,1952,21.7,1064.2
Angola,1953,21.4,1001.2
Angola,1954,21.3,1107.0
Angola,1955,21.3,1086.5
Angola,1956,21.3,1040.3
Angola,1957,21.6,1166.2
Angola,1958,21.5,914.4
Angola,1959,21.6,1093.6
Angola,1960,21.6,1179.1
Angola,1961,21.3,1241.7
Angola,1962,21.3,1146.6
Angola,1963,21.3,1115.3
Angola,1964,21.3,960.8
Angola,1965,21.3,999.8
Angola,1966,21.5,1132.5
Angola,1967,21.3,1190.6
Angola,1968,21.4,1125.8
Angola,1969,21.6,1228.7
Angola,1970,21.6,968.8
Angola,1971,21.4,996.2
Angola,1972,21.4,984.1
Angola,1973,21.7,1060.0
Angola,1974,21.2,1082.3
Angola,1975,21.4,1039.7
Angola,1976,21.2,1104.7
Angola,1977,21.6,1105.5
Angola,1978,21.4,1043.6
Angola,1979,21.7,1125.7
Angola,1980,21.6,944.7
Angola,1981,21.5,890.3
Angola,1982,21.5,974.3
Angola,1983,21.9,947.4
Angola,1984,21.8,966.6
Angola,1985,21.7,985.3
Angola,1986,21.6,1138.4
Angola,1987,22.1,996.4
Angola,1988,21.8,1091.4
Angola,1989,21.6,976.3
Angola,1990,21.8,1034.7
Angola,1991,21.6,1079.6
Angola,1992,21.8,934.5
Angola,1993,21.7,1036.5
Angola,1994,21.7,982.6
Angola,1995,22.0,957.0
Angola,1996,21.8,992.8
Angola,1997,21.9,1075.8
Angola,1998,22.2,1036.1
Angola,1999,21.7,1058.1
Angola,2000,21.7,1054.8
Angola,2001,21.9,1041.5
Angola,2002,22.0,1075.5
Angola,2003,22.1,1019.1
Angola,2004,21.9,1062.1
Angola,2005,22.2,1009.0
Angola,2006,21.7,1079.3
Angola,2007,21.6,1044.6
Angola,2008,21.6,1059.8
Angola,2009,21.8,1059.4
Angola,2010,22.0,1041.1
Angola,2011,21.6,1074.0
Angola,2012,21.7,1069.2
Angola,2013,21.7,1007.5
Angola,2014,21.7,1051.7
Angola,2015,21.8,998.1
Angola,2016,22.0,1020.3
Angola,2017,21.9,1076.2
Angola,2018,21.8,1056.6
Angola,2019,21.9,1062.8
Angola,2020,21.8,1066.3
Angola,2021,21.8,1058.0
Angola,2022,21.7,1058.1
Angola,2023,21.6,1054.8
Angola,2024,21.8,1032.1
Anguilla,1901,27.2,1227.3
Anguilla,1902,26.8,1096.2
Anguilla,1903,26.8,1028.9
Anguilla,1904,26.3,1072.0
Anguilla,1905,26.7,1097.2
Anguilla,1906,26.4,1018.0
Anguilla,1907,26.1,970.4
Anguilla,1908,26.2,1033.7
Anguilla,1909,26.2,1120.9
Anguilla,1910,26.2,1114.5
Anguilla,1911,26.1,1102.6
Anguilla,1912,26.5,944.6
Anguilla,1913,25.9,1003.6
Anguilla,1914,26.3,1026.6
Anguilla,1915,26.9,1065.9
Anguilla,1916,26.5,1132.0
Anguilla,1917,26.0,947.4
Anguilla,1918,26.2,956.3
Anguilla,1919,26.4,1044.7
Anguilla,1920,26.2,976.1
Anguilla,1921,26.0,1014.6
Anguilla,1922,26.0,1010.1
Anguilla,1923,26.6,890.5
Anguilla,1924,27.0,1053.6
Anguilla,1925,26.4,912.1
Anguilla,1926,27.0,957.8
Anguilla,1927,26.8,1094.8
Anguilla,1928,26.7,1207.5
Anguilla,1929,26.3,962.4
Anguilla,1930,26.5,922.9
Anguilla,1931,27.2,1327.3
Anguilla,1932,27.2,1178.8
Anguilla,1933,26.9,1148.5
Anguilla,1934,26.6,1011.6
Anguilla,1935,26.5,994.2
Anguilla,1936,26.8,1181.3
Anguilla,1937,27.0,895.1
Anguilla,1938,26.6,1092.4
Anguilla,1939,26.8,962.1
Anguilla,1940,27.3,1055.4
Anguilla,1941,27.4,1014.7
Anguilla,1942,27.4,1139.5
Anguilla,1943,26.9,1050.3
Anguilla,1944,27.1,1072.7
Anguilla,1945,26.6,898.5
Anguilla,1946,26.8,940.7
Anguilla,1947,27.0,888.5
Anguilla,1948,27.0,1083.2
Anguilla,1949,26.7,1090.4
Anguilla,1950,26.6,1102.5
Anguilla,1951,26.7,990.3
Anguilla,1952,26.8,1219.5
Anguilla,1953,26.7,978.5
Anguilla,1954,26.5,1122.7
Anguilla,1955,26.5,1034.2
Anguilla,1956,26.3,1087.6
Anguilla,1957,26.7,848.8
Anguilla,1958,27.3,1221.0
Anguilla,1959,26.9,937.3
Anguilla,1960,27.0,1273.8
Anguilla,1961,26.8,1038.9
Anguilla,1962,26.8,1021.1
Anguilla,1963,27.0,980.4
Anguilla,1964,26.9,780.5
Anguilla,1965,26.8,1081.7
Anguilla,1966,27.0,945.7
Anguilla,1967,26.7,684.0
Anguilla,1968,26.9,839.6
Anguilla,1969,27.3,1258.2
Anguilla,1970,27.1,1208.7
Anguilla,1971,26.6,952.2
Anguilla,1972,26.9,827.8
Anguilla,1973,26.9,806.1
Anguilla,1974,26.7,975.1
Anguilla,1975,26.7,1061.3
Anguilla,1976,26.6,809.8
Anguilla,1977,27.1,1012.6
Anguilla,1978,27.1,877.5
Anguilla,1979,27.1,1530.4
Anguilla,1980,27.5,762.7
Anguilla,1981,27.5,1165.4
Anguilla,1982,27.1,954.8
Anguilla,1983,27.7,991.1
Anguilla,1984,27.2,1118.8
Anguilla,1985,27.3,976.1
Anguilla,1986,27.4,1036.5
Anguilla,1987,28.1,1271.4
Anguilla,1988,27.7,1090.8
Anguilla,1989,27.3,1104.7
Anguilla,1990,27.7,963.2
Anguilla,1991,27.6,825.8
Anguilla,1992,27.6,1181.6
Anguilla,1993,27.8,846.4
Anguilla,1994,27.7,762.1
Anguilla,1995,27.9,905.4
Anguilla,1996,27.7,953.5
Anguilla,1997,28.0,898.2
Anguilla,1998,28.3,1312.5
Anguilla,1999,27.8,1131.2
Anguilla,2000,27.8,742.0
Anguilla,2001,27.9,1042.5
Anguilla,2002,28.2,998.6
Anguilla,2003,28.1,1169.2
Anguilla,2004,27.8,1224.1
Anguilla,2005,28.1,1321.0
Anguilla,2006,27.8,1377.3
Anguilla,2007,27.8,1034.7
Anguilla,2008,27.4,1305.0
Anguilla,2009,27.8,956.9
Anguilla,2010,28.2,1305.0
Anguilla,2011,27.8,1137.2
Anguilla,2012,27.8,848.5
Anguilla,2013,28.0,1172.0
Anguilla,2014,28.0,1163.6
Anguilla,2015,28.2,629.3
Anguilla,2016,28.2,1088.4
Anguilla,2017,28.0,1154.2
Anguilla,2018,27.7,949.4
Anguilla,2019,28.1,990.0
Anguilla,2020,28.1,1040.5
Anguilla,2021,28.0,891.5
Anguilla,2022,27.8,920.0
Anguilla,2023,28.3,1055.4
Anguilla,2024,28.7,1391.2
Antigua and Barbuda,1901,26.6,1032.6
Antigua and Barbuda,1902,26.3,1061.9
Antigua and Barbuda,1903,26.3,1039.2
Antigua and Barbuda,1904,25.9,1007.3
Antigua and Barbuda,1905,26.2,1009.1
Antigua and Barbuda,1906,26.0,1026.5
Antigua and Barbuda,1907,25.7,975.9
Antigua and Barbuda,1908,25.9,956.4
Antigua and Barbuda,1909,25.8,1031.9
Antigua and Barbuda,1910,25.8,1016.2
Antigua and Barbuda,1911,25.8,1031.0
Antigua and Barbuda,1912,26.1,1027.2
Antigua and Barbuda,1913,25.6,1029.6
Antigua and Barbuda,1914,25.9,1029.6
Antigua and Barbuda,1915,26.4,1030.7
Antigua and Barbuda,1916,26.1,1032.9
Antigua and Barbuda,1917,25.8,1029.2
Antigua and Barbuda,1918,25.9,1026.8
Antigua and Barbuda,1919,26.0,1031.4
Antigua and Barbuda,1920,25.8,1028.2
Antigua and Barbuda,1921,25.7,1030.6
Antigua and Barbuda,1922,25.7,1028.4
Antigua and Barbuda,1923,26.2,1027.1
Antigua and Barbuda,1924,26.5,1027.7
Antigua and Barbuda,1925,26.0,1027.7
Antigua and Barbuda,1926,26.5,1026.7
Antigua and Barbuda,1927,26.3,1032.0
Antigua and Barbuda,1928,26.2,1032.6
Antigua and Barbuda,1929,25.9,1029.6
Antigua and Barbuda,1930,26.1,1029.3
Antigua and Barbuda,1931,26.7,1037.2
Antigua and Barbuda,1932,26.7,1040.7
Antigua and Barbuda,1933,26.4,1080.6
Antigua and Barbuda,1934,26.2,935.1
Antigua and Barbuda,1935,26.0,998.3
Antigua and Barbuda,1936,26.3,1072.2
Antigua and Barbuda,1937,26.5,938.4
Antigua and Barbuda,1938,26.1,1048.2
Antigua and Barbuda,1939,26.2,946.2
Antigua and Barbuda,1940,26.8,927.0
Antigua and Barbuda,1941,26.9,981.1
Antigua and Barbuda,1942,26.9,1064.0
Antigua and Barbuda,1943,26.4,971.9
Antigua and Barbuda,1944,26.6,1019.8
Antigua and Barbuda,1945,26.1,970.7
Antigua and Barbuda,1946,26.2,954.7
Antigua and Barbuda,1947,26.5,923.7
Antigua and Barbuda,1948,26.5,1032.6
Antigua and Barbuda,1949,26.2,1037.3
Antigua and Barbuda,1950,26.1,1050.6
Antigua and Barbuda,1951,26.3,994.4
Antigua and Barbuda,1952,26.3,1225.9
Antigua and Barbuda,1953,26.2,1040.7
Antigua and Barbuda,1954,26.0,1270.1
Antigua and Barbuda,1955,26.0,1240.5
Antigua and Barbuda,1956,25.8,1119.2
Antigua and Barbuda,1957,26.1,936.0
Antigua and Barbuda,1958,26.7,1288.2
Antigua and Barbuda,1959,26.2,966.4
Antigua and Barbuda,1960,26.4,1164.1
Antigua and Barbuda,1961,26.1,972.8
Antigua and Barbuda,1962,26.3,1015.9
Antigua and Barbuda,1963,26.4,975.3
Antigua and Barbuda,1964,26.1,873.0
Antigua and Barbuda,1965,26.2,1017.0
Antigua and Barbuda,1966,26.5,1061.8
Antigua and Barbuda,1967,26.3,953.6
Antigua and Barbuda,1968,26.3,884.9
Antigua and Barbuda,1969,26.9,1162.5
Antigua and Barbuda,1970,26.6,1143.5
Antigua and Barbuda,1971,26.1,1000.8
Antigua and Barbuda,1972,26.4,972.5
Antigua and Barbuda,1973,26.5,778.7
Antigua and Barbuda,1974,25.9,953.0
Antigua and Barbuda,1975,26.1,1088.3
Antigua and Barbuda,1976,26.0,906.5
Antigua and Barbuda,1977,26.6,990.2
Antigua and Barbuda,1978,26.7,925.2
Antigua and Barbuda,1979,26.8,1352.0
Antigua and Barbuda,1980,27.2,967.4
Antigua and Barbuda,1981,27.2,1069.0
Antigua and Barbuda,1982,26.9,1041.0
Antigua and Barbuda,1983,27.4,1013.2
Antigua and Barbuda,1984,26.8,1068.5
Antigua and Barbuda,1985,26.8,1000.7
Antigua and Barbuda,1986,27.0,1135.6
Antigua and Barbuda,1987,27.6,1285.4
Antigua and Barbuda,1988,27.1,1177.0
Antigua and Barbuda,1989,26.7,1219.8
Antigua and Barbuda,1990,26.9,1091.9
Antigua and Barbuda,1991,26.9,959.6
Antigua and Barbuda,1992,27.0,1295.9
Antigua and Barbuda,1993,27.2,920.2
Antigua and Barbuda,1994,27.0,823.1
Antigua and Barbuda,1995,27.4,985.4
Antigua and Barbuda,1996,27.3,1091.8
Antigua and Barbuda,1997,27.7,988.1
Antigua and Barbuda,1998,28.0,1270.1
Antigua and Barbuda,1999,27.5,1072.6
Antigua and Barbuda,2000,27.3,838.7
Antigua and Barbuda,2001,27.6,1077.4
Antigua and Barbuda,2002,27.6,1068.9
Antigua and Barbuda,2003,27.7,1094.6
Antigua and Barbuda,2004,27.3,1277.2
Antigua and Barbuda,2005,27.7,1332.5
Antigua and Barbuda,2006,27.4,1313.2
Antigua and Barbuda,2007,27.3,1027.9
Antigua and Barbuda,2008,26.9,1369.6
Antigua and Barbuda,2009,27.3,865.8
Antigua and Barbuda,2010,27.8,1212.4
Antigua and Barbuda,2011,27.3,1092.5
Antigua and Barbuda,2012,27.4,942.8
Antigua and Barbuda,2013,27.5,1015.5
Antigua and Barbuda,2014,27.5,1094.7
Antigua and Barbuda,2015,27.7,638.2
Antigua and Barbuda,2016,27.7,1051.4
Antigua and Barbuda,2017,27.4,1142.3
Antigua and Barbuda,2018,27.1,999.1
Antigua and Barbuda,2019,27.5,1012.3
Antigua and Barbuda,2020,27.6,985.8
Antigua and Barbuda,2021,27.4,880.1
Antigua and Barbuda,2022,27.2,924.0
Antigua and Barbuda,2023,27.8,1049.0
Antigua and Barbuda,2024,28.2,1249.6
Antipodes Isl,1901,6.6,656.0
Antipodes Isl,1902,6.4,656.0
Antipodes Isl,1903,6.5,656.0
Antipodes Isl,1904,6.6,656.0
Antipodes Isl,1905,6.5,656.0
Antipodes Isl,1906,6.5,656.0
Antipodes Isl,1907,6.9,656.0
Antipodes Isl,1908,6.7,656.0
Antipodes Isl,1909,7.0,656.0
Antipodes Isl,1910,7.0,656.0
Antipodes Isl,1911,6.8,656.0
Antipodes Isl,1912,6.5,656.0
Antipodes Isl,1913,6.7,656.0
Antipodes Isl,1914,6.7,656.0
Antipodes Isl,1915,6.8,656.0
Antipodes Isl,1916,7.2,656.0
Antipodes Isl,1917,7.2,656.0
Antipodes Isl,1918,6.7,656.0
Antipodes Isl,1919,6.5,656.0
Antipodes Isl,1920,6.6,656.0
Antipodes Isl,1921,6.7,656.0
Antipodes Isl,1922,6.8,656.0
Antipodes Isl,1923,6.7,656.0
Antipodes Isl,1924,7.4,656.0
Antipodes Isl,1925,6.6,656.0
Antipodes Isl,1926,6.7,656.0
Antipodes Isl,1927,6.5,656.0
Antipodes Isl,1928,7.1,656.0
Antipodes Isl,1929,6.7,656.0
Antipodes Isl,1930,6.4,656.0
Antipodes Isl,1931,6.5,656.0
Antipodes Isl,1932,6.6,656.0
Antipodes Isl,1933,6.8,656.0
Antipodes Isl,1934,7.0,656.0
Antipodes Isl,1935,7.0,656.0
Antipodes Isl,1936,6.8,656.0
Antipodes Isl,1937,6.6,656.0
Antipodes Isl,1938,7.2,656.0
Antipodes Isl,1939,6.7,656.0
Antipodes Isl,1940,6.7,656.0
Antipodes Isl,1941,6.8,656.0
Antipodes Isl,1942,6.9,656.0
Antipodes Isl,1943,6.8,656.0
Antipodes Isl,1944,6.9,656.0
Antipodes Isl,1945,6.7,656.0
Antipodes Isl,1946,6.7,656.0
Antipodes Isl,1947,6.8,656.0
Antipodes Isl,1948,6.9,656.0
Antipodes Isl,1949,6.8,656.0
Antipodes Isl,1950,6.8,656.0
Antipodes Isl,1951,6.8,656.0
Antipodes Isl,1952,6.9,656.0
Antipodes Isl,1953,6.8,656.0
Antipodes Isl,1954,7.0,656.0
Antipodes Isl,1955,7.1,656.0
Antipodes Isl,1956,7.2,656.0
Antipodes Isl,1957,7.1,656.0
Antipodes Isl,1958,7.0,656.0
Antipodes Isl,1959,6.9,656.0
Antipodes Isl,1960,7.0,656.0
Antipodes Isl,1961,6.9,656.0
Antipodes Isl,1962,7.3,656.0
Antipodes Isl,1963,6.7,656.0
Antipodes Isl,1964,6.9,656.0
Antipodes Isl,1965,6.8,656.0
Antipodes Isl,1966,6.9,656.0
Antipodes Isl,1967,6.9,656.0
Antipodes Isl,1968,7.0,656.0
Antipodes Isl,1969,7.0,656.0
Antipodes Isl,1970,7.1,656.0
Antipodes Isl,1971,7.3,656.0
Antipodes Isl,1972,6.8,656.0
Antipodes Isl,1973,7.0,656.0
Antipodes Isl,1974,7.1,656.0
Antipodes Isl,1975,7.1,656.0
Antipodes Isl,1976,6.7,656.0
Antipodes Isl,1977,6.8,656.0
Antipodes Isl,1978,7.2,656.0
Antipodes Isl,1979,7.1,656.0
Antipodes Isl,1980,7.1,656.0
Antipodes Isl,1981,7.2,656.0
Antipodes Isl,1982,6.9,656.0
Antipodes Isl,1983,6.8,656.0
Antipodes Isl,1984,7.2,656.0
Antipodes Isl,1985,7.4,656.0
Antipodes Isl,1986,7.3,656.0
Antipodes Isl,1987,7.2,656.0
Antipodes Isl,1988,7.2,656.0
Antipodes Isl,1989,7.3,656.0
Antipodes Isl,1990,7.2,656.0
Antipodes Isl,1991,7.0,656.0
Antipodes Isl,1992,6.6,656.0
Antipodes Isl,1993,6.8,656.0
Antipodes Isl,1994,6.9,656.0
Antipodes Isl,1995,7.0,656.0
Antipodes Isl,1996,7.0,656.0
Antipodes Isl,1997,6.9,656.0
Antipodes Isl,1998,7.3,656.0
Antipodes Isl,1999,7.4,656.0
Antipodes Isl,2000,7.2,656.0
Antipodes Isl,2001,7.2,656.0
Antipodes Isl,2002,7.1,656.0
Antipodes Isl,2003,7.1,656.0
Antipodes Isl,2004,6.9,656.0
Antipodes Isl,2005,7.3,656.0
Antipodes Isl,2006,7.0,656.0
Antipodes Isl,2007,7.0,656.0
Antipodes Isl,2008,7.1,656.0
Antipodes Isl,2009,6.9,656.0
Antipodes Isl,2010,7.2,656.0
Antipodes Isl,2011,7.1,656.0
Antipodes Isl,2012,7.2,656.0
Antipodes Isl,2013,7.3,656.0
Antipodes Isl,2014,7.2,656.0
Antipodes Isl,2015,7.1,656.0
Antipodes Isl,2016,7.2,656.0
Antipodes Isl,2017,7.1,656.0
Antipodes Isl,2018,7.1,656.0
Antipodes Isl,2019,7.1,656.0
Antipodes Isl,2020,7.1,656.0
Antipodes Isl,2021,7.2,656.0
Antipodes Isl,2022,7.3,656.0
Antipodes Isl,2023,7.2,656.0
Antipodes Isl,2024,7.1,656.0
Argentina,1901,15.4,459.1
Argentina,1902,15.1,514.4
Argentina,1903,14.8,564.1
Argentina,1904,14.9,581.1
Argentina,1905,14.6,561.4
Argentina,1906,15.2,451.6
Argentina,1907,14.5,504.0
Argentina,1908,14.9,495.8
Argentina,1909,14.8,432.8
Argentina,1910,14.8,469.5
Argentina,1911,14.5,555.2
Argentina,1912,15.2,549.9
Argentina,1913,15.7,537.1
Argentina,1914,14.9,690.8
Argentina,1915,14.9,555.3
Argentina,1916,15.0,411.4
Argentina,1917,15.1,443.3
Argentina,1918,14.8,627.9
Argentina,1919,15.2,677.7
Argentina,1920,15.2,574.4
Argentina,1921,14.6,566.4
Argentina,1922,14.7,584.8
Argentina,1923,14.6,566.5
Argentina,1924,14.5,419.3
Argentina,1925,15.0,571.3
Argentina,1926,15.4,582.1
Argentina,1927,15.1,499.7
Argentina,1928,14.5,558.4
Argentina,1929,15.2,455.8
Argentina,1930,15.1,589.6
Argentina,1931,14.4,580.0
Argentina,1932,15.3,593.0
Argentina,1933,14.9,518.6
Argentina,1934,14.6,547.9
Argentina,1935,15.1,475.4
Argentina,1936,14.9,496.4
Argentina,1937,14.9,407.2
Argentina,1938,14.7,510.0
Argentina,1939,14.9,642.8
Argentina,1940,14.8,669.2
Argentina,1941,14.6,567.3
Argentina,1942,14.6,505.3
Argentina,1943,15.1,530.9
Argentina,1944,15.6,516.4
Argentina,1945,15.7,536.7
Argentina,1946,14.8,647.3
Argentina,1947,15.0,509.3
Argentina,1948,15.1,524.0
Argentina,1949,15.1,536.0
Argentina,1950,15.1,525.5
Argentina,1951,15.2,523.5
Argentina,1952,15.2,514.2
Argentina,1953,15.2,587.4
Argentina,1954,14.8,550.2
Argentina,1955,14.5,535.3
Argentina,1956,14.2,604.3
Argentina,1957,14.8,586.3
Argentina,1958,15.1,603.1
Argentina,1959,14.6,651.8
Argentina,1960,15.2,528.8
Argentina,1961,15.2,615.6
Argentina,1962,15.0,443.3
Argentina,1963,14.9,650.8
Argentina,1964,14.5,523.8
Argentina,1965,15.1,577.1
Argentina,1966,14.8,624.5
Argentina,1967,15.2,549.3
Argentina,1968,15.3,536.8
Argentina,1969,15.4,552.9
Argentina,1970,15.4,532.6
Argentina,1971,14.8,548.6
Argentina,1972,15.0,623.4
Argentina,1973,14.7,648.9
Argentina,1974,14.7,559.1
Argentina,1975,15.0,592.7
Argentina,1976,14.5,631.3
Argentina,1977,15.4,671.0
Argentina,1978,15.2,642.1
Argentina,1979,15.0,618.6
Argentina,1980,15.4,625.8
Argentina,1981,15.3,632.5
Argentina,1982,15.3,647.8
Argentina,1983,15.0,623.6
Argentina,1984,14.4,734.1
Argentina,1985,15.4,656.5
Argentina,1986,15.4,679.3
Argentina,1987,15.3,648.8
Argentina,1988,14.9,493.7
Argentina,1989,15.7,530.6
Argentina,1990,15.3,671.4
Argentina,1991,15.3,663.4
Argentina,1992,14.9,729.7
Argentina,1993,15.3,611.5
Argentina,1994,15.8,600.4
Argentina,1995,15.2,506.0
Argentina,1996,15.3,634.6
Argentina,1997,15.6,661.6
Argentina,1998,15.3,631.8
Argentina,1999,15.0,636.2
Argentina,2000,14.7,718.8
Argentina,2001,15.4,714.5
Argentina,2002,15.1,755.3
Argentina,2003,15.5,595.5
Argentina,2004,15.5,572.2
Argentina,2005,15.2,569.4
Argentina,2006,15.7,592.2
Argentina,2007,14.7,588.6
Argentina,2008,15.6,527.7
Argentina,2009,15.7,535.0
Argentina,2010,15.2,555.1
Argentina,2011,15.4,562.5
Argentina,2012,15.8,622.6
Argentina,2013,15.7,520.2
Argentina,2014,15.7,706.6
Argentina,2015,15.8,647.3
Argentina,2016,15.2,661.3
Argentina,2017,15.8,634.8
Argentina,2018,15.5,597.9
Argentina,2019,15.5,591.6
Argentina,2020,15.8,496.2
Argentina,2021,15.7,537.6
Argentina,2022,15.4,477.7
Argentina,2023,16.2,562.5
Argentina,2024,15.8,598.9
Armenia,1901,8.3,629.1
Armenia,1902,7.5,534.3
Armenia,1903,7.5,527.6
Armenia,1904,7.1,675.0
Armenia,1905,7.4,586.1
Armenia,1906,7.7,582.9
Armenia,1907,6.8,515.5
Armenia,1908,6.6,553.2
Armenia,1909,7.7,579.1
Armenia,1910,7.8,509.1
Armenia,1911,5.9,528.7
Armenia,1912,7.6,579.2
Armenia,1913,7.4,449.0
Armenia,1914,7.8,644.7
Armenia,1915,8.2,677.6
Armenia,1916,7.7,526.0
Armenia,1917,8.2,434.2
Armenia,1918,7.7,561.7
Armenia,1919,8.1,628.5
Armenia,1920,6.6,825.0
Armenia,1921,7.0,565.3
Armenia,1922,8.2,682.0
Armenia,1923,8.1,569.5
Armenia,1924,7.8,474.1
Armenia,1925,8.1,413.8
Armenia,1926,7.6,546.3
Armenia,1927,7.7,585.2
Armenia,1928,6.5,568.4
Armenia,1929,7.0,544.8
Armenia,1930,7.9,544.3
Armenia,1931,6.9,715.2
Armenia,1932,7.3,534.0
Armenia,1933,6.8,525.0
Armenia,1934,7.0,484.4
Armenia,1935,8.0,540.5
Armenia,1936,7.7,779.8
Armenia,1937,8.1,618.4
Armenia,1938,8.1,528.6
Armenia,1939,8.0,654.4
Armenia,1940,8.3,619.9
Armenia,1941,8.0,481.0
Armenia,1942,7.5,627.2
Armenia,1943,7.3,539.7
Armenia,1944,8.1,547.0
Armenia,1945,7.0,521.4
Armenia,1946,7.4,686.3
Armenia,1947,8.4,640.4
Armenia,1948,7.4,544.8
Armenia,1949,7.0,478.4
Armenia,1950,7.1,536.3
Armenia,1951,7.7,649.5
Armenia,1952,8.2,432.7
Armenia,1953,7.4,580.6
Armenia,1954,8.0,534.5
Armenia,1955,9.0,656.1
Armenia,1956,6.9,613.2
Armenia,1957,8.0,538.2
Armenia,1958,8.1,570.2
Armenia,1959,7.1,651.5
Armenia,1960,8.4,536.5
Armenia,1961,8.3,362.5
Armenia,1962,9.0,540.3
Armenia,1963,8.1,854.5
Armenia,1964,6.8,493.2
Armenia,1965,7.3,623.7
Armenia,1966,9.6,587.8
Armenia,1967,6.7,631.0
Armenia,1968,7.8,559.9
Armenia,1969,7.4,591.0
Armenia,1970,8.8,436.0
Armenia,1971,7.9,455.3
Armenia,1972,6.4,650.4
Armenia,1973,7.0,530.9
Armenia,1974,7.0,623.1
Armenia,1975,7.6,571.2
Armenia,1976,7.1,589.0
Armenia,1977,7.7,578.3
Armenia,1978,8.1,594.3
Armenia,1979,8.9,503.8
Armenia,1980,8.2,477.8
Armenia,1981,8.7,642.3
Armenia,1982,7.1,662.9
Armenia,1983,7.8,600.7
Armenia,1984,7.7,506.1
Armenia,1985,7.7,480.8
Armenia,1986,8.0,596.1
Armenia,1987,7.9,578.1
Armenia,1988,7.4,700.9
Armenia,1989,8.2,444.8
Armenia,1990,7.8,490.2
Armenia,1991,8.0,527.5
Armenia,1992,6.3,606.9
Armenia,1993,6.9,549.1
Armenia,1994,8.1,606.6
Armenia,1995,8.3,489.8
Armenia,1996,8.6,489.1
Armenia,1997,7.8,558.1
Armenia,1998,9.0,477.3
Armenia,1999,9.1,497.1
Armenia,2000,8.6,422.0
Armenia,2001,9.3,482.3
Armenia,2002,8.1,666.1
Armenia,2003,8.3,714.7
Armenia,2004,8.4,624.4
Armenia,2005,8.4,633.3
Armenia,2006,8.8,569.5
Armenia,2007,8.1,721.8
Armenia,2008,8.3,507.3
Armenia,2009,8.5,683.8
Armenia,2010,10.3,681.5
Armenia,2011,7.9,678.5
Armenia,2012,8.8,518.4
Armenia,2013,8.6,550.5
Armenia,2014,9.2,526.2
Armenia,2015,9.0,612.8
Armenia,2016,8.5,677.1
Armenia,2017,8.8,469.7
Armenia,2018,10.0,570.2
Armenia,2019,9.2,432.8
Armenia,2020,8.9,569.9
Armenia,2021,9.7,499.3
Armenia,2022,9.3,477.6
Armenia,2023,9.7,584.8
Armenia,2024,9.6,772.1
Ascension,1901,25.7,271.3
Ascension,1902,25.7,271.0
Ascension,1903,25.7,201.9
Ascension,1904,25.7,221.1
Ascension,1905,25.7,173.2
Ascension,1906,25.7,265.0
Ascension,1907,25.7,320.9
Ascension,1908,25.7,329.5
Ascension,1909,25.7,517.8
Ascension,1910,25.7,330.0
Ascension,1911,25.7,238.4
Ascension,1912,25.7,428.9
Ascension,1913,25.7,289.7
Ascension,1914,25.7,296.0
Ascension,1915,25.7,296.0
Ascension,1916,25.7,296.0
Ascension,1917,25.7,296.0
Ascension,1918,25.7,296.0
Ascension,1919,25.7,296.0
Ascension,1920,25.7,296.0
Ascension,1921,25.7,296.0
Ascension,1922,25.7,296.0
Ascension,1923,25.6,296.0
Ascension,1924,25.7,503.4
Ascension,1925,25.6,239.2
Ascension,1926,25.6,466.7
Ascension,1927,25.4,327.6
Ascension,1928,25.2,236.3
Ascension,1929,25.4,249.3
Ascension,1930,25.7,241.1
Ascension,1931,25.3,316.2
Ascension,1932,25.2,210.3
Ascension,1933,25.5,253.0
Ascension,1934,25.8,239.2
Ascension,1935,25.9,282.4
Ascension,1936,25.5,257.5
Ascension,1937,25.8,285.6
Ascension,1938,25.9,206.3
Ascension,1939,25.7,253.3
Ascension,1940,25.9,167.6
Ascension,1941,25.5,214.2
Ascension,1942,25.2,294.0
Ascension,1943,25.5,271.5
Ascension,1944,25.8,315.7
Ascension,1945,25.8,241.0
Ascension,1946,25.4,313.8
Ascension,1947,25.7,309.7
Ascension,1948,25.6,310.6
Ascension,1949,25.9,337.1
Ascension,1950,25.6,423.1
Ascension,1951,25.4,254.2
Ascension,1952,25.5,394.0
Ascension,1953,25.5,358.7
Ascension,1954,25.3,289.7
Ascension,1955,25.5,486.2
Ascension,1956,25.5,331.7
Ascension,1957,25.7,272.1
Ascension,1958,25.4,221.6
Ascension,1959,25.3,320.1
Ascension,1960,25.4,325.9
Ascension,1961,25.6,525.7
Ascension,1962,25.5,260.0
Ascension,1963,25.9,482.4
Ascension,1964,25.9,513.5
Ascension,1965,25.4,217.5
Ascension,1966,25.7,265.8
Ascension,1967,25.4,416.2
Ascension,1968,25.8,340.0
Ascension,1969,25.7,267.1
Ascension,1970,25.4,163.1
Ascension,1971,25.4,315.0
Ascension,1972,25.7,149.1
Ascension,1973,26.2,191.7
Ascension,1974,25.9,523.8
Ascension,1975,25.8,313.4
Ascension,1976,25.4,178.0
Ascension,1977,25.7,291.9
Ascension,1978,25.6,259.2
Ascension,1979,26.1,192.8
Ascension,1980,25.8,128.7
Ascension,1981,25.5,154.7
Ascension,1982,25.4,181.2
Ascension,1983,25.4,270.9
Ascension,1984,25.9,386.5
Ascension,1985,25.8,338.2
Ascension,1986,25.9,430.2
Ascension,1987,25.6,178.1
Ascension,1988,25.9,394.7
Ascension,1989,25.8,349.0
Ascension,1990,25.6,201.1
Ascension,1991,25.6,292.7
Ascension,1992,25.2,238.3
Ascension,1993,25.9,158.3
Ascension,1994,25.7,316.3
Ascension,1995,25.9,490.4
Ascension,1996,26.0,416.4
Ascension,1997,25.6,222.0
Ascension,1998,26.0,189.9
Ascension,1999,26.1,309.7
Ascension,2000,26.0,303.3
Ascension,2001,25.9,310.2
Ascension,2002,25.9,202.6
Ascension,2003,26.0,362.5
Ascension,2004,25.7,247.7
Ascension,2005,25.8,396.6
Ascension,2006,25.8,298.5
Ascension,2007,25.8,378.0
Ascension,2008,26.0,395.5
Ascension,2009,26.0,385.7
Ascension,2010,26.0,474.3
Ascension,2011,25.9,402.0
Ascension,2012,25.4,396.7
Ascension,2013,25.7,187.2
Ascension,2014,25.7,289.9
Ascension,2015,25.7,269.0
Ascension,2016,26.2,544.8
Ascension,2017,26.2,331.4
Ascension,2018,26.1,260.3
Ascension,2019,26.2,277.4
Ascension,2020,26.2,392.2
Ascension,2021,26.0,322.4
Ascension,2022,26.2,322.0
Ascension,2023,26.0,394.9
Ascension,2024,25.8,239.2
Auckland Isl,1901,6.6,1492.3
Auckland Isl,1902,6.3,1492.3
Auckland Isl,1903,6.5,1492.3
Auckland Isl,1904,6.6,1492.3
Auckland Isl,1905,6.4,1492.3
Auckland Isl,1906,6.4,1492.3
Auckland Isl,1907,7.1,1492.3
Auckland Isl,1908,6.8,1492.3
Auckland Isl,1909,7.2,1492.3
Auckland Isl,1910,7.3,1492.3
Auckland Isl,1911,6.8,1492.3
Auckland Isl,1912,6.5,1492.3
Auckland Isl,1913,6.6,1492.3
Auckland Isl,1914,6.8,1492.3
Auckland Isl,1915,6.9,1492.3
Auckland Isl,1916,7.5,1492.3
Auckland Isl,1917,7.4,1492.3
Auckland Isl,1918,6.7,1492.3
Auckland Isl,1919,6.5,1492.3
Auckland Isl,1920,6.6,1492.3
Auckland Isl,1921,6.8,1492.3
Auckland Isl,1922,6.8,1492.3
Auckland Isl,1923,6.9,1492.3
Auckland Isl,1924,7.7,1492.3
Auckland Isl,1925,6.6,1492.3
Auckland Isl,1926,6.8,1492.3
Auckland Isl,1927,6.5,1492.3
Auckland Isl,1928,7.4,1492.3
Auckland Isl,1929,6.7,1492.3
Auckland Isl,1930,6.4,1492.3
Auckland Isl,1931,6.6,1492.3
Auckland Isl,1932,6.6,1492.3
Auckland Isl,1933,6.9,1492.3
Auckland Isl,1934,7.1,1492.3
Auckland Isl,1935,7.2,1492.3
Auckland Isl,1936,6.9,1492.3
Auckland Isl,1937,6.6,1492.3
Auckland Isl,1938,7.4,1492.3
Auckland Isl,1939,7.0,1492.3
Auckland Isl,1940,7.0,1492.3
Auckland Isl,1941,7.0,1487.2
Auckland Isl,1942,7.2,1601.8
Auckland Isl,1943,6.9,1506.5
Auckland Isl,1944,6.8,1558.1
Auckland Isl,1945,6.6,1601.1
Auckland Isl,1946,6.7,1563.8
Auckland Isl,1947,6.8,1554.3
Auckland Isl,1948,7.1,1521.3
Auckland Isl,1949,6.8,1642.9
Auckland Isl,1950,6.7,1513.2
Auckland Isl,1951,6.9,1402.9
Auckland Isl,1952,6.9,1636.1
Auckland Isl,1953,6.8,1563.8
Auckland Isl,1954,7.1,1724.5
Auckland Isl,1955,7.2,1540.8
Auckland Isl,1956,7.5,1477.3
Auckland Isl,1957,7.3,1611.4
Auckland Isl,1958,7.0,1606.0
Auckland Isl,1959,6.8,1455.4
Auckland Isl,1960,7.2,1490.2
Auckland Isl,1961,6.9,1520.9
Auckland Isl,1962,7.5,1469.9
Auckland Isl,1963,6.5,1463.4
Auckland Isl,1964,6.9,1522.0
Auckland Isl,1965,6.9,1552.5
Auckland Isl,1966,6.9,1424.6
Auckland Isl,1967,7.0,1446.7
Auckland Isl,1968,7.2,1558.3
Auckland Isl,1969,7.0,1593.5
Auckland Isl,1970,7.2,1611.4
Auckland Isl,1971,7.8,1470.3
Auckland Isl,1972,6.8,1478.1
Auckland Isl,1973,7.2,1531.7
Auckland Isl,1974,7.3,1444.5
Auckland Isl,1975,7.2,1466.3
Auckland Isl,1976,6.8,1444.6
Auckland Isl,1977,7.0,1399.4
Auckland Isl,1978,7.6,1487.2
Auckland Isl,1979,7.3,1476.4
Auckland Isl,1980,7.5,1442.7
Auckland Isl,1981,7.5,1540.9
Auckland Isl,1982,7.1,1516.5
Auckland Isl,1983,6.8,1550.6
Auckland Isl,1984,7.6,1366.7
Auckland Isl,1985,7.8,1425.8
Auckland Isl,1986,7.6,1395.0
Auckland Isl,1987,7.5,1614.5
Auckland Isl,1988,7.1,1593.9
Auckland Isl,1989,7.7,1411.1
Auckland Isl,1990,7.3,1551.8
Auckland Isl,1991,7.0,1492.0
Auckland Isl,1992,6.7,1601.5
Auckland Isl,1993,7.2,1488.6
Auckland Isl,1994,7.0,1576.0
Auckland Isl,1995,6.9,1489.2
Auckland Isl,1996,7.2,1486.4
Auckland Isl,1997,7.0,1542.8
Auckland Isl,1998,7.3,1497.9
Auckland Isl,1999,7.7,1457.6
Auckland Isl,2000,7.3,1553.7
Auckland Isl,2001,7.4,1602.3
Auckland Isl,2002,7.4,1603.8
Auckland Isl,2003,7.1,1530.7
Auckland Isl,2004,6.9,1619.8
Auckland Isl,2005,7.6,1467.1
Auckland Isl,2006,7.0,1574.0
Auckland Isl,2007,7.1,1475.2
Auckland Isl,2008,7.2,1567.1
Auckland Isl,2009,7.1,1525.6
Auckland Isl,2010,7.4,1499.7
Auckland Isl,2011,7.2,1492.3
Auckland Isl,2012,7.5,1492.3
Auckland Isl,2013,7.3,1492.3
Auckland Isl,2014,7.5,1492.3
Auckland Isl,2015,7.1,1492.3
Auckland Isl,2016,7.5,1492.3
Auckland Isl,2017,7.6,1492.3
Auckland Isl,2018,7.7,1492.3
Auckland Isl,2019,7.5,1492.3
Auckland Isl,2020,7.5,1492.3
Auckland Isl,2021,7.6,1492.3
Auckland Isl,2022,7.6,1492.3
Auckland Isl,2023,7.7,1492.3
Auckland Isl,2024,7.4,1492.3
Australia,1901,21.5,475.4
Australia,1902,21.5,356.2
Australia,1903,21.2,575.6
Australia,1904,21.2,541.8
Australia,1905,21.2,409.3
Australia,1906,21.7,531.7
Australia,1907,21.2,525.2
Australia,1908,20.9,525.0
Australia,1909,21.0,514.2
Australia,1910,21.4,597.2
Australia,1911,21.2,498.4
Australia,1912,21.7,439.2
Australia,1913,21.1,526.8
Australia,1914,21.9,485.3
Australia,1915,21.9,434.9
Australia,1916,21.3,591.2
Australia,1917,20.7,627.0
Australia,1918,21.2,500.7
Australia,1919,21.6,431.1
Australia,1920,21.2,560.7
Australia,1921,21.6,607.7
Australia,1922,21.3,481.0
Australia,1923,21.4,466.5
Australia,1924,21.0,487.8
Australia,1925,21.0,480.2
Australia,1926,21.6,451.0
Australia,1927,21.3,476.5
Australia,1928,21.6,440.9
Australia,1929,21.0,455.3
Australia,1930,21.5,531.5
Australia,1931,21.2,493.5
Australia,1932,21.4,449.3
Australia,1933,21.3,508.5
Australia,1934,21.4,518.0
Australia,1935,21.3,407.6
Australia,1936,21.5,477.2
Australia,1937,21.4,446.6
Australia,1938,21.8,429.5
Australia,1939,21.3,554.6
Australia,1940,21.5,457.9
Australia,1941,21.2,531.1
Australia,1942,21.7,557.1
Australia,1943,21.1,468.5
Australia,1944,21.3,433.0
Australia,1945,21.4,485.2
Australia,1946,21.0,449.4
Australia,1947,21.3,548.7
Australia,1948,21.2,445.9
Australia,1949,20.8,539.2
Australia,1950,21.1,681.7
Australia,1951,21.2,429.5
Australia,1952,21.2,454.1
Australia,1953,21.2,511.5
Australia,1954,21.3,531.7
Australia,1955,21.2,629.8
Australia,1956,20.7,681.6
Australia,1957,21.6,458.4
Australia,1958,21.7,490.8
Australia,1959,21.9,487.5
Australia,1960,21.0,537.4
Australia,1961,21.7,407.1
Australia,1962,21.6,505.9
Australia,1963,21.5,541.1
Australia,1964,21.4,521.4
Australia,1965,21.8,409.6
Australia,1966,21.1,454.9
Australia,1967,21.5,477.5
Australia,1968,21.2,597.9
Australia,1969,21.6,482.2
Australia,1970,21.5,454.1
Australia,1971,21.4,560.4
Australia,1972,21.8,429.3
Australia,1973,22.1,725.2
Australia,1974,21.0,800.1
Australia,1975,21.4,656.4
Australia,1976,21.0,600.1
Australia,1977,21.6,541.7
Australia,1978,21.4,583.8
Australia,1979,21.9,512.2
Australia,1980,22.3,495.7
Australia,1981,21.9,607.2
Australia,1982,21.7,458.6
Australia,1983,22.0,547.7
Australia,1984,21.2,605.8
Australia,1985,21.8,468.3
Australia,1986,21.8,464.5
Australia,1987,21.8,519.6
Australia,1988,22.3,524.0
Australia,1989,21.6,535.1
Australia,1990,22.0,483.0
Australia,1991,22.2,524.0
Australia,1992,21.7,508.8
Australia,1993,21.9,537.3
Australia,1994,21.8,394.1
Australia,1995,21.7,568.1
Australia,1996,22.0,527.8
Australia,1997,21.7,568.4
Australia,1998,22.3,601.2
Australia,1999,21.8,624.2
Australia,2000,21.5,697.2
Australia,2001,21.5,534.7
Australia,2002,22.2,380.6
Australia,2003,22.1,504.5
Australia,2004,22.0,540.7
Australia,2005,22.4,449.1
Australia,2006,21.8,498.5
Australia,2007,22.0,512.4
Australia,2008,21.7,516.2
Australia,2009,22.1,530.6
Australia,2010,21.5,694.9
Australia,2011,21.5,607.6
Australia,2012,21.8,519.7
Australia,2013,22.7,497.4
Australia,2014,22.5,505.0
Australia,2015,22.3,488.8
Australia,2016,22.4,541.7
Australia,2017,22.5,517.9
Australia,2018,22.5,496.3
Australia,2019,22.8,417.4
Australia,2020,22.5,529.8
Australia,2021,22.0,542.9
Australia,2022,22.0,580.5
Australia,2023,22.3,521.0
Australia,2024,22.7,561.5
Austria,1901,5.5,1012.8
Austria,1902,5.4,1037.0
Austria,1903,6.1,1175.3
Austria,1904,6.4,1110.8
Austria,1905,5.9,1093.6
Austria,1906,5.9,1197.4
Austria,1907,5.9,1079.8
Austria,1908,5.4,856.8
Austria,1909,5.3,1128.6
Austria,1910,6.1,1349.4
Austria,1911,6.6,945.6
Austria,1912,5.6,1199.2
Austria,1913,6.0,1161.9
Austria,1914,5.7,1109.2
Austria,1915,5.9,1191.9
Austria,1916,6.6,1293.7
Austria,1917,5.6,976.5
Austria,1918,6.4,1150.0
Austria,1919,5.4,1169.1
Austria,1920,6.7,1066.7
Austria,1921,6.8,883.5
Austria,1922,5.4,1194.2
Austria,1923,6.3,1153.3
Austria,1924,5.4,974.6
Austria,1925,6.0,1152.3
Austria,1926,6.7,1248.2
Austria,1927,6.4,1076.1
Austria,1928,6.6,1092.1
Austria,1929,5.7,933.2
Austria,1930,6.7,1107.9
Austria,1931,5.5,1069.7
Austria,1932,6.2,886.1
Austria,1933,5.2,1189.6
Austria,1934,7.3,972.5
Austria,1935,6.1,1101.4
Austria,1936,6.4,1135.3
Austria,1937,6.5,1288.3
Austria,1938,6.3,999.6
Austria,1939,6.2,1147.1
Austria,1940,4.6,1080.7
Austria,1941,5.2,1192.2
Austria,1942,5.6,944.1
Austria,1943,6.9,946.8
Austria,1944,5.9,1302.8
Austria,1945,6.7,1019.7
Austria,1946,6.8,975.2
Austria,1947,6.8,924.7
Austria,1948,6.9,1133.8
Austria,1949,6.9,1063.4
Austria,1950,7.0,1073.0
Austria,1951,7.0,1060.5
Austria,1952,6.2,1123.3
Austria,1953,6.8,892.0
Austria,1954,5.6,1271.8
Austria,1955,5.8,1103.2
Austria,1956,5.2,1134.1
Austria,1957,6.7,1060.3
Austria,1958,6.6,1222.6
Austria,1959,6.9,1061.3
Austria,1960,6.5,1124.6
Austria,1961,7.1,1009.7
Austria,1962,5.4,1110.2
Austria,1963,5.6,941.7
Austria,1964,6.2,1130.0
Austria,1965,5.6,1279.7
Austria,1966,6.8,1280.5
Austria,1967,6.8,1019.7
Austria,1968,6.4,983.3
Austria,1969,6.0,963.7
Austria,1970,5.9,1203.8
Austria,1971,6.4,802.2
Austria,1972,6.2,1069.2
Austria,1973,6.2,998.8
Austria,1974,6.9,1117.6
Austria,1975,6.9,1060.3
Austria,1976,6.4,973.2
Austria,1977,6.9,1014.5
Austria,1978,5.8,934.7
Austria,1979,6.3,1251.2
Austria,1980,5.6,1055.5
Austria,1981,6.5,1070.1
Austria,1982,6.9,999.2
Austria,1983,7.2,921.5
Austria,1984,6.1,953.7
Austria,1985,5.8,1116.4
Austria,1986,6.3,969.2
Austria,1987,6.1,1155.7
Austria,1988,7.1,1103.6
Austria,1989,7.4,1034.4
Austria,1990,7.4,1082.7
Austria,1991,6.5,1060.1
Austria,1992,7.7,1037.4
Austria,1993,6.9,1032.2
Austria,1994,8.2,994.6
Austria,1995,7.0,1126.3
Austria,1996,5.9,1157.0
Austria,1997,7.0,1055.9
Austria,1998,7.3,1080.2
Austria,1999,7.3,1139.5
Austria,2000,8.2,1141.1
Austria,2001,7.1,1043.4
Austria,2002,7.9,1195.7
Austria,2003,7.5,873.3
Austria,2004,7.0,1057.9
Austria,2005,6.7,1113.9
Austria,2006,7.4,1036.8
Austria,2007,8.0,1150.1
Austria,2008,7.9,1066.0
Austria,2009,7.7,1204.4
Austria,2010,6.5,1135.2
Austria,2011,8.0,931.6
Austria,2012,7.8,1101.8
Austria,2013,7.3,1137.4
Austria,2014,8.6,1207.3
Austria,2015,8.5,1053.9
Austria,2016,7.9,1317.3
Austria,2017,7.9,1241.8
Austria,2018,8.7,1079.4
Austria,2019,8.6,1150.7
Austria,2020,8.5,1257.1
Austria,2021,7.4,1071.3
Austria,2022,8.8,933.0
Austria,2023,9.0,1209.1
Austria,2024,9.4,1153.5
Azerbaijan,1901,12.9,468.6
Azerbaijan,1902,12.2,488.6
Azerbaijan,1903,12.2,445.8
Azerbaijan,1904,11.7,534.3
Azerbaijan,1905,12.1,507.2
Azerbaijan,1906,12.4,493.2
Azerbaijan,1907,11.4,432.1
Azerbaijan,1908,11.3,488.5
Azerbaijan,1909,12.4,393.6
Azerbaijan,1910,12.5,393.9
Azerbaijan,1911,10.6,488.6
Azerbaijan,1912,12.3,388.6
Azerbaijan,1913,12.2,385.5
Azerbaijan,1914,12.6,558.0
Azerbaijan,1915,13.0,462.0
Azerbaijan,1916,12.2,402.8
Azerbaijan,1917,12.9,321.6
Azerbaijan,1918,12.2,504.0
Azerbaijan,1919,12.7,492.4
Azerbaijan,1920,11.2,585.9
Azerbaijan,1921,11.7,485.6
Azerbaijan,1922,12.8,499.7
Azerbaijan,1923,12.7,463.1
Azerbaijan,1924,12.3,523.9
Azerbaijan,1925,12.8,313.9
Azerbaijan,1926,12.2,425.7
Azerbaijan,1927,12.3,477.5
Azerbaijan,1928,11.1,476.9
Azerbaijan,1929,11.4,433.4
Azerbaijan,1930,12.1,461.2
Azerbaijan,1931,11.4,524.6
Azerbaijan,1932,11.8,457.9
Azerbaijan,1933,11.6,450.2
Azerbaijan,1934,11.7,364.1
Azerbaijan,1935,12.5,455.0
Azerbaijan,1936,12.5,461.0
Azerbaijan,1937,12.6,473.6
Azerbaijan,1938,13.0,427.7
Azerbaijan,1939,12.7,470.9
Azerbaijan,1940,12.9,486.9
Azerbaijan,1941,12.7,424.9
Azerbaijan,1942,12.0,512.9
Azerbaijan,1943,11.9,547.2
Azerbaijan,1944,12.9,454.6
Azerbaijan,1945,11.5,452.4
Azerbaijan,1946,12.2,565.7
Azerbaijan,1947,12.8,426.4
Azerbaijan,1948,12.4,429.5
Azerbaijan,1949,11.6,442.9
Azerbaijan,1950,11.8,428.1
Azerbaijan,1951,12.3,571.9
Azerbaijan,1952,12.6,385.2
Azerbaijan,1953,12.1,465.7
Azerbaijan,1954,12.3,415.3
Azerbaijan,1955,13.4,564.3
Azerbaijan,1956,11.4,536.4
Azerbaijan,1957,12.7,460.9
Azerbaijan,1958,12.6,481.2
Azerbaijan,1959,11.5,494.3
Azerbaijan,1960,12.6,417.4
Azerbaijan,1961,13.1,365.7
Azerbaijan,1962,13.4,489.4
Azerbaijan,1963,12.8,693.8
Azerbaijan,1964,11.6,398.6
Azerbaijan,1965,12.1,498.5
Azerbaijan,1966,13.9,538.9
Azerbaijan,1967,12.0,538.5
Azerbaijan,1968,12.5,432.5
Azerbaijan,1969,11.2,582.0
Azerbaijan,1970,13.0,390.4
Azerbaijan,1971,12.8,369.7
Azerbaijan,1972,11.5,543.2
Azerbaijan,1973,12.0,487.8
Azerbaijan,1974,11.9,509.2
Azerbaijan,1975,12.7,446.7
Azerbaijan,1976,11.8,464.0
Azerbaijan,1977,12.3,531.0
Azerbaijan,1978,12.4,487.2
Azerbaijan,1979,13.2,464.1
Azerbaijan,1980,12.5,473.2
Azerbaijan,1981,13.4,570.9
Azerbaijan,1982,11.8,630.8
Azerbaijan,1983,12.8,418.5
Azerbaijan,1984,12.1,502.7
Azerbaijan,1985,12.4,426.3
Azerbaijan,1986,12.6,406.6
Azerbaijan,1987,12.3,489.7
Azerbaijan,1988,12.5,569.5
Azerbaijan,1989,13.1,368.2
Azerbaijan,1990,12.8,457.4
Azerbaijan,1991,12.7,436.3
Azerbaijan,1992,11.5,501.5
Azerbaijan,1993,11.5,472.0
Azerbaijan,1994,12.3,527.7
Azerbaijan,1995,13.4,404.3
Azerbaijan,1996,12.9,438.4
Azerbaijan,1997,12.7,470.3
Azerbaijan,1998,13.5,397.8
Azerbaijan,1999,13.6,451.7
Azerbaijan,2000,13.3,434.7
Azerbaijan,2001,13.8,422.1
Azerbaijan,2002,13.1,536.6
Azerbaijan,2003,12.6,553.2
Azerbaijan,2004,13.5,544.2
Azerbaijan,2005,13.3,510.7
Azerbaijan,2006,13.4,486.0
Azerbaijan,2007,13.2,482.1
Azerbaijan,2008,13.0,431.9
Azerbaijan,2009,13.2,496.1
Azerbaijan,2010,14.6,510.4
Azerbaijan,2011,12.7,534.7
Azerbaijan,2012,13.5,427.7
Azerbaijan,2013,13.6,464.6
Azerbaijan,2014,13.6,428.0
Azerbaijan,2015,13.7,495.5
Azerbaijan,2016,13.4,542.0
Azerbaijan,2017,13.6,406.8
Azerbaijan,2018,14.2,451.0
Azerbaijan,2019,13.9,344.7
Azerbaijan,2020,13.6,441.7
Azerbaijan,2021,14.2,494.7
Azerbaijan,2022,14.1,445.0
Azerbaijan,2023,14.5,471.1
Azerbaijan,2024,14.2,584.0
Azores,1901,16.0,906.7
Azores,1902,15.8,1286.4
Azores,1903,15.8,988.8
Azores,1904,15.3,1030.0
Azores,1905,16.0,1082.6
Azores,1906,15.9,850.5
Azores,1907,16.1,828.2
Azores,1908,16.7,804.5
Azores,1909,16.9,1112.3
Azores,1910,17.1,752.1
Azores,1911,16.6,1097.4
Azores,1912,16.8,1144.7
Azores,1913,16.6,745.6
Azores,1914,16.8,991.0
Azores,1915,16.9,1027.8
Azores,1916,16.5,995.2
Azores,1917,15.6,1041.5
Azores,1918,15.7,899.8
Azores,1919,16.2,1051.0
Azores,1920,15.9,948.8
Azores,1921,16.0,865.2
Azores,1922,16.1,806.7
Azores,1923,16.2,761.4
Azores,1924,15.9,969.7
Azores,1925,16.1,1053.3
Azores,1926,15.9,975.7
Azores,1927,16.0,975.1
Azores,1928,15.7,947.9
Azores,1929,16.1,892.4
Azores,1930,16.2,759.3
Azores,1931,16.3,1000.1
Azores,1932,16.2,900.9
Azores,1933,16.4,1076.1
Azores,1934,16.0,918.6
Azores,1935,16.1,654.2
Azores,1936,15.8,978.8
Azores,1937,16.1,1060.6
Azores,1938,16.9,846.1
Azores,1939,16.4,1062.6
Azores,1940,16.2,1318.7
Azores,1941,16.4,1331.4
Azores,1942,16.0,1133.9
Azores,1943,15.9,903.1
Azores,1944,16.5,1114.4
Azores,1945,16.0,1280.3
Azores,1946,15.7,977.7
Azores,1947,16.0,1126.4
Azores,1948,16.2,1282.7
Azores,1949,16.1,1033.5
Azores,1950,16.0,1011.7
Azores,1951,16.5,1101.8
Azores,1952,16.5,1109.2
Azores,1953,16.4,1011.9
Azores,1954,16.2,717.8
Azores,1955,16.6,894.9
Azores,1956,16.1,943.8
Azores,1957,16.0,1076.5
Azores,1958,16.2,1048.8
Azores,1959,15.8,1015.4
Azores,1960,15.9,1117.5
Azores,1961,16.3,1042.1
Azores,1962,15.7,989.1
Azores,1963,15.6,1090.9
Azores,1964,15.6,1249.3
Azores,1965,16.4,1061.6
Azores,1966,15.9,1199.9
Azores,1967,16.5,937.0
Azores,1968,15.8,1123.4
Azores,1969,15.5,1016.6
Azores,1970,16.0,1067.8
Azores,1971,15.8,998.4
Azores,1972,15.9,898.2
Azores,1973,16.0,893.1
Azores,1974,15.8,960.0
Azores,1975,16.2,1028.2
Azores,1976,15.8,1089.3
Azores,1977,16.2,1264.7
Azores,1978,16.2,1015.0
Azores,1979,16.3,1002.7
Azores,1980,16.4,1129.0
Azores,1981,16.1,986.3
Azores,1982,15.8,964.9
Azores,1983,15.6,902.3
Azores,1984,16.0,868.7
Azores,1985,15.8,1302.8
Azores,1986,16.1,934.5
Azores,1987,16.1,1535.1
Azores,1988,16.4,910.9
Azores,1989,16.1,1007.2
Azores,1990,16.0,1122.9
Azores,1991,16.7,853.7
Azores,1992,16.7,887.0
Azores,1993,16.0,959.3
Azores,1994,16.3,866.1
Azores,1995,16.9,1204.4
Azores,1996,16.0,1098.5
Azores,1997,16.5,1075.8
Azores,1998,17.0,864.3
Azores,1999,16.9,868.5
Azores,2000,16.5,886.8
Azores,2001,16.7,1148.7
Azores,2002,16.3,1105.5
Azores,2003,16.4,1011.7
Azores,2004,16.8,961.6
Azores,2005,16.5,1149.1
Azores,2006,16.5,1028.0
Azores,2007,16.7,982.8
Azores,2008,17.0,807.1
Azores,2009,16.5,948.9
Azores,2010,16.4,1171.8
Azores,2011,16.7,798.3
Azores,2012,16.4,1134.1
Azores,2013,16.4,993.4
Azores,2014,16.3,757.4
Azores,2015,16.3,1140.4
Azores,2016,16.6,879.0
Azores,2017,17.0,993.4
Azores,2018,16.9,916.2
Azores,2019,17.0,1049.5
Azores,2020,16.9,1161.4
Azores,2021,17.0,1151.4
Azores,2022,16.7,1107.9
Azores,2023,17.3,1239.2
Azores,2024,17.4,1160.6
Bahamas,1901,23.9,1175.6
Bahamas,1902,24.5,955.3
Bahamas,1903,24.3,1016.5
Bahamas,1904,24.3,1071.9
Bahamas,1905,24.8,1068.6
Bahamas,1906,24.4,1052.3
Bahamas,1907,24.8,864.8
Bahamas,1908,24.8,1106.8
Bahamas,1909,24.7,1065.1
Bahamas,1910,23.9,865.6
Bahamas,1911,25.1,945.1
Bahamas,1912,25.0,948.4
Bahamas,1913,24.8,920.2
Bahamas,1914,24.4,1119.8
Bahamas,1915,24.4,1097.6
Bahamas,1916,24.5,1008.5
Bahamas,1917,24.2,910.2
Bahamas,1918,24.6,1023.1
Bahamas,1919,24.8,1036.4
Bahamas,1920,24.6,986.5
Bahamas,1921,25.0,1002.5
Bahamas,1922,24.9,1118.7
Bahamas,1923,24.7,933.4
Bahamas,1924,24.9,970.3
Bahamas,1925,25.0,1046.6
Bahamas,1926,24.9,1077.9
Bahamas,1927,25.1,923.8
Bahamas,1928,24.7,1070.2
Bahamas,1929,25.3,1124.3
Bahamas,1930,24.7,1066.0
Bahamas,1931,24.7,991.1
Bahamas,1932,25.1,996.4
Bahamas,1933,25.1,905.3
Bahamas,1934,24.9,1067.4
Bahamas,1935,24.7,983.0
Bahamas,1936,25.0,1122.0
Bahamas,1937,25.0,989.6
Bahamas,1938,24.9,844.9
Bahamas,1939,25.2,1021.8
Bahamas,1940,24.3,977.7
Bahamas,1941,24.9,1166.7
Bahamas,1942,24.8,1017.8
Bahamas,1943,24.7,1033.3
Bahamas,1944,24.9,872.6
Bahamas,1945,25.0,983.2
Bahamas,1946,25.4,1044.1
Bahamas,1947,25.1,1292.1
Bahamas,1948,25.8,1125.6
Bahamas,1949,25.3,1045.4
Bahamas,1950,24.7,1022.4
Bahamas,1951,24.8,984.1
Bahamas,1952,24.9,1155.3
Bahamas,1953,25.2,1104.2
Bahamas,1954,24.7,1338.1
Bahamas,1955,24.7,957.2
Bahamas,1956,24.6,963.4
Bahamas,1957,25.3,1144.8
Bahamas,1958,24.8,1084.5
Bahamas,1959,25.4,1244.7
Bahamas,1960,24.8,1243.4
Bahamas,1961,25.0,926.0
Bahamas,1962,24.9,936.1
Bahamas,1963,24.7,1072.0
Bahamas,1964,25.2,1036.8
Bahamas,1965,25.1,901.3
Bahamas,1966,24.7,1266.9
Bahamas,1967,25.0,916.1
Bahamas,1968,24.2,1261.0
Bahamas,1969,24.6,1429.9
Bahamas,1970,24.6,1037.9
Bahamas,1971,24.9,983.2
Bahamas,1972,25.4,1122.4
Bahamas,1973,25.1,1111.3
Bahamas,1974,25.2,856.2
Bahamas,1975,25.4,901.9
Bahamas,1976,24.6,995.0
Bahamas,1977,24.7,962.3
Bahamas,1978,24.9,1072.5
Bahamas,1979,25.0,1185.0
Bahamas,1980,25.1,1198.4
Bahamas,1981,24.9,931.7
Bahamas,1982,25.6,1044.1
Bahamas,1983,25.1,1184.9
Bahamas,1984,24.9,1117.5
Bahamas,1985,25.1,1133.7
Bahamas,1986,25.4,912.5
Bahamas,1987,25.3,1221.5
Bahamas,1988,25.2,1111.9
Bahamas,1989,25.4,924.1
Bahamas,1990,25.9,985.5
Bahamas,1991,25.8,1110.3
Bahamas,1992,25.2,902.5
Bahamas,1993,25.4,1111.7
Bahamas,1994,26.0,1121.6
Bahamas,1995,25.5,1367.4
Bahamas,1996,25.1,1174.2
Bahamas,1997,25.7,1147.7
Bahamas,1998,25.9,999.4
Bahamas,1999,25.4,954.0
Bahamas,2000,25.2,1035.0
Bahamas,2001,25.3,1188.6
Bahamas,2002,25.7,1104.0
Bahamas,2003,25.6,1065.3
Bahamas,2004,25.4,791.5
Bahamas,2005,25.4,1135.2
Bahamas,2006,25.4,995.7
Bahamas,2007,25.8,1294.1
Bahamas,2008,25.5,1032.9
Bahamas,2009,25.6,1005.5
Bahamas,2010,24.8,1108.8
Bahamas,2011,25.8,1094.1
Bahamas,2012,25.6,1144.1
Bahamas,2013,25.8,1045.9
Bahamas,2014,25.8,1101.3
Bahamas,2015,26.5,1019.5
Bahamas,2016,26.0,1273.3
Bahamas,2017,26.2,1117.0
Bahamas,2018,26.0,1109.2
Bahamas,2019,26.4,1280.3
Bahamas,2020,26.5,1374.6
Bahamas,2021,26.0,989.1
Bahamas,2022,26.2,1173.9
Bahamas,2023,26.6,1268.5
Bahamas,2024,26.4,1065.7
Bahrain,1901,27.1,72.2
Bahrain,1902,26.4,39.3
Bahrain,1903,25.5,63.5
Bahrain,1904,25.9,57.8
Bahrain,1905,25.8,66.0
Bahrain,1906,25.7,90.9
Bahrain,1907,25.6,73.8
Bahrain,1908,26.2,45.9
Bahrain,1909,26.5,93.3
Bahrain,1910,25.3,86.8
Bahrain,1911,24.7,132.3
Bahrain,1912,25.7,126.8
Bahrain,1913,25.5,104.1
Bahrain,1914,26.1,93.8
Bahrain,1915,26.4,108.3
Bahrain,1916,26.1,85.7
Bahrain,1917,26.2,81.3
Bahrain,1918,25.9,90.1
Bahrain,1919,26.6,88.3
Bahrain,1920,26.2,105.8
Bahrain,1921,26.5,73.0
Bahrain,1922,26.6,58.1
Bahrain,1923,26.1,109.7
Bahrain,1924,26.9,94.8
Bahrain,1925,26.0,73.1
Bahrain,1926,26.3,90.6
Bahrain,1927,26.5,72.7
Bahrain,1928,26.4,55.4
Bahrain,1929,26.3,103.8
Bahrain,1930,26.2,76.1
Bahrain,1931,26.2,121.8
Bahrain,1932,25.8,110.1
Bahrain,1933,25.6,57.6
Bahrain,1934,25.9,118.3
Bahrain,1935,26.6,108.8
Bahrain,1936,26.0,84.1
Bahrain,1937,26.1,78.7
Bahrain,1938,26.3,88.3
Bahrain,1939,26.1,124.2
Bahrain,1940,26.6,47.2
Bahrain,1941,26.4,48.4
Bahrain,1942,26.6,75.0
Bahrain,1943,25.9,79.7
Bahrain,1944,26.3,115.6
Bahrain,1945,26.0,80.6
Bahrain,1946,26.6,11.5
Bahrain,1947,27.1,134.4
Bahrain,1948,26.2,120.5
Bahrain,1949,25.7,147.5
Bahrain,1950,25.9,32.4
Bahrain,1951,27.2,96.0
Bahrain,1952,27.0,49.0
Bahrain,1953,27.0,50.4
Bahrain,1954,27.2,145.8
Bahrain,1955,27.0,188.9
Bahrain,1956,26.3,62.9
Bahrain,1957,26.3,147.8
Bahrain,1958,27.0,116.8
Bahrain,1959,26.3,69.8
Bahrain,1960,27.1,21.4
Bahrain,1961,26.4,108.2
Bahrain,1962,27.3,19.9
Bahrain,1963,26.9,48.8
Bahrain,1964,25.9,187.8
Bahrain,1965,26.9,64.7
Bahrain,1966,27.1,41.1
Bahrain,1967,25.9,40.4
Bahrain,1968,26.4,95.3
Bahrain,1969,27.0,170.9
Bahrain,1970,27.0,22.8
Bahrain,1971,26.4,40.6
Bahrain,1972,25.7,120.5
Bahrain,1973,26.6,26.7
Bahrain,1974,26.3,85.3
Bahrain,1975,26.4,82.8
Bahrain,1976,26.2,224.9
Bahrain,1977,27.1,115.2
Bahrain,1978,26.9,40.1
Bahrain,1979,27.3,101.0
Bahrain,1980,27.1,97.5
Bahrain,1981,27.2,51.1
Bahrain,1982,26.1,211.7
Bahrain,1983,26.1,95.7
Bahrain,1984,26.6,67.4
Bahrain,1985,26.6,65.8
Bahrain,1986,26.6,103.4
Bahrain,1987,26.9,54.7
Bahrain,1988,26.9,129.0
Bahrain,1989,26.2,108.3
Bahrain,1990,26.8,74.7
Bahrain,1991,26.5,109.6
Bahrain,1992,25.8,85.4
Bahrain,1993,26.7,118.2
Bahrain,1994,27.1,48.4
Bahrain,1995,26.7,119.8
Bahrain,1996,27.2,132.0
Bahrain,1997,26.5,129.6
Bahrain,1998,27.8,111.4
Bahrain,1999,28.0,101.6
Bahrain,2000,27.4,95.8
Bahrain,2001,27.5,27.0
Bahrain,2002,27.4,93.7
Bahrain,2003,27.5,80.6
Bahrain,2004,27.5,101.2
Bahrain,2005,27.1,83.5
Bahrain,2006,27.6,81.7
Bahrain,2007,27.5,51.0
Bahrain,2008,27.4,48.1
Bahrain,2009,27.6,116.7
Bahrain,2010,28.5,32.2
Bahrain,2011,27.5,86.9
Bahrain,2012,27.9,61.2
Bahrain,2013,27.7,40.8
Bahrain,2014,27.8,117.3
Bahrain,2015,28.3,65.0
Bahrain,2016,28.3,23.7
Bahrain,2017,28.3,167.3
Bahrain,2018,28.7,58.3
Bahrain,2019,28.2,189.7
Bahrain,2020,28.1,69.5
Bahrain,2021,29.1,22.5
Bahrain,2022,28.7,84.6
Bahrain,2023,28.8,109.4
Bahrain,2024,28.6,85.2
Banaba,1901,27.9,1942.0
Banaba,1902,27.9,1942.0
Banaba,1903,27.9,1942.0
Banaba,1904,27.9,1942.0
Banaba,1905,27.9,3937.8
Banaba,1906,27.9,1358.7
Banaba,1907,27.9,1578.7
Banaba,1908,27.9,1427.1
Banaba,1909,27.9,524.9
Banaba,1910,27.9,750.1
Banaba,1911,27.9,3749.1
Banaba,1912,27.9,3408.8
Banaba,1913,27.9,1975.7
Banaba,1914,27.9,4051.3
Banaba,1915,27.9,1974.9
Banaba,1916,27.9,376.3
Banaba,1917,27.9,386.7
Banaba,1918,27.9,2713.7
Banaba,1919,27.9,4592.1
Banaba,1920,27.9,2051.5
Banaba,1921,27.7,1245.9
Banaba,1922,27.8,1435.2
Banaba,1923,27.5,2600.6
Banaba,1924,27.5,1357.9
Banaba,1925,28.2,1312.5
Banaba,1926,27.9,2595.0
Banaba,1927,29.0,1046.3
Banaba,1928,28.9,1125.8
Banaba,1929,28.6,2333.8
Banaba,1930,28.1,3346.4
Banaba,1931,28.4,2247.5
Banaba,1932,28.6,1592.8
Banaba,1933,28.4,931.5
Banaba,1934,28.6,629.6
Banaba,1935,28.6,1515.2
Banaba,1936,27.9,2042.2
Banaba,1937,28.1,1036.0
Banaba,1938,27.8,391.0
Banaba,1939,27.7,1666.6
Banaba,1940,27.5,3880.7
Banaba,1941,27.7,3204.8
Banaba,1942,27.9,1942.0
Banaba,1943,27.9,1942.0
Banaba,1944,27.9,1942.0
Banaba,1945,27.9,1942.0
Banaba,1946,27.9,1971.8
Banaba,1947,27.8,1400.1
Banaba,1948,27.1,3182.5
Banaba,1949,27.2,1221.5
Banaba,1950,27.2,264.3
Banaba,1951,27.1,2379.4
Banaba,1952,27.7,1662.0
Banaba,1953,27.4,3499.9
Banaba,1954,27.7,769.4
Banaba,1955,27.3,493.7
Banaba,1956,27.7,415.7
Banaba,1957,27.6,2816.1
Banaba,1958,27.8,3294.7
Banaba,1959,28.0,1256.2
Banaba,1960,27.9,1272.3
Banaba,1961,27.8,1587.0
Banaba,1962,28.2,588.1
Banaba,1963,28.2,1364.4
Banaba,1964,27.6,1285.2
Banaba,1965,27.5,3067.5
Banaba,1966,27.9,2008.1
Banaba,1967,27.9,1172.5
Banaba,1968,27.8,1831.5
Banaba,1969,27.7,1924.3
Banaba,1970,27.9,1095.9
Banaba,1971,27.9,761.8
Banaba,1972,27.7,3322.4
Banaba,1973,28.3,1249.4
Banaba,1974,28.1,1336.8
Banaba,1975,27.7,1090.3
Banaba,1976,27.5,2744.6
Banaba,1977,27.6,3522.7
Banaba,1978,28.0,1552.1
Banaba,1979,27.9,3094.7
Banaba,1980,27.9,3683.8
Banaba,1981,27.9,2032.4
Banaba,1982,27.7,2854.7
Banaba,1983,28.2,1309.4
Banaba,1984,28.5,640.0
Banaba,1985,28.4,977.3
Banaba,1986,28.1,3074.7
Banaba,1987,27.8,3881.4
Banaba,1988,28.0,1206.7
Banaba,1989,28.1,853.7
Banaba,1990,27.9,3005.0
Banaba,1991,27.9,2330.6
Banaba,1992,28.0,3524.8
Banaba,1993,28.0,3828.1
Banaba,1994,28.0,3575.5
Banaba,1995,28.0,1266.7
Banaba,1996,28.0,463.4
Banaba,1997,28.1,2825.2
Banaba,1998,28.1,1001.9
Banaba,1999,28.0,1932.6
Banaba,2000,28.1,1924.6
Banaba,2001,28.2,1943.2
Banaba,2002,28.2,1942.0
Banaba,2003,28.2,1942.0
Banaba,2004,28.2,1942.0
Banaba,2005,28.2,1942.0
Banaba,2006,28.1,1942.0
Banaba,2007,28.1,1942.0
Banaba,2008,28.0,1942.0
Banaba,2009,28.0,1942.0
Banaba,2010,27.9,1942.0
Banaba,2011,28.0,1942.0
Banaba,2012,28.2,1942.0
Banaba,2013,28.2,1942.0
Banaba,2014,28.2,1942.0
Banaba,2015,28.2,1942.0
Banaba,2016,28.3,1942.0
Banaba,2017,28.2,1942.0
Banaba,2018,28.2,1942.0
Banaba,2019,28.2,1944.3
Banaba,2020,28.2,1938.8
Banaba,2021,28.1,1934.9
Banaba,2022,28.1,1924.1
Banaba,2023,28.2,1938.6
Banaba,2024,28.3,1942.0
Bangladesh,1901,25.0,2704.4
Bangladesh,1902,24.9,2674.6
Bangladesh,1903,25.0,2590.8
Bangladesh,1904,24.8,2658.3
Bangladesh,1905,24.4,2947.3
Bangladesh,1906,24.9,2362.0
Bangladesh,1907,24.8,2354.4
Bangladesh,1908,25.1,2936.1
Bangladesh,1909,25.1,2621.2
Bangladesh,1910,24.7,2764.4
Bangladesh,1911,24.7,3061.3
Bangladesh,1912,24.9,2669.8
Bangladesh,1913,24.6,3144.0
Bangladesh,1914,24.7,2703.1
Bangladesh,1915,25.3,3078.3
Bangladesh,1916,25.1,2788.9
Bangladesh,1917,24.6,2824.7
Bangladesh,1918,24.7,2725.5
Bangladesh,1919,25.1,2997.7
Bangladesh,1920,25.2,2576.6
Bangladesh,1921,25.2,2708.2
Bangladesh,1922,25.2,3112.5
Bangladesh,1923,25.2,2489.3
Bangladesh,1924,25.4,3149.6
Bangladesh,1925,24.6,2940.3
Bangladesh,1926,25.0,2606.7
Bangladesh,1927,24.9,2979.7
Bangladesh,1928,25.3,2955.4
Bangladesh,1929,25.0,2736.1
Bangladesh,1930,25.0,2572.7
Bangladesh,1931,25.4,2401.0
Bangladesh,1932,25.3,2835.7
Bangladesh,1933,25.0,2569.7
Bangladesh,1934,25.1,3003.0
Bangladesh,1935,25.4,2577.1
Bangladesh,1936,25.1,2825.7
Bangladesh,1937,25.2,2482.5
Bangladesh,1938,25.2,3143.8
Bangladesh,1939,25.3,2740.3
Bangladesh,1940,25.1,2840.8
Bangladesh,1941,25.4,3119.3
Bangladesh,1942,25.5,2604.6
Bangladesh,1943,25.2,2740.6
Bangladesh,1944,25.4,2358.9
Bangladesh,1945,25.1,2611.9
Bangladesh,1946,25.4,2843.6
Bangladesh,1947,25.5,3152.1
Bangladesh,1948,25.1,2794.1
Bangladesh,1949,24.7,3127.2
Bangladesh,1950,25.0,2701.9
Bangladesh,1951,25.3,2863.6
Bangladesh,1952,25.2,3068.6
Bangladesh,1953,25.4,2902.0
Bangladesh,1954,25.2,2644.5
Bangladesh,1955,25.1,2719.8
Bangladesh,1956,25.0,2921.8
Bangladesh,1957,25.2,2066.2
Bangladesh,1958,25.8,2164.6
Bangladesh,1959,25.1,3159.0
Bangladesh,1960,25.5,2532.5
Bangladesh,1961,25.1,2993.9
Bangladesh,1962,25.1,2371.7
Bangladesh,1963,25.1,2524.4
Bangladesh,1964,25.3,2795.0
Bangladesh,1965,25.0,2709.5
Bangladesh,1966,25.4,2493.8
Bangladesh,1967,24.9,2458.7
Bangladesh,1968,24.9,2848.8
Bangladesh,1969,25.3,2559.4
Bangladesh,1970,25.2,2972.8
Bangladesh,1971,24.6,2311.7
Bangladesh,1972,25.1,1918.3
Bangladesh,1973,25.3,2748.7
Bangladesh,1974,25.0,2998.9
Bangladesh,1975,25.1,2469.5
Bangladesh,1976,25.2,2593.3
Bangladesh,1977,24.9,2573.8
Bangladesh,1978,25.0,2452.9
Bangladesh,1979,25.7,2498.5
Bangladesh,1980,25.3,2453.9
Bangladesh,1981,25.0,2851.2
Bangladesh,1982,25.1,2415.6
Bangladesh,1983,25.1,2938.3
Bangladesh,1984,25.2,3134.1
Bangladesh,1985,25.5,2497.6
Bangladesh,1986,25.3,2597.2
Bangladesh,1987,25.6,2946.7
Bangladesh,1988,25.7,3036.1
Bangladesh,1989,25.4,2205.7
Bangladesh,1990,25.3,2825.5
Bangladesh,1991,25.2,2866.9
Bangladesh,1992,24.9,1928.1
Bangladesh,1993,25.0,2903.6
Bangladesh,1994,25.3,1992.9
Bangladesh,1995,25.6,2608.6
Bangladesh,1996,25.4,2368.8
Bangladesh,1997,24.9,2418.8
Bangladesh,1998,25.6,2819.9
Bangladesh,1999,25.8,2865.8
Bangladesh,2000,25.0,2637.8
Bangladesh,2001,25.6,2530.4
Bangladesh,2002,25.5,2557.8
Bangladesh,2003,25.5,2414.5
Bangladesh,2004,25.4,2488.4
Bangladesh,2005,25.7,2235.4
Bangladesh,2006,26.0,2117.4
Bangladesh,2007,25.7,2705.7
Bangladesh,2008,25.5,2400.7
Bangladesh,2009,26.2,2173.0
Bangladesh,2010,26.1,2456.1
Bangladesh,2011,25.5,2282.8
Bangladesh,2012,25.2,2246.1
Bangladesh,2013,25.0,2240.0
Bangladesh,2014,25.4,1971.1
Bangladesh,2015,25.2,2815.4
Bangladesh,2016,25.6,2326.2
Bangladesh,2017,25.4,3007.3
Bangladesh,2018,25.1,2007.0
Bangladesh,2019,25.4,2241.0
Bangladesh,2020,25.2,2709.3
Bangladesh,2021,25.5,2338.1
Bangladesh,2022,25.5,1955.0
Bangladesh,2023,25.8,2340.5
Bangladesh,2024,26.0,2225.5
Barbados,1901,25.9,1703.1
Barbados,1902,25.7,1843.6
Barbados,1903,25.7,1759.4
Barbados,1904,25.5,1569.7
Barbados,1905,25.7,1602.8
Barbados,1906,25.6,1693.2
Barbados,1907,25.5,1480.7
Barbados,1908,25.6,1438.7
Barbados,1909,25.5,1703.1
Barbados,1910,25.5,1621.4
Barbados,1911,25.6,1703.1
Barbados,1912,25.7,1703.1
Barbados,1913,25.4,1703.1
Barbados,1914,25.4,1703.1
Barbados,1915,25.7,1703.1
Barbados,1916,25.5,1703.1
Barbados,1917,25.5,1703.1
Barbados,1918,25.5,1703.1
Barbados,1919,25.5,1703.1
Barbados,1920,25.5,1703.1
Barbados,1921,25.5,1703.1
Barbados,1922,25.4,1703.1
Barbados,1923,25.5,1703.1
Barbados,1924,25.6,1703.1
Barbados,1925,25.5,1703.1
Barbados,1926,25.8,1703.1
Barbados,1927,25.5,1703.1
Barbados,1928,25.6,1703.1
Barbados,1929,25.4,1703.1
Barbados,1930,25.6,1703.1
Barbados,1931,25.9,1703.1
Barbados,1932,25.9,1749.0
Barbados,1933,25.6,1876.5
Barbados,1934,25.6,1321.9
Barbados,1935,25.5,1564.5
Barbados,1936,25.6,1827.7
Barbados,1937,25.9,1358.0
Barbados,1938,25.5,1781.3
Barbados,1939,25.5,1405.2
Barbados,1940,26.2,1342.1
Barbados,1941,26.4,1611.7
Barbados,1942,26.3,1830.0
Barbados,1943,25.7,1494.5
Barbados,1944,25.9,1640.2
Barbados,1945,25.6,1585.4
Barbados,1946,25.6,1491.2
Barbados,1947,25.9,1345.1
Barbados,1948,25.8,1918.2
Barbados,1949,25.6,1594.5
Barbados,1950,25.5,1710.2
Barbados,1951,25.5,2212.7
Barbados,1952,25.6,1828.3
Barbados,1953,25.5,1848.7
Barbados,1954,25.4,1786.8
Barbados,1955,25.4,2043.7
Barbados,1956,25.3,2149.9
Barbados,1957,25.4,1721.5
Barbados,1958,25.9,1969.7
Barbados,1959,25.6,1436.0
Barbados,1960,25.7,1546.5
Barbados,1961,25.6,1576.2
Barbados,1962,25.7,1606.2
Barbados,1963,25.8,1680.2
Barbados,1964,25.5,1545.7
Barbados,1965,25.6,1513.0
Barbados,1966,25.7,2307.7
Barbados,1967,25.5,1790.1
Barbados,1968,25.5,1502.9
Barbados,1969,26.1,1930.4
Barbados,1970,25.9,2096.5
Barbados,1971,25.6,1543.1
Barbados,1972,25.8,1663.0
Barbados,1973,25.9,1259.9
Barbados,1974,25.5,1428.0
Barbados,1975,25.5,1678.1
Barbados,1976,25.5,1593.8
Barbados,1977,25.9,1480.0
Barbados,1978,26.1,1565.4
Barbados,1979,26.2,1858.4
Barbados,1980,26.4,1789.2
Barbados,1981,26.5,1895.5
Barbados,1982,26.3,1832.5
Barbados,1983,26.6,1551.2
Barbados,1984,26.1,1910.6
Barbados,1985,26.0,1788.1
Barbados,1986,26.2,1779.9
Barbados,1987,26.7,1778.7
Barbados,1988,26.4,1958.7
Barbados,1989,26.0,1638.2
Barbados,1990,26.3,1700.8
Barbados,1991,26.3,1673.4
Barbados,1992,26.3,1901.6
Barbados,1993,26.5,1743.3
Barbados,1994,26.2,1675.0
Barbados,1995,26.6,1864.8
Barbados,1996,26.5,1956.0
Barbados,1997,26.6,1510.1
Barbados,1998,27.1,2170.7
Barbados,1999,26.5,1687.8
Barbados,2000,26.4,1817.4
Barbados,2001,26.7,1614.9
Barbados,2002,26.8,1474.8
Barbados,2003,26.9,1884.4
Barbados,2004,26.6,2474.5
Barbados,2005,27.0,2235.8
Barbados,2006,26.7,1690.0
Barbados,2007,26.7,1725.3
Barbados,2008,26.4,1933.9
Barbados,2009,26.8,1557.4
Barbados,2010,27.2,2316.4
Barbados,2011,26.7,2367.4
Barbados,2012,26.7,1987.2
Barbados,2013,26.7,1696.9
Barbados,2014,26.7,1704.1
Barbados,2015,27.0,1327.1
Barbados,2016,27.0,1880.5
Barbados,2017,26.7,2004.7
Barbados,2018,26.3,1740.7
Barbados,2019,26.7,1287.6
Barbados,2020,26.7,1692.3
Barbados,2021,26.5,1489.4
Barbados,2022,26.4,1767.3
Barbados,2023,26.9,1837.3
Barbados,2024,27.5,1775.4
Bassas da India,1901,24.5,961.0
Bassas da India,1902,24.7,961.0
Bassas da India,1903,24.6,961.0
Bassas da India,1904,24.5,961.0
Bassas da India,1905,24.7,961.0
Bassas da India,1906,24.6,961.0
Bassas da India,1907,24.6,961.0
Bassas da India,1908,24.7,961.0
Bassas da India,1909,24.6,961.0
Bassas da India,1910,24.2,961.0
Bassas da India,1911,24.3,961.0
Bassas da India,1912,24.6,961.0
Bassas da India,1913,24.5,961.0
Bassas da India,1914,24.6,961.0
Bassas da India,1915,24.5,961.0
Bassas da India,1916,24.4,961.0
Bassas da India,1917,24.3,961.0
Bassas da India,1918,24.4,961.0
Bassas da India,1919,24.4,961.0
Bassas da India,1920,24.4,961.0
Bassas da India,1921,24.4,961.0
Bassas da India,1922,24.4,961.0
Bassas da India,1923,24.6,961.0
Bassas da India,1924,24.4,961.0
Bassas da India,1925,24.5,961.0
Bassas da India,1926,24.7,961.0
Bassas da India,1927,24.5,961.0
Bassas da India,1928,24.6,961.0
Bassas da India,1929,24.7,961.0
Bassas da India,1930,24.3,961.0
Bassas da India,1931,24.7,961.0
Bassas da India,1932,24.3,961.0
Bassas da India,1933,24.3,961.0
Bassas da India,1934,24.5,961.0
Bassas da India,1935,24.0,961.0
Bassas da India,1936,24.3,961.0
Bassas da India,1937,24.5,961.0
Bassas da India,1938,24.6,961.0
Bassas da India,1939,24.1,961.0
Bassas da India,1940,24.6,961.0
Bassas da India,1941,24.8,961.0
Bassas da India,1942,24.5,961.0
Bassas da India,1943,24.2,961.0
Bassas da India,1944,24.4,961.0
Bassas da India,1945,24.0,961.0
Bassas da India,1946,24.3,961.0
Bassas da India,1947,24.3,961.0
Bassas da India,1948,24.3,961.0
Bassas da India,1949,24.3,961.0
Bassas da India,1950,24.1,961.0
Bassas da India,1951,24.0,1033.0
Bassas da India,1952,24.4,1198.8
Bassas da India,1953,24.2,1263.9
Bassas da India,1954,24.3,914.4
Bassas da India,1955,24.0,370.6
Bassas da India,1956,24.3,1064.2
Bassas da India,1957,24.8,653.5
Bassas da India,1958,24.5,740.6
Bassas da India,1959,24.4,603.5
Bassas da India,1960,24.2,757.5
Bassas da India,1961,24.8,1232.2
Bassas da India,1962,24.5,988.0
Bassas da India,1963,23.7,1044.5
Bassas da India,1964,23.9,1129.2
Bassas da India,1965,23.7,1340.4
Bassas da India,1966,24.2,1151.8
Bassas da India,1967,24.5,1143.8
Bassas da India,1968,23.9,1167.6
Bassas da India,1969,24.6,1362.6
Bassas da India,1970,24.6,411.8
Bassas da India,1971,24.2,902.1
Bassas da India,1972,24.0,782.1
Bassas da India,1973,24.3,725.1
Bassas da India,1974,24.3,1296.4
Bassas da India,1975,24.1,563.4
Bassas da India,1976,24.2,875.9
Bassas da India,1977,24.7,1060.3
Bassas da India,1978,24.8,852.4
Bassas da India,1979,24.5,1116.6
Bassas da India,1980,24.5,892.8
Bassas da India,1981,24.1,859.4
Bassas da India,1982,24.2,869.3
Bassas da India,1983,25.0,732.2
Bassas da India,1984,24.6,1061.4
Bassas da India,1985,24.6,732.4
Bassas da India,1986,24.5,871.8
Bassas da India,1987,25.0,632.3
Bassas da India,1988,24.9,1112.8
Bassas da India,1989,24.6,1001.5
Bassas da India,1990,24.7,921.9
Bassas da India,1991,24.8,766.4
Bassas da India,1992,25.1,352.7
Bassas da India,1993,25.0,515.4
Bassas da India,1994,24.6,734.6
Bassas da India,1995,25.0,770.3
Bassas da India,1996,24.8,658.9
Bassas da India,1997,24.9,1474.8
Bassas da India,1998,25.2,804.2
Bassas da India,1999,24.8,1442.6
Bassas da India,2000,25.1,720.3
Bassas da India,2001,24.9,1282.3
Bassas da India,2002,24.9,448.4
Bassas da India,2003,25.2,349.8
Bassas da India,2004,24.9,630.9
Bassas da India,2005,25.4,632.7
Bassas da India,2006,25.2,662.2
Bassas da India,2007,25.1,1018.6
Bassas da India,2008,24.9,884.0
Bassas da India,2009,25.0,816.1
Bassas da India,2010,25.6,722.3
Bassas da India,2011,25.1,820.2
Bassas da India,2012,25.0,295.6
Bassas da India,2013,24.8,778.7
Bassas da India,2014,25.1,970.4
Bassas da India,2015,25.4,961.0
Bassas da India,2016,25.3,882.4
Bassas da India,2017,25.2,485.2
Bassas da India,2018,25.2,448.6
Bassas da India,2019,25.3,633.7
Bassas da India,2020,25.1,419.6
Bassas da India,2021,25.1,716.5
Bassas da India,2022,25.1,497.7
Bassas da India,2023,25.3,1128.9
Bassas da India,2024,25.8,427.2
Belarus,1901,6.5,614.5
Belarus,1902,4.5,679.2
Belarus,1903,7.0,743.7
Belarus,1904,5.3,585.1
Belarus,1905,6.2,689.5
Belarus,1906,6.8,780.6
Belarus,1907,4.7,591.3
Belarus,1908,5.1,681.9
Belarus,1909,5.4,619.7
Belarus,1910,7.1,696.3
Belarus,1911,5.8,533.1
Belarus,1912,5.1,770.6
Belarus,1913,6.8,668.5
Belarus,1914,6.6,570.6
Belarus,1915,5.4,684.1
Belarus,1916,6.1,784.7
Belarus,1917,5.1,689.8
Belarus,1918,6.3,599.0
Belarus,1919,5.1,625.5
Belarus,1920,6.5,496.5
Belarus,1921,6.4,593.8
Belarus,1922,5.2,760.5
Belarus,1923,5.8,704.0
Belarus,1924,5.3,598.0
Belarus,1925,7.0,712.1
Belarus,1926,6.0,658.5
Belarus,1927,5.6,722.2
Belarus,1928,5.2,664.5
Belarus,1929,4.8,576.9
Belarus,1930,6.6,714.8
Belarus,1931,5.1,685.1
Belarus,1932,6.6,676.0
Belarus,1933,4.6,776.9
Belarus,1934,7.5,569.7
Belarus,1935,6.0,704.8
Belarus,1936,7.1,634.5
Belarus,1937,6.9,669.4
Belarus,1938,7.3,593.3
Belarus,1939,6.9,598.3
Belarus,1940,4.2,640.2
Belarus,1941,3.9,601.2
Belarus,1942,3.8,532.6
Belarus,1943,6.5,639.9
Belarus,1944,6.6,595.0
Belarus,1945,5.4,655.6
Belarus,1946,5.9,521.2
Belarus,1947,5.4,671.7
Belarus,1948,6.6,625.9
Belarus,1949,7.1,598.6
Belarus,1950,6.2,662.8
Belarus,1951,6.2,478.5
Belarus,1952,5.5,756.0
Belarus,1953,6.0,544.7
Belarus,1954,5.5,596.3
Belarus,1955,5.7,628.7
Belarus,1956,4.4,692.4
Belarus,1957,6.7,692.8
Belarus,1958,5.9,741.9
Belarus,1959,6.5,501.0
Belarus,1960,6.2,703.1
Belarus,1961,6.9,547.3
Belarus,1962,5.7,739.3
Belarus,1963,5.2,533.2
Belarus,1964,5.8,581.1
Belarus,1965,5.0,582.1
Belarus,1966,6.3,677.6
Belarus,1967,6.6,655.2
Belarus,1968,5.6,596.6
Belarus,1969,4.6,617.0
Belarus,1970,5.6,721.9
Belarus,1971,6.3,581.4
Belarus,1972,6.6,588.5
Belarus,1973,6.3,643.3
Belarus,1974,6.8,662.6
Belarus,1975,7.8,513.2
Belarus,1976,4.8,514.6
Belarus,1977,6.0,687.2
Belarus,1978,5.2,649.7
Belarus,1979,5.8,596.5
Belarus,1980,5.0,716.2
Belarus,1981,6.5,648.7
Belarus,1982,6.6,578.2
Belarus,1983,7.4,565.5
Belarus,1984,6.3,587.3
Belarus,1985,4.7,690.9
Belarus,1986,6.0,596.1
Belarus,1987,4.4,629.9
Belarus,1988,6.5,642.6
Belarus,1989,8.1,662.6
Belarus,1990,7.7,720.6
Belarus,1991,6.9,562.1
Belarus,1992,7.2,574.0
Belarus,1993,6.1,656.5
Belarus,1994,6.7,611.9
Belarus,1995,6.9,609.3
Belarus,1996,5.5,579.8
Belarus,1997,6.3,676.9
Belarus,1998,6.5,792.4
Belarus,1999,7.7,592.7
Belarus,2000,7.9,635.0
Belarus,2001,7.0,666.6
Belarus,2002,7.6,554.1
Belarus,2003,6.6,611.9
Belarus,2004,6.8,693.2
Belarus,2005,6.9,638.0
Belarus,2006,7.0,604.2
Belarus,2007,7.8,639.5
Belarus,2008,8.0,680.9
Belarus,2009,7.2,823.0
Belarus,2010,6.7,725.8
Belarus,2011,7.5,572.6
Belarus,2012,6.9,772.6
Belarus,2013,7.6,672.2
Belarus,2014,7.8,573.2
Belarus,2015,8.5,539.5
Belarus,2016,7.7,718.5
Belarus,2017,7.6,760.8
Belarus,2018,7.9,595.3
Belarus,2019,8.7,578.1
Belarus,2020,9.0,606.2
Belarus,2021,7.2,689.0
Belarus,2022,7.8,695.1
Belarus,2023,8.6,712.1
Belarus,2024,9.2,646.5
Belgium,1901,9.0,694.4
Belgium,1902,8.6,721.7
Belgium,1903,9.6,870.5
Belgium,1904,9.6,648.5
Belgium,1905,9.2,838.5
Belgium,1906,9.6,816.3
Belgium,1907,9.2,668.7
Belgium,1908,8.9,717.8
Belgium,1909,8.7,842.6
Belgium,1910,9.8,973.2
Belgium,1911,10.5,684.4
Belgium,1912,9.5,894.9
Belgium,1913,10.0,815.7
Belgium,1914,9.9,878.9
Belgium,1915,9.4,933.1
Belgium,1916,9.7,960.9
Belgium,1917,8.8,820.3
Belgium,1918,9.9,871.1
Belgium,1919,8.7,883.0
Belgium,1920,10.0,734.2
Belgium,1921,10.5,440.4
Belgium,1922,8.7,882.4
Belgium,1923,9.4,913.0
Belgium,1924,9.1,859.1
Belgium,1925,9.6,1030.3
Belgium,1926,10.1,874.6
Belgium,1927,9.4,848.5
Belgium,1928,9.9,848.5
Belgium,1929,9.0,676.7
Belgium,1930,10.2,982.1
Belgium,1931,9.1,848.9
Belgium,1932,9.7,839.7
Belgium,1933,9.3,651.3
Belgium,1934,10.5,709.2
Belgium,1935,9.8,911.5
Belgium,1936,9.7,834.1
Belgium,1937,10.0,897.0
Belgium,1938,10.0,790.7
Belgium,1939,9.8,977.6
Belgium,1940,8.5,886.4
Belgium,1941,8.9,814.1
Belgium,1942,8.9,834.6
Belgium,1943,10.2,813.8
Belgium,1944,9.6,949.6
Belgium,1945,10.4,834.7
Belgium,1946,9.6,888.8
Belgium,1947,10.2,763.8
Belgium,1948,10.4,940.4
Belgium,1949,10.6,669.6
Belgium,1950,10.0,968.5
Belgium,1951,9.8,974.7
Belgium,1952,9.3,1049.3
Belgium,1953,10.0,627.3
Belgium,1954,9.1,882.5
Belgium,1955,8.9,728.5
Belgium,1956,8.4,870.7
Belgium,1957,9.9,912.9
Belgium,1958,9.5,959.0
Belgium,1959,10.5,596.7
Belgium,1960,9.8,991.8
Belgium,1961,10.2,994.1
Belgium,1962,8.4,850.7
Belgium,1963,8.1,739.8
Belgium,1964,9.4,762.6
Belgium,1965,8.8,1110.0
Belgium,1966,9.7,1136.0
Belgium,1967,10.0,790.0
Belgium,1968,9.3,804.1
Belgium,1969,9.3,803.2
Belgium,1970,9.2,852.1
Belgium,1971,9.7,650.9
Belgium,1972,9.1,749.6
Belgium,1973,9.6,732.0
Belgium,1974,10.0,1044.1
Belgium,1975,10.0,720.9
Belgium,1976,10.1,554.6
Belgium,1977,9.8,881.0
Belgium,1978,9.0,761.2
Belgium,1979,8.9,904.0
Belgium,1980,9.1,932.5
Belgium,1981,9.5,1057.5
Belgium,1982,10.3,862.8
Belgium,1983,10.3,845.0
Belgium,1984,9.5,966.5
Belgium,1985,8.7,770.4
Belgium,1986,9.2,930.5
Belgium,1987,8.9,969.6
Belgium,1988,10.4,1007.7
Belgium,1989,10.9,753.4
Belgium,1990,10.9,777.3
Belgium,1991,9.7,748.9
Belgium,1992,10.6,888.9
Belgium,1993,9.9,933.0
Belgium,1994,11.0,908.8
Belgium,1995,10.5,839.0
Belgium,1996,8.7,638.9
Belgium,1997,10.4,782.3
Belgium,1998,10.4,1032.0
Belgium,1999,11.0,957.2
Belgium,2000,11.1,1004.1
Belgium,2001,10.4,1038.7
Belgium,2002,10.9,999.9
Belgium,2003,10.8,704.8
Belgium,2004,10.4,865.8
Belgium,2005,10.6,857.9
Belgium,2006,10.9,861.8
Belgium,2007,11.2,963.5
Belgium,2008,10.7,912.2
Belgium,2009,10.6,851.5
Belgium,2010,9.3,876.9
Belgium,2011,11.2,773.5
Belgium,2012,10.5,958.3
Belgium,2013,10.0,845.2
Belgium,2014,11.7,869.7
Belgium,2015,11.2,824.9
Belgium,2016,10.8,915.8
Belgium,2017,11.1,856.2
Belgium,2018,11.7,736.8
Belgium,2019,11.5,849.1
Belgium,2020,11.9,820.9
Belgium,2021,10.5,959.1
Belgium,2022,12.0,729.4
Belgium,2023,11.9,1053.1
Belgium,2024,11.9,1117.7
Belize,1901,25.3,2137.6
Belize,1902,25.5,2112.4
Belize,1903,25.5,2099.0
Belize,1904,25.4,2130.3
Belize,1905,25.5,2150.2
Belize,1906,25.1,2128.4
Belize,1907,25.2,2157.8
Belize,1908,25.2,2127.2
Belize,1909,25.4,2149.5
Belize,1910,24.3,2154.0
Belize,1911,25.2,2145.9
Belize,1912,25.4,2178.3
Belize,1913,25.0,2231.7
Belize,1914,25.0,2202.1
Belize,1915,25.2,2148.2
Belize,1916,25.1,2232.6
Belize,1917,25.4,2133.2
Belize,1918,25.5,2142.2
Belize,1919,25.3,2210.1
Belize,1920,25.3,2108.6
Belize,1921,25.2,2180.5
Belize,1922,25.7,2120.9
Belize,1923,25.4,1937.2
Belize,1924,25.3,2139.5
Belize,1925,25.3,2217.9
Belize,1926,25.4,2119.9
Belize,1927,25.5,2219.3
Belize,1928,25.3,2050.5
Belize,1929,25.6,2186.0
Belize,1930,25.2,2242.2
Belize,1931,25.1,2254.8
Belize,1932,25.5,2299.1
Belize,1933,25.5,2059.5
Belize,1934,25.2,1897.7
Belize,1935,25.3,1762.2
Belize,1936,25.6,2650.1
Belize,1937,25.5,2593.2
Belize,1938,25.0,1898.8
Belize,1939,25.2,1751.8
Belize,1940,25.1,2376.6
Belize,1941,25.4,2085.5
Belize,1942,25.2,2369.6
Belize,1943,24.9,1950.9
Belize,1944,25.3,1668.9
Belize,1945,25.5,2142.9
Belize,1946,25.5,1753.3
Belize,1947,25.6,2224.3
Belize,1948,25.6,2216.1
Belize,1949,25.5,1492.1
Belize,1950,24.9,1861.9
Belize,1951,25.4,1871.1
Belize,1952,25.5,2214.6
Belize,1953,25.6,1959.1
Belize,1954,25.0,2395.0
Belize,1955,25.4,2319.9
Belize,1956,25.2,2268.8
Belize,1957,25.8,2029.5
Belize,1958,25.9,2143.1
Belize,1959,25.8,1992.5
Belize,1960,25.5,2403.1
Belize,1961,25.3,2510.9
Belize,1962,25.1,1983.7
Belize,1963,25.2,1873.8
Belize,1964,25.3,1882.0
Belize,1965,25.2,2017.0
Belize,1966,24.9,2404.0
Belize,1967,25.1,1954.4
Belize,1968,25.0,2088.2
Belize,1969,25.5,2391.5
Belize,1970,25.1,1994.6
Belize,1971,25.3,1765.1
Belize,1972,25.7,2064.5
Belize,1973,25.5,1941.1
Belize,1974,25.3,1962.7
Belize,1975,25.5,1793.6
Belize,1976,25.1,2243.8
Belize,1977,25.4,2112.9
Belize,1978,25.4,2346.6
Belize,1979,25.5,2710.8
Belize,1980,25.7,2497.4
Belize,1981,25.5,2325.9
Belize,1982,25.7,2457.1
Belize,1983,25.8,2213.9
Belize,1984,25.4,2398.7
Belize,1985,25.8,1989.8
Belize,1986,25.7,1897.5
Belize,1987,25.7,1785.0
Belize,1988,25.8,2549.3
Belize,1989,25.8,2322.6
Belize,1990,25.8,2463.8
Belize,1991,25.8,2002.8
Belize,1992,25.6,2423.0
Belize,1993,25.6,2392.5
Belize,1994,25.9,1867.4
Belize,1995,26.1,2358.6
Belize,1996,25.6,2009.9
Belize,1997,26.0,2166.4
Belize,1998,26.3,2470.2
Belize,1999,25.6,2143.9
Belize,2000,25.7,2119.3
Belize,2001,26.0,2151.0
Belize,2002,26.2,1940.4
Belize,2003,26.3,1936.2
Belize,2004,26.2,1947.8
Belize,2005,26.1,2166.7
Belize,2006,26.1,2817.1
Belize,2007,26.1,2046.6
Belize,2008,25.9,2333.3
Belize,2009,26.3,1841.3
Belize,2010,25.7,2320.8
Belize,2011,26.1,2473.5
Belize,2012,26.3,2104.3
Belize,2013,26.2,2818.1
Belize,2014,26.1,2280.3
Belize,2015,26.6,1870.7
Belize,2016,26.6,2106.9
Belize,2017,26.5,2175.3
Belize,2018,26.0,2339.9
Belize,2019,26.5,1513.7
Belize,2020,26.7,2032.7
Belize,2021,26.5,2023.7
Belize,2022,26.1,2871.5
Belize,2023,26.8,2049.8
Belize,2024,27.0,3120.2
Benin,1901,27.5,1214.0
Benin,1902,27.6,949.8
Benin,1903,27.7,954.4
Benin,1904,27.7,918.7
Benin,1905,27.3,990.5
Benin,1906,27.9,1009.7
Benin,1907,27.5,965.5
Benin,1908,27.6,1033.5
Benin,1909,27.5,1147.0
Benin,1910,27.7,1105.1
Benin,1911,27.4,1086.2
Benin,1912,27.7,802.2
Benin,1913,28.0,992.8
Benin,1914,28.2,885.1
Benin,1915,27.5,1013.3
Benin,1916,27.3,1046.7
Benin,1917,27.4,1211.4
Benin,1918,27.3,1016.9
Benin,1919,27.7,963.5
Benin,1920,27.7,921.3
Benin,1921,27.7,1136.3
Benin,1922,27.5,1037.8
Benin,1923,27.5,1029.1
Benin,1924,27.7,1127.5
Benin,1925,27.1,1145.7
Benin,1926,27.7,1027.5
Benin,1927,27.2,1112.2
Benin,1928,27.1,1107.3
Benin,1929,26.9,1238.5
Benin,1930,27.9,1093.2
Benin,1931,28.2,1166.7
Benin,1932,28.1,955.7
Benin,1933,27.9,1242.7
Benin,1934,28.2,1201.8
Benin,1935,28.3,1267.0
Benin,1936,27.7,985.5
Benin,1937,28.7,979.4
Benin,1938,29.1,944.6
Benin,1939,28.4,1088.0
Benin,1940,27.7,1099.1
Benin,1941,28.4,1072.3
Benin,1942,28.2,899.3
Benin,1943,27.7,1017.1
Benin,1944,28.0,1005.0
Benin,1945,27.5,984.0
Benin,1946,27.5,910.1
Benin,1947,28.0,1161.4
Benin,1948,27.3,968.3
Benin,1949,28.0,1105.6
Benin,1950,27.2,965.8
Benin,1951,27.9,1233.2
Benin,1952,27.6,1088.7
Benin,1953,27.5,1244.4
Benin,1954,27.3,1109.9
Benin,1955,27.3,1227.0
Benin,1956,27.3,998.2
Benin,1957,27.4,1320.8
Benin,1958,27.7,849.2
Benin,1959,27.7,1158.5
Benin,1960,27.5,1207.3
Benin,1961,27.2,989.6
Benin,1962,27.4,1313.3
Benin,1963,27.7,1366.2
Benin,1964,27.4,1074.3
Benin,1965,27.3,1057.6
Benin,1966,27.6,1046.3
Benin,1967,27.4,1103.6
Benin,1968,27.6,1320.3
Benin,1969,28.0,1120.4
Benin,1970,27.9,1038.8
Benin,1971,27.2,957.6
Benin,1972,27.4,978.8
Benin,1973,27.8,921.0
Benin,1974,27.1,1055.5
Benin,1975,26.9,1079.8
Benin,1976,26.9,943.0
Benin,1977,27.5,852.3
Benin,1978,27.3,1083.2
Benin,1979,27.5,1155.1
Benin,1980,27.7,1005.1
Benin,1981,28.0,950.0
Benin,1982,27.9,904.7
Benin,1983,28.3,756.3
Benin,1984,28.2,916.5
Benin,1985,28.0,974.5
Benin,1986,27.9,928.7
Benin,1987,28.2,955.8
Benin,1988,27.7,1160.9
Benin,1989,27.3,1081.2
Benin,1990,28.0,919.6
Benin,1991,27.6,1189.9
Benin,1992,27.5,949.6
Benin,1993,27.8,929.5
Benin,1994,27.5,1110.9
Benin,1995,27.9,1094.9
Benin,1996,27.9,1061.7
Benin,1997,27.9,995.6
Benin,1998,28.4,1096.3
Benin,1999,27.9,1139.7
Benin,2000,27.9,952.8
Benin,2001,28.1,844.7
Benin,2002,28.2,1029.4
Benin,2003,28.3,1194.3
Benin,2004,28.2,1035.4
Benin,2005,28.5,985.0
Benin,2006,28.3,983.7
Benin,2007,28.3,1122.3
Benin,2008,27.9,1179.4
Benin,2009,28.5,1083.0
Benin,2010,28.7,1123.0
Benin,2011,28.4,960.7
Benin,2012,28.1,992.2
Benin,2013,28.3,944.4
Benin,2014,28.5,1025.2
Benin,2015,28.4,896.3
Benin,2016,28.6,945.9
Benin,2017,28.5,1036.6
Benin,2018,28.5,1129.7
Benin,2019,28.4,1174.6
Benin,2020,28.5,1116.9
Benin,2021,28.7,1033.1
Benin,2022,28.1,1071.3
Benin,2023,28.7,1053.9
Benin,2024,28.7,1106.8
Bermuda,1901,21.3,1744.7
Bermuda,1902,21.3,1468.1
Bermuda,1903,21.3,1356.6
Bermuda,1904,21.3,1782.9
Bermuda,1905,21.3,1629.3
Bermuda,1906,21.4,1498.2
Bermuda,1907,21.3,1183.9
Bermuda,1908,21.4,1511.3
Bermuda,1909,21.4,1500.0
Bermuda,1910,21.4,1500.0
Bermuda,1911,21.4,1500.0
Bermuda,1912,21.4,1500.0
Bermuda,1913,21.4,1500.0
Bermuda,1914,21.3,1500.0
Bermuda,1915,21.4,1500.0
Bermuda,1916,21.4,1500.0
Bermuda,1917,21.3,1500.0
Bermuda,1918,21.3,1500.0
Bermuda,1919,21.4,1500.0
Bermuda,1920,21.3,1500.0
Bermuda,1921,21.4,1500.0
Bermuda,1922,21.4,1500.0
Bermuda,1923,21.4,1500.0
Bermuda,1924,21.3,1500.0
Bermuda,1925,21.4,1500.0
Bermuda,1926,21.4,1500.0
Bermuda,1927,21.4,1500.0
Bermuda,1928,21.4,1500.0
Bermuda,1929,21.4,1500.0
Bermuda,1930,21.4,1500.0
Bermuda,1931,20.9,1461.9
Bermuda,1932,20.9,1430.7
Bermuda,1933,21.2,1469.3
Bermuda,1934,21.1,1598.6
Bermuda,1935,20.7,1771.7
Bermuda,1936,21.1,1489.7
Bermuda,1937,21.4,1683.7
Bermuda,1938,21.4,1609.4
Bermuda,1939,21.0,1297.8
Bermuda,1940,20.1,1360.0
Bermuda,1941,20.6,1276.2
Bermuda,1942,20.9,1878.3
Bermuda,1943,21.0,1735.9
Bermuda,1944,20.7,1463.3
Bermuda,1945,21.0,1429.7
Bermuda,1946,21.0,1545.8
Bermuda,1947,21.2,2039.9
Bermuda,1948,21.0,1605.5
Bermuda,1949,21.2,1397.1
Bermuda,1950,21.2,1478.9
Bermuda,1951,21.4,1456.5
Bermuda,1952,21.4,945.0
Bermuda,1953,21.6,1272.5
Bermuda,1954,21.6,1269.2
Bermuda,1955,21.0,1192.3
Bermuda,1956,21.4,1174.3
Bermuda,1957,20.9,1636.7
Bermuda,1958,20.7,1657.6
Bermuda,1959,21.2,1682.4
Bermuda,1960,21.1,1783.6
Bermuda,1961,21.1,1634.1
Bermuda,1962,21.1,2037.2
Bermuda,1963,20.7,1851.7
Bermuda,1964,20.6,1365.9
Bermuda,1965,20.5,1234.3
Bermuda,1966,20.7,1520.4
Bermuda,1967,20.6,1330.4
Bermuda,1968,20.7,1450.7
Bermuda,1969,20.9,1528.7
Bermuda,1970,20.5,1484.3
Bermuda,1971,21.1,1307.7
Bermuda,1972,21.3,1508.8
Bermuda,1973,21.1,1195.3
Bermuda,1974,21.8,1453.5
Bermuda,1975,21.9,1179.1
Bermuda,1976,21.8,1379.8
Bermuda,1977,21.2,1646.8
Bermuda,1978,21.4,1488.5
Bermuda,1979,21.4,1114.5
Bermuda,1980,21.4,1658.0
Bermuda,1981,20.6,1376.5
Bermuda,1982,22.3,1315.5
Bermuda,1983,21.9,1967.8
Bermuda,1984,21.7,1700.5
Bermuda,1985,21.5,1662.9
Bermuda,1986,21.7,1841.4
Bermuda,1987,21.3,1440.7
Bermuda,1988,22.4,1793.3
Bermuda,1989,22.6,1336.9
Bermuda,1990,22.4,1194.7
Bermuda,1991,22.4,1500.0
Bermuda,1992,22.2,1500.0
Bermuda,1993,22.3,1500.0
Bermuda,1994,22.3,1500.0
Bermuda,1995,21.5,1500.0
Bermuda,1996,21.4,1500.0
Bermuda,1997,21.3,1500.0
Bermuda,1998,21.4,1500.0
Bermuda,1999,21.4,1500.0
Bermuda,2000,21.4,1500.0
Bermuda,2001,21.4,1439.3
Bermuda,2002,21.5,1500.0
Bermuda,2003,21.4,1543.0
Bermuda,2004,21.4,1454.6
Bermuda,2005,21.3,1407.8
Bermuda,2006,21.4,1500.0
Bermuda,2007,21.4,1500.0
Bermuda,2008,21.4,1392.5
Bermuda,2009,21.5,1435.6
Bermuda,2010,20.9,1154.3
Bermuda,2011,21.5,1014.7
Bermuda,2012,21.6,1332.1
Bermuda,2013,21.2,1580.8
Bermuda,2014,21.9,1773.0
Bermuda,2015,22.0,1422.6
Bermuda,2016,22.1,1927.6
Bermuda,2017,22.0,1318.2
Bermuda,2018,22.0,1514.7
Bermuda,2019,22.1,1577.9
Bermuda,2020,21.9,1371.4
Bermuda,2021,21.9,1518.8
Bermuda,2022,22.1,1477.8
Bermuda,2023,21.8,1450.7
Bermuda,2024,21.5,1657.3
Bhutan,1901,5.1,1369.4
Bhutan,1902,4.9,1324.0
Bhutan,1903,5.0,1448.3
Bhutan,1904,4.8,1361.4
Bhutan,1905,4.4,1526.0
Bhutan,1906,4.9,1300.8
Bhutan,1907,4.8,1202.8
Bhutan,1908,5.2,1361.4
Bhutan,1909,5.2,1282.4
Bhutan,1910,4.8,1474.8
Bhutan,1911,4.7,1728.5
Bhutan,1912,4.8,1368.2
Bhutan,1913,4.6,1536.9
Bhutan,1914,4.8,1341.3
Bhutan,1915,5.4,1618.5
Bhutan,1916,5.1,1298.4
Bhutan,1917,4.7,1430.4
Bhutan,1918,4.8,1455.2
Bhutan,1919,5.2,1409.6
Bhutan,1920,5.2,1295.7
Bhutan,1921,5.2,1528.2
Bhutan,1922,5.3,1458.2
Bhutan,1923,5.3,1293.2
Bhutan,1924,5.5,1608.4
Bhutan,1925,4.6,1340.2
Bhutan,1926,5.1,1237.5
Bhutan,1927,4.9,1636.8
Bhutan,1928,5.3,1281.5
Bhutan,1929,5.1,1456.3
Bhutan,1930,5.0,1384.7
Bhutan,1931,5.4,1307.3
Bhutan,1932,5.4,1385.8
Bhutan,1933,5.1,1241.1
Bhutan,1934,5.2,1704.7
Bhutan,1935,5.4,1272.6
Bhutan,1936,5.2,1500.7
Bhutan,1937,5.3,1213.7
Bhutan,1938,5.3,1665.3
Bhutan,1939,5.3,1318.9
Bhutan,1940,5.3,1506.5
Bhutan,1941,5.5,1335.0
Bhutan,1942,5.6,1479.2
Bhutan,1943,5.3,1391.1
Bhutan,1944,5.4,1058.6
Bhutan,1945,5.2,1431.5
Bhutan,1946,5.6,1384.3
Bhutan,1947,5.6,1509.0
Bhutan,1948,5.2,1582.3
Bhutan,1949,4.8,1415.1
Bhutan,1950,5.1,1300.2
Bhutan,1951,5.3,1549.6
Bhutan,1952,5.4,1533.4
Bhutan,1953,5.5,1439.2
Bhutan,1954,5.2,1424.7
Bhutan,1955,5.1,1492.7
Bhutan,1956,5.3,1328.8
Bhutan,1957,5.2,1067.5
Bhutan,1958,5.8,1179.2
Bhutan,1959,5.3,1341.6
Bhutan,1960,5.5,1289.0
Bhutan,1961,5.3,1244.6
Bhutan,1962,5.0,1644.8
Bhutan,1963,4.9,1508.2
Bhutan,1964,5.3,1251.3
Bhutan,1965,4.7,1209.8
Bhutan,1966,5.3,1409.1
Bhutan,1967,4.8,1094.4
Bhutan,1968,4.7,1426.7
Bhutan,1969,5.4,1253.6
Bhutan,1970,5.2,1447.6
Bhutan,1971,4.9,1403.5
Bhutan,1972,5.3,1120.3
Bhutan,1973,5.4,1540.8
Bhutan,1974,5.4,1445.0
Bhutan,1975,5.4,1334.3
Bhutan,1976,5.3,1230.0
Bhutan,1977,5.1,1657.7
Bhutan,1978,5.0,1585.2
Bhutan,1979,5.6,1316.8
Bhutan,1980,5.4,1452.0
Bhutan,1981,5.3,1315.2
Bhutan,1982,5.2,1088.9
Bhutan,1983,4.9,1174.0
Bhutan,1984,5.5,1527.0
Bhutan,1985,5.5,1429.0
Bhutan,1986,5.1,1366.8
Bhutan,1987,5.5,1347.2
Bhutan,1988,5.8,1526.7
Bhutan,1989,5.4,1355.0
Bhutan,1990,5.4,1473.2
Bhutan,1991,5.1,1544.8
Bhutan,1992,4.8,1300.9
Bhutan,1993,5.2,1394.1
Bhutan,1994,5.4,1173.7
Bhutan,1995,5.6,1389.7
Bhutan,1996,5.4,1309.4
Bhutan,1997,4.6,1312.1
Bhutan,1998,5.8,1519.8
Bhutan,1999,6.0,1542.0
Bhutan,2000,5.2,1534.0
Bhutan,2001,5.7,1551.9
Bhutan,2002,5.5,1360.7
Bhutan,2003,5.6,1438.5
Bhutan,2004,5.5,1439.8
Bhutan,2005,5.8,1224.4
Bhutan,2006,6.2,1283.2
Bhutan,2007,6.0,1429.9
Bhutan,2008,5.6,1574.9
Bhutan,2009,6.4,1048.8
Bhutan,2010,6.3,1440.3
Bhutan,2011,5.7,1318.8
Bhutan,2012,5.4,1222.9
Bhutan,2013,5.5,1447.1
Bhutan,2014,5.8,1305.1
Bhutan,2015,5.5,1248.6
Bhutan,2016,5.9,1356.7
Bhutan,2017,5.8,1428.7
Bhutan,2018,5.5,1134.4
Bhutan,2019,5.8,1274.1
Bhutan,2020,5.6,1452.8
Bhutan,2021,6.0,1154.8
Bhutan,2022,5.8,1177.5
Bhutan,2023,6.1,1346.4
Bhutan,2024,6.1,1076.1
Bioko,1901,24.0,3008.6
Bioko,1902,24.3,3491.3
Bioko,1903,24.4,3301.5
Bioko,1904,24.1,3149.9
Bioko,1905,24.5,3421.2
Bioko,1906,24.5,3368.3
Bioko,1907,24.5,2728.2
Bioko,1908,24.1,3335.5
Bioko,1909,24.7,3400.5
Bioko,1910,24.0,2777.2
Bioko,1911,24.5,2854.5
Bioko,1912,24.6,3093.1
Bioko,1913,24.1,3231.9
Bioko,1914,24.6,2822.1
Bioko,1915,24.4,3712.0
Bioko,1916,24.4,3346.2
Bioko,1917,24.4,2972.0
Bioko,1918,24.4,3010.3
Bioko,1919,24.4,2633.7
Bioko,1920,24.4,3209.7
Bioko,1921,24.4,2936.1
Bioko,1922,24.4,2981.8
Bioko,1923,24.4,2990.0
Bioko,1924,24.4,3120.3
Bioko,1925,24.4,3035.1
Bioko,1926,24.4,3063.7
Bioko,1927,24.4,3240.3
Bioko,1928,24.4,3342.0
Bioko,1929,24.3,3363.2
Bioko,1930,24.4,3149.2
Bioko,1931,24.4,3114.8
Bioko,1932,24.4,2662.1
Bioko,1933,24.4,3230.4
Bioko,1934,24.4,2864.6
Bioko,1935,24.4,3284.4
Bioko,1936,24.4,3164.8
Bioko,1937,24.4,2710.3
Bioko,1938,24.4,3345.1
Bioko,1939,24.4,3058.3
Bioko,1940,24.4,3063.6
Bioko,1941,24.9,3060.4
Bioko,1942,24.8,3323.1
Bioko,1943,24.2,3162.6
Bioko,1944,24.8,2914.3
Bioko,1945,24.9,2776.8
Bioko,1946,24.6,3054.9
Bioko,1947,24.9,2916.3
Bioko,1948,24.5,2947.6
Bioko,1949,24.9,3088.5
Bioko,1950,24.8,3064.9
Bioko,1951,24.8,3047.1
Bioko,1952,24.4,3246.8
Bioko,1953,24.4,3055.7
Bioko,1954,24.1,3341.4
Bioko,1955,24.3,3242.8
Bioko,1956,24.2,3738.0
Bioko,1957,24.6,3374.5
Bioko,1958,24.4,2960.2
Bioko,1959,24.6,3369.6
Bioko,1960,24.6,3446.1
Bioko,1961,24.4,3038.5
Bioko,1962,24.4,3320.8
Bioko,1963,24.8,2828.6
Bioko,1964,24.4,3514.5
Bioko,1965,24.4,3500.4
Bioko,1966,24.8,3307.2
Bioko,1967,24.4,2987.7
Bioko,1968,24.4,2990.4
Bioko,1969,24.7,3524.4
Bioko,1970,24.6,3094.1
Bioko,1971,24.1,3483.2
Bioko,1972,24.3,2672.5
Bioko,1973,24.5,2686.6
Bioko,1974,24.0,2748.2
Bioko,1975,23.9,2846.9
Bioko,1976,23.8,2860.1
Bioko,1977,24.3,2625.3
Bioko,1978,24.1,3080.6
Bioko,1979,24.5,2990.2
Bioko,1980,24.5,2919.1
Bioko,1981,24.3,2895.9
Bioko,1982,24.1,2861.6
Bioko,1983,24.4,2350.5
Bioko,1984,24.5,2589.7
Bioko,1985,24.2,2970.2
Bioko,1986,24.1,2925.7
Bioko,1987,24.7,2560.4
Bioko,1988,24.5,3055.1
Bioko,1989,24.3,2620.4
Bioko,1990,24.5,2905.4
Bioko,1991,24.3,2574.6
Bioko,1992,24.2,2517.9
Bioko,1993,24.3,2928.5
Bioko,1994,24.3,2760.8
Bioko,1995,24.5,3023.6
Bioko,1996,24.4,3065.2
Bioko,1997,24.3,3149.1
Bioko,1998,25.0,3025.2
Bioko,1999,24.5,2987.1
Bioko,2000,24.7,2793.9
Bioko,2001,24.7,3139.1
Bioko,2002,24.8,3128.4
Bioko,2003,24.8,3414.5
Bioko,2004,24.7,3252.3
Bioko,2005,24.7,2540.7
Bioko,2006,24.7,3190.7
Bioko,2007,24.8,3341.2
Bioko,2008,24.6,2976.1
Bioko,2009,24.8,2636.7
Bioko,2010,25.0,3117.9
Bioko,2011,24.7,2728.0
Bioko,2012,24.7,3096.1
Bioko,2013,24.7,2605.0
Bioko,2014,24.8,2748.4
Bioko,2015,24.9,2435.7
Bioko,2016,25.0,2699.9
Bioko,2017,25.0,2677.8
Bioko,2018,25.0,3009.9
Bioko,2019,24.9,3036.5
Bioko,2020,24.9,2951.2
Bioko,2021,25.1,2779.4
Bioko,2022,24.8,2804.3
Bioko,2023,24.9,3025.8
Bioko,2024,25.1,2800.2
Bolivia,1901,21.7,1122.9
Bolivia,1902,21.6,1164.5
Bolivia,1903,21.3,1247.6
Bolivia,1904,21.1,1137.8
Bolivia,1905,21.4,1160.1
Bolivia,1906,21.4,1140.4
Bolivia,1907,21.2,1134.2
Bolivia,1908,21.3,1116.3
Bolivia,1909,21.1,1101.0
Bolivia,1910,21.2,1102.9
Bolivia,1911,21.1,1171.8
Bolivia,1912,21.2,1181.1
Bolivia,1913,21.0,1156.2
Bolivia,1914,21.0,1154.7
Bolivia,1915,21.2,1169.5
Bolivia,1916,20.8,1096.4
Bolivia,1917,20.6,1074.2
Bolivia,1918,21.1,1235.1
Bolivia,1919,21.8,1273.6
Bolivia,1920,21.3,1196.0
Bolivia,1921,21.2,1121.2
Bolivia,1922,21.2,1169.0
Bolivia,1923,21.2,1084.8
Bolivia,1924,21.3,1060.9
Bolivia,1925,21.3,1122.1
Bolivia,1926,21.9,1102.3
Bolivia,1927,21.5,1139.3
Bolivia,1928,21.6,1191.2
Bolivia,1929,21.5,1211.5
Bolivia,1930,21.6,1242.1
Bolivia,1931,21.3,1140.9
Bolivia,1932,21.5,1190.7
Bolivia,1933,21.3,1087.5
Bolivia,1934,21.3,1139.8
Bolivia,1935,21.6,1048.3
Bolivia,1936,21.8,1125.8
Bolivia,1937,21.7,1134.7
Bolivia,1938,21.4,1057.7
Bolivia,1939,21.6,1136.2
Bolivia,1940,21.8,1068.4
Bolivia,1941,21.6,1157.1
Bolivia,1942,21.4,1160.5
Bolivia,1943,21.3,1087.9
Bolivia,1944,21.7,1047.5
Bolivia,1945,21.6,1213.2
Bolivia,1946,21.3,1128.7
Bolivia,1947,20.9,1160.5
Bolivia,1948,21.2,1317.5
Bolivia,1949,21.0,1162.5
Bolivia,1950,21.0,1152.0
Bolivia,1951,21.0,1164.8
Bolivia,1952,21.0,1090.0
Bolivia,1953,21.4,1162.1
Bolivia,1954,21.1,1141.2
Bolivia,1955,21.1,1181.9
Bolivia,1956,20.6,1129.4
Bolivia,1957,21.0,1249.6
Bolivia,1958,21.3,1301.6
Bolivia,1959,21.3,1172.0
Bolivia,1960,20.9,1154.3
Bolivia,1961,21.6,1066.4
Bolivia,1962,21.1,962.6
Bolivia,1963,21.7,967.8
Bolivia,1964,21.2,1106.2
Bolivia,1965,21.4,1077.2
Bolivia,1966,21.6,1026.5
Bolivia,1967,21.7,1013.6
Bolivia,1968,21.3,1078.2
Bolivia,1969,21.9,1024.0
Bolivia,1970,21.7,1051.4
Bolivia,1971,21.0,1083.5
Bolivia,1972,21.5,1175.6
Bolivia,1973,21.5,1204.6
Bolivia,1974,20.9,1163.7
Bolivia,1975,21.1,1196.8
Bolivia,1976,20.8,1151.0
Bolivia,1977,21.2,1282.6
Bolivia,1978,21.1,1251.7
Bolivia,1979,21.0,1265.3
Bolivia,1980,21.2,1222.7
Bolivia,1981,20.9,1402.7
Bolivia,1982,21.2,1402.4
Bolivia,1983,21.6,1226.5
Bolivia,1984,21.3,1403.3
Bolivia,1985,21.5,1212.8
Bolivia,1986,21.6,1198.1
Bolivia,1987,22.0,1133.7
Bolivia,1988,21.7,1123.5
Bolivia,1989,21.1,1032.4
Bolivia,1990,21.3,1189.6
Bolivia,1991,21.5,1168.8
Bolivia,1992,21.3,1198.8
Bolivia,1993,21.4,1149.3
Bolivia,1994,21.8,1144.2
Bolivia,1995,21.5,896.0
Bolivia,1996,21.0,1117.6
Bolivia,1997,21.6,1197.5
Bolivia,1998,21.6,1182.3
Bolivia,1999,21.1,1176.3
Bolivia,2000,21.2,1232.6
Bolivia,2001,21.2,1239.2
Bolivia,2002,21.5,1139.3
Bolivia,2003,21.1,1161.6
Bolivia,2004,21.5,1181.3
Bolivia,2005,21.3,1044.6
Bolivia,2006,21.4,1257.8
Bolivia,2007,21.1,1207.0
Bolivia,2008,20.8,1175.3
Bolivia,2009,21.3,1277.8
Bolivia,2010,21.4,1094.6
Bolivia,2011,21.3,1188.9
Bolivia,2012,21.4,1157.7
Bolivia,2013,21.1,1206.7
Bolivia,2014,21.6,1254.9
Bolivia,2015,21.8,1096.4
Bolivia,2016,21.4,990.1
Bolivia,2017,21.6,1138.3
Bolivia,2018,21.2,1276.0
Bolivia,2019,21.6,997.1
Bolivia,2020,21.9,976.8
Bolivia,2021,21.4,1105.6
Bolivia,2022,21.3,895.9
Bolivia,2023,22.5,1176.5
Bolivia,2024,22.4,1099.1
Bonin Isl,1901,20.2,2212.0
Bonin Isl,1902,20.2,2246.5
Bonin Isl,1903,20.2,2277.1
Bonin Isl,1904,20.2,2198.0
Bonin Isl,1905,20.2,2213.6
Bonin Isl,1906,20.0,2205.7
Bonin Isl,1907,20.1,2220.8
Bonin Isl,1908,20.0,2232.8
Bonin Isl,1909,20.1,2202.6
Bonin Isl,1910,20.1,2247.3
Bonin Isl,1911,20.4,2251.8
Bonin Isl,1912,20.3,2213.0
Bonin Isl,1913,20.0,2202.6
Bonin Isl,1914,20.6,2199.7
Bonin Isl,1915,20.5,2246.7
Bonin Isl,1916,20.7,2276.5
Bonin Isl,1917,20.0,2185.2
Bonin Isl,1918,20.1,2192.9
Bonin Isl,1919,20.3,2229.5
Bonin Isl,1920,20.4,2265.5
Bonin Isl,1921,20.1,2279.7
Bonin Isl,1922,20.5,2165.4
Bonin Isl,1923,20.4,2259.8
Bonin Isl,1924,20.2,2170.3
Bonin Isl,1925,20.1,2224.7
Bonin Isl,1926,20.0,2120.8
Bonin Isl,1927,20.2,2156.7
Bonin Isl,1928,20.4,2248.1
Bonin Isl,1929,20.3,2228.3
Bonin Isl,1930,20.6,2193.2
Bonin Isl,1931,20.3,2207.8
Bonin Isl,1932,20.3,2219.3
Bonin Isl,1933,20.4,2155.4
Bonin Isl,1934,20.1,2144.8
Bonin Isl,1935,20.3,2229.0
Bonin Isl,1936,20.1,2198.6
Bonin Isl,1937,20.6,2193.3
Bonin Isl,1938,20.4,2233.8
Bonin Isl,1939,20.4,2177.6
Bonin Isl,1940,20.3,2127.9
Bonin Isl,1941,20.4,2230.9
Bonin Isl,1942,20.5,2155.3
Bonin Isl,1943,20.2,2167.6
Bonin Isl,1944,20.2,2182.2
Bonin Isl,1945,20.0,2189.5
Bonin Isl,1946,20.5,2165.0
Bonin Isl,1947,20.0,2138.6
Bonin Isl,1948,20.7,2220.3
Bonin Isl,1949,20.4,2244.6
Bonin Isl,1950,20.6,2248.5
Bonin Isl,1951,20.4,2240.9
Bonin Isl,1952,20.5,2406.4
Bonin Isl,1953,20.5,2341.4
Bonin Isl,1954,20.7,2366.1
Bonin Isl,1955,21.0,2173.1
Bonin Isl,1956,20.5,2293.6
Bonin Isl,1957,20.4,2362.3
Bonin Isl,1958,20.8,2235.3
Bonin Isl,1959,21.2,2333.4
Bonin Isl,1960,20.9,2173.1
Bonin Isl,1961,21.2,2138.6
Bonin Isl,1962,20.6,2164.9
Bonin Isl,1963,20.4,2251.5
Bonin Isl,1964,20.9,2207.6
Bonin Isl,1965,20.3,2274.9
Bonin Isl,1966,20.7,2144.0
Bonin Isl,1967,20.7,2247.4
Bonin Isl,1968,20.5,2093.1
Bonin Isl,1969,20.6,2092.8
Bonin Isl,1970,20.4,2203.4
Bonin Isl,1971,20.4,2087.2
Bonin Isl,1972,20.7,2185.6
Bonin Isl,1973,20.6,2096.3
Bonin Isl,1974,20.3,2149.6
Bonin Isl,1975,20.6,2354.6
Bonin Isl,1976,20.4,2224.0
Bonin Isl,1977,20.9,2211.4
Bonin Isl,1978,21.0,2083.9
Bonin Isl,1979,21.3,2449.7
Bonin Isl,1980,20.5,2231.5
Bonin Isl,1981,20.3,2123.6
Bonin Isl,1982,20.7,2316.6
Bonin Isl,1983,20.8,2121.4
Bonin Isl,1984,20.3,1931.2
Bonin Isl,1985,20.8,2193.7
Bonin Isl,1986,20.4,2143.6
Bonin Isl,1987,21.1,2239.4
Bonin Isl,1988,20.6,2237.9
Bonin Isl,1989,21.2,2293.7
Bonin Isl,1990,21.6,2237.7
Bonin Isl,1991,21.2,2433.0
Bonin Isl,1992,21.0,2397.5
Bonin Isl,1993,20.7,2283.9
Bonin Isl,1994,21.5,2000.7
Bonin Isl,1995,20.8,2107.7
Bonin Isl,1996,20.7,2082.0
Bonin Isl,1997,21.2,2028.1
Bonin Isl,1998,21.7,2513.4
Bonin Isl,1999,21.5,2147.3
Bonin Isl,2000,21.3,2154.1
Bonin Isl,2001,21.2,2214.9
Bonin Isl,2002,21.3,2200.8
Bonin Isl,2003,21.1,2339.8
Bonin Isl,2004,21.6,2172.9
Bonin Isl,2005,21.0,2088.1
Bonin Isl,2006,21.1,2333.9
Bonin Isl,2007,21.4,2221.6
Bonin Isl,2008,21.1,2169.3
Bonin Isl,2009,21.2,2295.5
Bonin Isl,2010,21.4,2382.8
Bonin Isl,2011,21.0,2207.6
Bonin Isl,2012,20.9,2273.2
Bonin Isl,2013,21.2,2020.7
Bonin Isl,2014,21.0,2187.7
Bonin Isl,2015,21.3,2406.5
Bonin Isl,2016,21.7,2299.5
Bonin Isl,2017,21.0,2172.5
Bonin Isl,2018,21.6,2181.5
Bonin Isl,2019,21.7,2367.9
Bonin Isl,2020,21.7,2412.3
Bonin Isl,2021,21.6,2243.9
Bonin Isl,2022,21.6,2309.3
Bonin Isl,2023,22.0,2045.9
Bonin Isl,2024,22.1,2409.3
Bosnia-Herzegovinia,1901,9.3,1098.9
Bosnia-Herzegovinia,1902,9.0,1121.9
Bosnia-Herzegovinia,1903,9.8,1017.9
Bosnia-Herzegovinia,1904,10.0,939.4
Bosnia-Herzegovinia,1905,9.6,1112.7
Bosnia-Herzegovinia,1906,9.6,1097.7
Bosnia-Herzegovinia,1907,9.4,937.1
Bosnia-Herzegovinia,1908,9.1,952.4
Bosnia-Herzegovinia,1909,9.3,1146.1
Bosnia-Herzegovinia,1910,10.1,1359.8
Bosnia-Herzegovinia,1911,10.2,924.6
Bosnia-Herzegovinia,1912,9.2,1140.9
Bosnia-Herzegovinia,1913,9.5,1051.0
Bosnia-Herzegovinia,1914,9.1,1104.7
Bosnia-Herzegovinia,1915,9.6,1543.9
Bosnia-Herzegovinia,1916,10.4,1136.7
Bosnia-Herzegovinia,1917,9.5,1001.1
Bosnia-Herzegovinia,1918,9.8,912.4
Bosnia-Herzegovinia,1919,9.3,1208.9
Bosnia-Herzegovinia,1920,10.2,940.4
Bosnia-Herzegovinia,1921,10.2,860.3
Bosnia-Herzegovinia,1922,9.1,1127.9
Bosnia-Herzegovinia,1923,10.3,1190.1
Bosnia-Herzegovinia,1924,9.2,1047.7
Bosnia-Herzegovinia,1925,9.8,1255.5
Bosnia-Herzegovinia,1926,10.5,1181.9
Bosnia-Herzegovinia,1927,10.3,1032.8
Bosnia-Herzegovinia,1928,10.1,950.4
Bosnia-Herzegovinia,1929,9.2,999.9
Bosnia-Herzegovinia,1930,10.5,1108.8
Bosnia-Herzegovinia,1931,9.4,1014.9
Bosnia-Herzegovinia,1932,9.6,1039.3
Bosnia-Herzegovinia,1933,8.8,1124.2
Bosnia-Herzegovinia,1934,11.0,1039.8
Bosnia-Herzegovinia,1935,9.8,909.3
Bosnia-Herzegovinia,1936,10.2,1073.9
Bosnia-Herzegovinia,1937,10.2,1451.4
Bosnia-Herzegovinia,1938,10.0,875.3
Bosnia-Herzegovinia,1939,10.0,1133.9
Bosnia-Herzegovinia,1940,8.1,1266.7
Bosnia-Herzegovinia,1941,8.8,1181.3
Bosnia-Herzegovinia,1942,9.2,989.4
Bosnia-Herzegovinia,1943,10.3,1036.8
Bosnia-Herzegovinia,1944,9.7,1115.0
Bosnia-Herzegovinia,1945,10.2,790.3
Bosnia-Herzegovinia,1946,10.6,824.1
Bosnia-Herzegovinia,1947,10.3,841.4
Bosnia-Herzegovinia,1948,10.3,949.1
Bosnia-Herzegovinia,1949,10.4,896.4
Bosnia-Herzegovinia,1950,10.8,929.5
Bosnia-Herzegovinia,1951,10.9,1092.9
Bosnia-Herzegovinia,1952,10.3,1067.6
Bosnia-Herzegovinia,1953,10.1,849.9
Bosnia-Herzegovinia,1954,9.1,1066.1
Bosnia-Herzegovinia,1955,9.6,1240.4
Bosnia-Herzegovinia,1956,8.9,949.1
Bosnia-Herzegovinia,1957,10.3,954.4
Bosnia-Herzegovinia,1958,10.4,982.1
Bosnia-Herzegovinia,1959,10.1,1152.3
Bosnia-Herzegovinia,1960,10.2,1165.0
Bosnia-Herzegovinia,1961,10.7,925.6
Bosnia-Herzegovinia,1962,9.4,1005.1
Bosnia-Herzegovinia,1963,9.5,1066.9
Bosnia-Herzegovinia,1964,9.5,1177.1
Bosnia-Herzegovinia,1965,9.2,1075.3
Bosnia-Herzegovinia,1966,10.4,1202.9
Bosnia-Herzegovinia,1967,10.3,1014.3
Bosnia-Herzegovinia,1968,10.1,1032.8
Bosnia-Herzegovinia,1969,9.5,1195.6
Bosnia-Herzegovinia,1970,9.6,1155.7
Bosnia-Herzegovinia,1971,9.9,832.2
Bosnia-Herzegovinia,1972,9.9,1065.7
Bosnia-Herzegovinia,1973,9.7,884.2
Bosnia-Herzegovinia,1974,10.2,1171.4
Bosnia-Herzegovinia,1975,10.3,896.4
Bosnia-Herzegovinia,1976,9.5,1151.2
Bosnia-Herzegovinia,1977,10.3,1022.5
Bosnia-Herzegovinia,1978,9.1,1092.8
Bosnia-Herzegovinia,1979,10.1,1140.9
Bosnia-Herzegovinia,1980,9.0,1141.7
Bosnia-Herzegovinia,1981,10.0,1122.8
Bosnia-Herzegovinia,1982,10.3,973.0
Bosnia-Herzegovinia,1983,10.5,770.9
Bosnia-Herzegovinia,1984,9.6,1096.3
Bosnia-Herzegovinia,1985,9.4,949.5
Bosnia-Herzegovinia,1986,9.9,983.7
Bosnia-Herzegovinia,1987,9.7,1040.4
Bosnia-Herzegovinia,1988,10.3,919.1
Bosnia-Herzegovinia,1989,10.5,893.2
Bosnia-Herzegovinia,1990,10.9,801.8
Bosnia-Herzegovinia,1991,9.7,1084.1
Bosnia-Herzegovinia,1992,11.0,935.6
Bosnia-Herzegovinia,1993,10.2,973.3
Bosnia-Herzegovinia,1994,11.5,893.0
Bosnia-Herzegovinia,1995,10.3,1185.3
Bosnia-Herzegovinia,1996,9.6,1220.7
Bosnia-Herzegovinia,1997,10.2,957.1
Bosnia-Herzegovinia,1998,10.6,1065.8
Bosnia-Herzegovinia,1999,10.7,1242.6
Bosnia-Herzegovinia,2000,11.7,825.3
Bosnia-Herzegovinia,2001,10.7,1046.5
Bosnia-Herzegovinia,2002,11.4,1123.1
Bosnia-Herzegovinia,2003,10.7,805.6
Bosnia-Herzegovinia,2004,10.4,1202.0
Bosnia-Herzegovinia,2005,10.0,1207.5
Bosnia-Herzegovinia,2006,10.7,926.2
Bosnia-Herzegovinia,2007,11.7,1006.9
Bosnia-Herzegovinia,2008,11.5,1014.3
Bosnia-Herzegovinia,2009,11.4,1106.2
Bosnia-Herzegovinia,2010,10.5,1439.4
Bosnia-Herzegovinia,2011,11.2,725.4
Bosnia-Herzegovinia,2012,11.5,952.8
Bosnia-Herzegovinia,2013,11.3,1199.2
Bosnia-Herzegovinia,2014,12.0,1418.3
Bosnia-Herzegovinia,2015,11.8,976.8
Bosnia-Herzegovinia,2016,11.3,1140.0
Bosnia-Herzegovinia,2017,11.4,924.2
Bosnia-Herzegovinia,2018,12.2,1015.7
Bosnia-Herzegovinia,2019,12.3,1191.3
Bosnia-Herzegovinia,2020,11.8,969.8
Bosnia-Herzegovinia,2021,11.2,1041.3
Bosnia-Herzegovinia,2022,12.2,818.2
Bosnia-Herzegovinia,2023,12.5,1242.2
Bosnia-Herzegovinia,2024,13.0,913.0
Botswana,1901,21.1,451.3
Botswana,1902,21.2,397.1
Botswana,1903,21.3,377.1
Botswana,1904,20.8,416.2
Botswana,1905,21.3,345.6
Botswana,1906,20.8,446.4
Botswana,1907,20.7,464.9
Botswana,1908,21.2,394.5
Botswana,1909,21.0,486.5
Botswana,1910,20.8,445.8
Botswana,1911,20.8,417.1
Botswana,1912,21.3,355.5
Botswana,1913,21.4,341.5
Botswana,1914,21.6,424.5
Botswana,1915,21.3,436.7
Botswana,1916,21.3,348.2
Botswana,1917,21.1,412.8
Botswana,1918,20.7,508.3
Botswana,1919,21.0,435.9
Botswana,1920,21.3,437.7
Botswana,1921,21.0,522.5
Botswana,1922,21.8,282.7
Botswana,1923,21.5,496.4
Botswana,1924,21.0,416.1
Botswana,1925,20.9,573.9
Botswana,1926,21.2,391.9
Botswana,1927,21.2,339.4
Botswana,1928,21.6,397.1
Botswana,1929,21.4,414.7
Botswana,1930,21.1,391.7
Botswana,1931,21.8,352.4
Botswana,1932,21.5,401.6
Botswana,1933,21.5,296.8
Botswana,1934,21.6,522.8
Botswana,1935,21.0,307.6
Botswana,1936,21.1,459.4
Botswana,1937,21.1,404.8
Botswana,1938,21.4,406.3
Botswana,1939,20.9,498.0
Botswana,1940,21.5,482.7
Botswana,1941,21.9,348.7
Botswana,1942,21.8,376.6
Botswana,1943,21.1,486.3
Botswana,1944,21.6,447.2
Botswana,1945,21.5,338.0
Botswana,1946,21.7,432.4
Botswana,1947,21.8,344.3
Botswana,1948,21.3,479.9
Botswana,1949,21.8,375.4
Botswana,1950,21.5,443.7
Botswana,1951,21.3,415.3
Botswana,1952,21.6,424.2
Botswana,1953,21.0,489.0
Botswana,1954,21.2,495.7
Botswana,1955,20.9,610.7
Botswana,1956,21.2,438.4
Botswana,1957,21.8,428.0
Botswana,1958,21.6,540.6
Botswana,1959,21.6,355.8
Botswana,1960,21.4,382.5
Botswana,1961,21.4,466.1
Botswana,1962,21.6,385.5
Botswana,1963,21.0,453.8
Botswana,1964,21.2,254.4
Botswana,1965,21.3,223.1
Botswana,1966,21.6,458.7
Botswana,1967,21.0,532.2
Botswana,1968,21.2,422.5
Botswana,1969,21.6,424.5
Botswana,1970,21.9,291.4
Botswana,1971,21.3,411.0
Botswana,1972,21.2,445.2
Botswana,1973,21.5,471.6
Botswana,1974,20.8,668.2
Botswana,1975,21.0,472.3
Botswana,1976,20.6,559.1
Botswana,1977,21.5,580.2
Botswana,1978,21.1,537.6
Botswana,1979,21.5,357.5
Botswana,1980,21.2,418.5
Botswana,1981,20.9,460.4
Botswana,1982,21.7,318.5
Botswana,1983,22.3,355.9
Botswana,1984,21.9,291.1
Botswana,1985,21.8,330.6
Botswana,1986,21.7,371.7
Botswana,1987,22.2,340.2
Botswana,1988,21.5,508.3
Botswana,1989,21.4,426.5
Botswana,1990,21.9,304.2
Botswana,1991,21.7,468.5
Botswana,1992,22.5,241.9
Botswana,1993,22.0,327.9
Botswana,1994,21.5,302.8
Botswana,1995,22.2,345.0
Botswana,1996,21.6,440.5
Botswana,1997,21.8,459.7
Botswana,1998,22.4,394.1
Botswana,1999,22.2,378.7
Botswana,2000,21.4,478.5
Botswana,2001,21.8,440.9
Botswana,2002,22.0,365.5
Botswana,2003,22.3,367.1
Botswana,2004,22.3,438.8
Botswana,2005,22.8,385.8
Botswana,2006,21.8,439.4
Botswana,2007,22.1,373.9
Botswana,2008,22.2,422.7
Botswana,2009,22.3,418.5
Botswana,2010,22.4,526.7
Botswana,2011,21.9,493.3
Botswana,2012,22.1,414.3
Botswana,2013,22.0,424.0
Botswana,2014,22.1,413.5
Botswana,2015,22.6,366.4
Botswana,2016,22.7,396.4
Botswana,2017,22.2,468.5
Botswana,2018,22.3,400.7
Botswana,2019,23.0,392.2
Botswana,2020,22.1,421.3
Botswana,2021,21.8,415.5
Botswana,2022,22.0,439.8
Botswana,2023,22.2,405.7
Botswana,2024,22.6,392.7
Brazil,1901,24.8,1779.7
Brazil,1902,25.0,1764.2
Brazil,1903,24.8,1733.2
Brazil,1904,24.7,1741.1
Brazil,1905,24.8,1776.3
Brazil,1906,24.8,1738.3
Brazil,1907,24.7,1744.6
Brazil,1908,24.8,1750.1
Brazil,1909,24.8,1759.7
Brazil,1910,24.7,1765.1
Brazil,1911,24.6,1726.5
Brazil,1912,24.6,1799.0
Brazil,1913,24.5,1783.3
Brazil,1914,24.6,1718.4
Brazil,1915,24.8,1603.0
Brazil,1916,24.5,1815.5
Brazil,1917,24.3,1840.5
Brazil,1918,24.6,1782.2
Brazil,1919,24.9,1719.6
Brazil,1920,24.6,1800.6
Brazil,1921,24.5,1836.9
Brazil,1922,24.5,1808.5
Brazil,1923,24.5,1754.4
Brazil,1924,24.4,1961.1
Brazil,1925,24.5,1710.2
Brazil,1926,24.7,1818.9
Brazil,1927,24.5,1745.6
Brazil,1928,24.6,1757.4
Brazil,1929,24.5,1844.9
Brazil,1930,24.7,1697.3
Brazil,1931,24.6,1721.7
Brazil,1932,24.8,1627.2
Brazil,1933,24.5,1760.5
Brazil,1934,24.5,1830.2
Brazil,1935,24.6,1829.6
Brazil,1936,24.7,1673.2
Brazil,1937,24.7,1787.0
Brazil,1938,24.6,1726.2
Brazil,1939,24.7,1773.6
Brazil,1940,24.8,1822.3
Brazil,1941,24.9,1718.1
Brazil,1942,24.8,1732.3
Brazil,1943,24.7,1779.8
Brazil,1944,24.9,1773.9
Brazil,1945,24.8,1886.5
Brazil,1946,24.8,1703.8
Brazil,1947,24.7,1926.3
Brazil,1948,24.8,1813.9
Brazil,1949,24.5,1799.9
Brazil,1950,24.5,1816.0
Brazil,1951,24.5,1669.8
Brazil,1952,24.7,1740.8
Brazil,1953,24.8,1769.0
Brazil,1954,24.7,1716.7
Brazil,1955,24.6,1788.7
Brazil,1956,24.3,1885.5
Brazil,1957,24.6,1798.6
Brazil,1958,25.0,1720.4
Brazil,1959,24.9,1723.0
Brazil,1960,24.7,1779.9
Brazil,1961,24.9,1688.3
Brazil,1962,24.6,1759.1
Brazil,1963,25.0,1651.2
Brazil,1964,24.5,1903.9
Brazil,1965,24.7,1818.9
Brazil,1966,24.8,1769.1
Brazil,1967,24.7,1736.7
Brazil,1968,24.3,1755.2
Brazil,1969,25.0,1703.7
Brazil,1970,24.8,1750.9
Brazil,1971,24.4,1806.2
Brazil,1972,24.8,1828.0
Brazil,1973,25.0,1932.9
Brazil,1974,24.4,1934.0
Brazil,1975,24.5,1872.3
Brazil,1976,24.4,1778.1
Brazil,1977,24.9,1836.9
Brazil,1978,24.7,1825.1
Brazil,1979,24.7,1755.3
Brazil,1980,25.0,1749.0
Brazil,1981,24.8,1660.4
Brazil,1982,24.9,1743.2
Brazil,1983,25.1,1720.6
Brazil,1984,24.9,1810.7
Brazil,1985,24.8,1955.1
Brazil,1986,24.9,1776.4
Brazil,1987,25.3,1679.3
Brazil,1988,25.1,1801.2
Brazil,1989,24.8,1979.0
Brazil,1990,25.1,1677.1
Brazil,1991,25.0,1735.4
Brazil,1992,24.9,1710.9
Brazil,1993,25.0,1689.9
Brazil,1994,25.2,1854.4
Brazil,1995,25.3,1780.5
Brazil,1996,25.1,1827.4
Brazil,1997,25.3,1775.2
Brazil,1998,25.7,1738.5
Brazil,1999,25.2,1829.2
Brazil,2000,25.1,1959.6
Brazil,2001,25.4,1770.4
Brazil,2002,25.7,1807.9
Brazil,2003,25.5,1737.9
Brazil,2004,25.4,1834.3
Brazil,2005,25.6,1841.3
Brazil,2006,25.5,1875.5
Brazil,2007,25.6,1755.2
Brazil,2008,25.3,1922.0
Brazil,2009,25.5,1961.8
Brazil,2010,25.7,1774.5
Brazil,2011,25.4,1890.3
Brazil,2012,25.6,1664.6
Brazil,2013,25.5,1840.5
Brazil,2014,25.7,1743.6
Brazil,2015,26.0,1582.1
Brazil,2016,25.8,1613.7
Brazil,2017,25.8,1654.4
Brazil,2018,25.6,1793.5
Brazil,2019,25.9,1689.9
Brazil,2020,25.9,1730.2
Brazil,2021,25.5,1786.9
Brazil,2022,25.5,1719.3
Brazil,2023,25.9,1589.7
Brazil,2024,26.0,1682.2
Brunei,1901,27.4,3177.4
Brunei,1902,27.4,3361.6
Brunei,1903,27.3,3060.9
Brunei,1904,27.2,3141.8
Brunei,1905,27.3,2962.3
Brunei,1906,27.3,2998.7
Brunei,1907,27.3,3125.4
Brunei,1908,27.3,3544.2
Brunei,1909,27.3,3171.4
Brunei,1910,27.3,3987.4
Brunei,1911,27.3,2789.2
Brunei,1912,27.3,2519.7
Brunei,1913,27.3,3196.2
Brunei,1914,27.3,2304.5
Brunei,1915,27.4,3096.9
Brunei,1916,27.3,3409.9
Brunei,1917,27.3,3560.1
Brunei,1918,27.3,3532.5
Brunei,1919,27.3,3030.0
Brunei,1920,27.3,3118.8
Brunei,1921,27.3,3356.1
Brunei,1922,27.3,3329.7
Brunei,1923,27.3,3234.1
Brunei,1924,27.3,3725.8
Brunei,1925,27.3,3725.0
Brunei,1926,27.3,3293.3
Brunei,1927,27.3,3818.2
Brunei,1928,27.4,3683.7
Brunei,1929,27.3,3501.3
Brunei,1930,27.4,3095.4
Brunei,1931,27.4,3313.2
Brunei,1932,27.3,4373.2
Brunei,1933,27.3,4066.6
Brunei,1934,27.3,4169.8
Brunei,1935,27.3,3594.6
Brunei,1936,27.4,3559.9
Brunei,1937,27.4,3899.7
Brunei,1938,27.3,3813.7
Brunei,1939,27.4,3692.7
Brunei,1940,27.4,2897.8
Brunei,1941,27.9,2785.4
Brunei,1942,27.4,3342.7
Brunei,1943,27.4,2972.8
Brunei,1944,27.4,3011.2
Brunei,1945,27.4,3845.4
Brunei,1946,27.4,2771.7
Brunei,1947,27.4,3440.9
Brunei,1948,27.3,3038.9
Brunei,1949,27.3,3731.5
Brunei,1950,27.6,3045.3
Brunei,1951,27.7,3167.9
Brunei,1952,27.5,3556.4
Brunei,1953,27.6,3232.3
Brunei,1954,27.4,3756.3
Brunei,1955,27.3,3708.9
Brunei,1956,27.1,3753.4
Brunei,1957,27.6,3075.7
Brunei,1958,27.6,3053.8
Brunei,1959,27.4,3418.9
Brunei,1960,27.5,3228.3
Brunei,1961,27.2,2738.4
Brunei,1962,27.1,3543.7
Brunei,1963,27.0,3153.4
Brunei,1964,27.1,2899.5
Brunei,1965,27.0,3465.5
Brunei,1966,27.3,3466.4
Brunei,1967,27.1,3146.7
Brunei,1968,27.1,2945.9
Brunei,1969,27.3,3111.9
Brunei,1970,27.2,3131.8
Brunei,1971,27.3,3133.1
Brunei,1972,27.6,2626.9
Brunei,1973,27.7,3504.8
Brunei,1974,27.3,3389.6
Brunei,1975,27.5,3270.7
Brunei,1976,27.0,2884.6
Brunei,1977,27.2,3240.8
Brunei,1978,27.3,2462.4
Brunei,1979,27.4,3530.6
Brunei,1980,27.4,3474.8
Brunei,1981,27.6,3570.8
Brunei,1982,27.7,2773.9
Brunei,1983,27.9,3179.8
Brunei,1984,27.2,3893.6
Brunei,1985,27.4,3094.3
Brunei,1986,27.4,3219.1
Brunei,1987,27.7,2770.6
Brunei,1988,27.6,3999.1
Brunei,1989,27.4,2892.2
Brunei,1990,27.7,2612.7
Brunei,1991,27.7,2707.1
Brunei,1992,27.6,2624.5
Brunei,1993,27.5,2733.4
Brunei,1994,27.6,2779.7
Brunei,1995,27.6,3381.8
Brunei,1996,27.5,3536.6
Brunei,1997,27.8,2799.2
Brunei,1998,28.2,2990.8
Brunei,1999,27.7,3840.0
Brunei,2000,27.8,3663.0
Brunei,2001,27.9,3442.1
Brunei,2002,27.9,2814.6
Brunei,2003,27.8,3121.2
Brunei,2004,27.7,2778.9
Brunei,2005,27.8,3421.2
Brunei,2006,27.8,3617.1
Brunei,2007,27.7,3629.4
Brunei,2008,27.4,4035.7
Brunei,2009,27.8,3500.8
Brunei,2010,27.7,4087.0
Brunei,2011,27.6,3780.8
Brunei,2012,27.9,3377.0
Brunei,2013,28.0,3503.1
Brunei,2014,27.8,3230.9
Brunei,2015,28.1,2899.7
Brunei,2016,28.4,2635.1
Brunei,2017,28.0,3890.9
Brunei,2018,28.0,3558.9
Brunei,2019,28.2,3078.3
Brunei,2020,28.1,3836.6
Brunei,2021,27.9,3742.2
Brunei,2022,27.7,4107.3
Brunei,2023,28.2,3115.4
Brunei,2024,28.4,3519.6
Bulgaria,1901,10.5,740.0
Bulgaria,1902,9.8,591.3
Bulgaria,1903,10.8,541.9
Bulgaria,1904,10.2,512.1
Bulgaria,1905,10.5,595.2
Bulgaria,1906,10.7,662.4
Bulgaria,1907,9.8,474.0
Bulgaria,1908,9.9,553.7
Bulgaria,1909,10.4,641.6
Bulgaria,1910,11.1,615.2
Bulgaria,1911,10.3,560.8
Bulgaria,1912,9.8,739.0
Bulgaria,1913,10.4,571.5
Bulgaria,1914,10.1,722.4
Bulgaria,1915,10.8,776.4
Bulgaria,1916,11.1,587.3
Bulgaria,1917,10.3,608.2
Bulgaria,1918,10.7,632.3
Bulgaria,1919,10.4,809.1
Bulgaria,1920,10.2,642.4
Bulgaria,1921,10.4,556.3
Bulgaria,1922,10.1,642.5
Bulgaria,1923,11.4,632.3
Bulgaria,1924,10.1,628.5
Bulgaria,1925,10.9,689.1
Bulgaria,1926,11.0,517.2
Bulgaria,1927,11.1,627.1
Bulgaria,1928,10.4,585.8
Bulgaria,1929,9.9,658.5
Bulgaria,1930,11.2,603.9
Bulgaria,1931,10.3,708.6
Bulgaria,1932,10.3,472.0
Bulgaria,1933,9.2,723.9
Bulgaria,1934,11.3,503.3
Bulgaria,1935,10.5,611.6
Bulgaria,1936,11.2,663.9
Bulgaria,1937,11.3,776.3
Bulgaria,1938,10.9,576.3
Bulgaria,1939,11.0,711.7
Bulgaria,1940,9.3,827.0
Bulgaria,1941,9.8,719.3
Bulgaria,1942,9.6,586.1
Bulgaria,1943,10.6,605.3
Bulgaria,1944,10.5,744.4
Bulgaria,1945,10.3,449.1
Bulgaria,1946,11.1,566.2
Bulgaria,1947,10.8,581.3
Bulgaria,1948,10.5,479.4
Bulgaria,1949,10.6,575.9
Bulgaria,1950,11.3,476.6
Bulgaria,1951,11.5,597.8
Bulgaria,1952,11.2,649.1
Bulgaria,1953,10.1,554.7
Bulgaria,1954,9.9,741.2
Bulgaria,1955,10.7,818.9
Bulgaria,1956,9.5,722.3
Bulgaria,1957,10.8,694.9
Bulgaria,1958,11.0,518.5
Bulgaria,1959,10.3,651.0
Bulgaria,1960,11.3,742.0
Bulgaria,1961,11.1,629.8
Bulgaria,1962,10.8,634.7
Bulgaria,1963,10.4,663.7
Bulgaria,1964,10.1,619.1
Bulgaria,1965,9.9,547.6
Bulgaria,1966,11.5,827.5
Bulgaria,1967,10.7,563.9
Bulgaria,1968,10.8,588.8
Bulgaria,1969,10.1,684.9
Bulgaria,1970,10.8,654.3
Bulgaria,1971,10.6,737.2
Bulgaria,1972,10.6,653.1
Bulgaria,1973,10.3,654.6
Bulgaria,1974,10.7,583.8
Bulgaria,1975,11.0,716.2
Bulgaria,1976,9.8,647.4
Bulgaria,1977,10.8,611.3
Bulgaria,1978,10.0,676.2
Bulgaria,1979,10.9,759.4
Bulgaria,1980,9.7,707.0
Bulgaria,1981,10.8,650.7
Bulgaria,1982,10.6,565.3
Bulgaria,1983,10.9,565.5
Bulgaria,1984,10.5,593.5
Bulgaria,1985,9.8,458.6
Bulgaria,1986,10.7,520.7
Bulgaria,1987,9.9,646.0
Bulgaria,1988,10.5,590.7
Bulgaria,1989,11.2,533.4
Bulgaria,1990,11.4,486.4
Bulgaria,1991,10.2,649.3
Bulgaria,1992,10.7,510.4
Bulgaria,1993,10.3,497.6
Bulgaria,1994,11.8,571.5
Bulgaria,1995,10.8,764.7
Bulgaria,1996,10.3,622.0
Bulgaria,1997,10.2,698.9
Bulgaria,1998,10.9,728.1
Bulgaria,1999,11.7,678.8
Bulgaria,2000,11.8,426.9
Bulgaria,2001,11.4,543.1
Bulgaria,2002,11.7,688.6
Bulgaria,2003,10.8,604.1
Bulgaria,2004,11.2,626.0
Bulgaria,2005,10.9,800.2
Bulgaria,2006,11.0,667.0
Bulgaria,2007,12.2,685.3
Bulgaria,2008,12.0,501.4
Bulgaria,2009,11.9,738.6
Bulgaria,2010,11.7,778.1
Bulgaria,2011,11.0,527.3
Bulgaria,2012,11.9,655.0
Bulgaria,2013,11.9,603.6
Bulgaria,2014,12.0,935.9
Bulgaria,2015,12.1,743.5
Bulgaria,2016,12.1,683.4
Bulgaria,2017,11.9,751.1
Bulgaria,2018,12.4,707.6
Bulgaria,2019,12.8,547.9
Bulgaria,2020,12.6,615.6
Bulgaria,2021,11.9,809.7
Bulgaria,2022,12.4,520.4
Bulgaria,2023,13.2,627.3
Bulgaria,2024,13.4,574.8
Burkina Faso,1901,28.2,785.4
Burkina Faso,1902,28.5,797.7
Burkina Faso,1903,28.8,763.0
Burkina Faso,1904,28.8,806.7
Burkina Faso,1905,28.4,777.2
Burkina Faso,1906,28.6,889.3
Burkina Faso,1907,28.4,690.1
Burkina Faso,1908,28.7,790.0
Burkina Faso,1909,28.7,995.0
Burkina Faso,1910,28.6,772.4
Burkina Faso,1911,28.1,777.8
Burkina Faso,1912,28.7,696.0
Burkina Faso,1913,28.7,721.7
Burkina Faso,1914,29.0,689.4
Burkina Faso,1915,27.9,751.5
Burkina Faso,1916,27.3,767.9
Burkina Faso,1917,27.6,769.2
Burkina Faso,1918,27.3,870.8
Burkina Faso,1919,28.8,776.7
Burkina Faso,1920,28.9,776.8
Burkina Faso,1921,28.8,699.7
Burkina Faso,1922,28.2,924.5
Burkina Faso,1923,28.2,808.0
Burkina Faso,1924,28.7,891.4
Burkina Faso,1925,28.3,867.3
Burkina Faso,1926,28.3,677.4
Burkina Faso,1927,27.6,918.9
Burkina Faso,1928,27.9,885.1
Burkina Faso,1929,27.7,891.0
Burkina Faso,1930,28.3,879.4
Burkina Faso,1931,28.9,851.7
Burkina Faso,1932,28.7,827.2
Burkina Faso,1933,28.7,915.8
Burkina Faso,1934,28.8,793.0
Burkina Faso,1935,29.4,968.1
Burkina Faso,1936,28.8,921.4
Burkina Faso,1937,30.0,785.3
Burkina Faso,1938,30.1,841.9
Burkina Faso,1939,29.5,904.6
Burkina Faso,1940,28.9,826.5
Burkina Faso,1941,29.4,779.4
Burkina Faso,1942,29.3,812.5
Burkina Faso,1943,28.7,944.3
Burkina Faso,1944,29.1,728.9
Burkina Faso,1945,28.7,896.2
Burkina Faso,1946,28.7,853.9
Burkina Faso,1947,29.2,707.2
Burkina Faso,1948,28.5,777.8
Burkina Faso,1949,29.2,776.2
Burkina Faso,1950,28.2,890.0
Burkina Faso,1951,28.8,959.7
Burkina Faso,1952,28.4,983.1
Burkina Faso,1953,28.5,920.3
Burkina Faso,1954,28.4,909.7
Burkina Faso,1955,28.4,917.4
Burkina Faso,1956,28.6,873.1
Burkina Faso,1957,28.4,946.6
Burkina Faso,1958,28.9,899.0
Burkina Faso,1959,28.9,827.1
Burkina Faso,1960,28.6,862.4
Burkina Faso,1961,28.1,842.5
Burkina Faso,1962,28.4,916.7
Burkina Faso,1963,28.8,911.7
Burkina Faso,1964,28.4,954.2
Burkina Faso,1965,28.3,872.5
Burkina Faso,1966,28.7,835.9
Burkina Faso,1967,28.4,818.6
Burkina Faso,1968,28.8,889.5
Burkina Faso,1969,29.4,870.5
Burkina Faso,1970,29.1,764.8
Burkina Faso,1971,28.8,723.8
Burkina Faso,1972,28.9,719.4
Burkina Faso,1973,29.3,671.3
Burkina Faso,1974,28.4,796.8
Burkina Faso,1975,28.3,770.3
Burkina Faso,1976,28.2,812.5
Burkina Faso,1977,28.7,718.4
Burkina Faso,1978,28.8,786.5
Burkina Faso,1979,28.9,783.4
Burkina Faso,1980,29.2,731.9
Burkina Faso,1981,28.9,722.0
Burkina Faso,1982,28.8,694.1
Burkina Faso,1983,29.2,593.1
Burkina Faso,1984,29.3,578.3
Burkina Faso,1985,29.1,670.5
Burkina Faso,1986,28.9,733.7
Burkina Faso,1987,29.7,634.4
Burkina Faso,1988,28.9,796.7
Burkina Faso,1989,28.7,738.8
Burkina Faso,1990,29.3,648.6
Burkina Faso,1991,29.0,827.2
Burkina Faso,1992,28.6,759.7
Burkina Faso,1993,29.2,694.5
Burkina Faso,1994,28.6,953.6
Burkina Faso,1995,29.0,741.0
Burkina Faso,1996,29.2,760.1
Burkina Faso,1997,29.2,694.0
Burkina Faso,1998,29.6,835.2
Burkina Faso,1999,29.0,852.1
Burkina Faso,2000,29.1,690.1
Burkina Faso,2001,29.3,722.4
Burkina Faso,2002,29.5,659.8
Burkina Faso,2003,29.5,915.0
Burkina Faso,2004,29.6,716.8
Burkina Faso,2005,29.8,800.1
Burkina Faso,2006,29.4,761.8
Burkina Faso,2007,29.5,845.1
Burkina Faso,2008,29.0,789.9
Burkina Faso,2009,29.8,832.2
Burkina Faso,2010,29.8,862.8
Burkina Faso,2011,29.7,705.0
Burkina Faso,2012,29.3,893.5
Burkina Faso,2013,29.5,774.3
Burkina Faso,2014,29.6,825.9
Burkina Faso,2015,29.6,802.4
Burkina Faso,2016,29.8,880.9
Burkina Faso,2017,29.7,784.4
Burkina Faso,2018,29.7,896.3
Burkina Faso,2019,29.5,863.0
Burkina Faso,2020,29.8,919.4
Burkina Faso,2021,30.1,814.4
Burkina Faso,2022,29.5,905.6
Burkina Faso,2023,30.1,788.9
Burkina Faso,2024,30.0,894.1
Burundi,1901,19.7,1124.2
Burundi,1902,19.8,1053.3
Burundi,1903,19.7,1261.1
Burundi,1904,19.4,1133.0
Burundi,1905,19.3,1206.4
Burundi,1906,18.9,1144.6
Burundi,1907,18.9,1155.6
Burundi,1908,19.5,1156.6
Burundi,1909,18.7,1108.0
Burundi,1910,18.7,1119.9
Burundi,1911,18.8,1035.9
Burundi,1912,18.8,1264.9
Burundi,1913,18.7,1042.2
Burundi,1914,18.9,1079.2
Burundi,1915,18.9,1165.9
Burundi,1916,18.6,1140.3
Burundi,1917,18.3,1100.6
Burundi,1918,18.6,990.4
Burundi,1919,18.7,1114.2
Burundi,1920,18.7,1156.6
Burundi,1921,19.4,948.9
Burundi,1922,19.4,949.6
Burundi,1923,19.3,1186.3
Burundi,1924,19.5,1025.1
Burundi,1925,19.5,1226.8
Burundi,1926,19.7,1205.7
Burundi,1927,19.5,1130.4
Burundi,1928,19.7,937.8
Burundi,1929,18.5,1126.6
Burundi,1930,18.6,1383.9
Burundi,1931,19.2,1152.2
Burundi,1932,18.9,1184.5
Burundi,1933,18.9,1053.6
Burundi,1934,18.9,1069.9
Burundi,1935,19.1,1111.6
Burundi,1936,19.0,1278.3
Burundi,1937,19.0,1461.1
Burundi,1938,19.2,1034.7
Burundi,1939,19.2,1115.6
Burundi,1940,19.4,1183.3
Burundi,1941,19.6,1335.6
Burundi,1942,19.2,1156.2
Burundi,1943,19.3,977.8
Burundi,1944,19.3,1160.5
Burundi,1945,19.3,1084.3
Burundi,1946,19.3,1184.4
Burundi,1947,19.1,1237.3
Burundi,1948,19.3,1046.5
Burundi,1949,19.7,1059.7
Burundi,1950,18.9,1180.1
Burundi,1951,19.4,1355.1
Burundi,1952,19.6,998.7
Burundi,1953,19.8,1198.1
Burundi,1954,19.6,1040.3
Burundi,1955,19.5,1163.7
Burundi,1956,19.3,1164.8
Burundi,1957,19.6,1254.8
Burundi,1958,19.8,1072.8
Burundi,1959,19.6,1153.4
Burundi,1960,19.5,1064.5
Burundi,1961,19.6,1271.4
Burundi,1962,19.3,1345.9
Burundi,1963,19.2,1490.8
Burundi,1964,19.3,1186.9
Burundi,1965,19.3,1160.4
Burundi,1966,19.6,1202.0
Burundi,1967,19.3,1287.5
Burundi,1968,19.0,1332.5
Burundi,1969,19.7,1120.0
Burundi,1970,19.4,1271.6
Burundi,1971,19.2,1265.8
Burundi,1972,19.5,1228.2
Burundi,1973,19.7,1150.8
Burundi,1974,19.3,1154.8
Burundi,1975,19.4,1197.8
Burundi,1976,19.6,1062.5
Burundi,1977,19.7,1342.5
Burundi,1978,19.5,1314.0
Burundi,1979,19.5,1281.1
Burundi,1980,19.6,1196.0
Burundi,1981,19.6,1264.8
Burundi,1982,19.7,1364.2
Burundi,1983,20.0,1182.2
Burundi,1984,19.6,1025.3
Burundi,1985,19.5,1213.7
Burundi,1986,19.6,1201.1
Burundi,1987,20.1,1189.7
Burundi,1988,19.9,1252.4
Burundi,1989,19.5,1197.8
Burundi,1990,19.8,1215.3
Burundi,1991,19.8,1189.0
Burundi,1992,19.8,1086.9
Burundi,1993,19.7,1043.7
Burundi,1994,19.8,1201.4
Burundi,1995,20.1,1167.9
Burundi,1996,19.9,1083.2
Burundi,1997,20.1,1277.3
Burundi,1998,20.0,1269.8
Burundi,1999,20.0,1131.7
Burundi,2000,20.2,1076.8
Burundi,2001,20.2,1347.1
Burundi,2002,20.4,1249.2
Burundi,2003,20.5,1211.0
Burundi,2004,20.1,941.9
Burundi,2005,20.2,1027.3
Burundi,2006,20.0,1343.6
Burundi,2007,20.1,1258.8
Burundi,2008,19.9,1153.5
Burundi,2009,20.3,1216.0
Burundi,2010,20.4,1279.0
Burundi,2011,20.0,1474.1
Burundi,2012,19.9,973.3
Burundi,2013,20.1,1229.4
Burundi,2014,19.9,1212.0
Burundi,2015,20.0,1244.6
Burundi,2016,20.2,1277.8
Burundi,2017,20.4,1120.7
Burundi,2018,20.0,1171.1
Burundi,2019,20.2,1299.8
Burundi,2020,20.0,1430.1
Burundi,2021,20.1,1276.7
Burundi,2022,20.0,1336.3
Burundi,2023,20.4,1266.8
Burundi,2024,19.8,1412.7
Cambodia,1901,26.8,1833.0
Cambodia,1902,26.8,1816.4
Cambodia,1903,26.7,1823.5
Cambodia,1904,26.6,1844.4
Cambodia,1905,27.1,1853.6
Cambodia,1906,27.2,1823.3
Cambodia,1907,26.7,1832.8
Cambodia,1908,26.7,1912.9
Cambodia,1909,26.7,1893.2
Cambodia,1910,26.7,1930.7
Cambodia,1911,26.9,1584.2
Cambodia,1912,26.8,1855.7
Cambodia,1913,26.7,1714.5
Cambodia,1914,26.8,1724.5
Cambodia,1915,26.7,1872.5
Cambodia,1916,26.5,1834.1
Cambodia,1917,26.5,2040.4
Cambodia,1918,26.7,1694.7
Cambodia,1919,26.8,1634.9
Cambodia,1920,26.7,1693.1
Cambodia,1921,26.5,1718.3
Cambodia,1922,26.7,1574.5
Cambodia,1923,26.6,1971.0
Cambodia,1924,26.6,1808.9
Cambodia,1925,26.6,1827.3
Cambodia,1926,26.8,1877.2
Cambodia,1927,26.7,1637.5
Cambodia,1928,26.7,1629.5
Cambodia,1929,26.7,1722.7
Cambodia,1930,26.7,1648.3
Cambodia,1931,26.9,1683.2
Cambodia,1932,26.8,1632.6
Cambodia,1933,26.8,1635.0
Cambodia,1934,26.6,1721.5
Cambodia,1935,27.0,1763.1
Cambodia,1936,26.8,1564.8
Cambodia,1937,26.8,1595.2
Cambodia,1938,26.4,1872.5
Cambodia,1939,26.5,1780.5
Cambodia,1940,27.0,1608.4
Cambodia,1941,27.7,1923.4
Cambodia,1942,26.8,1956.6
Cambodia,1943,26.6,1734.2
Cambodia,1944,26.8,1878.3
Cambodia,1945,26.8,2013.3
Cambodia,1946,26.9,1863.2
Cambodia,1947,27.1,1802.3
Cambodia,1948,26.8,1881.6
Cambodia,1949,26.8,1932.8
Cambodia,1950,26.6,1903.3
Cambodia,1951,26.8,2031.1
Cambodia,1952,26.7,1956.6
Cambodia,1953,26.7,1881.2
Cambodia,1954,26.7,1710.1
Cambodia,1955,26.2,1873.8
Cambodia,1956,26.2,1932.8
Cambodia,1957,26.9,1876.8
Cambodia,1958,26.9,1792.1
Cambodia,1959,27.0,1706.2
Cambodia,1960,27.0,1984.2
Cambodia,1961,26.7,2094.2
Cambodia,1962,26.6,1775.4
Cambodia,1963,26.6,1937.8
Cambodia,1964,26.6,1841.3
Cambodia,1965,26.8,1712.2
Cambodia,1966,27.2,2001.6
Cambodia,1967,26.5,1623.3
Cambodia,1968,26.9,1661.8
Cambodia,1969,27.0,1874.8
Cambodia,1970,26.8,1932.1
Cambodia,1971,26.2,1724.9
Cambodia,1972,26.9,1954.2
Cambodia,1973,27.0,1582.4
Cambodia,1974,26.5,2006.8
Cambodia,1975,26.7,1890.2
Cambodia,1976,26.6,1893.4
Cambodia,1977,27.0,1544.7
Cambodia,1978,27.1,1898.9
Cambodia,1979,27.4,1784.8
Cambodia,1980,27.1,1951.9
Cambodia,1981,26.4,1767.0
Cambodia,1982,26.5,1771.8
Cambodia,1983,26.9,2071.6
Cambodia,1984,26.5,1963.8
Cambodia,1985,26.6,1860.4
Cambodia,1986,26.6,1873.3
Cambodia,1987,27.4,1725.6
Cambodia,1988,27.2,2020.7
Cambodia,1989,27.3,1703.4
Cambodia,1990,27.6,1908.7
Cambodia,1991,27.6,1714.6
Cambodia,1992,27.3,1599.8
Cambodia,1993,27.3,1457.8
Cambodia,1994,27.4,2017.9
Cambodia,1995,27.2,1858.8
Cambodia,1996,26.8,1882.5
Cambodia,1997,27.3,1648.5
Cambodia,1998,27.9,1845.5
Cambodia,1999,26.7,1979.5
Cambodia,2000,27.0,2030.3
Cambodia,2001,27.2,1938.7
Cambodia,2002,27.3,1842.7
Cambodia,2003,27.2,1770.6
Cambodia,2004,27.2,1690.2
Cambodia,2005,27.3,1752.1
Cambodia,2006,27.3,2063.8
Cambodia,2007,27.1,2230.6
Cambodia,2008,26.8,1783.1
Cambodia,2009,27.1,1866.6
Cambodia,2010,27.7,1718.8
Cambodia,2011,26.7,2112.0
Cambodia,2012,27.6,1844.6
Cambodia,2013,27.2,2087.4
Cambodia,2014,27.3,1848.8
Cambodia,2015,27.7,1646.2
Cambodia,2016,27.9,1740.0
Cambodia,2017,27.4,2026.0
Cambodia,2018,27.4,1771.1
Cambodia,2019,27.9,1716.4
Cambodia,2020,27.8,1807.0
Cambodia,2021,27.3,2104.7
Cambodia,2022,27.2,2164.5
Cambodia,2023,27.9,1960.2
Cambodia,2024,28.2,1859.3
Cameroon,1901,24.3,1675.6
Cameroon,1902,24.5,1735.3
Cameroon,1903,24.6,1681.3
Cameroon,1904,24.4,1655.5
Cameroon,1905,24.7,1734.6
Cameroon,1906,24.6,1724.6
Cameroon,1907,24.7,1483.4
Cameroon,1908,24.4,1692.8
Cameroon,1909,24.7,1788.2
Cameroon,1910,24.3,1608.2
Cameroon,1911,24.6,1605.1
Cameroon,1912,24.6,1595.8
Cameroon,1913,24.4,1609.0
Cameroon,1914,24.7,1597.3
Cameroon,1915,24.6,1666.6
Cameroon,1916,24.6,1756.2
Cameroon,1917,24.6,1615.4
Cameroon,1918,24.6,1727.0
Cameroon,1919,24.6,1640.7
Cameroon,1920,24.6,1679.2
Cameroon,1921,24.6,1628.5
Cameroon,1922,24.6,1698.8
Cameroon,1923,24.7,1761.2
Cameroon,1924,24.6,1669.1
Cameroon,1925,24.4,1719.1
Cameroon,1926,24.7,1632.0
Cameroon,1927,24.7,1709.5
Cameroon,1928,24.5,1779.8
Cameroon,1929,24.4,1713.3
Cameroon,1930,24.7,1635.0
Cameroon,1931,24.9,1635.6
Cameroon,1932,24.8,1550.6
Cameroon,1933,24.6,1769.0
Cameroon,1934,24.8,1644.9
Cameroon,1935,24.8,1727.9
Cameroon,1936,24.7,1705.0
Cameroon,1937,24.7,1497.9
Cameroon,1938,24.9,1618.1
Cameroon,1939,24.8,1662.5
Cameroon,1940,24.6,1596.2
Cameroon,1941,25.3,1581.1
Cameroon,1942,25.1,1665.8
Cameroon,1943,24.6,1633.3
Cameroon,1944,24.9,1671.0
Cameroon,1945,24.9,1554.2
Cameroon,1946,24.8,1544.6
Cameroon,1947,24.9,1585.9
Cameroon,1948,24.6,1679.9
Cameroon,1949,24.9,1710.9
Cameroon,1950,24.7,1670.4
Cameroon,1951,24.9,1732.7
Cameroon,1952,24.8,1762.7
Cameroon,1953,24.8,1650.8
Cameroon,1954,24.6,1833.6
Cameroon,1955,24.5,1803.6
Cameroon,1956,24.5,1776.8
Cameroon,1957,24.8,1825.8
Cameroon,1958,24.9,1582.3
Cameroon,1959,24.9,1692.5
Cameroon,1960,24.9,1827.3
Cameroon,1961,24.6,1542.7
Cameroon,1962,24.7,1849.3
Cameroon,1963,25.0,1656.1
Cameroon,1964,24.6,1764.3
Cameroon,1965,24.7,1681.7
Cameroon,1966,24.8,1802.9
Cameroon,1967,24.5,1673.4
Cameroon,1968,24.7,1667.9
Cameroon,1969,25.0,1903.3
Cameroon,1970,24.9,1660.7
Cameroon,1971,24.3,1677.5
Cameroon,1972,24.5,1569.9
Cameroon,1973,24.7,1595.0
Cameroon,1974,24.1,1692.8
Cameroon,1975,24.1,1679.2
Cameroon,1976,24.0,1681.4
Cameroon,1977,24.4,1471.3
Cameroon,1978,24.3,1747.1
Cameroon,1979,24.7,1616.5
Cameroon,1980,24.6,1679.2
Cameroon,1981,24.4,1592.0
Cameroon,1982,24.3,1665.9
Cameroon,1983,24.7,1344.9
Cameroon,1984,24.5,1546.3
Cameroon,1985,24.4,1703.7
Cameroon,1986,24.5,1494.1
Cameroon,1987,24.9,1455.1
Cameroon,1988,24.7,1662.8
Cameroon,1989,24.5,1551.0
Cameroon,1990,24.8,1661.8
Cameroon,1991,24.6,1572.8
Cameroon,1992,24.4,1588.4
Cameroon,1993,24.5,1656.6
Cameroon,1994,24.5,1590.8
Cameroon,1995,24.7,1589.8
Cameroon,1996,24.6,1676.4
Cameroon,1997,24.7,1708.2
Cameroon,1998,25.2,1589.5
Cameroon,1999,24.6,1673.0
Cameroon,2000,24.7,1622.3
Cameroon,2001,24.7,1658.2
Cameroon,2002,24.9,1667.7
Cameroon,2003,24.9,1660.6
Cameroon,2004,25.0,1585.8
Cameroon,2005,25.0,1532.8
Cameroon,2006,24.9,1673.7
Cameroon,2007,24.9,1706.6
Cameroon,2008,24.7,1610.2
Cameroon,2009,25.0,1545.6
Cameroon,2010,25.2,1618.4
Cameroon,2011,24.9,1528.5
Cameroon,2012,24.8,1647.3
Cameroon,2013,24.9,1566.4
Cameroon,2014,24.9,1546.4
Cameroon,2015,25.0,1462.4
Cameroon,2016,25.2,1705.2
Cameroon,2017,25.0,1627.4
Cameroon,2018,25.0,1548.9
Cameroon,2019,25.0,1679.8
Cameroon,2020,25.3,1631.2
Cameroon,2021,25.3,1667.7
Cameroon,2022,25.0,1650.7
Cameroon,2023,25.1,1738.5
Cameroon,2024,25.2,1597.8
Campbell Isl,1901,6.2,1398.6
Campbell Isl,1902,6.0,1398.6
Campbell Isl,1903,6.0,1398.6
Campbell Isl,1904,6.2,1398.6
Campbell Isl,1905,6.0,1398.6
Campbell Isl,1906,6.1,1398.6
Campbell Isl,1907,6.5,1398.6
Campbell Isl,1908,6.4,1398.6
Campbell Isl,1909,6.6,1398.6
Campbell Isl,1910,6.7,1398.6
Campbell Isl,1911,6.4,1398.6
Campbell Isl,1912,6.0,1398.6
Campbell Isl,1913,6.2,1398.6
Campbell Isl,1914,6.2,1398.6
Campbell Isl,1915,6.4,1398.6
Campbell Isl,1916,6.8,1398.6
Campbell Isl,1917,6.8,1398.6
Campbell Isl,1918,6.2,1398.6
Campbell Isl,1919,6.1,1398.6
Campbell Isl,1920,6.2,1398.6
Campbell Isl,1921,6.3,1398.6
Campbell Isl,1922,6.4,1398.6
Campbell Isl,1923,6.3,1398.6
Campbell Isl,1924,7.0,1398.6
Campbell Isl,1925,6.2,1398.6
Campbell Isl,1926,6.3,1398.6
Campbell Isl,1927,6.0,1398.6
Campbell Isl,1928,6.7,1398.6
Campbell Isl,1929,6.3,1398.6
Campbell Isl,1930,5.9,1398.6
Campbell Isl,1931,6.1,1398.6
Campbell Isl,1932,6.1,1398.6
Campbell Isl,1933,6.3,1398.6
Campbell Isl,1934,6.5,1398.6
Campbell Isl,1935,6.6,1398.6
Campbell Isl,1936,6.3,1398.6
Campbell Isl,1937,6.1,1398.6
Campbell Isl,1938,6.7,1398.6
Campbell Isl,1939,6.3,1398.6
Campbell Isl,1940,6.4,1398.6
Campbell Isl,1941,6.3,1391.2
Campbell Isl,1942,6.5,1629.8
Campbell Isl,1943,6.2,1420.0
Campbell Isl,1944,6.2,1539.0
Campbell Isl,1945,6.0,1628.1
Campbell Isl,1946,6.0,1552.9
Campbell Isl,1947,6.2,1527.6
Campbell Isl,1948,6.5,1461.0
Campbell Isl,1949,6.2,1707.2
Campbell Isl,1950,6.1,1446.7
Campbell Isl,1951,6.3,1220.8
Campbell Isl,1952,6.3,1685.8
Campbell Isl,1953,6.2,1546.9
Campbell Isl,1954,6.5,1867.7
Campbell Isl,1955,6.5,1506.7
Campbell Isl,1956,6.9,1359.1
Campbell Isl,1957,6.7,1638.7
Campbell Isl,1958,6.4,1631.3
Campbell Isl,1959,6.2,1330.0
Campbell Isl,1960,6.6,1397.4
Campbell Isl,1961,6.3,1457.8
Campbell Isl,1962,6.9,1354.7
Campbell Isl,1963,5.9,1343.6
Campbell Isl,1964,6.3,1461.7
Campbell Isl,1965,6.3,1528.6
Campbell Isl,1966,6.3,1248.3
Campbell Isl,1967,6.4,1300.3
Campbell Isl,1968,6.6,1546.0
Campbell Isl,1969,6.5,1609.5
Campbell Isl,1970,6.7,1635.0
Campbell Isl,1971,7.2,1361.5
Campbell Isl,1972,6.2,1363.2
Campbell Isl,1973,6.5,1484.5
Campbell Isl,1974,6.7,1298.5
Campbell Isl,1975,6.7,1339.4
Campbell Isl,1976,6.3,1295.3
Campbell Isl,1977,6.5,1207.2
Campbell Isl,1978,7.0,1389.4
Campbell Isl,1979,6.8,1366.5
Campbell Isl,1980,7.0,1306.7
Campbell Isl,1981,6.9,1501.5
Campbell Isl,1982,6.5,1456.8
Campbell Isl,1983,6.2,1516.0
Campbell Isl,1984,7.1,1141.5
Campbell Isl,1985,7.2,1255.7
Campbell Isl,1986,7.1,1183.9
Campbell Isl,1987,6.9,1646.3
Campbell Isl,1988,6.6,1614.0
Campbell Isl,1989,7.2,1229.9
Campbell Isl,1990,6.7,1514.7
Campbell Isl,1991,6.4,1405.6
Campbell Isl,1992,6.1,1627.1
Campbell Isl,1993,6.7,1396.3
Campbell Isl,1994,6.4,1563.1
Campbell Isl,1995,6.3,1393.8
Campbell Isl,1996,6.7,1389.6
Campbell Isl,1997,6.4,1506.1
Campbell Isl,1998,6.8,1412.7
Campbell Isl,1999,7.2,1331.0
Campbell Isl,2000,6.8,1530.0
Campbell Isl,2001,6.9,1627.8
Campbell Isl,2002,6.9,1624.7
Campbell Isl,2003,6.6,1468.6
Campbell Isl,2004,6.4,1673.2
Campbell Isl,2005,7.1,1339.5
Campbell Isl,2006,6.5,1568.6
Campbell Isl,2007,6.6,1364.2
Campbell Isl,2008,6.8,1552.5
Campbell Isl,2009,6.5,1466.9
Campbell Isl,2010,6.9,1403.0
Campbell Isl,2011,6.6,1398.6
Campbell Isl,2012,6.9,1398.6
Campbell Isl,2013,6.8,1398.6
Campbell Isl,2014,6.9,1398.6
Campbell Isl,2015,6.7,1398.6
Campbell Isl,2016,6.9,1398.6
Campbell Isl,2017,7.0,1398.6
Campbell Isl,2018,7.1,1398.6
Campbell Isl,2019,6.9,1398.6
Campbell Isl,2020,6.9,1398.6
Campbell Isl,2021,6.9,1398.6
Campbell Isl,2022,6.9,1398.6
Campbell Isl,2023,6.9,1398.6
Campbell Isl,2024,6.8,1398.6
Canada,1901,-5.5,532.9
Canada,1902,-5.8,542.9
Canada,1903,-5.9,534.5
Canada,1904,-6.2,527.8
Canada,1905,-5.5,527.0
Canada,1906,-5.5,534.9
Canada,1907,-6.5,524.1
Canada,1908,-5.6,522.3
Canada,1909,-6.2,537.9
Canada,1910,-5.5,525.8
Canada,1911,-6.1,526.4
Canada,1912,-5.7,518.8
Canada,1913,-5.8,528.6
Canada,1914,-5.8,503.4
Canada,1915,-5.0,508.7
Canada,1916,-6.3,516.9
Canada,1917,-6.6,513.2
Canada,1918,-6.0,519.6
Canada,1919,-5.9,513.9
Canada,1920,-5.8,507.2
Canada,1921,-5.4,515.9
Canada,1922,-6.1,493.4
Canada,1923,-5.7,508.3
Canada,1924,-5.7,504.2
Canada,1925,-5.8,511.2
Canada,1926,-5.5,513.4
Canada,1927,-6.0,527.6
Canada,1928,-5.0,491.0
Canada,1929,-6.0,498.3
Canada,1930,-5.0,508.0
Canada,1931,-4.2,512.8
Canada,1932,-5.7,555.4
Canada,1933,-6.4,542.5
Canada,1934,-5.5,519.3
Canada,1935,-6.0,521.5
Canada,1936,-6.2,526.7
Canada,1937,-5.2,524.8
Canada,1938,-4.7,511.4
Canada,1939,-5.3,550.5
Canada,1940,-4.8,514.0
Canada,1941,-4.9,531.2
Canada,1942,-4.9,520.0
Canada,1943,-5.1,499.8
Canada,1944,-4.4,511.6
Canada,1945,-5.5,521.7
Canada,1946,-5.5,513.5
Canada,1947,-5.1,530.3
Canada,1948,-5.5,517.8
Canada,1949,-5.4,526.9
Canada,1950,-6.5,533.3
Canada,1951,-6.0,541.8
Canada,1952,-4.5,516.5
Canada,1953,-4.5,540.5
Canada,1954,-5.2,558.8
Canada,1955,-5.6,522.6
Canada,1956,-6.0,523.9
Canada,1957,-5.5,514.9
Canada,1958,-4.7,528.9
Canada,1959,-5.6,554.1
Canada,1960,-4.9,525.5
Canada,1961,-5.4,517.6
Canada,1962,-5.4,538.4
Canada,1963,-5.1,543.1
Canada,1964,-5.9,550.2
Canada,1965,-6.0,538.5
Canada,1966,-5.7,544.2
Canada,1967,-5.8,524.3
Canada,1968,-5.2,545.7
Canada,1969,-5.0,527.6
Canada,1970,-5.6,519.9
Canada,1971,-5.4,556.3
Canada,1972,-7.2,549.6
Canada,1973,-4.7,550.9
Canada,1974,-6.0,556.4
Canada,1975,-5.5,546.4
Canada,1976,-5.2,550.8
Canada,1977,-4.4,552.1
Canada,1978,-5.9,533.8
Canada,1979,-5.5,554.8
Canada,1980,-4.8,566.5
Canada,1981,-3.5,554.3
Canada,1982,-6.3,557.3
Canada,1983,-5.2,555.3
Canada,1984,-5.1,563.9
Canada,1985,-5.3,528.4
Canada,1986,-5.2,547.0
Canada,1987,-3.8,524.5
Canada,1988,-4.5,559.2
Canada,1989,-5.5,528.2
Canada,1990,-5.4,562.2
Canada,1991,-4.9,555.5
Canada,1992,-5.3,542.2
Canada,1993,-5.1,548.2
Canada,1994,-4.9,551.0
Canada,1995,-4.9,542.2
Canada,1996,-5.6,558.9
Canada,1997,-4.8,549.6
Canada,1998,-3.2,541.3
Canada,1999,-3.8,569.2
Canada,2000,-4.6,537.6
Canada,2001,-3.9,526.4
Canada,2002,-4.9,526.8
Canada,2003,-4.5,538.1
Canada,2004,-5.3,540.5
Canada,2005,-3.9,567.9
Canada,2006,-3.2,545.3
Canada,2007,-4.7,563.5
Canada,2008,-4.9,565.9
Canada,2009,-4.8,543.4
Canada,2010,-3.0,553.0
Canada,2011,-4.4,550.5
Canada,2012,-4.0,533.9
Canada,2013,-4.8,534.0
Canada,2014,-4.9,555.4
Canada,2015,-4.4,529.3
Canada,2016,-3.8,544.5
Canada,2017,-4.3,545.4
Canada,2018,-5.1,530.3
Canada,2019,-4.8,537.5
Canada,2020,-4.6,532.7
Canada,2021,-4.1,533.8
Canada,2022,-4.6,534.1
Canada,2023,-3.4,522.3
Canada,2024,-3.4,526.0
Canary Isl,1901,18.3,562.9
Canary Isl,1902,18.2,267.0
Canary Isl,1903,17.8,492.9
Canary Isl,1904,17.8,488.5
Canary Isl,1905,17.9,357.1
Canary Isl,1906,17.8,440.4
Canary Isl,1907,17.5,436.9
Canary Isl,1908,17.7,313.3
Canary Isl,1909,18.0,263.4
Canary Isl,1910,17.9,317.7
Canary Isl,1911,17.9,260.7
Canary Isl,1912,18.0,318.3
Canary Isl,1913,18.0,294.2
Canary Isl,1914,17.9,276.8
Canary Isl,1915,18.1,311.4
Canary Isl,1916,17.6,202.2
Canary Isl,1917,17.4,273.3
Canary Isl,1918,17.0,425.2
Canary Isl,1919,18.2,244.1
Canary Isl,1920,17.2,475.7
Canary Isl,1921,17.1,351.1
Canary Isl,1922,17.6,373.1
Canary Isl,1923,17.6,213.0
Canary Isl,1924,17.8,461.6
Canary Isl,1925,17.7,227.8
Canary Isl,1926,18.7,346.1
Canary Isl,1927,18.3,371.8
Canary Isl,1928,18.3,207.4
Canary Isl,1929,18.0,257.5
Canary Isl,1930,18.2,502.0
Canary Isl,1931,18.2,174.0
Canary Isl,1932,17.8,211.7
Canary Isl,1933,18.1,254.1
Canary Isl,1934,17.7,207.7
Canary Isl,1935,18.1,215.2
Canary Isl,1936,17.9,473.8
Canary Isl,1937,18.9,177.7
Canary Isl,1938,18.1,195.0
Canary Isl,1939,17.9,255.5
Canary Isl,1940,18.5,312.8
Canary Isl,1941,18.2,297.1
Canary Isl,1942,18.0,220.8
Canary Isl,1943,17.8,345.3
Canary Isl,1944,18.0,271.4
Canary Isl,1945,18.4,251.9
Canary Isl,1946,17.9,364.4
Canary Isl,1947,18.5,157.1
Canary Isl,1948,18.4,199.1
Canary Isl,1949,18.2,426.0
Canary Isl,1950,18.1,410.1
Canary Isl,1951,17.7,392.2
Canary Isl,1952,18.1,319.2
Canary Isl,1953,18.0,594.5
Canary Isl,1954,17.6,418.0
Canary Isl,1955,18.7,151.6
Canary Isl,1956,17.4,502.7
Canary Isl,1957,17.6,431.2
Canary Isl,1958,18.2,348.0
Canary Isl,1959,17.7,280.5
Canary Isl,1960,18.0,294.8
Canary Isl,1961,18.9,158.9
Canary Isl,1962,18.2,367.1
Canary Isl,1963,18.0,183.0
Canary Isl,1964,18.3,254.9
Canary Isl,1965,17.9,299.6
Canary Isl,1966,18.4,211.0
Canary Isl,1967,17.9,478.3
Canary Isl,1968,17.8,438.3
Canary Isl,1969,18.1,329.2
Canary Isl,1970,18.2,331.4
Canary Isl,1971,17.3,456.7
Canary Isl,1972,17.0,393.3
Canary Isl,1973,17.8,212.6
Canary Isl,1974,17.5,209.3
Canary Isl,1975,17.8,193.9
Canary Isl,1976,17.7,244.7
Canary Isl,1977,17.9,291.1
Canary Isl,1978,18.2,291.0
Canary Isl,1979,18.2,406.5
Canary Isl,1980,18.2,341.6
Canary Isl,1981,18.2,284.8
Canary Isl,1982,17.9,297.2
Canary Isl,1983,18.6,185.7
Canary Isl,1984,18.0,373.5
Canary Isl,1985,18.5,307.5
Canary Isl,1986,18.0,332.8
Canary Isl,1987,19.1,350.8
Canary Isl,1988,18.4,407.9
Canary Isl,1989,18.6,517.7
Canary Isl,1990,18.9,334.9
Canary Isl,1991,18.0,262.6
Canary Isl,1992,18.1,165.7
Canary Isl,1993,17.8,308.8
Canary Isl,1994,18.3,262.1
Canary Isl,1995,19.2,237.4
Canary Isl,1996,18.7,405.1
Canary Isl,1997,19.3,290.4
Canary Isl,1998,19.4,178.4
Canary Isl,1999,18.8,302.4
Canary Isl,2000,18.7,224.9
Canary Isl,2001,19.4,290.1
Canary Isl,2002,19.1,402.2
Canary Isl,2003,19.0,265.4
Canary Isl,2004,18.9,296.8
Canary Isl,2005,18.8,384.4
Canary Isl,2006,18.9,421.8
Canary Isl,2007,18.7,388.4
Canary Isl,2008,18.8,229.2
Canary Isl,2009,19.2,197.2
Canary Isl,2010,19.7,379.8
Canary Isl,2011,19.0,241.5
Canary Isl,2012,19.1,215.7
Canary Isl,2013,19.2,269.3
Canary Isl,2014,19.1,389.4
Canary Isl,2015,19.1,210.0
Canary Isl,2016,19.3,282.3
Canary Isl,2017,19.7,132.3
Canary Isl,2018,18.4,356.4
Canary Isl,2019,18.9,208.3
Canary Isl,2020,19.5,173.3
Canary Isl,2021,19.2,203.5
Canary Isl,2022,19.6,221.4
Canary Isl,2023,20.1,212.7
Canary Isl,2024,20.2,122.1
Cape Verde Isl,1901,23.0,202.3
Cape Verde Isl,1902,23.1,301.8
Cape Verde Isl,1903,23.3,286.6
Cape Verde Isl,1904,23.0,285.0
Cape Verde Isl,1905,23.2,317.1
Cape Verde Isl,1906,23.4,565.2
Cape Verde Isl,1907,22.5,406.0
Cape Verde Isl,1908,23.3,343.8
Cape Verde Isl,1909,23.1,593.1
Cape Verde Isl,1910,23.2,270.0
Cape Verde Isl,1911,23.1,281.3
Cape Verde Isl,1912,23.1,306.1
Cape Verde Isl,1913,23.3,227.0
Cape Verde Isl,1914,23.0,318.4
Cape Verde Isl,1915,23.4,323.8
Cape Verde Isl,1916,23.1,336.4
Cape Verde Isl,1917,22.9,260.8
Cape Verde Isl,1918,23.3,560.5
Cape Verde Isl,1919,23.7,367.7
Cape Verde Isl,1920,23.0,213.3
Cape Verde Isl,1921,23.0,164.6
Cape Verde Isl,1922,22.7,252.5
Cape Verde Isl,1923,23.1,233.2
Cape Verde Isl,1924,23.0,306.2
Cape Verde Isl,1925,23.1,310.7
Cape Verde Isl,1926,23.5,166.1
Cape Verde Isl,1927,23.3,647.3
Cape Verde Isl,1928,23.0,415.5
Cape Verde Isl,1929,23.0,319.5
Cape Verde Isl,1930,22.7,248.9
Cape Verde Isl,1931,23.0,290.7
Cape Verde Isl,1932,23.1,254.7
Cape Verde Isl,1933,23.2,246.6
Cape Verde Isl,1934,22.9,276.3
Cape Verde Isl,1935,22.9,302.6
Cape Verde Isl,1936,23.3,360.7
Cape Verde Isl,1937,23.5,272.5
Cape Verde Isl,1938,23.3,391.3
Cape Verde Isl,1939,23.0,294.1
Cape Verde Isl,1940,23.0,280.9
Cape Verde Isl,1941,23.2,223.7
Cape Verde Isl,1942,22.9,339.3
Cape Verde Isl,1943,23.1,565.4
Cape Verde Isl,1944,23.3,321.8
Cape Verde Isl,1945,23.7,356.7
Cape Verde Isl,1946,23.2,183.2
Cape Verde Isl,1947,23.2,160.7
Cape Verde Isl,1948,23.2,223.9
Cape Verde Isl,1949,23.2,413.5
Cape Verde Isl,1950,23.3,567.8
Cape Verde Isl,1951,23.0,346.9
Cape Verde Isl,1952,23.0,514.7
Cape Verde Isl,1953,23.1,473.2
Cape Verde Isl,1954,23.1,406.2
Cape Verde Isl,1955,23.3,497.0
Cape Verde Isl,1956,23.0,367.0
Cape Verde Isl,1957,23.0,437.2
Cape Verde Isl,1958,23.5,402.5
Cape Verde Isl,1959,23.1,225.5
Cape Verde Isl,1960,23.2,372.3
Cape Verde Isl,1961,23.5,417.6
Cape Verde Isl,1962,23.4,418.4
Cape Verde Isl,1963,23.5,332.5
Cape Verde Isl,1964,23.2,380.7
Cape Verde Isl,1965,23.0,373.0
Cape Verde Isl,1966,23.4,359.0
Cape Verde Isl,1967,22.9,472.1
Cape Verde Isl,1968,22.9,165.1
Cape Verde Isl,1969,23.7,363.7
Cape Verde Isl,1970,23.5,275.3
Cape Verde Isl,1971,22.7,222.4
Cape Verde Isl,1972,22.8,209.8
Cape Verde Isl,1973,23.0,186.0
Cape Verde Isl,1974,22.5,194.9
Cape Verde Isl,1975,22.7,420.7
Cape Verde Isl,1976,22.7,267.9
Cape Verde Isl,1977,23.2,103.2
Cape Verde Isl,1978,23.0,248.4
Cape Verde Isl,1979,23.3,321.4
Cape Verde Isl,1980,23.0,330.4
Cape Verde Isl,1981,23.2,191.3
Cape Verde Isl,1982,22.8,182.3
Cape Verde Isl,1983,23.4,154.8
Cape Verde Isl,1984,23.0,315.4
Cape Verde Isl,1985,22.9,226.8
Cape Verde Isl,1986,22.8,335.9
Cape Verde Isl,1987,23.5,338.3
Cape Verde Isl,1988,23.1,267.4
Cape Verde Isl,1989,23.0,270.3
Cape Verde Isl,1990,23.4,283.6
Cape Verde Isl,1991,23.1,166.8
Cape Verde Isl,1992,23.1,245.2
Cape Verde Isl,1993,23.2,235.7
Cape Verde Isl,1994,23.0,200.0
Cape Verde Isl,1995,23.3,377.2
Cape Verde Isl,1996,23.4,193.4
Cape Verde Isl,1997,23.6,211.3
Cape Verde Isl,1998,23.8,131.8
Cape Verde Isl,1999,23.1,334.2
Cape Verde Isl,2000,23.3,349.0
Cape Verde Isl,2001,23.6,290.2
Cape Verde Isl,2002,23.5,286.9
Cape Verde Isl,2003,23.4,290.2
Cape Verde Isl,2004,23.5,277.0
Cape Verde Isl,2005,23.7,341.2
Cape Verde Isl,2006,23.4,307.2
Cape Verde Isl,2007,23.5,293.8
Cape Verde Isl,2008,23.6,314.1
Cape Verde Isl,2009,23.3,310.4
Cape Verde Isl,2010,23.9,317.9
Cape Verde Isl,2011,23.4,229.8
Cape Verde Isl,2012,23.5,275.8
Cape Verde Isl,2013,23.6,289.0
Cape Verde Isl,2014,23.4,276.8
Cape Verde Isl,2015,23.6,303.8
Cape Verde Isl,2016,23.7,336.4
Cape Verde Isl,2017,23.7,291.0
Cape Verde Isl,2018,23.2,298.4
Cape Verde Isl,2019,23.3,362.4
Cape Verde Isl,2020,23.9,307.3
Cape Verde Isl,2021,23.7,307.5
Cape Verde Isl,2022,23.6,319.7
Cape Verde Isl,2023,24.1,312.5
Cape Verde Isl,2024,23.8,304.9
Central African Rep,1901,25.0,1349.9
Central African Rep,1902,25.1,1349.9
Central African Rep,1903,25.1,1349.9
Central African Rep,1904,25.1,1331.6
Central African Rep,1905,25.1,1338.9
Central African Rep,1906,25.1,1336.9
Central African Rep,1907,25.1,1346.1
Central African Rep,1908,25.1,1343.9
Central African Rep,1909,25.1,1414.2
Central African Rep,1910,25.0,1282.7
Central African Rep,1911,25.0,1259.7
Central African Rep,1912,25.0,1327.2
Central African Rep,1913,25.0,1187.1
Central African Rep,1914,25.1,1391.2
Central African Rep,1915,25.1,1294.0
Central African Rep,1916,25.0,1344.4
Central African Rep,1917,25.0,1351.1
Central African Rep,1918,25.1,1331.1
Central African Rep,1919,25.3,1349.2
Central African Rep,1920,24.8,1389.5
Central African Rep,1921,25.0,1394.2
Central African Rep,1922,24.9,1403.6
Central African Rep,1923,25.0,1371.9
Central African Rep,1924,25.2,1371.8
Central African Rep,1925,25.1,1326.1
Central African Rep,1926,25.2,1356.9
Central African Rep,1927,25.2,1293.1
Central African Rep,1928,25.3,1402.0
Central African Rep,1929,25.0,1327.2
Central African Rep,1930,25.0,1260.3
Central African Rep,1931,25.2,1352.5
Central African Rep,1932,25.2,1323.2
Central African Rep,1933,25.3,1507.0
Central African Rep,1934,25.2,1428.5
Central African Rep,1935,25.2,1374.4
Central African Rep,1936,25.3,1408.5
Central African Rep,1937,25.3,1290.2
Central African Rep,1938,25.4,1365.7
Central African Rep,1939,25.3,1501.3
Central African Rep,1940,25.2,1332.6
Central African Rep,1941,25.7,1405.8
Central African Rep,1942,25.6,1429.1
Central African Rep,1943,25.0,1434.9
Central African Rep,1944,25.2,1357.6
Central African Rep,1945,25.2,1375.2
Central African Rep,1946,25.2,1502.2
Central African Rep,1947,25.4,1475.7
Central African Rep,1948,25.1,1400.6
Central African Rep,1949,25.1,1334.0
Central African Rep,1950,24.9,1494.0
Central African Rep,1951,25.2,1407.6
Central African Rep,1952,25.5,1443.9
Central African Rep,1953,25.3,1360.6
Central African Rep,1954,25.1,1502.2
Central African Rep,1955,25.0,1523.9
Central African Rep,1956,25.0,1380.0
Central African Rep,1957,25.3,1494.8
Central African Rep,1958,25.7,1388.8
Central African Rep,1959,25.4,1426.4
Central African Rep,1960,25.4,1515.0
Central African Rep,1961,25.1,1369.1
Central African Rep,1962,25.2,1602.1
Central African Rep,1963,25.4,1405.5
Central African Rep,1964,25.1,1451.5
Central African Rep,1965,25.3,1334.3
Central African Rep,1966,25.3,1554.7
Central African Rep,1967,24.7,1310.2
Central African Rep,1968,25.1,1387.8
Central African Rep,1969,25.5,1534.5
Central African Rep,1970,25.5,1383.5
Central African Rep,1971,24.6,1268.3
Central African Rep,1972,24.9,1291.3
Central African Rep,1973,25.2,1259.5
Central African Rep,1974,24.6,1369.4
Central African Rep,1975,24.6,1385.3
Central African Rep,1976,24.7,1407.0
Central African Rep,1977,24.9,1285.4
Central African Rep,1978,24.8,1332.5
Central African Rep,1979,25.1,1368.2
Central African Rep,1980,25.2,1356.5
Central African Rep,1981,25.1,1362.5
Central African Rep,1982,25.1,1371.3
Central African Rep,1983,25.4,1212.3
Central African Rep,1984,25.0,1185.4
Central African Rep,1985,25.1,1290.7
Central African Rep,1986,25.2,1172.9
Central African Rep,1987,25.6,1229.4
Central African Rep,1988,25.3,1380.0
Central African Rep,1989,24.9,1288.2
Central African Rep,1990,25.5,1278.8
Central African Rep,1991,25.2,1355.8
Central African Rep,1992,25.0,1316.1
Central African Rep,1993,25.0,1330.3
Central African Rep,1994,25.0,1317.9
Central African Rep,1995,25.2,1368.2
Central African Rep,1996,25.1,1380.7
Central African Rep,1997,25.6,1424.5
Central African Rep,1998,25.8,1429.9
Central African Rep,1999,25.1,1385.6
Central African Rep,2000,25.3,1297.7
Central African Rep,2001,25.3,1355.4
Central African Rep,2002,25.5,1277.4
Central African Rep,2003,25.6,1340.2
Central African Rep,2004,25.8,1287.2
Central African Rep,2005,25.9,1342.4
Central African Rep,2006,25.7,1355.2
Central African Rep,2007,25.7,1364.3
Central African Rep,2008,25.6,1315.4
Central African Rep,2009,26.0,1346.7
Central African Rep,2010,26.0,1376.7
Central African Rep,2011,25.6,1347.3
Central African Rep,2012,25.5,1397.6
Central African Rep,2013,25.7,1408.8
Central African Rep,2014,25.6,1355.1
Central African Rep,2015,25.7,1362.0
Central African Rep,2016,25.9,1404.4
Central African Rep,2017,25.6,1382.5
Central African Rep,2018,25.5,1321.4
Central African Rep,2019,25.8,1342.3
Central African Rep,2020,25.7,1349.7
Central African Rep,2021,25.8,1443.9
Central African Rep,2022,25.6,1391.3
Central African Rep,2023,25.5,1379.9
Central African Rep,2024,25.5,1303.4
Chad,1901,26.8,323.9
Chad,1902,26.8,323.9
Chad,1903,26.8,323.9
Chad,1904,26.8,315.7
Chad,1905,26.8,322.3
Chad,1906,26.8,335.0
Chad,1907,26.8,332.0
Chad,1908,26.8,330.6
Chad,1909,26.8,355.3
Chad,1910,26.8,330.6
Chad,1911,26.8,337.7
Chad,1912,26.8,311.2
Chad,1913,26.8,288.2
Chad,1914,26.8,313.3
Chad,1915,26.8,317.3
Chad,1916,26.8,321.5
Chad,1917,26.8,319.1
Chad,1918,26.9,315.5
Chad,1919,27.1,317.6
Chad,1920,26.5,334.8
Chad,1921,26.8,324.8
Chad,1922,26.6,333.6
Chad,1923,26.8,325.6
Chad,1924,27.0,332.4
Chad,1925,26.8,322.3
Chad,1926,27.0,320.5
Chad,1927,27.0,340.5
Chad,1928,27.1,345.7
Chad,1929,26.7,326.5
Chad,1930,26.9,334.6
Chad,1931,27.2,340.4
Chad,1932,27.1,337.6
Chad,1933,27.1,371.6
Chad,1934,27.0,398.1
Chad,1935,27.0,337.3
Chad,1936,27.1,391.5
Chad,1937,27.1,344.8
Chad,1938,27.2,359.9
Chad,1939,27.1,364.2
Chad,1940,26.9,314.9
Chad,1941,27.0,287.1
Chad,1942,27.0,319.7
Chad,1943,26.7,349.5
Chad,1944,26.8,328.1
Chad,1945,26.7,340.6
Chad,1946,26.7,429.3
Chad,1947,26.9,354.2
Chad,1948,26.6,307.0
Chad,1949,26.1,284.0
Chad,1950,26.0,443.4
Chad,1951,26.4,364.6
Chad,1952,26.5,402.2
Chad,1953,26.3,410.9
Chad,1954,26.3,435.8
Chad,1955,26.4,373.8
Chad,1956,26.3,385.5
Chad,1957,26.4,363.6
Chad,1958,26.7,373.1
Chad,1959,26.3,382.1
Chad,1960,26.6,332.4
Chad,1961,25.9,449.7
Chad,1962,26.6,409.3
Chad,1963,26.8,366.0
Chad,1964,26.3,418.5
Chad,1965,26.4,315.6
Chad,1966,26.7,358.3
Chad,1967,26.2,355.0
Chad,1968,26.5,327.7
Chad,1969,27.3,343.7
Chad,1970,26.6,337.7
Chad,1971,26.4,303.8
Chad,1972,27.0,274.5
Chad,1973,27.2,271.3
Chad,1974,26.6,338.3
Chad,1975,26.7,357.4
Chad,1976,27.1,293.2
Chad,1977,26.5,322.8
Chad,1978,26.9,335.8
Chad,1979,27.3,349.2
Chad,1980,27.2,345.9
Chad,1981,27.0,336.4
Chad,1982,27.1,287.6
Chad,1983,27.0,258.1
Chad,1984,27.3,214.7
Chad,1985,27.1,282.8
Chad,1986,27.1,267.8
Chad,1987,27.4,249.9
Chad,1988,27.0,402.4
Chad,1989,26.7,307.2
Chad,1990,27.3,237.9
Chad,1991,27.3,328.8
Chad,1992,26.7,305.1
Chad,1993,27.1,255.3
Chad,1994,27.0,391.9
Chad,1995,27.2,318.6
Chad,1996,27.4,300.1
Chad,1997,27.7,302.9
Chad,1998,27.7,350.7
Chad,1999,27.6,340.9
Chad,2000,27.2,304.0
Chad,2001,27.3,305.4
Chad,2002,27.4,262.7
Chad,2003,27.7,312.8
Chad,2004,27.8,330.2
Chad,2005,27.7,358.0
Chad,2006,27.7,346.4
Chad,2007,27.6,353.4
Chad,2008,27.6,342.6
Chad,2009,28.2,315.6
Chad,2010,28.4,349.6
Chad,2011,27.7,334.6
Chad,2012,27.6,385.1
Chad,2013,27.8,326.0
Chad,2014,27.7,355.2
Chad,2015,27.6,356.7
Chad,2016,27.9,349.7
Chad,2017,27.5,340.0
Chad,2018,27.5,329.7
Chad,2019,27.6,365.6
Chad,2020,27.2,365.8
Chad,2021,27.5,357.2
Chad,2022,27.1,349.2
Chad,2023,27.4,342.6
Chad,2024,27.3,361.5
Chagos Archipelago,1901,27.4,2431.0
Chagos Archipelago,1902,27.4,2431.0
Chagos Archipelago,1903,27.4,2431.0
Chagos Archipelago,1904,27.4,2431.0
Chagos Archipelago,1905,27.4,2431.0
Chagos Archipelago,1906,27.4,2431.0
Chagos Archipelago,1907,27.4,2431.0
Chagos Archipelago,1908,27.4,2431.0
Chagos Archipelago,1909,27.4,2431.0
Chagos Archipelago,1910,27.4,2431.0
Chagos Archipelago,1911,27.4,2431.0
Chagos Archipelago,1912,27.4,2431.0
Chagos Archipelago,1913,27.4,2431.0
Chagos Archipelago,1914,27.4,2431.0
Chagos Archipelago,1915,27.4,2431.0
Chagos Archipelago,1916,27.4,2431.0
Chagos Archipelago,1917,27.4,2431.0
Chagos Archipelago,1918,27.4,2431.0
Chagos Archipelago,1919,27.4,2431.0
Chagos Archipelago,1920,27.4,2431.0
Chagos Archipelago,1921,27.4,2431.0
Chagos Archipelago,1922,27.4,2431.0
Chagos Archipelago,1923,27.4,2431.0
Chagos Archipelago,1924,27.4,2431.0
Chagos Archipelago,1925,27.4,2431.0
Chagos Archipelago,1926,27.4,2431.0
Chagos Archipelago,1927,27.4,2431.0
Chagos Archipelago,1928,27.4,2431.0
Chagos Archipelago,1929,27.4,2431.0
Chagos Archipelago,1930,27.4,2431.0
Chagos Archipelago,1931,27.4,2431.0
Chagos Archipelago,1932,27.4,2431.0
Chagos Archipelago,1933,27.4,2431.0
Chagos Archipelago,1934,27.4,2431.0
Chagos Archipelago,1935,27.4,2431.0
Chagos Archipelago,1936,27.4,2431.0
Chagos Archipelago,1937,27.4,2431.0
Chagos Archipelago,1938,27.4,2431.0
Chagos Archipelago,1939,27.4,2431.0
Chagos Archipelago,1940,27.4,2431.0
Chagos Archipelago,1941,27.4,2431.0
Chagos Archipelago,1942,27.4,2431.0
Chagos Archipelago,1943,27.4,2431.0
Chagos Archipelago,1944,27.4,2431.0
Chagos Archipelago,1945,27.4,2431.0
Chagos Archipelago,1946,27.4,2431.0
Chagos Archipelago,1947,27.4,2431.0
Chagos Archipelago,1948,27.4,2431.0
Chagos Archipelago,1949,27.4,2431.0
Chagos Archipelago,1950,27.4,2431.0
Chagos Archipelago,1951,27.4,2606.0
Chagos Archipelago,1952,27.4,2558.8
Chagos Archipelago,1953,27.4,2441.0
Chagos Archipelago,1954,27.4,2328.8
Chagos Archipelago,1955,27.1,2368.7
Chagos Archipelago,1956,27.0,1739.9
Chagos Archipelago,1957,27.5,2425.8
Chagos Archipelago,1958,27.6,2397.6
Chagos Archipelago,1959,27.8,2525.7
Chagos Archipelago,1960,27.3,2686.8
Chagos Archipelago,1961,27.7,1953.2
Chagos Archipelago,1962,27.7,2652.8
Chagos Archipelago,1963,27.9,3041.6
Chagos Archipelago,1964,27.1,2417.8
Chagos Archipelago,1965,26.9,2967.5
Chagos Archipelago,1966,27.3,2565.0
Chagos Archipelago,1967,27.2,2788.9
Chagos Archipelago,1968,26.9,2370.8
Chagos Archipelago,1969,27.3,2543.4
Chagos Archipelago,1970,27.2,2642.1
Chagos Archipelago,1971,26.7,2405.5
Chagos Archipelago,1972,27.6,2348.3
Chagos Archipelago,1973,27.5,1728.5
Chagos Archipelago,1974,26.9,2379.5
Chagos Archipelago,1975,27.0,2000.5
Chagos Archipelago,1976,27.7,2436.9
Chagos Archipelago,1977,27.6,2384.5
Chagos Archipelago,1978,27.5,1886.0
Chagos Archipelago,1979,27.5,1934.1
Chagos Archipelago,1980,27.6,2431.0
Chagos Archipelago,1981,27.7,2468.0
Chagos Archipelago,1982,27.7,2587.3
Chagos Archipelago,1983,28.1,2542.7
Chagos Archipelago,1984,27.4,2446.4
Chagos Archipelago,1985,27.4,2299.1
Chagos Archipelago,1986,27.3,2513.9
Chagos Archipelago,1987,27.9,2901.3
Chagos Archipelago,1988,27.8,2431.0
Chagos Archipelago,1989,27.3,2431.0
Chagos Archipelago,1990,27.6,2431.0
Chagos Archipelago,1991,28.2,2431.0
Chagos Archipelago,1992,28.0,2431.0
Chagos Archipelago,1993,27.8,2431.0
Chagos Archipelago,1994,27.8,2431.0
Chagos Archipelago,1995,28.0,2431.0
Chagos Archipelago,1996,27.4,2431.0
Chagos Archipelago,1997,28.1,2431.0
Chagos Archipelago,1998,28.2,2431.0
Chagos Archipelago,1999,28.0,2431.0
Chagos Archipelago,2000,27.4,2431.0
Chagos Archipelago,2001,27.7,2431.0
Chagos Archipelago,2002,27.8,2431.0
Chagos Archipelago,2003,27.4,2431.0
Chagos Archipelago,2004,27.4,2431.0
Chagos Archipelago,2005,27.4,2431.0
Chagos Archipelago,2006,27.4,2431.0
Chagos Archipelago,2007,27.4,2431.0
Chagos Archipelago,2008,27.4,2431.0
Chagos Archipelago,2009,27.4,2431.0
Chagos Archipelago,2010,27.4,2431.0
Chagos Archipelago,2011,27.4,2431.0
Chagos Archipelago,2012,27.4,2431.0
Chagos Archipelago,2013,27.4,2431.0
Chagos Archipelago,2014,27.4,2431.0
Chagos Archipelago,2015,27.4,2431.0
Chagos Archipelago,2016,27.4,2431.0
Chagos Archipelago,2017,27.4,2431.0
Chagos Archipelago,2018,27.4,2431.0
Chagos Archipelago,2019,27.4,2431.0
Chagos Archipelago,2020,27.4,2431.0
Chagos Archipelago,2021,27.4,2431.0
Chagos Archipelago,2022,27.4,2431.0
Chagos Archipelago,2023,27.4,2431.0
Chagos Archipelago,2024,27.4,2431.0
Chile,1901,9.4,1191.5
Chile,1902,9.0,1154.9
Chile,1903,8.8,994.2
Chile,1904,9.0,1273.2
Chile,1905,8.7,1111.7
Chile,1906,9.0,1066.5
Chile,1907,8.5,1051.8
Chile,1908,8.7,954.7
Chile,1909,8.6,932.5
Chile,1910,8.8,1002.0
Chile,1911,8.7,1056.4
Chile,1912,9.2,1104.4
Chile,1913,9.4,1184.6
Chile,1914,8.8,1335.3
Chile,1915,8.9,1218.2
Chile,1916,9.0,1056.5
Chile,1917,9.1,1028.4
Chile,1918,8.8,1226.7
Chile,1919,9.2,1142.7
Chile,1920,9.1,1170.8
Chile,1921,8.7,1111.6
Chile,1922,8.8,1101.1
Chile,1923,8.6,991.0
Chile,1924,8.9,1033.3
Chile,1925,8.9,1079.0
Chile,1926,9.1,1159.3
Chile,1927,9.0,1139.1
Chile,1928,8.6,1031.8
Chile,1929,9.1,1122.7
Chile,1930,9.1,1139.3
Chile,1931,8.6,987.4
Chile,1932,9.0,1252.6
Chile,1933,8.8,1146.3
Chile,1934,8.7,1110.9
Chile,1935,8.9,1243.0
Chile,1936,8.8,1010.7
Chile,1937,8.7,1150.6
Chile,1938,8.5,1204.5
Chile,1939,8.7,1199.9
Chile,1940,8.7,1284.4
Chile,1941,8.7,1239.3
Chile,1942,8.7,1111.6
Chile,1943,9.0,996.3
Chile,1944,9.3,1154.0
Chile,1945,9.4,1316.1
Chile,1946,8.7,1148.4
Chile,1947,8.9,1132.6
Chile,1948,8.8,1099.3
Chile,1949,8.9,1234.6
Chile,1950,8.7,1249.5
Chile,1951,9.1,1094.8
Chile,1952,9.2,909.8
Chile,1953,9.2,1262.4
Chile,1954,8.8,993.8
Chile,1955,8.6,1152.8
Chile,1956,8.6,982.5
Chile,1957,8.9,1025.6
Chile,1958,8.9,1063.5
Chile,1959,8.6,1061.4
Chile,1960,9.1,920.9
Chile,1961,8.8,1066.1
Chile,1962,9.2,894.3
Chile,1963,8.8,1198.4
Chile,1964,8.6,918.8
Chile,1965,8.9,1273.6
Chile,1966,8.7,1123.4
Chile,1967,8.9,1060.9
Chile,1968,9.2,958.4
Chile,1969,9.2,1095.7
Chile,1970,9.0,1071.5
Chile,1971,8.5,1140.8
Chile,1972,8.8,1246.9
Chile,1973,8.6,1054.9
Chile,1974,8.6,977.7
Chile,1975,8.7,1101.6
Chile,1976,8.5,1158.3
Chile,1977,9.1,1297.0
Chile,1978,9.2,1092.5
Chile,1979,9.0,1153.1
Chile,1980,9.1,1299.1
Chile,1981,9.1,1112.6
Chile,1982,9.1,1202.8
Chile,1983,9.2,973.9
Chile,1984,8.4,1073.7
Chile,1985,9.2,1072.1
Chile,1986,9.1,1103.7
Chile,1987,9.5,1054.7
Chile,1988,8.9,884.0
Chile,1989,9.4,930.0
Chile,1990,9.1,1085.3
Chile,1991,8.9,1100.2
Chile,1992,8.8,1145.7
Chile,1993,9.2,1098.5
Chile,1994,9.4,1105.4
Chile,1995,9.0,1024.2
Chile,1996,9.1,958.5
Chile,1997,9.3,1220.8
Chile,1998,9.5,878.5
Chile,1999,9.1,921.5
Chile,2000,8.6,1136.2
Chile,2001,8.9,1060.6
Chile,2002,8.8,1348.1
Chile,2003,9.3,1056.4
Chile,2004,9.5,1051.7
Chile,2005,9.0,1160.2
Chile,2006,9.4,1251.1
Chile,2007,8.6,857.0
Chile,2008,9.4,1101.8
Chile,2009,9.3,1064.8
Chile,2010,8.9,923.4
Chile,2011,9.2,1006.9
Chile,2012,9.4,1016.8
Chile,2013,9.5,933.1
Chile,2014,9.3,988.1
Chile,2015,9.5,1013.3
Chile,2016,9.5,815.0
Chile,2017,9.6,1069.5
Chile,2018,9.3,934.0
Chile,2019,9.3,881.1
Chile,2020,9.7,918.3
Chile,2021,9.7,747.9
Chile,2022,9.3,916.0
Chile,2023,9.8,1070.6
Chile,2024,9.5,979.0
China,1901,6.9,574.4
China,1902,7.0,560.0
China,1903,6.8,642.5
China,1904,6.8,607.8
China,1905,6.7,629.6
China,1906,6.8,614.1
China,1907,6.8,630.5
China,1908,6.8,625.2
China,1909,6.9,624.2
China,1910,6.6,602.7
China,1911,6.7,682.2
China,1912,6.7,610.6
China,1913,6.6,592.6
China,1914,7.1,628.7
China,1915,6.9,658.7
China,1916,6.8,594.8
China,1917,6.6,607.1
China,1918,6.7,654.4
China,1919,6.9,594.6
China,1920,6.9,632.2
China,1921,7.0,609.4
China,1922,7.0,605.4
China,1923,7.1,598.9
China,1924,7.0,610.5
China,1925,7.0,580.3
China,1926,7.1,623.7
China,1927,7.1,603.9
China,1928,7.0,592.6
China,1929,6.9,581.1
China,1930,7.0,604.3
China,1931,6.9,644.2
China,1932,7.2,613.8
China,1933,7.1,591.2
China,1934,6.8,622.4
China,1935,7.2,617.4
China,1936,6.7,566.1
China,1937,6.9,650.9
China,1938,7.3,623.8
China,1939,7.4,598.2
China,1940,7.3,596.9
China,1941,7.6,616.1
China,1942,7.4,592.2
China,1943,7.3,589.9
China,1944,7.0,610.7
China,1945,7.1,595.4
China,1946,7.6,627.8
China,1947,7.0,642.8
China,1948,7.5,642.8
China,1949,7.2,659.4
China,1950,6.9,624.9
China,1951,7.0,638.3
China,1952,6.8,648.7
China,1953,7.3,640.2
China,1954,6.7,693.0
China,1955,7.0,599.2
China,1956,6.5,630.2
China,1957,6.6,613.1
China,1958,7.2,607.1
China,1959,7.2,670.4
China,1960,7.1,611.9
China,1961,7.3,661.4
China,1962,7.0,613.2
China,1963,7.2,578.1
China,1964,6.9,655.5
China,1965,6.9,593.6
China,1966,7.1,580.4
China,1967,6.6,608.0
China,1968,6.9,601.1
China,1969,6.5,621.2
China,1970,6.7,648.7
China,1971,7.0,590.6
China,1972,7.0,601.9
China,1973,7.3,684.8
China,1974,6.8,625.4
China,1975,7.3,657.0
China,1976,6.7,602.1
China,1977,7.1,618.7
China,1978,7.3,575.1
China,1979,7.3,600.1
China,1980,7.2,617.6
China,1981,7.2,628.4
China,1982,7.4,618.5
China,1983,7.2,676.5
China,1984,6.7,613.8
China,1985,7.0,630.2
China,1986,7.1,565.7
China,1987,7.5,631.0
China,1988,7.5,597.2
China,1989,7.5,608.7
China,1990,7.8,665.0
China,1991,7.3,601.4
China,1992,7.1,604.1
China,1993,7.1,649.9
China,1994,7.7,643.2
China,1995,7.5,613.0
China,1996,7.2,624.8
China,1997,7.6,615.5
China,1998,8.3,693.2
China,1999,8.0,611.9
China,2000,7.5,623.1
China,2001,7.9,598.9
China,2002,8.1,653.3
China,2003,7.8,611.8
China,2004,8.0,584.1
China,2005,7.7,620.0
China,2006,8.2,596.4
China,2007,8.5,596.7
China,2008,7.9,634.9
China,2009,8.1,580.9
China,2010,7.8,662.6
China,2011,7.6,549.2
China,2012,7.4,671.7
China,2013,8.0,636.6
China,2014,8.0,636.0
China,2015,8.3,653.5
China,2016,8.2,695.9
China,2017,8.4,646.4
China,2018,8.0,656.3
China,2019,8.3,637.3
China,2020,8.2,664.9
China,2021,8.5,674.8
China,2022,8.4,622.1
China,2023,8.7,628.3
China,2024,8.8,683.8
Christmas Isl,1901,25.6,2478.2
Christmas Isl,1902,25.6,2452.1
Christmas Isl,1903,25.6,2529.8
Christmas Isl,1904,25.6,2544.8
Christmas Isl,1905,25.6,2477.8
Christmas Isl,1906,25.6,2496.6
Christmas Isl,1907,25.6,2479.7
Christmas Isl,1908,25.6,2522.0
Christmas Isl,1909,25.6,2587.9
Christmas Isl,1910,25.6,2579.0
Christmas Isl,1911,25.6,2498.9
Christmas Isl,1912,25.6,2503.7
Christmas Isl,1913,25.6,2497.3
Christmas Isl,1914,25.6,2493.1
Christmas Isl,1915,25.5,2565.5
Christmas Isl,1916,25.4,2584.3
Christmas Isl,1917,25.5,2572.4
Christmas Isl,1918,25.4,2475.4
Christmas Isl,1919,25.5,2550.9
Christmas Isl,1920,25.5,2556.3
Christmas Isl,1921,25.5,2567.9
Christmas Isl,1922,25.4,2613.8
Christmas Isl,1923,25.5,2553.3
Christmas Isl,1924,25.6,2581.2
Christmas Isl,1925,25.5,2488.0
Christmas Isl,1926,25.6,2580.9
Christmas Isl,1927,25.6,2559.6
Christmas Isl,1928,25.6,2550.3
Christmas Isl,1929,25.5,2530.5
Christmas Isl,1930,25.6,2575.3
Christmas Isl,1931,25.7,2617.7
Christmas Isl,1932,25.5,2540.6
Christmas Isl,1933,25.6,2628.6
Christmas Isl,1934,25.5,2554.2
Christmas Isl,1935,25.5,2564.7
Christmas Isl,1936,25.6,2565.4
Christmas Isl,1937,25.5,2674.8
Christmas Isl,1938,25.6,2683.1
Christmas Isl,1939,25.6,2622.5
Christmas Isl,1940,25.5,2601.8
Christmas Isl,1941,25.6,2654.2
Christmas Isl,1942,25.7,2587.4
Christmas Isl,1943,25.6,2628.5
Christmas Isl,1944,25.5,2505.9
Christmas Isl,1945,25.5,2543.1
Christmas Isl,1946,25.7,2512.1
Christmas Isl,1947,25.7,2537.4
Christmas Isl,1948,25.6,2493.2
Christmas Isl,1949,25.6,2568.9
Christmas Isl,1950,25.5,2608.1
Christmas Isl,1951,25.5,2553.4
Christmas Isl,1952,25.6,2641.4
Christmas Isl,1953,25.6,2489.2
Christmas Isl,1954,25.7,2635.9
Christmas Isl,1955,25.7,2631.5
Christmas Isl,1956,25.7,2613.2
Christmas Isl,1957,25.7,2465.6
Christmas Isl,1958,25.8,2703.1
Christmas Isl,1959,25.7,2516.2
Christmas Isl,1960,25.7,2656.3
Christmas Isl,1961,25.6,2547.1
Christmas Isl,1962,25.6,2623.8
Christmas Isl,1963,25.5,2364.8
Christmas Isl,1964,25.7,2707.5
Christmas Isl,1965,25.5,2531.7
Christmas Isl,1966,25.7,2564.1
Christmas Isl,1967,25.6,2441.3
Christmas Isl,1968,25.6,2773.1
Christmas Isl,1969,25.8,2561.3
Christmas Isl,1970,25.8,2621.7
Christmas Isl,1971,25.6,2521.0
Christmas Isl,1972,25.7,2445.9
Christmas Isl,1973,25.9,2719.8
Christmas Isl,1974,25.5,2634.6
Christmas Isl,1975,25.6,2652.6
Christmas Isl,1976,25.6,2508.3
Christmas Isl,1977,25.7,2424.9
Christmas Isl,1978,25.6,2617.6
Christmas Isl,1979,25.7,2584.8
Christmas Isl,1980,25.8,2620.7
Christmas Isl,1981,25.8,2659.9
Christmas Isl,1982,25.5,2446.1
Christmas Isl,1983,25.8,2518.4
Christmas Isl,1984,25.6,2626.8
Christmas Isl,1985,25.7,2510.1
Christmas Isl,1986,25.7,2656.9
Christmas Isl,1987,25.9,2518.1
Christmas Isl,1988,25.7,2654.0
Christmas Isl,1989,25.7,2587.1
Christmas Isl,1990,25.7,2584.7
Christmas Isl,1991,25.7,2488.5
Christmas Isl,1992,25.8,2659.0
Christmas Isl,1993,25.7,2588.0
Christmas Isl,1994,25.6,2501.9
Christmas Isl,1995,25.8,2674.1
Christmas Isl,1996,25.8,2651.7
Christmas Isl,1997,25.6,2432.0
Christmas Isl,1998,25.8,2621.5
Christmas Isl,1999,25.8,2591.1
Christmas Isl,2000,25.8,2575.0
Christmas Isl,2001,25.7,2586.5
Christmas Isl,2002,25.8,2573.6
Christmas Isl,2003,25.7,2573.6
Christmas Isl,2004,25.8,2573.4
Christmas Isl,2005,25.8,2585.4
Christmas Isl,2006,25.6,2567.2
Christmas Isl,2007,25.8,2579.9
Christmas Isl,2008,25.6,2573.8
Christmas Isl,2009,25.8,2576.6
Christmas Isl,2010,25.8,2600.6
Christmas Isl,2011,25.7,2575.0
Christmas Isl,2012,25.7,2575.0
Christmas Isl,2013,25.8,2575.0
Christmas Isl,2014,25.8,2575.0
Christmas Isl,2015,25.8,2575.0
Christmas Isl,2016,25.8,2575.0
Christmas Isl,2017,25.7,2575.0
Christmas Isl,2018,25.7,2575.0
Christmas Isl,2019,25.7,2575.0
Christmas Isl,2020,25.9,2575.0
Christmas Isl,2021,25.8,2575.0
Christmas Isl,2022,25.9,2586.3
Christmas Isl,2023,25.8,2578.4
Christmas Isl,2024,25.9,2600.2
Chuuk State,1901,27.6,3939.1
Chuuk State,1902,27.6,3939.1
Chuuk State,1903,27.6,3939.1
Chuuk State,1904,27.6,3939.1
Chuuk State,1905,27.6,3939.1
Chuuk State,1906,27.6,3939.1
Chuuk State,1907,27.6,3939.1
Chuuk State,1908,27.6,3939.1
Chuuk State,1909,27.6,3939.1
Chuuk State,1910,27.6,3939.1
Chuuk State,1911,27.6,3939.1
Chuuk State,1912,27.6,3939.1
Chuuk State,1913,27.6,3939.1
Chuuk State,1914,27.6,3939.1
Chuuk State,1915,27.6,3939.1
Chuuk State,1916,27.6,3939.1
Chuuk State,1917,27.6,3939.1
Chuuk State,1918,27.6,3939.1
Chuuk State,1919,27.6,3939.1
Chuuk State,1920,27.6,3939.1
Chuuk State,1921,27.6,3939.1
Chuuk State,1922,27.5,3939.1
Chuuk State,1923,27.6,3939.1
Chuuk State,1924,27.5,3939.1
Chuuk State,1925,27.6,3939.1
Chuuk State,1926,27.4,3939.1
Chuuk State,1927,27.6,3939.1
Chuuk State,1928,27.3,3939.1
Chuuk State,1929,27.2,3939.1
Chuuk State,1930,27.2,3939.1
Chuuk State,1931,27.3,3939.1
Chuuk State,1932,27.2,3939.1
Chuuk State,1933,27.1,3939.1
Chuuk State,1934,27.3,3939.1
Chuuk State,1935,27.5,3982.5
Chuuk State,1936,27.6,3381.4
Chuuk State,1937,27.2,3673.1
Chuuk State,1938,27.6,4417.3
Chuuk State,1939,27.6,3158.5
Chuuk State,1940,27.6,4191.0
Chuuk State,1941,27.4,3939.1
Chuuk State,1942,27.2,3939.1
Chuuk State,1943,27.1,3939.1
Chuuk State,1944,27.6,3939.1
Chuuk State,1945,27.5,3939.1
Chuuk State,1946,27.6,3981.5
Chuuk State,1947,27.6,3965.0
Chuuk State,1948,27.5,3740.7
Chuuk State,1949,27.5,3517.3
Chuuk State,1950,27.3,4081.1
Chuuk State,1951,27.3,4060.5
Chuuk State,1952,27.3,3689.3
Chuuk State,1953,27.3,4163.5
Chuuk State,1954,27.2,4377.6
Chuuk State,1955,27.1,4599.7
Chuuk State,1956,27.1,4394.6
Chuuk State,1957,27.6,3587.7
Chuuk State,1958,27.6,3884.5
Chuuk State,1959,27.4,3889.5
Chuuk State,1960,27.4,3928.4
Chuuk State,1961,27.3,4430.2
Chuuk State,1962,27.4,4725.2
Chuuk State,1963,27.3,3807.4
Chuuk State,1964,27.3,3975.7
Chuuk State,1965,27.1,3941.9
Chuuk State,1966,27.4,3612.9
Chuuk State,1967,27.2,4620.0
Chuuk State,1968,27.2,4240.2
Chuuk State,1969,27.4,3802.7
Chuuk State,1970,27.7,4048.6
Chuuk State,1971,27.4,3865.7
Chuuk State,1972,27.3,4128.9
Chuuk State,1973,27.7,3630.7
Chuuk State,1974,27.5,4446.8
Chuuk State,1975,27.4,3762.5
Chuuk State,1976,27.3,4394.9
Chuuk State,1977,27.7,3522.2
Chuuk State,1978,27.7,3762.5
Chuuk State,1979,27.7,4567.4
Chuuk State,1980,27.7,4042.3
Chuuk State,1981,28.0,3896.9
Chuuk State,1982,27.8,3292.2
Chuuk State,1983,28.0,3461.6
Chuuk State,1984,28.0,3582.0
Chuuk State,1985,27.9,3843.2
Chuuk State,1986,27.8,3974.3
Chuuk State,1987,27.9,3680.4
Chuuk State,1988,28.0,3333.8
Chuuk State,1989,27.7,3991.8
Chuuk State,1990,27.7,3789.1
Chuuk State,1991,27.6,4133.5
Chuuk State,1992,27.7,3328.4
Chuuk State,1993,27.5,4495.9
Chuuk State,1994,27.6,3863.4
Chuuk State,1995,27.8,3708.3
Chuuk State,1996,27.6,3946.9
Chuuk State,1997,27.2,3483.3
Chuuk State,1998,27.5,2962.0
Chuuk State,1999,27.3,3967.4
Chuuk State,2000,27.9,4263.8
Chuuk State,2001,28.0,3748.8
Chuuk State,2002,28.0,4306.3
Chuuk State,2003,27.8,4292.5
Chuuk State,2004,28.0,4220.4
Chuuk State,2005,28.1,4170.4
Chuuk State,2006,28.0,3984.5
Chuuk State,2007,28.0,3653.3
Chuuk State,2008,27.8,3720.5
Chuuk State,2009,27.9,4049.3
Chuuk State,2010,27.6,4059.2
Chuuk State,2011,27.7,4174.2
Chuuk State,2012,28.0,4350.0
Chuuk State,2013,28.2,3890.9
Chuuk State,2014,27.9,3850.5
Chuuk State,2015,28.0,4283.2
Chuuk State,2016,28.4,3519.4
Chuuk State,2017,28.4,3907.5
Chuuk State,2018,28.3,4138.7
Chuuk State,2019,28.3,4071.7
Chuuk State,2020,28.4,3833.2
Chuuk State,2021,28.0,4450.4
Chuuk State,2022,28.1,3918.3
Chuuk State,2023,28.3,4481.8
Chuuk State,2024,28.6,3876.5
Cocos Isl,1901,26.4,2081.0
Cocos Isl,1902,26.4,2081.0
Cocos Isl,1903,26.4,2081.0
Cocos Isl,1904,26.4,2081.0
Cocos Isl,1905,26.4,2081.0
Cocos Isl,1906,26.4,2081.0
Cocos Isl,1907,26.4,2081.0
Cocos Isl,1908,26.4,2081.0
Cocos Isl,1909,26.4,2081.0
Cocos Isl,1910,26.4,2081.0
Cocos Isl,1911,26.4,2081.0
Cocos Isl,1912,26.4,2081.0
Cocos Isl,1913,26.4,2081.0
Cocos Isl,1914,26.4,2081.0
Cocos Isl,1915,26.4,2081.0
Cocos Isl,1916,26.4,2081.0
Cocos Isl,1917,26.4,2081.0
Cocos Isl,1918,26.4,2081.0
Cocos Isl,1919,26.4,2081.0
Cocos Isl,1920,26.4,2081.0
Cocos Isl,1921,26.4,2081.0
Cocos Isl,1922,26.4,2081.0
Cocos Isl,1923,26.4,2081.0
Cocos Isl,1924,26.4,2081.0
Cocos Isl,1925,26.4,2081.0
Cocos Isl,1926,26.4,2081.0
Cocos Isl,1927,26.4,2081.0
Cocos Isl,1928,26.4,2081.0
Cocos Isl,1929,26.4,2081.0
Cocos Isl,1930,26.4,2081.0
Cocos Isl,1931,26.4,2081.0
Cocos Isl,1932,26.4,2081.0
Cocos Isl,1933,26.4,2081.0
Cocos Isl,1934,26.4,2081.0
Cocos Isl,1935,26.4,2081.0
Cocos Isl,1936,26.4,2081.0
Cocos Isl,1937,26.4,2081.0
Cocos Isl,1938,26.4,2081.0
Cocos Isl,1939,26.4,2081.0
Cocos Isl,1940,26.4,2081.0
Cocos Isl,1941,26.4,2081.0
Cocos Isl,1942,26.4,2081.0
Cocos Isl,1943,26.4,2081.0
Cocos Isl,1944,26.4,2081.0
Cocos Isl,1945,26.4,2081.0
Cocos Isl,1946,26.4,2081.0
Cocos Isl,1947,26.4,2081.0
Cocos Isl,1948,26.4,2081.0
Cocos Isl,1949,26.7,2081.0
Cocos Isl,1950,26.4,2081.0
Cocos Isl,1951,26.3,2081.0
Cocos Isl,1952,26.8,1839.0
Cocos Isl,1953,26.6,1232.3
Cocos Isl,1954,26.6,2271.4
Cocos Isl,1955,26.3,2772.0
Cocos Isl,1956,26.2,2796.2
Cocos Isl,1957,26.6,1810.2
Cocos Isl,1958,26.9,1918.0
Cocos Isl,1959,26.8,1475.4
Cocos Isl,1960,26.1,3119.8
Cocos Isl,1961,26.3,1336.4
Cocos Isl,1962,26.3,1510.8
Cocos Isl,1963,26.3,1534.5
Cocos Isl,1964,26.3,2006.8
Cocos Isl,1965,26.2,1940.9
Cocos Isl,1966,26.2,2217.5
Cocos Isl,1967,26.4,1872.6
Cocos Isl,1968,25.9,2688.6
Cocos Isl,1969,26.6,1566.0
Cocos Isl,1970,26.5,3047.7
Cocos Isl,1971,26.3,2792.5
Cocos Isl,1972,26.5,1860.4
Cocos Isl,1973,26.7,3492.4
Cocos Isl,1974,26.3,2898.0
Cocos Isl,1975,26.3,3204.0
Cocos Isl,1976,26.5,1362.8
Cocos Isl,1977,26.7,1209.8
Cocos Isl,1978,26.3,1675.0
Cocos Isl,1979,26.7,1451.6
Cocos Isl,1980,26.7,1713.7
Cocos Isl,1981,26.4,2100.2
Cocos Isl,1982,26.4,1543.9
Cocos Isl,1983,27.2,2520.9
Cocos Isl,1984,26.8,2833.7
Cocos Isl,1985,26.8,1432.5
Cocos Isl,1986,26.0,1696.7
Cocos Isl,1987,26.7,1970.5
Cocos Isl,1988,26.6,2352.6
Cocos Isl,1989,26.6,2194.5
Cocos Isl,1990,26.6,2403.4
Cocos Isl,1991,26.7,910.8
Cocos Isl,1992,26.5,2937.8
Cocos Isl,1993,26.5,1854.6
Cocos Isl,1994,26.3,1295.7
Cocos Isl,1995,26.5,2373.2
Cocos Isl,1996,26.9,2789.4
Cocos Isl,1997,26.6,1625.7
Cocos Isl,1998,27.3,2574.9
Cocos Isl,1999,27.1,1652.3
Cocos Isl,2000,26.5,2811.8
Cocos Isl,2001,26.5,2701.4
Cocos Isl,2002,26.8,1578.7
Cocos Isl,2003,26.7,1488.7
Cocos Isl,2004,26.7,1602.3
Cocos Isl,2005,26.6,2321.3
Cocos Isl,2006,26.6,1190.7
Cocos Isl,2007,26.7,1483.8
Cocos Isl,2008,26.5,1477.6
Cocos Isl,2009,26.7,1653.5
Cocos Isl,2010,27.0,3599.4
Cocos Isl,2011,26.9,2017.8
Cocos Isl,2012,27.0,1606.0
Cocos Isl,2013,27.0,1785.2
Cocos Isl,2014,27.2,2210.5
Cocos Isl,2015,27.3,1821.1
Cocos Isl,2016,27.3,2382.8
Cocos Isl,2017,26.8,1746.9
Cocos Isl,2018,26.8,2205.7
Cocos Isl,2019,27.0,2150.6
Cocos Isl,2020,27.2,1837.3
Cocos Isl,2021,27.2,2530.3
Cocos Isl,2022,27.0,2081.0
Cocos Isl,2023,26.8,1971.8
Cocos Isl,2024,27.4,2021.1
Colombia,1901,24.6,2607.6
Colombia,1902,24.5,2395.5
Colombia,1903,24.6,2532.1
Colombia,1904,24.6,2493.9
Colombia,1905,24.5,2522.7
Colombia,1906,24.5,2517.5
Colombia,1907,24.6,2663.1
Colombia,1908,24.5,2615.6
Colombia,1909,24.5,2625.4
Colombia,1910,24.5,2748.4
Colombia,1911,24.6,2493.4
Colombia,1912,24.5,2609.0
Colombia,1913,24.6,2645.3
Colombia,1914,24.5,2408.8
Colombia,1915,24.8,2686.7
Colombia,1916,24.7,2601.0
Colombia,1917,24.6,2790.8
Colombia,1918,24.6,2523.3
Colombia,1919,24.5,2528.8
Colombia,1920,24.5,2608.4
Colombia,1921,24.5,2839.8
Colombia,1922,24.4,2581.9
Colombia,1923,24.4,2335.4
Colombia,1924,24.5,2529.8
Colombia,1925,24.4,2573.1
Colombia,1926,24.8,2457.6
Colombia,1927,24.4,2696.9
Colombia,1928,24.6,2679.9
Colombia,1929,24.6,2436.2
Colombia,1930,24.7,2389.0
Colombia,1931,24.8,2600.3
Colombia,1932,24.7,2524.1
Colombia,1933,24.7,2629.2
Colombia,1934,24.7,2571.8
Colombia,1935,24.7,2704.8
Colombia,1936,24.9,2416.3
Colombia,1937,24.7,2601.5
Colombia,1938,24.6,2871.9
Colombia,1939,24.7,2375.4
Colombia,1940,24.9,2366.8
Colombia,1941,25.4,2069.5
Colombia,1942,24.8,2272.3
Colombia,1943,24.6,2568.1
Colombia,1944,24.6,2398.3
Colombia,1945,24.6,2457.4
Colombia,1946,24.7,2279.8
Colombia,1947,24.9,2528.8
Colombia,1948,24.8,2289.0
Colombia,1949,24.5,2550.0
Colombia,1950,24.2,2868.4
Colombia,1951,24.7,2503.2
Colombia,1952,24.8,2503.6
Colombia,1953,24.8,2457.1
Colombia,1954,24.4,2607.9
Colombia,1955,24.4,2868.3
Colombia,1956,24.4,2723.5
Colombia,1957,24.9,2313.1
Colombia,1958,25.3,2092.3
Colombia,1959,24.9,2498.2
Colombia,1960,24.8,2536.7
Colombia,1961,24.7,2427.9
Colombia,1962,24.7,2587.7
Colombia,1963,24.9,2591.6
Colombia,1964,24.6,2546.7
Colombia,1965,24.7,2327.9
Colombia,1966,24.8,2508.1
Colombia,1967,24.4,2479.5
Colombia,1968,24.4,2512.2
Colombia,1969,25.0,2501.5
Colombia,1970,24.7,2696.5
Colombia,1971,24.1,2825.2
Colombia,1972,24.7,2578.2
Colombia,1973,24.7,2766.0
Colombia,1974,24.2,2540.5
Colombia,1975,24.1,2908.2
Colombia,1976,24.4,2407.8
Colombia,1977,24.9,2351.7
Colombia,1978,24.8,2498.4
Colombia,1979,24.8,2690.8
Colombia,1980,25.0,2293.0
Colombia,1981,24.7,2936.8
Colombia,1982,24.9,2586.3
Colombia,1983,25.4,2363.2
Colombia,1984,24.6,2778.9
Colombia,1985,24.6,2407.2
Colombia,1986,24.7,2579.2
Colombia,1987,25.3,2447.2
Colombia,1988,24.9,2760.0
Colombia,1989,24.7,2389.0
Colombia,1990,25.1,2404.1
Colombia,1991,25.0,2195.4
Colombia,1992,25.1,2099.0
Colombia,1993,25.0,2320.3
Colombia,1994,25.0,2441.2
Colombia,1995,25.2,2580.6
Colombia,1996,24.9,2658.1
Colombia,1997,25.2,2200.3
Colombia,1998,25.6,2642.3
Colombia,1999,24.7,2879.9
Colombia,2000,24.7,2677.1
Colombia,2001,25.1,2355.8
Colombia,2002,25.3,2663.9
Colombia,2003,25.3,2602.7
Colombia,2004,25.1,2575.3
Colombia,2005,25.2,2657.1
Colombia,2006,25.1,2676.3
Colombia,2007,25.0,2761.8
Colombia,2008,24.7,2964.8
Colombia,2009,25.3,2376.7
Colombia,2010,25.4,2916.1
Colombia,2011,25.1,3076.2
Colombia,2012,25.3,2381.8
Colombia,2013,25.5,2397.7
Colombia,2014,25.6,2319.2
Colombia,2015,25.9,2036.3
Colombia,2016,25.8,2363.4
Colombia,2017,25.3,2599.3
Colombia,2018,25.2,2468.5
Colombia,2019,25.5,2370.8
Colombia,2020,25.4,2446.5
Colombia,2021,25.1,2620.7
Colombia,2022,24.9,2813.4
Colombia,2023,25.5,2427.0
Colombia,2024,25.8,2520.2
Comoros,1901,24.6,1911.9
Comoros,1902,24.9,1883.2
Comoros,1903,24.7,1938.8
Comoros,1904,24.7,1909.5
Comoros,1905,24.8,1908.3
Comoros,1906,24.6,1910.7
Comoros,1907,24.6,1626.7
Comoros,1908,24.8,1847.3
Comoros,1909,24.7,1866.7
Comoros,1910,24.6,1859.6
Comoros,1911,24.7,1932.2
Comoros,1912,24.9,1893.6
Comoros,1913,25.0,1875.9
Comoros,1914,25.0,1938.6
Comoros,1915,25.0,1909.0
Comoros,1916,24.8,2075.2
Comoros,1917,24.7,1934.1
Comoros,1918,24.9,1890.4
Comoros,1919,25.0,1898.5
Comoros,1920,24.8,1874.2
Comoros,1921,24.8,1861.0
Comoros,1922,24.7,1840.5
Comoros,1923,25.1,1890.2
Comoros,1924,25.0,1901.8
Comoros,1925,25.1,1870.4
Comoros,1926,25.2,1854.4
Comoros,1927,24.9,1892.4
Comoros,1928,25.0,1879.6
Comoros,1929,25.1,1907.2
Comoros,1930,24.9,1830.3
Comoros,1931,24.7,1888.5
Comoros,1932,24.8,1930.5
Comoros,1933,24.8,1545.5
Comoros,1934,24.7,2170.2
Comoros,1935,24.8,1509.0
Comoros,1936,24.9,1436.1
Comoros,1937,24.9,2233.3
Comoros,1938,24.9,1563.9
Comoros,1939,24.9,1926.0
Comoros,1940,24.6,2159.0
Comoros,1941,25.0,1799.3
Comoros,1942,24.9,1646.0
Comoros,1943,24.5,1693.4
Comoros,1944,25.0,1549.6
Comoros,1945,24.9,1616.2
Comoros,1946,24.8,1514.2
Comoros,1947,24.9,1788.0
Comoros,1948,25.1,1828.4
Comoros,1949,24.9,1659.5
Comoros,1950,24.8,1619.9
Comoros,1951,25.0,1749.0
Comoros,1952,24.9,1647.8
Comoros,1953,25.0,1433.1
Comoros,1954,24.8,1650.7
Comoros,1955,24.6,1933.4
Comoros,1956,24.4,2074.2
Comoros,1957,24.5,1874.9
Comoros,1958,24.8,1657.2
Comoros,1959,24.5,1736.0
Comoros,1960,24.5,1702.8
Comoros,1961,25.1,2200.9
Comoros,1962,24.7,1757.5
Comoros,1963,24.5,1743.3
Comoros,1964,24.5,1766.1
Comoros,1965,24.4,2192.0
Comoros,1966,24.9,1567.1
Comoros,1967,24.9,1774.1
Comoros,1968,24.5,1990.8
Comoros,1969,25.1,2020.7
Comoros,1970,24.7,1745.0
Comoros,1971,24.1,1903.6
Comoros,1972,24.5,1893.7
Comoros,1973,24.5,2175.3
Comoros,1974,24.1,2271.1
Comoros,1975,24.3,1698.5
Comoros,1976,24.4,1949.5
Comoros,1977,24.8,1875.2
Comoros,1978,24.7,1949.9
Comoros,1979,24.7,1917.7
Comoros,1980,24.6,2004.5
Comoros,1981,24.6,1870.0
Comoros,1982,24.7,1853.7
Comoros,1983,24.8,2041.8
Comoros,1984,24.2,1861.1
Comoros,1985,24.4,1776.8
Comoros,1986,24.5,1790.4
Comoros,1987,25.0,1602.4
Comoros,1988,24.9,1901.9
Comoros,1989,24.4,2298.2
Comoros,1990,24.8,1927.8
Comoros,1991,24.6,2087.0
Comoros,1992,24.7,1918.9
Comoros,1993,24.6,1779.5
Comoros,1994,24.9,1842.2
Comoros,1995,24.8,1656.0
Comoros,1996,24.6,2048.3
Comoros,1997,24.9,1479.1
Comoros,1998,25.2,1532.6
Comoros,1999,24.8,1751.0
Comoros,2000,24.8,1825.8
Comoros,2001,24.9,1740.8
Comoros,2002,24.9,1838.1
Comoros,2003,25.0,1608.3
Comoros,2004,24.8,1537.0
Comoros,2005,25.1,1651.4
Comoros,2006,24.9,1884.8
Comoros,2007,25.2,1430.0
Comoros,2008,24.9,1861.9
Comoros,2009,25.2,1627.0
Comoros,2010,25.2,1823.7
Comoros,2011,25.2,2095.1
Comoros,2012,25.1,1976.0
Comoros,2013,25.2,1395.4
Comoros,2014,25.1,1777.7
Comoros,2015,25.4,1895.4
Comoros,2016,25.2,2025.4
Comoros,2017,25.4,1784.4
Comoros,2018,25.2,1908.9
Comoros,2019,25.5,1616.6
Comoros,2020,25.5,1615.2
Comoros,2021,25.3,1624.3
Comoros,2022,25.1,1986.1
Comoros,2023,25.7,1479.6
Comoros,2024,25.7,1478.5
Congo,1901,24.3,1600.8
Congo,1902,24.4,1623.8
Congo,1903,24.5,1682.5
Congo,1904,24.3,1590.6
Congo,1905,24.5,1621.8
Congo,1906,24.5,1626.0
Congo,1907,24.5,1627.7
Congo,1908,24.2,1530.4
Congo,1909,24.6,1814.3
Congo,1910,24.3,1619.1
Congo,1911,24.5,1662.0
Congo,1912,24.6,1751.8
Congo,1913,24.3,1408.6
Congo,1914,24.5,1641.1
Congo,1915,24.4,1541.5
Congo,1916,24.4,1744.4
Congo,1917,24.4,1604.4
Congo,1918,24.4,1522.2
Congo,1919,24.4,1541.9
Congo,1920,24.4,1588.8
Congo,1921,24.4,1585.6
Congo,1922,24.4,1623.4
Congo,1923,24.4,1631.3
Congo,1924,24.4,1592.6
Congo,1925,24.4,1709.5
Congo,1926,24.4,1689.7
Congo,1927,24.4,1558.1
Congo,1928,24.4,1609.1
Congo,1929,24.4,1649.8
Congo,1930,24.4,1464.0
Congo,1931,24.4,1532.4
Congo,1932,24.4,1563.6
Congo,1933,24.5,1711.0
Congo,1934,24.5,1560.5
Congo,1935,24.4,1607.1
Congo,1936,24.4,1590.3
Congo,1937,24.5,1650.5
Congo,1938,24.4,1500.2
Congo,1939,24.4,1724.6
Congo,1940,24.4,1535.8
Congo,1941,25.0,1443.2
Congo,1942,24.9,1499.7
Congo,1943,24.3,1460.3
Congo,1944,24.9,1807.0
Congo,1945,24.8,1677.8
Congo,1946,24.7,1582.4
Congo,1947,24.9,1713.6
Congo,1948,24.5,1645.8
Congo,1949,24.9,1691.0
Congo,1950,24.6,1654.5
Congo,1951,24.7,1647.1
Congo,1952,24.8,1744.4
Congo,1953,24.6,1496.5
Congo,1954,24.4,1632.0
Congo,1955,24.4,1770.8
Congo,1956,24.4,1483.5
Congo,1957,24.6,1659.8
Congo,1958,24.7,1327.8
Congo,1959,24.7,1812.0
Congo,1960,24.7,1739.9
Congo,1961,24.3,1816.7
Congo,1962,24.5,1780.9
Congo,1963,24.7,1780.2
Congo,1964,24.4,1670.3
Congo,1965,24.5,1586.6
Congo,1966,24.8,1852.4
Congo,1967,24.4,1550.4
Congo,1968,24.5,1628.1
Congo,1969,24.7,1753.0
Congo,1970,24.7,1723.2
Congo,1971,24.2,1587.5
Congo,1972,24.3,1441.4
Congo,1973,24.5,1601.0
Congo,1974,23.9,1610.5
Congo,1975,24.0,1657.6
Congo,1976,23.8,1664.5
Congo,1977,24.2,1683.4
Congo,1978,24.2,1453.7
Congo,1979,24.6,1610.2
Congo,1980,24.4,1723.8
Congo,1981,24.6,1675.1
Congo,1982,24.3,1616.8
Congo,1983,24.8,1410.9
Congo,1984,24.7,1657.7
Congo,1985,24.5,1763.1
Congo,1986,24.5,1584.9
Congo,1987,25.0,1571.1
Congo,1988,24.7,1698.0
Congo,1989,24.5,1625.9
Congo,1990,24.7,1721.8
Congo,1991,24.5,1540.5
Congo,1992,24.3,1509.6
Congo,1993,24.3,1552.1
Congo,1994,24.4,1675.4
Congo,1995,24.6,1599.5
Congo,1996,24.3,1507.5
Congo,1997,24.5,1673.4
Congo,1998,25.2,1609.6
Congo,1999,24.5,1859.0
Congo,2000,24.5,1646.3
Congo,2001,24.7,1514.9
Congo,2002,24.8,1715.5
Congo,2003,24.8,1571.0
Congo,2004,24.9,1507.1
Congo,2005,24.9,1489.3
Congo,2006,24.9,1629.5
Congo,2007,24.8,1662.1
Congo,2008,24.7,1774.3
Congo,2009,24.8,1682.6
Congo,2010,25.1,1615.3
Congo,2011,24.7,1646.6
Congo,2012,24.8,1613.5
Congo,2013,24.8,1595.5
Congo,2014,24.8,1518.6
Congo,2015,24.9,1488.5
Congo,2016,25.3,1720.7
Congo,2017,24.9,1745.3
Congo,2018,25.1,1624.6
Congo,2019,25.0,1804.3
Congo,2020,25.4,1737.4
Congo,2021,25.3,1632.5
Congo,2022,25.1,1668.1
Congo,2023,24.9,1679.9
Congo,2024,25.3,1394.0
Cook Isl,1901,24.7,1972.3
Cook Isl,1902,24.7,1785.3
Cook Isl,1903,24.8,1703.2
Cook Isl,1904,24.6,1804.7
Cook Isl,1905,24.7,1691.5
Cook Isl,1906,24.7,1731.5
Cook Isl,1907,24.3,1940.1
Cook Isl,1908,24.5,2361.4
Cook Isl,1909,24.5,2042.5
Cook Isl,1910,24.5,2079.2
Cook Isl,1911,24.4,1773.3
Cook Isl,1912,24.4,1944.4
Cook Isl,1913,24.2,1679.7
Cook Isl,1914,24.2,1582.7
Cook Isl,1915,24.3,1402.6
Cook Isl,1916,24.6,1941.9
Cook Isl,1917,24.5,2243.7
Cook Isl,1918,24.0,2230.4
Cook Isl,1919,24.3,1507.4
Cook Isl,1920,24.5,2132.8
Cook Isl,1921,24.7,2132.7
Cook Isl,1922,24.7,2044.7
Cook Isl,1923,24.3,1785.6
Cook Isl,1924,24.7,1945.8
Cook Isl,1925,24.3,1837.0
Cook Isl,1926,24.4,1654.2
Cook Isl,1927,24.8,1943.0
Cook Isl,1928,24.4,1670.4
Cook Isl,1929,24.3,1904.4
Cook Isl,1930,24.3,2005.7
Cook Isl,1931,24.3,1519.7
Cook Isl,1932,24.5,1568.9
Cook Isl,1933,24.4,1834.2
Cook Isl,1934,24.5,1922.5
Cook Isl,1935,24.7,1683.8
Cook Isl,1936,24.6,1912.1
Cook Isl,1937,24.8,1793.3
Cook Isl,1938,25.0,2113.0
Cook Isl,1939,24.8,2194.3
Cook Isl,1940,24.5,1577.6
Cook Isl,1941,24.5,1443.9
Cook Isl,1942,25.0,2029.7
Cook Isl,1943,24.8,2408.2
Cook Isl,1944,24.4,1745.1
Cook Isl,1945,24.8,2374.3
Cook Isl,1946,24.7,2018.6
Cook Isl,1947,25.0,2199.4
Cook Isl,1948,24.2,1587.0
Cook Isl,1949,24.6,1940.0
Cook Isl,1950,24.7,1566.0
Cook Isl,1951,24.3,1784.5
Cook Isl,1952,24.9,1800.9
Cook Isl,1953,24.6,1858.2
Cook Isl,1954,24.7,1985.9
Cook Isl,1955,24.6,2303.3
Cook Isl,1956,24.4,2258.9
Cook Isl,1957,24.4,2144.9
Cook Isl,1958,24.2,1787.9
Cook Isl,1959,24.5,2224.4
Cook Isl,1960,24.6,1823.4
Cook Isl,1961,24.6,1760.8
Cook Isl,1962,24.2,2392.9
Cook Isl,1963,24.3,1700.8
Cook Isl,1964,24.6,1850.5
Cook Isl,1965,24.0,1700.9
Cook Isl,1966,24.3,1597.9
Cook Isl,1967,24.2,2601.3
Cook Isl,1968,24.5,1734.6
Cook Isl,1969,24.7,2017.4
Cook Isl,1970,25.0,2310.7
Cook Isl,1971,24.6,2106.6
Cook Isl,1972,24.6,1296.5
Cook Isl,1973,25.3,1972.6
Cook Isl,1974,24.7,1990.3
Cook Isl,1975,24.7,1475.7
Cook Isl,1976,24.5,1753.2
Cook Isl,1977,24.5,2012.0
Cook Isl,1978,24.7,2486.4
Cook Isl,1979,24.6,1893.4
Cook Isl,1980,24.9,2159.5
Cook Isl,1981,24.8,2438.0
Cook Isl,1982,24.5,1253.2
Cook Isl,1983,24.7,1322.5
Cook Isl,1984,24.7,2028.4
Cook Isl,1985,24.8,2015.5
Cook Isl,1986,24.8,2211.4
Cook Isl,1987,24.4,1518.8
Cook Isl,1988,25.1,2216.1
Cook Isl,1989,25.0,1923.1
Cook Isl,1990,25.0,1633.8
Cook Isl,1991,24.9,1779.0
Cook Isl,1992,24.9,1485.7
Cook Isl,1993,24.7,1751.0
Cook Isl,1994,24.7,1995.1
Cook Isl,1995,24.9,1984.9
Cook Isl,1996,25.0,1873.1
Cook Isl,1997,24.6,1449.3
Cook Isl,1998,24.8,1365.8
Cook Isl,1999,25.1,1996.7
Cook Isl,2000,25.0,1925.5
Cook Isl,2001,24.9,1785.5
Cook Isl,2002,24.9,1658.5
Cook Isl,2003,24.9,1945.9
Cook Isl,2004,25.0,1705.2
Cook Isl,2005,24.8,1943.3
Cook Isl,2006,24.8,1919.9
Cook Isl,2007,24.8,1919.9
Cook Isl,2008,24.8,1919.9
Cook Isl,2009,24.9,1919.9
Cook Isl,2010,24.9,1919.9
Cook Isl,2011,24.8,1919.9
Cook Isl,2012,24.8,1919.9
Cook Isl,2013,24.8,1919.9
Cook Isl,2014,24.8,1919.9
Cook Isl,2015,24.8,1919.9
Cook Isl,2016,24.9,1919.9
Cook Isl,2017,24.9,1919.9
Cook Isl,2018,24.8,1919.9
Cook Isl,2019,24.8,1919.9
Cook Isl,2020,24.9,1919.9
Cook Isl,2021,24.9,1919.9
Cook Isl,2022,24.8,1919.9
Cook Isl,2023,24.9,1919.9
Cook Isl,2024,24.8,1919.9
Costa Rica,1901,25.0,3316.0
Costa Rica,1902,25.0,2513.1
Costa Rica,1903,25.0,3242.3
Costa Rica,1904,25.0,3162.6
Costa Rica,1905,25.0,3071.3
Costa Rica,1906,25.0,2636.1
Costa Rica,1907,25.0,1906.8
Costa Rica,1908,25.0,2857.5
Costa Rica,1909,25.0,3401.3
Costa Rica,1910,25.0,2554.9
Costa Rica,1911,25.0,2503.1
Costa Rica,1912,25.0,2365.6
Costa Rica,1913,25.0,2903.0
Costa Rica,1914,25.0,1948.9
Costa Rica,1915,25.0,3398.4
Costa Rica,1916,25.0,3693.8
Costa Rica,1917,25.0,3298.4
Costa Rica,1918,25.0,2209.2
Costa Rica,1919,25.0,2657.1
Costa Rica,1920,25.0,2427.2
Costa Rica,1921,25.0,2327.1
Costa Rica,1922,25.0,2273.0
Costa Rica,1923,25.0,1904.1
Costa Rica,1924,25.0,3287.2
Costa Rica,1925,25.0,2446.1
Costa Rica,1926,25.0,2557.7
Costa Rica,1927,25.0,2651.5
Costa Rica,1928,25.0,2442.2
Costa Rica,1929,25.0,1837.7
Costa Rica,1930,25.0,1620.3
Costa Rica,1931,25.0,2358.1
Costa Rica,1932,25.0,2629.3
Costa Rica,1933,25.0,3108.7
Costa Rica,1934,25.0,2796.7
Costa Rica,1935,24.9,3119.9
Costa Rica,1936,25.2,2719.6
Costa Rica,1937,25.0,3314.3
Costa Rica,1938,24.8,3389.0
Costa Rica,1939,24.9,2688.8
Costa Rica,1940,24.9,2191.8
Costa Rica,1941,25.0,2621.2
Costa Rica,1942,24.9,3267.9
Costa Rica,1943,24.6,2991.9
Costa Rica,1944,24.8,3140.0
Costa Rica,1945,24.9,2704.0
Costa Rica,1946,24.9,2438.2
Costa Rica,1947,24.9,2765.8
Costa Rica,1948,24.9,2653.4
Costa Rica,1949,24.8,3141.0
Costa Rica,1950,24.6,3107.5
Costa Rica,1951,25.0,2769.5
Costa Rica,1952,25.1,2884.7
Costa Rica,1953,25.1,2820.9
Costa Rica,1954,24.7,3272.9
Costa Rica,1955,24.8,3276.0
Costa Rica,1956,25.0,3335.1
Costa Rica,1957,25.4,2496.0
Costa Rica,1958,25.7,2467.0
Costa Rica,1959,25.3,2287.5
Costa Rica,1960,25.1,2998.5
Costa Rica,1961,24.9,2746.4
Costa Rica,1962,24.7,2973.1
Costa Rica,1963,25.0,2835.9
Costa Rica,1964,24.9,2773.6
Costa Rica,1965,25.0,2626.8
Costa Rica,1966,25.1,3275.7
Costa Rica,1967,24.8,2949.4
Costa Rica,1968,24.6,3089.1
Costa Rica,1969,25.1,3149.1
Costa Rica,1970,24.8,3720.7
Costa Rica,1971,24.6,3032.5
Costa Rica,1972,25.1,2847.2
Costa Rica,1973,25.0,3304.3
Costa Rica,1974,24.6,3125.6
Costa Rica,1975,24.4,3232.3
Costa Rica,1976,24.6,2623.8
Costa Rica,1977,24.9,2443.6
Costa Rica,1978,25.0,2742.5
Costa Rica,1979,25.1,3038.8
Costa Rica,1980,25.2,3049.4
Costa Rica,1981,25.0,3266.5
Costa Rica,1982,25.2,2621.2
Costa Rica,1983,25.6,2670.2
Costa Rica,1984,24.8,2937.8
Costa Rica,1985,25.0,2456.2
Costa Rica,1986,25.1,2541.3
Costa Rica,1987,25.7,2739.5
Costa Rica,1988,25.4,3179.4
Costa Rica,1989,25.2,2730.1
Costa Rica,1990,25.6,2849.7
Costa Rica,1991,25.6,2728.5
Costa Rica,1992,25.6,2451.9
Costa Rica,1993,25.6,2953.4
Costa Rica,1994,25.6,2440.5
Costa Rica,1995,25.6,3181.5
Costa Rica,1996,25.1,3283.7
Costa Rica,1997,25.6,2834.9
Costa Rica,1998,25.8,3043.9
Costa Rica,1999,24.9,2852.9
Costa Rica,2000,25.1,2560.9
Costa Rica,2001,25.5,2604.3
Costa Rica,2002,25.7,2956.1
Costa Rica,2003,25.7,3170.2
Costa Rica,2004,25.6,3050.3
Costa Rica,2005,25.4,2934.0
Costa Rica,2006,25.6,2805.2
Costa Rica,2007,25.4,3019.5
Costa Rica,2008,25.4,3474.6
Costa Rica,2009,25.8,2643.5
Costa Rica,2010,25.6,3388.2
Costa Rica,2011,25.5,2901.5
Costa Rica,2012,25.5,2148.3
Costa Rica,2013,25.6,2350.8
Costa Rica,2014,25.7,2747.0
Costa Rica,2015,25.8,2633.1
Costa Rica,2016,25.7,2541.7
Costa Rica,2017,25.6,2611.8
Costa Rica,2018,25.2,3343.4
Costa Rica,2019,25.5,3141.0
Costa Rica,2020,25.6,3157.2
Costa Rica,2021,25.5,3007.8
Costa Rica,2022,25.3,2736.0
Costa Rica,2023,26.1,2389.1
Costa Rica,2024,26.0,3188.1
Croatia,1901,10.3,1202.7
Croatia,1902,10.1,1166.2
Croatia,1903,10.8,1170.2
Croatia,1904,11.1,1123.6
Croatia,1905,10.7,1348.4
Croatia,1906,10.6,1240.4
Croatia,1907,10.5,1117.4
Croatia,1908,10.1,989.2
Croatia,1909,10.2,1211.3
Croatia,1910,10.9,1501.1
Croatia,1911,11.2,984.9
Croatia,1912,10.2,1228.5
Croatia,1913,10.6,1116.7
Croatia,1914,10.2,1190.9
Croatia,1915,10.6,1627.8
Croatia,1916,11.4,1385.6
Croatia,1917,10.5,1222.0
Croatia,1918,10.9,1074.8
Croatia,1919,10.3,1363.9
Croatia,1920,11.3,1025.8
Croatia,1921,11.4,827.9
Croatia,1922,10.2,1215.1
Croatia,1923,11.3,1314.9
Croatia,1924,10.2,1121.4
Croatia,1925,10.7,1321.3
Croatia,1926,11.4,1370.1
Croatia,1927,11.3,1068.7
Croatia,1928,11.2,1156.5
Croatia,1929,10.3,1042.1
Croatia,1930,11.5,1353.9
Croatia,1931,10.4,1118.1
Croatia,1932,10.9,1124.6
Croatia,1933,10.0,1349.3
Croatia,1934,12.1,1215.3
Croatia,1935,10.8,1079.3
Croatia,1936,11.2,1186.8
Croatia,1937,11.2,1664.8
Croatia,1938,11.0,952.5
Croatia,1939,11.0,1173.7
Croatia,1940,9.3,1338.7
Croatia,1941,9.9,1244.6
Croatia,1942,10.4,1015.8
Croatia,1943,11.5,1096.5
Croatia,1944,10.7,1116.0
Croatia,1945,11.4,831.5
Croatia,1946,11.6,907.9
Croatia,1947,11.5,984.2
Croatia,1948,11.5,1166.0
Croatia,1949,11.5,926.3
Croatia,1950,11.9,1144.7
Croatia,1951,11.9,1317.1
Croatia,1952,11.2,1190.5
Croatia,1953,11.3,953.3
Croatia,1954,10.3,1128.2
Croatia,1955,10.6,1305.9
Croatia,1956,10.0,1038.0
Croatia,1957,11.4,998.7
Croatia,1958,11.5,1111.1
Croatia,1959,11.4,1226.8
Croatia,1960,11.3,1448.5
Croatia,1961,11.8,1107.3
Croatia,1962,10.4,1172.2
Croatia,1963,10.6,1150.9
Croatia,1964,10.8,1248.5
Croatia,1965,10.4,1258.7
Croatia,1966,11.5,1371.0
Croatia,1967,11.5,1063.8
Croatia,1968,11.2,1062.9
Croatia,1969,10.7,1234.5
Croatia,1970,10.8,1160.2
Croatia,1971,11.1,901.7
Croatia,1972,11.0,1161.6
Croatia,1973,10.9,890.0
Croatia,1974,11.4,1271.1
Croatia,1975,11.5,1037.4
Croatia,1976,10.8,1246.9
Croatia,1977,11.5,1074.4
Croatia,1978,10.4,1148.3
Croatia,1979,11.2,1237.3
Croatia,1980,10.3,1221.5
Croatia,1981,11.2,1175.4
Croatia,1982,11.5,1059.7
Croatia,1983,11.8,841.3
Croatia,1984,10.8,1258.4
Croatia,1985,10.7,990.8
Croatia,1986,11.0,1048.0
Croatia,1987,10.9,1120.1
Croatia,1988,11.7,983.4
Croatia,1989,11.8,930.2
Croatia,1990,12.1,953.0
Croatia,1991,11.0,1065.7
Croatia,1992,12.3,1090.0
Croatia,1993,11.6,1118.8
Croatia,1994,12.8,1030.2
Croatia,1995,11.6,1309.0
Croatia,1996,10.8,1303.1
Croatia,1997,11.6,1071.2
Croatia,1998,11.9,1156.7
Croatia,1999,12.0,1233.0
Croatia,2000,12.9,1017.4
Croatia,2001,11.9,1067.9
Croatia,2002,12.6,1250.9
Croatia,2003,12.1,830.5
Croatia,2004,11.6,1239.7
Croatia,2005,11.2,1232.1
Croatia,2006,11.9,972.8
Croatia,2007,12.8,1061.5
Croatia,2008,12.7,1123.2
Croatia,2009,12.5,1183.1
Croatia,2010,11.6,1434.7
Croatia,2011,12.6,795.2
Croatia,2012,12.7,1040.0
Croatia,2013,12.4,1312.8
Croatia,2014,13.2,1487.2
Croatia,2015,13.0,1113.3
Croatia,2016,12.6,1226.9
Croatia,2017,12.6,1065.1
Croatia,2018,13.4,1101.9
Croatia,2019,13.4,1302.7
Croatia,2020,13.1,1128.0
Croatia,2021,12.4,1066.0
Croatia,2022,13.5,869.8
Croatia,2023,13.7,1322.0
Croatia,2024,14.2,1055.4
Crozet Isl,1901,5.3,1544.0
Crozet Isl,1902,5.3,1544.0
Crozet Isl,1903,5.3,1544.0
Crozet Isl,1904,5.3,1544.0
Crozet Isl,1905,5.3,1544.0
Crozet Isl,1906,5.3,1544.0
Crozet Isl,1907,5.3,1544.0
Crozet Isl,1908,5.3,1544.0
Crozet Isl,1909,5.3,1544.0
Crozet Isl,1910,5.3,1544.0
Crozet Isl,1911,5.3,1544.0
Crozet Isl,1912,5.3,1544.0
Crozet Isl,1913,5.3,1544.0
Crozet Isl,1914,5.3,1544.0
Crozet Isl,1915,5.3,1544.0
Crozet Isl,1916,5.3,1544.0
Crozet Isl,1917,5.3,1544.0
Crozet Isl,1918,5.3,1544.0
Crozet Isl,1919,5.3,1544.0
Crozet Isl,1920,5.3,1544.0
Crozet Isl,1921,5.3,1544.0
Crozet Isl,1922,5.3,1544.0
Crozet Isl,1923,5.3,1544.0
Crozet Isl,1924,5.3,1544.0
Crozet Isl,1925,5.3,1544.0
Crozet Isl,1926,5.3,1544.0
Crozet Isl,1927,5.3,1544.0
Crozet Isl,1928,5.3,1544.0
Crozet Isl,1929,5.3,1544.0
Crozet Isl,1930,5.3,1544.0
Crozet Isl,1931,5.3,1544.0
Crozet Isl,1932,5.3,1544.0
Crozet Isl,1933,5.3,1544.0
Crozet Isl,1934,5.3,1544.0
Crozet Isl,1935,5.3,1544.0
Crozet Isl,1936,5.3,1544.0
Crozet Isl,1937,5.3,1544.0
Crozet Isl,1938,5.3,1544.0
Crozet Isl,1939,5.3,1544.0
Crozet Isl,1940,5.3,1544.0
Crozet Isl,1941,5.3,1544.0
Crozet Isl,1942,5.3,1544.0
Crozet Isl,1943,5.3,1544.0
Crozet Isl,1944,5.3,1544.0
Crozet Isl,1945,5.3,1544.0
Crozet Isl,1946,5.3,1544.0
Crozet Isl,1947,5.3,1544.0
Crozet Isl,1948,5.2,1544.0
Crozet Isl,1949,5.2,1544.0
Crozet Isl,1950,5.3,1544.0
Crozet Isl,1951,5.2,1544.0
Crozet Isl,1952,5.2,1544.0
Crozet Isl,1953,5.3,1544.0
Crozet Isl,1954,5.2,1544.0
Crozet Isl,1955,5.2,1544.0
Crozet Isl,1956,5.2,1544.0
Crozet Isl,1957,5.3,1544.0
Crozet Isl,1958,5.2,1544.0
Crozet Isl,1959,5.3,1544.0
Crozet Isl,1960,5.2,1544.0
Crozet Isl,1961,5.3,1544.0
Crozet Isl,1962,5.3,1544.0
Crozet Isl,1963,5.3,1544.0
Crozet Isl,1964,5.2,1544.0
Crozet Isl,1965,5.2,1544.0
Crozet Isl,1966,4.7,1544.0
Crozet Isl,1967,5.3,1544.0
Crozet Isl,1968,5.2,1544.0
Crozet Isl,1969,4.5,1544.0
Crozet Isl,1970,5.4,1544.0
Crozet Isl,1971,5.4,1544.0
Crozet Isl,1972,5.2,1544.0
Crozet Isl,1973,5.3,1544.0
Crozet Isl,1974,5.2,1544.0
Crozet Isl,1975,5.1,1544.0
Crozet Isl,1976,5.2,1544.0
Crozet Isl,1977,5.2,1544.0
Crozet Isl,1978,5.3,1544.0
Crozet Isl,1979,5.1,1544.0
Crozet Isl,1980,5.5,1544.0
Crozet Isl,1981,5.2,1544.0
Crozet Isl,1982,5.6,1544.0
Crozet Isl,1983,5.5,1544.0
Crozet Isl,1984,5.5,1544.0
Crozet Isl,1985,5.6,1544.0
Crozet Isl,1986,5.5,1544.0
Crozet Isl,1987,5.7,1544.0
Crozet Isl,1988,4.8,1544.0
Crozet Isl,1989,5.7,1544.0
Crozet Isl,1990,5.3,1544.0
Crozet Isl,1991,5.4,1544.0
Crozet Isl,1992,5.3,1544.0
Crozet Isl,1993,5.7,1544.0
Crozet Isl,1994,5.3,1544.0
Crozet Isl,1995,5.3,1544.0
Crozet Isl,1996,5.7,1544.0
Crozet Isl,1997,5.6,1544.0
Crozet Isl,1998,5.6,1544.0
Crozet Isl,1999,5.4,1544.0
Crozet Isl,2000,5.5,1544.0
Crozet Isl,2001,5.7,1544.0
Crozet Isl,2002,5.3,1544.0
Crozet Isl,2003,5.2,1544.0
Crozet Isl,2004,5.6,1544.0
Crozet Isl,2005,5.5,1544.0
Crozet Isl,2006,5.5,1544.0
Crozet Isl,2007,5.3,1544.0
Crozet Isl,2008,5.1,1544.0
Crozet Isl,2009,5.3,1544.0
Crozet Isl,2010,5.5,1544.0
Crozet Isl,2011,5.2,1544.0
Crozet Isl,2012,5.6,1544.0
Crozet Isl,2013,5.2,1544.0
Crozet Isl,2014,5.2,1544.0
Crozet Isl,2015,5.5,1544.0
Crozet Isl,2016,5.5,1544.0
Crozet Isl,2017,5.5,1544.0
Crozet Isl,2018,5.3,1544.0
Crozet Isl,2019,5.5,1544.0
Crozet Isl,2020,5.5,1544.0
Crozet Isl,2021,5.5,1544.0
Crozet Isl,2022,5.8,1544.0
Crozet Isl,2023,5.8,1544.0
Crozet Isl,2024,6.2,1544.0
Cuba,1901,24.1,1553.4
Cuba,1902,24.8,1258.5
Cuba,1903,24.6,1317.6
Cuba,1904,24.6,1292.3
Cuba,1905,25.0,1360.7
Cuba,1906,24.6,1596.6
Cuba,1907,25.0,1081.8
Cuba,1908,25.0,1326.8
Cuba,1909,25.0,1453.9
Cuba,1910,24.0,1366.3
Cuba,1911,25.4,1174.7
Cuba,1912,25.3,1209.1
Cuba,1913,25.1,1221.7
Cuba,1914,24.7,1141.2
Cuba,1915,24.7,1588.5
Cuba,1916,24.8,1354.1
Cuba,1917,24.5,1166.4
Cuba,1918,25.0,1157.4
Cuba,1919,25.2,1385.9
Cuba,1920,24.8,1212.2
Cuba,1921,25.4,1233.7
Cuba,1922,25.4,1286.1
Cuba,1923,25.2,1298.4
Cuba,1924,25.1,1427.8
Cuba,1925,25.3,1163.4
Cuba,1926,25.0,1321.8
Cuba,1927,25.3,1177.6
Cuba,1928,24.9,1209.1
Cuba,1929,25.5,1273.1
Cuba,1930,24.9,1388.0
Cuba,1931,24.9,1382.0
Cuba,1932,25.4,1331.9
Cuba,1933,25.4,1590.8
Cuba,1934,25.1,1313.7
Cuba,1935,25.0,1227.2
Cuba,1936,25.2,1518.3
Cuba,1937,25.2,1353.0
Cuba,1938,25.1,1262.6
Cuba,1939,25.4,1254.8
Cuba,1940,24.5,1240.4
Cuba,1941,25.1,1158.5
Cuba,1942,25.0,1409.8
Cuba,1943,24.9,1191.0
Cuba,1944,25.2,1292.8
Cuba,1945,25.2,1240.6
Cuba,1946,25.6,1162.2
Cuba,1947,25.3,1442.2
Cuba,1948,26.0,1546.1
Cuba,1949,25.5,1237.2
Cuba,1950,25.0,1398.3
Cuba,1951,25.0,1246.6
Cuba,1952,25.0,1347.5
Cuba,1953,25.3,1433.1
Cuba,1954,24.9,1540.4
Cuba,1955,24.9,1217.2
Cuba,1956,24.8,1128.8
Cuba,1957,25.4,1366.9
Cuba,1958,24.9,1661.7
Cuba,1959,25.5,1310.9
Cuba,1960,24.9,1592.4
Cuba,1961,25.3,1146.8
Cuba,1962,25.0,1074.2
Cuba,1963,24.9,1442.8
Cuba,1964,25.4,1345.6
Cuba,1965,25.2,1083.4
Cuba,1966,24.8,1645.8
Cuba,1967,25.1,1101.0
Cuba,1968,24.4,1483.2
Cuba,1969,24.8,1791.2
Cuba,1970,24.8,1252.8
Cuba,1971,25.1,1142.4
Cuba,1972,25.5,1513.9
Cuba,1973,25.2,1353.2
Cuba,1974,25.4,1021.6
Cuba,1975,25.6,994.2
Cuba,1976,24.7,1132.3
Cuba,1977,24.8,1436.1
Cuba,1978,25.0,1552.3
Cuba,1979,25.2,1467.9
Cuba,1980,25.2,1465.5
Cuba,1981,25.0,1127.7
Cuba,1982,25.8,1334.7
Cuba,1983,25.1,1399.1
Cuba,1984,25.1,1282.1
Cuba,1985,25.3,1282.3
Cuba,1986,25.6,1119.3
Cuba,1987,25.4,1326.4
Cuba,1988,25.4,1500.0
Cuba,1989,25.6,1130.4
Cuba,1990,26.1,1254.4
Cuba,1991,26.0,1284.5
Cuba,1992,25.4,1150.8
Cuba,1993,25.5,1302.4
Cuba,1994,26.1,1263.7
Cuba,1995,25.7,1537.3
Cuba,1996,25.2,1419.0
Cuba,1997,25.7,1246.4
Cuba,1998,25.9,1223.5
Cuba,1999,25.5,1268.7
Cuba,2000,25.4,1217.8
Cuba,2001,25.6,1467.2
Cuba,2002,25.9,1418.7
Cuba,2003,25.8,1400.8
Cuba,2004,25.6,1108.0
Cuba,2005,25.5,1665.9
Cuba,2006,25.7,1245.2
Cuba,2007,25.9,1689.1
Cuba,2008,25.6,1450.2
Cuba,2009,25.7,1180.7
Cuba,2010,24.9,1522.0
Cuba,2011,25.9,1392.0
Cuba,2012,25.7,1467.0
Cuba,2013,25.9,1399.8
Cuba,2014,25.8,1338.7
Cuba,2015,26.6,1152.4
Cuba,2016,26.2,1297.8
Cuba,2017,26.2,1518.1
Cuba,2018,26.0,1321.2
Cuba,2019,26.5,1338.0
Cuba,2020,26.6,1548.4
Cuba,2021,26.2,1153.9
Cuba,2022,26.3,1198.8
Cuba,2023,26.7,1484.9
Cuba,2024,26.5,1456.1
Curacao Isl,1901,27.4,587.1
Curacao Isl,1902,26.9,551.5
Curacao Isl,1903,27.1,585.0
Curacao Isl,1904,26.7,634.9
Curacao Isl,1905,26.9,596.9
Curacao Isl,1906,26.7,559.8
Curacao Isl,1907,26.7,554.9
Curacao Isl,1908,26.6,557.5
Curacao Isl,1909,26.7,560.5
Curacao Isl,1910,26.7,536.5
Curacao Isl,1911,26.7,601.1
Curacao Isl,1912,26.8,574.7
Curacao Isl,1913,26.6,579.2
Curacao Isl,1914,26.7,548.6
Curacao Isl,1915,27.5,559.6
Curacao Isl,1916,27.2,572.6
Curacao Isl,1917,27.0,602.5
Curacao Isl,1918,27.0,557.3
Curacao Isl,1919,26.8,546.2
Curacao Isl,1920,26.6,554.9
Curacao Isl,1921,26.9,473.1
Curacao Isl,1922,26.7,668.0
Curacao Isl,1923,27.1,532.2
Curacao Isl,1924,27.2,732.6
Curacao Isl,1925,27.0,439.9
Curacao Isl,1926,27.5,623.1
Curacao Isl,1927,27.0,779.8
Curacao Isl,1928,27.2,652.9
Curacao Isl,1929,27.0,470.1
Curacao Isl,1930,27.1,455.5
Curacao Isl,1931,27.5,589.2
Curacao Isl,1932,27.7,643.5
Curacao Isl,1933,27.5,836.8
Curacao Isl,1934,27.6,572.0
Curacao Isl,1935,27.4,621.2
Curacao Isl,1936,27.6,596.4
Curacao Isl,1937,27.5,748.9
Curacao Isl,1938,27.2,788.1
Curacao Isl,1939,27.5,503.6
Curacao Isl,1940,28.0,446.2
Curacao Isl,1941,28.2,321.9
Curacao Isl,1942,28.0,799.7
Curacao Isl,1943,27.4,657.7
Curacao Isl,1944,27.3,614.5
Curacao Isl,1945,27.1,396.9
Curacao Isl,1946,27.2,559.2
Curacao Isl,1947,27.8,427.0
Curacao Isl,1948,27.4,465.6
Curacao Isl,1949,27.2,675.7
Curacao Isl,1950,26.7,819.0
Curacao Isl,1951,27.5,604.5
Curacao Isl,1952,27.7,533.7
Curacao Isl,1953,27.6,505.4
Curacao Isl,1954,27.1,721.1
Curacao Isl,1955,27.1,771.9
Curacao Isl,1956,27.0,871.7
Curacao Isl,1957,27.5,515.0
Curacao Isl,1958,28.1,333.9
Curacao Isl,1959,27.7,378.8
Curacao Isl,1960,27.9,575.0
Curacao Isl,1961,27.6,495.1
Curacao Isl,1962,27.5,419.5
Curacao Isl,1963,27.6,520.8
Curacao Isl,1964,27.6,432.2
Curacao Isl,1965,27.5,630.3
Curacao Isl,1966,27.7,840.2
Curacao Isl,1967,27.3,514.4
Curacao Isl,1968,27.4,416.3
Curacao Isl,1969,28.0,903.2
Curacao Isl,1970,27.6,797.8
Curacao Isl,1971,27.2,495.1
Curacao Isl,1972,27.8,605.3
Curacao Isl,1973,27.9,581.1
Curacao Isl,1974,27.3,543.2
Curacao Isl,1975,27.4,719.4
Curacao Isl,1976,27.2,494.6
Curacao Isl,1977,27.8,313.1
Curacao Isl,1978,27.9,417.1
Curacao Isl,1979,27.8,611.2
Curacao Isl,1980,28.3,401.0
Curacao Isl,1981,28.1,721.4
Curacao Isl,1982,27.9,519.6
Curacao Isl,1983,28.3,445.5
Curacao Isl,1984,27.6,625.7
Curacao Isl,1985,27.4,801.4
Curacao Isl,1986,27.6,471.1
Curacao Isl,1987,28.3,436.7
Curacao Isl,1988,27.7,730.9
Curacao Isl,1989,27.4,485.1
Curacao Isl,1990,27.5,648.5
Curacao Isl,1991,27.9,462.3
Curacao Isl,1992,28.0,511.1
Curacao Isl,1993,28.1,412.2
Curacao Isl,1994,28.1,437.9
Curacao Isl,1995,28.3,546.2
Curacao Isl,1996,28.1,757.0
Curacao Isl,1997,28.5,365.2
Curacao Isl,1998,28.6,623.3
Curacao Isl,1999,28.0,961.6
Curacao Isl,2000,27.9,696.3
Curacao Isl,2001,28.3,463.8
Curacao Isl,2002,28.3,362.9
Curacao Isl,2003,28.4,495.1
Curacao Isl,2004,28.1,773.0
Curacao Isl,2005,28.2,857.5
Curacao Isl,2006,28.0,715.8
Curacao Isl,2007,28.2,618.0
Curacao Isl,2008,28.0,806.8
Curacao Isl,2009,28.6,440.0
Curacao Isl,2010,28.7,926.2
Curacao Isl,2011,28.1,893.6
Curacao Isl,2012,28.3,527.8
Curacao Isl,2013,28.5,447.1
Curacao Isl,2014,28.6,328.0
Curacao Isl,2015,28.8,394.6
Curacao Isl,2016,28.9,576.3
Curacao Isl,2017,28.5,492.3
Curacao Isl,2018,28.2,612.2
Curacao Isl,2019,28.6,282.3
Curacao Isl,2020,28.6,548.1
Curacao Isl,2021,28.2,565.0
Curacao Isl,2022,28.0,565.0
Curacao Isl,2023,28.6,561.2
Curacao Isl,2024,28.7,554.2
Cyprus,1901,17.9,291.1
Cyprus,1902,17.5,537.9
Cyprus,1903,16.7,428.4
Cyprus,1904,17.1,614.1
Cyprus,1905,17.4,533.6
Cyprus,1906,17.5,670.2
Cyprus,1907,16.9,585.2
Cyprus,1908,17.0,631.4
Cyprus,1909,18.1,555.7
Cyprus,1910,17.2,571.4
Cyprus,1911,17.0,786.2
Cyprus,1912,17.3,520.5
Cyprus,1913,17.4,619.4
Cyprus,1914,17.7,552.0
Cyprus,1915,18.2,308.9
Cyprus,1916,18.5,541.1
Cyprus,1917,18.0,512.3
Cyprus,1918,18.0,671.2
Cyprus,1919,18.2,523.7
Cyprus,1920,17.6,602.0
Cyprus,1921,17.3,638.9
Cyprus,1922,18.2,515.2
Cyprus,1923,18.3,539.3
Cyprus,1924,18.2,652.6
Cyprus,1925,18.2,357.5
Cyprus,1926,18.3,703.2
Cyprus,1927,18.5,414.2
Cyprus,1928,18.4,546.7
Cyprus,1929,17.8,598.7
Cyprus,1930,18.5,546.2
Cyprus,1931,18.2,486.4
Cyprus,1932,18.1,306.3
Cyprus,1933,17.2,302.3
Cyprus,1934,18.1,534.9
Cyprus,1935,18.5,595.5
Cyprus,1936,18.2,538.9
Cyprus,1937,18.7,427.5
Cyprus,1938,17.9,612.0
Cyprus,1939,18.5,490.7
Cyprus,1940,18.2,581.0
Cyprus,1941,18.2,420.8
Cyprus,1942,18.1,541.2
Cyprus,1943,17.8,501.1
Cyprus,1944,18.1,606.6
Cyprus,1945,17.7,478.8
Cyprus,1946,18.4,490.8
Cyprus,1947,18.9,532.2
Cyprus,1948,17.4,505.3
Cyprus,1949,17.3,580.0
Cyprus,1950,18.0,415.4
Cyprus,1951,18.2,485.2
Cyprus,1952,18.7,607.0
Cyprus,1953,17.5,519.8
Cyprus,1954,18.3,623.5
Cyprus,1955,18.9,424.5
Cyprus,1956,17.7,433.8
Cyprus,1957,18.2,464.1
Cyprus,1958,18.4,417.3
Cyprus,1959,17.4,403.3
Cyprus,1960,18.9,396.2
Cyprus,1961,18.0,598.3
Cyprus,1962,19.1,542.2
Cyprus,1963,18.6,464.5
Cyprus,1964,17.6,452.0
Cyprus,1965,18.1,516.2
Cyprus,1966,19.2,547.7
Cyprus,1967,17.4,580.5
Cyprus,1968,18.3,668.1
Cyprus,1969,18.5,571.0
Cyprus,1970,18.6,449.9
Cyprus,1971,18.1,451.8
Cyprus,1972,17.7,316.8
Cyprus,1973,18.0,304.3
Cyprus,1974,17.9,448.4
Cyprus,1975,17.8,586.3
Cyprus,1976,17.6,562.6
Cyprus,1977,18.1,414.1
Cyprus,1978,18.1,601.4
Cyprus,1979,18.5,498.4
Cyprus,1980,17.8,463.5
Cyprus,1981,18.2,656.8
Cyprus,1982,17.4,370.3
Cyprus,1983,17.4,521.6
Cyprus,1984,17.8,508.0
Cyprus,1985,18.0,465.2
Cyprus,1986,18.2,417.3
Cyprus,1987,17.7,572.5
Cyprus,1988,17.9,651.4
Cyprus,1989,17.9,359.9
Cyprus,1990,18.2,300.8
Cyprus,1991,17.9,626.8
Cyprus,1992,17.0,438.0
Cyprus,1993,17.9,372.7
Cyprus,1994,18.7,629.6
Cyprus,1995,18.3,331.1
Cyprus,1996,18.5,515.1
Cyprus,1997,17.7,461.0
Cyprus,1998,18.9,464.1
Cyprus,1999,19.0,308.5
Cyprus,2000,18.3,518.7
Cyprus,2001,19.1,527.2
Cyprus,2002,18.5,457.2
Cyprus,2003,18.6,616.0
Cyprus,2004,18.4,532.6
Cyprus,2005,18.4,409.6
Cyprus,2006,18.4,395.3
Cyprus,2007,18.8,460.6
Cyprus,2008,18.9,288.7
Cyprus,2009,18.8,629.3
Cyprus,2010,20.0,444.9
Cyprus,2011,18.3,533.2
Cyprus,2012,19.2,734.8
Cyprus,2013,19.1,361.7
Cyprus,2014,19.3,475.5
Cyprus,2015,18.8,520.6
Cyprus,2016,19.4,420.5
Cyprus,2017,19.0,369.6
Cyprus,2018,19.9,571.1
Cyprus,2019,19.4,655.2
Cyprus,2020,19.6,494.4
Cyprus,2021,19.7,460.8
Cyprus,2022,19.1,479.7
Cyprus,2023,19.8,452.1
Cyprus,2024,20.2,474.2
Czech Republic,1901,6.8,644.4
Czech Republic,1902,6.1,641.8
Czech Republic,1903,7.3,768.3
Czech Republic,1904,7.4,608.0
Czech Republic,1905,7.1,649.3
Czech Republic,1906,7.2,762.5
Czech Republic,1907,6.9,679.8
Czech Republic,1908,6.4,567.3
Czech Republic,1909,6.4,768.2
Czech Republic,1910,7.4,857.0
Czech Republic,1911,7.8,592.3
Czech Republic,1912,6.6,778.3
Czech Republic,1913,7.2,673.7
Czech Republic,1914,7.1,664.3
Czech Republic,1915,6.9,819.0
Czech Republic,1916,7.7,793.8
Czech Republic,1917,6.7,565.1
Czech Republic,1918,7.6,717.2
Czech Republic,1919,6.5,792.3
Czech Republic,1920,7.6,723.5
Czech Republic,1921,7.9,542.2
Czech Republic,1922,6.3,766.3
Czech Republic,1923,7.2,682.3
Czech Republic,1924,6.4,599.4
Czech Republic,1925,7.3,771.8
Czech Republic,1926,7.8,809.0
Czech Republic,1927,7.2,680.7
Czech Republic,1928,7.4,670.5
Czech Republic,1929,6.6,618.9
Czech Republic,1930,7.8,740.6
Czech Republic,1931,6.6,685.4
Czech Republic,1932,7.3,549.5
Czech Republic,1933,6.2,602.0
Czech Republic,1934,8.4,601.9
Czech Republic,1935,7.3,648.3
Czech Republic,1936,7.5,696.7
Czech Republic,1937,7.7,785.2
Czech Republic,1938,7.6,726.1
Czech Republic,1939,7.4,870.6
Czech Republic,1940,5.4,733.4
Czech Republic,1941,6.0,887.0
Czech Republic,1942,6.4,592.3
Czech Republic,1943,7.8,535.3
Czech Republic,1944,7.2,819.1
Czech Republic,1945,7.7,717.3
Czech Republic,1946,7.7,719.0
Czech Republic,1947,7.5,595.0
Czech Republic,1948,7.9,666.5
Czech Republic,1949,8.0,655.7
Czech Republic,1950,7.9,720.9
Czech Republic,1951,8.2,624.3
Czech Republic,1952,7.2,698.8
Czech Republic,1953,8.1,525.8
Czech Republic,1954,6.7,709.1
Czech Republic,1955,6.7,721.4
Czech Republic,1956,6.1,697.9
Czech Republic,1957,7.8,653.9
Czech Republic,1958,7.5,775.4
Czech Republic,1959,8.0,572.4
Czech Republic,1960,7.5,735.1
Czech Republic,1961,8.0,634.8
Czech Republic,1962,6.4,645.7
Czech Republic,1963,6.5,608.8
Czech Republic,1964,7.1,657.7
Czech Republic,1965,6.6,763.9
Czech Republic,1966,7.8,827.4
Czech Republic,1967,8.2,676.9
Czech Republic,1968,7.5,697.3
Czech Republic,1969,6.9,573.4
Czech Republic,1970,6.9,765.5
Czech Republic,1971,7.6,606.7
Czech Republic,1972,7.2,629.4
Czech Republic,1973,7.4,551.1
Czech Republic,1974,8.0,758.8
Czech Republic,1975,8.2,647.8
Czech Republic,1976,7.4,621.0
Czech Republic,1977,7.8,766.4
Czech Republic,1978,6.9,597.1
Czech Republic,1979,7.2,710.5
Czech Republic,1980,6.5,673.3
Czech Republic,1981,7.5,773.0
Czech Republic,1982,8.0,519.5
Czech Republic,1983,8.4,587.1
Czech Republic,1984,7.2,623.5
Czech Republic,1985,6.7,687.1
Czech Republic,1986,7.2,672.0
Czech Republic,1987,6.6,734.3
Czech Republic,1988,8.1,673.2
Czech Republic,1989,8.6,563.8
Czech Republic,1990,8.7,565.3
Czech Republic,1991,7.5,570.4
Czech Republic,1992,8.6,587.1
Czech Republic,1993,7.7,629.1
Czech Republic,1994,8.9,610.4
Czech Republic,1995,8.0,720.2
Czech Republic,1996,6.4,665.1
Czech Republic,1997,7.8,680.3
Czech Republic,1998,8.2,686.7
Czech Republic,1999,8.5,631.7
Czech Republic,2000,9.2,652.8
Czech Republic,2001,8.0,759.7
Czech Republic,2002,8.7,781.3
Czech Republic,2003,8.3,505.9
Czech Republic,2004,8.0,632.8
Czech Republic,2005,7.9,702.7
Czech Republic,2006,8.4,668.0
Czech Republic,2007,9.2,734.5
Czech Republic,2008,9.0,629.6
Czech Republic,2009,8.6,746.3
Czech Republic,2010,7.3,867.6
Czech Republic,2011,8.8,594.9
Czech Republic,2012,8.6,664.1
Czech Republic,2013,8.2,729.1
Czech Republic,2014,9.6,717.6
Czech Republic,2015,9.5,556.3
Czech Republic,2016,9.0,719.0
Czech Republic,2017,8.9,704.2
Czech Republic,2018,9.8,556.3
Czech Republic,2019,9.8,615.3
Czech Republic,2020,9.6,712.1
Czech Republic,2021,8.5,701.8
Czech Republic,2022,9.7,608.2
Czech Republic,2023,10.0,768.6
Czech Republic,2024,10.6,715.9
DR Congo,1901,24.0,1529.3
DR Congo,1902,24.1,1539.2
DR Congo,1903,24.0,1545.9
DR Congo,1904,24.0,1525.4
DR Congo,1905,24.0,1530.6
DR Congo,1906,23.9,1519.2
DR Congo,1907,23.9,1510.7
DR Congo,1908,24.0,1477.3
DR Congo,1909,24.0,1532.4
DR Congo,1910,23.9,1517.5
DR Congo,1911,23.9,1501.1
DR Congo,1912,24.0,1507.5
DR Congo,1913,23.9,1396.5
DR Congo,1914,24.0,1542.0
DR Congo,1915,24.0,1460.8
DR Congo,1916,23.9,1521.7
DR Congo,1917,23.9,1525.9
DR Congo,1918,23.9,1464.3
DR Congo,1919,23.9,1561.2
DR Congo,1920,23.9,1482.5
DR Congo,1921,24.0,1423.0
DR Congo,1922,24.0,1510.5
DR Congo,1923,24.0,1547.9
DR Congo,1924,24.0,1495.4
DR Congo,1925,24.0,1556.8
DR Congo,1926,24.0,1559.6
DR Congo,1927,24.0,1478.6
DR Congo,1928,24.0,1454.7
DR Congo,1929,23.9,1521.8
DR Congo,1930,23.9,1489.0
DR Congo,1931,24.0,1513.6
DR Congo,1932,23.9,1486.4
DR Congo,1933,23.9,1487.6
DR Congo,1934,23.9,1475.3
DR Congo,1935,24.0,1497.7
DR Congo,1936,23.9,1545.4
DR Congo,1937,23.9,1540.3
DR Congo,1938,24.0,1481.8
DR Congo,1939,24.0,1560.5
DR Congo,1940,24.0,1555.9
DR Congo,1941,24.4,1538.0
DR Congo,1942,24.2,1518.0
DR Congo,1943,23.9,1437.8
DR Congo,1944,24.1,1549.8
DR Congo,1945,24.1,1516.9
DR Congo,1946,24.0,1534.7
DR Congo,1947,24.1,1568.0
DR Congo,1948,24.0,1524.4
DR Congo,1949,24.2,1418.6
DR Congo,1950,23.9,1559.7
DR Congo,1951,24.0,1537.5
DR Congo,1952,24.2,1501.5
DR Congo,1953,24.0,1480.0
DR Congo,1954,23.8,1548.0
DR Congo,1955,23.8,1617.8
DR Congo,1956,23.7,1594.9
DR Congo,1957,24.0,1592.2
DR Congo,1958,24.2,1418.8
DR Congo,1959,24.0,1518.4
DR Congo,1960,24.0,1590.6
DR Congo,1961,23.8,1718.3
DR Congo,1962,23.8,1637.1
DR Congo,1963,23.9,1611.9
DR Congo,1964,23.8,1529.4
DR Congo,1965,23.9,1528.5
DR Congo,1966,24.1,1599.8
DR Congo,1967,23.8,1512.4
DR Congo,1968,23.8,1531.6
DR Congo,1969,24.2,1634.9
DR Congo,1970,24.1,1530.1
DR Congo,1971,23.7,1457.6
DR Congo,1972,23.9,1471.9
DR Congo,1973,24.1,1407.4
DR Congo,1974,23.7,1526.9
DR Congo,1975,23.7,1482.1
DR Congo,1976,23.7,1553.6
DR Congo,1977,24.1,1592.3
DR Congo,1978,24.0,1511.1
DR Congo,1979,24.1,1537.0
DR Congo,1980,24.1,1511.6
DR Congo,1981,24.1,1476.1
DR Congo,1982,24.1,1548.3
DR Congo,1983,24.5,1446.7
DR Congo,1984,24.2,1451.7
DR Congo,1985,24.1,1518.4
DR Congo,1986,24.1,1544.0
DR Congo,1987,24.6,1544.7
DR Congo,1988,24.4,1552.8
DR Congo,1989,24.0,1566.5
DR Congo,1990,24.3,1523.9
DR Congo,1991,24.1,1482.4
DR Congo,1992,24.1,1426.3
DR Congo,1993,24.0,1452.0
DR Congo,1994,24.1,1433.9
DR Congo,1995,24.3,1453.2
DR Congo,1996,24.1,1421.5
DR Congo,1997,24.2,1541.6
DR Congo,1998,24.5,1464.1
DR Congo,1999,24.0,1520.7
DR Congo,2000,24.3,1461.4
DR Congo,2001,24.4,1441.7
DR Congo,2002,24.5,1587.3
DR Congo,2003,24.5,1445.0
DR Congo,2004,24.5,1411.0
DR Congo,2005,24.7,1439.3
DR Congo,2006,24.4,1575.9
DR Congo,2007,24.4,1501.9
DR Congo,2008,24.3,1495.3
DR Congo,2009,24.5,1525.2
DR Congo,2010,24.7,1478.1
DR Congo,2011,24.3,1497.8
DR Congo,2012,24.2,1496.4
DR Congo,2013,24.3,1529.2
DR Congo,2014,24.2,1499.9
DR Congo,2015,24.3,1510.0
DR Congo,2016,24.5,1536.5
DR Congo,2017,24.4,1545.5
DR Congo,2018,24.3,1542.0
DR Congo,2019,24.4,1550.1
DR Congo,2020,24.5,1549.9
DR Congo,2021,24.5,1534.1
DR Congo,2022,24.4,1560.3
DR Congo,2023,24.4,1532.0
DR Congo,2024,24.4,1497.7
Denmark,1901,7.6,586.2
Denmark,1902,6.2,560.8
Denmark,1903,7.6,717.1
Denmark,1904,7.4,579.6
Denmark,1905,7.5,637.9
Denmark,1906,8.1,619.1
Denmark,1907,7.1,628.8
Denmark,1908,7.5,587.6
Denmark,1909,6.6,698.1
Denmark,1910,8.3,719.3
Denmark,1911,8.4,665.9
Denmark,1912,7.3,791.2
Denmark,1913,8.2,559.0
Denmark,1914,8.6,640.1
Denmark,1915,6.5,618.7
Denmark,1916,7.5,793.6
Denmark,1917,7.0,656.2
Denmark,1918,7.6,614.7
Denmark,1919,6.6,602.3
Denmark,1920,8.0,684.8
Denmark,1921,8.3,605.9
Denmark,1922,6.4,613.4
Denmark,1923,6.8,756.2
Denmark,1924,7.0,670.9
Denmark,1925,7.9,662.4
Denmark,1926,7.8,693.8
Denmark,1927,7.2,872.7
Denmark,1928,7.2,731.3
Denmark,1929,6.7,639.1
Denmark,1930,8.4,746.0
Denmark,1931,6.9,664.9
Denmark,1932,8.2,662.6
Denmark,1933,7.9,527.6
Denmark,1934,9.3,735.0
Denmark,1935,8.1,753.3
Denmark,1936,8.1,663.8
Denmark,1937,8.1,658.0
Denmark,1938,8.9,684.4
Denmark,1939,8.2,654.6
Denmark,1940,6.1,624.1
Denmark,1941,6.2,567.5
Denmark,1942,5.9,617.3
Denmark,1943,8.6,656.8
Denmark,1944,8.2,711.1
Denmark,1945,8.5,723.0
Denmark,1946,7.7,743.2
Denmark,1947,7.3,475.0
Denmark,1948,8.4,630.7
Denmark,1949,9.1,708.8
Denmark,1950,8.1,856.6
Denmark,1951,8.1,775.8
Denmark,1952,7.1,698.3
Denmark,1953,8.7,634.3
Denmark,1954,7.4,825.2
Denmark,1955,7.2,577.4
Denmark,1956,6.6,593.2
Denmark,1957,8.0,669.2
Denmark,1958,7.2,733.3
Denmark,1959,8.7,538.9
Denmark,1960,7.6,803.6
Denmark,1961,8.5,723.5
Denmark,1962,6.9,709.9
Denmark,1963,6.7,692.8
Denmark,1964,7.5,606.8
Denmark,1965,6.9,718.4
Denmark,1966,7.0,791.7
Denmark,1967,8.3,827.3
Denmark,1968,7.8,727.4
Denmark,1969,7.3,613.2
Denmark,1970,6.8,724.3
Denmark,1971,8.1,600.0
Denmark,1972,7.9,603.2
Denmark,1973,8.1,603.9
Denmark,1974,8.5,714.7
Denmark,1975,9.0,519.8
Denmark,1976,7.6,511.2
Denmark,1977,7.7,685.9
Denmark,1978,7.4,620.8
Denmark,1979,6.6,722.0
Denmark,1980,7.1,773.5
Denmark,1981,7.2,798.2
Denmark,1982,8.0,684.4
Denmark,1983,8.4,690.9
Denmark,1984,8.0,718.5
Denmark,1985,6.3,753.4
Denmark,1986,7.0,656.3
Denmark,1987,6.4,712.9
Denmark,1988,8.4,803.7
Denmark,1989,9.2,584.7
Denmark,1990,9.4,768.3
Denmark,1991,8.2,635.1
Denmark,1992,8.9,681.3
Denmark,1993,7.6,714.5
Denmark,1994,8.5,811.2
Denmark,1995,8.2,647.8
Denmark,1996,6.8,518.6
Denmark,1997,8.4,593.7
Denmark,1998,8.0,834.4
Denmark,1999,8.8,845.4
Denmark,2000,9.2,754.0
Denmark,2001,8.1,712.3
Denmark,2002,8.9,792.8
Denmark,2003,8.5,601.1
Denmark,2004,8.5,740.7
Denmark,2005,8.6,615.6
Denmark,2006,9.2,756.9
Denmark,2007,9.2,823.5
Denmark,2008,9.4,741.2
Denmark,2009,8.7,693.6
Denmark,2010,6.9,724.2
Denmark,2011,9.0,783.2
Denmark,2012,8.3,740.4
Denmark,2013,8.4,656.7
Denmark,2014,9.9,803.2
Denmark,2015,9.2,810.8
Denmark,2016,9.0,647.2
Denmark,2017,8.8,907.7
Denmark,2018,9.4,573.9
Denmark,2019,9.4,811.8
Denmark,2020,10.0,710.4
Denmark,2021,8.8,700.7
Denmark,2022,9.5,619.7
Denmark,2023,9.4,947.9
Denmark,2024,9.8,828.1
Djibouti,1901,28.2,346.9
Djibouti,1902,28.2,52.4
Djibouti,1903,28.3,221.9
Djibouti,1904,28.2,246.3
Djibouti,1905,28.3,319.2
Djibouti,1906,28.3,149.4
Djibouti,1907,28.1,95.8
Djibouti,1908,28.3,95.1
Djibouti,1909,28.0,203.7
Djibouti,1910,28.4,141.3
Djibouti,1911,28.4,419.2
Djibouti,1912,28.2,188.1
Djibouti,1913,28.2,153.4
Djibouti,1914,28.2,292.6
Djibouti,1915,28.2,122.4
Djibouti,1916,28.2,265.3
Djibouti,1917,28.2,195.0
Djibouti,1918,28.2,14.8
Djibouti,1919,28.2,199.4
Djibouti,1920,28.2,194.0
Djibouti,1921,28.2,103.2
Djibouti,1922,28.2,220.7
Djibouti,1923,28.2,273.8
Djibouti,1924,28.2,154.3
Djibouti,1925,28.2,180.0
Djibouti,1926,28.2,262.3
Djibouti,1927,28.2,172.1
Djibouti,1928,28.2,114.0
Djibouti,1929,28.2,203.9
Djibouti,1930,28.2,197.8
Djibouti,1931,28.2,144.5
Djibouti,1932,28.2,250.4
Djibouti,1933,28.2,96.7
Djibouti,1934,28.2,133.7
Djibouti,1935,28.2,158.5
Djibouti,1936,28.2,188.5
Djibouti,1937,28.2,200.4
Djibouti,1938,28.2,141.2
Djibouti,1939,28.2,151.7
Djibouti,1940,28.2,89.4
Djibouti,1941,28.1,131.0
Djibouti,1942,27.9,67.8
Djibouti,1943,27.5,88.9
Djibouti,1944,27.8,126.3
Djibouti,1945,27.7,63.8
Djibouti,1946,28.1,233.4
Djibouti,1947,28.2,133.1
Djibouti,1948,28.0,84.1
Djibouti,1949,27.9,148.0
Djibouti,1950,27.9,203.2
Djibouti,1951,28.0,197.6
Djibouti,1952,27.9,101.3
Djibouti,1953,28.4,185.0
Djibouti,1954,28.4,314.8
Djibouti,1955,28.6,167.2
Djibouti,1956,28.1,225.5
Djibouti,1957,27.8,226.4
Djibouti,1958,28.3,156.1
Djibouti,1959,28.2,140.7
Djibouti,1960,28.0,172.5
Djibouti,1961,27.9,370.2
Djibouti,1962,27.8,173.1
Djibouti,1963,28.1,185.5
Djibouti,1964,27.7,294.0
Djibouti,1965,27.9,90.3
Djibouti,1966,28.1,106.3
Djibouti,1967,27.6,326.4
Djibouti,1968,27.7,223.3
Djibouti,1969,28.3,143.4
Djibouti,1970,28.3,218.9
Djibouti,1971,27.8,186.1
Djibouti,1972,28.2,180.5
Djibouti,1973,28.7,120.7
Djibouti,1974,28.0,166.2
Djibouti,1975,28.2,174.2
Djibouti,1976,28.3,180.0
Djibouti,1977,28.3,178.6
Djibouti,1978,28.4,161.7
Djibouti,1979,28.5,146.1
Djibouti,1980,28.9,101.7
Djibouti,1981,27.9,161.3
Djibouti,1982,28.2,254.8
Djibouti,1983,28.3,195.7
Djibouti,1984,27.9,90.0
Djibouti,1985,28.2,153.4
Djibouti,1986,28.2,204.1
Djibouti,1987,28.5,146.8
Djibouti,1988,28.4,180.1
Djibouti,1989,27.9,254.0
Djibouti,1990,28.5,129.2
Djibouti,1991,28.4,148.9
Djibouti,1992,28.1,245.4
Djibouti,1993,28.1,227.8
Djibouti,1994,28.3,178.7
Djibouti,1995,28.4,215.5
Djibouti,1996,28.5,197.4
Djibouti,1997,28.5,176.6
Djibouti,1998,28.9,223.2
Djibouti,1999,28.2,279.6
Djibouti,2000,28.6,247.4
Djibouti,2001,28.6,208.7
Djibouti,2002,29.1,166.0
Djibouti,2003,28.8,171.7
Djibouti,2004,28.7,197.8
Djibouti,2005,28.8,167.6
Djibouti,2006,28.7,229.6
Djibouti,2007,28.6,172.7
Djibouti,2008,28.5,166.8
Djibouti,2009,29.3,167.6
Djibouti,2010,28.8,200.4
Djibouti,2011,28.7,191.5
Djibouti,2012,28.7,207.3
Djibouti,2013,29.1,246.0
Djibouti,2014,28.8,198.7
Djibouti,2015,29.3,164.2
Djibouti,2016,29.3,206.9
Djibouti,2017,28.9,210.2
Djibouti,2018,28.6,216.8
Djibouti,2019,28.7,193.7
Djibouti,2020,28.6,235.4
Djibouti,2021,28.7,156.5
Djibouti,2022,28.9,174.6
Djibouti,2023,28.8,202.2
Djibouti,2024,29.5,222.9
Dominica,1901,25.9,2087.8
Dominica,1902,25.6,2315.5
Dominica,1903,25.7,2148.1
Dominica,1904,25.3,1875.5
Dominica,1905,25.6,1950.7
Dominica,1906,25.5,2059.9
Dominica,1907,25.2,1714.6
Dominica,1908,25.4,1592.1
Dominica,1909,25.3,2087.8
Dominica,1910,25.3,1964.0
Dominica,1911,25.3,2087.8
Dominica,1912,25.6,2087.8
Dominica,1913,25.0,2087.8
Dominica,1914,25.3,2087.8
Dominica,1915,25.8,2087.8
Dominica,1916,25.4,2087.8
Dominica,1917,25.3,2087.8
Dominica,1918,25.4,2087.8
Dominica,1919,25.4,2087.8
Dominica,1920,25.3,2087.8
Dominica,1921,25.4,2087.8
Dominica,1922,25.2,2087.8
Dominica,1923,25.5,2087.8
Dominica,1924,25.7,2087.8
Dominica,1925,25.5,2087.8
Dominica,1926,25.9,2087.8
Dominica,1927,25.5,2087.8
Dominica,1928,25.6,2087.8
Dominica,1929,25.4,2087.8
Dominica,1930,25.5,2087.8
Dominica,1931,26.0,2087.8
Dominica,1932,26.0,2175.8
Dominica,1933,25.7,2387.3
Dominica,1934,25.6,1456.5
Dominica,1935,25.4,1824.1
Dominica,1936,25.6,2316.9
Dominica,1937,26.0,1508.6
Dominica,1938,25.6,2245.3
Dominica,1939,25.6,1610.7
Dominica,1940,26.2,1462.0
Dominica,1941,26.3,1933.8
Dominica,1942,26.3,2338.2
Dominica,1943,25.8,1751.2
Dominica,1944,26.0,1963.4
Dominica,1945,25.6,1898.9
Dominica,1946,25.7,1618.2
Dominica,1947,25.9,1397.0
Dominica,1948,25.9,2472.3
Dominica,1949,25.6,1837.4
Dominica,1950,25.4,2165.2
Dominica,1951,25.8,2416.9
Dominica,1952,25.8,2395.6
Dominica,1953,25.7,2116.9
Dominica,1954,25.6,2368.2
Dominica,1955,25.6,2516.1
Dominica,1956,25.5,2531.4
Dominica,1957,25.7,2119.1
Dominica,1958,26.2,2495.5
Dominica,1959,25.8,1917.9
Dominica,1960,26.0,2128.4
Dominica,1961,25.8,1913.4
Dominica,1962,25.9,1981.9
Dominica,1963,26.0,1880.8
Dominica,1964,25.8,1852.2
Dominica,1965,25.8,1822.5
Dominica,1966,26.0,2487.1
Dominica,1967,25.8,2271.3
Dominica,1968,25.8,1872.9
Dominica,1969,26.4,2264.4
Dominica,1970,26.2,2484.5
Dominica,1971,25.8,1864.6
Dominica,1972,26.1,2133.6
Dominica,1973,26.1,1418.1
Dominica,1974,25.7,1867.8
Dominica,1975,25.8,2153.4
Dominica,1976,25.7,1978.3
Dominica,1977,26.1,1951.1
Dominica,1978,26.4,1942.4
Dominica,1979,26.5,2387.9
Dominica,1980,26.7,2153.2
Dominica,1981,26.8,2354.6
Dominica,1982,26.4,2396.2
Dominica,1983,26.9,1897.4
Dominica,1984,26.3,2362.9
Dominica,1985,26.2,2133.5
Dominica,1986,26.3,2368.8
Dominica,1987,27.0,2371.5
Dominica,1988,26.6,2471.9
Dominica,1989,26.2,2169.9
Dominica,1990,26.5,2123.9
Dominica,1991,26.5,2210.3
Dominica,1992,26.6,2605.4
Dominica,1993,26.7,2124.0
Dominica,1994,26.5,1922.0
Dominica,1995,26.8,2157.9
Dominica,1996,26.7,2452.2
Dominica,1997,26.8,1798.2
Dominica,1998,27.2,2633.5
Dominica,1999,26.7,2067.1
Dominica,2000,26.6,1990.8
Dominica,2001,27.0,1955.2
Dominica,2002,26.9,1934.4
Dominica,2003,27.0,2157.8
Dominica,2004,26.7,2949.4
Dominica,2005,27.0,2783.3
Dominica,2006,26.8,2216.1
Dominica,2007,26.8,2044.0
Dominica,2008,26.5,2494.3
Dominica,2009,26.9,1841.8
Dominica,2010,27.2,2690.4
Dominica,2011,26.7,2760.3
Dominica,2012,26.8,2308.1
Dominica,2013,26.8,2044.2
Dominica,2014,26.8,2043.1
Dominica,2015,27.1,1580.2
Dominica,2016,27.1,2501.1
Dominica,2017,26.8,2454.9
Dominica,2018,26.5,2141.8
Dominica,2019,26.9,1815.4
Dominica,2020,26.9,2086.4
Dominica,2021,26.8,1676.0
Dominica,2022,26.6,2096.6
Dominica,2023,27.1,2210.8
Dominica,2024,27.6,2335.2
Dominican Republic,1901,24.0,1675.4
Dominican Republic,1902,23.7,1568.6
Dominican Republic,1903,23.8,1521.8
Dominican Republic,1904,23.4,1545.8
Dominican Republic,1905,23.7,1490.8
Dominican Republic,1906,23.6,1431.4
Dominican Republic,1907,23.3,1468.0
Dominican Republic,1908,23.7,1491.9
Dominican Republic,1909,23.4,1465.6
Dominican Republic,1910,23.2,1493.3
Dominican Republic,1911,23.5,1567.3
Dominican Republic,1912,23.8,1461.7
Dominican Republic,1913,22.9,1441.1
Dominican Republic,1914,23.4,1562.8
Dominican Republic,1915,23.8,1443.9
Dominican Republic,1916,23.4,1505.5
Dominican Republic,1917,23.0,1453.3
Dominican Republic,1918,23.2,1462.2
Dominican Republic,1919,23.4,1412.8
Dominican Republic,1920,23.3,1461.0
Dominican Republic,1921,23.3,1469.0
Dominican Republic,1922,23.1,1498.0
Dominican Republic,1923,23.3,1428.8
Dominican Republic,1924,23.8,1468.7
Dominican Republic,1925,23.6,1456.5
Dominican Republic,1926,23.9,1465.8
Dominican Republic,1927,23.5,1474.7
Dominican Republic,1928,23.6,1695.6
Dominican Republic,1929,23.4,1418.4
Dominican Republic,1930,23.6,1401.4
Dominican Republic,1931,24.2,1627.4
Dominican Republic,1932,24.2,1683.9
Dominican Republic,1933,24.2,1549.2
Dominican Republic,1934,24.1,1617.5
Dominican Republic,1935,23.9,1543.7
Dominican Republic,1936,24.1,1547.8
Dominican Republic,1937,24.1,1437.2
Dominican Republic,1938,23.9,1515.5
Dominican Republic,1939,24.0,1547.6
Dominican Republic,1940,24.5,1572.3
Dominican Republic,1941,24.6,1584.6
Dominican Republic,1942,24.7,1602.4
Dominican Republic,1943,24.2,1559.1
Dominican Republic,1944,24.1,1481.8
Dominican Republic,1945,23.8,1529.6
Dominican Republic,1946,24.0,1486.3
Dominican Republic,1947,24.4,1384.5
Dominican Republic,1948,24.5,1546.3
Dominican Republic,1949,23.9,1519.0
Dominican Republic,1950,23.6,1485.8
Dominican Republic,1951,24.6,1683.9
Dominican Republic,1952,24.7,1451.0
Dominican Republic,1953,24.7,1601.1
Dominican Republic,1954,24.4,1628.6
Dominican Republic,1955,24.3,1776.8
Dominican Republic,1956,24.2,1519.4
Dominican Republic,1957,24.7,1238.5
Dominican Republic,1958,25.2,1765.4
Dominican Republic,1959,24.9,1242.2
Dominican Republic,1960,25.1,1708.1
Dominican Republic,1961,24.7,1564.9
Dominican Republic,1962,24.8,1308.8
Dominican Republic,1963,24.9,1513.1
Dominican Republic,1964,24.7,1273.4
Dominican Republic,1965,24.5,1585.9
Dominican Republic,1966,24.7,1510.2
Dominican Republic,1967,24.6,972.2
Dominican Republic,1968,24.6,1359.4
Dominican Republic,1969,25.1,1639.0
Dominican Republic,1970,24.8,1789.6
Dominican Republic,1971,24.3,1423.0
Dominican Republic,1972,24.8,1431.8
Dominican Republic,1973,24.9,1212.3
Dominican Republic,1974,24.4,1452.0
Dominican Republic,1975,24.4,1312.8
Dominican Republic,1976,24.3,1134.2
Dominican Republic,1977,24.7,1422.6
Dominican Republic,1978,24.7,1531.1
Dominican Republic,1979,24.7,2222.6
Dominican Republic,1980,25.4,1408.9
Dominican Republic,1981,25.2,2091.9
Dominican Republic,1982,24.9,1447.4
Dominican Republic,1983,25.4,1440.5
Dominican Republic,1984,24.7,1466.6
Dominican Republic,1985,24.6,1473.2
Dominican Republic,1986,24.8,1541.8
Dominican Republic,1987,25.3,1900.4
Dominican Republic,1988,25.1,1696.9
Dominican Republic,1989,24.8,1321.8
Dominican Republic,1990,25.0,1387.7
Dominican Republic,1991,24.9,1422.5
Dominican Republic,1992,25.2,1440.0
Dominican Republic,1993,25.1,1420.8
Dominican Republic,1994,25.2,1338.4
Dominican Republic,1995,25.3,1625.8
Dominican Republic,1996,25.2,1332.1
Dominican Republic,1997,25.8,1239.9
Dominican Republic,1998,26.0,1992.8
Dominican Republic,1999,25.4,1295.6
Dominican Republic,2000,25.3,1504.5
Dominican Republic,2001,25.5,1503.6
Dominican Republic,2002,25.5,1419.5
Dominican Republic,2003,25.6,1725.6
Dominican Republic,2004,25.2,1491.0
Dominican Republic,2005,25.2,1586.6
Dominican Republic,2006,25.3,1536.3
Dominican Republic,2007,25.2,1552.2
Dominican Republic,2008,24.9,1500.6
Dominican Republic,2009,25.1,1548.1
Dominican Republic,2010,25.1,1518.9
Dominican Republic,2011,24.8,1593.6
Dominican Republic,2012,25.2,1540.1
Dominican Republic,2013,25.5,1414.4
Dominican Republic,2014,25.5,1306.2
Dominican Republic,2015,25.7,1401.6
Dominican Republic,2016,25.7,2090.5
Dominican Republic,2017,25.5,1537.2
Dominican Republic,2018,25.3,1314.4
Dominican Republic,2019,25.7,1158.1
Dominican Republic,2020,25.8,1462.9
Dominican Republic,2021,25.6,1275.7
Dominican Republic,2022,25.4,1512.0
Dominican Republic,2023,26.0,1723.5
Dominican Republic,2024,26.4,1960.9
Ducie Isl,1901,20.8,1638.0
Ducie Isl,1902,20.8,1638.0
Ducie Isl,1903,20.8,1638.0
Ducie Isl,1904,20.8,1638.0
Ducie Isl,1905,20.8,1638.0
Ducie Isl,1906,20.8,1638.0
Ducie Isl,1907,20.8,1638.0
Ducie Isl,1908,20.8,1638.0
Ducie Isl,1909,20.8,1638.0
Ducie Isl,1910,20.8,1638.0
Ducie Isl,1911,20.8,1638.0
Ducie Isl,1912,20.8,1638.0
Ducie Isl,1913,20.8,1638.0
Ducie Isl,1914,20.8,1638.0
Ducie Isl,1915,20.8,1638.0
Ducie Isl,1916,20.8,1638.0
Ducie Isl,1917,20.8,1638.0
Ducie Isl,1918,20.8,1638.0
Ducie Isl,1919,20.8,1638.0
Ducie Isl,1920,20.8,1638.0
Ducie Isl,1921,20.8,1638.0
Ducie Isl,1922,20.8,1638.0
Ducie Isl,1923,20.8,1638.0
Ducie Isl,1924,20.8,1638.0
Ducie Isl,1925,20.8,1638.0
Ducie Isl,1926,20.8,1638.0
Ducie Isl,1927,20.8,1638.0
Ducie Isl,1928,20.8,1638.0
Ducie Isl,1929,20.8,1638.0
Ducie Isl,1930,20.8,1638.0
Ducie Isl,1931,20.8,1638.0
Ducie Isl,1932,20.8,1638.0
Ducie Isl,1933,20.8,1638.0
Ducie Isl,1934,20.8,1638.0
Ducie Isl,1935,20.8,1638.0
Ducie Isl,1936,20.8,1638.0
Ducie Isl,1937,20.8,1638.0
Ducie Isl,1938,20.8,1638.0
Ducie Isl,1939,20.8,1638.0
Ducie Isl,1940,22.1,1950.2
Ducie Isl,1941,22.1,1960.0
Ducie Isl,1942,22.1,1326.0
Ducie Isl,1943,22.5,1008.4
Ducie Isl,1944,21.3,1778.4
Ducie Isl,1945,20.6,2095.2
Ducie Isl,1946,20.8,1764.4
Ducie Isl,1947,21.1,1638.0
Ducie Isl,1948,20.8,1866.0
Ducie Isl,1949,20.8,1638.0
Ducie Isl,1950,20.8,1638.0
Ducie Isl,1951,20.8,1638.0
Ducie Isl,1952,20.8,1638.0
Ducie Isl,1953,20.8,1411.2
Ducie Isl,1954,20.8,1560.4
Ducie Isl,1955,20.9,1521.4
Ducie Isl,1956,21.6,1982.7
Ducie Isl,1957,21.2,1807.2
Ducie Isl,1958,20.6,2590.5
Ducie Isl,1959,20.8,1711.2
Ducie Isl,1960,20.8,1896.9
Ducie Isl,1961,21.1,1890.1
Ducie Isl,1962,20.7,2012.4
Ducie Isl,1963,20.8,1926.8
Ducie Isl,1964,21.0,1581.1
Ducie Isl,1965,20.7,1981.9
Ducie Isl,1966,20.5,2109.6
Ducie Isl,1967,21.1,1602.3
Ducie Isl,1968,20.4,2088.8
Ducie Isl,1969,20.7,1904.3
Ducie Isl,1970,21.0,1220.7
Ducie Isl,1971,21.1,1655.0
Ducie Isl,1972,20.8,1725.6
Ducie Isl,1973,20.8,2290.3
Ducie Isl,1974,21.0,1183.4
Ducie Isl,1975,21.1,1020.0
Ducie Isl,1976,20.8,663.8
Ducie Isl,1977,20.7,930.0
Ducie Isl,1978,21.0,607.0
Ducie Isl,1979,20.7,1592.1
Ducie Isl,1980,21.0,2029.5
Ducie Isl,1981,20.8,1234.7
Ducie Isl,1982,20.5,2203.8
Ducie Isl,1983,20.3,1777.9
Ducie Isl,1984,20.9,2550.9
Ducie Isl,1985,21.2,1637.6
Ducie Isl,1986,20.8,1034.0
Ducie Isl,1987,20.4,1673.6
Ducie Isl,1988,20.9,1393.7
Ducie Isl,1989,21.0,1726.8
Ducie Isl,1990,20.9,1893.2
Ducie Isl,1991,20.4,1814.2
Ducie Isl,1992,20.5,1577.4
Ducie Isl,1993,20.2,1073.3
Ducie Isl,1994,20.6,1563.9
Ducie Isl,1995,20.7,1015.7
Ducie Isl,1996,20.6,853.8
Ducie Isl,1997,20.5,740.5
Ducie Isl,1998,20.5,546.2
Ducie Isl,1999,21.3,1525.8
Ducie Isl,2000,21.1,1490.7
Ducie Isl,2001,20.6,1887.6
Ducie Isl,2002,20.9,1773.5
Ducie Isl,2003,20.6,1800.2
Ducie Isl,2004,20.2,2637.5
Ducie Isl,2005,20.3,1731.9
Ducie Isl,2006,20.9,1638.0
Ducie Isl,2007,20.6,1638.0
Ducie Isl,2008,20.6,1638.0
Ducie Isl,2009,20.5,1638.0
Ducie Isl,2010,20.6,1638.0
Ducie Isl,2011,20.6,1638.0
Ducie Isl,2012,20.4,1638.0
Ducie Isl,2013,20.2,1638.0
Ducie Isl,2014,20.5,1638.0
Ducie Isl,2015,20.4,1638.0
Ducie Isl,2016,20.5,1638.0
Ducie Isl,2017,20.9,1638.0
Ducie Isl,2018,20.8,1638.0
Ducie Isl,2019,20.1,1638.0
Ducie Isl,2020,20.6,1638.0
Ducie Isl,2021,20.9,1638.0
Ducie Isl,2022,20.6,1638.0
Ducie Isl,2023,20.7,1638.0
Ducie Isl,2024,20.4,1638.0
East Timor,1901,25.2,1338.6
East Timor,1902,25.2,1077.0
East Timor,1903,25.4,1321.0
East Timor,1904,24.9,1475.6
East Timor,1905,25.4,1246.5
East Timor,1906,25.7,1207.0
East Timor,1907,25.2,1271.6
East Timor,1908,25.3,1314.6
East Timor,1909,25.4,1365.3
East Timor,1910,25.3,1386.3
East Timor,1911,25.1,1044.0
East Timor,1912,25.3,1259.8
East Timor,1913,24.9,1212.2
East Timor,1914,25.1,1379.4
East Timor,1915,25.5,1094.2
East Timor,1916,25.5,1579.2
East Timor,1917,25.1,1369.3
East Timor,1918,25.1,1321.2
East Timor,1919,25.0,1250.3
East Timor,1920,25.6,1192.4
East Timor,1921,25.4,1312.3
East Timor,1922,25.0,1258.4
East Timor,1923,24.9,1377.8
East Timor,1924,25.4,909.9
East Timor,1925,24.8,1224.1
East Timor,1926,25.5,1263.2
East Timor,1927,25.4,1210.3
East Timor,1928,25.3,1429.1
East Timor,1929,25.0,1277.7
East Timor,1930,25.2,942.3
East Timor,1931,25.4,1149.7
East Timor,1932,25.3,1416.2
East Timor,1933,25.2,1449.6
East Timor,1934,25.1,1475.4
East Timor,1935,25.1,1277.7
East Timor,1936,25.5,1237.4
East Timor,1937,25.1,1406.8
East Timor,1938,25.2,1242.0
East Timor,1939,24.8,1567.2
East Timor,1940,24.7,1170.8
East Timor,1941,24.5,1481.2
East Timor,1942,25.4,1295.1
East Timor,1943,24.5,1295.1
East Timor,1944,24.5,1295.1
East Timor,1945,24.4,1295.1
East Timor,1946,24.2,1163.1
East Timor,1947,24.6,1362.7
East Timor,1948,24.3,1048.7
East Timor,1949,24.0,1358.6
East Timor,1950,24.2,1522.3
East Timor,1951,24.7,1053.0
East Timor,1952,24.9,1217.6
East Timor,1953,24.6,923.0
East Timor,1954,24.6,1499.3
East Timor,1955,24.9,1700.7
East Timor,1956,24.6,1534.4
East Timor,1957,24.8,1359.9
East Timor,1958,25.3,1080.2
East Timor,1959,24.9,1446.8
East Timor,1960,24.7,1208.4
East Timor,1961,24.7,1550.6
East Timor,1962,25.0,1266.4
East Timor,1963,24.6,1497.7
East Timor,1964,25.0,1590.2
East Timor,1965,24.7,1098.8
East Timor,1966,25.0,1016.6
East Timor,1967,24.5,915.3
East Timor,1968,24.9,2182.3
East Timor,1969,25.0,1180.3
East Timor,1970,25.2,1236.7
East Timor,1971,24.8,1286.8
East Timor,1972,25.0,803.6
East Timor,1973,25.4,1249.5
East Timor,1974,24.5,1521.4
East Timor,1975,25.0,1210.0
East Timor,1976,24.4,1238.5
East Timor,1977,24.5,1264.6
East Timor,1978,25.1,1701.9
East Timor,1979,25.3,1196.2
East Timor,1980,25.1,1327.8
East Timor,1981,25.3,1166.7
East Timor,1982,24.7,1326.0
East Timor,1983,25.1,1727.2
East Timor,1984,24.8,1501.0
East Timor,1985,25.0,1051.8
East Timor,1986,25.4,1094.4
East Timor,1987,25.1,1085.7
East Timor,1988,25.4,1169.8
East Timor,1989,25.1,1196.1
East Timor,1990,25.2,1174.1
East Timor,1991,25.1,1273.3
East Timor,1992,25.4,1400.1
East Timor,1993,25.2,1121.4
East Timor,1994,24.7,1506.0
East Timor,1995,24.9,1803.0
East Timor,1996,25.0,1554.6
East Timor,1997,24.8,1400.5
East Timor,1998,25.6,1366.3
East Timor,1999,24.6,1295.2
East Timor,2000,24.7,1355.5
East Timor,2001,24.9,1152.1
East Timor,2002,25.2,1241.6
East Timor,2003,25.3,1400.8
East Timor,2004,25.0,1358.4
East Timor,2005,25.3,1117.9
East Timor,2006,24.4,1297.1
East Timor,2007,24.7,1240.1
East Timor,2008,24.7,1318.3
East Timor,2009,24.9,1226.4
East Timor,2010,25.0,1425.5
East Timor,2011,24.6,1623.1
East Timor,2012,24.8,1387.8
East Timor,2013,25.3,1607.5
East Timor,2014,25.1,1363.7
East Timor,2015,25.1,1290.1
East Timor,2016,25.7,1241.9
East Timor,2017,25.2,1391.3
East Timor,2018,25.2,982.7
East Timor,2019,25.3,850.3
East Timor,2020,25.4,919.0
East Timor,2021,25.4,837.8
East Timor,2022,25.3,1095.3
East Timor,2023,25.3,1019.5
East Timor,2024,25.5,954.1
Easter Isl,1901,20.2,1153.0
Easter Isl,1902,20.2,1153.0
Easter Isl,1903,20.2,1153.0
Easter Isl,1904,20.2,1153.0
Easter Isl,1905,20.2,1153.0
Easter Isl,1906,20.2,1153.0
Easter Isl,1907,20.2,1153.0
Easter Isl,1908,20.2,1153.0
Easter Isl,1909,20.2,1153.0
Easter Isl,1910,20.2,1153.0
Easter Isl,1911,20.2,1153.0
Easter Isl,1912,20.2,1153.0
Easter Isl,1913,20.2,1153.0
Easter Isl,1914,20.2,1153.0
Easter Isl,1915,20.2,1153.0
Easter Isl,1916,20.2,1153.0
Easter Isl,1917,20.2,1153.0
Easter Isl,1918,20.2,1153.0
Easter Isl,1919,20.2,1153.0
Easter Isl,1920,20.2,1153.0
Easter Isl,1921,20.2,1153.0
Easter Isl,1922,20.2,1153.0
Easter Isl,1923,20.2,1153.0
Easter Isl,1924,20.2,1153.0
Easter Isl,1925,20.2,1153.0
Easter Isl,1926,20.2,1153.0
Easter Isl,1927,20.2,1153.0
Easter Isl,1928,20.2,1153.0
Easter Isl,1929,20.2,1153.0
Easter Isl,1930,20.2,1153.0
Easter Isl,1931,20.2,1153.0
Easter Isl,1932,20.2,1153.0
Easter Isl,1933,20.2,1153.0
Easter Isl,1934,20.2,1153.0
Easter Isl,1935,20.2,1153.0
Easter Isl,1936,20.2,1153.0
Easter Isl,1937,20.2,1153.0
Easter Isl,1938,20.2,1153.0
Easter Isl,1939,20.2,1153.0
Easter Isl,1940,20.2,1153.0
Easter Isl,1941,20.2,1411.6
Easter Isl,1942,20.8,1465.7
Easter Isl,1943,20.5,1359.2
Easter Isl,1944,20.2,862.6
Easter Isl,1945,20.5,1705.9
Easter Isl,1946,20.6,943.6
Easter Isl,1947,20.5,959.1
Easter Isl,1948,20.5,1654.1
Easter Isl,1949,20.6,698.0
Easter Isl,1950,20.7,858.1
Easter Isl,1951,20.4,1153.0
Easter Isl,1952,20.4,1153.0
Easter Isl,1953,20.9,1153.0
Easter Isl,1954,20.4,1126.1
Easter Isl,1955,20.4,979.3
Easter Isl,1956,20.3,816.4
Easter Isl,1957,20.5,1287.8
Easter Isl,1958,20.2,1205.9
Easter Isl,1959,20.9,1190.2
Easter Isl,1960,20.7,1338.2
Easter Isl,1961,20.6,697.7
Easter Isl,1962,20.0,1581.6
Easter Isl,1963,20.0,903.1
Easter Isl,1964,19.9,1098.0
Easter Isl,1965,20.3,899.4
Easter Isl,1966,19.9,771.9
Easter Isl,1967,20.3,672.6
Easter Isl,1968,20.3,1139.2
Easter Isl,1969,20.3,1308.2
Easter Isl,1970,20.1,1028.7
Easter Isl,1971,20.4,844.0
Easter Isl,1972,20.5,1508.7
Easter Isl,1973,20.4,903.1
Easter Isl,1974,20.0,1038.0
Easter Isl,1975,20.3,1135.2
Easter Isl,1976,19.8,951.2
Easter Isl,1977,20.4,1311.3
Easter Isl,1978,20.6,1488.7
Easter Isl,1979,20.3,1981.2
Easter Isl,1980,21.0,1396.1
Easter Isl,1981,20.5,1270.2
Easter Isl,1982,20.4,1144.7
Easter Isl,1983,19.5,1185.6
Easter Isl,1984,20.3,1685.9
Easter Isl,1985,20.1,1131.8
Easter Isl,1986,19.9,957.9
Easter Isl,1987,20.1,1132.2
Easter Isl,1988,19.9,903.3
Easter Isl,1989,20.3,1249.6
Easter Isl,1990,20.4,1270.4
Easter Isl,1991,20.1,1153.4
Easter Isl,1992,20.2,1130.0
Easter Isl,1993,20.1,1309.1
Easter Isl,1994,19.8,1272.6
Easter Isl,1995,20.2,1252.3
Easter Isl,1996,20.0,1040.9
Easter Isl,1997,20.1,1206.7
Easter Isl,1998,19.5,932.3
Easter Isl,1999,20.4,1070.3
Easter Isl,2000,20.9,1262.5
Easter Isl,2001,21.0,960.4
Easter Isl,2002,20.9,1025.2
Easter Isl,2003,20.5,1299.2
Easter Isl,2004,20.6,1205.9
Easter Isl,2005,20.6,1001.8
Easter Isl,2006,20.5,1465.1
Easter Isl,2007,20.0,1722.3
Easter Isl,2008,20.0,1055.7
Easter Isl,2009,20.6,1248.1
Easter Isl,2010,20.1,806.5
Easter Isl,2011,20.3,687.6
Easter Isl,2012,20.2,825.7
Easter Isl,2013,20.4,1148.0
Easter Isl,2014,19.9,1009.7
Easter Isl,2015,20.1,1025.7
Easter Isl,2016,20.4,828.1
Easter Isl,2017,20.8,711.2
Easter Isl,2018,20.7,963.6
Easter Isl,2019,20.4,908.3
Easter Isl,2020,20.1,940.1
Easter Isl,2021,20.1,899.2
Easter Isl,2022,20.3,619.6
Easter Isl,2023,20.4,1143.3
Easter Isl,2024,20.2,1126.2
Ecuador,1901,21.5,2444.2
Ecuador,1902,21.5,1946.9
Ecuador,1903,21.5,1827.2
Ecuador,1904,21.5,2042.3
Ecuador,1905,21.5,1765.7
Ecuador,1906,21.5,1869.1
Ecuador,1907,21.5,2091.3
Ecuador,1908,21.5,2291.6
Ecuador,1909,21.5,2241.8
Ecuador,1910,21.5,1948.1
Ecuador,1911,21.5,1845.8
Ecuador,1912,21.5,1893.6
Ecuador,1913,21.6,2279.8
Ecuador,1914,21.5,1746.7
Ecuador,1915,21.6,2448.5
Ecuador,1916,21.5,2290.8
Ecuador,1917,21.5,2638.4
Ecuador,1918,21.5,2197.2
Ecuador,1919,21.5,2009.1
Ecuador,1920,21.5,1666.9
Ecuador,1921,21.5,2222.4
Ecuador,1922,21.5,1813.9
Ecuador,1923,21.4,1671.2
Ecuador,1924,21.5,2257.9
Ecuador,1925,21.4,2199.2
Ecuador,1926,21.6,1560.9
Ecuador,1927,21.5,2332.3
Ecuador,1928,21.5,2333.0
Ecuador,1929,21.5,2171.8
Ecuador,1930,21.6,2073.3
Ecuador,1931,21.7,1944.9
Ecuador,1932,21.5,2356.4
Ecuador,1933,21.5,1973.6
Ecuador,1934,21.4,2576.1
Ecuador,1935,21.5,2194.7
Ecuador,1936,21.6,1839.2
Ecuador,1937,21.5,1989.9
Ecuador,1938,21.5,2255.1
Ecuador,1939,21.5,2032.5
Ecuador,1940,21.5,1806.4
Ecuador,1941,21.9,2188.5
Ecuador,1942,21.5,1644.1
Ecuador,1943,22.2,2418.5
Ecuador,1944,22.3,1735.5
Ecuador,1945,22.1,1765.7
Ecuador,1946,21.9,1746.3
Ecuador,1947,21.6,2160.7
Ecuador,1948,21.8,1677.3
Ecuador,1949,21.3,2348.1
Ecuador,1950,20.8,2044.1
Ecuador,1951,21.7,2371.8
Ecuador,1952,21.3,1683.7
Ecuador,1953,21.8,2800.0
Ecuador,1954,20.8,1834.5
Ecuador,1955,21.0,2113.4
Ecuador,1956,21.0,2006.6
Ecuador,1957,22.2,2348.2
Ecuador,1958,21.7,1933.2
Ecuador,1959,21.6,2101.8
Ecuador,1960,21.4,1662.9
Ecuador,1961,21.4,1739.2
Ecuador,1962,21.4,1656.7
Ecuador,1963,21.6,1812.3
Ecuador,1964,21.0,1835.7
Ecuador,1965,21.9,2220.3
Ecuador,1966,21.4,1876.1
Ecuador,1967,21.0,1757.8
Ecuador,1968,21.0,1766.7
Ecuador,1969,22.0,2271.7
Ecuador,1970,21.3,2068.7
Ecuador,1971,21.0,2158.1
Ecuador,1972,22.3,2850.1
Ecuador,1973,21.2,2329.0
Ecuador,1974,20.9,2060.0
Ecuador,1975,20.8,2758.3
Ecuador,1976,21.7,2175.7
Ecuador,1977,21.7,1735.8
Ecuador,1978,21.5,1604.3
Ecuador,1979,21.7,1518.5
Ecuador,1980,21.6,1691.0
Ecuador,1981,21.5,1881.5
Ecuador,1982,22.2,1965.8
Ecuador,1983,22.7,2733.8
Ecuador,1984,21.5,2145.3
Ecuador,1985,21.3,1473.8
Ecuador,1986,21.6,1669.4
Ecuador,1987,22.3,2173.1
Ecuador,1988,21.4,2025.1
Ecuador,1989,21.3,1932.3
Ecuador,1990,21.9,1715.5
Ecuador,1991,21.9,1660.9
Ecuador,1992,22.1,2457.0
Ecuador,1993,22.0,2052.6
Ecuador,1994,21.7,2069.8
Ecuador,1995,21.9,1829.2
Ecuador,1996,21.2,1773.2
Ecuador,1997,22.4,2537.3
Ecuador,1998,22.6,3008.5
Ecuador,1999,21.3,2356.6
Ecuador,2000,21.3,2090.0
Ecuador,2001,21.4,1803.7
Ecuador,2002,22.0,2188.7
Ecuador,2003,21.8,2121.8
Ecuador,2004,21.7,1807.5
Ecuador,2005,21.6,1536.5
Ecuador,2006,21.8,1825.0
Ecuador,2007,21.3,1918.4
Ecuador,2008,21.5,2395.0
Ecuador,2009,22.0,1733.0
Ecuador,2010,21.8,2497.2
Ecuador,2011,21.6,2204.3
Ecuador,2012,21.9,2377.2
Ecuador,2013,21.6,1996.0
Ecuador,2014,22.1,2012.2
Ecuador,2015,22.7,2571.6
Ecuador,2016,22.4,1968.7
Ecuador,2017,22.1,2545.5
Ecuador,2018,22.0,1773.4
Ecuador,2019,22.1,2386.6
Ecuador,2020,22.1,2064.8
Ecuador,2021,21.8,2013.4
Ecuador,2022,21.5,1994.0
Ecuador,2023,22.7,1978.6
Ecuador,2024,22.2,2121.3
Egypt,1901,22.0,31.3
Egypt,1902,21.6,30.7
Egypt,1903,20.9,24.8
Egypt,1904,21.2,38.3
Egypt,1905,21.6,35.1
Egypt,1906,22.0,23.9
Egypt,1907,21.4,34.1
Egypt,1908,21.6,45.7
Egypt,1909,22.6,26.2
Egypt,1910,21.6,25.6
Egypt,1911,21.5,37.8
Egypt,1912,21.6,29.8
Egypt,1913,21.5,31.2
Egypt,1914,22.0,28.6
Egypt,1915,22.9,19.8
Egypt,1916,22.9,41.5
Egypt,1917,22.3,39.3
Egypt,1918,22.3,38.1
Egypt,1919,22.6,29.7
Egypt,1920,21.9,38.0
Egypt,1921,21.9,39.1
Egypt,1922,22.5,26.6
Egypt,1923,22.4,22.6
Egypt,1924,22.4,37.4
Egypt,1925,22.4,29.6
Egypt,1926,22.2,24.9
Egypt,1927,22.6,23.1
Egypt,1928,22.9,19.1
Egypt,1929,22.3,43.1
Egypt,1930,22.7,31.4
Egypt,1931,22.7,18.3
Egypt,1932,22.6,26.5
Egypt,1933,22.3,19.0
Egypt,1934,22.6,29.4
Egypt,1935,22.7,16.3
Egypt,1936,22.9,22.0
Egypt,1937,22.8,25.6
Egypt,1938,22.2,30.8
Egypt,1939,22.9,26.0
Egypt,1940,22.7,21.4
Egypt,1941,22.7,24.4
Egypt,1942,22.5,22.8
Egypt,1943,22.1,33.4
Egypt,1944,22.2,27.9
Egypt,1945,21.7,26.3
Egypt,1946,22.4,15.8
Egypt,1947,22.7,19.8
Egypt,1948,21.6,34.8
Egypt,1949,21.6,35.5
Egypt,1950,22.1,23.3
Egypt,1951,22.4,22.7
Egypt,1952,22.5,20.2
Egypt,1953,21.9,24.8
Egypt,1954,22.1,33.4
Egypt,1955,22.7,22.6
Egypt,1956,22.3,29.6
Egypt,1957,22.2,37.7
Egypt,1958,22.5,13.0
Egypt,1959,21.6,25.0
Egypt,1960,22.9,19.7
Egypt,1961,21.7,38.8
Egypt,1962,22.8,18.6
Egypt,1963,22.8,23.8
Egypt,1964,21.6,30.4
Egypt,1965,22.0,29.0
Egypt,1966,22.7,33.8
Egypt,1967,21.5,30.5
Egypt,1968,22.2,26.6
Egypt,1969,22.6,32.6
Egypt,1970,22.0,21.7
Egypt,1971,21.9,31.9
Egypt,1972,22.1,27.0
Egypt,1973,22.0,19.8
Egypt,1974,22.1,45.1
Egypt,1975,21.9,27.1
Egypt,1976,22.0,19.9
Egypt,1977,22.1,29.7
Egypt,1978,22.2,26.6
Egypt,1979,22.7,27.4
Egypt,1980,22.2,25.1
Egypt,1981,22.1,15.4
Egypt,1982,21.7,35.6
Egypt,1983,21.5,27.9
Egypt,1984,22.0,19.7
Egypt,1985,22.4,36.2
Egypt,1986,22.3,30.5
Egypt,1987,22.1,27.7
Egypt,1988,22.5,41.0
Egypt,1989,22.2,30.3
Egypt,1990,22.4,27.1
Egypt,1991,22.4,42.7
Egypt,1992,21.7,34.0
Egypt,1993,22.5,27.1
Egypt,1994,22.7,39.4
Egypt,1995,22.4,17.4
Egypt,1996,22.7,21.7
Egypt,1997,22.3,28.3
Egypt,1998,23.1,25.8
Egypt,1999,23.0,14.2
Egypt,2000,22.4,32.5
Egypt,2001,23.1,18.8
Egypt,2002,23.1,28.2
Egypt,2003,23.0,22.8
Egypt,2004,22.9,25.5
Egypt,2005,22.8,25.6
Egypt,2006,22.9,20.6
Egypt,2007,23.1,20.0
Egypt,2008,23.3,22.1
Egypt,2009,23.2,13.8
Egypt,2010,24.5,14.2
Egypt,2011,22.7,20.4
Egypt,2012,23.4,22.5
Egypt,2013,23.3,27.1
Egypt,2014,23.5,25.6
Egypt,2015,23.3,26.1
Egypt,2016,23.7,20.2
Egypt,2017,23.1,12.9
Egypt,2018,23.9,38.9
Egypt,2019,23.3,29.1
Egypt,2020,23.1,32.4
Egypt,2021,23.7,27.6
Egypt,2022,23.1,29.8
Egypt,2023,23.8,28.2
Egypt,2024,23.9,19.4
El Salvador,1901,24.7,1698.5
El Salvador,1902,24.7,1698.5
El Salvador,1903,24.7,1698.5
El Salvador,1904,24.7,1698.5
El Salvador,1905,24.7,1698.5
El Salvador,1906,24.5,1698.5
El Salvador,1907,24.6,1698.5
El Salvador,1908,24.6,1698.5
El Salvador,1909,24.7,1698.5
El Salvador,1910,24.1,1698.5
El Salvador,1911,24.5,1698.5
El Salvador,1912,24.6,1698.5
El Salvador,1913,24.4,1698.5
El Salvador,1914,24.4,1698.5
El Salvador,1915,24.5,1698.5
El Salvador,1916,24.4,1698.5
El Salvador,1917,24.7,1698.5
El Salvador,1918,24.7,1698.5
El Salvador,1919,24.6,1698.5
El Salvador,1920,24.6,1698.5
El Salvador,1921,24.5,1698.5
El Salvador,1922,24.8,1698.5
El Salvador,1923,24.6,1680.0
El Salvador,1924,24.6,1709.1
El Salvador,1925,24.5,1678.1
El Salvador,1926,24.7,1705.3
El Salvador,1927,24.7,1702.8
El Salvador,1928,24.7,1696.4
El Salvador,1929,24.8,1706.9
El Salvador,1930,24.6,1697.8
El Salvador,1931,24.5,1957.5
El Salvador,1932,24.7,1886.0
El Salvador,1933,24.7,2242.0
El Salvador,1934,24.5,1529.5
El Salvador,1935,24.5,1714.1
El Salvador,1936,25.0,2044.2
El Salvador,1937,24.7,1826.7
El Salvador,1938,24.1,1625.1
El Salvador,1939,24.4,1696.8
El Salvador,1940,24.4,1793.1
El Salvador,1941,24.5,1741.8
El Salvador,1942,24.4,1695.5
El Salvador,1943,24.0,1739.8
El Salvador,1944,24.5,1869.4
El Salvador,1945,24.7,1802.4
El Salvador,1946,24.7,1005.8
El Salvador,1947,24.8,1895.5
El Salvador,1948,24.6,2026.6
El Salvador,1949,24.5,1459.6
El Salvador,1950,24.0,1655.1
El Salvador,1951,24.5,1667.6
El Salvador,1952,24.6,1977.0
El Salvador,1953,24.8,1689.8
El Salvador,1954,24.2,2221.0
El Salvador,1955,24.3,1856.5
El Salvador,1956,24.3,1722.7
El Salvador,1957,24.8,1634.1
El Salvador,1958,25.1,1901.3
El Salvador,1959,24.8,1565.5
El Salvador,1960,24.6,2024.4
El Salvador,1961,24.5,1714.8
El Salvador,1962,24.3,1858.3
El Salvador,1963,24.3,1549.3
El Salvador,1964,24.5,1718.3
El Salvador,1965,24.4,1555.2
El Salvador,1966,24.3,2024.8
El Salvador,1967,24.3,1317.9
El Salvador,1968,24.1,1919.7
El Salvador,1969,24.8,2365.5
El Salvador,1970,24.5,2045.5
El Salvador,1971,24.4,1355.7
El Salvador,1972,24.9,1232.3
El Salvador,1973,24.8,1865.8
El Salvador,1974,24.3,1812.0
El Salvador,1975,24.7,1568.2
El Salvador,1976,24.5,1461.2
El Salvador,1977,25.0,1380.3
El Salvador,1978,24.8,1636.2
El Salvador,1979,24.8,2109.6
El Salvador,1980,25.1,1905.3
El Salvador,1981,24.8,2010.6
El Salvador,1982,25.0,1619.4
El Salvador,1983,25.3,1606.1
El Salvador,1984,24.5,1736.2
El Salvador,1985,24.8,1455.0
El Salvador,1986,24.8,1305.5
El Salvador,1987,25.2,1410.5
El Salvador,1988,25.1,2199.9
El Salvador,1989,24.8,1813.8
El Salvador,1990,25.0,1495.0
El Salvador,1991,25.2,1508.7
El Salvador,1992,25.1,2201.3
El Salvador,1993,25.0,1961.6
El Salvador,1994,25.2,1313.7
El Salvador,1995,25.3,1850.3
El Salvador,1996,24.8,1884.6
El Salvador,1997,25.3,1678.3
El Salvador,1998,25.5,1703.7
El Salvador,1999,24.7,1663.1
El Salvador,2000,24.9,1680.5
El Salvador,2001,25.3,1627.6
El Salvador,2002,25.4,1532.4
El Salvador,2003,25.5,1615.0
El Salvador,2004,25.4,1673.7
El Salvador,2005,25.3,1735.4
El Salvador,2006,25.3,1925.7
El Salvador,2007,25.2,1649.3
El Salvador,2008,25.2,1989.9
El Salvador,2009,25.5,1427.1
El Salvador,2010,25.1,1743.0
El Salvador,2011,25.3,1726.7
El Salvador,2012,25.4,1650.8
El Salvador,2013,25.3,1774.4
El Salvador,2014,25.4,1464.8
El Salvador,2015,25.8,1600.1
El Salvador,2016,25.8,1672.7
El Salvador,2017,25.6,1676.8
El Salvador,2018,25.2,1571.9
El Salvador,2019,25.6,1338.3
El Salvador,2020,25.8,1771.0
El Salvador,2021,25.6,1659.3
El Salvador,2022,25.3,1720.0
El Salvador,2023,26.0,1677.7
El Salvador,2024,26.1,1744.8
Equatorial Guinea,1901,24.2,2612.9
Equatorial Guinea,1902,24.4,2700.5
Equatorial Guinea,1903,24.6,2556.0
Equatorial Guinea,1904,24.3,2327.0
Equatorial Guinea,1905,24.7,2659.3
Equatorial Guinea,1906,24.6,2291.9
Equatorial Guinea,1907,24.7,2272.4
Equatorial Guinea,1908,24.3,2666.8
Equatorial Guinea,1909,24.8,2807.7
Equatorial Guinea,1910,24.2,2697.7
Equatorial Guinea,1911,24.6,2181.2
Equatorial Guinea,1912,24.7,2556.2
Equatorial Guinea,1913,24.3,1797.1
Equatorial Guinea,1914,24.7,2098.5
Equatorial Guinea,1915,24.5,2469.6
Equatorial Guinea,1916,24.5,2463.1
Equatorial Guinea,1917,24.5,2440.6
Equatorial Guinea,1918,24.5,2420.4
Equatorial Guinea,1919,24.5,2418.9
Equatorial Guinea,1920,24.5,2426.0
Equatorial Guinea,1921,24.5,2442.6
Equatorial Guinea,1922,24.5,2681.6
Equatorial Guinea,1923,24.5,2434.1
Equatorial Guinea,1924,24.5,2760.3
Equatorial Guinea,1925,24.5,2306.6
Equatorial Guinea,1926,24.5,2791.3
Equatorial Guinea,1927,24.5,2714.3
Equatorial Guinea,1928,24.5,2934.8
Equatorial Guinea,1929,24.5,2851.0
Equatorial Guinea,1930,24.5,2636.2
Equatorial Guinea,1931,24.5,2535.8
Equatorial Guinea,1932,24.5,2268.2
Equatorial Guinea,1933,24.5,2582.7
Equatorial Guinea,1934,24.5,2677.1
Equatorial Guinea,1935,24.5,2560.5
Equatorial Guinea,1936,24.5,2278.7
Equatorial Guinea,1937,24.5,2314.3
Equatorial Guinea,1938,24.5,2610.4
Equatorial Guinea,1939,24.5,2352.1
Equatorial Guinea,1940,24.5,2233.3
Equatorial Guinea,1941,25.1,2136.4
Equatorial Guinea,1942,25.0,2296.8
Equatorial Guinea,1943,24.4,2523.0
Equatorial Guinea,1944,25.0,2550.1
Equatorial Guinea,1945,25.0,2540.0
Equatorial Guinea,1946,24.7,2592.2
Equatorial Guinea,1947,25.0,2837.9
Equatorial Guinea,1948,24.6,2675.9
Equatorial Guinea,1949,25.0,2595.6
Equatorial Guinea,1950,24.9,2803.1
Equatorial Guinea,1951,24.9,2772.5
Equatorial Guinea,1952,24.9,2905.9
Equatorial Guinea,1953,24.8,2406.4
Equatorial Guinea,1954,24.4,2528.2
Equatorial Guinea,1955,24.6,2699.0
Equatorial Guinea,1956,24.5,2966.2
Equatorial Guinea,1957,24.7,2618.5
Equatorial Guinea,1958,24.7,2197.0
Equatorial Guinea,1959,24.7,2470.7
Equatorial Guinea,1960,24.9,2828.6
Equatorial Guinea,1961,24.6,2370.4
Equatorial Guinea,1962,24.6,2791.5
Equatorial Guinea,1963,25.0,2563.4
Equatorial Guinea,1964,24.6,2598.6
Equatorial Guinea,1965,24.6,2421.3
Equatorial Guinea,1966,25.0,2565.3
Equatorial Guinea,1967,24.6,2382.9
Equatorial Guinea,1968,24.6,2415.7
Equatorial Guinea,1969,24.9,2486.3
Equatorial Guinea,1970,24.8,2675.3
Equatorial Guinea,1971,24.3,2479.6
Equatorial Guinea,1972,24.3,2278.0
Equatorial Guinea,1973,24.6,2381.0
Equatorial Guinea,1974,24.1,2390.3
Equatorial Guinea,1975,24.1,2363.2
Equatorial Guinea,1976,23.8,2447.0
Equatorial Guinea,1977,24.3,2561.0
Equatorial Guinea,1978,24.3,2235.3
Equatorial Guinea,1979,24.7,2382.8
Equatorial Guinea,1980,24.6,2262.3
Equatorial Guinea,1981,24.5,2172.1
Equatorial Guinea,1982,24.3,2273.8
Equatorial Guinea,1983,24.6,1833.3
Equatorial Guinea,1984,24.7,2589.7
Equatorial Guinea,1985,24.4,2588.0
Equatorial Guinea,1986,24.4,2278.7
Equatorial Guinea,1987,25.0,2278.4
Equatorial Guinea,1988,24.7,2814.3
Equatorial Guinea,1989,24.6,2310.5
Equatorial Guinea,1990,24.7,2547.5
Equatorial Guinea,1991,24.7,2254.9
Equatorial Guinea,1992,24.4,2077.9
Equatorial Guinea,1993,24.5,2251.4
Equatorial Guinea,1994,24.5,2384.4
Equatorial Guinea,1995,24.8,2385.5
Equatorial Guinea,1996,24.5,2560.4
Equatorial Guinea,1997,24.6,2370.9
Equatorial Guinea,1998,25.2,2756.6
Equatorial Guinea,1999,24.7,2625.2
Equatorial Guinea,2000,24.7,2527.0
Equatorial Guinea,2001,24.8,2637.8
Equatorial Guinea,2002,25.0,2847.1
Equatorial Guinea,2003,25.0,2657.7
Equatorial Guinea,2004,24.9,2625.9
Equatorial Guinea,2005,25.0,1977.1
Equatorial Guinea,2006,25.0,2240.7
Equatorial Guinea,2007,25.0,3549.2
Equatorial Guinea,2008,24.8,2636.5
Equatorial Guinea,2009,24.9,2319.3
Equatorial Guinea,2010,25.1,2078.7
Equatorial Guinea,2011,24.8,2238.5
Equatorial Guinea,2012,24.8,2891.0
Equatorial Guinea,2013,24.9,2273.9
Equatorial Guinea,2014,24.9,2263.6
Equatorial Guinea,2015,25.1,1781.3
Equatorial Guinea,2016,25.2,2279.7
Equatorial Guinea,2017,25.0,2377.6
Equatorial Guinea,2018,25.1,2513.7
Equatorial Guinea,2019,25.0,2646.5
Equatorial Guinea,2020,25.3,2252.9
Equatorial Guinea,2021,25.3,2443.9
Equatorial Guinea,2022,25.1,2419.0
Equatorial Guinea,2023,25.0,2170.2
Equatorial Guinea,2024,25.2,2139.6
Eritrea,1901,25.9,298.2
Eritrea,1902,25.4,255.4
Eritrea,1903,25.3,368.2
Eritrea,1904,25.4,291.6
Eritrea,1905,25.3,304.4
Eritrea,1906,25.5,298.9
Eritrea,1907,25.3,385.2
Eritrea,1908,25.4,341.4
Eritrea,1909,25.3,398.6
Eritrea,1910,25.4,404.2
Eritrea,1911,25.6,383.6
Eritrea,1912,25.2,337.2
Eritrea,1913,25.0,379.0
Eritrea,1914,25.5,388.2
Eritrea,1915,25.6,294.2
Eritrea,1916,25.0,590.1
Eritrea,1917,25.1,420.6
Eritrea,1918,25.2,312.2
Eritrea,1919,25.6,347.7
Eritrea,1920,24.8,512.7
Eritrea,1921,25.1,340.8
Eritrea,1922,25.1,378.0
Eritrea,1923,25.0,380.6
Eritrea,1924,25.4,394.8
Eritrea,1925,25.2,403.7
Eritrea,1926,25.3,341.9
Eritrea,1927,25.6,296.7
Eritrea,1928,26.0,338.3
Eritrea,1929,25.3,462.0
Eritrea,1930,25.2,300.8
Eritrea,1931,25.6,344.1
Eritrea,1932,25.3,526.1
Eritrea,1933,25.7,375.3
Eritrea,1934,25.3,426.5
Eritrea,1935,25.5,472.7
Eritrea,1936,25.8,421.7
Eritrea,1937,25.5,411.6
Eritrea,1938,25.5,509.0
Eritrea,1939,26.0,311.2
Eritrea,1940,26.0,340.9
Eritrea,1941,25.3,316.3
Eritrea,1942,25.1,447.5
Eritrea,1943,24.4,395.2
Eritrea,1944,24.9,347.3
Eritrea,1945,24.6,333.4
Eritrea,1946,24.9,392.4
Eritrea,1947,25.2,285.2
Eritrea,1948,24.6,335.5
Eritrea,1949,24.5,340.5
Eritrea,1950,24.8,510.5
Eritrea,1951,24.7,329.2
Eritrea,1952,25.2,321.5
Eritrea,1953,24.9,452.0
Eritrea,1954,25.1,445.5
Eritrea,1955,25.3,336.8
Eritrea,1956,24.7,443.1
Eritrea,1957,24.9,420.7
Eritrea,1958,25.4,337.4
Eritrea,1959,24.8,398.7
Eritrea,1960,25.4,327.9
Eritrea,1961,24.5,511.5
Eritrea,1962,25.0,338.2
Eritrea,1963,25.4,428.2
Eritrea,1964,24.4,582.4
Eritrea,1965,25.0,312.3
Eritrea,1966,25.3,292.1
Eritrea,1967,24.4,390.2
Eritrea,1968,24.6,313.4
Eritrea,1969,25.7,304.9
Eritrea,1970,25.1,326.1
Eritrea,1971,24.6,317.3
Eritrea,1972,25.0,334.5
Eritrea,1973,25.7,361.8
Eritrea,1974,25.2,332.7
Eritrea,1975,25.3,537.5
Eritrea,1976,25.7,359.1
Eritrea,1977,25.3,442.8
Eritrea,1978,25.6,405.6
Eritrea,1979,26.0,404.5
Eritrea,1980,26.1,405.3
Eritrea,1981,25.6,364.9
Eritrea,1982,25.5,339.8
Eritrea,1983,25.5,323.7
Eritrea,1984,26.2,245.8
Eritrea,1985,25.9,342.2
Eritrea,1986,25.7,363.2
Eritrea,1987,25.7,346.9
Eritrea,1988,25.2,425.6
Eritrea,1989,24.9,331.7
Eritrea,1990,25.9,222.7
Eritrea,1991,25.6,339.8
Eritrea,1992,25.0,379.6
Eritrea,1993,25.6,383.2
Eritrea,1994,25.5,373.4
Eritrea,1995,25.2,354.6
Eritrea,1996,25.7,341.0
Eritrea,1997,25.7,329.7
Eritrea,1998,26.0,426.6
Eritrea,1999,26.1,349.7
Eritrea,2000,25.9,400.3
Eritrea,2001,26.1,380.0
Eritrea,2002,26.4,351.2
Eritrea,2003,26.1,408.6
Eritrea,2004,26.1,317.8
Eritrea,2005,26.4,409.0
Eritrea,2006,26.1,389.1
Eritrea,2007,25.9,397.6
Eritrea,2008,26.1,364.9
Eritrea,2009,26.7,316.0
Eritrea,2010,26.9,375.0
Eritrea,2011,26.3,335.0
Eritrea,2012,26.3,320.8
Eritrea,2013,26.6,347.3
Eritrea,2014,26.3,425.3
Eritrea,2015,26.7,340.7
Eritrea,2016,26.8,384.6
Eritrea,2017,26.5,367.3
Eritrea,2018,26.3,446.9
Eritrea,2019,26.1,422.7
Eritrea,2020,25.8,450.0
Eritrea,2021,26.2,453.8
Eritrea,2022,25.9,445.2
Eritrea,2023,26.4,393.0
Eritrea,2024,26.8,405.6
Estonia,1901,5.4,454.9
Estonia,1902,3.1,657.2
Estonia,1903,5.7,684.9
Estonia,1904,4.3,620.5
Estonia,1905,5.2,588.9
Estonia,1906,5.8,639.1
Estonia,1907,4.1,527.0
Estonia,1908,4.7,537.1
Estonia,1909,4.5,559.7
Estonia,1910,6.1,602.4
Estonia,1911,5.5,596.0
Estonia,1912,4.5,657.3
Estonia,1913,5.8,552.7
Estonia,1914,6.0,522.5
Estonia,1915,3.4,626.2
Estonia,1916,4.9,675.5
Estonia,1917,4.3,575.3
Estonia,1918,5.0,583.4
Estonia,1919,4.3,542.0
Estonia,1920,6.1,479.2
Estonia,1921,5.5,571.2
Estonia,1922,4.3,576.5
Estonia,1923,4.3,712.4
Estonia,1924,5.1,640.7
Estonia,1925,5.7,729.7
Estonia,1926,4.6,573.7
Estonia,1927,4.7,717.9
Estonia,1928,4.6,761.7
Estonia,1929,4.4,615.7
Estonia,1930,6.3,652.8
Estonia,1931,4.3,631.0
Estonia,1932,5.8,639.7
Estonia,1933,4.7,477.5
Estonia,1934,7.1,607.8
Estonia,1935,5.6,744.9
Estonia,1936,6.1,650.1
Estonia,1937,6.1,640.5
Estonia,1938,6.8,565.0
Estonia,1939,5.8,456.9
Estonia,1940,3.5,579.3
Estonia,1941,2.8,449.9
Estonia,1942,3.0,569.3
Estonia,1943,6.4,678.0
Estonia,1944,5.9,645.5
Estonia,1945,5.0,616.6
Estonia,1946,5.1,541.1
Estonia,1947,4.4,488.4
Estonia,1948,5.8,646.5
Estonia,1949,6.7,627.9
Estonia,1950,5.3,655.2
Estonia,1951,5.3,517.8
Estonia,1952,4.4,745.4
Estonia,1953,5.9,575.6
Estonia,1954,5.1,685.4
Estonia,1955,4.3,560.5
Estonia,1956,3.6,629.8
Estonia,1957,5.5,706.2
Estonia,1958,4.3,540.5
Estonia,1959,6.1,514.5
Estonia,1960,5.0,635.3
Estonia,1961,6.4,624.7
Estonia,1962,4.5,719.4
Estonia,1963,4.5,503.9
Estonia,1964,5.2,473.6
Estonia,1965,4.5,545.1
Estonia,1966,4.1,659.7
Estonia,1967,5.5,652.7
Estonia,1968,4.8,532.9
Estonia,1969,4.2,513.5
Estonia,1970,4.4,591.3
Estonia,1971,5.4,539.1
Estonia,1972,6.0,579.4
Estonia,1973,5.6,601.5
Estonia,1974,6.4,622.9
Estonia,1975,6.9,520.8
Estonia,1976,4.1,464.0
Estonia,1977,4.8,659.8
Estonia,1978,4.1,722.2
Estonia,1979,4.8,596.4
Estonia,1980,4.6,649.9
Estonia,1981,5.0,806.8
Estonia,1982,5.5,567.7
Estonia,1983,6.1,666.0
Estonia,1984,5.9,628.9
Estonia,1985,3.5,681.9
Estonia,1986,4.9,674.7
Estonia,1987,3.3,667.8
Estonia,1988,5.7,675.7
Estonia,1989,7.1,630.5
Estonia,1990,6.7,786.0
Estonia,1991,6.1,657.9
Estonia,1992,6.4,592.5
Estonia,1993,5.4,632.8
Estonia,1994,5.5,615.5
Estonia,1995,6.1,634.4
Estonia,1996,4.8,564.8
Estonia,1997,6.0,670.5
Estonia,1998,5.4,716.1
Estonia,1999,6.4,600.8
Estonia,2000,7.1,648.9
Estonia,2001,5.9,744.3
Estonia,2002,6.2,512.2
Estonia,2003,5.8,599.4
Estonia,2004,5.9,702.3
Estonia,2005,6.2,619.6
Estonia,2006,6.6,539.1
Estonia,2007,6.7,683.4
Estonia,2008,7.2,761.3
Estonia,2009,6.0,690.7
Estonia,2010,4.7,724.0
Estonia,2011,6.9,661.6
Estonia,2012,5.6,830.7
Estonia,2013,6.7,580.3
Estonia,2014,7.0,617.3
Estonia,2015,7.4,575.6
Estonia,2016,6.6,663.4
Estonia,2017,6.3,760.7
Estonia,2018,7.0,520.8
Estonia,2019,7.3,687.1
Estonia,2020,8.2,665.3
Estonia,2021,6.4,657.8
Estonia,2022,7.0,577.0
Estonia,2023,7.0,734.5
Estonia,2024,7.6,638.4
Ethiopia,1901,22.7,898.1
Ethiopia,1902,22.6,785.5
Ethiopia,1903,22.7,970.4
Ethiopia,1904,22.5,844.9
Ethiopia,1905,22.6,916.4
Ethiopia,1906,22.6,937.8
Ethiopia,1907,22.4,846.2
Ethiopia,1908,22.7,846.0
Ethiopia,1909,22.2,944.8
Ethiopia,1910,22.5,854.7
Ethiopia,1911,22.5,894.4
Ethiopia,1912,22.1,827.7
Ethiopia,1913,22.2,751.4
Ethiopia,1914,22.5,988.2
Ethiopia,1915,22.4,890.3
Ethiopia,1916,22.2,988.0
Ethiopia,1917,22.2,964.8
Ethiopia,1918,22.3,755.6
Ethiopia,1919,22.5,777.6
Ethiopia,1920,22.2,845.3
Ethiopia,1921,22.5,783.0
Ethiopia,1922,22.7,797.6
Ethiopia,1923,22.4,964.8
Ethiopia,1924,23.0,840.5
Ethiopia,1925,22.7,895.9
Ethiopia,1926,22.6,1005.1
Ethiopia,1927,22.7,795.4
Ethiopia,1928,23.0,865.0
Ethiopia,1929,22.3,899.4
Ethiopia,1930,22.2,916.3
Ethiopia,1931,22.6,828.9
Ethiopia,1932,22.4,836.2
Ethiopia,1933,22.6,790.9
Ethiopia,1934,22.5,812.8
Ethiopia,1935,22.5,939.3
Ethiopia,1936,22.5,953.2
Ethiopia,1937,22.6,884.0
Ethiopia,1938,22.5,792.3
Ethiopia,1939,22.8,791.9
Ethiopia,1940,22.8,816.5
Ethiopia,1941,22.6,843.6
Ethiopia,1942,22.5,796.3
Ethiopia,1943,22.3,731.8
Ethiopia,1944,22.5,821.0
Ethiopia,1945,22.3,802.8
Ethiopia,1946,22.4,911.4
Ethiopia,1947,22.5,907.4
Ethiopia,1948,22.2,823.8
Ethiopia,1949,22.1,837.1
Ethiopia,1950,22.1,927.3
Ethiopia,1951,22.4,831.7
Ethiopia,1952,22.7,727.4
Ethiopia,1953,22.9,756.3
Ethiopia,1954,22.9,856.1
Ethiopia,1955,23.1,769.9
Ethiopia,1956,22.4,763.7
Ethiopia,1957,22.4,855.0
Ethiopia,1958,22.7,894.9
Ethiopia,1959,22.5,784.3
Ethiopia,1960,22.4,765.6
Ethiopia,1961,22.1,1059.6
Ethiopia,1962,22.2,788.9
Ethiopia,1963,22.5,945.8
Ethiopia,1964,22.0,958.2
Ethiopia,1965,22.4,783.7
Ethiopia,1966,22.5,893.6
Ethiopia,1967,22.0,1131.8
Ethiopia,1968,22.0,940.2
Ethiopia,1969,22.6,814.3
Ethiopia,1970,22.6,850.6
Ethiopia,1971,22.2,861.5
Ethiopia,1972,22.6,886.9
Ethiopia,1973,23.0,783.6
Ethiopia,1974,22.4,819.4
Ethiopia,1975,22.4,914.0
Ethiopia,1976,22.7,943.3
Ethiopia,1977,22.7,1003.4
Ethiopia,1978,22.8,789.1
Ethiopia,1979,22.9,795.6
Ethiopia,1980,23.2,705.4
Ethiopia,1981,22.5,815.6
Ethiopia,1982,22.7,974.8
Ethiopia,1983,22.8,875.7
Ethiopia,1984,22.7,657.0
Ethiopia,1985,22.6,836.8
Ethiopia,1986,22.8,727.9
Ethiopia,1987,23.0,777.1
Ethiopia,1988,22.8,831.2
Ethiopia,1989,22.3,863.6
Ethiopia,1990,22.9,782.3
Ethiopia,1991,22.9,763.6
Ethiopia,1992,22.6,793.2
Ethiopia,1993,22.7,880.5
Ethiopia,1994,22.7,836.1
Ethiopia,1995,22.9,749.7
Ethiopia,1996,23.0,897.5
Ethiopia,1997,22.9,908.4
Ethiopia,1998,23.2,884.4
Ethiopia,1999,22.7,771.9
Ethiopia,2000,23.0,869.3
Ethiopia,2001,23.1,828.0
Ethiopia,2002,23.5,744.2
Ethiopia,2003,23.3,785.7
Ethiopia,2004,23.3,847.1
Ethiopia,2005,23.3,870.6
Ethiopia,2006,23.3,894.2
Ethiopia,2007,23.1,867.2
Ethiopia,2008,23.0,867.4
Ethiopia,2009,23.7,791.2
Ethiopia,2010,23.4,875.2
Ethiopia,2011,23.2,868.5
Ethiopia,2012,23.2,902.7
Ethiopia,2013,23.5,927.4
Ethiopia,2014,23.3,935.4
Ethiopia,2015,23.7,858.9
Ethiopia,2016,23.7,940.2
Ethiopia,2017,23.4,937.6
Ethiopia,2018,23.1,914.5
Ethiopia,2019,23.2,1013.8
Ethiopia,2020,23.1,952.7
Ethiopia,2021,23.2,930.7
Ethiopia,2022,23.3,935.8
Ethiopia,2023,23.5,930.1
Ethiopia,2024,24.0,1014.1
Faeroes,1901,5.9,1414.8
Faeroes,1902,5.2,1526.6
Faeroes,1903,5.3,1825.7
Faeroes,1904,5.8,1600.5
Faeroes,1905,5.8,1440.7
Faeroes,1906,5.3,1413.4
Faeroes,1907,5.2,1282.6
Faeroes,1908,6.1,1505.8
Faeroes,1909,5.3,1274.4
Faeroes,1910,5.5,1308.0
Faeroes,1911,6.1,1358.0
Faeroes,1912,5.7,1394.5
Faeroes,1913,6.1,1505.7
Faeroes,1914,6.0,1398.4
Faeroes,1915,5.4,1136.7
Faeroes,1916,5.7,1713.9
Faeroes,1917,5.1,1474.7
Faeroes,1918,5.6,1414.4
Faeroes,1919,4.9,1352.6
Faeroes,1920,6.1,1577.9
Faeroes,1921,6.0,1564.6
Faeroes,1922,5.5,1679.3
Faeroes,1923,5.5,1749.4
Faeroes,1924,6.0,1558.9
Faeroes,1925,5.7,1559.8
Faeroes,1926,6.3,1653.5
Faeroes,1927,5.7,1418.7
Faeroes,1928,6.0,1429.1
Faeroes,1929,6.2,1547.4
Faeroes,1930,6.1,1569.5
Faeroes,1931,5.8,1585.6
Faeroes,1932,6.4,1472.9
Faeroes,1933,7.0,1229.5
Faeroes,1934,6.6,1603.8
Faeroes,1935,6.2,1543.0
Faeroes,1936,6.2,1532.9
Faeroes,1937,6.3,1565.7
Faeroes,1938,6.6,1647.4
Faeroes,1939,6.7,1452.1
Faeroes,1940,6.1,1518.6
Faeroes,1941,6.3,1266.6
Faeroes,1942,6.1,1687.5
Faeroes,1943,6.3,1829.5
Faeroes,1944,6.1,1426.5
Faeroes,1945,7.0,1407.9
Faeroes,1946,6.8,1650.6
Faeroes,1947,6.1,1435.0
Faeroes,1948,6.4,1624.9
Faeroes,1949,6.3,1730.1
Faeroes,1950,6.2,1791.2
Faeroes,1951,5.8,1743.6
Faeroes,1952,5.8,1540.2
Faeroes,1953,7.0,1656.5
Faeroes,1954,6.2,1711.5
Faeroes,1955,5.9,1307.6
Faeroes,1956,6.3,1433.5
Faeroes,1957,6.3,1699.1
Faeroes,1958,6.1,1469.2
Faeroes,1959,6.9,1627.1
Faeroes,1960,6.9,1412.8
Faeroes,1961,6.6,1486.5
Faeroes,1962,5.9,1693.6
Faeroes,1963,6.1,1536.2
Faeroes,1964,6.7,1536.6
Faeroes,1965,5.7,1396.0
Faeroes,1966,5.6,1504.7
Faeroes,1967,5.8,1887.9
Faeroes,1968,5.6,1294.1
Faeroes,1969,5.4,1373.2
Faeroes,1970,5.6,1514.9
Faeroes,1971,6.2,1530.2
Faeroes,1972,7.0,1326.5
Faeroes,1973,5.7,1499.0
Faeroes,1974,6.7,1469.0
Faeroes,1975,6.0,1229.0
Faeroes,1976,6.4,1298.7
Faeroes,1977,6.0,1580.1
Faeroes,1978,6.0,1464.8
Faeroes,1979,4.8,1580.8
Faeroes,1980,6.1,1426.1
Faeroes,1981,5.3,1464.0
Faeroes,1982,6.0,1671.3
Faeroes,1983,5.5,1596.6
Faeroes,1984,6.5,1423.9
Faeroes,1985,5.7,1459.2
Faeroes,1986,6.0,1757.2
Faeroes,1987,6.7,1661.3
Faeroes,1988,5.9,1904.2
Faeroes,1989,6.2,1770.0
Faeroes,1990,6.4,1921.9
Faeroes,1991,6.9,1539.0
Faeroes,1992,6.4,1943.4
Faeroes,1993,5.9,1474.8
Faeroes,1994,6.0,1596.9
Faeroes,1995,5.7,1566.8
Faeroes,1996,6.3,1489.6
Faeroes,1997,6.8,1622.8
Faeroes,1998,6.2,1742.0
Faeroes,1999,6.3,1802.6
Faeroes,2000,6.4,1650.7
Faeroes,2001,6.5,1384.3
Faeroes,2002,7.1,1476.8
Faeroes,2003,7.4,1451.8
Faeroes,2004,7.1,1783.0
Faeroes,2005,6.6,1702.7
Faeroes,2006,7.2,1511.5
Faeroes,2007,6.9,1793.1
Faeroes,2008,6.7,1697.8
Faeroes,2009,7.1,1850.5
Faeroes,2010,6.4,1331.5
Faeroes,2011,7.0,2344.4
Faeroes,2012,6.5,1759.8
Faeroes,2013,6.6,1523.0
Faeroes,2014,7.6,1612.9
Faeroes,2015,6.6,1920.7
Faeroes,2016,7.1,1332.6
Faeroes,2017,7.3,1434.1
Faeroes,2018,6.9,1269.0
Faeroes,2019,7.0,1391.5
Faeroes,2020,7.0,1537.0
Faeroes,2021,6.9,1500.3
Faeroes,2022,7.2,1540.9
Faeroes,2023,6.9,1573.7
Faeroes,2024,6.8,1449.9
Falkland Isl,1901,6.7,502.8
Falkland Isl,1902,6.3,502.8
Falkland Isl,1903,6.4,502.8
Falkland Isl,1904,6.5,502.8
Falkland Isl,1905,6.0,502.8
Falkland Isl,1906,5.9,502.8
Falkland Isl,1907,6.0,502.8
Falkland Isl,1908,6.0,502.8
Falkland Isl,1909,5.9,502.8
Falkland Isl,1910,6.3,502.8
Falkland Isl,1911,6.3,502.8
Falkland Isl,1912,6.4,502.8
Falkland Isl,1913,6.1,502.8
Falkland Isl,1914,6.0,502.8
Falkland Isl,1915,6.1,502.8
Falkland Isl,1916,6.5,502.8
Falkland Isl,1917,6.6,502.8
Falkland Isl,1918,6.3,502.8
Falkland Isl,1919,6.5,502.8
Falkland Isl,1920,6.5,502.8
Falkland Isl,1921,6.5,502.8
Falkland Isl,1922,6.6,502.8
Falkland Isl,1923,5.6,502.8
Falkland Isl,1924,6.4,502.8
Falkland Isl,1925,6.1,502.8
Falkland Isl,1926,6.2,502.8
Falkland Isl,1927,6.2,502.8
Falkland Isl,1928,6.2,502.8
Falkland Isl,1929,6.2,502.8
Falkland Isl,1930,6.1,502.8
Falkland Isl,1931,6.1,502.8
Falkland Isl,1932,5.8,502.8
Falkland Isl,1933,6.0,502.8
Falkland Isl,1934,6.1,502.8
Falkland Isl,1935,5.5,502.8
Falkland Isl,1936,6.1,502.8
Falkland Isl,1937,5.6,502.8
Falkland Isl,1938,5.7,502.8
Falkland Isl,1939,5.4,502.8
Falkland Isl,1940,6.2,502.8
Falkland Isl,1941,6.2,502.8
Falkland Isl,1942,6.4,502.8
Falkland Isl,1943,6.8,502.8
Falkland Isl,1944,6.2,502.8
Falkland Isl,1945,6.5,502.8
Falkland Isl,1946,5.9,502.8
Falkland Isl,1947,6.1,502.8
Falkland Isl,1948,5.7,502.8
Falkland Isl,1949,6.1,502.8
Falkland Isl,1950,5.8,502.8
Falkland Isl,1951,6.2,502.8
Falkland Isl,1952,6.5,502.8
Falkland Isl,1953,6.3,502.8
Falkland Isl,1954,6.0,502.8
Falkland Isl,1955,6.1,502.8
Falkland Isl,1956,6.5,502.8
Falkland Isl,1957,6.0,502.8
Falkland Isl,1958,5.9,502.8
Falkland Isl,1959,5.7,502.8
Falkland Isl,1960,6.4,502.8
Falkland Isl,1961,5.5,502.8
Falkland Isl,1962,6.5,502.8
Falkland Isl,1963,5.7,502.8
Falkland Isl,1964,5.8,502.8
Falkland Isl,1965,6.0,502.8
Falkland Isl,1966,5.7,502.8
Falkland Isl,1967,6.1,502.8
Falkland Isl,1968,6.5,502.8
Falkland Isl,1969,6.0,502.8
Falkland Isl,1970,6.3,502.8
Falkland Isl,1971,5.6,502.8
Falkland Isl,1972,5.8,502.8
Falkland Isl,1973,5.9,502.8
Falkland Isl,1974,6.2,502.8
Falkland Isl,1975,6.1,502.8
Falkland Isl,1976,5.6,502.8
Falkland Isl,1977,6.1,502.8
Falkland Isl,1978,6.4,502.8
Falkland Isl,1979,6.6,502.8
Falkland Isl,1980,6.0,502.8
Falkland Isl,1981,6.3,502.8
Falkland Isl,1982,6.2,502.8
Falkland Isl,1983,6.5,502.8
Falkland Isl,1984,5.9,502.8
Falkland Isl,1985,7.0,502.8
Falkland Isl,1986,6.2,502.8
Falkland Isl,1987,6.6,502.8
Falkland Isl,1988,6.4,502.8
Falkland Isl,1989,6.6,502.8
Falkland Isl,1990,6.4,502.8
Falkland Isl,1991,6.0,502.8
Falkland Isl,1992,6.0,502.8
Falkland Isl,1993,6.5,502.8
Falkland Isl,1994,6.1,502.8
Falkland Isl,1995,6.0,502.8
Falkland Isl,1996,6.5,502.8
Falkland Isl,1997,6.0,502.8
Falkland Isl,1998,6.9,502.8
Falkland Isl,1999,6.5,502.8
Falkland Isl,2000,5.9,502.8
Falkland Isl,2001,6.1,502.8
Falkland Isl,2002,5.7,502.8
Falkland Isl,2003,6.3,502.8
Falkland Isl,2004,6.8,502.8
Falkland Isl,2005,6.3,502.8
Falkland Isl,2006,6.4,502.8
Falkland Isl,2007,6.1,502.8
Falkland Isl,2008,6.6,502.8
Falkland Isl,2009,6.3,502.8
Falkland Isl,2010,6.3,502.8
Falkland Isl,2011,6.5,502.8
Falkland Isl,2012,6.3,502.8
Falkland Isl,2013,6.5,502.8
Falkland Isl,2014,6.3,502.8
Falkland Isl,2015,6.3,502.8
Falkland Isl,2016,6.6,502.8
Falkland Isl,2017,6.6,502.8
Falkland Isl,2018,6.5,502.8
Falkland Isl,2019,6.4,502.8
Falkland Isl,2020,6.6,502.8
Falkland Isl,2021,7.0,502.8
Falkland Isl,2022,6.5,502.8
Falkland Isl,2023,6.3,502.8
Falkland Isl,2024,6.3,502.8
Fernando de Noronha,1901,26.4,1471.0
Fernando de Noronha,1902,26.4,1471.0
Fernando de Noronha,1903,26.4,1471.0
Fernando de Noronha,1904,26.2,1471.0
Fernando de Noronha,1905,26.2,1471.0
Fernando de Noronha,1906,26.2,1471.0
Fernando de Noronha,1907,26.5,1471.0
Fernando de Noronha,1908,26.7,1471.0
Fernando de Noronha,1909,26.6,1471.0
Fernando de Noronha,1910,26.3,1472.6
Fernando de Noronha,1911,26.4,1428.9
Fernando de Noronha,1912,26.1,1539.6
Fernando de Noronha,1913,26.1,1476.3
Fernando de Noronha,1914,26.2,1498.0
Fernando de Noronha,1915,27.0,1430.8
Fernando de Noronha,1916,26.3,1456.8
Fernando de Noronha,1917,26.0,1471.9
Fernando de Noronha,1918,26.3,1475.8
Fernando de Noronha,1919,26.8,1412.7
Fernando de Noronha,1920,26.4,1445.8
Fernando de Noronha,1921,26.1,1488.7
Fernando de Noronha,1922,26.1,1476.1
Fernando de Noronha,1923,26.3,1421.5
Fernando de Noronha,1924,26.0,1481.5
Fernando de Noronha,1925,26.2,1453.0
Fernando de Noronha,1926,26.4,1471.8
Fernando de Noronha,1927,26.4,1457.4
Fernando de Noronha,1928,26.6,1438.4
Fernando de Noronha,1929,26.3,1461.8
Fernando de Noronha,1930,26.6,1418.6
Fernando de Noronha,1931,26.7,1483.2
Fernando de Noronha,1932,26.7,1435.7
Fernando de Noronha,1933,26.6,1439.0
Fernando de Noronha,1934,26.3,1455.2
Fernando de Noronha,1935,26.3,1488.1
Fernando de Noronha,1936,26.4,1457.4
Fernando de Noronha,1937,26.6,1451.4
Fernando de Noronha,1938,26.4,1453.6
Fernando de Noronha,1939,26.4,1446.4
Fernando de Noronha,1940,26.2,1523.4
Fernando de Noronha,1941,26.8,1431.7
Fernando de Noronha,1942,26.8,1449.1
Fernando de Noronha,1943,26.5,1435.7
Fernando de Noronha,1944,26.5,1422.9
Fernando de Noronha,1945,26.4,1472.3
Fernando de Noronha,1946,26.5,1464.1
Fernando de Noronha,1947,26.5,1448.6
Fernando de Noronha,1948,26.6,1456.7
Fernando de Noronha,1949,26.6,1444.5
Fernando de Noronha,1950,26.2,1486.1
Fernando de Noronha,1951,26.5,1432.5
Fernando de Noronha,1952,26.5,1436.5
Fernando de Noronha,1953,26.6,1403.8
Fernando de Noronha,1954,26.5,1422.3
Fernando de Noronha,1955,26.3,1453.1
Fernando de Noronha,1956,26.5,1446.1
Fernando de Noronha,1957,26.5,1441.8
Fernando de Noronha,1958,26.8,1404.1
Fernando de Noronha,1959,26.6,1471.2
Fernando de Noronha,1960,26.7,1450.9
Fernando de Noronha,1961,26.1,1464.2
Fernando de Noronha,1962,26.3,1429.3
Fernando de Noronha,1963,26.2,1432.8
Fernando de Noronha,1964,26.0,1533.9
Fernando de Noronha,1965,26.2,1482.6
Fernando de Noronha,1966,26.4,1437.6
Fernando de Noronha,1967,26.0,1499.9
Fernando de Noronha,1968,26.0,1437.8
Fernando de Noronha,1969,26.4,1452.7
Fernando de Noronha,1970,26.4,1442.5
Fernando de Noronha,1971,26.1,1485.3
Fernando de Noronha,1972,26.4,1435.6
Fernando de Noronha,1973,26.6,1529.1
Fernando de Noronha,1974,25.9,1584.5
Fernando de Noronha,1975,26.0,1443.8
Fernando de Noronha,1976,26.1,1471.0
Fernando de Noronha,1977,26.2,1464.1
Fernando de Noronha,1978,26.2,1443.1
Fernando de Noronha,1979,26.4,1421.0
Fernando de Noronha,1980,26.4,1447.7
Fernando de Noronha,1981,26.4,1445.4
Fernando de Noronha,1982,26.3,1448.3
Fernando de Noronha,1983,26.7,1420.2
Fernando de Noronha,1984,26.4,1515.4
Fernando de Noronha,1985,26.1,1563.7
Fernando de Noronha,1986,26.1,1552.3
Fernando de Noronha,1987,26.6,1455.0
Fernando de Noronha,1988,26.4,1511.3
Fernando de Noronha,1989,26.4,1467.2
Fernando de Noronha,1990,26.5,1423.3
Fernando de Noronha,1991,26.4,1439.5
Fernando de Noronha,1992,26.3,1470.5
Fernando de Noronha,1993,26.8,1439.5
Fernando de Noronha,1994,26.4,1509.5
Fernando de Noronha,1995,26.5,1487.3
Fernando de Noronha,1996,26.5,1459.6
Fernando de Noronha,1997,26.5,1457.1
Fernando de Noronha,1998,27.0,1443.3
Fernando de Noronha,1999,26.6,1453.5
Fernando de Noronha,2000,26.4,1495.2
Fernando de Noronha,2001,26.6,1453.5
Fernando de Noronha,2002,26.4,1492.1
Fernando de Noronha,2003,26.6,1481.4
Fernando de Noronha,2004,26.3,1499.5
Fernando de Noronha,2005,26.7,1497.1
Fernando de Noronha,2006,26.6,1453.6
Fernando de Noronha,2007,26.5,1469.9
Fernando de Noronha,2008,26.3,1488.4
Fernando de Noronha,2009,26.4,1516.0
Fernando de Noronha,2010,26.8,1437.6
Fernando de Noronha,2011,26.2,1494.7
Fernando de Noronha,2012,26.6,1452.7
Fernando de Noronha,2013,26.7,1470.7
Fernando de Noronha,2014,26.5,1479.0
Fernando de Noronha,2015,26.8,1474.1
Fernando de Noronha,2016,27.0,1447.1
Fernando de Noronha,2017,26.8,1454.6
Fernando de Noronha,2018,26.7,1466.9
Fernando de Noronha,2019,26.8,1456.8
Fernando de Noronha,2020,26.8,1466.4
Fernando de Noronha,2021,26.7,1441.6
Fernando de Noronha,2022,26.5,1483.5
Fernando de Noronha,2023,26.6,1439.8
Fernando de Noronha,2024,26.5,1468.8
Fiji,1901,24.8,2467.8
Fiji,1902,24.8,2089.6
Fiji,1903,24.8,1742.8
Fiji,1904,24.8,2348.3
Fiji,1905,24.8,1611.9
Fiji,1906,24.8,2755.1
Fiji,1907,24.8,1954.5
Fiji,1908,24.8,2001.9
Fiji,1909,24.8,2051.9
Fiji,1910,24.8,2316.4
Fiji,1911,24.8,2461.8
Fiji,1912,24.8,2330.9
Fiji,1913,24.8,2427.8
Fiji,1914,24.8,2597.3
Fiji,1915,24.8,2026.4
Fiji,1916,24.8,2857.8
Fiji,1917,24.8,2952.8
Fiji,1918,24.8,2046.2
Fiji,1919,24.8,2625.3
Fiji,1920,24.8,2185.1
Fiji,1921,24.8,3376.1
Fiji,1922,24.8,3247.4
Fiji,1923,24.8,2174.6
Fiji,1924,24.8,2411.4
Fiji,1925,24.8,2040.3
Fiji,1926,24.8,2011.4
Fiji,1927,24.8,2937.8
Fiji,1928,24.8,2316.4
Fiji,1929,24.8,2927.7
Fiji,1930,24.8,2195.8
Fiji,1931,24.8,2450.8
Fiji,1932,24.8,2381.3
Fiji,1933,24.7,3007.3
Fiji,1934,24.8,2583.1
Fiji,1935,24.8,3034.8
Fiji,1936,24.9,2366.3
Fiji,1937,24.7,2068.7
Fiji,1938,24.7,2916.8
Fiji,1939,24.7,2871.6
Fiji,1940,24.9,2146.7
Fiji,1941,24.9,2229.2
Fiji,1942,24.8,1876.6
Fiji,1943,24.9,2169.4
Fiji,1944,24.8,2084.0
Fiji,1945,24.7,2326.8
Fiji,1946,25.1,2396.9
Fiji,1947,25.2,2313.7
Fiji,1948,24.8,2566.2
Fiji,1949,25.0,2665.1
Fiji,1950,24.9,2777.1
Fiji,1951,24.7,2163.7
Fiji,1952,25.1,2407.8
Fiji,1953,25.0,2361.1
Fiji,1954,24.9,3044.0
Fiji,1955,24.8,3245.6
Fiji,1956,24.8,2888.2
Fiji,1957,24.8,2346.3
Fiji,1958,25.0,1742.8
Fiji,1959,25.1,2565.0
Fiji,1960,25.0,2811.0
Fiji,1961,25.0,2519.2
Fiji,1962,24.8,2521.7
Fiji,1963,24.8,2669.5
Fiji,1964,24.9,2606.3
Fiji,1965,24.2,2206.7
Fiji,1966,24.5,1880.1
Fiji,1967,24.6,2067.6
Fiji,1968,24.7,1903.5
Fiji,1969,24.8,1619.7
Fiji,1970,24.8,2524.8
Fiji,1971,24.7,2750.4
Fiji,1972,24.5,2621.2
Fiji,1973,25.1,2662.8
Fiji,1974,24.8,3048.6
Fiji,1975,24.9,2956.0
Fiji,1976,24.8,2334.6
Fiji,1977,24.7,1938.3
Fiji,1978,24.6,1869.6
Fiji,1979,24.7,2116.0
Fiji,1980,24.7,2271.1
Fiji,1981,24.9,2385.8
Fiji,1982,24.8,2339.0
Fiji,1983,25.0,1848.1
Fiji,1984,25.2,2111.3
Fiji,1985,25.1,2574.8
Fiji,1986,24.7,2377.0
Fiji,1987,24.7,1596.7
Fiji,1988,25.3,2316.4
Fiji,1989,24.8,2386.7
Fiji,1990,25.0,2178.0
Fiji,1991,24.8,1903.7
Fiji,1992,24.7,1842.8
Fiji,1993,24.4,2409.9
Fiji,1994,24.7,1902.5
Fiji,1995,25.0,1937.0
Fiji,1996,25.1,2844.3
Fiji,1997,25.0,2458.3
Fiji,1998,25.3,1421.6
Fiji,1999,25.0,2943.4
Fiji,2000,25.2,3911.7
Fiji,2001,25.3,2512.5
Fiji,2002,24.9,2452.9
Fiji,2003,25.1,1770.0
Fiji,2004,25.2,2006.5
Fiji,2005,25.3,2296.5
Fiji,2006,25.0,2227.2
Fiji,2007,25.5,3006.4
Fiji,2008,25.1,2943.0
Fiji,2009,24.9,2304.1
Fiji,2010,25.4,2102.8
Fiji,2011,25.2,3395.4
Fiji,2012,24.9,3635.0
Fiji,2013,25.2,2537.8
Fiji,2014,25.0,1741.1
Fiji,2015,25.0,1568.6
Fiji,2016,25.4,2911.1
Fiji,2017,25.4,2565.9
Fiji,2018,25.2,2717.9
Fiji,2019,25.5,2292.6
Fiji,2020,25.7,2503.2
Fiji,2021,25.5,2582.1
Fiji,2022,25.4,3580.9
Fiji,2023,25.6,2982.4
Fiji,2024,25.8,3131.8
Finland,1901,1.6,414.1
Finland,1902,-0.9,577.2
Finland,1903,1.9,595.4
Finland,1904,0.5,533.5
Finland,1905,1.5,548.0
Finland,1906,1.9,516.7
Finland,1907,0.9,510.9
Finland,1908,1.1,428.3
Finland,1909,1.0,528.5
Finland,1910,2.2,532.2
Finland,1911,1.7,551.5
Finland,1912,0.3,572.9
Finland,1913,1.7,449.3
Finland,1914,1.9,466.4
Finland,1915,-0.8,487.4
Finland,1916,1.1,533.3
Finland,1917,0.3,537.2
Finland,1918,1.4,496.3
Finland,1919,0.7,513.9
Finland,1920,3.0,504.5
Finland,1921,1.7,591.9
Finland,1922,1.0,546.7
Finland,1923,0.9,615.2
Finland,1924,1.9,566.0
Finland,1925,1.9,556.4
Finland,1926,0.6,496.0
Finland,1927,0.9,587.0
Finland,1928,1.1,593.3
Finland,1929,1.2,578.4
Finland,1930,2.7,522.0
Finland,1931,1.2,602.8
Finland,1932,2.5,630.8
Finland,1933,1.3,442.5
Finland,1934,3.5,618.5
Finland,1935,2.1,650.0
Finland,1936,2.3,547.6
Finland,1937,2.9,507.6
Finland,1938,3.8,558.3
Finland,1939,2.0,451.5
Finland,1940,0.3,502.4
Finland,1941,-0.7,371.9
Finland,1942,-0.1,490.9
Finland,1943,3.1,597.7
Finland,1944,2.5,584.0
Finland,1945,1.2,503.0
Finland,1946,1.8,461.5
Finland,1947,1.0,435.6
Finland,1948,2.3,551.0
Finland,1949,3.0,565.3
Finland,1950,2.1,529.0
Finland,1951,1.6,500.0
Finland,1952,1.1,582.7
Finland,1953,2.6,545.7
Finland,1954,2.2,636.9
Finland,1955,-0.2,530.8
Finland,1956,-0.0,464.9
Finland,1957,2.0,629.8
Finland,1958,0.5,490.8
Finland,1959,2.5,468.5
Finland,1960,1.6,532.2
Finland,1961,2.9,628.7
Finland,1962,0.9,609.4
Finland,1963,1.2,499.2
Finland,1964,1.8,496.0
Finland,1965,0.9,556.6
Finland,1966,-0.3,582.0
Finland,1967,2.0,611.7
Finland,1968,0.5,548.0
Finland,1969,0.5,460.1
Finland,1970,1.1,543.3
Finland,1971,0.9,514.3
Finland,1972,2.7,520.8
Finland,1973,1.6,519.3
Finland,1974,3.2,691.8
Finland,1975,3.0,515.7
Finland,1976,0.4,437.5
Finland,1977,1.1,605.9
Finland,1978,0.1,462.7
Finland,1979,1.3,584.6
Finland,1980,0.8,525.0
Finland,1981,0.9,718.4
Finland,1982,1.8,547.6
Finland,1983,2.0,634.2
Finland,1984,2.3,591.0
Finland,1985,-0.6,562.3
Finland,1986,1.1,588.0
Finland,1987,-0.2,575.4
Finland,1988,1.8,607.7
Finland,1989,3.6,579.3
Finland,1990,2.9,549.2
Finland,1991,2.3,600.0
Finland,1992,2.7,641.7
Finland,1993,1.7,539.2
Finland,1994,1.7,541.2
Finland,1995,2.3,566.4
Finland,1996,1.5,548.1
Finland,1997,2.2,518.6
Finland,1998,1.3,698.8
Finland,1999,2.3,566.2
Finland,2000,3.4,647.6
Finland,2001,2.0,588.1
Finland,2002,2.2,500.2
Finland,2003,2.3,538.5
Finland,2004,2.4,656.6
Finland,2005,3.1,621.6
Finland,2006,2.9,511.3
Finland,2007,3.0,640.0
Finland,2008,3.2,694.7
Finland,2009,2.4,550.5
Finland,2010,1.0,567.5
Finland,2011,3.4,635.9
Finland,2012,1.8,722.1
Finland,2013,3.3,542.2
Finland,2014,3.5,552.9
Finland,2015,3.7,635.8
Finland,2016,3.1,643.2
Finland,2017,2.6,623.6
Finland,2018,3.3,488.3
Finland,2019,2.9,644.3
Finland,2020,4.4,644.9
Finland,2021,2.5,626.0
Finland,2022,3.4,583.5
Finland,2023,3.0,683.0
Finland,2024,3.7,603.0
France,1901,9.8,815.9
France,1902,9.9,769.6
France,1903,10.2,823.6
France,1904,10.6,697.2
France,1905,10.0,806.4
France,1906,10.3,742.1
France,1907,10.1,820.8
France,1908,9.9,707.7
France,1909,9.6,832.5
France,1910,10.3,1068.1
France,1911,11.1,770.2
France,1912,10.2,858.7
France,1913,10.6,860.3
France,1914,10.3,920.6
France,1915,10.2,918.1
France,1916,10.5,944.0
France,1917,9.6,840.1
France,1918,10.5,782.7
France,1919,9.8,872.6
France,1920,10.8,788.8
France,1921,11.3,514.6
France,1922,9.8,910.2
France,1923,10.7,889.6
France,1924,10.2,809.2
France,1925,10.2,847.6
France,1926,11.0,866.9
France,1927,10.6,937.6
France,1928,11.1,879.0
France,1929,10.3,712.1
France,1930,11.0,1036.8
France,1931,10.0,886.2
France,1932,10.4,887.5
France,1933,10.2,760.0
France,1934,11.2,808.8
France,1935,10.6,957.9
France,1936,10.6,901.8
France,1937,11.0,931.8
France,1938,10.6,757.1
France,1939,10.4,963.9
France,1940,9.7,894.0
France,1941,9.9,892.5
France,1942,10.3,775.3
France,1943,11.4,763.9
France,1944,10.5,795.5
France,1945,11.3,660.4
France,1946,10.8,772.7
France,1947,11.5,756.0
France,1948,11.2,786.7
France,1949,11.5,658.5
France,1950,11.1,829.0
France,1951,10.7,1015.9
France,1952,10.7,911.1
France,1953,10.8,622.6
France,1954,10.2,815.6
France,1955,10.6,805.0
France,1956,9.8,791.5
France,1957,10.8,792.1
France,1958,10.7,954.9
France,1959,11.4,838.4
France,1960,10.8,1068.0
France,1961,11.4,794.3
France,1962,9.9,771.1
France,1963,9.5,896.9
France,1964,10.6,739.8
France,1965,10.0,1001.8
France,1966,10.9,967.9
France,1967,10.8,746.0
France,1968,10.4,921.9
France,1969,10.3,849.4
France,1970,10.4,827.5
France,1971,10.5,786.2
France,1972,10.2,866.2
France,1973,10.5,718.2
France,1974,10.8,904.6
France,1975,10.7,824.8
France,1976,11.0,760.3
France,1977,10.7,1001.6
France,1978,10.2,828.5
France,1979,10.4,991.9
France,1980,10.0,848.9
France,1981,10.7,959.1
France,1982,11.4,925.4
France,1983,11.2,815.7
France,1984,10.5,924.5
France,1985,10.2,718.1
France,1986,10.4,882.5
France,1987,10.3,894.0
France,1988,11.3,899.5
France,1989,11.8,674.9
France,1990,11.8,776.1
France,1991,10.8,721.9
France,1992,11.3,872.3
France,1993,10.9,893.7
France,1994,12.1,967.9
France,1995,11.6,885.5
France,1996,10.5,865.9
France,1997,11.8,804.7
France,1998,11.4,822.8
France,1999,11.8,994.6
France,2000,12.0,970.6
France,2001,11.5,896.1
France,2002,11.9,964.1
France,2003,11.9,738.2
France,2004,11.4,786.6
France,2005,11.4,687.0
France,2006,12.0,821.7
France,2007,11.8,831.8
France,2008,11.5,937.2
France,2009,11.8,819.9
France,2010,10.7,852.1
France,2011,12.3,735.4
France,2012,11.6,878.8
France,2013,11.2,941.6
France,2014,12.6,941.2
France,2015,12.3,725.6
France,2016,11.9,812.8
France,2017,12.1,742.3
France,2018,12.7,880.0
France,2019,12.5,849.3
France,2020,12.8,830.5
France,2021,11.7,828.6
France,2022,13.2,661.0
France,2023,13.1,838.2
France,2024,12.7,985.2
Franz Joseph Land,1901,-13.3,254.6
Franz Joseph Land,1902,-13.3,254.6
Franz Joseph Land,1903,-13.3,254.6
Franz Joseph Land,1904,-13.3,254.6
Franz Joseph Land,1905,-13.3,254.6
Franz Joseph Land,1906,-13.3,254.6
Franz Joseph Land,1907,-13.3,254.6
Franz Joseph Land,1908,-13.3,254.6
Franz Joseph Land,1909,-13.3,254.6
Franz Joseph Land,1910,-13.3,254.6
Franz Joseph Land,1911,-13.3,254.6
Franz Joseph Land,1912,-14.6,254.6
Franz Joseph Land,1913,-13.5,254.6
Franz Joseph Land,1914,-14.1,254.6
Franz Joseph Land,1915,-14.3,254.6
Franz Joseph Land,1916,-14.4,254.6
Franz Joseph Land,1917,-15.0,254.6
Franz Joseph Land,1918,-13.6,254.6
Franz Joseph Land,1919,-13.7,254.6
Franz Joseph Land,1920,-12.8,254.6
Franz Joseph Land,1921,-13.4,254.6
Franz Joseph Land,1922,-12.8,254.6
Franz Joseph Land,1923,-12.8,254.6
Franz Joseph Land,1924,-12.7,254.6
Franz Joseph Land,1925,-13.0,254.6
Franz Joseph Land,1926,-13.4,254.6
Franz Joseph Land,1927,-13.5,254.6
Franz Joseph Land,1928,-13.2,254.6
Franz Joseph Land,1929,-13.5,254.6
Franz Joseph Land,1930,-12.8,254.6
Franz Joseph Land,1931,-12.6,254.6
Franz Joseph Land,1932,-13.0,244.0
Franz Joseph Land,1933,-12.8,269.5
Franz Joseph Land,1934,-12.5,254.6
Franz Joseph Land,1935,-12.9,254.6
Franz Joseph Land,1936,-13.0,254.6
Franz Joseph Land,1937,-12.4,269.3
Franz Joseph Land,1938,-12.2,229.2
Franz Joseph Land,1939,-12.8,258.6
Franz Joseph Land,1940,-13.2,260.6
Franz Joseph Land,1941,-13.4,250.5
Franz Joseph Land,1942,-13.1,254.6
Franz Joseph Land,1943,-13.1,254.6
Franz Joseph Land,1944,-12.7,254.6
Franz Joseph Land,1945,-12.9,254.6
Franz Joseph Land,1946,-13.0,254.6
Franz Joseph Land,1947,-13.0,259.2
Franz Joseph Land,1948,-13.5,256.2
Franz Joseph Land,1949,-13.0,271.8
Franz Joseph Land,1950,-12.6,276.4
Franz Joseph Land,1951,-13.2,288.4
Franz Joseph Land,1952,-13.1,237.1
Franz Joseph Land,1953,-12.3,248.1
Franz Joseph Land,1954,-12.1,301.0
Franz Joseph Land,1955,-13.2,270.3
Franz Joseph Land,1956,-12.4,250.1
Franz Joseph Land,1957,-13.2,280.1
Franz Joseph Land,1958,-13.6,259.4
Franz Joseph Land,1959,-11.6,269.8
Franz Joseph Land,1960,-13.3,242.1
Franz Joseph Land,1961,-13.0,346.9
Franz Joseph Land,1962,-13.2,291.4
Franz Joseph Land,1963,-15.7,317.8
Franz Joseph Land,1964,-13.3,272.1
Franz Joseph Land,1965,-13.5,270.0
Franz Joseph Land,1966,-14.7,290.2
Franz Joseph Land,1967,-13.4,310.4
Franz Joseph Land,1968,-15.0,279.3
Franz Joseph Land,1969,-13.1,247.6
Franz Joseph Land,1970,-13.8,222.8
Franz Joseph Land,1971,-13.1,211.4
Franz Joseph Land,1972,-11.8,200.9
Franz Joseph Land,1973,-13.5,199.0
Franz Joseph Land,1974,-12.0,210.2
Franz Joseph Land,1975,-13.4,283.8
Franz Joseph Land,1976,-12.2,278.7
Franz Joseph Land,1977,-13.6,232.8
Franz Joseph Land,1978,-14.1,209.6
Franz Joseph Land,1979,-14.4,205.5
Franz Joseph Land,1980,-13.7,232.5
Franz Joseph Land,1981,-13.4,311.3
Franz Joseph Land,1982,-13.5,226.7
Franz Joseph Land,1983,-13.2,291.1
Franz Joseph Land,1984,-10.3,236.3
Franz Joseph Land,1985,-11.4,237.3
Franz Joseph Land,1986,-13.4,207.9
Franz Joseph Land,1987,-14.1,336.0
Franz Joseph Land,1988,-14.8,168.5
Franz Joseph Land,1989,-13.8,274.7
Franz Joseph Land,1990,-11.9,207.4
Franz Joseph Land,1991,-12.6,280.9
Franz Joseph Land,1992,-12.9,214.9
Franz Joseph Land,1993,-12.9,265.0
Franz Joseph Land,1994,-12.8,159.0
Franz Joseph Land,1995,-12.0,232.2
Franz Joseph Land,1996,-12.2,256.0
Franz Joseph Land,1997,-12.8,238.4
Franz Joseph Land,1998,-13.4,178.1
Franz Joseph Land,1999,-11.9,271.5
Franz Joseph Land,2000,-11.0,133.2
Franz Joseph Land,2001,-12.2,166.8
Franz Joseph Land,2002,-12.9,264.7
Franz Joseph Land,2003,-13.3,246.5
Franz Joseph Land,2004,-12.4,231.5
Franz Joseph Land,2005,-11.0,225.4
Franz Joseph Land,2006,-11.9,239.1
Franz Joseph Land,2007,-11.8,191.3
Franz Joseph Land,2008,-11.5,254.1
Franz Joseph Land,2009,-11.0,254.2
Franz Joseph Land,2010,-10.5,119.4
Franz Joseph Land,2011,-8.7,276.3
Franz Joseph Land,2012,-7.8,225.9
Franz Joseph Land,2013,-10.4,241.4
Franz Joseph Land,2014,-9.7,210.0
Franz Joseph Land,2015,-8.8,235.6
Franz Joseph Land,2016,-6.4,314.9
Franz Joseph Land,2017,-9.3,215.6
Franz Joseph Land,2018,-8.9,299.1
Franz Joseph Land,2019,-9.9,327.7
Franz Joseph Land,2020,-8.4,214.6
Franz Joseph Land,2021,-9.9,210.6
Franz Joseph Land,2022,-9.0,221.0
Franz Joseph Land,2023,-9.1,308.0
Franz Joseph Land,2024,-9.4,325.0
French Guiana,1901,26.6,2959.5
French Guiana,1902,26.6,3169.9
French Guiana,1903,26.6,2900.9
French Guiana,1904,26.2,2982.4
French Guiana,1905,26.4,2998.6
French Guiana,1906,26.1,2800.6
French Guiana,1907,26.0,3411.1
French Guiana,1908,26.2,2941.7
French Guiana,1909,26.4,2768.8
French Guiana,1910,26.2,2776.3
French Guiana,1911,25.3,3117.4
French Guiana,1912,25.7,2692.7
French Guiana,1913,25.3,2815.7
French Guiana,1914,25.5,2888.6
French Guiana,1915,25.9,3112.6
French Guiana,1916,25.7,3018.5
French Guiana,1917,25.5,2891.0
French Guiana,1918,25.6,3128.4
French Guiana,1919,25.8,3093.4
French Guiana,1920,25.7,2714.7
French Guiana,1921,25.7,2783.2
French Guiana,1922,25.6,2975.8
French Guiana,1923,25.7,2933.7
French Guiana,1924,25.7,2664.4
French Guiana,1925,25.7,2613.9
French Guiana,1926,26.0,2609.6
French Guiana,1927,25.8,3134.1
French Guiana,1928,25.8,3070.0
French Guiana,1929,25.7,2781.9
French Guiana,1930,25.8,2754.1
French Guiana,1931,26.0,2788.5
French Guiana,1932,26.0,3004.4
French Guiana,1933,25.8,2933.1
French Guiana,1934,25.7,2596.2
French Guiana,1935,25.9,2571.4
French Guiana,1936,25.9,3034.9
French Guiana,1937,25.9,2763.0
French Guiana,1938,25.9,3075.5
French Guiana,1939,25.9,3047.3
French Guiana,1940,26.1,2617.6
French Guiana,1941,26.1,2818.4
French Guiana,1942,26.1,2788.9
French Guiana,1943,25.9,3028.8
French Guiana,1944,26.0,2825.5
French Guiana,1945,26.0,2908.9
French Guiana,1946,25.9,2952.8
French Guiana,1947,26.0,2588.5
French Guiana,1948,25.9,3171.1
French Guiana,1949,25.7,3225.4
French Guiana,1950,25.8,2852.4
French Guiana,1951,25.7,2871.2
French Guiana,1952,25.9,2736.9
French Guiana,1953,25.8,3048.4
French Guiana,1954,25.5,3125.0
French Guiana,1955,25.4,2987.9
French Guiana,1956,25.3,3098.8
French Guiana,1957,25.7,2500.1
French Guiana,1958,26.0,2818.6
French Guiana,1959,25.6,2695.2
French Guiana,1960,25.6,2875.1
French Guiana,1961,25.7,2287.4
French Guiana,1962,25.8,2282.1
French Guiana,1963,25.8,2934.8
French Guiana,1964,25.9,1801.1
French Guiana,1965,25.8,2459.4
French Guiana,1966,26.0,2665.8
French Guiana,1967,25.7,3043.1
French Guiana,1968,25.7,3108.3
French Guiana,1969,26.3,2567.5
French Guiana,1970,25.9,3541.0
French Guiana,1971,25.6,3431.2
French Guiana,1972,26.0,3066.7
French Guiana,1973,26.1,3011.5
French Guiana,1974,25.6,2789.3
French Guiana,1975,25.7,2930.3
French Guiana,1976,25.8,3558.1
French Guiana,1977,26.1,2934.4
French Guiana,1978,26.1,2980.5
French Guiana,1979,26.3,2964.4
French Guiana,1980,26.3,2768.0
French Guiana,1981,26.0,2837.1
French Guiana,1982,25.9,2763.1
French Guiana,1983,26.2,2582.6
French Guiana,1984,25.5,2947.5
French Guiana,1985,25.6,2389.7
French Guiana,1986,26.0,2407.4
French Guiana,1987,26.5,2399.5
French Guiana,1988,26.1,2596.8
French Guiana,1989,25.7,3491.4
French Guiana,1990,26.0,3439.4
French Guiana,1991,25.9,2678.6
French Guiana,1992,25.8,2497.4
French Guiana,1993,25.8,2992.9
French Guiana,1994,25.9,3076.4
French Guiana,1995,26.3,2259.5
French Guiana,1996,26.2,3182.1
French Guiana,1997,26.4,2591.2
French Guiana,1998,26.8,2464.6
French Guiana,1999,26.2,2713.0
French Guiana,2000,26.1,3140.2
French Guiana,2001,26.3,2479.3
French Guiana,2002,26.3,2713.0
French Guiana,2003,26.5,2284.0
French Guiana,2004,26.4,2731.2
French Guiana,2005,26.8,3127.2
French Guiana,2006,26.4,2605.2
French Guiana,2007,26.4,2887.3
French Guiana,2008,26.2,2756.6
French Guiana,2009,26.4,2581.6
French Guiana,2010,26.7,2852.3
French Guiana,2011,26.4,2763.3
French Guiana,2012,26.3,2624.0
French Guiana,2013,26.3,3102.6
French Guiana,2014,26.3,2328.5
French Guiana,2015,26.6,2869.0
French Guiana,2016,26.7,2493.2
French Guiana,2017,26.5,2930.4
French Guiana,2018,26.3,3007.2
French Guiana,2019,26.6,2113.4
French Guiana,2020,26.6,2302.0
French Guiana,2021,26.4,3656.0
French Guiana,2022,26.2,3609.6
French Guiana,2023,26.8,2716.3
French Guiana,2024,27.3,2389.1
Gabon,1901,24.5,1807.1
Gabon,1902,24.7,1812.2
Gabon,1903,24.9,1912.0
Gabon,1904,24.6,1763.7
Gabon,1905,25.0,1837.2
Gabon,1906,24.9,1607.3
Gabon,1907,25.0,1777.2
Gabon,1908,24.5,1883.5
Gabon,1909,25.1,2066.2
Gabon,1910,24.5,1705.4
Gabon,1911,25.0,1729.2
Gabon,1912,25.0,1944.1
Gabon,1913,24.6,1526.8
Gabon,1914,25.0,1713.2
Gabon,1915,24.8,1871.4
Gabon,1916,24.8,1932.9
Gabon,1917,24.8,1862.5
Gabon,1918,24.8,1847.9
Gabon,1919,24.8,1854.8
Gabon,1920,24.8,1892.2
Gabon,1921,24.8,1894.6
Gabon,1922,24.8,1903.9
Gabon,1923,24.8,1907.8
Gabon,1924,24.9,1866.2
Gabon,1925,24.8,1897.1
Gabon,1926,24.8,1964.8
Gabon,1927,24.8,1939.8
Gabon,1928,24.9,1972.1
Gabon,1929,24.8,1930.7
Gabon,1930,24.8,1858.3
Gabon,1931,24.8,1863.0
Gabon,1932,24.8,1844.8
Gabon,1933,24.9,2051.5
Gabon,1934,24.9,2053.1
Gabon,1935,24.8,2021.7
Gabon,1936,24.8,1689.9
Gabon,1937,24.9,1843.4
Gabon,1938,24.8,1795.1
Gabon,1939,24.9,2028.6
Gabon,1940,24.8,1761.3
Gabon,1941,25.3,1584.3
Gabon,1942,25.2,1617.2
Gabon,1943,24.7,1736.6
Gabon,1944,25.3,2181.2
Gabon,1945,25.2,1965.9
Gabon,1946,25.0,1870.8
Gabon,1947,25.3,2228.3
Gabon,1948,24.9,1954.6
Gabon,1949,25.3,1996.6
Gabon,1950,25.1,2073.9
Gabon,1951,25.2,2057.9
Gabon,1952,25.2,2185.1
Gabon,1953,25.1,1812.9
Gabon,1954,24.7,1998.0
Gabon,1955,24.9,2169.1
Gabon,1956,24.8,1866.5
Gabon,1957,25.1,2020.7
Gabon,1958,25.0,1541.0
Gabon,1959,25.1,2136.9
Gabon,1960,25.2,2183.9
Gabon,1961,24.9,2152.2
Gabon,1962,25.0,2113.5
Gabon,1963,25.3,2065.3
Gabon,1964,25.0,1820.0
Gabon,1965,24.9,1770.7
Gabon,1966,25.3,1995.8
Gabon,1967,25.0,1859.4
Gabon,1968,25.0,1873.2
Gabon,1969,25.2,1864.3
Gabon,1970,25.2,2149.5
Gabon,1971,24.6,1792.5
Gabon,1972,24.6,1750.3
Gabon,1973,24.8,1896.5
Gabon,1974,24.3,1820.4
Gabon,1975,24.4,1955.3
Gabon,1976,24.1,2024.1
Gabon,1977,24.6,1998.4
Gabon,1978,24.6,1608.6
Gabon,1979,25.0,1816.3
Gabon,1980,24.9,1894.3
Gabon,1981,24.9,1827.3
Gabon,1982,24.7,1800.9
Gabon,1983,25.0,1384.6
Gabon,1984,25.1,2002.6
Gabon,1985,24.8,2036.7
Gabon,1986,24.8,1808.0
Gabon,1987,25.3,1776.0
Gabon,1988,25.1,2138.0
Gabon,1989,25.0,1943.7
Gabon,1990,25.1,1998.5
Gabon,1991,25.0,1808.9
Gabon,1992,24.7,1699.8
Gabon,1993,24.8,1767.2
Gabon,1994,24.8,1966.3
Gabon,1995,25.1,1875.6
Gabon,1996,24.8,1860.2
Gabon,1997,24.9,1836.3
Gabon,1998,25.6,1934.6
Gabon,1999,25.0,2050.5
Gabon,2000,25.0,1970.2
Gabon,2001,25.1,1752.5
Gabon,2002,25.3,2020.1
Gabon,2003,25.3,1856.0
Gabon,2004,25.3,1720.4
Gabon,2005,25.3,1654.0
Gabon,2006,25.3,1786.0
Gabon,2007,25.3,2242.6
Gabon,2008,25.1,1983.6
Gabon,2009,25.2,1954.3
Gabon,2010,25.5,1784.1
Gabon,2011,25.1,1923.0
Gabon,2012,25.2,2057.5
Gabon,2013,25.2,1964.0
Gabon,2014,25.2,1859.1
Gabon,2015,25.4,1589.8
Gabon,2016,25.6,1847.7
Gabon,2017,25.3,1916.8
Gabon,2018,25.5,1781.9
Gabon,2019,25.4,2105.5
Gabon,2020,25.7,1826.2
Gabon,2021,25.7,1795.4
Gabon,2022,25.5,1750.0
Gabon,2023,25.3,1708.4
Gabon,2024,25.7,1744.3
Galapagos Isl,1901,22.9,671.3
Galapagos Isl,1902,22.9,671.3
Galapagos Isl,1903,22.9,671.3
Galapagos Isl,1904,22.9,671.3
Galapagos Isl,1905,22.9,671.3
Galapagos Isl,1906,22.9,671.3
Galapagos Isl,1907,22.9,671.3
Galapagos Isl,1908,22.9,671.3
Galapagos Isl,1909,22.9,671.3
Galapagos Isl,1910,22.9,671.3
Galapagos Isl,1911,22.9,671.3
Galapagos Isl,1912,22.9,671.3
Galapagos Isl,1913,22.9,671.3
Galapagos Isl,1914,22.9,671.3
Galapagos Isl,1915,22.9,671.3
Galapagos Isl,1916,22.9,671.3
Galapagos Isl,1917,22.9,671.3
Galapagos Isl,1918,22.9,671.3
Galapagos Isl,1919,22.9,671.3
Galapagos Isl,1920,22.9,671.3
Galapagos Isl,1921,22.9,671.3
Galapagos Isl,1922,22.9,671.3
Galapagos Isl,1923,22.9,671.3
Galapagos Isl,1924,22.9,671.3
Galapagos Isl,1925,22.9,671.3
Galapagos Isl,1926,22.9,671.3
Galapagos Isl,1927,22.9,671.3
Galapagos Isl,1928,22.9,671.3
Galapagos Isl,1929,22.9,671.3
Galapagos Isl,1930,22.9,671.3
Galapagos Isl,1931,22.9,671.3
Galapagos Isl,1932,22.9,671.3
Galapagos Isl,1933,22.9,671.3
Galapagos Isl,1934,22.9,671.3
Galapagos Isl,1935,22.9,671.3
Galapagos Isl,1936,22.9,671.3
Galapagos Isl,1937,22.9,671.3
Galapagos Isl,1938,22.9,671.3
Galapagos Isl,1939,22.9,671.3
Galapagos Isl,1940,22.9,671.3
Galapagos Isl,1941,22.9,671.3
Galapagos Isl,1942,22.9,671.3
Galapagos Isl,1943,22.9,671.3
Galapagos Isl,1944,22.9,671.3
Galapagos Isl,1945,22.9,671.3
Galapagos Isl,1946,22.9,671.3
Galapagos Isl,1947,22.9,671.3
Galapagos Isl,1948,22.9,671.3
Galapagos Isl,1949,22.9,671.3
Galapagos Isl,1950,22.9,138.4
Galapagos Isl,1951,23.7,858.0
Galapagos Isl,1952,22.6,397.2
Galapagos Isl,1953,23.5,1506.0
Galapagos Isl,1954,21.7,367.2
Galapagos Isl,1955,22.2,556.8
Galapagos Isl,1956,22.5,915.8
Galapagos Isl,1957,24.1,1356.3
Galapagos Isl,1958,23.2,427.1
Galapagos Isl,1959,22.9,688.6
Galapagos Isl,1960,22.7,320.6
Galapagos Isl,1961,22.9,524.7
Galapagos Isl,1962,22.9,513.3
Galapagos Isl,1963,23.3,440.9
Galapagos Isl,1964,22.3,260.7
Galapagos Isl,1965,24.0,862.8
Galapagos Isl,1966,22.7,414.1
Galapagos Isl,1967,22.2,510.3
Galapagos Isl,1968,22.8,621.5
Galapagos Isl,1969,24.2,871.6
Galapagos Isl,1970,22.3,307.9
Galapagos Isl,1971,22.5,679.0
Galapagos Isl,1972,24.3,1518.6
Galapagos Isl,1973,22.2,525.3
Galapagos Isl,1974,22.9,693.7
Galapagos Isl,1975,21.9,983.2
Galapagos Isl,1976,23.8,1083.7
Galapagos Isl,1977,23.1,624.2
Galapagos Isl,1978,22.6,642.3
Galapagos Isl,1979,23.3,475.9
Galapagos Isl,1980,22.7,470.6
Galapagos Isl,1981,22.2,656.8
Galapagos Isl,1982,23.9,541.4
Galapagos Isl,1983,23.9,1332.5
Galapagos Isl,1984,22.4,440.9
Galapagos Isl,1985,21.4,377.5
Galapagos Isl,1986,22.5,780.3
Galapagos Isl,1987,23.6,1392.3
Galapagos Isl,1988,22.4,307.4
Galapagos Isl,1989,22.8,564.7
Galapagos Isl,1990,23.0,720.0
Galapagos Isl,1991,23.5,1246.7
Galapagos Isl,1992,23.2,1327.5
Galapagos Isl,1993,23.6,794.3
Galapagos Isl,1994,23.3,642.3
Galapagos Isl,1995,22.8,900.7
Galapagos Isl,1996,22.1,386.4
Galapagos Isl,1997,23.7,711.0
Galapagos Isl,1998,24.1,814.1
Galapagos Isl,1999,22.6,558.8
Galapagos Isl,2000,22.9,892.1
Galapagos Isl,2001,22.9,758.2
Galapagos Isl,2002,22.9,1036.3
Galapagos Isl,2003,22.9,646.2
Galapagos Isl,2004,22.9,960.7
Galapagos Isl,2005,22.9,387.4
Galapagos Isl,2006,22.9,550.8
Galapagos Isl,2007,22.9,660.1
Galapagos Isl,2008,23.4,968.4
Galapagos Isl,2009,24.0,732.4
Galapagos Isl,2010,23.0,751.1
Galapagos Isl,2011,23.6,935.2
Galapagos Isl,2012,23.9,1168.5
Galapagos Isl,2013,22.8,727.8
Galapagos Isl,2014,24.4,735.2
Galapagos Isl,2015,24.2,850.2
Galapagos Isl,2016,23.6,508.1
Galapagos Isl,2017,23.5,1016.2
Galapagos Isl,2018,23.4,706.5
Galapagos Isl,2019,23.3,758.6
Galapagos Isl,2020,22.9,593.8
Galapagos Isl,2021,23.0,688.3
Galapagos Isl,2022,22.9,604.7
Galapagos Isl,2023,22.9,671.3
Galapagos Isl,2024,23.1,554.9
Gambia,1901,27.9,1109.5
Gambia,1902,28.2,748.9
Gambia,1903,28.1,878.3
Gambia,1904,27.8,911.9
Gambia,1905,28.0,1125.5
Gambia,1906,28.1,1423.3
Gambia,1907,27.3,770.3
Gambia,1908,28.2,951.4
Gambia,1909,27.9,1104.0
Gambia,1910,28.1,947.6
Gambia,1911,27.9,782.0
Gambia,1912,28.1,818.9
Gambia,1913,28.1,661.7
Gambia,1914,27.8,1099.6
Gambia,1915,28.3,1139.5
Gambia,1916,27.8,1036.3
Gambia,1917,27.6,997.8
Gambia,1918,27.9,1209.0
Gambia,1919,28.3,894.8
Gambia,1920,27.6,950.5
Gambia,1921,27.6,861.5
Gambia,1922,27.4,974.7
Gambia,1923,27.9,948.0
Gambia,1924,27.6,1196.1
Gambia,1925,27.7,1002.7
Gambia,1926,28.2,851.2
Gambia,1927,27.8,1388.4
Gambia,1928,27.5,1231.5
Gambia,1929,27.3,1135.5
Gambia,1930,27.2,999.2
Gambia,1931,27.8,802.9
Gambia,1932,27.8,996.6
Gambia,1933,27.8,1183.7
Gambia,1934,27.7,893.3
Gambia,1935,27.7,1219.4
Gambia,1936,28.0,1304.7
Gambia,1937,28.2,954.8
Gambia,1938,28.1,1046.8
Gambia,1939,27.9,970.2
Gambia,1940,27.9,990.9
Gambia,1941,28.1,710.5
Gambia,1942,27.8,921.7
Gambia,1943,27.7,1154.4
Gambia,1944,28.2,884.2
Gambia,1945,28.5,953.1
Gambia,1946,27.9,1029.4
Gambia,1947,28.0,960.9
Gambia,1948,27.9,961.6
Gambia,1949,28.0,927.4
Gambia,1950,27.9,1375.5
Gambia,1951,27.4,1222.4
Gambia,1952,27.1,1268.6
Gambia,1953,27.3,1102.0
Gambia,1954,27.4,1081.8
Gambia,1955,27.6,1209.3
Gambia,1956,27.3,1022.5
Gambia,1957,27.3,1158.8
Gambia,1958,27.9,1178.2
Gambia,1959,27.6,915.3
Gambia,1960,27.7,957.5
Gambia,1961,28.0,954.8
Gambia,1962,28.0,893.9
Gambia,1963,28.0,919.5
Gambia,1964,27.8,1106.8
Gambia,1965,27.3,1022.6
Gambia,1966,27.9,1163.2
Gambia,1967,27.2,1161.3
Gambia,1968,27.6,641.1
Gambia,1969,28.6,1141.4
Gambia,1970,28.4,664.5
Gambia,1971,27.4,928.2
Gambia,1972,27.8,604.9
Gambia,1973,28.0,644.2
Gambia,1974,27.0,762.8
Gambia,1975,27.3,1008.1
Gambia,1976,27.2,783.1
Gambia,1977,28.1,622.2
Gambia,1978,27.8,959.8
Gambia,1979,28.3,902.9
Gambia,1980,28.0,656.6
Gambia,1981,28.1,770.8
Gambia,1982,27.5,684.7
Gambia,1983,28.7,506.7
Gambia,1984,28.0,691.5
Gambia,1985,27.8,760.3
Gambia,1986,27.7,851.2
Gambia,1987,28.5,807.4
Gambia,1988,28.0,981.5
Gambia,1989,27.9,913.2
Gambia,1990,28.5,639.3
Gambia,1991,28.2,644.7
Gambia,1992,28.1,798.7
Gambia,1993,28.3,748.9
Gambia,1994,27.8,907.0
Gambia,1995,28.1,839.2
Gambia,1996,28.5,709.2
Gambia,1997,28.7,774.8
Gambia,1998,29.1,786.6
Gambia,1999,27.9,1071.2
Gambia,2000,28.2,868.5
Gambia,2001,28.7,746.8
Gambia,2002,28.7,576.8
Gambia,2003,28.6,942.9
Gambia,2004,28.7,714.6
Gambia,2005,28.8,1036.1
Gambia,2006,28.5,867.1
Gambia,2007,28.6,786.7
Gambia,2008,28.7,1008.0
Gambia,2009,28.3,967.0
Gambia,2010,29.1,1053.3
Gambia,2011,28.5,768.4
Gambia,2012,28.5,1054.4
Gambia,2013,28.7,889.8
Gambia,2014,28.6,813.2
Gambia,2015,28.8,886.5
Gambia,2016,29.0,891.4
Gambia,2017,29.0,880.6
Gambia,2018,28.4,789.2
Gambia,2019,28.3,838.6
Gambia,2020,29.3,912.1
Gambia,2021,29.2,868.9
Gambia,2022,28.7,1176.3
Gambia,2023,29.4,946.2
Gambia,2024,29.0,964.6
Georgia,1901,7.9,1204.4
Georgia,1902,6.8,1178.6
Georgia,1903,7.2,1142.4
Georgia,1904,6.6,1148.8
Georgia,1905,7.1,1107.3
Georgia,1906,7.5,1159.4
Georgia,1907,6.2,1064.7
Georgia,1908,6.2,1031.3
Georgia,1909,7.5,980.4
Georgia,1910,7.5,964.3
Georgia,1911,5.6,968.1
Georgia,1912,7.0,1168.2
Georgia,1913,7.1,987.8
Georgia,1914,7.3,1223.8
Georgia,1915,7.7,1359.3
Georgia,1916,7.3,948.0
Georgia,1917,7.5,1030.0
Georgia,1918,7.3,944.9
Georgia,1919,7.5,1260.1
Georgia,1920,6.0,1210.0
Georgia,1921,6.5,1107.3
Georgia,1922,7.6,1293.3
Georgia,1923,7.9,1064.0
Georgia,1924,7.2,1015.7
Georgia,1925,7.6,1000.3
Georgia,1926,7.1,1166.7
Georgia,1927,7.1,1185.4
Georgia,1928,6.1,1056.7
Georgia,1929,6.4,925.0
Georgia,1930,7.5,1062.6
Georgia,1931,6.6,1285.5
Georgia,1932,6.7,1139.3
Georgia,1933,6.2,1214.5
Georgia,1934,7.0,989.6
Georgia,1935,7.5,918.7
Georgia,1936,7.5,1411.1
Georgia,1937,7.9,1102.8
Georgia,1938,7.9,1061.8
Georgia,1939,7.5,1423.4
Georgia,1940,7.4,1264.9
Georgia,1941,7.1,1235.7
Georgia,1942,6.6,1107.1
Georgia,1943,6.9,1060.6
Georgia,1944,7.6,1155.4
Georgia,1945,6.0,1139.2
Georgia,1946,7.1,1181.5
Georgia,1947,7.7,1065.2
Georgia,1948,7.1,1175.0
Georgia,1949,6.5,970.6
Georgia,1950,6.8,1167.8
Georgia,1951,7.3,1272.0
Georgia,1952,7.7,1035.3
Georgia,1953,6.7,1260.9
Georgia,1954,7.3,1000.1
Georgia,1955,8.3,1225.7
Georgia,1956,5.9,1279.4
Georgia,1957,7.9,943.8
Georgia,1958,7.3,1254.6
Georgia,1959,6.3,1277.7
Georgia,1960,7.6,1184.3
Georgia,1961,7.8,1148.4
Georgia,1962,8.5,1046.5
Georgia,1963,7.4,1449.7
Georgia,1964,6.5,1125.5
Georgia,1965,6.9,1038.7
Georgia,1966,9.1,1052.6
Georgia,1967,6.8,1302.5
Georgia,1968,7.5,1186.4
Georgia,1969,6.6,976.3
Georgia,1970,7.9,1205.6
Georgia,1971,7.7,1158.4
Georgia,1972,6.8,1111.1
Georgia,1973,6.7,1129.7
Georgia,1974,7.1,980.8
Georgia,1975,7.8,1153.4
Georgia,1976,6.4,1121.0
Georgia,1977,7.1,1185.3
Georgia,1978,7.2,1245.7
Georgia,1979,8.3,1087.2
Georgia,1980,7.3,1151.3
Georgia,1981,8.4,1164.3
Georgia,1982,6.8,1222.3
Georgia,1983,7.6,1225.8
Georgia,1984,7.3,998.7
Georgia,1985,6.8,1074.2
Georgia,1986,7.6,961.7
Georgia,1987,6.7,1277.6
Georgia,1988,7.0,1388.2
Georgia,1989,7.9,1187.0
Georgia,1990,7.8,1076.5
Georgia,1991,7.4,1010.0
Georgia,1992,6.3,1407.1
Georgia,1993,6.5,1114.9
Georgia,1994,7.5,969.3
Georgia,1995,8.1,1202.0
Georgia,1996,7.7,1071.8
Georgia,1997,7.3,1180.4
Georgia,1998,8.2,1057.0
Georgia,1999,8.5,1077.4
Georgia,2000,8.1,980.4
Georgia,2001,8.5,1170.9
Georgia,2002,7.9,1354.0
Georgia,2003,7.5,1150.0
Georgia,2004,8.1,1352.2
Georgia,2005,8.2,1310.5
Georgia,2006,8.1,1188.5
Georgia,2007,8.4,1225.9
Georgia,2008,8.0,1040.7
Georgia,2009,8.3,1368.4
Georgia,2010,9.5,1207.0
Georgia,2011,7.5,1281.7
Georgia,2012,8.4,1044.1
Georgia,2013,8.4,1198.4
Georgia,2014,8.7,1108.5
Georgia,2015,8.6,1128.1
Georgia,2016,8.3,1356.4
Georgia,2017,8.5,1104.2
Georgia,2018,9.2,1088.2
Georgia,2019,8.9,968.9
Georgia,2020,8.9,1040.7
Georgia,2021,9.0,1162.3
Georgia,2022,8.9,1074.8
Georgia,2023,9.4,1228.3
Georgia,2024,9.4,1278.5
Germany,1901,7.9,664.6
Germany,1902,7.3,653.8
Germany,1903,8.4,703.7
Germany,1904,8.5,611.8
Germany,1905,8.1,709.4
Germany,1906,8.4,698.5
Germany,1907,8.0,631.4
Germany,1908,7.7,614.1
Germany,1909,7.4,718.4
Germany,1910,8.5,775.0
Germany,1911,9.1,548.9
Germany,1912,8.0,771.2
Germany,1913,8.6,665.1
Germany,1914,8.6,736.3
Germany,1915,7.9,720.3
Germany,1916,8.5,783.9
Germany,1917,7.7,656.7
Germany,1918,8.6,688.9
Germany,1919,7.4,694.1
Germany,1920,8.8,662.0
Germany,1921,9.1,534.0
Germany,1922,7.3,801.0
Germany,1923,8.1,719.5
Germany,1924,7.6,692.4
Germany,1925,8.4,713.5
Germany,1926,8.8,773.1
Germany,1927,8.2,793.6
Germany,1928,8.5,677.3
Germany,1929,7.7,587.2
Germany,1930,8.9,793.5
Germany,1931,7.7,789.5
Germany,1932,8.5,647.9
Germany,1933,7.8,595.5
Germany,1934,9.4,610.3
Germany,1935,8.5,728.0
Germany,1936,8.5,731.3
Germany,1937,8.7,714.1
Germany,1938,8.8,662.9
Germany,1939,8.5,830.4
Germany,1940,6.8,754.2
Germany,1941,7.3,756.3
Germany,1942,7.4,621.4
Germany,1943,9.0,574.4
Germany,1944,8.4,767.2
Germany,1945,9.0,723.5
Germany,1946,8.5,700.9
Germany,1947,8.6,613.3
Germany,1948,9.1,674.8
Germany,1949,9.2,613.1
Germany,1950,8.8,786.3
Germany,1951,8.9,701.4
Germany,1952,8.1,735.7
Germany,1953,9.1,566.3
Germany,1954,7.8,789.8
Germany,1955,7.8,699.8
Germany,1956,7.2,738.3
Germany,1957,8.8,706.2
Germany,1958,8.4,799.9
Germany,1959,9.2,521.4
Germany,1960,8.5,798.1
Germany,1961,9.1,765.6
Germany,1962,7.4,648.9
Germany,1963,7.3,623.6
Germany,1964,8.2,597.1
Germany,1965,7.6,869.6
Germany,1966,8.5,878.6
Germany,1967,9.1,752.2
Germany,1968,8.4,757.6
Germany,1969,7.9,650.3
Germany,1970,7.8,796.1
Germany,1971,8.6,551.6
Germany,1972,8.1,612.2
Germany,1973,8.4,637.4
Germany,1974,9.0,780.5
Germany,1975,9.1,611.2
Germany,1976,8.5,536.2
Germany,1977,8.7,743.7
Germany,1978,8.0,703.8
Germany,1979,7.9,739.4
Germany,1980,7.7,760.5
Germany,1981,8.3,875.5
Germany,1982,9.1,630.4
Germany,1983,9.3,704.6
Germany,1984,8.2,726.4
Germany,1985,7.6,669.0
Germany,1986,8.1,749.2
Germany,1987,7.6,802.1
Germany,1988,9.2,780.5
Germany,1989,9.7,620.3
Germany,1990,9.8,718.9
Germany,1991,8.7,595.5
Germany,1992,9.6,714.8
Germany,1993,8.6,780.3
Germany,1994,9.8,777.9
Germany,1995,9.1,757.4
Germany,1996,7.4,601.2
Germany,1997,9.1,647.9
Germany,1998,9.2,799.3
Germany,1999,9.7,744.3
Germany,2000,10.1,733.3
Germany,2001,9.1,789.6
Germany,2002,9.7,889.5
Germany,2003,9.4,555.6
Germany,2004,9.1,720.0
Germany,2005,9.2,702.6
Germany,2006,9.7,681.0
Germany,2007,10.1,874.1
Germany,2008,9.8,704.1
Germany,2009,9.5,730.7
Germany,2010,8.1,774.6
Germany,2011,9.9,668.4
Germany,2012,9.4,702.3
Germany,2013,9.0,721.1
Germany,2014,10.6,699.9
Germany,2015,10.2,649.4
Germany,2016,9.8,688.4
Germany,2017,9.8,808.2
Germany,2018,10.6,552.7
Germany,2019,10.5,661.6
Germany,2020,10.7,648.5
Germany,2021,9.4,753.3
Germany,2022,10.7,595.0
Germany,2023,10.8,849.7
Germany,2024,11.2,841.8
Ghana,1901,27.0,1256.3
Ghana,1902,27.1,1155.9
Ghana,1903,27.2,1023.9
Ghana,1904,27.2,977.5
Ghana,1905,26.9,1112.4
Ghana,1906,27.3,1198.7
Ghana,1907,27.1,1067.9
Ghana,1908,27.1,1212.5
Ghana,1909,27.0,1350.9
Ghana,1910,27.2,1412.7
Ghana,1911,26.9,1208.7
Ghana,1912,27.2,1002.7
Ghana,1913,27.4,1154.3
Ghana,1914,27.6,1084.1
Ghana,1915,27.0,1188.5
Ghana,1916,26.8,1345.2
Ghana,1917,26.9,1562.2
Ghana,1918,26.8,1277.8
Ghana,1919,27.2,1071.8
Ghana,1920,27.3,1012.4
Ghana,1921,27.2,1338.8
Ghana,1922,27.0,1175.2
Ghana,1923,26.9,1159.5
Ghana,1924,27.2,1218.1
Ghana,1925,26.7,1337.0
Ghana,1926,27.1,1133.6
Ghana,1927,26.3,1191.4
Ghana,1928,26.4,1203.7
Ghana,1929,26.3,1384.0
Ghana,1930,27.0,1273.6
Ghana,1931,27.4,1320.3
Ghana,1932,27.3,1175.9
Ghana,1933,27.3,1409.7
Ghana,1934,27.5,1335.6
Ghana,1935,27.7,1328.2
Ghana,1936,27.1,1171.6
Ghana,1937,28.2,1123.8
Ghana,1938,28.3,1197.7
Ghana,1939,27.7,1266.5
Ghana,1940,27.3,1212.7
Ghana,1941,27.8,1306.4
Ghana,1942,27.5,1186.5
Ghana,1943,27.1,1283.7
Ghana,1944,27.5,1247.6
Ghana,1945,27.2,1176.8
Ghana,1946,27.1,1074.2
Ghana,1947,27.4,1383.1
Ghana,1948,26.9,1127.1
Ghana,1949,27.5,1316.8
Ghana,1950,26.9,1029.9
Ghana,1951,27.4,1410.5
Ghana,1952,27.3,1370.4
Ghana,1953,27.1,1224.9
Ghana,1954,26.9,1280.8
Ghana,1955,26.8,1393.4
Ghana,1956,26.9,1181.6
Ghana,1957,27.0,1460.8
Ghana,1958,27.2,1045.8
Ghana,1959,27.2,1266.5
Ghana,1960,27.0,1365.2
Ghana,1961,26.8,1115.2
Ghana,1962,26.9,1450.4
Ghana,1963,27.2,1648.1
Ghana,1964,26.9,1203.7
Ghana,1965,26.9,1282.9
Ghana,1966,27.3,1230.9
Ghana,1967,26.9,1174.6
Ghana,1968,27.2,1726.3
Ghana,1969,27.5,1237.8
Ghana,1970,27.4,1110.0
Ghana,1971,26.7,1261.6
Ghana,1972,27.0,1143.0
Ghana,1973,27.4,1167.5
Ghana,1974,26.7,1275.4
Ghana,1975,26.5,1189.2
Ghana,1976,26.5,1136.3
Ghana,1977,27.1,954.1
Ghana,1978,26.9,1158.7
Ghana,1979,27.2,1407.5
Ghana,1980,27.2,1233.8
Ghana,1981,27.5,1140.0
Ghana,1982,27.2,1083.9
Ghana,1983,27.7,840.0
Ghana,1984,27.6,1220.3
Ghana,1985,27.5,1217.4
Ghana,1986,27.3,1100.7
Ghana,1987,27.9,1212.5
Ghana,1988,27.3,1176.9
Ghana,1989,27.0,1310.6
Ghana,1990,27.5,1023.3
Ghana,1991,27.3,1325.1
Ghana,1992,27.0,943.4
Ghana,1993,27.3,1077.9
Ghana,1994,27.1,1145.0
Ghana,1995,27.4,1198.9
Ghana,1996,27.4,1212.1
Ghana,1997,27.4,1224.7
Ghana,1998,27.9,1045.4
Ghana,1999,27.4,1309.2
Ghana,2000,27.5,1103.9
Ghana,2001,27.6,1062.5
Ghana,2002,27.8,1194.9
Ghana,2003,27.8,1275.8
Ghana,2004,27.7,1163.8
Ghana,2005,28.0,1143.1
Ghana,2006,27.8,1141.9
Ghana,2007,27.8,1313.8
Ghana,2008,27.5,1348.1
Ghana,2009,27.9,1243.4
Ghana,2010,28.1,1327.2
Ghana,2011,27.9,1196.1
Ghana,2012,27.6,1232.8
Ghana,2013,27.8,1094.8
Ghana,2014,27.9,1260.7
Ghana,2015,27.9,1089.7
Ghana,2016,28.2,1184.6
Ghana,2017,28.1,1130.2
Ghana,2018,28.0,1285.2
Ghana,2019,27.9,1440.8
Ghana,2020,28.1,1212.3
Ghana,2021,28.3,1201.7
Ghana,2022,27.7,1220.5
Ghana,2023,28.3,1263.0
Ghana,2024,28.4,1164.7
Gibraltar,1901,16.8,1052.7
Gibraltar,1902,16.7,892.7
Gibraltar,1903,16.8,604.8
Gibraltar,1904,17.2,826.6
Gibraltar,1905,16.5,640.8
Gibraltar,1906,16.8,539.0
Gibraltar,1907,16.6,638.7
Gibraltar,1908,16.8,603.2
Gibraltar,1909,16.6,942.7
Gibraltar,1910,16.6,704.3
Gibraltar,1911,16.7,774.4
Gibraltar,1912,16.6,704.7
Gibraltar,1913,16.8,680.9
Gibraltar,1914,16.6,658.9
Gibraltar,1915,16.7,773.9
Gibraltar,1916,16.7,808.5
Gibraltar,1917,16.2,686.3
Gibraltar,1918,16.5,685.1
Gibraltar,1919,16.5,797.3
Gibraltar,1920,16.7,657.6
Gibraltar,1921,17.0,639.3
Gibraltar,1922,16.6,629.0
Gibraltar,1923,16.8,672.7
Gibraltar,1924,17.2,870.3
Gibraltar,1925,16.4,770.9
Gibraltar,1926,17.7,634.2
Gibraltar,1927,17.1,790.1
Gibraltar,1928,17.0,663.3
Gibraltar,1929,17.2,547.3
Gibraltar,1930,17.2,670.8
Gibraltar,1931,17.0,609.9
Gibraltar,1932,16.5,847.2
Gibraltar,1933,17.0,791.3
Gibraltar,1934,16.8,592.7
Gibraltar,1935,16.7,569.9
Gibraltar,1936,16.7,1094.0
Gibraltar,1937,17.5,818.6
Gibraltar,1938,17.1,533.5
Gibraltar,1939,16.8,848.1
Gibraltar,1940,17.4,724.7
Gibraltar,1941,17.1,886.1
Gibraltar,1942,17.4,910.8
Gibraltar,1943,17.6,658.1
Gibraltar,1944,17.2,564.3
Gibraltar,1945,18.2,580.4
Gibraltar,1946,17.2,806.6
Gibraltar,1947,18.1,911.1
Gibraltar,1948,18.1,657.3
Gibraltar,1949,18.0,575.7
Gibraltar,1950,17.7,493.3
Gibraltar,1951,17.1,776.2
Gibraltar,1952,17.4,617.3
Gibraltar,1953,17.7,649.4
Gibraltar,1954,17.2,503.1
Gibraltar,1955,18.4,981.3
Gibraltar,1956,16.5,777.3
Gibraltar,1957,17.2,643.0
Gibraltar,1958,17.6,629.6
Gibraltar,1959,17.4,663.9
Gibraltar,1960,17.4,1022.1
Gibraltar,1961,18.2,847.9
Gibraltar,1962,17.5,961.4
Gibraltar,1963,17.2,1207.8
Gibraltar,1964,17.7,682.1
Gibraltar,1965,17.2,714.4
Gibraltar,1966,17.4,503.6
Gibraltar,1967,17.1,633.8
Gibraltar,1968,17.4,680.1
Gibraltar,1969,16.9,1173.7
Gibraltar,1970,17.4,971.2
Gibraltar,1971,16.8,704.5
Gibraltar,1972,16.4,899.7
Gibraltar,1973,17.2,496.8
Gibraltar,1974,17.0,394.6
Gibraltar,1975,17.0,640.5
Gibraltar,1976,17.0,959.6
Gibraltar,1977,17.2,699.7
Gibraltar,1978,17.5,647.3
Gibraltar,1979,17.3,748.0
Gibraltar,1980,17.5,563.8
Gibraltar,1981,18.0,449.7
Gibraltar,1982,17.8,564.7
Gibraltar,1983,18.0,574.0
Gibraltar,1984,17.1,564.1
Gibraltar,1985,18.0,596.2
Gibraltar,1986,17.4,528.7
Gibraltar,1987,18.1,869.6
Gibraltar,1988,17.7,620.4
Gibraltar,1989,18.5,1142.3
Gibraltar,1990,18.2,585.4
Gibraltar,1991,17.6,747.1
Gibraltar,1992,17.7,457.4
Gibraltar,1993,17.1,661.6
Gibraltar,1994,18.0,431.3
Gibraltar,1995,18.6,532.6
Gibraltar,1996,17.7,1406.8
Gibraltar,1997,18.5,940.4
Gibraltar,1998,18.1,479.2
Gibraltar,1999,17.8,551.4
Gibraltar,2000,18.1,687.2
Gibraltar,2001,18.3,741.9
Gibraltar,2002,17.9,761.3
Gibraltar,2003,18.4,851.5
Gibraltar,2004,18.0,528.2
Gibraltar,2005,18.0,475.1
Gibraltar,2006,18.5,698.9
Gibraltar,2007,17.9,551.6
Gibraltar,2008,17.9,743.9
Gibraltar,2009,18.6,827.9
Gibraltar,2010,18.3,1381.9
Gibraltar,2011,18.6,664.1
Gibraltar,2012,18.2,597.5
Gibraltar,2013,17.8,601.9
Gibraltar,2014,18.6,662.8
Gibraltar,2015,18.8,420.9
Gibraltar,2016,18.8,738.1
Gibraltar,2017,19.1,507.7
Gibraltar,2018,18.0,799.4
Gibraltar,2019,18.5,413.6
Gibraltar,2020,19.0,552.8
Gibraltar,2021,18.6,551.6
Gibraltar,2022,19.3,629.8
Gibraltar,2023,19.3,382.6
Gibraltar,2024,19.3,680.7
Gough Isl,1901,11.6,3118.0
Gough Isl,1902,11.6,3118.0
Gough Isl,1903,11.6,3118.0
Gough Isl,1904,11.6,3118.0
Gough Isl,1905,11.6,3118.0
Gough Isl,1906,11.6,3118.0
Gough Isl,1907,11.6,3118.0
Gough Isl,1908,11.6,3118.0
Gough Isl,1909,11.6,3118.0
Gough Isl,1910,11.6,3118.0
Gough Isl,1911,11.6,3118.0
Gough Isl,1912,11.6,3118.0
Gough Isl,1913,11.6,3118.0
Gough Isl,1914,11.6,3118.0
Gough Isl,1915,11.6,3118.0
Gough Isl,1916,11.6,3118.0
Gough Isl,1917,11.6,3118.0
Gough Isl,1918,11.6,3118.0
Gough Isl,1919,11.6,3118.0
Gough Isl,1920,11.6,3118.0
Gough Isl,1921,11.6,3118.0
Gough Isl,1922,11.6,3118.0
Gough Isl,1923,11.6,3118.0
Gough Isl,1924,11.6,3118.0
Gough Isl,1925,11.6,3118.0
Gough Isl,1926,11.6,3118.0
Gough Isl,1927,11.6,3118.0
Gough Isl,1928,11.6,3118.0
Gough Isl,1929,11.6,3118.0
Gough Isl,1930,11.6,3118.0
Gough Isl,1931,11.6,3118.0
Gough Isl,1932,11.6,3118.0
Gough Isl,1933,11.6,3118.0
Gough Isl,1934,11.6,3118.0
Gough Isl,1935,11.6,3118.0
Gough Isl,1936,11.6,3118.0
Gough Isl,1937,11.6,3118.0
Gough Isl,1938,11.6,3118.0
Gough Isl,1939,11.6,3118.0
Gough Isl,1940,11.6,3118.0
Gough Isl,1941,11.6,3118.0
Gough Isl,1942,11.6,3118.0
Gough Isl,1943,11.6,3118.0
Gough Isl,1944,11.6,3118.0
Gough Isl,1945,11.6,3118.0
Gough Isl,1946,11.6,3118.0
Gough Isl,1947,11.6,3118.0
Gough Isl,1948,11.6,3118.0
Gough Isl,1949,11.6,3118.0
Gough Isl,1950,11.6,3118.0
Gough Isl,1951,11.6,3118.0
Gough Isl,1952,11.6,3118.0
Gough Isl,1953,11.6,3118.0
Gough Isl,1954,11.6,3118.0
Gough Isl,1955,11.7,3066.8
Gough Isl,1956,11.9,2976.5
Gough Isl,1957,11.6,2927.8
Gough Isl,1958,12.0,3430.2
Gough Isl,1959,12.0,3686.5
Gough Isl,1960,12.2,3166.7
Gough Isl,1961,11.9,3639.8
Gough Isl,1962,11.6,3180.7
Gough Isl,1963,11.0,3689.8
Gough Isl,1964,10.8,2800.4
Gough Isl,1965,11.2,3158.1
Gough Isl,1966,11.4,2872.5
Gough Isl,1967,10.9,3145.4
Gough Isl,1968,11.7,2513.1
Gough Isl,1969,11.3,2881.1
Gough Isl,1970,11.5,3516.8
Gough Isl,1971,11.6,2948.8
Gough Isl,1972,11.4,3254.3
Gough Isl,1973,11.4,2909.0
Gough Isl,1974,12.0,2864.0
Gough Isl,1975,12.0,2837.3
Gough Isl,1976,12.0,3098.9
Gough Isl,1977,11.5,2841.1
Gough Isl,1978,11.7,3381.3
Gough Isl,1979,12.0,3242.3
Gough Isl,1980,12.0,3199.9
Gough Isl,1981,12.0,2525.6
Gough Isl,1982,12.2,3581.0
Gough Isl,1983,11.5,3610.4
Gough Isl,1984,11.3,3115.9
Gough Isl,1985,11.3,3467.4
Gough Isl,1986,11.6,3391.6
Gough Isl,1987,11.6,3636.1
Gough Isl,1988,11.8,2925.9
Gough Isl,1989,11.6,2746.9
Gough Isl,1990,12.1,2564.9
Gough Isl,1991,11.7,3213.3
Gough Isl,1992,11.4,2993.6
Gough Isl,1993,11.7,3420.5
Gough Isl,1994,12.1,3522.8
Gough Isl,1995,11.6,3315.3
Gough Isl,1996,11.3,2968.9
Gough Isl,1997,12.0,3489.3
Gough Isl,1998,11.7,2990.3
Gough Isl,1999,11.8,2593.0
Gough Isl,2000,12.1,2926.2
Gough Isl,2001,11.6,2556.1
Gough Isl,2002,11.6,3403.9
Gough Isl,2003,11.7,3159.9
Gough Isl,2004,12.3,3375.9
Gough Isl,2005,12.3,3320.3
Gough Isl,2006,12.4,2899.1
Gough Isl,2007,12.4,3397.3
Gough Isl,2008,12.0,3157.5
Gough Isl,2009,12.7,3303.8
Gough Isl,2010,12.1,2625.7
Gough Isl,2011,12.3,3077.7
Gough Isl,2012,12.7,3234.2
Gough Isl,2013,12.3,2937.1
Gough Isl,2014,12.3,2910.5
Gough Isl,2015,12.9,3093.5
Gough Isl,2016,12.2,3390.6
Gough Isl,2017,12.2,3193.3
Gough Isl,2018,12.6,2985.0
Gough Isl,2019,12.1,3030.8
Gough Isl,2020,12.2,3517.2
Gough Isl,2021,12.3,3072.5
Gough Isl,2022,12.4,2730.4
Gough Isl,2023,12.5,3451.2
Gough Isl,2024,11.9,3281.2
Grand Cayman,1901,26.1,1458.8
Grand Cayman,1902,26.9,1458.8
Grand Cayman,1903,26.7,1458.8
Grand Cayman,1904,26.7,1458.8
Grand Cayman,1905,27.1,1458.8
Grand Cayman,1906,26.7,1458.8
Grand Cayman,1907,27.1,1458.8
Grand Cayman,1908,27.0,1458.8
Grand Cayman,1909,27.0,1458.8
Grand Cayman,1910,26.2,1458.8
Grand Cayman,1911,27.4,1458.8
Grand Cayman,1912,27.3,1458.8
Grand Cayman,1913,27.1,1458.8
Grand Cayman,1914,26.7,1458.8
Grand Cayman,1915,26.7,1458.8
Grand Cayman,1916,26.8,1458.8
Grand Cayman,1917,26.6,1458.8
Grand Cayman,1918,27.0,1458.8
Grand Cayman,1919,27.1,1458.8
Grand Cayman,1920,26.8,1458.8
Grand Cayman,1921,27.3,1458.8
Grand Cayman,1922,27.4,1458.8
Grand Cayman,1923,27.1,1458.8
Grand Cayman,1924,27.2,1458.8
Grand Cayman,1925,27.2,1458.8
Grand Cayman,1926,27.0,1458.8
Grand Cayman,1927,27.2,1458.8
Grand Cayman,1928,27.0,1458.8
Grand Cayman,1929,27.5,1458.8
Grand Cayman,1930,27.0,1458.8
Grand Cayman,1931,26.9,1458.8
Grand Cayman,1932,27.4,1458.8
Grand Cayman,1933,27.4,1458.8
Grand Cayman,1934,27.1,1458.8
Grand Cayman,1935,27.0,1458.8
Grand Cayman,1936,27.3,1458.8
Grand Cayman,1937,27.2,1458.8
Grand Cayman,1938,27.2,1549.8
Grand Cayman,1939,27.4,1504.8
Grand Cayman,1940,26.7,1515.8
Grand Cayman,1941,27.2,1417.0
Grand Cayman,1942,27.1,1537.7
Grand Cayman,1943,26.9,1477.4
Grand Cayman,1944,27.2,1455.7
Grand Cayman,1945,27.3,1402.3
Grand Cayman,1946,27.6,1431.9
Grand Cayman,1947,27.4,1501.5
Grand Cayman,1948,27.9,1543.4
Grand Cayman,1949,27.6,1458.0
Grand Cayman,1950,27.2,1527.2
Grand Cayman,1951,27.2,1574.7
Grand Cayman,1952,27.2,1522.0
Grand Cayman,1953,27.5,1475.9
Grand Cayman,1954,27.0,1502.1
Grand Cayman,1955,27.1,1448.9
Grand Cayman,1956,27.0,1399.3
Grand Cayman,1957,27.5,1381.5
Grand Cayman,1958,26.9,1641.2
Grand Cayman,1959,27.4,1520.8
Grand Cayman,1960,26.9,1505.6
Grand Cayman,1961,27.2,1403.4
Grand Cayman,1962,27.0,1401.5
Grand Cayman,1963,26.9,1480.3
Grand Cayman,1964,27.3,1480.3
Grand Cayman,1965,27.4,1384.9
Grand Cayman,1966,26.8,1501.9
Grand Cayman,1967,27.2,1338.4
Grand Cayman,1968,26.5,1554.7
Grand Cayman,1969,26.9,1557.7
Grand Cayman,1970,26.8,1498.8
Grand Cayman,1971,27.2,1538.5
Grand Cayman,1972,27.6,1480.1
Grand Cayman,1973,27.3,1480.6
Grand Cayman,1974,27.5,1377.7
Grand Cayman,1975,27.7,1385.9
Grand Cayman,1976,26.9,1383.8
Grand Cayman,1977,27.0,1433.1
Grand Cayman,1978,27.1,1568.4
Grand Cayman,1979,27.3,1556.3
Grand Cayman,1980,27.3,1539.3
Grand Cayman,1981,27.0,1433.9
Grand Cayman,1982,27.9,1362.2
Grand Cayman,1983,27.1,1440.7
Grand Cayman,1984,27.1,1442.1
Grand Cayman,1985,27.2,1448.8
Grand Cayman,1986,27.5,1390.0
Grand Cayman,1987,27.5,1524.2
Grand Cayman,1988,27.4,1518.0
Grand Cayman,1989,27.6,1424.7
Grand Cayman,1990,28.0,1434.8
Grand Cayman,1991,27.9,1437.9
Grand Cayman,1992,27.4,1400.7
Grand Cayman,1993,27.7,1457.2
Grand Cayman,1994,28.1,1411.3
Grand Cayman,1995,27.7,1492.0
Grand Cayman,1996,27.2,1502.6
Grand Cayman,1997,27.7,1400.0
Grand Cayman,1998,27.9,1404.6
Grand Cayman,1999,27.6,1491.4
Grand Cayman,2000,27.6,1414.6
Grand Cayman,2001,27.6,1468.1
Grand Cayman,2002,27.9,1456.9
Grand Cayman,2003,27.9,1470.5
Grand Cayman,2004,27.7,1393.7
Grand Cayman,2005,27.6,1520.9
Grand Cayman,2006,27.7,1464.3
Grand Cayman,2007,28.0,1509.0
Grand Cayman,2008,27.8,1468.8
Grand Cayman,2009,27.8,1424.4
Grand Cayman,2010,27.1,1590.3
Grand Cayman,2011,28.1,1559.2
Grand Cayman,2012,27.9,1407.5
Grand Cayman,2013,28.1,1387.2
Grand Cayman,2014,27.9,1484.3
Grand Cayman,2015,28.4,1375.8
Grand Cayman,2016,28.2,1445.6
Grand Cayman,2017,28.3,1569.3
Grand Cayman,2018,28.1,1343.1
Grand Cayman,2019,28.5,1394.7
Grand Cayman,2020,28.6,1517.5
Grand Cayman,2021,28.2,1514.2
Grand Cayman,2022,28.2,1450.7
Grand Cayman,2023,28.6,1459.3
Grand Cayman,2024,28.4,1559.7
Greece,1901,15.1,695.3
Greece,1902,14.9,614.3
Greece,1903,15.0,629.5
Greece,1904,14.9,713.7
Greece,1905,15.0,682.5
Greece,1906,15.0,749.3
Greece,1907,14.7,629.1
Greece,1908,14.7,652.9
Greece,1909,15.0,705.2
Greece,1910,15.2,762.0
Greece,1911,15.0,700.2
Greece,1912,14.8,691.4
Greece,1913,15.0,640.4
Greece,1914,14.7,723.8
Greece,1915,15.3,720.5
Greece,1916,15.7,621.4
Greece,1917,15.1,736.4
Greece,1918,15.1,811.0
Greece,1919,15.2,844.3
Greece,1920,15.1,788.8
Greece,1921,15.0,748.2
Greece,1922,15.1,661.8
Greece,1923,15.6,720.1
Greece,1924,15.1,759.9
Greece,1925,15.3,625.7
Greece,1926,15.7,627.0
Greece,1927,15.8,662.6
Greece,1928,15.3,816.3
Greece,1929,14.6,753.7
Greece,1930,15.6,809.0
Greece,1931,15.2,793.8
Greece,1932,15.0,532.2
Greece,1933,14.1,678.6
Greece,1934,15.6,674.2
Greece,1935,15.3,715.0
Greece,1936,15.3,822.9
Greece,1937,15.8,830.1
Greece,1938,15.2,763.9
Greece,1939,15.4,828.5
Greece,1940,14.5,849.0
Greece,1941,14.8,596.8
Greece,1942,14.9,710.0
Greece,1943,15.1,634.2
Greece,1944,15.0,804.9
Greece,1945,15.2,700.6
Greece,1946,15.8,720.3
Greece,1947,15.9,626.3
Greece,1948,14.8,578.6
Greece,1949,14.8,679.5
Greece,1950,15.8,660.9
Greece,1951,15.7,798.3
Greece,1952,16.0,723.5
Greece,1953,14.5,692.6
Greece,1954,15.0,872.3
Greece,1955,15.8,770.3
Greece,1956,14.7,698.8
Greece,1957,15.4,653.4
Greece,1958,15.6,627.7
Greece,1959,14.6,648.6
Greece,1960,15.8,749.9
Greece,1961,15.5,646.3
Greece,1962,15.9,897.5
Greece,1963,15.6,743.3
Greece,1964,14.8,597.0
Greece,1965,14.9,685.8
Greece,1966,16.1,767.5
Greece,1967,15.0,624.0
Greece,1968,15.4,793.2
Greece,1969,15.2,694.5
Greece,1970,15.5,597.7
Greece,1971,15.0,714.1
Greece,1972,15.0,690.5
Greece,1973,15.0,677.0
Greece,1974,14.9,667.9
Greece,1975,15.0,668.4
Greece,1976,14.5,761.0
Greece,1977,15.4,492.1
Greece,1978,14.9,772.9
Greece,1979,15.4,778.2
Greece,1980,14.7,742.6
Greece,1981,15.2,754.4
Greece,1982,14.8,702.3
Greece,1983,14.7,640.4
Greece,1984,14.9,636.9
Greece,1985,15.1,589.2
Greece,1986,15.3,618.8
Greece,1987,14.8,678.5
Greece,1988,15.2,675.7
Greece,1989,15.1,432.5
Greece,1990,15.6,514.8
Greece,1991,14.6,610.5
Greece,1992,14.7,450.4
Greece,1993,14.9,530.4
Greece,1994,16.0,724.6
Greece,1995,15.3,625.5
Greece,1996,15.0,744.5
Greece,1997,14.8,620.6
Greece,1998,15.7,676.2
Greece,1999,16.3,623.6
Greece,2000,15.9,436.2
Greece,2001,16.2,618.3
Greece,2002,15.8,803.4
Greece,2003,15.5,746.3
Greece,2004,15.7,622.0
Greece,2005,15.3,704.6
Greece,2006,15.3,676.4
Greece,2007,16.2,629.8
Greece,2008,16.1,525.8
Greece,2009,16.0,873.8
Greece,2010,16.6,682.5
Greece,2011,15.3,641.9
Greece,2012,16.3,733.1
Greece,2013,16.3,659.5
Greece,2014,16.3,844.1
Greece,2015,15.9,705.8
Greece,2016,16.5,627.1
Greece,2017,16.1,663.7
Greece,2018,16.9,697.9
Greece,2019,16.9,822.6
Greece,2020,16.8,630.2
Greece,2021,16.8,683.2
Greece,2022,16.5,529.3
Greece,2023,17.2,564.1
Greece,2024,17.6,556.2
Greenland,1901,-18.8,486.3
Greenland,1902,-19.1,439.0
Greenland,1903,-19.2,391.4
Greenland,1904,-19.5,401.1
Greenland,1905,-19.0,438.2
Greenland,1906,-19.7,430.5
Greenland,1907,-19.9,400.6
Greenland,1908,-18.7,469.0
Greenland,1909,-19.0,405.8
Greenland,1910,-19.6,396.0
Greenland,1911,-19.4,445.3
Greenland,1912,-18.5,419.4
Greenland,1913,-19.2,423.9
Greenland,1914,-20.1,409.1
Greenland,1915,-18.8,439.2
Greenland,1916,-18.7,445.9
Greenland,1917,-19.1,460.2
Greenland,1918,-20.1,429.2
Greenland,1919,-19.2,444.7
Greenland,1920,-19.6,426.2
Greenland,1921,-19.5,435.1
Greenland,1922,-19.3,446.5
Greenland,1923,-18.4,456.6
Greenland,1924,-18.7,392.6
Greenland,1925,-18.6,449.1
Greenland,1926,-18.0,409.0
Greenland,1927,-18.2,382.6
Greenland,1928,-17.2,386.8
Greenland,1929,-17.4,407.3
Greenland,1930,-17.7,387.6
Greenland,1931,-17.9,415.9
Greenland,1932,-17.5,457.2
Greenland,1933,-17.5,402.9
Greenland,1934,-18.0,385.0
Greenland,1935,-17.9,369.5
Greenland,1936,-17.7,455.3
Greenland,1937,-18.2,386.9
Greenland,1938,-18.8,421.5
Greenland,1939,-17.6,414.4
Greenland,1940,-17.9,443.4
Greenland,1941,-17.4,413.1
Greenland,1942,-17.9,464.3
Greenland,1943,-18.7,416.1
Greenland,1944,-18.6,455.4
Greenland,1945,-18.1,476.3
Greenland,1946,-17.5,438.7
Greenland,1947,-17.1,415.2
Greenland,1948,-18.4,468.8
Greenland,1949,-18.8,441.9
Greenland,1950,-18.4,408.5
Greenland,1951,-19.0,387.5
Greenland,1952,-18.1,443.6
Greenland,1953,-18.3,460.5
Greenland,1954,-18.2,439.7
Greenland,1955,-18.6,459.7
Greenland,1956,-18.7,441.1
Greenland,1957,-18.1,448.2
Greenland,1958,-18.2,418.1
Greenland,1959,-18.5,448.6
Greenland,1960,-17.6,409.5
Greenland,1961,-18.6,411.2
Greenland,1962,-18.0,388.1
Greenland,1963,-18.3,418.4
Greenland,1964,-18.5,470.6
Greenland,1965,-18.1,398.3
Greenland,1966,-18.9,397.5
Greenland,1967,-18.9,463.7
Greenland,1968,-19.0,396.4
Greenland,1969,-18.8,455.6
Greenland,1970,-18.9,481.8
Greenland,1971,-19.5,421.9
Greenland,1972,-18.9,482.7
Greenland,1973,-18.9,442.7
Greenland,1974,-18.3,429.4
Greenland,1975,-19.3,480.6
Greenland,1976,-18.3,483.3
Greenland,1977,-18.2,439.2
Greenland,1978,-18.8,443.8
Greenland,1979,-18.8,452.0
Greenland,1980,-17.7,431.6
Greenland,1981,-18.6,427.8
Greenland,1982,-19.2,404.0
Greenland,1983,-19.9,491.1
Greenland,1984,-19.0,457.5
Greenland,1985,-17.9,358.8
Greenland,1986,-18.5,440.5
Greenland,1987,-18.5,469.1
Greenland,1988,-18.4,449.2
Greenland,1989,-19.5,449.4
Greenland,1990,-18.6,455.8
Greenland,1991,-18.4,461.2
Greenland,1992,-19.2,450.2
Greenland,1993,-19.3,460.0
Greenland,1994,-18.8,430.8
Greenland,1995,-18.6,424.1
Greenland,1996,-18.2,541.5
Greenland,1997,-18.4,507.2
Greenland,1998,-17.8,452.8
Greenland,1999,-18.3,482.3
Greenland,2000,-17.9,470.0
Greenland,2001,-17.8,460.6
Greenland,2002,-17.5,442.7
Greenland,2003,-17.2,478.8
Greenland,2004,-17.4,471.0
Greenland,2005,-17.0,515.0
Greenland,2006,-17.4,416.1
Greenland,2007,-17.5,461.7
Greenland,2008,-17.7,473.7
Greenland,2009,-17.6,407.7
Greenland,2010,-16.5,398.7
Greenland,2011,-17.4,454.5
Greenland,2012,-17.4,498.7
Greenland,2013,-17.7,504.8
Greenland,2014,-17.1,510.1
Greenland,2015,-18.2,530.9
Greenland,2016,-16.7,491.6
Greenland,2017,-17.6,486.0
Greenland,2018,-18.0,483.7
Greenland,2019,-17.1,451.8
Greenland,2020,-17.5,522.8
Greenland,2021,-16.5,497.2
Greenland,2022,-17.4,501.6
Greenland,2023,-17.5,468.4
Greenland,2024,-17.6,530.6
Grenada,1901,25.7,1594.1
Grenada,1902,25.4,1693.9
Grenada,1903,25.5,1646.6
Grenada,1904,25.3,1493.7
Grenada,1905,25.4,1522.2
Grenada,1906,25.3,1597.7
Grenada,1907,25.2,1429.7
Grenada,1908,25.2,1418.7
Grenada,1909,25.2,1594.1
Grenada,1910,25.3,1512.0
Grenada,1911,25.4,1594.1
Grenada,1912,25.5,1594.1
Grenada,1913,25.2,1594.1
Grenada,1914,25.2,1594.1
Grenada,1915,25.5,1594.1
Grenada,1916,25.3,1594.1
Grenada,1917,25.2,1594.1
Grenada,1918,25.3,1594.1
Grenada,1919,25.3,1594.1
Grenada,1920,25.2,1594.1
Grenada,1921,25.2,1757.7
Grenada,1922,25.0,1481.2
Grenada,1923,25.2,1623.5
Grenada,1924,25.3,1375.6
Grenada,1925,25.2,1410.9
Grenada,1926,25.6,1431.6
Grenada,1927,25.2,1597.5
Grenada,1928,25.3,1484.4
Grenada,1929,25.0,1520.5
Grenada,1930,25.4,1539.4
Grenada,1931,25.8,1495.5
Grenada,1932,25.9,1501.4
Grenada,1933,25.4,1771.0
Grenada,1934,25.4,1369.5
Grenada,1935,25.2,1574.5
Grenada,1936,25.3,1595.6
Grenada,1937,25.7,1318.0
Grenada,1938,25.2,1669.6
Grenada,1939,25.4,1393.6
Grenada,1940,26.1,1359.4
Grenada,1941,26.4,1500.7
Grenada,1942,26.2,1652.0
Grenada,1943,25.7,1556.5
Grenada,1944,25.9,1657.6
Grenada,1945,25.4,1537.7
Grenada,1946,25.6,1551.4
Grenada,1947,25.8,1274.2
Grenada,1948,25.6,1708.2
Grenada,1949,25.4,1582.0
Grenada,1950,25.1,1806.5
Grenada,1951,25.5,1911.0
Grenada,1952,25.6,1485.7
Grenada,1953,25.5,1555.7
Grenada,1954,25.5,1801.1
Grenada,1955,25.4,1833.7
Grenada,1956,25.3,1816.2
Grenada,1957,25.4,1401.5
Grenada,1958,26.0,1690.9
Grenada,1959,25.6,1253.3
Grenada,1960,25.7,1391.5
Grenada,1961,25.6,1564.1
Grenada,1962,25.7,1478.0
Grenada,1963,25.8,1564.5
Grenada,1964,25.5,1488.3
Grenada,1965,25.5,1426.5
Grenada,1966,25.8,2002.8
Grenada,1967,25.5,1623.2
Grenada,1968,25.6,1449.8
Grenada,1969,26.2,1749.9
Grenada,1970,25.9,1931.3
Grenada,1971,25.4,1603.1
Grenada,1972,25.7,1568.3
Grenada,1973,25.8,1334.8
Grenada,1974,25.3,1475.2
Grenada,1975,25.4,1581.2
Grenada,1976,25.4,1405.5
Grenada,1977,25.8,1302.1
Grenada,1978,26.1,1466.1
Grenada,1979,26.2,1756.8
Grenada,1980,26.4,1657.8
Grenada,1981,26.4,1897.5
Grenada,1982,26.0,1677.8
Grenada,1983,26.6,1511.3
Grenada,1984,25.9,1770.6
Grenada,1985,25.8,1670.7
Grenada,1986,26.0,1593.2
Grenada,1987,26.6,1459.6
Grenada,1988,26.2,1844.8
Grenada,1989,25.8,1450.8
Grenada,1990,26.2,1621.3
Grenada,1991,26.1,1576.0
Grenada,1992,26.2,1634.8
Grenada,1993,26.3,1627.6
Grenada,1994,26.1,1594.5
Grenada,1995,26.4,1613.6
Grenada,1996,26.3,1748.2
Grenada,1997,26.4,1474.6
Grenada,1998,26.8,1920.2
Grenada,1999,26.3,1781.7
Grenada,2000,26.3,1708.0
Grenada,2001,26.7,1329.5
Grenada,2002,26.6,1498.8
Grenada,2003,26.7,1501.3
Grenada,2004,26.4,1899.0
Grenada,2005,26.7,1847.9
Grenada,2006,26.5,1670.0
Grenada,2007,26.4,1513.1
Grenada,2008,26.2,1639.0
Grenada,2009,26.6,1401.4
Grenada,2010,26.9,1858.6
Grenada,2011,26.4,1962.1
Grenada,2012,26.5,1503.7
Grenada,2013,26.5,1555.6
Grenada,2014,26.5,1503.2
Grenada,2015,26.7,1179.5
Grenada,2016,26.9,1718.7
Grenada,2017,26.5,1780.7
Grenada,2018,26.1,1576.2
Grenada,2019,26.4,1296.0
Grenada,2020,26.5,1568.0
Grenada,2021,26.3,1626.2
Grenada,2022,26.1,1805.8
Grenada,2023,26.7,1553.6
Grenada,2024,27.2,1544.7
Guadalupe,1901,14.8,267.0
Guadalupe,1902,14.3,249.4
Guadalupe,1903,14.5,216.8
Guadalupe,1904,15.2,227.2
Guadalupe,1905,14.6,300.1
Guadalupe,1906,14.9,294.9
Guadalupe,1907,14.6,244.7
Guadalupe,1908,14.3,253.6
Guadalupe,1909,14.2,276.9
Guadalupe,1910,14.9,241.0
Guadalupe,1911,14.1,253.2
Guadalupe,1912,14.2,260.4
Guadalupe,1913,14.3,251.5
Guadalupe,1914,14.8,252.9
Guadalupe,1915,14.7,259.2
Guadalupe,1916,14.0,256.0
Guadalupe,1917,14.7,245.4
Guadalupe,1918,14.8,259.6
Guadalupe,1919,14.3,248.7
Guadalupe,1920,14.1,251.1
Guadalupe,1921,14.6,270.3
Guadalupe,1922,14.2,283.3
Guadalupe,1923,14.6,248.9
Guadalupe,1924,14.6,244.1
Guadalupe,1925,15.0,268.3
Guadalupe,1926,15.6,274.6
Guadalupe,1927,14.8,299.7
Guadalupe,1928,15.1,236.7
Guadalupe,1929,15.1,221.8
Guadalupe,1930,15.1,259.7
Guadalupe,1931,15.9,286.3
Guadalupe,1932,14.6,252.8
Guadalupe,1933,14.2,248.7
Guadalupe,1934,15.8,255.4
Guadalupe,1935,14.6,266.3
Guadalupe,1936,15.5,285.4
Guadalupe,1937,14.9,262.0
Guadalupe,1938,15.1,265.3
Guadalupe,1939,15.3,231.5
Guadalupe,1940,15.5,266.5
Guadalupe,1941,15.1,333.5
Guadalupe,1942,14.8,228.0
Guadalupe,1943,15.3,264.0
Guadalupe,1944,14.4,259.0
Guadalupe,1945,14.9,255.4
Guadalupe,1946,14.8,243.9
Guadalupe,1947,15.2,239.8
Guadalupe,1948,14.2,199.4
Guadalupe,1949,14.6,226.5
Guadalupe,1950,14.9,176.1
Guadalupe,1951,14.7,297.2
Guadalupe,1952,14.5,290.0
Guadalupe,1953,15.0,167.9
Guadalupe,1954,15.1,204.2
Guadalupe,1955,14.4,178.9
Guadalupe,1956,14.9,151.7
Guadalupe,1957,15.5,257.4
Guadalupe,1958,16.2,221.2
Guadalupe,1959,16.4,185.7
Guadalupe,1960,15.3,221.5
Guadalupe,1961,15.4,185.5
Guadalupe,1962,14.8,201.7
Guadalupe,1963,15.5,191.1
Guadalupe,1964,14.8,167.5
Guadalupe,1965,15.1,341.3
Guadalupe,1966,15.5,234.5
Guadalupe,1967,15.5,206.4
Guadalupe,1968,15.5,147.1
Guadalupe,1969,15.4,246.7
Guadalupe,1970,15.4,174.1
Guadalupe,1971,14.9,182.4
Guadalupe,1972,15.6,284.0
Guadalupe,1973,15.1,209.9
Guadalupe,1974,15.2,212.9
Guadalupe,1975,14.5,205.1
Guadalupe,1976,15.8,275.0
Guadalupe,1977,15.9,299.4
Guadalupe,1978,15.8,451.7
Guadalupe,1979,15.6,283.8
Guadalupe,1980,16.0,344.4
Guadalupe,1981,16.4,209.3
Guadalupe,1982,15.3,294.4
Guadalupe,1983,16.5,406.8
Guadalupe,1984,16.6,384.4
Guadalupe,1985,15.7,233.8
Guadalupe,1986,16.1,235.2
Guadalupe,1987,15.4,268.0
Guadalupe,1988,15.6,199.7
Guadalupe,1989,15.6,207.6
Guadalupe,1990,15.7,242.5
Guadalupe,1991,15.2,258.7
Guadalupe,1992,16.5,268.5
Guadalupe,1993,16.0,245.7
Guadalupe,1994,15.5,242.3
Guadalupe,1995,16.1,254.3
Guadalupe,1996,16.3,230.5
Guadalupe,1997,16.0,258.4
Guadalupe,1998,15.1,255.7
Guadalupe,1999,15.4,229.2
Guadalupe,2000,15.7,243.0
Guadalupe,2001,15.7,247.2
Guadalupe,2002,15.7,222.9
Guadalupe,2003,16.1,248.7
Guadalupe,2004,15.8,236.1
Guadalupe,2005,16.1,251.3
Guadalupe,2006,16.1,244.1
Guadalupe,2007,16.2,235.9
Guadalupe,2008,16.0,244.0
Guadalupe,2009,16.0,241.6
Guadalupe,2010,15.8,263.2
Guadalupe,2011,15.5,250.6
Guadalupe,2012,16.2,245.8
Guadalupe,2013,16.2,247.0
Guadalupe,2014,17.2,249.5
Guadalupe,2015,16.9,248.1
Guadalupe,2016,16.7,250.7
Guadalupe,2017,16.9,248.5
Guadalupe,2018,16.8,248.2
Guadalupe,2019,16.1,257.0
Guadalupe,2020,16.8,248.6
Guadalupe,2021,16.2,257.0
Guadalupe,2022,16.4,245.0
Guadalupe,2023,15.9,251.6
Guadalupe,2024,16.4,248.7
Guadeloupe,1901,25.1,2194.8
Guadeloupe,1902,24.8,2429.3
Guadeloupe,1903,24.8,2303.0
Guadeloupe,1904,24.5,2021.9
Guadeloupe,1905,24.7,2037.7
Guadeloupe,1906,24.5,2178.6
Guadeloupe,1907,24.3,1870.0
Guadeloupe,1908,24.3,1768.7
Guadeloupe,1909,24.4,2194.8
Guadeloupe,1910,24.4,2129.4
Guadeloupe,1911,24.3,2194.8
Guadeloupe,1912,24.5,2194.8
Guadeloupe,1913,24.3,2194.8
Guadeloupe,1914,24.4,2194.8
Guadeloupe,1915,24.9,2194.8
Guadeloupe,1916,24.7,2194.8
Guadeloupe,1917,24.4,2194.8
Guadeloupe,1918,24.5,2194.8
Guadeloupe,1919,24.6,2194.8
Guadeloupe,1920,24.3,2194.8
Guadeloupe,1921,24.3,2194.8
Guadeloupe,1922,24.3,2194.8
Guadeloupe,1923,24.7,2194.8
Guadeloupe,1924,24.9,2194.8
Guadeloupe,1925,24.5,2194.8
Guadeloupe,1926,25.0,2194.8
Guadeloupe,1927,24.8,2194.8
Guadeloupe,1928,24.8,2194.8
Guadeloupe,1929,24.4,2194.8
Guadeloupe,1930,24.6,2194.8
Guadeloupe,1931,25.1,2194.8
Guadeloupe,1932,25.1,2236.9
Guadeloupe,1933,24.8,2454.2
Guadeloupe,1934,24.7,1614.4
Guadeloupe,1935,24.4,2016.4
Guadeloupe,1936,24.6,2413.5
Guadeloupe,1937,24.9,1641.2
Guadeloupe,1938,24.5,2283.5
Guadeloupe,1939,24.6,1709.8
Guadeloupe,1940,25.2,1594.8
Guadeloupe,1941,25.3,2021.5
Guadeloupe,1942,25.3,2377.3
Guadeloupe,1943,24.8,1892.3
Guadeloupe,1944,25.0,2137.2
Guadeloupe,1945,24.5,2034.0
Guadeloupe,1946,24.6,1760.9
Guadeloupe,1947,24.9,1599.3
Guadeloupe,1948,24.9,2437.1
Guadeloupe,1949,24.6,2028.6
Guadeloupe,1950,24.4,2244.7
Guadeloupe,1951,24.6,2320.4
Guadeloupe,1952,24.6,2547.5
Guadeloupe,1953,24.6,2195.6
Guadeloupe,1954,24.2,2543.0
Guadeloupe,1955,24.2,2545.7
Guadeloupe,1956,24.2,2480.0
Guadeloupe,1957,24.5,2148.1
Guadeloupe,1958,25.0,2744.8
Guadeloupe,1959,24.6,2111.4
Guadeloupe,1960,24.7,2380.8
Guadeloupe,1961,24.5,2047.2
Guadeloupe,1962,24.6,2151.2
Guadeloupe,1963,24.7,2067.8
Guadeloupe,1964,24.5,2003.1
Guadeloupe,1965,24.5,2044.1
Guadeloupe,1966,24.8,2479.1
Guadeloupe,1967,24.5,2221.8
Guadeloupe,1968,24.5,1974.0
Guadeloupe,1969,25.1,2428.9
Guadeloupe,1970,24.8,2531.6
Guadeloupe,1971,24.4,2022.9
Guadeloupe,1972,24.7,2185.8
Guadeloupe,1973,24.9,1606.4
Guadeloupe,1974,24.4,1984.4
Guadeloupe,1975,24.4,2185.4
Guadeloupe,1976,24.3,1981.1
Guadeloupe,1977,24.9,2057.1
Guadeloupe,1978,24.9,2038.1
Guadeloupe,1979,25.1,2638.8
Guadeloupe,1980,25.5,2185.5
Guadeloupe,1981,25.5,2509.5
Guadeloupe,1982,25.3,2411.2
Guadeloupe,1983,25.8,2070.8
Guadeloupe,1984,25.2,2389.9
Guadeloupe,1985,25.1,2121.6
Guadeloupe,1986,25.3,2402.1
Guadeloupe,1987,25.9,2520.3
Guadeloupe,1988,25.5,2523.2
Guadeloupe,1989,25.1,2464.1
Guadeloupe,1990,25.3,2299.5
Guadeloupe,1991,25.3,2185.8
Guadeloupe,1992,25.4,2661.3
Guadeloupe,1993,25.5,2152.6
Guadeloupe,1994,25.3,1903.6
Guadeloupe,1995,25.7,2191.1
Guadeloupe,1996,25.6,2498.9
Guadeloupe,1997,25.9,2007.4
Guadeloupe,1998,26.4,2623.4
Guadeloupe,1999,25.8,2209.3
Guadeloupe,2000,25.6,1950.5
Guadeloupe,2001,26.0,2067.3
Guadeloupe,2002,25.9,2164.7
Guadeloupe,2003,26.0,2163.8
Guadeloupe,2004,25.6,2894.9
Guadeloupe,2005,25.9,2781.2
Guadeloupe,2006,25.6,2478.1
Guadeloupe,2007,25.6,2145.8
Guadeloupe,2008,25.3,2608.3
Guadeloupe,2009,25.6,1934.9
Guadeloupe,2010,26.1,2747.2
Guadeloupe,2011,25.6,2705.0
Guadeloupe,2012,25.7,2395.4
Guadeloupe,2013,25.8,2144.8
Guadeloupe,2014,25.7,2124.2
Guadeloupe,2015,26.0,1610.6
Guadeloupe,2016,26.0,2536.5
Guadeloupe,2017,25.7,2484.2
Guadeloupe,2018,25.4,2187.4
Guadeloupe,2019,25.7,2105.1
Guadeloupe,2020,25.8,2174.4
Guadeloupe,2021,25.7,1828.7
Guadeloupe,2022,25.5,2142.1
Guadeloupe,2023,26.0,2313.4
Guadeloupe,2024,26.5,2474.3
Guatemala,1901,23.4,2149.7
Guatemala,1902,23.5,2142.2
Guatemala,1903,23.5,2137.7
Guatemala,1904,23.4,2147.3
Guatemala,1905,23.5,2150.4
Guatemala,1906,23.2,2147.4
Guatemala,1907,23.3,2154.9
Guatemala,1908,23.3,2145.8
Guatemala,1909,23.4,2152.9
Guatemala,1910,22.6,2156.6
Guatemala,1911,23.2,2147.1
Guatemala,1912,23.4,2179.3
Guatemala,1913,23.0,2217.8
Guatemala,1914,23.1,2186.5
Guatemala,1915,23.2,2148.1
Guatemala,1916,23.1,2173.5
Guatemala,1917,23.3,2146.4
Guatemala,1918,23.4,2157.9
Guatemala,1919,23.2,2197.3
Guatemala,1920,23.3,2121.9
Guatemala,1921,23.1,2179.5
Guatemala,1922,23.6,2125.7
Guatemala,1923,23.4,1680.5
Guatemala,1924,23.2,2296.8
Guatemala,1925,23.1,2020.8
Guatemala,1926,23.3,2053.6
Guatemala,1927,23.4,2388.0
Guatemala,1928,23.3,2372.8
Guatemala,1929,23.5,2285.6
Guatemala,1930,23.2,2237.0
Guatemala,1931,23.2,2494.0
Guatemala,1932,23.4,2379.7
Guatemala,1933,23.5,2410.6
Guatemala,1934,23.2,1888.0
Guatemala,1935,23.2,2024.6
Guatemala,1936,23.7,2596.2
Guatemala,1937,23.5,2655.0
Guatemala,1938,22.9,2074.7
Guatemala,1939,23.2,1866.9
Guatemala,1940,23.1,2186.9
Guatemala,1941,23.4,2165.5
Guatemala,1942,23.2,2375.0
Guatemala,1943,22.9,2373.0
Guatemala,1944,23.4,2092.3
Guatemala,1945,23.6,2084.4
Guatemala,1946,23.5,1661.8
Guatemala,1947,23.6,2594.7
Guatemala,1948,23.6,2432.2
Guatemala,1949,23.5,1726.4
Guatemala,1950,22.9,1827.2
Guatemala,1951,23.3,2086.5
Guatemala,1952,23.3,2331.1
Guatemala,1953,23.6,2035.8
Guatemala,1954,23.0,2576.2
Guatemala,1955,23.1,2513.4
Guatemala,1956,23.0,2199.9
Guatemala,1957,23.6,2012.7
Guatemala,1958,23.8,2412.2
Guatemala,1959,23.7,2061.9
Guatemala,1960,23.4,2503.2
Guatemala,1961,23.4,2561.2
Guatemala,1962,23.2,2196.8
Guatemala,1963,23.2,2113.7
Guatemala,1964,23.4,2156.0
Guatemala,1965,23.2,2014.6
Guatemala,1966,23.0,2244.0
Guatemala,1967,23.1,1927.9
Guatemala,1968,23.0,2197.9
Guatemala,1969,23.6,2591.8
Guatemala,1970,23.3,2172.1
Guatemala,1971,23.4,1828.3
Guatemala,1972,23.8,1969.1
Guatemala,1973,23.7,2277.2
Guatemala,1974,23.2,1910.8
Guatemala,1975,23.5,1952.0
Guatemala,1976,23.1,1983.2
Guatemala,1977,23.5,1826.0
Guatemala,1978,23.4,2162.8
Guatemala,1979,23.5,2391.1
Guatemala,1980,23.7,2316.6
Guatemala,1981,23.5,2354.2
Guatemala,1982,23.8,2270.3
Guatemala,1983,23.9,2234.7
Guatemala,1984,23.3,2455.0
Guatemala,1985,23.6,2082.3
Guatemala,1986,23.6,1797.9
Guatemala,1987,23.8,1633.8
Guatemala,1988,23.8,2294.2
Guatemala,1989,23.6,2206.6
Guatemala,1990,23.8,2228.9
Guatemala,1991,23.9,1926.0
Guatemala,1992,23.7,2163.8
Guatemala,1993,23.6,2174.7
Guatemala,1994,23.9,1828.6
Guatemala,1995,24.0,2490.2
Guatemala,1996,23.6,2177.8
Guatemala,1997,24.1,2172.7
Guatemala,1998,24.3,2378.5
Guatemala,1999,23.6,2303.2
Guatemala,2000,23.8,2131.1
Guatemala,2001,24.0,2175.1
Guatemala,2002,24.2,2060.4
Guatemala,2003,24.3,1869.5
Guatemala,2004,24.2,2041.4
Guatemala,2005,24.2,2352.8
Guatemala,2006,24.1,2395.6
Guatemala,2007,24.0,2095.8
Guatemala,2008,24.0,2277.2
Guatemala,2009,24.4,1949.5
Guatemala,2010,23.8,2464.0
Guatemala,2011,24.2,2429.6
Guatemala,2012,24.3,1972.2
Guatemala,2013,24.2,2669.9
Guatemala,2014,24.1,2185.3
Guatemala,2015,24.6,1963.1
Guatemala,2016,24.7,2062.7
Guatemala,2017,24.5,2083.1
Guatemala,2018,24.0,1992.4
Guatemala,2019,24.5,1758.5
Guatemala,2020,24.8,2263.3
Guatemala,2021,24.5,2027.3
Guatemala,2022,24.2,2461.8
Guatemala,2023,24.8,1971.0
Guatemala,2024,25.0,2524.3
Guinea,1901,25.8,1793.2
Guinea,1902,26.0,1719.8
Guinea,1903,25.7,1822.1
Guinea,1904,25.6,2048.7
Guinea,1905,25.7,2001.8
Guinea,1906,25.7,2241.4
Guinea,1907,25.3,1712.0
Guinea,1908,25.8,1985.8
Guinea,1909,25.7,1820.0
Guinea,1910,25.9,1757.2
Guinea,1911,25.6,1779.5
Guinea,1912,26.0,1874.8
Guinea,1913,25.7,1750.4
Guinea,1914,25.6,1690.8
Guinea,1915,25.9,1900.1
Guinea,1916,25.4,1862.0
Guinea,1917,25.6,1720.5
Guinea,1918,25.6,2042.6
Guinea,1919,25.8,1841.3
Guinea,1920,25.6,1811.8
Guinea,1921,25.4,1787.5
Guinea,1922,25.2,1953.9
Guinea,1923,25.6,1843.4
Guinea,1924,25.4,2010.5
Guinea,1925,25.5,1911.5
Guinea,1926,25.5,1811.0
Guinea,1927,24.9,2040.3
Guinea,1928,24.9,2080.7
Guinea,1929,24.7,1996.4
Guinea,1930,24.9,1714.5
Guinea,1931,25.6,2002.2
Guinea,1932,25.4,2053.4
Guinea,1933,25.5,2021.7
Guinea,1934,25.6,1789.0
Guinea,1935,25.5,1854.9
Guinea,1936,25.5,2026.2
Guinea,1937,25.8,1842.1
Guinea,1938,25.9,1962.3
Guinea,1939,25.7,1867.5
Guinea,1940,25.7,1781.5
Guinea,1941,25.9,1717.1
Guinea,1942,25.7,1766.0
Guinea,1943,25.2,1938.3
Guinea,1944,25.8,1785.6
Guinea,1945,25.8,1901.9
Guinea,1946,25.5,1947.1
Guinea,1947,25.7,1779.0
Guinea,1948,25.3,1869.0
Guinea,1949,25.6,1789.7
Guinea,1950,25.2,1952.9
Guinea,1951,25.5,2264.0
Guinea,1952,25.3,1873.8
Guinea,1953,25.5,2011.3
Guinea,1954,25.1,2293.2
Guinea,1955,25.2,2124.6
Guinea,1956,25.2,1858.8
Guinea,1957,25.3,2139.5
Guinea,1958,25.6,2042.3
Guinea,1959,25.4,1887.4
Guinea,1960,25.3,1896.8
Guinea,1961,25.1,1886.5
Guinea,1962,25.2,2091.3
Guinea,1963,25.5,1890.2
Guinea,1964,25.2,1990.7
Guinea,1965,25.0,1894.9
Guinea,1966,25.4,2023.0
Guinea,1967,25.0,1947.3
Guinea,1968,25.4,1734.5
Guinea,1969,25.9,2053.0
Guinea,1970,25.7,1691.0
Guinea,1971,25.3,1734.8
Guinea,1972,25.5,1633.8
Guinea,1973,25.8,1636.7
Guinea,1974,25.1,1772.5
Guinea,1975,24.9,1783.8
Guinea,1976,24.9,1926.3
Guinea,1977,25.5,1513.0
Guinea,1978,25.4,1814.7
Guinea,1979,25.6,1666.7
Guinea,1980,26.0,1548.6
Guinea,1981,25.7,1773.4
Guinea,1982,25.4,1633.4
Guinea,1983,26.1,1474.2
Guinea,1984,25.8,1469.0
Guinea,1985,25.7,1592.7
Guinea,1986,25.3,1575.5
Guinea,1987,26.2,1532.9
Guinea,1988,25.7,1636.5
Guinea,1989,25.5,1694.4
Guinea,1990,25.9,1540.9
Guinea,1991,25.8,1589.6
Guinea,1992,25.6,1679.9
Guinea,1993,25.9,1591.6
Guinea,1994,25.3,1994.4
Guinea,1995,25.7,1739.0
Guinea,1996,26.0,1727.7
Guinea,1997,25.9,1692.5
Guinea,1998,26.4,1732.1
Guinea,1999,25.5,1962.8
Guinea,2000,25.7,1755.4
Guinea,2001,26.0,1641.5
Guinea,2002,26.3,1555.4
Guinea,2003,26.1,1834.2
Guinea,2004,26.3,1776.1
Guinea,2005,26.3,1750.1
Guinea,2006,26.0,1879.1
Guinea,2007,26.2,1590.4
Guinea,2008,26.0,1790.4
Guinea,2009,26.1,1699.4
Guinea,2010,26.5,1976.3
Guinea,2011,26.2,1678.1
Guinea,2012,25.8,1787.6
Guinea,2013,26.1,1804.3
Guinea,2014,26.1,1685.8
Guinea,2015,26.3,1837.4
Guinea,2016,26.5,1745.4
Guinea,2017,26.4,1653.5
Guinea,2018,26.4,1736.8
Guinea,2019,26.1,1759.3
Guinea,2020,26.5,1730.0
Guinea,2021,26.9,1752.9
Guinea,2022,26.2,1986.0
Guinea,2023,26.8,1846.5
Guinea,2024,26.8,1868.6
Guinea-Bissau,1901,27.4,1965.9
Guinea-Bissau,1902,27.6,1513.5
Guinea-Bissau,1903,27.5,1680.0
Guinea-Bissau,1904,27.2,1836.3
Guinea-Bissau,1905,27.4,2031.4
Guinea-Bissau,1906,27.5,2323.0
Guinea-Bissau,1907,26.8,1529.9
Guinea-Bissau,1908,27.5,1913.9
Guinea-Bissau,1909,27.3,1914.4
Guinea-Bissau,1910,27.5,1797.4
Guinea-Bissau,1911,27.3,1553.9
Guinea-Bissau,1912,27.6,1717.5
Guinea-Bissau,1913,27.5,1339.6
Guinea-Bissau,1914,27.2,2083.1
Guinea-Bissau,1915,27.6,1895.6
Guinea-Bissau,1916,27.3,1896.4
Guinea-Bissau,1917,27.1,1792.4
Guinea-Bissau,1918,27.4,2314.7
Guinea-Bissau,1919,27.6,1815.8
Guinea-Bissau,1920,27.0,1905.6
Guinea-Bissau,1921,27.0,1865.4
Guinea-Bissau,1922,26.9,2033.2
Guinea-Bissau,1923,27.2,1804.7
Guinea-Bissau,1924,26.9,2069.5
Guinea-Bissau,1925,27.1,1938.6
Guinea-Bissau,1926,27.4,1733.9
Guinea-Bissau,1927,26.9,2325.2
Guinea-Bissau,1928,26.7,2095.5
Guinea-Bissau,1929,26.6,2045.0
Guinea-Bissau,1930,26.6,1700.3
Guinea-Bissau,1931,27.2,1676.0
Guinea-Bissau,1932,27.1,2097.9
Guinea-Bissau,1933,27.2,2228.7
Guinea-Bissau,1934,27.1,1831.6
Guinea-Bissau,1935,27.1,2227.5
Guinea-Bissau,1936,27.3,2292.0
Guinea-Bissau,1937,27.5,1866.6
Guinea-Bissau,1938,27.4,2015.7
Guinea-Bissau,1939,27.2,1902.7
Guinea-Bissau,1940,27.2,1955.9
Guinea-Bissau,1941,27.6,1485.1
Guinea-Bissau,1942,27.3,1933.4
Guinea-Bissau,1943,27.0,2079.4
Guinea-Bissau,1944,27.5,1774.4
Guinea-Bissau,1945,27.7,1748.6
Guinea-Bissau,1946,27.3,1871.0
Guinea-Bissau,1947,27.4,1833.9
Guinea-Bissau,1948,27.1,1759.3
Guinea-Bissau,1949,27.2,1712.9
Guinea-Bissau,1950,27.0,2543.2
Guinea-Bissau,1951,26.9,2144.2
Guinea-Bissau,1952,26.7,2079.0
Guinea-Bissau,1953,27.0,1984.3
Guinea-Bissau,1954,26.9,2258.1
Guinea-Bissau,1955,27.1,2179.5
Guinea-Bissau,1956,26.8,2146.7
Guinea-Bissau,1957,26.9,2075.5
Guinea-Bissau,1958,27.3,2282.4
Guinea-Bissau,1959,27.0,1771.6
Guinea-Bissau,1960,27.2,1897.9
Guinea-Bissau,1961,27.2,2013.8
Guinea-Bissau,1962,27.2,1948.6
Guinea-Bissau,1963,27.4,1851.9
Guinea-Bissau,1964,27.1,1996.2
Guinea-Bissau,1965,26.7,2218.6
Guinea-Bissau,1966,27.1,1867.7
Guinea-Bissau,1967,26.6,2059.6
Guinea-Bissau,1968,27.0,1336.8
Guinea-Bissau,1969,27.9,2130.8
Guinea-Bissau,1970,27.6,1766.4
Guinea-Bissau,1971,26.7,1638.1
Guinea-Bissau,1972,27.1,1315.7
Guinea-Bissau,1973,27.3,1523.3
Guinea-Bissau,1974,26.5,1639.5
Guinea-Bissau,1975,26.6,1964.5
Guinea-Bissau,1976,26.5,1995.8
Guinea-Bissau,1977,27.2,1203.4
Guinea-Bissau,1978,27.0,1938.8
Guinea-Bissau,1979,27.4,1485.0
Guinea-Bissau,1980,27.5,1228.0
Guinea-Bissau,1981,27.4,1693.3
Guinea-Bissau,1982,26.9,1458.1
Guinea-Bissau,1983,27.9,1237.2
Guinea-Bissau,1984,27.3,1374.2
Guinea-Bissau,1985,27.2,1399.0
Guinea-Bissau,1986,27.0,1452.1
Guinea-Bissau,1987,27.7,1589.7
Guinea-Bissau,1988,27.3,1701.1
Guinea-Bissau,1989,27.2,1707.6
Guinea-Bissau,1990,27.7,1399.4
Guinea-Bissau,1991,27.5,1542.9
Guinea-Bissau,1992,27.4,1665.3
Guinea-Bissau,1993,27.6,1551.3
Guinea-Bissau,1994,27.1,1929.3
Guinea-Bissau,1995,27.5,1534.6
Guinea-Bissau,1996,27.8,1507.4
Guinea-Bissau,1997,27.8,1605.4
Guinea-Bissau,1998,28.4,1575.5
Guinea-Bissau,1999,27.3,2117.2
Guinea-Bissau,2000,27.5,1760.8
Guinea-Bissau,2001,27.8,1637.6
Guinea-Bissau,2002,28.0,1225.7
Guinea-Bissau,2003,27.8,1806.8
Guinea-Bissau,2004,28.0,1522.9
Guinea-Bissau,2005,28.1,1899.7
Guinea-Bissau,2006,27.8,1878.9
Guinea-Bissau,2007,27.9,1565.6
Guinea-Bissau,2008,27.9,1991.0
Guinea-Bissau,2009,27.6,1794.7
Guinea-Bissau,2010,28.3,1952.1
Guinea-Bissau,2011,27.8,1535.9
Guinea-Bissau,2012,27.8,1908.5
Guinea-Bissau,2013,27.9,1769.8
Guinea-Bissau,2014,27.9,1668.1
Guinea-Bissau,2015,28.1,1788.7
Guinea-Bissau,2016,28.2,1713.2
Guinea-Bissau,2017,28.3,1793.3
Guinea-Bissau,2018,27.9,1556.8
Guinea-Bissau,2019,27.6,1687.5
Guinea-Bissau,2020,28.5,1739.2
Guinea-Bissau,2021,28.6,1632.1
Guinea-Bissau,2022,27.9,2252.1
Guinea-Bissau,2023,28.6,1886.8
Guinea-Bissau,2024,28.4,2169.3
Guyana,1901,26.4,2277.8
Guyana,1902,26.4,2558.7
Guyana,1903,26.4,2646.4
Guyana,1904,26.2,2356.8
Guyana,1905,26.2,2241.3
Guyana,1906,26.0,2436.4
Guyana,1907,26.0,2739.6
Guyana,1908,26.1,2523.0
Guyana,1909,26.3,2689.1
Guyana,1910,26.1,2869.0
Guyana,1911,25.7,2553.4
Guyana,1912,26.0,2045.0
Guyana,1913,25.8,2213.4
Guyana,1914,25.9,2223.6
Guyana,1915,26.0,2329.7
Guyana,1916,25.9,2491.5
Guyana,1917,25.8,2336.7
Guyana,1918,25.9,2395.0
Guyana,1919,25.9,2273.5
Guyana,1920,25.8,2021.1
Guyana,1921,25.8,2471.6
Guyana,1922,25.6,2520.2
Guyana,1923,25.5,2156.3
Guyana,1924,25.6,2275.5
Guyana,1925,25.7,1929.1
Guyana,1926,25.9,2115.8
Guyana,1927,25.4,2978.0
Guyana,1928,25.5,2499.0
Guyana,1929,25.4,2261.2
Guyana,1930,25.7,2293.1
Guyana,1931,25.9,2322.9
Guyana,1932,25.9,2437.5
Guyana,1933,25.5,2792.6
Guyana,1934,25.5,1868.9
Guyana,1935,25.7,2347.1
Guyana,1936,25.8,2533.6
Guyana,1937,26.0,2539.7
Guyana,1938,25.7,2859.2
Guyana,1939,25.8,2309.9
Guyana,1940,26.2,1864.9
Guyana,1941,26.5,2357.1
Guyana,1942,26.4,2454.6
Guyana,1943,26.0,2981.2
Guyana,1944,26.2,2560.3
Guyana,1945,26.1,2843.0
Guyana,1946,26.0,2396.4
Guyana,1947,26.2,2349.4
Guyana,1948,25.9,2654.8
Guyana,1949,25.8,3039.0
Guyana,1950,25.9,2487.0
Guyana,1951,26.1,2896.3
Guyana,1952,26.2,2368.5
Guyana,1953,26.0,2795.5
Guyana,1954,25.7,3181.7
Guyana,1955,25.6,2761.3
Guyana,1956,25.6,2973.3
Guyana,1957,26.0,1982.9
Guyana,1958,26.4,2018.2
Guyana,1959,25.9,2217.1
Guyana,1960,25.9,2291.2
Guyana,1961,25.9,1821.9
Guyana,1962,25.9,2118.9
Guyana,1963,26.1,2428.7
Guyana,1964,26.3,2044.5
Guyana,1965,26.1,1930.1
Guyana,1966,26.3,2346.7
Guyana,1967,25.8,2638.8
Guyana,1968,25.8,2701.1
Guyana,1969,26.3,2234.1
Guyana,1970,25.9,2789.4
Guyana,1971,25.6,2686.3
Guyana,1972,26.0,2526.2
Guyana,1973,26.2,2387.2
Guyana,1974,25.8,2385.6
Guyana,1975,25.8,2650.6
Guyana,1976,25.8,2883.3
Guyana,1977,26.2,2121.6
Guyana,1978,26.2,2201.4
Guyana,1979,26.4,2642.9
Guyana,1980,26.4,2274.5
Guyana,1981,26.0,2579.4
Guyana,1982,25.9,2181.5
Guyana,1983,26.2,1956.1
Guyana,1984,25.4,2725.6
Guyana,1985,25.6,2250.3
Guyana,1986,26.0,2168.2
Guyana,1987,26.4,2277.0
Guyana,1988,26.0,2439.5
Guyana,1989,25.6,2622.8
Guyana,1990,26.3,3037.3
Guyana,1991,26.0,2301.1
Guyana,1992,25.5,1794.7
Guyana,1993,25.6,2525.3
Guyana,1994,25.8,2278.0
Guyana,1995,26.5,2182.1
Guyana,1996,26.2,2605.1
Guyana,1997,26.5,2338.8
Guyana,1998,27.0,2393.4
Guyana,1999,26.2,2621.4
Guyana,2000,26.2,2943.3
Guyana,2001,26.4,1953.2
Guyana,2002,26.2,2370.1
Guyana,2003,26.7,2146.9
Guyana,2004,26.4,2349.5
Guyana,2005,26.5,2756.5
Guyana,2006,26.5,2687.6
Guyana,2007,26.3,2902.8
Guyana,2008,26.2,2983.4
Guyana,2009,26.5,2216.1
Guyana,2010,26.7,2599.0
Guyana,2011,26.2,2616.9
Guyana,2012,26.0,2403.2
Guyana,2013,26.1,2507.1
Guyana,2014,26.3,1881.3
Guyana,2015,26.8,2282.1
Guyana,2016,26.6,2307.3
Guyana,2017,26.6,2477.6
Guyana,2018,26.3,2279.3
Guyana,2019,26.6,2313.2
Guyana,2020,26.7,2808.8
Guyana,2021,26.4,3238.9
Guyana,2022,26.4,3162.4
Guyana,2023,26.9,2296.8
Guyana,2024,27.4,2220.7
Haiti,1901,24.4,1510.8
Haiti,1902,24.2,1426.0
Haiti,1903,24.2,1442.4
Haiti,1904,24.0,1503.2
Haiti,1905,24.3,1554.5
Haiti,1906,24.1,1559.8
Haiti,1907,24.0,1398.3
Haiti,1908,24.1,1427.8
Haiti,1909,23.9,1518.0
Haiti,1910,23.8,1521.2
Haiti,1911,24.0,1391.2
Haiti,1912,24.3,1363.3
Haiti,1913,23.8,1408.6
Haiti,1914,24.0,1354.7
Haiti,1915,24.3,1663.4
Haiti,1916,24.0,1579.0
Haiti,1917,23.8,1476.5
Haiti,1918,23.9,1471.9
Haiti,1919,24.1,1541.5
Haiti,1920,23.9,1385.5
Haiti,1921,23.9,1472.5
Haiti,1922,23.7,1400.9
Haiti,1923,24.0,1453.3
Haiti,1924,24.5,1475.5
Haiti,1925,24.2,1408.0
Haiti,1926,24.5,1421.0
Haiti,1927,24.2,1460.3
Haiti,1928,24.2,1434.2
Haiti,1929,24.1,1377.3
Haiti,1930,24.2,1403.0
Haiti,1931,24.5,1522.6
Haiti,1932,24.5,1451.5
Haiti,1933,24.6,1570.1
Haiti,1934,24.3,1474.3
Haiti,1935,24.2,1461.7
Haiti,1936,24.4,1551.2
Haiti,1937,24.4,1512.4
Haiti,1938,24.2,1460.1
Haiti,1939,24.3,1442.1
Haiti,1940,24.6,1430.7
Haiti,1941,24.7,1422.0
Haiti,1942,24.8,1562.7
Haiti,1943,24.4,1460.6
Haiti,1944,24.3,1528.7
Haiti,1945,24.0,1499.4
Haiti,1946,24.1,1402.1
Haiti,1947,24.4,1431.2
Haiti,1948,24.6,1514.6
Haiti,1949,23.9,1344.7
Haiti,1950,23.7,1376.1
Haiti,1951,24.2,1664.0
Haiti,1952,24.3,1350.9
Haiti,1953,24.4,1500.0
Haiti,1954,24.2,1724.8
Haiti,1955,24.0,1835.6
Haiti,1956,24.0,1488.1
Haiti,1957,24.6,1173.9
Haiti,1958,25.0,1630.8
Haiti,1959,24.9,1156.9
Haiti,1960,25.0,1717.4
Haiti,1961,24.7,1571.8
Haiti,1962,24.7,1238.4
Haiti,1963,24.8,1638.1
Haiti,1964,24.8,1317.3
Haiti,1965,24.4,1390.4
Haiti,1966,24.6,1634.3
Haiti,1967,24.4,980.1
Haiti,1968,24.4,1207.7
Haiti,1969,24.8,1728.7
Haiti,1970,24.5,1664.9
Haiti,1971,24.5,1494.9
Haiti,1972,24.7,1676.7
Haiti,1973,24.9,1257.1
Haiti,1974,24.4,1445.8
Haiti,1975,24.5,1062.7
Haiti,1976,24.4,1039.0
Haiti,1977,24.7,1327.4
Haiti,1978,24.7,1451.3
Haiti,1979,24.7,2141.3
Haiti,1980,25.2,1688.0
Haiti,1981,25.0,1778.2
Haiti,1982,24.8,1312.7
Haiti,1983,25.2,1456.1
Haiti,1984,24.6,1423.3
Haiti,1985,24.5,1498.1
Haiti,1986,24.6,1432.1
Haiti,1987,25.1,1754.5
Haiti,1988,25.0,1564.3
Haiti,1989,24.8,1201.9
Haiti,1990,25.0,1394.4
Haiti,1991,25.0,1073.3
Haiti,1992,25.1,1112.3
Haiti,1993,25.1,1549.5
Haiti,1994,25.3,1202.7
Haiti,1995,25.3,1593.3
Haiti,1996,24.9,1435.5
Haiti,1997,25.5,1249.9
Haiti,1998,25.7,1655.2
Haiti,1999,25.2,916.9
Haiti,2000,25.1,1395.8
Haiti,2001,25.2,1662.5
Haiti,2002,25.4,1306.8
Haiti,2003,25.4,1680.5
Haiti,2004,25.2,1249.0
Haiti,2005,25.1,1932.1
Haiti,2006,25.2,1354.5
Haiti,2007,25.1,2091.0
Haiti,2008,24.8,1385.8
Haiti,2009,25.0,1287.9
Haiti,2010,25.0,1686.1
Haiti,2011,24.7,1667.6
Haiti,2012,25.1,1502.3
Haiti,2013,25.3,992.5
Haiti,2014,25.5,1455.7
Haiti,2015,25.8,1252.1
Haiti,2016,25.6,2007.1
Haiti,2017,25.5,1598.8
Haiti,2018,25.4,1259.7
Haiti,2019,25.6,1376.3
Haiti,2020,25.7,1323.9
Haiti,2021,25.5,1303.6
Haiti,2022,25.4,1283.4
Haiti,2023,25.9,1702.3
Haiti,2024,26.1,1739.5
Hawaii,1901,21.9,2103.8
Hawaii,1902,21.8,2684.6
Hawaii,1903,21.9,2022.3
Hawaii,1904,21.9,2422.9
Hawaii,1905,21.0,1878.1
Hawaii,1906,21.4,1979.2
Hawaii,1907,21.2,2347.7
Hawaii,1908,20.7,1732.1
Hawaii,1909,20.6,1908.0
Hawaii,1910,20.6,2094.4
Hawaii,1911,20.8,2197.3
Hawaii,1912,21.0,1520.0
Hawaii,1913,20.9,1933.5
Hawaii,1914,20.7,2583.6
Hawaii,1915,21.0,2049.3
Hawaii,1916,20.9,2631.0
Hawaii,1917,21.0,1980.7
Hawaii,1918,21.3,2945.3
Hawaii,1919,21.2,1332.1
Hawaii,1920,21.4,1909.7
Hawaii,1921,21.5,2073.2
Hawaii,1922,21.2,1873.7
Hawaii,1923,21.3,2699.8
Hawaii,1924,21.1,1981.5
Hawaii,1925,21.4,1698.3
Hawaii,1926,21.8,1420.6
Hawaii,1927,21.6,2466.8
Hawaii,1928,21.3,1673.8
Hawaii,1929,21.3,2247.4
Hawaii,1930,21.5,2254.6
Hawaii,1931,21.5,1735.2
Hawaii,1932,21.4,2067.3
Hawaii,1933,20.8,1623.5
Hawaii,1934,21.7,1911.9
Hawaii,1935,21.5,1926.0
Hawaii,1936,21.3,2367.7
Hawaii,1937,21.5,2645.0
Hawaii,1938,21.9,2322.5
Hawaii,1939,21.4,2365.2
Hawaii,1940,21.9,1993.3
Hawaii,1941,21.4,1758.6
Hawaii,1942,21.7,2158.4
Hawaii,1943,21.5,1846.9
Hawaii,1944,21.2,1827.7
Hawaii,1945,21.7,1778.5
Hawaii,1946,21.4,2005.9
Hawaii,1947,21.2,1736.9
Hawaii,1948,21.1,2313.2
Hawaii,1949,20.8,1748.2
Hawaii,1950,21.6,2346.6
Hawaii,1951,21.8,2247.0
Hawaii,1952,21.3,1678.3
Hawaii,1953,21.5,1260.0
Hawaii,1954,21.6,2125.8
Hawaii,1955,20.9,2110.6
Hawaii,1956,21.7,2286.4
Hawaii,1957,21.7,2063.5
Hawaii,1958,21.5,2014.2
Hawaii,1959,22.1,1780.8
Hawaii,1960,22.0,1838.0
Hawaii,1961,22.2,1945.3
Hawaii,1962,21.9,1575.6
Hawaii,1963,22.1,2342.3
Hawaii,1964,21.9,2099.9
Hawaii,1965,21.5,2498.3
Hawaii,1966,21.9,1909.7
Hawaii,1967,22.3,2659.0
Hawaii,1968,22.4,2626.4
Hawaii,1969,21.9,2141.4
Hawaii,1970,22.1,2054.0
Hawaii,1971,22.1,1985.5
Hawaii,1972,21.8,1790.5
Hawaii,1973,22.0,1522.9
Hawaii,1974,22.6,2130.0
Hawaii,1975,21.9,1715.6
Hawaii,1976,22.0,1776.9
Hawaii,1977,22.6,1633.7
Hawaii,1978,22.5,2083.1
Hawaii,1979,22.5,2111.3
Hawaii,1980,22.8,2414.3
Hawaii,1981,22.8,1649.2
Hawaii,1982,22.4,2953.2
Hawaii,1983,22.2,1399.1
Hawaii,1984,23.0,1394.0
Hawaii,1985,21.9,1929.4
Hawaii,1986,22.7,2027.4
Hawaii,1987,22.3,2100.7
Hawaii,1988,22.8,1800.4
Hawaii,1989,22.2,2654.3
Hawaii,1990,22.3,2218.4
Hawaii,1991,22.6,1990.9
Hawaii,1992,22.6,2197.8
Hawaii,1993,22.3,1466.9
Hawaii,1994,22.7,1857.4
Hawaii,1995,22.6,1445.3
Hawaii,1996,22.6,2149.0
Hawaii,1997,22.4,2117.7
Hawaii,1998,21.8,1084.2
Hawaii,1999,21.8,1543.6
Hawaii,2000,22.3,1482.1
Hawaii,2001,22.4,1448.8
Hawaii,2002,22.3,1760.1
Hawaii,2003,22.6,1747.7
Hawaii,2004,22.8,2681.8
Hawaii,2005,22.7,1599.0
Hawaii,2006,22.4,1824.1
Hawaii,2007,22.7,1308.1
Hawaii,2008,22.3,1754.2
Hawaii,2009,21.8,1691.0
Hawaii,2010,22.2,1213.1
Hawaii,2011,22.4,1804.9
Hawaii,2012,22.2,1449.1
Hawaii,2013,22.4,1634.4
Hawaii,2014,22.6,1943.3
Hawaii,2015,23.2,1583.5
Hawaii,2016,22.9,1704.6
Hawaii,2017,22.7,1833.5
Hawaii,2018,22.9,2161.8
Hawaii,2019,23.4,1451.9
Hawaii,2020,23.5,1874.0
Hawaii,2021,22.8,1922.9
Hawaii,2022,22.9,1294.7
Hawaii,2023,22.9,1700.0
Hawaii,2024,22.6,1472.1
Heard Isl,1901,2.0,626.0
Heard Isl,1902,2.0,626.0
Heard Isl,1903,2.0,626.0
Heard Isl,1904,2.0,626.0
Heard Isl,1905,2.0,626.0
Heard Isl,1906,2.0,626.0
Heard Isl,1907,2.0,626.0
Heard Isl,1908,2.0,626.0
Heard Isl,1909,2.0,626.0
Heard Isl,1910,2.0,626.0
Heard Isl,1911,2.0,626.0
Heard Isl,1912,2.0,626.0
Heard Isl,1913,2.0,626.0
Heard Isl,1914,2.0,626.0
Heard Isl,1915,2.0,626.0
Heard Isl,1916,2.0,626.0
Heard Isl,1917,2.0,626.0
Heard Isl,1918,2.0,626.0
Heard Isl,1919,2.0,626.0
Heard Isl,1920,2.0,626.0
Heard Isl,1921,2.0,626.0
Heard Isl,1922,2.0,626.0
Heard Isl,1923,2.0,626.0
Heard Isl,1924,2.0,626.0
Heard Isl,1925,2.0,626.0
Heard Isl,1926,2.0,626.0
Heard Isl,1927,2.0,626.0
Heard Isl,1928,2.0,626.0
Heard Isl,1929,2.0,626.0
Heard Isl,1930,2.0,626.0
Heard Isl,1931,2.0,626.0
Heard Isl,1932,2.0,626.0
Heard Isl,1933,2.0,626.0
Heard Isl,1934,2.0,626.0
Heard Isl,1935,2.0,626.0
Heard Isl,1936,2.0,626.0
Heard Isl,1937,2.0,626.0
Heard Isl,1938,2.0,626.0
Heard Isl,1939,2.0,626.0
Heard Isl,1940,2.0,626.0
Heard Isl,1941,2.0,626.0
Heard Isl,1942,2.0,626.0
Heard Isl,1943,2.0,626.0
Heard Isl,1944,2.0,626.0
Heard Isl,1945,2.0,626.0
Heard Isl,1946,2.0,626.0
Heard Isl,1947,2.0,626.0
Heard Isl,1948,2.0,626.0
Heard Isl,1949,2.0,626.0
Heard Isl,1950,2.0,626.0
Heard Isl,1951,2.6,626.0
Heard Isl,1952,2.2,626.0
Heard Isl,1953,1.8,626.0
Heard Isl,1954,2.1,626.0
Heard Isl,1955,2.3,626.0
Heard Isl,1956,2.0,626.0
Heard Isl,1957,1.7,626.0
Heard Isl,1958,2.0,626.0
Heard Isl,1959,1.9,626.0
Heard Isl,1960,2.4,626.0
Heard Isl,1961,1.6,626.0
Heard Isl,1962,1.8,626.0
Heard Isl,1963,1.3,626.0
Heard Isl,1964,1.4,626.0
Heard Isl,1965,1.5,626.0
Heard Isl,1966,1.7,626.0
Heard Isl,1967,1.5,626.0
Heard Isl,1968,2.6,626.0
Heard Isl,1969,1.8,626.0
Heard Isl,1970,1.9,626.0
Heard Isl,1971,2.2,626.0
Heard Isl,1972,1.5,626.0
Heard Isl,1973,2.0,626.0
Heard Isl,1974,1.8,626.0
Heard Isl,1975,2.2,626.0
Heard Isl,1976,2.0,626.0
Heard Isl,1977,2.1,626.0
Heard Isl,1978,2.5,626.0
Heard Isl,1979,2.3,626.0
Heard Isl,1980,2.4,626.0
Heard Isl,1981,2.2,626.0
Heard Isl,1982,2.8,626.0
Heard Isl,1983,2.2,626.0
Heard Isl,1984,2.1,626.0
Heard Isl,1985,2.3,626.0
Heard Isl,1986,2.4,626.0
Heard Isl,1987,2.4,626.0
Heard Isl,1988,1.7,626.0
Heard Isl,1989,2.3,626.0
Heard Isl,1990,2.3,626.0
Heard Isl,1991,2.6,626.0
Heard Isl,1992,2.5,626.0
Heard Isl,1993,2.8,626.0
Heard Isl,1994,2.4,626.0
Heard Isl,1995,2.3,626.0
Heard Isl,1996,2.1,626.0
Heard Isl,1997,2.8,626.0
Heard Isl,1998,2.7,626.0
Heard Isl,1999,2.5,626.0
Heard Isl,2000,2.3,626.0
Heard Isl,2001,2.2,626.0
Heard Isl,2002,2.3,626.0
Heard Isl,2003,2.5,626.0
Heard Isl,2004,2.3,626.0
Heard Isl,2005,2.1,626.0
Heard Isl,2006,2.3,626.0
Heard Isl,2007,2.0,626.0
Heard Isl,2008,2.5,626.0
Heard Isl,2009,2.3,626.0
Heard Isl,2010,2.6,626.0
Heard Isl,2011,2.4,626.0
Heard Isl,2012,2.9,626.0
Heard Isl,2013,2.5,626.0
Heard Isl,2014,2.0,626.0
Heard Isl,2015,2.5,626.0
Heard Isl,2016,3.0,626.0
Heard Isl,2017,2.9,626.0
Heard Isl,2018,2.7,626.0
Heard Isl,2019,2.7,626.0
Heard Isl,2020,2.6,626.0
Heard Isl,2021,2.6,626.0
Heard Isl,2022,2.7,626.0
Heard Isl,2023,3.4,626.0
Heard Isl,2024,2.7,626.0
Henderson Isl,1901,23.1,1707.0
Henderson Isl,1902,23.1,1707.0
Henderson Isl,1903,23.1,1707.0
Henderson Isl,1904,23.1,1707.0
Henderson Isl,1905,23.1,1707.0
Henderson Isl,1906,23.1,1707.0
Henderson Isl,1907,23.1,1707.0
Henderson Isl,1908,23.1,1707.0
Henderson Isl,1909,23.1,1707.0
Henderson Isl,1910,23.1,1707.0
Henderson Isl,1911,23.1,1707.0
Henderson Isl,1912,23.1,1707.0
Henderson Isl,1913,23.1,1707.0
Henderson Isl,1914,23.1,1707.0
Henderson Isl,1915,23.1,1707.0
Henderson Isl,1916,23.1,1707.0
Henderson Isl,1917,23.1,1707.0
Henderson Isl,1918,23.1,1707.0
Henderson Isl,1919,23.1,1707.0
Henderson Isl,1920,23.1,1707.0
Henderson Isl,1921,23.1,1707.0
Henderson Isl,1922,23.1,1707.0
Henderson Isl,1923,23.1,1707.0
Henderson Isl,1924,23.1,1707.0
Henderson Isl,1925,23.1,1707.0
Henderson Isl,1926,23.1,1707.0
Henderson Isl,1927,23.1,1707.0
Henderson Isl,1928,23.1,1707.0
Henderson Isl,1929,23.1,1707.0
Henderson Isl,1930,23.1,1707.0
Henderson Isl,1931,23.1,1707.0
Henderson Isl,1932,23.1,1707.0
Henderson Isl,1933,23.1,1707.0
Henderson Isl,1934,23.1,1707.0
Henderson Isl,1935,23.1,1707.0
Henderson Isl,1936,23.1,1707.0
Henderson Isl,1937,23.1,1707.0
Henderson Isl,1938,23.1,1707.0
Henderson Isl,1939,23.1,1707.0
Henderson Isl,1940,24.2,2008.6
Henderson Isl,1941,24.2,1901.4
Henderson Isl,1942,24.2,1721.8
Henderson Isl,1943,24.5,1863.4
Henderson Isl,1944,23.5,2053.9
Henderson Isl,1945,22.9,1683.0
Henderson Isl,1946,23.1,1851.4
Henderson Isl,1947,23.3,2085.7
Henderson Isl,1948,23.1,2290.6
Henderson Isl,1949,23.1,1996.5
Henderson Isl,1950,23.1,1316.2
Henderson Isl,1951,23.1,1284.9
Henderson Isl,1952,23.1,2089.4
Henderson Isl,1953,23.1,1772.0
Henderson Isl,1954,23.1,2110.7
Henderson Isl,1955,23.2,1459.3
Henderson Isl,1956,23.8,1998.2
Henderson Isl,1957,23.4,2155.8
Henderson Isl,1958,22.9,2062.6
Henderson Isl,1959,23.1,2469.7
Henderson Isl,1960,23.0,1905.8
Henderson Isl,1961,23.3,1841.4
Henderson Isl,1962,22.9,2276.5
Henderson Isl,1963,23.1,2211.5
Henderson Isl,1964,23.2,1356.1
Henderson Isl,1965,23.0,1729.3
Henderson Isl,1966,22.8,1512.2
Henderson Isl,1967,23.4,1432.5
Henderson Isl,1968,22.7,1336.6
Henderson Isl,1969,23.0,1525.4
Henderson Isl,1970,23.4,1173.5
Henderson Isl,1971,23.4,978.2
Henderson Isl,1972,23.1,1380.8
Henderson Isl,1973,23.2,1468.2
Henderson Isl,1974,23.3,1540.1
Henderson Isl,1975,23.4,1452.7
Henderson Isl,1976,23.1,1716.2
Henderson Isl,1977,23.0,2135.4
Henderson Isl,1978,23.3,1406.1
Henderson Isl,1979,23.0,1766.3
Henderson Isl,1980,23.3,1174.5
Henderson Isl,1981,23.0,1511.4
Henderson Isl,1982,22.7,2115.0
Henderson Isl,1983,22.6,1603.9
Henderson Isl,1984,23.2,2083.7
Henderson Isl,1985,23.4,2101.0
Henderson Isl,1986,23.0,2125.2
Henderson Isl,1987,22.6,2320.1
Henderson Isl,1988,23.1,2193.1
Henderson Isl,1989,23.3,1833.9
Henderson Isl,1990,23.1,1909.1
Henderson Isl,1991,22.7,2508.9
Henderson Isl,1992,22.8,1732.8
Henderson Isl,1993,22.5,1945.2
Henderson Isl,1994,22.9,2577.2
Henderson Isl,1995,22.9,2196.4
Henderson Isl,1996,22.8,1563.7
Henderson Isl,1997,22.7,1673.1
Henderson Isl,1998,22.8,1685.3
Henderson Isl,1999,23.6,1673.1
Henderson Isl,2000,23.4,1924.7
Henderson Isl,2001,22.9,1977.1
Henderson Isl,2002,23.2,1741.1
Henderson Isl,2003,22.8,1949.4
Henderson Isl,2004,22.4,1697.5
Henderson Isl,2005,22.5,2551.1
Henderson Isl,2006,23.2,1681.0
Henderson Isl,2007,22.9,2160.4
Henderson Isl,2008,22.8,1427.3
Henderson Isl,2009,22.8,1721.4
Henderson Isl,2010,22.9,1384.6
Henderson Isl,2011,22.9,1187.8
Henderson Isl,2012,22.6,1926.5
Henderson Isl,2013,22.4,1681.5
Henderson Isl,2014,22.7,1563.4
Henderson Isl,2015,22.6,1945.7
Henderson Isl,2016,22.8,2028.6
Henderson Isl,2017,23.2,1587.5
Henderson Isl,2018,23.1,1883.0
Henderson Isl,2019,22.3,2677.0
Henderson Isl,2020,22.9,1678.5
Henderson Isl,2021,23.3,1682.3
Henderson Isl,2022,22.9,1779.4
Henderson Isl,2023,22.9,1795.9
Henderson Isl,2024,22.6,1617.5
Honduras,1901,24.1,1923.4
Honduras,1902,24.3,1923.4
Honduras,1903,24.3,1923.4
Honduras,1904,24.2,1923.4
Honduras,1905,24.2,1923.4
Honduras,1906,24.0,1923.4
Honduras,1907,24.1,1923.4
Honduras,1908,24.1,1923.4
Honduras,1909,24.2,1923.4
Honduras,1910,23.6,1923.4
Honduras,1911,24.1,1923.4
Honduras,1912,24.2,1923.4
Honduras,1913,23.9,1923.4
Honduras,1914,23.9,1923.4
Honduras,1915,24.0,1923.4
Honduras,1916,24.0,1923.4
Honduras,1917,24.2,1923.4
Honduras,1918,24.3,1923.4
Honduras,1919,24.1,1923.4
Honduras,1920,24.1,1923.4
Honduras,1921,24.1,1923.4
Honduras,1922,24.3,1923.4
Honduras,1923,24.2,1920.3
Honduras,1924,24.1,1924.8
Honduras,1925,24.1,1922.2
Honduras,1926,24.2,1923.8
Honduras,1927,24.2,1924.1
Honduras,1928,24.2,1924.7
Honduras,1929,24.3,1925.2
Honduras,1930,24.0,1924.0
Honduras,1931,24.0,2006.4
Honduras,1932,24.2,1954.4
Honduras,1933,24.2,1935.1
Honduras,1934,24.0,1848.4
Honduras,1935,24.1,1762.4
Honduras,1936,24.4,2128.5
Honduras,1937,24.2,2035.7
Honduras,1938,23.8,1803.4
Honduras,1939,24.0,1791.0
Honduras,1940,23.9,1979.5
Honduras,1941,24.1,1975.5
Honduras,1942,24.0,2036.6
Honduras,1943,23.6,1900.6
Honduras,1944,24.0,1841.8
Honduras,1945,24.2,1971.1
Honduras,1946,24.2,1362.5
Honduras,1947,24.3,2014.7
Honduras,1948,24.2,2183.4
Honduras,1949,24.0,1603.1
Honduras,1950,23.6,1881.7
Honduras,1951,24.1,1677.4
Honduras,1952,24.2,2041.0
Honduras,1953,24.4,1821.8
Honduras,1954,23.7,2228.4
Honduras,1955,23.9,1957.6
Honduras,1956,23.8,1847.7
Honduras,1957,24.4,1785.4
Honduras,1958,24.7,1967.4
Honduras,1959,24.4,1790.1
Honduras,1960,24.2,2127.3
Honduras,1961,24.1,2113.5
Honduras,1962,23.9,2016.7
Honduras,1963,23.9,1838.2
Honduras,1964,24.1,1846.8
Honduras,1965,24.0,1757.5
Honduras,1966,23.9,2287.5
Honduras,1967,23.8,1622.9
Honduras,1968,23.7,2103.2
Honduras,1969,24.3,2320.8
Honduras,1970,24.0,2076.5
Honduras,1971,23.9,1538.8
Honduras,1972,24.4,1485.5
Honduras,1973,24.4,1739.6
Honduras,1974,23.8,1707.8
Honduras,1975,24.2,1611.8
Honduras,1976,24.0,1699.7
Honduras,1977,24.4,1622.5
Honduras,1978,24.2,2200.1
Honduras,1979,24.3,2509.1
Honduras,1980,24.6,2336.5
Honduras,1981,24.3,2467.2
Honduras,1982,24.5,2133.6
Honduras,1983,24.7,1902.3
Honduras,1984,24.1,2057.9
Honduras,1985,24.3,1634.4
Honduras,1986,24.4,1616.9
Honduras,1987,24.7,1620.6
Honduras,1988,24.6,2209.9
Honduras,1989,24.4,1826.6
Honduras,1990,24.5,2005.5
Honduras,1991,24.6,1733.8
Honduras,1992,24.6,2226.2
Honduras,1993,24.6,2053.4
Honduras,1994,24.6,1604.5
Honduras,1995,24.8,2018.5
Honduras,1996,24.3,1974.9
Honduras,1997,24.8,1914.9
Honduras,1998,25.0,1988.7
Honduras,1999,24.3,1861.5
Honduras,2000,24.4,1866.1
Honduras,2001,24.8,1885.2
Honduras,2002,24.9,1744.8
Honduras,2003,25.0,1775.6
Honduras,2004,24.9,1900.8
Honduras,2005,24.8,1868.5
Honduras,2006,24.9,2325.1
Honduras,2007,24.8,1736.6
Honduras,2008,24.6,2127.0
Honduras,2009,25.0,1778.6
Honduras,2010,24.6,1884.5
Honduras,2011,24.7,1979.3
Honduras,2012,24.9,1851.7
Honduras,2013,24.9,1990.7
Honduras,2014,24.9,1808.9
Honduras,2015,25.3,1797.8
Honduras,2016,25.3,1887.5
Honduras,2017,25.1,2027.8
Honduras,2018,24.7,1773.0
Honduras,2019,25.2,1522.0
Honduras,2020,25.3,1955.6
Honduras,2021,25.1,1871.2
Honduras,2022,24.9,2034.3
Honduras,2023,25.5,1882.5
Honduras,2024,25.6,2082.1
Hong Kong,1901,22.1,1658.1
Hong Kong,1902,22.7,2202.0
Hong Kong,1903,22.0,2678.4
Hong Kong,1904,22.0,1975.8
Hong Kong,1905,22.3,1519.0
Hong Kong,1906,22.4,2106.8
Hong Kong,1907,22.4,2302.3
Hong Kong,1908,22.3,2108.5
Hong Kong,1909,22.6,1889.9
Hong Kong,1910,22.3,1466.6
Hong Kong,1911,22.3,1938.1
Hong Kong,1912,22.3,1759.5
Hong Kong,1913,22.2,2200.3
Hong Kong,1914,22.8,2498.7
Hong Kong,1915,23.0,1880.8
Hong Kong,1916,22.4,1747.2
Hong Kong,1917,21.7,1973.5
Hong Kong,1918,22.1,2755.7
Hong Kong,1919,22.5,2280.0
Hong Kong,1920,22.4,2597.7
Hong Kong,1921,22.4,1971.2
Hong Kong,1922,22.9,2009.2
Hong Kong,1923,23.0,2149.0
Hong Kong,1924,22.9,2122.1
Hong Kong,1925,22.3,1691.9
Hong Kong,1926,22.7,2185.9
Hong Kong,1927,22.5,2453.9
Hong Kong,1928,23.0,1718.8
Hong Kong,1929,23.0,1883.8
Hong Kong,1930,23.0,2034.9
Hong Kong,1931,23.1,2293.0
Hong Kong,1932,22.7,2276.6
Hong Kong,1933,22.9,1558.0
Hong Kong,1934,22.5,2225.2
Hong Kong,1935,23.1,2261.8
Hong Kong,1936,22.5,1915.8
Hong Kong,1937,23.2,2110.6
Hong Kong,1938,23.2,1775.5
Hong Kong,1939,22.6,1965.0
Hong Kong,1940,22.9,2443.4
Hong Kong,1941,23.3,2562.8
Hong Kong,1942,23.1,2151.8
Hong Kong,1943,23.1,2062.2
Hong Kong,1944,22.9,2398.6
Hong Kong,1945,22.3,1909.7
Hong Kong,1946,23.7,2070.0
Hong Kong,1947,22.4,2372.1
Hong Kong,1948,23.0,2227.0
Hong Kong,1949,23.1,2043.1
Hong Kong,1950,22.9,2078.2
Hong Kong,1951,22.7,2247.5
Hong Kong,1952,23.4,2381.0
Hong Kong,1953,23.0,2330.7
Hong Kong,1954,23.1,1649.2
Hong Kong,1955,22.8,2292.7
Hong Kong,1956,22.7,1572.6
Hong Kong,1957,22.7,2540.9
Hong Kong,1958,23.0,1797.8
Hong Kong,1959,23.2,2537.4
Hong Kong,1960,23.2,2225.3
Hong Kong,1961,22.9,2507.9
Hong Kong,1962,22.4,1781.4
Hong Kong,1963,22.9,947.5
Hong Kong,1964,22.8,2124.3
Hong Kong,1965,22.8,2251.6
Hong Kong,1966,23.3,2116.2
Hong Kong,1967,22.4,1613.5
Hong Kong,1968,22.5,2166.2
Hong Kong,1969,22.3,1804.7
Hong Kong,1970,22.3,2081.2
Hong Kong,1971,22.6,1630.2
Hong Kong,1972,22.8,2411.2
Hong Kong,1973,23.1,3015.0
Hong Kong,1974,22.7,2337.6
Hong Kong,1975,22.8,2950.4
Hong Kong,1976,22.4,2154.0
Hong Kong,1977,23.2,1506.8
Hong Kong,1978,22.8,2521.7
Hong Kong,1979,22.9,2385.5
Hong Kong,1980,23.1,1653.8
Hong Kong,1981,22.9,1708.2
Hong Kong,1982,22.8,3040.0
Hong Kong,1983,22.7,2830.2
Hong Kong,1984,22.2,1773.1
Hong Kong,1985,22.5,2267.2
Hong Kong,1986,22.7,2349.3
Hong Kong,1987,23.4,2396.2
Hong Kong,1988,22.6,1698.8
Hong Kong,1989,22.9,1850.6
Hong Kong,1990,23.3,1810.0
Hong Kong,1991,23.1,1787.6
Hong Kong,1992,22.3,2557.9
Hong Kong,1993,22.6,2498.6
Hong Kong,1994,23.1,2247.6
Hong Kong,1995,22.4,2055.4
Hong Kong,1996,22.5,1947.8
Hong Kong,1997,22.8,2843.7
Hong Kong,1998,23.6,2186.3
Hong Kong,1999,23.2,2003.9
Hong Kong,2000,23.1,2364.2
Hong Kong,2001,23.2,2661.7
Hong Kong,2002,23.5,2255.9
Hong Kong,2003,23.5,1844.7
Hong Kong,2004,23.0,1605.0
Hong Kong,2005,22.9,2454.7
Hong Kong,2006,23.3,2475.9
Hong Kong,2007,23.4,1730.8
Hong Kong,2008,22.7,2114.0
Hong Kong,2009,23.2,1795.0
Hong Kong,2010,22.9,2210.0
Hong Kong,2011,22.5,1536.5
Hong Kong,2012,22.9,1739.2
Hong Kong,2013,22.9,2558.0
Hong Kong,2014,23.4,2074.1
Hong Kong,2015,23.8,2069.8
Hong Kong,2016,23.7,2705.6
Hong Kong,2017,23.7,2301.3
Hong Kong,2018,23.6,2196.7
Hong Kong,2019,24.1,2368.3
Hong Kong,2020,24.2,2023.2
Hong Kong,2021,24.3,2056.9
Hong Kong,2022,23.7,2290.0
Hong Kong,2023,24.2,2528.9
Hong Kong,2024,24.4,2346.2
Hungary,1901,9.6,598.5
Hungary,1902,9.0,678.3
Hungary,1903,10.2,666.7
Hungary,1904,10.1,568.5
Hungary,1905,9.9,653.7
Hungary,1906,10.0,732.7
Hungary,1907,9.6,533.7
Hungary,1908,9.3,529.0
Hungary,1909,9.5,636.7
Hungary,1910,10.4,724.3
Hungary,1911,10.5,537.6
Hungary,1912,9.3,728.5
Hungary,1913,9.8,648.0
Hungary,1914,9.5,672.9
Hungary,1915,9.9,837.5
Hungary,1916,10.7,691.7
Hungary,1917,9.7,494.7
Hungary,1918,10.3,666.6
Hungary,1919,9.5,687.3
Hungary,1920,10.4,645.3
Hungary,1921,10.5,497.3
Hungary,1922,9.3,700.4
Hungary,1923,10.6,614.7
Hungary,1924,9.3,596.9
Hungary,1925,10.1,714.8
Hungary,1926,10.7,708.0
Hungary,1927,10.4,627.5
Hungary,1928,10.3,526.5
Hungary,1929,9.3,583.2
Hungary,1930,10.9,710.5
Hungary,1931,9.6,608.9
Hungary,1932,10.0,520.4
Hungary,1933,9.0,675.7
Hungary,1934,11.5,572.8
Hungary,1935,10.1,596.1
Hungary,1936,10.6,713.9
Hungary,1937,10.6,806.6
Hungary,1938,10.4,595.9
Hungary,1939,10.4,676.1
Hungary,1940,8.2,778.6
Hungary,1941,8.9,707.2
Hungary,1942,9.3,535.3
Hungary,1943,10.6,540.3
Hungary,1944,10.1,725.0
Hungary,1945,10.5,551.5
Hungary,1946,10.8,539.4
Hungary,1947,10.5,505.6
Hungary,1948,10.6,608.6
Hungary,1949,10.7,564.4
Hungary,1950,11.0,633.0
Hungary,1951,11.2,651.4
Hungary,1952,10.4,681.9
Hungary,1953,10.4,536.1
Hungary,1954,9.3,633.8
Hungary,1955,9.7,714.4
Hungary,1956,9.0,545.0
Hungary,1957,10.5,593.9
Hungary,1958,10.6,614.9
Hungary,1959,10.4,579.7
Hungary,1960,10.5,686.9
Hungary,1961,10.9,469.5
Hungary,1962,9.5,555.1
Hungary,1963,9.6,619.5
Hungary,1964,9.6,647.6
Hungary,1965,9.3,790.3
Hungary,1966,10.8,739.1
Hungary,1967,10.5,527.7
Hungary,1968,10.4,536.9
Hungary,1969,9.7,627.8
Hungary,1970,9.9,678.4
Hungary,1971,10.2,461.7
Hungary,1972,10.3,618.2
Hungary,1973,10.0,489.4
Hungary,1974,10.6,715.5
Hungary,1975,10.7,613.0
Hungary,1976,9.9,610.5
Hungary,1977,10.5,571.6
Hungary,1978,9.4,564.8
Hungary,1979,10.4,630.7
Hungary,1980,9.1,675.6
Hungary,1981,10.4,582.7
Hungary,1982,10.4,544.3
Hungary,1983,10.9,474.3
Hungary,1984,9.9,602.8
Hungary,1985,9.3,611.9
Hungary,1986,10.1,477.6
Hungary,1987,9.8,627.8
Hungary,1988,10.6,576.0
Hungary,1989,10.9,568.6
Hungary,1990,11.1,529.3
Hungary,1991,9.9,626.1
Hungary,1992,11.2,513.1
Hungary,1993,10.4,531.5
Hungary,1994,11.8,563.1
Hungary,1995,10.6,680.3
Hungary,1996,9.7,639.1
Hungary,1997,10.3,519.4
Hungary,1998,10.8,689.0
Hungary,1999,10.9,728.5
Hungary,2000,11.9,464.3
Hungary,2001,10.8,594.9
Hungary,2002,11.7,601.5
Hungary,2003,10.9,471.7
Hungary,2004,10.6,678.7
Hungary,2005,10.3,703.8
Hungary,2006,10.9,593.0
Hungary,2007,12.0,641.8
Hungary,2008,11.9,622.0
Hungary,2009,11.7,647.2
Hungary,2010,10.7,898.1
Hungary,2011,11.3,443.7
Hungary,2012,11.7,525.0
Hungary,2013,11.5,619.9
Hungary,2014,12.4,728.4
Hungary,2015,12.2,571.0
Hungary,2016,11.6,744.8
Hungary,2017,11.7,624.4
Hungary,2018,12.6,594.4
Hungary,2019,12.7,619.3
Hungary,2020,12.1,646.1
Hungary,2021,11.4,556.4
Hungary,2022,12.4,505.2
Hungary,2023,12.8,761.5
Hungary,2024,13.3,545.8
Iceland,1901,1.6,951.4
Iceland,1902,0.6,845.9
Iceland,1903,0.6,911.2
Iceland,1904,1.3,999.2
Iceland,1905,1.3,902.1
Iceland,1906,0.7,931.8
Iceland,1907,0.5,787.9
Iceland,1908,1.8,936.2
Iceland,1909,1.3,788.6
Iceland,1910,0.9,797.4
Iceland,1911,1.5,812.8
Iceland,1912,1.4,745.4
Iceland,1913,1.6,867.5
Iceland,1914,0.8,830.5
Iceland,1915,1.3,715.4
Iceland,1916,1.3,682.7
Iceland,1917,0.5,717.7
Iceland,1918,0.9,983.9
Iceland,1919,0.4,874.7
Iceland,1920,1.2,973.6
Iceland,1921,0.9,1243.4
Iceland,1922,1.4,1073.3
Iceland,1923,1.3,972.1
Iceland,1924,1.3,977.7
Iceland,1925,1.4,965.0
Iceland,1926,2.0,1078.5
Iceland,1927,1.9,873.4
Iceland,1928,2.4,824.1
Iceland,1929,2.4,968.8
Iceland,1930,1.7,1108.3
Iceland,1931,1.6,910.3
Iceland,1932,2.3,950.7
Iceland,1933,2.8,1117.3
Iceland,1934,2.2,1103.0
Iceland,1935,1.9,973.7
Iceland,1936,1.8,977.6
Iceland,1937,2.0,1075.1
Iceland,1938,2.1,1021.3
Iceland,1939,2.7,880.9
Iceland,1940,1.9,1036.3
Iceland,1941,2.7,826.2
Iceland,1942,2.2,1017.9
Iceland,1943,1.4,1087.7
Iceland,1944,1.5,935.8
Iceland,1945,2.7,1040.0
Iceland,1946,2.8,1016.2
Iceland,1947,2.0,987.3
Iceland,1948,2.0,943.2
Iceland,1949,1.1,951.3
Iceland,1950,1.7,1037.4
Iceland,1951,1.3,942.4
Iceland,1952,1.5,912.2
Iceland,1953,2.5,1315.5
Iceland,1954,1.9,1004.8
Iceland,1955,1.5,911.9
Iceland,1956,2.3,1083.5
Iceland,1957,2.0,971.8
Iceland,1958,1.8,928.8
Iceland,1959,2.3,1229.3
Iceland,1960,2.7,905.1
Iceland,1961,2.1,1180.0
Iceland,1962,1.6,996.9
Iceland,1963,1.6,949.6
Iceland,1964,2.5,1027.2
Iceland,1965,1.3,797.2
Iceland,1966,0.8,921.0
Iceland,1967,0.9,1020.1
Iceland,1968,0.9,975.3
Iceland,1969,0.6,1083.0
Iceland,1970,1.0,1075.1
Iceland,1971,1.3,1116.0
Iceland,1972,2.5,1307.5
Iceland,1973,1.0,1149.1
Iceland,1974,2.3,1230.8
Iceland,1975,1.3,1101.0
Iceland,1976,2.1,1132.7
Iceland,1977,1.5,931.3
Iceland,1978,1.7,1004.1
Iceland,1979,-0.1,952.2
Iceland,1980,1.6,903.5
Iceland,1981,0.5,1001.9
Iceland,1982,1.3,1089.5
Iceland,1983,0.7,1200.2
Iceland,1984,2.0,1138.5
Iceland,1985,1.4,907.8
Iceland,1986,1.4,1066.7
Iceland,1987,2.6,964.5
Iceland,1988,1.1,1055.5
Iceland,1989,1.3,1235.9
Iceland,1990,1.6,1137.1
Iceland,1991,2.4,1239.3
Iceland,1992,1.7,1307.6
Iceland,1993,1.6,1111.7
Iceland,1994,1.5,1113.8
Iceland,1995,1.0,1017.9
Iceland,1996,2.1,1024.5
Iceland,1997,2.1,1160.4
Iceland,1998,1.5,1061.8
Iceland,1999,1.7,1114.6
Iceland,2000,2.0,1014.3
Iceland,2001,2.3,1068.6
Iceland,2002,2.5,1243.0
Iceland,2003,3.2,1221.0
Iceland,2004,2.8,1239.3
Iceland,2005,2.0,1073.6
Iceland,2006,2.6,1237.8
Iceland,2007,2.5,1274.1
Iceland,2008,2.3,1061.3
Iceland,2009,2.5,1212.6
Iceland,2010,2.7,933.8
Iceland,2011,2.4,1299.7
Iceland,2012,2.5,1102.6
Iceland,2013,2.1,1170.8
Iceland,2014,3.2,1246.1
Iceland,2015,1.9,1206.2
Iceland,2016,3.1,1254.5
Iceland,2017,2.8,1199.5
Iceland,2018,2.5,1379.6
Iceland,2019,2.7,1095.1
Iceland,2020,2.3,1180.6
Iceland,2021,2.7,1147.6
Iceland,2022,2.5,1246.7
Iceland,2023,2.2,1084.7
Iceland,2024,1.7,1098.3
India,1901,23.6,1004.7
India,1902,23.9,1069.1
India,1903,23.3,1187.3
India,1904,23.4,975.3
India,1905,23.2,959.4
India,1906,23.4,1115.2
India,1907,23.3,1024.4
India,1908,23.3,1127.2
India,1909,23.3,1145.6
India,1910,23.1,1219.4
India,1911,23.5,1022.1
India,1912,23.6,1077.4
India,1913,23.3,1108.0
India,1914,23.4,1181.1
India,1915,23.9,1175.4
India,1916,23.5,1275.3
India,1917,22.8,1340.3
India,1918,23.4,857.4
India,1919,23.4,1188.3
India,1920,23.6,922.6
India,1921,23.9,1124.8
India,1922,23.6,1141.5
India,1923,23.6,1066.0
India,1924,23.7,1156.4
India,1925,23.3,1121.4
India,1926,23.4,1146.3
India,1927,23.3,1127.8
India,1928,23.7,1082.7
India,1929,23.5,1083.3
India,1930,23.4,1071.5
India,1931,23.8,1204.2
India,1932,23.6,1131.3
India,1933,23.1,1316.9
India,1934,23.3,1151.8
India,1935,23.4,1071.6
India,1936,23.4,1209.2
India,1937,23.3,1123.1
India,1938,23.5,1160.6
India,1939,23.5,1046.1
India,1940,23.5,1166.9
India,1941,24.2,1018.1
India,1942,23.8,1191.6
India,1943,23.5,1143.6
India,1944,23.5,1214.5
India,1945,23.2,1169.9
India,1946,23.7,1228.3
India,1947,23.8,1205.6
India,1948,23.7,1178.9
India,1949,23.6,1189.4
India,1950,23.2,1099.3
India,1951,23.7,1044.5
India,1952,23.9,996.9
India,1953,24.1,1156.4
India,1954,23.7,1185.0
India,1955,23.4,1262.2
India,1956,23.4,1330.1
India,1957,23.4,1040.3
India,1958,24.1,1180.2
India,1959,23.7,1295.1
India,1960,23.7,1050.3
India,1961,23.3,1297.0
India,1962,23.4,1178.0
India,1963,23.6,1154.7
India,1964,23.5,1189.0
India,1965,23.6,966.4
India,1966,23.9,1029.2
India,1967,23.5,1113.9
India,1968,23.4,1019.6
India,1969,24.0,1092.5
India,1970,23.6,1253.1
India,1971,23.1,1152.6
India,1972,23.7,880.0
India,1973,23.8,1213.4
India,1974,23.6,1032.5
India,1975,23.3,1279.6
India,1976,23.6,1101.3
India,1977,23.7,1220.7
India,1978,23.6,1208.5
India,1979,24.0,1060.9
India,1980,24.0,1093.9
India,1981,23.7,1178.5
India,1982,23.7,1000.9
India,1983,23.4,1241.9
India,1984,23.6,1058.5
India,1985,23.9,1072.9
India,1986,23.7,1037.8
India,1987,24.2,987.4
India,1988,24.2,1264.0
India,1989,23.6,1040.3
India,1990,23.7,1238.3
India,1991,23.8,1043.0
India,1992,23.7,979.5
India,1993,23.9,1078.2
India,1994,23.8,1161.4
India,1995,23.9,1152.6
India,1996,24.0,1115.0
India,1997,23.4,1136.5
India,1998,24.2,1204.8
India,1999,24.1,1065.2
India,2000,24.0,1054.9
India,2001,24.1,1030.4
India,2002,24.4,920.2
India,2003,24.1,1062.1
India,2004,24.2,1044.1
India,2005,24.0,1130.0
India,2006,24.3,1206.7
India,2007,24.3,1155.0
India,2008,24.0,1168.6
India,2009,24.8,1014.3
India,2010,24.7,1273.7
India,2011,24.1,1152.7
India,2012,24.1,1060.0
India,2013,23.9,1253.5
India,2014,24.1,1073.6
India,2015,24.2,1125.4
India,2016,24.6,1113.3
India,2017,24.4,1162.4
India,2018,24.3,1023.1
India,2019,24.2,1326.8
India,2020,24.1,1254.0
India,2021,24.3,1220.4
India,2022,24.4,1298.7
India,2023,24.3,1163.0
India,2024,24.7,1256.6
Indonesia,1901,25.7,2593.5
Indonesia,1902,25.7,2413.5
Indonesia,1903,25.7,2663.2
Indonesia,1904,25.6,2666.9
Indonesia,1905,25.7,2555.3
Indonesia,1906,25.7,2723.8
Indonesia,1907,25.6,2601.1
Indonesia,1908,25.7,2684.6
Indonesia,1909,25.7,2827.0
Indonesia,1910,25.7,2885.3
Indonesia,1911,25.8,2411.8
Indonesia,1912,25.8,2601.8
Indonesia,1913,25.8,2591.1
Indonesia,1914,25.9,2315.5
Indonesia,1915,25.8,2622.4
Indonesia,1916,25.7,2826.3
Indonesia,1917,25.7,2872.4
Indonesia,1918,25.6,2420.7
Indonesia,1919,25.8,2455.8
Indonesia,1920,25.8,2591.8
Indonesia,1921,25.7,2702.9
Indonesia,1922,25.7,2568.0
Indonesia,1923,25.7,2462.1
Indonesia,1924,25.8,2757.2
Indonesia,1925,25.7,2519.7
Indonesia,1926,25.8,2542.0
Indonesia,1927,25.8,2609.4
Indonesia,1928,25.8,2590.9
Indonesia,1929,25.7,2473.8
Indonesia,1930,25.8,2456.8
Indonesia,1931,25.9,2747.0
Indonesia,1932,25.7,2752.3
Indonesia,1933,25.7,2784.6
Indonesia,1934,25.7,2732.8
Indonesia,1935,25.8,2585.5
Indonesia,1936,25.8,2722.2
Indonesia,1937,25.8,2714.4
Indonesia,1938,25.8,2707.6
Indonesia,1939,25.7,2616.5
Indonesia,1940,25.8,2425.5
Indonesia,1941,26.0,2544.5
Indonesia,1942,25.8,2666.5
Indonesia,1943,25.6,2670.3
Indonesia,1944,25.7,2533.1
Indonesia,1945,25.7,2626.1
Indonesia,1946,25.8,2531.1
Indonesia,1947,25.8,2690.5
Indonesia,1948,25.8,2624.5
Indonesia,1949,25.7,2665.9
Indonesia,1950,25.7,2734.8
Indonesia,1951,25.7,2497.0
Indonesia,1952,25.7,2799.0
Indonesia,1953,25.7,2608.1
Indonesia,1954,25.6,2954.8
Indonesia,1955,25.6,2977.7
Indonesia,1956,25.5,2835.3
Indonesia,1957,25.8,2523.3
Indonesia,1958,25.9,2666.8
Indonesia,1959,25.7,2671.1
Indonesia,1960,25.7,2670.2
Indonesia,1961,25.6,2397.8
Indonesia,1962,25.6,2799.7
Indonesia,1963,25.7,2330.4
Indonesia,1964,25.7,2823.4
Indonesia,1965,25.6,2273.8
Indonesia,1966,25.8,2620.5
Indonesia,1967,25.6,2377.6
Indonesia,1968,25.7,2749.4
Indonesia,1969,25.9,2532.6
Indonesia,1970,25.8,2840.0
Indonesia,1971,25.6,2795.5
Indonesia,1972,25.8,2124.7
Indonesia,1973,26.0,2991.8
Indonesia,1974,25.6,2652.3
Indonesia,1975,25.7,2962.6
Indonesia,1976,25.5,2409.3
Indonesia,1977,25.6,2583.3
Indonesia,1978,25.7,2862.7
Indonesia,1979,25.8,2501.2
Indonesia,1980,25.8,2575.2
Indonesia,1981,25.9,2754.8
Indonesia,1982,25.8,2173.4
Indonesia,1983,26.0,2618.3
Indonesia,1984,25.6,2921.0
Indonesia,1985,25.8,2686.5
Indonesia,1986,25.9,2684.1
Indonesia,1987,26.1,2400.0
Indonesia,1988,26.0,2819.6
Indonesia,1989,25.9,2751.3
Indonesia,1990,26.1,2502.7
Indonesia,1991,26.0,2345.9
Indonesia,1992,26.0,2533.1
Indonesia,1993,26.0,2449.4
Indonesia,1994,26.0,2413.2
Indonesia,1995,26.0,2814.6
Indonesia,1996,26.0,2732.5
Indonesia,1997,26.1,2174.1
Indonesia,1998,26.3,2786.1
Indonesia,1999,26.0,2824.5
Indonesia,2000,26.0,2838.7
Indonesia,2001,26.1,2748.2
Indonesia,2002,26.2,2468.5
Indonesia,2003,26.1,2760.1
Indonesia,2004,26.1,2501.8
Indonesia,2005,26.1,2620.9
Indonesia,2006,26.0,2547.6
Indonesia,2007,26.0,2727.6
Indonesia,2008,25.9,2860.1
Indonesia,2009,26.2,2628.3
Indonesia,2010,26.3,3149.0
Indonesia,2011,26.1,2795.0
Indonesia,2012,26.2,2731.5
Indonesia,2013,26.2,2792.0
Indonesia,2014,26.2,2490.2
Indonesia,2015,26.3,2370.4
Indonesia,2016,26.4,2827.1
Indonesia,2017,26.2,2902.9
Indonesia,2018,26.2,2680.6
Indonesia,2019,26.4,2390.8
Indonesia,2020,26.4,2841.8
Indonesia,2021,26.2,2952.3
Indonesia,2022,26.1,3015.6
Indonesia,2023,26.3,2566.4
Indonesia,2024,26.5,2861.3
Iran,1901,17.8,216.2
Iran,1902,17.6,245.6
Iran,1903,16.8,215.7
Iran,1904,17.0,241.5
Iran,1905,17.0,215.9
Iran,1906,17.1,268.4
Iran,1907,16.7,241.3
Iran,1908,17.0,232.3
Iran,1909,17.5,233.4
Iran,1910,17.0,222.5
Iran,1911,16.2,249.1
Iran,1912,17.2,204.0
Iran,1913,17.0,226.0
Iran,1914,17.6,251.7
Iran,1915,18.0,231.4
Iran,1916,17.1,233.3
Iran,1917,17.6,168.7
Iran,1918,17.0,228.3
Iran,1919,17.4,216.2
Iran,1920,16.7,288.5
Iran,1921,17.1,234.2
Iran,1922,17.7,214.2
Iran,1923,17.1,259.2
Iran,1924,17.3,271.7
Iran,1925,17.5,182.3
Iran,1926,17.3,245.6
Iran,1927,17.4,205.5
Iran,1928,16.8,221.4
Iran,1929,16.7,222.9
Iran,1930,16.8,239.6
Iran,1931,16.6,256.1
Iran,1932,16.7,220.4
Iran,1933,16.8,204.0
Iran,1934,16.6,244.2
Iran,1935,17.2,239.7
Iran,1936,17.2,214.3
Iran,1937,17.0,202.1
Iran,1938,17.4,236.9
Iran,1939,17.5,250.0
Iran,1940,18.0,223.8
Iran,1941,18.1,245.0
Iran,1942,17.5,231.5
Iran,1943,16.9,271.0
Iran,1944,17.7,185.6
Iran,1945,16.9,240.1
Iran,1946,17.3,244.5
Iran,1947,17.9,214.8
Iran,1948,17.4,221.1
Iran,1949,16.6,227.8
Iran,1950,16.5,195.3
Iran,1951,17.5,255.8
Iran,1952,17.4,231.7
Iran,1953,17.6,256.6
Iran,1954,17.4,268.2
Iran,1955,17.9,227.5
Iran,1956,17.1,243.0
Iran,1957,16.7,345.7
Iran,1958,17.8,185.9
Iran,1959,17.1,223.1
Iran,1960,17.5,189.8
Iran,1961,17.5,225.3
Iran,1962,17.5,203.9
Iran,1963,18.0,249.7
Iran,1964,16.6,204.3
Iran,1965,17.5,213.4
Iran,1966,18.1,185.2
Iran,1967,17.1,211.2
Iran,1968,17.3,272.4
Iran,1969,17.1,296.8
Iran,1970,18.1,185.6
Iran,1971,17.7,196.5
Iran,1972,16.1,322.3
Iran,1973,17.5,146.0
Iran,1974,16.7,278.9
Iran,1975,17.2,237.6
Iran,1976,17.0,311.3
Iran,1977,18.0,274.7
Iran,1978,17.8,229.1
Iran,1979,17.9,259.2
Iran,1980,18.0,233.2
Iran,1981,18.1,233.9
Iran,1982,17.0,342.2
Iran,1983,17.7,217.5
Iran,1984,17.2,227.9
Iran,1985,17.8,177.7
Iran,1986,17.3,276.7
Iran,1987,18.1,218.6
Iran,1988,18.2,244.9
Iran,1989,17.5,200.1
Iran,1990,18.1,180.5
Iran,1991,17.7,263.2
Iran,1992,16.8,280.3
Iran,1993,17.5,265.9
Iran,1994,18.0,227.8
Iran,1995,18.1,215.5
Iran,1996,17.8,265.0
Iran,1997,18.1,234.5
Iran,1998,18.7,223.9
Iran,1999,18.9,208.6
Iran,2000,18.6,195.8
Iran,2001,19.1,163.3
Iran,2002,18.8,204.4
Iran,2003,18.5,233.6
Iran,2004,18.8,256.6
Iran,2005,18.5,210.3
Iran,2006,18.8,231.4
Iran,2007,18.5,205.1
Iran,2008,18.6,145.8
Iran,2009,18.7,240.3
Iran,2010,19.6,147.3
Iran,2011,18.4,226.5
Iran,2012,18.4,220.1
Iran,2013,19.0,199.9
Iran,2014,18.6,203.0
Iran,2015,19.1,207.1
Iran,2016,19.2,186.4
Iran,2017,19.0,193.8
Iran,2018,19.5,217.7
Iran,2019,18.9,276.5
Iran,2020,18.6,263.6
Iran,2021,19.7,131.5
Iran,2022,19.5,175.2
Iran,2023,19.8,198.2
Iran,2024,19.4,236.3
Iraq,1901,21.9,223.0
Iraq,1902,21.6,225.9
Iraq,1903,20.9,222.7
Iraq,1904,21.2,234.5
Iraq,1905,21.1,225.7
Iraq,1906,21.2,224.9
Iraq,1907,20.9,225.5
Iraq,1908,21.0,225.8
Iraq,1909,21.6,223.2
Iraq,1910,21.1,222.4
Iraq,1911,20.3,228.6
Iraq,1912,21.4,224.8
Iraq,1913,21.0,227.7
Iraq,1914,21.5,228.9
Iraq,1915,21.8,224.0
Iraq,1916,21.8,221.3
Iraq,1917,21.8,221.6
Iraq,1918,21.5,224.2
Iraq,1919,21.8,225.1
Iraq,1920,21.2,228.1
Iraq,1921,21.2,225.5
Iraq,1922,21.9,224.3
Iraq,1923,21.8,226.3
Iraq,1924,21.9,225.3
Iraq,1925,21.7,222.9
Iraq,1926,21.6,223.1
Iraq,1927,21.7,225.6
Iraq,1928,21.4,227.7
Iraq,1929,21.4,211.9
Iraq,1930,21.9,209.7
Iraq,1931,21.4,226.5
Iraq,1932,21.5,223.7
Iraq,1933,20.9,209.7
Iraq,1934,21.3,218.6
Iraq,1935,22.0,229.9
Iraq,1936,21.7,223.6
Iraq,1937,21.9,228.4
Iraq,1938,21.6,223.0
Iraq,1939,21.8,256.5
Iraq,1940,22.0,225.9
Iraq,1941,21.8,237.3
Iraq,1942,21.6,226.5
Iraq,1943,21.4,226.7
Iraq,1944,21.7,225.1
Iraq,1945,21.2,234.6
Iraq,1946,21.6,267.9
Iraq,1947,22.2,232.9
Iraq,1948,21.3,225.5
Iraq,1949,21.1,241.7
Iraq,1950,21.2,214.1
Iraq,1951,21.9,218.1
Iraq,1952,22.1,226.4
Iraq,1953,21.4,269.1
Iraq,1954,21.9,311.0
Iraq,1955,22.5,206.6
Iraq,1956,21.3,187.4
Iraq,1957,21.3,265.1
Iraq,1958,21.9,172.3
Iraq,1959,21.1,182.9
Iraq,1960,22.3,172.8
Iraq,1961,21.7,237.7
Iraq,1962,22.7,188.9
Iraq,1963,22.1,268.1
Iraq,1964,21.0,175.6
Iraq,1965,21.7,212.5
Iraq,1966,22.7,193.7
Iraq,1967,20.8,265.4
Iraq,1968,21.7,274.6
Iraq,1969,21.9,304.0
Iraq,1970,22.4,174.7
Iraq,1971,21.6,242.2
Iraq,1972,20.5,279.2
Iraq,1973,21.5,143.8
Iraq,1974,21.1,272.8
Iraq,1975,21.4,235.8
Iraq,1976,21.2,241.9
Iraq,1977,21.8,226.9
Iraq,1978,22.0,191.7
Iraq,1979,22.5,211.2
Iraq,1980,21.8,236.8
Iraq,1981,22.1,235.9
Iraq,1982,20.9,274.1
Iraq,1983,21.2,192.0
Iraq,1984,21.6,213.3
Iraq,1985,21.9,206.9
Iraq,1986,21.9,237.5
Iraq,1987,22.2,236.3
Iraq,1988,21.8,264.8
Iraq,1989,21.7,169.5
Iraq,1990,22.0,168.7
Iraq,1991,22.0,235.6
Iraq,1992,20.7,240.8
Iraq,1993,21.6,263.4
Iraq,1994,22.5,258.7
Iraq,1995,22.2,166.3
Iraq,1996,22.6,253.6
Iraq,1997,21.9,216.3
Iraq,1998,23.1,184.3
Iraq,1999,23.1,180.9
Iraq,2000,22.6,189.8
Iraq,2001,23.2,197.4
Iraq,2002,22.6,227.1
Iraq,2003,22.7,231.2
Iraq,2004,22.6,218.1
Iraq,2005,22.6,193.1
Iraq,2006,22.7,242.1
Iraq,2007,22.7,184.8
Iraq,2008,22.8,142.7
Iraq,2009,22.8,190.8
Iraq,2010,24.2,166.3
Iraq,2011,22.4,191.0
Iraq,2012,23.0,189.7
Iraq,2013,22.6,214.3
Iraq,2014,23.1,187.2
Iraq,2015,23.3,178.2
Iraq,2016,23.1,232.0
Iraq,2017,23.1,182.0
Iraq,2018,23.9,264.6
Iraq,2019,23.2,235.6
Iraq,2020,23.2,231.2
Iraq,2021,24.0,154.3
Iraq,2022,23.6,169.0
Iraq,2023,23.8,202.9
Iraq,2024,23.6,208.4
Ireland,1901,9.0,1077.4
Ireland,1902,8.9,1024.1
Ireland,1903,8.9,1382.0
Ireland,1904,8.9,1098.4
Ireland,1905,9.2,968.6
Ireland,1906,9.1,1023.9
Ireland,1907,8.8,1104.2
Ireland,1908,9.5,1081.4
Ireland,1909,8.7,993.0
Ireland,1910,9.0,1182.7
Ireland,1911,9.6,1078.4
Ireland,1912,9.1,1140.6
Ireland,1913,9.4,1186.6
Ireland,1914,9.6,1190.6
Ireland,1915,8.8,1160.4
Ireland,1916,9.1,1300.0
Ireland,1917,8.6,1036.4
Ireland,1918,9.3,1230.2
Ireland,1919,8.6,960.0
Ireland,1920,9.4,1271.1
Ireland,1921,10.3,953.4
Ireland,1922,8.8,1020.7
Ireland,1923,9.0,1233.4
Ireland,1924,9.2,1389.6
Ireland,1925,9.0,1100.6
Ireland,1926,9.6,1067.1
Ireland,1927,9.2,1229.1
Ireland,1928,9.4,1408.1
Ireland,1929,9.2,1212.1
Ireland,1930,9.1,1354.4
Ireland,1931,9.2,1207.2
Ireland,1932,9.5,1082.1
Ireland,1933,9.9,856.6
Ireland,1934,9.8,1158.4
Ireland,1935,9.4,1069.8
Ireland,1936,9.4,1126.5
Ireland,1937,9.3,1147.9
Ireland,1938,9.8,1266.2
Ireland,1939,9.6,1090.8
Ireland,1940,9.4,1150.2
Ireland,1941,9.1,1020.2
Ireland,1942,9.3,1093.6
Ireland,1943,9.9,1120.3
Ireland,1944,9.6,1131.5
Ireland,1945,10.2,1066.4
Ireland,1946,9.4,1280.0
Ireland,1947,9.3,1291.5
Ireland,1948,9.9,1283.3
Ireland,1949,10.4,1068.4
Ireland,1950,9.3,1225.7
Ireland,1951,9.1,1228.8
Ireland,1952,9.1,942.9
Ireland,1953,9.9,947.8
Ireland,1954,9.2,1288.7
Ireland,1955,9.3,1005.4
Ireland,1956,9.1,1116.7
Ireland,1957,9.9,1127.2
Ireland,1958,9.4,1309.5
Ireland,1959,10.3,1121.8
Ireland,1960,9.5,1396.9
Ireland,1961,9.6,1118.0
Ireland,1962,8.7,1085.6
Ireland,1963,8.5,1070.8
Ireland,1964,9.4,1132.0
Ireland,1965,8.8,1249.6
Ireland,1966,9.3,1271.6
Ireland,1967,9.3,1151.0
Ireland,1968,9.3,1175.6
Ireland,1969,9.1,967.6
Ireland,1970,9.3,1119.2
Ireland,1971,9.8,863.2
Ireland,1972,9.0,1099.0
Ireland,1973,9.6,1056.7
Ireland,1974,9.3,1202.9
Ireland,1975,9.8,952.2
Ireland,1976,9.7,1040.2
Ireland,1977,9.3,1195.9
Ireland,1978,9.3,1125.8
Ireland,1979,8.6,1226.3
Ireland,1980,9.3,1260.4
Ireland,1981,9.3,1189.8
Ireland,1982,9.6,1311.9
Ireland,1983,9.8,1143.7
Ireland,1984,9.5,1131.3
Ireland,1985,8.8,1184.3
Ireland,1986,8.5,1280.8
Ireland,1987,9.1,1044.5
Ireland,1988,9.7,1244.1
Ireland,1989,10.1,1067.5
Ireland,1990,10.2,1188.7
Ireland,1991,9.6,1079.6
Ireland,1992,9.6,1139.3
Ireland,1993,9.4,1236.5
Ireland,1994,9.7,1326.7
Ireland,1995,10.3,1168.8
Ireland,1996,9.3,1161.5
Ireland,1997,10.4,1159.6
Ireland,1998,10.2,1330.6
Ireland,1999,10.3,1271.3
Ireland,2000,9.9,1296.8
Ireland,2001,9.8,981.1
Ireland,2002,10.2,1467.0
Ireland,2003,10.2,1009.8
Ireland,2004,10.2,1124.0
Ireland,2005,10.2,1107.2
Ireland,2006,10.4,1223.6
Ireland,2007,10.5,1106.3
Ireland,2008,9.9,1365.8
Ireland,2009,9.9,1393.5
Ireland,2010,8.9,1058.9
Ireland,2011,10.0,1176.3
Ireland,2012,9.7,1220.2
Ireland,2013,9.7,1135.5
Ireland,2014,10.4,1361.5
Ireland,2015,9.7,1377.5
Ireland,2016,10.0,1135.0
Ireland,2017,10.2,1184.1
Ireland,2018,9.9,1223.1
Ireland,2019,10.1,1302.4
Ireland,2020,10.1,1366.6
Ireland,2021,10.2,1160.9
Ireland,2022,10.6,1157.7
Ireland,2023,10.8,1415.8
Ireland,2024,10.4,1186.6
Isl Glorieuses,1901,27.3,1438.1
Isl Glorieuses,1902,27.5,1438.1
Isl Glorieuses,1903,27.4,1438.2
Isl Glorieuses,1904,27.4,1438.0
Isl Glorieuses,1905,27.5,1438.0
Isl Glorieuses,1906,27.4,1438.0
Isl Glorieuses,1907,27.4,1258.7
Isl Glorieuses,1908,27.5,1438.8
Isl Glorieuses,1909,27.4,1438.0
Isl Glorieuses,1910,27.3,1438.0
Isl Glorieuses,1911,27.3,1438.1
Isl Glorieuses,1912,27.6,1438.0
Isl Glorieuses,1913,27.5,1437.9
Isl Glorieuses,1914,27.6,1438.2
Isl Glorieuses,1915,27.6,1438.0
Isl Glorieuses,1916,27.3,1438.1
Isl Glorieuses,1917,27.3,1438.1
Isl Glorieuses,1918,27.4,1438.0
Isl Glorieuses,1919,27.6,1438.0
Isl Glorieuses,1920,27.4,1438.0
Isl Glorieuses,1921,27.4,1437.9
Isl Glorieuses,1922,27.3,1437.9
Isl Glorieuses,1923,27.7,1438.0
Isl Glorieuses,1924,27.6,1438.0
Isl Glorieuses,1925,27.7,1438.0
Isl Glorieuses,1926,28.0,1437.9
Isl Glorieuses,1927,27.6,1438.1
Isl Glorieuses,1928,27.6,1437.9
Isl Glorieuses,1929,27.7,1438.2
Isl Glorieuses,1930,27.5,1437.8
Isl Glorieuses,1931,27.1,1438.0
Isl Glorieuses,1932,27.3,1438.2
Isl Glorieuses,1933,27.3,1088.5
Isl Glorieuses,1934,27.2,1565.4
Isl Glorieuses,1935,27.4,1166.8
Isl Glorieuses,1936,27.5,1119.0
Isl Glorieuses,1937,27.5,1897.3
Isl Glorieuses,1938,27.6,1272.4
Isl Glorieuses,1939,27.5,1437.9
Isl Glorieuses,1940,27.1,1570.4
Isl Glorieuses,1941,27.5,1132.8
Isl Glorieuses,1942,27.4,919.8
Isl Glorieuses,1943,26.9,1070.6
Isl Glorieuses,1944,27.6,929.7
Isl Glorieuses,1945,27.6,1490.3
Isl Glorieuses,1946,27.4,1349.0
Isl Glorieuses,1947,27.5,1451.1
Isl Glorieuses,1948,27.6,1219.4
Isl Glorieuses,1949,27.4,1327.7
Isl Glorieuses,1950,27.4,1051.3
Isl Glorieuses,1951,27.4,1165.8
Isl Glorieuses,1952,27.3,1163.7
Isl Glorieuses,1953,27.4,1170.0
Isl Glorieuses,1954,27.3,1208.1
Isl Glorieuses,1955,27.1,1228.7
Isl Glorieuses,1956,26.9,1206.1
Isl Glorieuses,1957,27.0,1129.7
Isl Glorieuses,1958,27.4,1198.3
Isl Glorieuses,1959,27.1,1628.4
Isl Glorieuses,1960,27.0,1025.7
Isl Glorieuses,1961,27.7,1764.0
Isl Glorieuses,1962,27.2,1235.9
Isl Glorieuses,1963,27.1,1176.5
Isl Glorieuses,1964,26.9,1175.2
Isl Glorieuses,1965,26.9,1622.8
Isl Glorieuses,1966,27.4,1149.7
Isl Glorieuses,1967,27.3,1456.5
Isl Glorieuses,1968,26.9,1461.4
Isl Glorieuses,1969,27.6,1606.9
Isl Glorieuses,1970,27.2,1127.5
Isl Glorieuses,1971,26.6,1523.8
Isl Glorieuses,1972,27.1,1418.9
Isl Glorieuses,1973,27.0,1691.5
Isl Glorieuses,1974,26.6,1342.1
Isl Glorieuses,1975,26.8,1530.6
Isl Glorieuses,1976,27.0,1451.0
Isl Glorieuses,1977,27.5,1234.6
Isl Glorieuses,1978,27.3,1480.9
Isl Glorieuses,1979,27.3,1181.8
Isl Glorieuses,1980,27.2,1677.2
Isl Glorieuses,1981,27.2,1413.3
Isl Glorieuses,1982,27.3,1328.5
Isl Glorieuses,1983,27.3,1703.7
Isl Glorieuses,1984,26.7,1622.5
Isl Glorieuses,1985,26.9,1289.7
Isl Glorieuses,1986,27.1,1464.3
Isl Glorieuses,1987,27.6,1379.4
Isl Glorieuses,1988,27.4,1420.3
Isl Glorieuses,1989,26.9,1717.3
Isl Glorieuses,1990,27.3,1293.1
Isl Glorieuses,1991,27.2,2007.3
Isl Glorieuses,1992,27.2,1272.8
Isl Glorieuses,1993,27.1,867.3
Isl Glorieuses,1994,27.5,1787.2
Isl Glorieuses,1995,27.4,1220.9
Isl Glorieuses,1996,27.1,1445.3
Isl Glorieuses,1997,27.5,896.5
Isl Glorieuses,1998,27.8,906.7
Isl Glorieuses,1999,27.4,984.8
Isl Glorieuses,2000,27.3,1097.9
Isl Glorieuses,2001,27.4,874.3
Isl Glorieuses,2002,27.4,1212.1
Isl Glorieuses,2003,27.5,924.3
Isl Glorieuses,2004,27.3,708.2
Isl Glorieuses,2005,27.6,1171.2
Isl Glorieuses,2006,27.5,909.1
Isl Glorieuses,2007,27.8,679.7
Isl Glorieuses,2008,27.4,1470.8
Isl Glorieuses,2009,27.8,1190.6
Isl Glorieuses,2010,28.0,1367.8
Isl Glorieuses,2011,27.8,1304.0
Isl Glorieuses,2012,27.6,1321.2
Isl Glorieuses,2013,27.7,1256.5
Isl Glorieuses,2014,27.7,1777.8
Isl Glorieuses,2015,27.9,1431.1
Isl Glorieuses,2016,27.6,1372.8
Isl Glorieuses,2017,28.0,1603.2
Isl Glorieuses,2018,27.9,1465.1
Isl Glorieuses,2019,28.2,1106.4
Isl Glorieuses,2020,28.1,931.5
Isl Glorieuses,2021,27.8,1162.7
Isl Glorieuses,2022,27.5,1268.6
Isl Glorieuses,2023,28.2,1062.8
Isl Glorieuses,2024,28.2,724.1
Isl Wallis,1901,26.9,3200.0
Isl Wallis,1902,26.9,3200.0
Isl Wallis,1903,26.9,3200.0
Isl Wallis,1904,26.9,3200.0
Isl Wallis,1905,26.9,3200.0
Isl Wallis,1906,26.9,3200.0
Isl Wallis,1907,26.9,3200.0
Isl Wallis,1908,26.9,3200.0
Isl Wallis,1909,26.9,3200.0
Isl Wallis,1910,26.9,3200.0
Isl Wallis,1911,26.9,3200.0
Isl Wallis,1912,26.9,3200.0
Isl Wallis,1913,26.9,3200.0
Isl Wallis,1914,26.9,3200.0
Isl Wallis,1915,26.9,3200.0
Isl Wallis,1916,26.9,3200.0
Isl Wallis,1917,26.9,3200.0
Isl Wallis,1918,26.9,3200.0
Isl Wallis,1919,26.9,3200.0
Isl Wallis,1920,26.9,3200.0
Isl Wallis,1921,27.0,3200.0
Isl Wallis,1922,27.1,3200.0
Isl Wallis,1923,26.8,3200.0
Isl Wallis,1924,27.0,3200.0
Isl Wallis,1925,26.9,3200.0
Isl Wallis,1926,26.9,3200.0
Isl Wallis,1927,26.9,3200.0
Isl Wallis,1928,26.9,3200.0
Isl Wallis,1929,26.8,3200.0
Isl Wallis,1930,26.8,3200.0
Isl Wallis,1931,26.8,3182.8
Isl Wallis,1932,27.0,3172.6
Isl Wallis,1933,27.0,3245.4
Isl Wallis,1934,27.0,3247.0
Isl Wallis,1935,27.0,3278.0
Isl Wallis,1936,27.1,3205.8
Isl Wallis,1937,27.0,3175.5
Isl Wallis,1938,27.1,3249.4
Isl Wallis,1939,26.8,3231.0
Isl Wallis,1940,27.0,3163.9
Isl Wallis,1941,27.1,3189.3
Isl Wallis,1942,26.9,3200.0
Isl Wallis,1943,27.0,3200.0
Isl Wallis,1944,26.8,3200.0
Isl Wallis,1945,26.8,3200.0
Isl Wallis,1946,27.0,3202.4
Isl Wallis,1947,27.0,3253.9
Isl Wallis,1948,26.8,3239.8
Isl Wallis,1949,26.9,1526.9
Isl Wallis,1950,27.0,3131.0
Isl Wallis,1951,26.9,2330.0
Isl Wallis,1952,27.2,3006.8
Isl Wallis,1953,27.0,1564.6
Isl Wallis,1954,26.9,3946.7
Isl Wallis,1955,26.8,3473.4
Isl Wallis,1956,26.9,2853.1
Isl Wallis,1957,27.0,2249.3
Isl Wallis,1958,27.3,2243.3
Isl Wallis,1959,27.2,2778.5
Isl Wallis,1960,27.1,3020.1
Isl Wallis,1961,27.0,2731.9
Isl Wallis,1962,26.9,3041.2
Isl Wallis,1963,26.9,1928.9
Isl Wallis,1964,26.8,3066.2
Isl Wallis,1965,26.5,3134.2
Isl Wallis,1966,26.8,3589.0
Isl Wallis,1967,26.6,3945.9
Isl Wallis,1968,26.8,3006.6
Isl Wallis,1969,27.0,3308.1
Isl Wallis,1970,26.8,2389.6
Isl Wallis,1971,26.5,2984.9
Isl Wallis,1972,26.7,4065.0
Isl Wallis,1973,27.0,3561.0
Isl Wallis,1974,26.7,2879.4
Isl Wallis,1975,26.8,2971.9
Isl Wallis,1976,26.7,3396.8
Isl Wallis,1977,26.8,2931.7
Isl Wallis,1978,26.8,3524.1
Isl Wallis,1979,27.0,3348.6
Isl Wallis,1980,26.9,3481.7
Isl Wallis,1981,26.9,4195.6
Isl Wallis,1982,27.0,3839.1
Isl Wallis,1983,27.0,3194.8
Isl Wallis,1984,27.0,3288.9
Isl Wallis,1985,27.1,3198.7
Isl Wallis,1986,26.9,3273.1
Isl Wallis,1987,26.8,2229.6
Isl Wallis,1988,27.1,3671.7
Isl Wallis,1989,26.9,2940.2
Isl Wallis,1990,27.3,2870.7
Isl Wallis,1991,27.2,3108.7
Isl Wallis,1992,27.1,3990.3
Isl Wallis,1993,26.9,3441.3
Isl Wallis,1994,27.2,3455.9
Isl Wallis,1995,27.4,4188.3
Isl Wallis,1996,27.4,3745.2
Isl Wallis,1997,27.3,3514.7
Isl Wallis,1998,27.5,2617.7
Isl Wallis,1999,27.3,2862.1
Isl Wallis,2000,27.6,2932.4
Isl Wallis,2001,27.6,3290.8
Isl Wallis,2002,27.7,3009.5
Isl Wallis,2003,27.4,3012.1
Isl Wallis,2004,27.4,3176.3
Isl Wallis,2005,27.7,2897.9
Isl Wallis,2006,27.4,3641.0
Isl Wallis,2007,27.8,2955.7
Isl Wallis,2008,27.3,2888.8
Isl Wallis,2009,27.4,2782.6
Isl Wallis,2010,27.7,2380.6
Isl Wallis,2011,27.3,3026.5
Isl Wallis,2012,27.3,3158.5
Isl Wallis,2013,27.5,3713.1
Isl Wallis,2014,27.3,3993.6
Isl Wallis,2015,27.3,3318.8
Isl Wallis,2016,27.7,2818.8
Isl Wallis,2017,27.6,3718.6
Isl Wallis,2018,27.5,3702.2
Isl Wallis,2019,27.7,4006.6
Isl Wallis,2020,27.8,4575.9
Isl Wallis,2021,27.5,2900.8
Isl Wallis,2022,27.6,2271.8
Isl Wallis,2023,27.7,3003.1
Isl Wallis,2024,28.1,2955.4
Isl da Trindade,1901,24.6,894.0
Isl da Trindade,1902,24.6,894.0
Isl da Trindade,1903,24.6,894.0
Isl da Trindade,1904,24.6,894.0
Isl da Trindade,1905,24.6,894.0
Isl da Trindade,1906,24.6,894.0
Isl da Trindade,1907,24.6,894.0
Isl da Trindade,1908,24.6,894.0
Isl da Trindade,1909,24.6,894.0
Isl da Trindade,1910,24.6,894.0
Isl da Trindade,1911,24.6,894.0
Isl da Trindade,1912,24.6,894.0
Isl da Trindade,1913,24.6,894.0
Isl da Trindade,1914,24.6,894.0
Isl da Trindade,1915,24.6,894.0
Isl da Trindade,1916,24.6,894.0
Isl da Trindade,1917,24.6,894.0
Isl da Trindade,1918,24.6,894.0
Isl da Trindade,1919,24.6,894.0
Isl da Trindade,1920,24.6,894.0
Isl da Trindade,1921,24.6,894.0
Isl da Trindade,1922,24.6,894.0
Isl da Trindade,1923,24.6,894.0
Isl da Trindade,1924,24.6,894.0
Isl da Trindade,1925,24.6,894.0
Isl da Trindade,1926,24.6,894.0
Isl da Trindade,1927,24.6,894.0
Isl da Trindade,1928,24.6,894.0
Isl da Trindade,1929,24.6,894.0
Isl da Trindade,1930,24.6,894.0
Isl da Trindade,1931,24.6,894.0
Isl da Trindade,1932,24.6,894.0
Isl da Trindade,1933,24.6,894.0
Isl da Trindade,1934,24.6,894.0
Isl da Trindade,1935,24.6,894.0
Isl da Trindade,1936,24.6,894.0
Isl da Trindade,1937,24.6,894.0
Isl da Trindade,1938,24.6,894.0
Isl da Trindade,1939,24.6,894.0
Isl da Trindade,1940,24.6,894.0
Isl da Trindade,1941,24.6,894.0
Isl da Trindade,1942,24.6,894.0
Isl da Trindade,1943,24.6,894.0
Isl da Trindade,1944,24.6,894.0
Isl da Trindade,1945,24.6,894.0
Isl da Trindade,1946,24.6,894.0
Isl da Trindade,1947,24.6,894.0
Isl da Trindade,1948,24.6,894.0
Isl da Trindade,1949,24.5,894.0
Isl da Trindade,1950,24.5,894.0
Isl da Trindade,1951,24.5,894.0
Isl da Trindade,1952,24.6,894.0
Isl da Trindade,1953,24.6,894.0
Isl da Trindade,1954,24.6,894.0
Isl da Trindade,1955,24.5,894.0
Isl da Trindade,1956,24.6,894.0
Isl da Trindade,1957,24.6,894.0
Isl da Trindade,1958,24.6,894.0
Isl da Trindade,1959,24.6,894.0
Isl da Trindade,1960,24.6,894.0
Isl da Trindade,1961,24.6,894.0
Isl da Trindade,1962,24.6,894.0
Isl da Trindade,1963,24.6,894.0
Isl da Trindade,1964,24.6,894.0
Isl da Trindade,1965,24.6,894.0
Isl da Trindade,1966,24.6,894.0
Isl da Trindade,1967,24.5,946.9
Isl da Trindade,1968,24.0,938.4
Isl da Trindade,1969,24.4,861.7
Isl da Trindade,1970,24.3,853.1
Isl da Trindade,1971,25.2,860.6
Isl da Trindade,1972,24.7,828.6
Isl da Trindade,1973,25.0,922.4
Isl da Trindade,1974,24.6,874.5
Isl da Trindade,1975,24.2,980.0
Isl da Trindade,1976,24.1,824.3
Isl da Trindade,1977,24.6,1006.6
Isl da Trindade,1978,24.3,887.2
Isl da Trindade,1979,24.4,877.7
Isl da Trindade,1980,24.4,827.5
Isl da Trindade,1981,24.4,854.2
Isl da Trindade,1982,24.4,886.2
Isl da Trindade,1983,24.8,889.4
Isl da Trindade,1984,25.0,807.3
Isl da Trindade,1985,24.5,929.9
Isl da Trindade,1986,24.7,845.6
Isl da Trindade,1987,24.8,977.8
Isl da Trindade,1988,24.9,914.9
Isl da Trindade,1989,24.8,953.3
Isl da Trindade,1990,24.8,908.5
Isl da Trindade,1991,24.6,894.0
Isl da Trindade,1992,24.6,894.0
Isl da Trindade,1993,24.5,894.0
Isl da Trindade,1994,24.6,894.0
Isl da Trindade,1995,24.6,894.0
Isl da Trindade,1996,24.6,894.0
Isl da Trindade,1997,24.5,894.0
Isl da Trindade,1998,24.6,894.0
Isl da Trindade,1999,24.6,894.0
Isl da Trindade,2000,24.4,894.0
Isl da Trindade,2001,24.6,894.0
Isl da Trindade,2002,24.6,894.0
Isl da Trindade,2003,24.6,894.0
Isl da Trindade,2004,24.6,894.0
Isl da Trindade,2005,24.6,894.0
Isl da Trindade,2006,24.6,894.0
Isl da Trindade,2007,24.6,894.0
Isl da Trindade,2008,24.6,894.0
Isl da Trindade,2009,24.6,894.0
Isl da Trindade,2010,24.6,894.0
Isl da Trindade,2011,24.6,894.0
Isl da Trindade,2012,24.6,894.0
Isl da Trindade,2013,24.6,894.0
Isl da Trindade,2014,24.6,894.0
Isl da Trindade,2015,24.6,894.0
Isl da Trindade,2016,24.6,894.0
Isl da Trindade,2017,24.6,894.0
Isl da Trindade,2018,24.6,894.0
Isl da Trindade,2019,24.6,894.0
Isl da Trindade,2020,24.6,894.0
Isl da Trindade,2021,24.6,894.0
Isl da Trindade,2022,24.6,894.0
Isl da Trindade,2023,24.6,894.0
Isl da Trindade,2024,24.6,894.0
Isl de Horn,1901,26.4,2810.0
Isl de Horn,1902,26.5,2810.0
Isl de Horn,1903,26.3,2810.0
Isl de Horn,1904,26.2,2810.0
Isl de Horn,1905,26.2,2810.0
Isl de Horn,1906,26.5,2810.0
Isl de Horn,1907,26.2,2810.0
Isl de Horn,1908,26.2,2810.0
Isl de Horn,1909,26.1,2810.0
Isl de Horn,1910,26.1,2810.0
Isl de Horn,1911,26.5,2810.0
Isl de Horn,1912,26.7,2810.0
Isl de Horn,1913,26.6,2810.0
Isl de Horn,1914,26.8,2810.0
Isl de Horn,1915,26.4,2810.0
Isl de Horn,1916,26.2,2810.0
Isl de Horn,1917,26.2,2810.0
Isl de Horn,1918,26.3,2810.0
Isl de Horn,1919,26.7,2810.0
Isl de Horn,1920,26.7,2810.0
Isl de Horn,1921,26.6,2810.0
Isl de Horn,1922,26.7,2810.0
Isl de Horn,1923,26.4,2810.0
Isl de Horn,1924,26.7,2810.0
Isl de Horn,1925,26.5,2810.0
Isl de Horn,1926,26.7,2810.0
Isl de Horn,1927,26.8,2810.0
Isl de Horn,1928,26.7,2810.0
Isl de Horn,1929,26.6,2810.0
Isl de Horn,1930,26.6,2810.0
Isl de Horn,1931,26.5,2810.0
Isl de Horn,1932,26.6,2810.0
Isl de Horn,1933,26.6,2810.0
Isl de Horn,1934,26.6,2810.0
Isl de Horn,1935,26.7,2810.0
Isl de Horn,1936,26.8,2810.0
Isl de Horn,1937,26.7,2810.0
Isl de Horn,1938,26.6,2810.0
Isl de Horn,1939,26.5,2810.0
Isl de Horn,1940,26.8,2810.0
Isl de Horn,1941,26.9,2810.0
Isl de Horn,1942,26.7,2810.0
Isl de Horn,1943,26.7,2810.0
Isl de Horn,1944,26.6,2810.0
Isl de Horn,1945,26.6,2810.0
Isl de Horn,1946,26.8,2810.0
Isl de Horn,1947,26.9,2810.0
Isl de Horn,1948,26.7,2810.0
Isl de Horn,1949,26.8,1742.5
Isl de Horn,1950,26.7,2753.2
Isl de Horn,1951,26.7,2334.4
Isl de Horn,1952,27.0,2729.5
Isl de Horn,1953,26.9,1821.5
Isl de Horn,1954,26.7,3306.6
Isl de Horn,1955,26.6,3027.5
Isl de Horn,1956,26.6,2619.4
Isl de Horn,1957,26.8,2246.5
Isl de Horn,1958,27.0,2218.2
Isl de Horn,1959,27.0,2519.0
Isl de Horn,1960,26.9,2687.9
Isl de Horn,1961,26.8,2565.6
Isl de Horn,1962,26.7,2664.9
Isl de Horn,1963,26.8,2045.4
Isl de Horn,1964,26.7,2747.5
Isl de Horn,1965,26.3,2815.7
Isl de Horn,1966,26.6,3013.5
Isl de Horn,1967,26.4,3210.0
Isl de Horn,1968,26.6,2707.9
Isl de Horn,1969,26.8,2850.4
Isl de Horn,1970,26.6,2352.1
Isl de Horn,1971,26.4,2616.3
Isl de Horn,1972,26.5,3305.4
Isl de Horn,1973,26.8,2933.8
Isl de Horn,1974,26.5,2613.3
Isl de Horn,1975,26.7,2639.8
Isl de Horn,1976,26.6,2914.7
Isl de Horn,1977,26.6,2647.5
Isl de Horn,1978,26.5,3035.3
Isl de Horn,1979,26.7,2887.9
Isl de Horn,1980,26.7,2985.3
Isl de Horn,1981,26.8,3454.5
Isl de Horn,1982,26.8,3190.5
Isl de Horn,1983,26.9,2872.3
Isl de Horn,1984,26.9,2902.2
Isl de Horn,1985,26.9,2836.2
Isl de Horn,1986,26.7,2886.6
Isl de Horn,1987,26.6,2269.3
Isl de Horn,1988,26.9,3063.9
Isl de Horn,1989,26.6,2669.9
Isl de Horn,1990,27.0,2603.7
Isl de Horn,1991,26.9,2749.9
Isl de Horn,1992,26.8,3260.0
Isl de Horn,1993,26.6,2971.2
Isl de Horn,1994,26.8,2937.0
Isl de Horn,1995,27.0,3407.8
Isl de Horn,1996,27.0,3180.4
Isl de Horn,1997,27.0,2996.2
Isl de Horn,1998,27.2,2513.7
Isl de Horn,1999,27.0,2543.4
Isl de Horn,2000,27.2,2620.0
Isl de Horn,2001,27.3,2859.9
Isl de Horn,2002,27.2,2692.9
Isl de Horn,2003,27.1,2726.6
Isl de Horn,2004,27.2,2773.4
Isl de Horn,2005,27.4,2678.7
Isl de Horn,2006,27.1,3089.4
Isl de Horn,2007,27.5,2686.0
Isl de Horn,2008,27.1,2615.0
Isl de Horn,2009,27.0,2591.7
Isl de Horn,2010,27.4,2310.0
Isl de Horn,2011,27.1,2736.8
Isl de Horn,2012,27.0,2823.3
Isl de Horn,2013,27.2,3080.2
Isl de Horn,2014,27.0,3278.0
Isl de Horn,2015,27.0,2891.4
Isl de Horn,2016,27.5,2614.6
Isl de Horn,2017,27.4,3101.3
Isl de Horn,2018,27.3,3095.9
Isl de Horn,2019,27.4,3271.3
Isl de Horn,2020,27.6,3589.7
Isl de Horn,2021,27.3,2635.4
Isl de Horn,2022,27.3,2261.2
Isl de Horn,2023,27.5,2688.7
Isl de Horn,2024,27.8,2661.6
Isl de Providencia,1901,27.1,1856.6
Isl de Providencia,1902,27.1,1819.1
Isl de Providencia,1903,27.1,1851.2
Isl de Providencia,1904,27.1,1837.2
Isl de Providencia,1905,27.1,1846.9
Isl de Providencia,1906,27.1,1830.7
Isl de Providencia,1907,27.1,1810.5
Isl de Providencia,1908,27.1,1840.0
Isl de Providencia,1909,27.1,1855.0
Isl de Providencia,1910,27.1,1828.2
Isl de Providencia,1911,27.1,1824.6
Isl de Providencia,1912,27.1,1824.9
Isl de Providencia,1913,27.1,1839.1
Isl de Providencia,1914,27.1,1806.9
Isl de Providencia,1915,27.1,1853.1
Isl de Providencia,1916,27.1,1864.8
Isl de Providencia,1917,27.1,1854.0
Isl de Providencia,1918,27.1,1814.5
Isl de Providencia,1919,27.1,1831.3
Isl de Providencia,1920,27.1,1822.5
Isl de Providencia,1921,27.1,1819.5
Isl de Providencia,1922,27.1,1819.5
Isl de Providencia,1923,27.1,1808.3
Isl de Providencia,1924,27.1,1854.8
Isl de Providencia,1925,27.1,1823.0
Isl de Providencia,1926,27.1,1790.0
Isl de Providencia,1927,27.1,1815.8
Isl de Providencia,1928,27.1,1787.9
Isl de Providencia,1929,27.1,1752.7
Isl de Providencia,1930,27.1,1743.0
Isl de Providencia,1931,27.2,1778.1
Isl de Providencia,1932,27.2,1795.4
Isl de Providencia,1933,27.1,1858.0
Isl de Providencia,1934,27.2,1845.8
Isl de Providencia,1935,27.1,1849.8
Isl de Providencia,1936,27.2,1822.8
Isl de Providencia,1937,27.2,1867.9
Isl de Providencia,1938,26.9,1827.2
Isl de Providencia,1939,27.0,1837.5
Isl de Providencia,1940,27.1,1792.4
Isl de Providencia,1941,27.3,1860.1
Isl de Providencia,1942,27.2,1781.8
Isl de Providencia,1943,26.9,1869.3
Isl de Providencia,1944,26.9,1934.1
Isl de Providencia,1945,27.0,1877.5
Isl de Providencia,1946,27.0,1925.6
Isl de Providencia,1947,27.1,1763.5
Isl de Providencia,1948,27.1,1793.7
Isl de Providencia,1949,26.9,1929.4
Isl de Providencia,1950,26.7,1839.9
Isl de Providencia,1951,27.2,1838.4
Isl de Providencia,1952,27.3,1792.2
Isl de Providencia,1953,27.4,1796.8
Isl de Providencia,1954,27.1,1819.4
Isl de Providencia,1955,27.0,1746.7
Isl de Providencia,1956,27.0,1865.5
Isl de Providencia,1957,27.3,1881.3
Isl de Providencia,1958,27.4,1700.5
Isl de Providencia,1959,27.2,1719.5
Isl de Providencia,1960,27.0,1777.5
Isl de Providencia,1961,27.1,1236.9
Isl de Providencia,1962,26.9,2223.2
Isl de Providencia,1963,27.1,1994.8
Isl de Providencia,1964,27.1,1759.3
Isl de Providencia,1965,26.9,1541.4
Isl de Providencia,1966,26.9,1845.6
Isl de Providencia,1967,26.7,1634.7
Isl de Providencia,1968,26.8,1830.4
Isl de Providencia,1969,27.4,2048.8
Isl de Providencia,1970,27.0,2098.7
Isl de Providencia,1971,26.9,1424.7
Isl de Providencia,1972,27.3,1725.4
Isl de Providencia,1973,27.5,1604.5
Isl de Providencia,1974,26.8,1545.6
Isl de Providencia,1975,26.8,1932.1
Isl de Providencia,1976,26.9,1541.2
Isl de Providencia,1977,27.2,1906.1
Isl de Providencia,1978,27.2,2030.4
Isl de Providencia,1979,27.2,2068.0
Isl de Providencia,1980,27.4,2028.9
Isl de Providencia,1981,27.2,2443.3
Isl de Providencia,1982,27.4,2241.6
Isl de Providencia,1983,27.7,1547.8
Isl de Providencia,1984,26.9,1913.4
Isl de Providencia,1985,27.0,1575.9
Isl de Providencia,1986,27.0,1882.9
Isl de Providencia,1987,27.5,1998.0
Isl de Providencia,1988,27.3,2037.0
Isl de Providencia,1989,27.2,1581.6
Isl de Providencia,1990,27.4,1830.6
Isl de Providencia,1991,27.5,1852.6
Isl de Providencia,1992,27.6,1513.8
Isl de Providencia,1993,27.6,1241.4
Isl de Providencia,1994,27.5,1716.8
Isl de Providencia,1995,27.7,1902.3
Isl de Providencia,1996,27.2,1939.3
Isl de Providencia,1997,27.8,1334.3
Isl de Providencia,1998,28.1,1949.3
Isl de Providencia,1999,27.3,2284.4
Isl de Providencia,2000,27.4,1657.6
Isl de Providencia,2001,27.6,1787.8
Isl de Providencia,2002,27.8,1708.2
Isl de Providencia,2003,27.9,1864.7
Isl de Providencia,2004,27.6,2457.6
Isl de Providencia,2005,27.7,2141.5
Isl de Providencia,2006,27.9,1625.4
Isl de Providencia,2007,27.6,1706.3
Isl de Providencia,2008,27.5,2318.4
Isl de Providencia,2009,27.8,1591.8
Isl de Providencia,2010,27.6,2309.2
Isl de Providencia,2011,27.4,1885.9
Isl de Providencia,2012,27.6,1856.7
Isl de Providencia,2013,27.8,1499.5
Isl de Providencia,2014,27.8,1824.9
Isl de Providencia,2015,28.0,1065.6
Isl de Providencia,2016,28.1,1378.8
Isl de Providencia,2017,27.9,1951.9
Isl de Providencia,2018,27.5,1662.9
Isl de Providencia,2019,27.8,1240.9
Isl de Providencia,2020,28.1,2086.5
Isl de Providencia,2021,27.9,1392.1
Isl de Providencia,2022,27.7,2094.4
Isl de Providencia,2023,28.4,1655.3
Isl de Providencia,2024,28.4,1850.0
Isl de San Andres,1901,27.0,1966.4
Isl de San Andres,1902,27.0,1928.8
Isl de San Andres,1903,27.0,1963.7
Isl de San Andres,1904,27.0,1946.8
Isl de San Andres,1905,27.0,1957.0
Isl de San Andres,1906,27.0,1939.6
Isl de San Andres,1907,27.0,1918.4
Isl de San Andres,1908,27.0,1950.0
Isl de San Andres,1909,27.0,1966.7
Isl de San Andres,1910,27.0,1937.1
Isl de San Andres,1911,27.0,1935.4
Isl de San Andres,1912,27.0,1934.5
Isl de San Andres,1913,27.0,1949.7
Isl de San Andres,1914,27.0,1916.1
Isl de San Andres,1915,27.0,1964.3
Isl de San Andres,1916,27.0,1978.2
Isl de San Andres,1917,27.0,1965.1
Isl de San Andres,1918,27.0,1922.8
Isl de San Andres,1919,27.0,1941.3
Isl de San Andres,1920,27.0,1931.6
Isl de San Andres,1921,27.0,1928.1
Isl de San Andres,1922,27.0,1927.8
Isl de San Andres,1923,27.0,1916.1
Isl de San Andres,1924,27.0,1964.1
Isl de San Andres,1925,27.0,1932.7
Isl de San Andres,1926,27.0,1880.7
Isl de San Andres,1927,27.0,1915.1
Isl de San Andres,1928,27.0,1876.0
Isl de San Andres,1929,27.0,1832.4
Isl de San Andres,1930,27.0,1824.7
Isl de San Andres,1931,27.1,1862.9
Isl de San Andres,1932,27.0,1884.9
Isl de San Andres,1933,27.1,1968.6
Isl de San Andres,1934,27.1,1959.6
Isl de San Andres,1935,27.0,1960.6
Isl de San Andres,1936,27.1,1924.5
Isl de San Andres,1937,27.1,1986.1
Isl de San Andres,1938,26.9,1932.9
Isl de San Andres,1939,26.9,1950.7
Isl de San Andres,1940,27.1,1885.8
Isl de San Andres,1941,27.3,1989.3
Isl de San Andres,1942,27.1,1870.8
Isl de San Andres,1943,27.0,2004.6
Isl de San Andres,1944,26.9,2093.4
Isl de San Andres,1945,26.9,2006.2
Isl de San Andres,1946,27.0,2098.6
Isl de San Andres,1947,27.1,1836.7
Isl de San Andres,1948,27.0,1878.2
Isl de San Andres,1949,26.8,2089.0
Isl de San Andres,1950,26.7,1954.9
Isl de San Andres,1951,27.1,1954.7
Isl de San Andres,1952,27.3,1882.0
Isl de San Andres,1953,27.4,1892.9
Isl de San Andres,1954,27.0,1922.7
Isl de San Andres,1955,26.9,1817.0
Isl de San Andres,1956,26.9,1989.1
Isl de San Andres,1957,27.2,2005.8
Isl de San Andres,1958,27.4,1747.0
Isl de San Andres,1959,27.1,1788.0
Isl de San Andres,1960,26.9,1856.9
Isl de San Andres,1961,27.0,1366.2
Isl de San Andres,1962,26.8,2321.5
Isl de San Andres,1963,27.1,2069.3
Isl de San Andres,1964,26.9,1823.5
Isl de San Andres,1965,26.8,1687.4
Isl de San Andres,1966,26.9,1971.9
Isl de San Andres,1967,26.7,1857.9
Isl de San Andres,1968,26.8,1942.4
Isl de San Andres,1969,27.3,2237.0
Isl de San Andres,1970,27.0,2307.1
Isl de San Andres,1971,26.8,1587.7
Isl de San Andres,1972,27.2,2016.9
Isl de San Andres,1973,27.4,1833.2
Isl de San Andres,1974,26.6,1775.4
Isl de San Andres,1975,26.6,2271.8
Isl de San Andres,1976,26.8,1784.5
Isl de San Andres,1977,27.2,2059.0
Isl de San Andres,1978,27.1,1911.3
Isl de San Andres,1979,27.2,2005.8
Isl de San Andres,1980,27.4,2011.4
Isl de San Andres,1981,27.2,2334.1
Isl de San Andres,1982,27.2,2102.9
Isl de San Andres,1983,27.6,1570.5
Isl de San Andres,1984,26.8,2006.8
Isl de San Andres,1985,26.8,1686.6
Isl de San Andres,1986,26.9,2007.4
Isl de San Andres,1987,27.4,2214.2
Isl de San Andres,1988,27.1,2217.9
Isl de San Andres,1989,27.0,1745.3
Isl de San Andres,1990,27.2,1952.2
Isl de San Andres,1991,27.2,2011.3
Isl de San Andres,1992,27.2,1559.6
Isl de San Andres,1993,27.4,1294.9
Isl de San Andres,1994,27.2,1862.2
Isl de San Andres,1995,27.5,1966.2
Isl de San Andres,1996,27.1,2020.6
Isl de San Andres,1997,27.5,1459.6
Isl de San Andres,1998,27.8,2053.5
Isl de San Andres,1999,27.1,2397.7
Isl de San Andres,2000,27.1,1783.9
Isl de San Andres,2001,27.4,1967.2
Isl de San Andres,2002,27.6,1878.3
Isl de San Andres,2003,27.7,2004.4
Isl de San Andres,2004,27.4,2615.5
Isl de San Andres,2005,27.6,2270.5
Isl de San Andres,2006,27.7,1709.5
Isl de San Andres,2007,27.4,1810.1
Isl de San Andres,2008,27.2,2439.1
Isl de San Andres,2009,27.6,1729.5
Isl de San Andres,2010,27.5,2389.9
Isl de San Andres,2011,27.4,1986.4
Isl de San Andres,2012,27.5,1984.3
Isl de San Andres,2013,27.8,1584.1
Isl de San Andres,2014,27.7,2005.9
Isl de San Andres,2015,28.0,1158.7
Isl de San Andres,2016,28.0,1478.3
Isl de San Andres,2017,27.7,2066.7
Isl de San Andres,2018,27.5,1791.8
Isl de San Andres,2019,27.8,1359.6
Isl de San Andres,2020,28.0,2195.9
Isl de San Andres,2021,27.7,1513.1
Isl de San Andres,2022,27.5,2158.2
Isl de San Andres,2023,28.2,1722.6
Isl de San Andres,2024,28.2,1962.2
Isl de la Bahia,1901,26.8,1792.0
Isl de la Bahia,1902,27.1,1792.0
Isl de la Bahia,1903,27.1,1792.0
Isl de la Bahia,1904,26.9,1792.0
Isl de la Bahia,1905,27.1,1792.0
Isl de la Bahia,1906,26.8,1792.0
Isl de la Bahia,1907,26.9,1792.0
Isl de la Bahia,1908,26.9,1792.0
Isl de la Bahia,1909,27.0,1792.0
Isl de la Bahia,1910,26.2,1792.0
Isl de la Bahia,1911,26.9,1792.0
Isl de la Bahia,1912,27.1,1792.0
Isl de la Bahia,1913,26.8,1792.0
Isl de la Bahia,1914,26.8,1792.0
Isl de la Bahia,1915,26.9,1792.0
Isl de la Bahia,1916,26.8,1792.0
Isl de la Bahia,1917,26.9,1792.0
Isl de la Bahia,1918,27.1,1792.0
Isl de la Bahia,1919,27.0,1792.0
Isl de la Bahia,1920,27.0,1792.0
Isl de la Bahia,1921,27.0,1792.0
Isl de la Bahia,1922,27.3,1792.0
Isl de la Bahia,1923,27.1,1792.0
Isl de la Bahia,1924,27.0,1792.0
Isl de la Bahia,1925,27.0,1792.0
Isl de la Bahia,1926,27.0,1792.0
Isl de la Bahia,1927,27.1,1792.0
Isl de la Bahia,1928,26.9,1792.0
Isl de la Bahia,1929,27.1,1792.0
Isl de la Bahia,1930,26.8,1792.0
Isl de la Bahia,1931,26.8,1792.0
Isl de la Bahia,1932,27.1,1805.2
Isl de la Bahia,1933,27.1,1687.6
Isl de la Bahia,1934,26.9,1720.8
Isl de la Bahia,1935,26.9,1490.5
Isl de la Bahia,1936,27.3,2129.6
Isl de la Bahia,1937,27.1,1995.0
Isl de la Bahia,1938,26.7,1602.3
Isl de la Bahia,1939,26.9,1586.2
Isl de la Bahia,1940,26.8,1858.6
Isl de la Bahia,1941,27.0,1892.8
Isl de la Bahia,1942,26.9,1994.1
Isl de la Bahia,1943,26.5,1704.6
Isl de la Bahia,1944,26.8,1580.6
Isl de la Bahia,1945,26.9,1905.7
Isl de la Bahia,1946,27.0,1410.4
Isl de la Bahia,1947,27.2,1735.1
Isl de la Bahia,1948,27.0,1934.3
Isl de la Bahia,1949,26.8,1466.1
Isl de la Bahia,1950,26.3,1700.9
Isl de la Bahia,1951,26.7,1538.2
Isl de la Bahia,1952,26.9,1809.1
Isl de la Bahia,1953,27.3,1704.6
Isl de la Bahia,1954,26.7,1978.3
Isl de la Bahia,1955,26.7,1827.2
Isl de la Bahia,1956,26.6,1811.2
Isl de la Bahia,1957,27.1,1646.5
Isl de la Bahia,1958,27.4,1803.7
Isl de la Bahia,1959,27.4,1612.4
Isl de la Bahia,1960,27.0,1937.8
Isl de la Bahia,1961,27.2,2054.1
Isl de la Bahia,1962,26.9,1811.3
Isl de la Bahia,1963,27.0,1661.5
Isl de la Bahia,1964,27.2,1674.0
Isl de la Bahia,1965,27.0,1664.3
Isl de la Bahia,1966,26.9,2109.7
Isl de la Bahia,1967,26.6,1570.5
Isl de la Bahia,1968,26.4,1877.9
Isl de la Bahia,1969,26.9,2016.5
Isl de la Bahia,1970,26.6,1769.1
Isl de la Bahia,1971,26.6,1492.1
Isl de la Bahia,1972,27.0,1536.6
Isl de la Bahia,1973,27.1,1572.2
Isl de la Bahia,1974,26.6,1647.0
Isl de la Bahia,1975,27.0,1435.9
Isl de la Bahia,1976,26.9,1715.0
Isl de la Bahia,1977,27.4,1600.7
Isl de la Bahia,1978,27.2,2053.8
Isl de la Bahia,1979,27.3,2243.3
Isl de la Bahia,1980,27.4,2169.8
Isl de la Bahia,1981,27.1,2119.2
Isl de la Bahia,1982,27.4,2059.7
Isl de la Bahia,1983,27.6,1784.6
Isl de la Bahia,1984,26.8,1965.9
Isl de la Bahia,1985,27.1,1575.6
Isl de la Bahia,1986,27.0,1591.7
Isl de la Bahia,1987,27.4,1550.7
Isl de la Bahia,1988,27.4,1956.3
Isl de la Bahia,1989,27.2,1710.5
Isl de la Bahia,1990,27.4,1981.4
Isl de la Bahia,1991,27.5,1654.1
Isl de la Bahia,1992,27.5,1979.8
Isl de la Bahia,1993,27.4,1917.8
Isl de la Bahia,1994,27.5,1591.6
Isl de la Bahia,1995,27.7,1860.9
Isl de la Bahia,1996,27.2,1763.1
Isl de la Bahia,1997,27.8,1767.0
Isl de la Bahia,1998,28.0,1931.4
Isl de la Bahia,1999,27.1,1741.8
Isl de la Bahia,2000,27.2,1783.1
Isl de la Bahia,2001,27.6,1777.2
Isl de la Bahia,2002,27.8,1671.9
Isl de la Bahia,2003,27.8,1669.5
Isl de la Bahia,2004,27.6,1716.7
Isl de la Bahia,2005,27.6,1728.1
Isl de la Bahia,2006,27.6,2178.9
Isl de la Bahia,2007,27.6,1652.3
Isl de la Bahia,2008,27.5,1877.2
Isl de la Bahia,2009,27.8,1663.8
Isl de la Bahia,2010,27.5,1809.8
Isl de la Bahia,2011,27.6,1941.3
Isl de la Bahia,2012,27.5,1762.7
Isl de la Bahia,2013,27.7,1970.2
Isl de la Bahia,2014,27.6,1807.2
Isl de la Bahia,2015,28.0,1646.6
Isl de la Bahia,2016,28.0,1759.5
Isl de la Bahia,2017,27.8,1873.1
Isl de la Bahia,2018,27.3,1759.3
Isl de la Bahia,2019,27.7,1430.3
Isl de la Bahia,2020,28.1,1766.7
Isl de la Bahia,2021,28.0,1716.4
Isl de la Bahia,2022,27.6,2022.8
Isl de la Bahia,2023,28.3,1757.3
Isl de la Bahia,2024,28.4,2156.7
Israel,1901,18.5,338.2
Israel,1902,17.9,507.9
Israel,1903,17.0,370.0
Israel,1904,17.6,658.0
Israel,1905,17.9,568.4
Israel,1906,18.2,448.0
Israel,1907,17.6,574.1
Israel,1908,17.9,554.6
Israel,1909,18.9,403.5
Israel,1910,17.9,398.1
Israel,1911,17.8,725.9
Israel,1912,17.9,531.5
Israel,1913,18.0,494.4
Israel,1914,18.5,477.4
Israel,1915,19.3,272.4
Israel,1916,19.4,559.1
Israel,1917,18.8,527.0
Israel,1918,18.8,625.3
Israel,1919,19.1,488.5
Israel,1920,18.4,573.3
Israel,1921,18.3,509.5
Israel,1922,19.0,453.7
Israel,1923,19.0,385.0
Israel,1924,18.9,497.4
Israel,1925,19.0,304.0
Israel,1926,18.8,457.2
Israel,1927,19.2,435.5
Israel,1928,19.3,420.6
Israel,1929,18.6,467.5
Israel,1930,19.3,371.1
Israel,1931,19.0,480.6
Israel,1932,18.9,264.6
Israel,1933,18.2,266.0
Israel,1934,18.9,486.9
Israel,1935,19.3,451.7
Israel,1936,19.1,468.8
Israel,1937,19.3,424.4
Israel,1938,18.6,638.0
Israel,1939,19.3,509.9
Israel,1940,19.0,501.7
Israel,1941,19.0,467.4
Israel,1942,18.9,456.6
Israel,1943,18.5,484.4
Israel,1944,18.7,743.9
Israel,1945,18.3,481.2
Israel,1946,19.0,299.0
Israel,1947,19.5,349.9
Israel,1948,18.1,502.3
Israel,1949,18.0,600.0
Israel,1950,18.4,372.0
Israel,1951,19.4,487.7
Israel,1952,19.6,324.6
Israel,1953,18.6,616.2
Israel,1954,19.3,487.3
Israel,1955,19.7,373.8
Israel,1956,18.8,363.2
Israel,1957,18.8,500.7
Israel,1958,19.2,223.3
Israel,1959,18.2,326.5
Israel,1960,19.8,269.1
Israel,1961,18.6,502.9
Israel,1962,19.9,278.3
Israel,1963,19.5,426.4
Israel,1964,18.2,531.8
Israel,1965,18.9,462.7
Israel,1966,19.6,453.4
Israel,1967,18.0,533.4
Israel,1968,18.9,471.3
Israel,1969,19.2,450.0
Israel,1970,18.9,398.2
Israel,1971,18.5,543.2
Israel,1972,18.3,367.5
Israel,1973,18.6,336.9
Israel,1974,18.5,637.6
Israel,1975,18.4,390.5
Israel,1976,18.4,377.7
Israel,1977,18.6,501.0
Israel,1978,18.8,331.3
Israel,1979,19.3,495.7
Israel,1980,18.7,508.1
Israel,1981,18.7,369.1
Israel,1982,18.0,459.2
Israel,1983,17.9,486.4
Israel,1984,18.5,389.4
Israel,1985,19.0,380.6
Israel,1986,18.8,561.3
Israel,1987,18.8,403.7
Israel,1988,18.8,553.7
Israel,1989,18.8,328.5
Israel,1990,19.1,320.0
Israel,1991,19.0,658.6
Israel,1992,18.0,642.9
Israel,1993,18.9,329.4
Israel,1994,19.5,637.9
Israel,1995,19.1,263.9
Israel,1996,19.6,376.8
Israel,1997,18.8,487.0
Israel,1998,20.0,321.1
Israel,1999,19.9,216.3
Israel,2000,19.3,441.0
Israel,2001,20.0,396.0
Israel,2002,19.8,489.9
Israel,2003,19.8,554.1
Israel,2004,19.6,380.4
Israel,2005,19.5,358.0
Israel,2006,19.4,349.1
Israel,2007,19.7,329.6
Israel,2008,19.9,288.4
Israel,2009,19.8,340.7
Israel,2010,21.3,355.1
Israel,2011,19.3,400.6
Israel,2012,20.1,468.3
Israel,2013,19.9,448.3
Israel,2014,20.1,373.2
Israel,2015,19.9,426.2
Israel,2016,20.3,383.2
Israel,2017,19.9,185.6
Israel,2018,20.6,483.5
Israel,2019,20.0,455.6
Israel,2020,20.1,555.3
Israel,2021,20.4,392.1
Israel,2022,19.8,488.2
Israel,2023,20.7,504.0
Israel,2024,20.6,371.7
Italy,1901,12.9,917.5
Italy,1902,13.1,797.7
Italy,1903,13.2,765.7
Italy,1904,13.6,795.6
Italy,1905,13.1,898.9
Italy,1906,13.0,782.5
Italy,1907,13.0,770.1
Italy,1908,12.9,704.0
Italy,1909,12.7,793.5
Italy,1910,13.1,897.2
Italy,1911,13.7,821.6
Italy,1912,13.1,750.4
Italy,1913,13.4,700.8
Italy,1914,13.1,822.7
Italy,1915,13.1,968.2
Italy,1916,13.7,907.4
Italy,1917,12.9,798.5
Italy,1918,13.3,752.4
Italy,1919,12.8,747.0
Italy,1920,14.0,783.9
Italy,1921,13.8,637.8
Italy,1922,13.2,688.9
Italy,1923,13.6,735.3
Italy,1924,13.4,759.0
Italy,1925,13.3,716.4
Italy,1926,13.9,786.1
Italy,1927,13.9,765.8
Italy,1928,13.8,876.8
Italy,1929,13.1,708.6
Italy,1930,13.9,796.2
Italy,1931,13.1,799.7
Italy,1932,13.5,742.7
Italy,1933,12.9,830.4
Italy,1934,14.1,868.0
Italy,1935,13.3,799.7
Italy,1936,13.6,796.3
Italy,1937,13.8,956.6
Italy,1938,13.4,705.5
Italy,1939,13.4,866.2
Italy,1940,12.5,823.9
Italy,1941,12.8,835.8
Italy,1942,13.5,736.8
Italy,1943,14.2,722.7
Italy,1944,13.2,706.1
Italy,1945,14.0,572.4
Italy,1946,14.0,738.0
Italy,1947,14.3,690.7
Italy,1948,13.9,717.7
Italy,1949,14.0,695.9
Italy,1950,14.2,740.4
Italy,1951,13.9,874.4
Italy,1952,13.9,674.2
Italy,1953,13.7,782.6
Italy,1954,13.1,775.6
Italy,1955,13.7,759.3
Italy,1956,12.8,749.3
Italy,1957,13.7,779.2
Italy,1958,13.8,796.4
Italy,1959,13.9,870.7
Italy,1960,13.8,921.8
Italy,1961,14.2,695.8
Italy,1962,13.3,730.4
Italy,1963,13.3,862.8
Italy,1964,13.7,819.4
Italy,1965,13.1,763.9
Italy,1966,13.8,861.0
Italy,1967,13.7,646.8
Italy,1968,13.6,762.4
Italy,1969,13.3,822.3
Italy,1970,13.4,649.4
Italy,1971,13.5,708.9
Italy,1972,13.4,875.8
Italy,1973,13.4,744.9
Italy,1974,13.5,724.5
Italy,1975,13.6,808.3
Italy,1976,13.2,985.4
Italy,1977,13.8,710.2
Italy,1978,13.1,855.4
Italy,1979,13.7,941.7
Italy,1980,13.0,828.1
Italy,1981,13.5,702.8
Italy,1982,14.2,801.1
Italy,1983,14.0,673.9
Italy,1984,13.3,900.9
Italy,1985,13.7,719.4
Italy,1986,13.9,796.5
Italy,1987,13.8,793.0
Italy,1988,14.2,703.9
Italy,1989,14.2,665.4
Italy,1990,14.5,757.1
Italy,1991,13.6,746.8
Italy,1992,14.3,752.8
Italy,1993,14.0,733.3
Italy,1994,15.0,708.5
Italy,1995,14.1,782.8
Italy,1996,13.7,988.7
Italy,1997,14.5,722.3
Italy,1998,14.3,723.7
Italy,1999,14.6,762.1
Italy,2000,14.9,735.0
Italy,2001,14.6,706.0
Italy,2002,14.8,860.6
Italy,2003,14.8,719.6
Italy,2004,14.3,815.9
Italy,2005,14.0,805.8
Italy,2006,14.7,663.7
Italy,2007,14.8,710.7
Italy,2008,14.7,834.4
Italy,2009,14.8,853.6
Italy,2010,14.2,908.6
Italy,2011,15.0,689.3
Italy,2012,14.9,693.8
Italy,2013,14.5,783.9
Italy,2014,15.3,849.7
Italy,2015,15.2,684.8
Italy,2016,15.1,710.9
Italy,2017,14.9,641.1
Italy,2018,15.5,702.3
Italy,2019,15.3,823.5
Italy,2020,15.3,703.4
Italy,2021,14.9,689.3
Italy,2022,15.8,554.0
Italy,2023,15.7,734.6
Italy,2024,16.0,738.1
Ivory Coast,1901,26.6,1318.3
Ivory Coast,1902,26.6,1302.8
Ivory Coast,1903,26.6,1292.5
Ivory Coast,1904,26.5,1285.5
Ivory Coast,1905,26.5,1311.5
Ivory Coast,1906,26.5,1451.9
Ivory Coast,1907,26.4,1349.2
Ivory Coast,1908,26.5,1352.8
Ivory Coast,1909,26.5,1549.4
Ivory Coast,1910,26.6,1466.3
Ivory Coast,1911,26.4,1678.7
Ivory Coast,1912,26.7,1364.1
Ivory Coast,1913,26.6,1290.3
Ivory Coast,1914,26.6,1285.2
Ivory Coast,1915,26.5,1444.9
Ivory Coast,1916,26.4,1363.8
Ivory Coast,1917,26.4,1404.6
Ivory Coast,1918,26.3,1238.9
Ivory Coast,1919,26.4,1098.1
Ivory Coast,1920,26.5,1181.7
Ivory Coast,1921,26.5,1267.7
Ivory Coast,1922,26.5,1330.3
Ivory Coast,1923,26.3,1330.4
Ivory Coast,1924,26.4,1493.1
Ivory Coast,1925,26.2,1454.6
Ivory Coast,1926,26.3,1379.6
Ivory Coast,1927,25.7,1476.9
Ivory Coast,1928,25.8,1462.8
Ivory Coast,1929,25.7,1482.7
Ivory Coast,1930,26.0,1366.1
Ivory Coast,1931,26.6,1552.3
Ivory Coast,1932,26.4,1309.8
Ivory Coast,1933,26.5,1602.9
Ivory Coast,1934,26.6,1283.0
Ivory Coast,1935,26.5,1394.2
Ivory Coast,1936,26.4,1326.6
Ivory Coast,1937,27.0,1339.6
Ivory Coast,1938,27.1,1462.2
Ivory Coast,1939,26.9,1318.6
Ivory Coast,1940,26.6,1328.1
Ivory Coast,1941,26.9,1400.4
Ivory Coast,1942,26.7,1255.5
Ivory Coast,1943,26.3,1496.9
Ivory Coast,1944,26.8,1389.9
Ivory Coast,1945,26.6,1310.5
Ivory Coast,1946,26.4,1114.4
Ivory Coast,1947,26.7,1442.2
Ivory Coast,1948,26.3,1213.4
Ivory Coast,1949,26.7,1534.0
Ivory Coast,1950,26.2,1246.1
Ivory Coast,1951,26.7,1576.8
Ivory Coast,1952,26.6,1574.8
Ivory Coast,1953,26.6,1467.6
Ivory Coast,1954,26.4,1573.2
Ivory Coast,1955,26.3,1656.5
Ivory Coast,1956,26.3,1284.5
Ivory Coast,1957,26.5,1667.2
Ivory Coast,1958,26.6,1094.2
Ivory Coast,1959,26.6,1544.2
Ivory Coast,1960,26.5,1484.8
Ivory Coast,1961,26.3,1222.3
Ivory Coast,1962,26.3,1566.0
Ivory Coast,1963,26.6,1668.3
Ivory Coast,1964,26.2,1397.0
Ivory Coast,1965,26.2,1303.9
Ivory Coast,1966,26.6,1410.3
Ivory Coast,1967,26.2,1207.9
Ivory Coast,1968,26.5,1731.5
Ivory Coast,1969,26.8,1316.5
Ivory Coast,1970,26.7,1255.6
Ivory Coast,1971,26.0,1355.4
Ivory Coast,1972,26.3,1264.1
Ivory Coast,1973,26.7,1255.2
Ivory Coast,1974,26.1,1287.8
Ivory Coast,1975,25.9,1294.7
Ivory Coast,1976,25.8,1255.8
Ivory Coast,1977,26.4,1152.8
Ivory Coast,1978,26.2,1237.4
Ivory Coast,1979,26.4,1449.5
Ivory Coast,1980,26.5,1352.6
Ivory Coast,1981,26.6,1222.1
Ivory Coast,1982,26.3,1214.8
Ivory Coast,1983,26.8,920.4
Ivory Coast,1984,26.7,1329.4
Ivory Coast,1985,26.6,1316.0
Ivory Coast,1986,26.4,1112.2
Ivory Coast,1987,27.2,1331.3
Ivory Coast,1988,26.7,1285.6
Ivory Coast,1989,26.5,1368.2
Ivory Coast,1990,26.7,1159.8
Ivory Coast,1991,26.6,1185.7
Ivory Coast,1992,26.4,1111.0
Ivory Coast,1993,26.6,1199.1
Ivory Coast,1994,26.5,1276.0
Ivory Coast,1995,26.8,1325.2
Ivory Coast,1996,26.8,1334.0
Ivory Coast,1997,26.8,1150.8
Ivory Coast,1998,27.3,1148.9
Ivory Coast,1999,26.7,1358.0
Ivory Coast,2000,26.7,1266.3
Ivory Coast,2001,26.8,1381.6
Ivory Coast,2002,27.0,1276.1
Ivory Coast,2003,27.0,1389.4
Ivory Coast,2004,27.0,1284.5
Ivory Coast,2005,27.2,1242.2
Ivory Coast,2006,26.9,1349.5
Ivory Coast,2007,27.0,1260.8
Ivory Coast,2008,26.7,1322.6
Ivory Coast,2009,27.0,1340.5
Ivory Coast,2010,27.3,1550.5
Ivory Coast,2011,27.0,1315.4
Ivory Coast,2012,26.7,1239.8
Ivory Coast,2013,27.0,1140.5
Ivory Coast,2014,27.0,1420.0
Ivory Coast,2015,27.2,1116.0
Ivory Coast,2016,27.4,1227.4
Ivory Coast,2017,27.3,1147.3
Ivory Coast,2018,27.2,1451.8
Ivory Coast,2019,27.1,1429.8
Ivory Coast,2020,27.3,1314.0
Ivory Coast,2021,27.5,1356.6
Ivory Coast,2022,26.9,1391.0
Ivory Coast,2023,27.4,1284.7
Ivory Coast,2024,27.5,1248.0
Jamaica,1901,25.4,2467.7
Jamaica,1902,25.6,1519.6
Jamaica,1903,25.6,1642.1
Jamaica,1904,25.5,2268.1
Jamaica,1905,25.8,2899.1
Jamaica,1906,25.5,2910.5
Jamaica,1907,25.7,1202.0
Jamaica,1908,25.6,1689.3
Jamaica,1909,25.6,2506.2
Jamaica,1910,25.2,2553.8
Jamaica,1911,25.7,1195.5
Jamaica,1912,25.9,988.3
Jamaica,1913,25.7,1294.2
Jamaica,1914,25.6,839.1
Jamaica,1915,25.6,3949.1
Jamaica,1916,25.6,3000.8
Jamaica,1917,25.4,2017.2
Jamaica,1918,25.7,1843.5
Jamaica,1919,25.7,2606.4
Jamaica,1920,25.6,1077.0
Jamaica,1921,25.7,1943.3
Jamaica,1922,25.7,1289.9
Jamaica,1923,25.7,1710.5
Jamaica,1924,25.9,2207.8
Jamaica,1925,25.9,1375.2
Jamaica,1926,25.9,1525.5
Jamaica,1927,25.7,1807.0
Jamaica,1928,25.6,1630.0
Jamaica,1929,25.8,1105.4
Jamaica,1930,25.6,1320.5
Jamaica,1931,25.6,2549.1
Jamaica,1932,25.8,1767.6
Jamaica,1933,25.9,3149.6
Jamaica,1934,25.7,2083.5
Jamaica,1935,25.7,1880.5
Jamaica,1936,25.8,2774.2
Jamaica,1937,25.8,2446.7
Jamaica,1938,25.6,1969.6
Jamaica,1939,25.7,1918.7
Jamaica,1940,25.6,1824.0
Jamaica,1941,25.9,1551.7
Jamaica,1942,25.9,2679.9
Jamaica,1943,25.5,1848.3
Jamaica,1944,25.6,2309.7
Jamaica,1945,25.3,2197.8
Jamaica,1946,25.5,1445.4
Jamaica,1947,25.8,1688.5
Jamaica,1948,26.2,2455.3
Jamaica,1949,25.4,1819.1
Jamaica,1950,25.0,2105.0
Jamaica,1951,25.5,1826.8
Jamaica,1952,25.7,1807.6
Jamaica,1953,25.7,1868.6
Jamaica,1954,25.4,2082.0
Jamaica,1955,25.2,1950.0
Jamaica,1956,25.2,1804.6
Jamaica,1957,25.7,1576.4
Jamaica,1958,25.9,2497.0
Jamaica,1959,25.9,1518.6
Jamaica,1960,25.8,2464.7
Jamaica,1961,25.7,2041.3
Jamaica,1962,25.6,1458.3
Jamaica,1963,25.6,2809.3
Jamaica,1964,25.7,1836.3
Jamaica,1965,25.6,1534.5
Jamaica,1966,25.6,2242.9
Jamaica,1967,25.6,1089.4
Jamaica,1968,25.5,1551.5
Jamaica,1969,26.0,2311.9
Jamaica,1970,25.6,2176.7
Jamaica,1971,25.5,1705.0
Jamaica,1972,25.9,1882.9
Jamaica,1973,26.0,2111.9
Jamaica,1974,25.6,2019.2
Jamaica,1975,25.7,1563.5
Jamaica,1976,25.7,1180.4
Jamaica,1977,26.0,1695.3
Jamaica,1978,26.0,1942.0
Jamaica,1979,25.9,2646.9
Jamaica,1980,26.2,2065.0
Jamaica,1981,26.0,2006.3
Jamaica,1982,26.0,1361.8
Jamaica,1983,26.1,1516.4
Jamaica,1984,25.7,1850.2
Jamaica,1985,25.7,1447.4
Jamaica,1986,25.7,1878.3
Jamaica,1987,26.4,2286.4
Jamaica,1988,26.1,2054.6
Jamaica,1989,25.9,1588.3
Jamaica,1990,26.1,1758.1
Jamaica,1991,26.1,1633.9
Jamaica,1992,26.2,1361.5
Jamaica,1993,26.3,2307.0
Jamaica,1994,26.5,1538.4
Jamaica,1995,26.4,2126.7
Jamaica,1996,25.9,2121.6
Jamaica,1997,26.6,1479.6
Jamaica,1998,26.9,1984.8
Jamaica,1999,26.3,2026.9
Jamaica,2000,26.3,1627.5
Jamaica,2001,26.4,1861.2
Jamaica,2002,26.7,1659.4
Jamaica,2003,26.6,2216.8
Jamaica,2004,26.5,1567.4
Jamaica,2005,26.4,2870.6
Jamaica,2006,26.6,1510.3
Jamaica,2007,26.3,2953.6
Jamaica,2008,26.0,2022.7
Jamaica,2009,26.2,1337.0
Jamaica,2010,26.0,3311.4
Jamaica,2011,25.9,2503.8
Jamaica,2012,26.2,2055.3
Jamaica,2013,26.6,1715.7
Jamaica,2014,26.7,1650.1
Jamaica,2015,27.0,1188.8
Jamaica,2016,26.8,1580.7
Jamaica,2017,26.7,2819.0
Jamaica,2018,26.7,1499.4
Jamaica,2019,26.8,1607.3
Jamaica,2020,26.9,2474.6
Jamaica,2021,26.6,1990.2
Jamaica,2022,26.6,1526.9
Jamaica,2023,27.1,1952.3
Jamaica,2024,27.2,2361.3
Jan Mayen,1901,-3.1,829.2
Jan Mayen,1902,-3.9,829.2
Jan Mayen,1903,-3.6,829.2
Jan Mayen,1904,-3.4,829.2
Jan Mayen,1905,-3.4,829.2
Jan Mayen,1906,-3.7,829.2
Jan Mayen,1907,-3.7,829.2
Jan Mayen,1908,-3.1,829.2
Jan Mayen,1909,-3.5,829.2
Jan Mayen,1910,-3.5,829.2
Jan Mayen,1911,-3.2,829.2
Jan Mayen,1912,-3.6,829.2
Jan Mayen,1913,-3.2,829.2
Jan Mayen,1914,-3.5,829.2
Jan Mayen,1915,-3.8,829.2
Jan Mayen,1916,-3.4,829.2
Jan Mayen,1917,-3.9,829.2
Jan Mayen,1918,-3.3,829.2
Jan Mayen,1919,-3.7,829.2
Jan Mayen,1920,-3.0,829.2
Jan Mayen,1921,-3.4,458.6
Jan Mayen,1922,-2.6,445.9
Jan Mayen,1923,-2.8,513.9
Jan Mayen,1924,-2.2,502.9
Jan Mayen,1925,-2.5,569.3
Jan Mayen,1926,-2.5,238.4
Jan Mayen,1927,-2.8,390.7
Jan Mayen,1928,-2.4,627.4
Jan Mayen,1929,-2.2,524.9
Jan Mayen,1930,-1.8,514.3
Jan Mayen,1931,-2.5,701.1
Jan Mayen,1932,-2.4,583.5
Jan Mayen,1933,-1.6,707.9
Jan Mayen,1934,-1.8,666.1
Jan Mayen,1935,-2.4,786.0
Jan Mayen,1936,-2.7,692.6
Jan Mayen,1937,-2.0,749.0
Jan Mayen,1938,-1.7,1041.4
Jan Mayen,1939,-1.9,564.1
Jan Mayen,1940,-2.7,878.9
Jan Mayen,1941,-2.8,691.3
Jan Mayen,1942,-3.5,649.3
Jan Mayen,1943,-3.3,402.8
Jan Mayen,1944,-3.1,571.9
Jan Mayen,1945,-2.1,542.8
Jan Mayen,1946,-1.8,691.7
Jan Mayen,1947,-2.6,1014.5
Jan Mayen,1948,-3.0,654.0
Jan Mayen,1949,-2.8,899.4
Jan Mayen,1950,-2.2,823.6
Jan Mayen,1951,-3.5,941.0
Jan Mayen,1952,-2.8,703.3
Jan Mayen,1953,-2.1,1059.5
Jan Mayen,1954,-2.4,779.5
Jan Mayen,1955,-3.3,816.7
Jan Mayen,1956,-2.5,926.8
Jan Mayen,1957,-2.3,975.1
Jan Mayen,1958,-2.5,982.8
Jan Mayen,1959,-2.6,1038.4
Jan Mayen,1960,-1.7,800.5
Jan Mayen,1961,-2.3,814.8
Jan Mayen,1962,-3.2,701.7
Jan Mayen,1963,-3.3,856.7
Jan Mayen,1964,-2.5,677.4
Jan Mayen,1965,-3.5,649.4
Jan Mayen,1966,-4.0,659.8
Jan Mayen,1967,-4.1,596.1
Jan Mayen,1968,-4.7,666.2
Jan Mayen,1969,-4.4,757.2
Jan Mayen,1970,-3.6,715.2
Jan Mayen,1971,-3.9,919.7
Jan Mayen,1972,-1.9,1096.3
Jan Mayen,1973,-4.0,1031.3
Jan Mayen,1974,-2.0,1098.7
Jan Mayen,1975,-3.6,773.7
Jan Mayen,1976,-2.2,905.0
Jan Mayen,1977,-3.4,929.6
Jan Mayen,1978,-3.4,677.2
Jan Mayen,1979,-4.2,971.9
Jan Mayen,1980,-2.8,939.0
Jan Mayen,1981,-4.0,761.5
Jan Mayen,1982,-3.3,791.2
Jan Mayen,1983,-3.5,770.7
Jan Mayen,1984,-1.8,807.2
Jan Mayen,1985,-3.2,877.7
Jan Mayen,1986,-2.9,798.0
Jan Mayen,1987,-2.3,969.7
Jan Mayen,1988,-3.7,790.7
Jan Mayen,1989,-3.1,972.5
Jan Mayen,1990,-2.3,899.5
Jan Mayen,1991,-1.8,860.6
Jan Mayen,1992,-2.5,901.3
Jan Mayen,1993,-2.8,849.3
Jan Mayen,1994,-2.6,922.6
Jan Mayen,1995,-3.2,622.2
Jan Mayen,1996,-2.7,700.4
Jan Mayen,1997,-2.8,818.7
Jan Mayen,1998,-2.9,740.4
Jan Mayen,1999,-2.1,806.2
Jan Mayen,2000,-2.3,799.0
Jan Mayen,2001,-2.4,769.2
Jan Mayen,2002,-1.7,635.9
Jan Mayen,2003,-1.7,807.3
Jan Mayen,2004,-1.5,821.3
Jan Mayen,2005,-2.0,989.9
Jan Mayen,2006,-1.4,888.8
Jan Mayen,2007,-1.8,778.1
Jan Mayen,2008,-1.8,738.0
Jan Mayen,2009,-1.7,774.0
Jan Mayen,2010,-1.9,598.1
Jan Mayen,2011,-1.5,1074.4
Jan Mayen,2012,-1.9,657.8
Jan Mayen,2013,-1.9,698.6
Jan Mayen,2014,-0.7,653.7
Jan Mayen,2015,-1.6,822.7
Jan Mayen,2016,-0.6,772.8
Jan Mayen,2017,-1.0,656.5
Jan Mayen,2018,-0.7,824.3
Jan Mayen,2019,-1.4,755.7
Jan Mayen,2020,-1.5,1045.9
Jan Mayen,2021,-0.9,750.3
Jan Mayen,2022,-1.0,867.9
Jan Mayen,2023,-1.6,814.2
Jan Mayen,2024,-1.3,919.5
Japan,1901,10.6,1718.1
Japan,1902,10.6,1822.7
Japan,1903,10.8,1877.9
Japan,1904,10.8,1602.9
Japan,1905,10.7,1995.2
Japan,1906,10.2,1682.9
Japan,1907,10.4,1701.1
Japan,1908,10.2,1651.2
Japan,1909,10.4,1743.3
Japan,1910,10.4,1742.6
Japan,1911,11.0,1983.8
Japan,1912,10.5,1728.4
Japan,1913,10.0,1532.9
Japan,1914,11.5,1723.8
Japan,1915,11.1,1834.7
Japan,1916,11.5,1804.2
Japan,1917,10.3,1633.3
Japan,1918,10.5,1746.1
Japan,1919,10.9,1708.2
Japan,1920,11.2,1828.3
Japan,1921,10.5,1811.7
Japan,1922,11.1,1679.7
Japan,1923,11.0,2038.3
Japan,1924,10.6,1428.2
Japan,1925,10.7,1602.9
Japan,1926,10.3,1513.5
Japan,1927,10.7,1610.1
Japan,1928,11.1,1681.1
Japan,1929,10.8,1555.6
Japan,1930,11.3,1538.3
Japan,1931,10.6,1747.1
Japan,1932,11.0,1673.8
Japan,1933,11.0,1539.6
Japan,1934,10.5,1487.4
Japan,1935,10.9,1908.3
Japan,1936,10.5,1676.8
Japan,1937,11.3,1648.7
Japan,1938,11.1,1667.6
Japan,1939,11.0,1438.5
Japan,1940,10.9,1426.9
Japan,1941,10.9,1867.4
Japan,1942,11.0,1545.9
Japan,1943,10.9,1576.2
Japan,1944,10.7,1449.7
Japan,1945,10.2,1834.9
Japan,1946,11.3,1667.8
Japan,1947,10.3,1617.9
Japan,1948,11.7,1684.4
Japan,1949,11.0,1854.3
Japan,1950,11.4,1827.4
Japan,1951,11.0,1705.0
Japan,1952,10.9,1782.6
Japan,1953,11.0,1845.2
Japan,1954,11.3,1957.1
Japan,1955,11.7,1768.2
Japan,1956,11.0,1799.8
Japan,1957,11.0,1790.6
Japan,1958,11.6,1816.4
Japan,1959,12.0,1854.9
Japan,1960,11.6,1572.4
Japan,1961,12.0,1708.9
Japan,1962,11.4,1648.5
Japan,1963,11.2,1787.4
Japan,1964,11.6,1668.3
Japan,1965,10.9,1783.0
Japan,1966,11.3,1900.9
Japan,1967,11.5,1536.3
Japan,1968,11.3,1609.7
Japan,1969,11.1,1589.3
Japan,1970,11.1,1630.2
Japan,1971,11.1,1625.4
Japan,1972,11.6,2036.5
Japan,1973,11.5,1472.8
Japan,1974,11.0,1647.0
Japan,1975,11.6,1727.2
Japan,1976,10.9,1746.5
Japan,1977,11.5,1515.8
Japan,1978,11.8,1292.2
Japan,1979,12.1,1785.2
Japan,1980,11.0,1999.4
Japan,1981,10.9,1676.8
Japan,1982,11.6,1612.9
Japan,1983,11.4,1678.1
Japan,1984,11.0,1254.9
Japan,1985,11.6,1720.8
Japan,1986,11.0,1465.0
Japan,1987,11.8,1565.9
Japan,1988,11.2,1602.6
Japan,1989,12.2,1873.1
Japan,1990,12.8,1824.3
Japan,1991,12.2,1834.6
Japan,1992,11.9,1576.9
Japan,1993,11.4,2007.2
Japan,1994,12.6,1247.1
Japan,1995,11.9,1537.8
Japan,1996,11.5,1421.8
Japan,1997,12.1,1657.9
Japan,1998,12.8,1978.4
Japan,1999,12.5,1785.0
Japan,2000,12.3,1582.8
Japan,2001,12.0,1619.9
Japan,2002,12.3,1615.7
Japan,2003,12.0,1787.3
Japan,2004,12.9,1756.9
Japan,2005,12.0,1438.9
Japan,2006,12.2,1858.2
Japan,2007,12.7,1506.9
Japan,2008,12.3,1543.9
Japan,2009,12.4,1701.8
Japan,2010,12.7,1835.1
Japan,2011,12.2,1791.9
Japan,2012,12.0,1803.2
Japan,2013,12.4,1751.3
Japan,2014,12.2,1785.9
Japan,2015,12.7,1840.1
Japan,2016,12.8,1906.2
Japan,2017,12.2,1564.4
Japan,2018,12.7,1878.0
Japan,2019,12.9,1606.8
Japan,2020,13.0,1838.4
Japan,2021,13.0,1848.3
Japan,2022,12.9,1638.4
Japan,2023,13.5,1708.6
Japan,2024,13.6,1851.6
Jordan,1901,18.2,102.9
Jordan,1902,17.7,134.4
Jordan,1903,16.8,102.2
Jordan,1904,17.3,159.3
Jordan,1905,17.6,150.8
Jordan,1906,17.9,136.0
Jordan,1907,17.4,145.0
Jordan,1908,17.6,137.3
Jordan,1909,18.6,126.4
Jordan,1910,17.6,111.4
Jordan,1911,17.5,194.9
Jordan,1912,17.7,142.1
Jordan,1913,17.7,136.1
Jordan,1914,18.2,129.8
Jordan,1915,18.9,90.7
Jordan,1916,19.0,140.7
Jordan,1917,18.5,124.4
Jordan,1918,18.5,160.7
Jordan,1919,18.7,135.7
Jordan,1920,18.1,144.4
Jordan,1921,18.0,129.7
Jordan,1922,18.6,117.1
Jordan,1923,18.7,108.1
Jordan,1924,18.6,131.0
Jordan,1925,18.7,92.2
Jordan,1926,18.4,120.0
Jordan,1927,18.8,124.8
Jordan,1928,19.0,105.5
Jordan,1929,18.3,125.7
Jordan,1930,18.9,94.2
Jordan,1931,18.6,124.4
Jordan,1932,18.6,77.3
Jordan,1933,17.9,80.2
Jordan,1934,18.5,118.5
Jordan,1935,19.0,119.6
Jordan,1936,18.8,115.8
Jordan,1937,19.0,118.5
Jordan,1938,18.2,170.0
Jordan,1939,18.9,145.2
Jordan,1940,18.7,119.2
Jordan,1941,18.7,123.0
Jordan,1942,18.6,133.3
Jordan,1943,18.2,139.4
Jordan,1944,18.4,200.7
Jordan,1945,17.9,139.2
Jordan,1946,18.6,90.7
Jordan,1947,19.1,92.4
Jordan,1948,17.8,131.9
Jordan,1949,17.6,158.2
Jordan,1950,18.0,114.0
Jordan,1951,19.1,116.2
Jordan,1952,19.2,102.0
Jordan,1953,18.3,170.5
Jordan,1954,18.9,144.7
Jordan,1955,19.3,90.0
Jordan,1956,18.4,95.7
Jordan,1957,18.4,148.8
Jordan,1958,18.9,56.4
Jordan,1959,17.8,92.6
Jordan,1960,19.5,62.9
Jordan,1961,18.3,136.5
Jordan,1962,19.6,58.3
Jordan,1963,19.1,128.2
Jordan,1964,17.9,120.6
Jordan,1965,18.6,134.0
Jordan,1966,19.3,127.7
Jordan,1967,17.6,142.9
Jordan,1968,18.5,128.1
Jordan,1969,18.8,122.0
Jordan,1970,18.5,91.2
Jordan,1971,18.1,159.4
Jordan,1972,17.9,122.3
Jordan,1973,18.2,77.4
Jordan,1974,18.2,176.6
Jordan,1975,18.1,110.3
Jordan,1976,18.0,99.8
Jordan,1977,18.2,130.2
Jordan,1978,18.5,71.0
Jordan,1979,19.0,143.1
Jordan,1980,18.4,158.9
Jordan,1981,18.4,79.7
Jordan,1982,17.7,148.0
Jordan,1983,17.6,125.5
Jordan,1984,18.1,102.2
Jordan,1985,18.7,121.5
Jordan,1986,18.5,135.1
Jordan,1987,18.5,100.9
Jordan,1988,18.5,186.4
Jordan,1989,18.5,83.3
Jordan,1990,18.7,103.3
Jordan,1991,18.6,156.4
Jordan,1992,17.6,147.2
Jordan,1993,18.5,107.1
Jordan,1994,19.1,163.1
Jordan,1995,18.8,77.5
Jordan,1996,19.3,108.7
Jordan,1997,18.4,134.8
Jordan,1998,19.7,92.3
Jordan,1999,19.6,66.0
Jordan,2000,19.0,96.5
Jordan,2001,19.7,107.4
Jordan,2002,19.5,127.5
Jordan,2003,19.5,135.0
Jordan,2004,19.3,97.4
Jordan,2005,19.2,92.6
Jordan,2006,19.1,97.0
Jordan,2007,19.3,98.2
Jordan,2008,19.6,70.3
Jordan,2009,19.4,79.6
Jordan,2010,21.1,105.6
Jordan,2011,19.0,108.7
Jordan,2012,19.7,100.0
Jordan,2013,19.5,118.9
Jordan,2014,19.7,119.0
Jordan,2015,19.7,105.2
Jordan,2016,20.0,107.9
Jordan,2017,19.6,52.7
Jordan,2018,20.3,122.7
Jordan,2019,19.7,116.0
Jordan,2020,19.8,140.5
Jordan,2021,20.1,89.8
Jordan,2022,19.6,130.9
Jordan,2023,20.3,147.8
Jordan,2024,20.2,90.9
Juan Fernandez Isl,1901,14.8,793.3
Juan Fernandez Isl,1902,14.9,1171.6
Juan Fernandez Isl,1903,14.5,918.6
Juan Fernandez Isl,1904,15.0,1185.0
Juan Fernandez Isl,1905,14.8,976.1
Juan Fernandez Isl,1906,14.7,848.0
Juan Fernandez Isl,1907,13.9,968.7
Juan Fernandez Isl,1908,14.5,982.4
Juan Fernandez Isl,1909,14.2,905.5
Juan Fernandez Isl,1910,14.5,723.3
Juan Fernandez Isl,1911,14.4,617.2
Juan Fernandez Isl,1912,15.0,996.0
Juan Fernandez Isl,1913,15.2,1018.5
Juan Fernandez Isl,1914,14.6,1043.7
Juan Fernandez Isl,1915,14.5,893.8
Juan Fernandez Isl,1916,14.4,719.8
Juan Fernandez Isl,1917,14.9,637.1
Juan Fernandez Isl,1918,14.8,801.7
Juan Fernandez Isl,1919,15.0,1246.1
Juan Fernandez Isl,1920,14.9,932.4
Juan Fernandez Isl,1921,14.5,939.0
Juan Fernandez Isl,1922,14.6,1645.7
Juan Fernandez Isl,1923,14.2,1173.8
Juan Fernandez Isl,1924,14.6,777.3
Juan Fernandez Isl,1925,14.8,1034.1
Juan Fernandez Isl,1926,15.1,1062.2
Juan Fernandez Isl,1927,14.8,1111.9
Juan Fernandez Isl,1928,14.1,1208.8
Juan Fernandez Isl,1929,14.7,794.1
Juan Fernandez Isl,1930,15.2,827.5
Juan Fernandez Isl,1931,14.8,904.8
Juan Fernandez Isl,1932,14.8,834.7
Juan Fernandez Isl,1933,14.5,702.3
Juan Fernandez Isl,1934,14.2,660.5
Juan Fernandez Isl,1935,14.6,824.5
Juan Fernandez Isl,1936,14.4,775.4
Juan Fernandez Isl,1937,14.3,563.1
Juan Fernandez Isl,1938,14.2,684.5
Juan Fernandez Isl,1939,15.1,917.1
Juan Fernandez Isl,1940,14.7,983.7
Juan Fernandez Isl,1941,14.6,1150.3
Juan Fernandez Isl,1942,14.7,918.2
Juan Fernandez Isl,1943,14.8,786.0
Juan Fernandez Isl,1944,15.3,1071.6
Juan Fernandez Isl,1945,15.7,993.1
Juan Fernandez Isl,1946,15.1,966.2
Juan Fernandez Isl,1947,15.2,904.1
Juan Fernandez Isl,1948,14.9,1169.8
Juan Fernandez Isl,1949,15.0,1071.0
Juan Fernandez Isl,1950,14.9,1019.7
Juan Fernandez Isl,1951,15.3,1055.0
Juan Fernandez Isl,1952,15.3,805.1
Juan Fernandez Isl,1953,15.2,890.1
Juan Fernandez Isl,1954,15.0,748.0
Juan Fernandez Isl,1955,14.9,631.6
Juan Fernandez Isl,1956,14.7,970.6
Juan Fernandez Isl,1957,15.1,646.2
Juan Fernandez Isl,1958,15.0,1008.5
Juan Fernandez Isl,1959,14.8,968.8
Juan Fernandez Isl,1960,15.4,838.2
Juan Fernandez Isl,1961,14.9,887.5
Juan Fernandez Isl,1962,15.0,822.7
Juan Fernandez Isl,1963,14.8,1157.1
Juan Fernandez Isl,1964,14.8,791.2
Juan Fernandez Isl,1965,14.9,1104.3
Juan Fernandez Isl,1966,14.3,1032.8
Juan Fernandez Isl,1967,14.3,719.1
Juan Fernandez Isl,1968,14.9,933.3
Juan Fernandez Isl,1969,14.6,918.8
Juan Fernandez Isl,1970,14.7,945.9
Juan Fernandez Isl,1971,14.4,779.6
Juan Fernandez Isl,1972,14.8,1517.0
Juan Fernandez Isl,1973,14.2,798.6
Juan Fernandez Isl,1974,14.3,856.4
Juan Fernandez Isl,1975,14.3,950.0
Juan Fernandez Isl,1976,14.3,852.3
Juan Fernandez Isl,1977,15.1,1010.9
Juan Fernandez Isl,1978,15.0,721.1
Juan Fernandez Isl,1979,14.8,1017.8
Juan Fernandez Isl,1980,15.0,1548.0
Juan Fernandez Isl,1981,15.0,1074.1
Juan Fernandez Isl,1982,15.0,1112.4
Juan Fernandez Isl,1983,14.6,861.2
Juan Fernandez Isl,1984,14.2,1118.5
Juan Fernandez Isl,1985,14.8,1117.4
Juan Fernandez Isl,1986,14.8,1265.6
Juan Fernandez Isl,1987,15.1,1012.2
Juan Fernandez Isl,1988,14.5,780.2
Juan Fernandez Isl,1989,15.0,889.1
Juan Fernandez Isl,1990,14.7,856.4
Juan Fernandez Isl,1991,14.6,948.7
Juan Fernandez Isl,1992,14.5,1092.5
Juan Fernandez Isl,1993,14.9,854.2
Juan Fernandez Isl,1994,15.1,619.7
Juan Fernandez Isl,1995,14.6,820.5
Juan Fernandez Isl,1996,14.8,819.1
Juan Fernandez Isl,1997,15.1,1201.6
Juan Fernandez Isl,1998,14.8,838.4
Juan Fernandez Isl,1999,14.6,1022.2
Juan Fernandez Isl,2000,14.4,1110.4
Juan Fernandez Isl,2001,14.7,943.2
Juan Fernandez Isl,2002,14.3,1299.1
Juan Fernandez Isl,2003,14.9,805.3
Juan Fernandez Isl,2004,14.7,808.6
Juan Fernandez Isl,2005,14.5,1214.1
Juan Fernandez Isl,2006,14.9,1019.2
Juan Fernandez Isl,2007,14.0,941.9
Juan Fernandez Isl,2008,15.3,973.2
Juan Fernandez Isl,2009,15.0,1018.6
Juan Fernandez Isl,2010,14.3,846.4
Juan Fernandez Isl,2011,14.5,848.7
Juan Fernandez Isl,2012,15.1,759.1
Juan Fernandez Isl,2013,15.0,672.1
Juan Fernandez Isl,2014,15.0,821.6
Juan Fernandez Isl,2015,15.3,734.8
Juan Fernandez Isl,2016,15.3,755.5
Juan Fernandez Isl,2017,15.1,1066.0
Juan Fernandez Isl,2018,14.8,1008.1
Juan Fernandez Isl,2019,14.9,664.5
Juan Fernandez Isl,2020,15.0,794.2
Juan Fernandez Isl,2021,14.8,936.9
Juan Fernandez Isl,2022,14.8,877.7
Juan Fernandez Isl,2023,15.2,934.3
Juan Fernandez Isl,2024,14.9,987.8
Kara Sea Isl,1901,-14.1,224.3
Kara Sea Isl,1902,-14.1,224.3
Kara Sea Isl,1903,-14.0,224.3
Kara Sea Isl,1904,-14.0,224.3
Kara Sea Isl,1905,-14.0,224.3
Kara Sea Isl,1906,-14.0,224.3
Kara Sea Isl,1907,-14.0,224.3
Kara Sea Isl,1908,-14.0,224.3
Kara Sea Isl,1909,-14.0,224.3
Kara Sea Isl,1910,-14.1,224.3
Kara Sea Isl,1911,-14.0,224.3
Kara Sea Isl,1912,-14.1,224.3
Kara Sea Isl,1913,-14.0,224.3
Kara Sea Isl,1914,-14.0,224.3
Kara Sea Isl,1915,-14.0,224.3
Kara Sea Isl,1916,-14.1,217.1
Kara Sea Isl,1917,-14.8,177.5
Kara Sea Isl,1918,-14.1,190.9
Kara Sea Isl,1919,-14.2,190.1
Kara Sea Isl,1920,-13.2,209.7
Kara Sea Isl,1921,-13.8,212.8
Kara Sea Isl,1922,-13.5,189.1
Kara Sea Isl,1923,-13.4,179.3
Kara Sea Isl,1924,-12.7,182.5
Kara Sea Isl,1925,-14.1,172.8
Kara Sea Isl,1926,-13.9,185.1
Kara Sea Isl,1927,-13.9,178.7
Kara Sea Isl,1928,-13.1,178.4
Kara Sea Isl,1929,-13.4,196.9
Kara Sea Isl,1930,-13.6,162.6
Kara Sea Isl,1931,-13.2,148.2
Kara Sea Isl,1932,-13.0,158.1
Kara Sea Isl,1933,-14.3,142.5
Kara Sea Isl,1934,-12.8,190.2
Kara Sea Isl,1935,-13.4,161.8
Kara Sea Isl,1936,-13.4,145.4
Kara Sea Isl,1937,-13.2,166.0
Kara Sea Isl,1938,-12.2,212.1
Kara Sea Isl,1939,-13.2,193.6
Kara Sea Isl,1940,-14.0,183.0
Kara Sea Isl,1941,-13.9,206.3
Kara Sea Isl,1942,-12.7,165.8
Kara Sea Isl,1943,-12.2,171.9
Kara Sea Isl,1944,-12.5,193.2
Kara Sea Isl,1945,-12.5,205.0
Kara Sea Isl,1946,-13.8,158.0
Kara Sea Isl,1947,-13.0,209.6
Kara Sea Isl,1948,-12.9,174.9
Kara Sea Isl,1949,-13.2,178.0
Kara Sea Isl,1950,-13.6,169.3
Kara Sea Isl,1951,-13.4,175.1
Kara Sea Isl,1952,-13.5,197.9
Kara Sea Isl,1953,-11.3,230.0
Kara Sea Isl,1954,-11.6,278.7
Kara Sea Isl,1955,-13.8,243.5
Kara Sea Isl,1956,-12.1,212.7
Kara Sea Isl,1957,-14.9,216.8
Kara Sea Isl,1958,-15.7,211.6
Kara Sea Isl,1959,-12.4,224.8
Kara Sea Isl,1960,-14.8,193.7
Kara Sea Isl,1961,-13.6,263.7
Kara Sea Isl,1962,-13.9,253.0
Kara Sea Isl,1963,-16.0,243.1
Kara Sea Isl,1964,-14.3,235.7
Kara Sea Isl,1965,-14.4,209.7
Kara Sea Isl,1966,-15.4,243.9
Kara Sea Isl,1967,-13.1,313.3
Kara Sea Isl,1968,-15.0,249.8
Kara Sea Isl,1969,-13.9,214.4
Kara Sea Isl,1970,-14.6,199.9
Kara Sea Isl,1971,-13.5,238.5
Kara Sea Isl,1972,-13.9,255.2
Kara Sea Isl,1973,-14.2,204.1
Kara Sea Isl,1974,-14.0,233.4
Kara Sea Isl,1975,-13.3,184.9
Kara Sea Isl,1976,-13.6,218.2
Kara Sea Isl,1977,-14.4,222.8
Kara Sea Isl,1978,-14.6,199.1
Kara Sea Isl,1979,-15.6,172.6
Kara Sea Isl,1980,-14.1,200.8
Kara Sea Isl,1981,-13.4,202.0
Kara Sea Isl,1982,-14.3,181.6
Kara Sea Isl,1983,-13.3,200.4
Kara Sea Isl,1984,-11.9,195.2
Kara Sea Isl,1985,-12.4,203.2
Kara Sea Isl,1986,-14.1,209.6
Kara Sea Isl,1987,-14.7,252.2
Kara Sea Isl,1988,-14.3,253.2
Kara Sea Isl,1989,-14.5,275.2
Kara Sea Isl,1990,-13.4,210.5
Kara Sea Isl,1991,-13.8,227.0
Kara Sea Isl,1992,-15.0,212.9
Kara Sea Isl,1993,-13.5,207.3
Kara Sea Isl,1994,-13.8,165.7
Kara Sea Isl,1995,-11.8,196.9
Kara Sea Isl,1996,-13.3,161.3
Kara Sea Isl,1997,-13.3,211.3
Kara Sea Isl,1998,-14.7,151.4
Kara Sea Isl,1999,-12.7,240.4
Kara Sea Isl,2000,-12.1,182.4
Kara Sea Isl,2001,-12.3,196.5
Kara Sea Isl,2002,-14.0,240.2
Kara Sea Isl,2003,-14.1,206.8
Kara Sea Isl,2004,-13.8,175.3
Kara Sea Isl,2005,-10.9,251.0
Kara Sea Isl,2006,-11.4,247.9
Kara Sea Isl,2007,-11.1,222.0
Kara Sea Isl,2008,-11.4,260.5
Kara Sea Isl,2009,-11.2,289.4
Kara Sea Isl,2010,-11.2,218.7
Kara Sea Isl,2011,-8.9,243.2
Kara Sea Isl,2012,-8.1,242.5
Kara Sea Isl,2013,-11.6,202.2
Kara Sea Isl,2014,-11.0,225.7
Kara Sea Isl,2015,-10.0,232.5
Kara Sea Isl,2016,-8.0,248.0
Kara Sea Isl,2017,-9.9,200.1
Kara Sea Isl,2018,-10.1,290.5
Kara Sea Isl,2019,-10.5,223.9
Kara Sea Isl,2020,-8.2,252.7
Kara Sea Isl,2021,-11.2,214.0
Kara Sea Isl,2022,-9.6,194.4
Kara Sea Isl,2023,-10.3,220.0
Kara Sea Isl,2024,-9.9,219.0
Kazakhstan,1901,6.0,260.1
Kazakhstan,1902,6.0,270.0
Kazakhstan,1903,5.4,259.7
Kazakhstan,1904,5.9,228.6
Kazakhstan,1905,5.5,257.7
Kazakhstan,1906,6.1,252.5
Kazakhstan,1907,5.0,269.0
Kazakhstan,1908,4.8,259.1
Kazakhstan,1909,6.2,197.2
Kazakhstan,1910,5.8,215.7
Kazakhstan,1911,5.3,240.1
Kazakhstan,1912,5.6,234.3
Kazakhstan,1913,6.3,250.2
Kazakhstan,1914,6.4,280.2
Kazakhstan,1915,7.0,274.0
Kazakhstan,1916,5.5,211.9
Kazakhstan,1917,6.3,198.4
Kazakhstan,1918,5.4,207.7
Kazakhstan,1919,5.2,250.7
Kazakhstan,1920,5.3,237.7
Kazakhstan,1921,6.1,246.2
Kazakhstan,1922,6.5,244.3
Kazakhstan,1923,6.4,233.9
Kazakhstan,1924,5.9,221.5
Kazakhstan,1925,7.0,235.6
Kazakhstan,1926,5.9,260.6
Kazakhstan,1927,5.7,226.1
Kazakhstan,1928,4.8,282.2
Kazakhstan,1929,4.8,192.9
Kazakhstan,1930,5.6,225.8
Kazakhstan,1931,5.1,225.3
Kazakhstan,1932,6.2,211.8
Kazakhstan,1933,5.2,215.5
Kazakhstan,1934,4.7,252.6
Kazakhstan,1935,5.7,199.7
Kazakhstan,1936,6.0,207.6
Kazakhstan,1937,5.4,201.4
Kazakhstan,1938,6.1,222.9
Kazakhstan,1939,6.1,213.3
Kazakhstan,1940,6.5,230.3
Kazakhstan,1941,5.7,274.4
Kazakhstan,1942,5.3,237.9
Kazakhstan,1943,5.2,199.8
Kazakhstan,1944,6.6,170.5
Kazakhstan,1945,4.9,230.3
Kazakhstan,1946,5.7,275.4
Kazakhstan,1947,6.0,271.6
Kazakhstan,1948,6.6,216.1
Kazakhstan,1949,5.1,240.5
Kazakhstan,1950,4.8,213.2
Kazakhstan,1951,5.8,187.4
Kazakhstan,1952,5.4,233.9
Kazakhstan,1953,6.0,275.5
Kazakhstan,1954,4.5,250.1
Kazakhstan,1955,6.5,193.4
Kazakhstan,1956,5.2,242.1
Kazakhstan,1957,5.9,234.6
Kazakhstan,1958,5.8,322.7
Kazakhstan,1959,5.1,252.0
Kazakhstan,1960,5.0,283.5
Kazakhstan,1961,6.9,244.4
Kazakhstan,1962,7.1,227.2
Kazakhstan,1963,7.1,264.7
Kazakhstan,1964,5.5,268.0
Kazakhstan,1965,6.7,235.0
Kazakhstan,1966,6.4,259.4
Kazakhstan,1967,6.5,234.4
Kazakhstan,1968,5.9,228.4
Kazakhstan,1969,4.4,292.7
Kazakhstan,1970,6.1,235.1
Kazakhstan,1971,6.9,233.4
Kazakhstan,1972,4.9,243.6
Kazakhstan,1973,6.5,258.7
Kazakhstan,1974,5.8,187.0
Kazakhstan,1975,7.1,175.4
Kazakhstan,1976,5.2,226.9
Kazakhstan,1977,6.6,225.8
Kazakhstan,1978,6.4,256.2
Kazakhstan,1979,6.7,261.0
Kazakhstan,1980,6.2,244.6
Kazakhstan,1981,7.3,272.0
Kazakhstan,1982,6.7,235.0
Kazakhstan,1983,8.1,246.7
Kazakhstan,1984,5.5,200.0
Kazakhstan,1985,6.0,243.4
Kazakhstan,1986,6.2,221.2
Kazakhstan,1987,5.9,291.2
Kazakhstan,1988,6.8,263.0
Kazakhstan,1989,7.1,240.7
Kazakhstan,1990,7.3,279.0
Kazakhstan,1991,7.2,197.6
Kazakhstan,1992,6.3,255.4
Kazakhstan,1993,5.5,295.6
Kazakhstan,1994,6.1,246.8
Kazakhstan,1995,7.9,202.2
Kazakhstan,1996,5.6,207.4
Kazakhstan,1997,7.4,222.5
Kazakhstan,1998,6.8,234.0
Kazakhstan,1999,7.6,249.6
Kazakhstan,2000,7.4,257.9
Kazakhstan,2001,7.4,257.4
Kazakhstan,2002,7.8,286.5
Kazakhstan,2003,6.7,285.6
Kazakhstan,2004,8.0,265.6
Kazakhstan,2005,7.6,224.4
Kazakhstan,2006,7.5,251.5
Kazakhstan,2007,7.8,240.9
Kazakhstan,2008,7.7,216.8
Kazakhstan,2009,7.1,260.9
Kazakhstan,2010,7.6,234.4
Kazakhstan,2011,6.4,253.3
Kazakhstan,2012,6.9,225.5
Kazakhstan,2013,8.3,288.9
Kazakhstan,2014,6.6,239.3
Kazakhstan,2015,8.0,288.1
Kazakhstan,2016,8.0,326.1
Kazakhstan,2017,7.7,231.1
Kazakhstan,2018,6.7,241.1
Kazakhstan,2019,8.0,225.7
Kazakhstan,2020,8.3,219.3
Kazakhstan,2021,8.1,210.4
Kazakhstan,2022,8.2,249.2
Kazakhstan,2023,9.1,254.5
Kazakhstan,2024,8.2,305.4
Kenya,1901,24.7,666.4
Kenya,1902,24.8,725.9
Kenya,1903,24.8,643.7
Kenya,1904,24.5,703.1
Kenya,1905,24.7,748.8
Kenya,1906,24.4,824.5
Kenya,1907,24.4,655.9
Kenya,1908,24.8,682.6
Kenya,1909,24.2,696.1
Kenya,1910,24.3,586.0
Kenya,1911,24.4,661.6
Kenya,1912,24.1,760.7
Kenya,1913,24.1,672.6
Kenya,1914,24.4,696.7
Kenya,1915,24.3,715.5
Kenya,1916,24.2,763.1
Kenya,1917,24.1,771.2
Kenya,1918,24.2,511.7
Kenya,1919,24.2,616.6
Kenya,1920,24.2,671.3
Kenya,1921,24.9,484.5
Kenya,1922,25.0,619.6
Kenya,1923,24.7,819.2
Kenya,1924,25.3,591.5
Kenya,1925,25.0,636.1
Kenya,1926,25.0,775.6
Kenya,1927,24.9,607.3
Kenya,1928,25.2,575.9
Kenya,1929,24.2,626.4
Kenya,1930,24.0,843.5
Kenya,1931,24.7,639.9
Kenya,1932,24.4,701.4
Kenya,1933,24.5,537.4
Kenya,1934,24.5,575.7
Kenya,1935,24.5,691.8
Kenya,1936,24.4,784.9
Kenya,1937,24.6,831.1
Kenya,1938,24.5,620.7
Kenya,1939,24.7,511.8
Kenya,1940,25.1,728.1
Kenya,1941,24.9,799.0
Kenya,1942,24.9,644.1
Kenya,1943,24.9,548.2
Kenya,1944,25.0,662.9
Kenya,1945,25.0,551.4
Kenya,1946,25.0,590.8
Kenya,1947,24.8,741.3
Kenya,1948,24.7,641.5
Kenya,1949,24.8,460.7
Kenya,1950,24.5,566.3
Kenya,1951,24.8,996.0
Kenya,1952,25.2,557.5
Kenya,1953,25.2,669.5
Kenya,1954,24.9,623.0
Kenya,1955,24.9,599.7
Kenya,1956,24.4,627.6
Kenya,1957,24.8,799.6
Kenya,1958,25.0,662.3
Kenya,1959,24.9,653.8
Kenya,1960,24.7,644.7
Kenya,1961,24.7,1055.6
Kenya,1962,24.5,694.9
Kenya,1963,24.5,916.1
Kenya,1964,24.4,717.0
Kenya,1965,24.5,603.5
Kenya,1966,24.7,717.7
Kenya,1967,24.4,897.6
Kenya,1968,24.0,1028.1
Kenya,1969,24.8,637.2
Kenya,1970,24.9,665.3
Kenya,1971,24.4,637.8
Kenya,1972,25.0,696.8
Kenya,1973,25.2,501.9
Kenya,1974,24.7,586.1
Kenya,1975,24.6,579.4
Kenya,1976,24.9,511.5
Kenya,1977,24.9,879.9
Kenya,1978,24.8,841.0
Kenya,1979,24.8,800.4
Kenya,1980,25.0,501.4
Kenya,1981,24.9,746.4
Kenya,1982,24.8,884.7
Kenya,1983,25.3,593.4
Kenya,1984,24.9,535.8
Kenya,1985,24.7,673.7
Kenya,1986,24.9,678.9
Kenya,1987,25.3,598.0
Kenya,1988,25.2,784.5
Kenya,1989,24.6,765.8
Kenya,1990,25.0,751.6
Kenya,1991,25.1,596.7
Kenya,1992,25.0,635.6
Kenya,1993,24.9,636.9
Kenya,1994,25.0,741.2
Kenya,1995,25.2,653.2
Kenya,1996,25.1,527.4
Kenya,1997,25.0,1005.7
Kenya,1998,25.3,728.0
Kenya,1999,24.9,605.3
Kenya,2000,25.1,491.6
Kenya,2001,25.4,623.5
Kenya,2002,25.5,804.7
Kenya,2003,25.5,647.4
Kenya,2004,25.3,657.1
Kenya,2005,25.3,549.0
Kenya,2006,25.4,778.5
Kenya,2007,25.3,701.2
Kenya,2008,25.2,695.5
Kenya,2009,25.8,676.3
Kenya,2010,25.6,658.9
Kenya,2011,25.4,711.4
Kenya,2012,25.2,809.0
Kenya,2013,25.4,747.6
Kenya,2014,25.4,618.2
Kenya,2015,25.5,794.2
Kenya,2016,25.8,691.0
Kenya,2017,25.5,1053.9
Kenya,2018,25.1,823.6
Kenya,2019,25.6,1122.9
Kenya,2020,25.6,776.5
Kenya,2021,25.5,1005.3
Kenya,2022,25.5,921.5
Kenya,2023,25.8,1024.9
Kenya,2024,25.5,716.2
Kerguelen Isl,1901,3.5,790.8
Kerguelen Isl,1902,3.5,790.8
Kerguelen Isl,1903,3.5,790.8
Kerguelen Isl,1904,3.5,790.8
Kerguelen Isl,1905,3.5,790.8
Kerguelen Isl,1906,3.5,790.8
Kerguelen Isl,1907,3.5,790.8
Kerguelen Isl,1908,3.5,790.8
Kerguelen Isl,1909,3.5,790.8
Kerguelen Isl,1910,3.5,790.8
Kerguelen Isl,1911,3.5,790.8
Kerguelen Isl,1912,3.5,790.8
Kerguelen Isl,1913,3.5,790.8
Kerguelen Isl,1914,3.5,790.8
Kerguelen Isl,1915,3.5,790.8
Kerguelen Isl,1916,3.5,790.8
Kerguelen Isl,1917,3.5,790.8
Kerguelen Isl,1918,3.5,790.8
Kerguelen Isl,1919,3.5,790.8
Kerguelen Isl,1920,3.5,790.8
Kerguelen Isl,1921,3.5,790.8
Kerguelen Isl,1922,3.5,790.8
Kerguelen Isl,1923,3.5,790.8
Kerguelen Isl,1924,3.5,790.8
Kerguelen Isl,1925,3.5,790.8
Kerguelen Isl,1926,3.5,790.8
Kerguelen Isl,1927,3.5,790.8
Kerguelen Isl,1928,3.5,790.8
Kerguelen Isl,1929,3.5,790.8
Kerguelen Isl,1930,3.5,790.8
Kerguelen Isl,1931,3.5,790.8
Kerguelen Isl,1932,3.5,790.8
Kerguelen Isl,1933,3.5,790.8
Kerguelen Isl,1934,3.5,790.8
Kerguelen Isl,1935,3.5,790.8
Kerguelen Isl,1936,3.5,790.8
Kerguelen Isl,1937,3.5,790.8
Kerguelen Isl,1938,3.5,790.8
Kerguelen Isl,1939,3.5,790.8
Kerguelen Isl,1940,3.5,790.8
Kerguelen Isl,1941,3.5,790.8
Kerguelen Isl,1942,3.5,790.8
Kerguelen Isl,1943,3.5,790.8
Kerguelen Isl,1944,3.5,790.8
Kerguelen Isl,1945,3.5,790.8
Kerguelen Isl,1946,3.5,790.8
Kerguelen Isl,1947,3.5,790.8
Kerguelen Isl,1948,3.5,790.8
Kerguelen Isl,1949,3.5,790.8
Kerguelen Isl,1950,3.5,790.8
Kerguelen Isl,1951,4.1,1058.4
Kerguelen Isl,1952,3.6,1426.7
Kerguelen Isl,1953,3.3,1295.5
Kerguelen Isl,1954,3.5,978.0
Kerguelen Isl,1955,3.8,1274.7
Kerguelen Isl,1956,3.5,1130.5
Kerguelen Isl,1957,3.1,995.7
Kerguelen Isl,1958,3.5,1220.4
Kerguelen Isl,1959,3.3,1219.5
Kerguelen Isl,1960,3.9,1170.9
Kerguelen Isl,1961,2.9,1075.8
Kerguelen Isl,1962,3.2,700.7
Kerguelen Isl,1963,2.7,876.1
Kerguelen Isl,1964,2.7,559.2
Kerguelen Isl,1965,2.9,407.2
Kerguelen Isl,1966,3.1,557.2
Kerguelen Isl,1967,2.8,621.3
Kerguelen Isl,1968,4.2,514.4
Kerguelen Isl,1969,3.3,727.8
Kerguelen Isl,1970,3.3,664.7
Kerguelen Isl,1971,3.7,852.9
Kerguelen Isl,1972,2.8,719.0
Kerguelen Isl,1973,3.4,971.1
Kerguelen Isl,1974,3.3,801.4
Kerguelen Isl,1975,3.7,710.4
Kerguelen Isl,1976,3.5,996.7
Kerguelen Isl,1977,3.6,850.0
Kerguelen Isl,1978,4.0,915.6
Kerguelen Isl,1979,3.8,757.0
Kerguelen Isl,1980,3.9,859.5
Kerguelen Isl,1981,3.7,765.7
Kerguelen Isl,1982,4.4,825.7
Kerguelen Isl,1983,3.7,749.2
Kerguelen Isl,1984,3.6,831.4
Kerguelen Isl,1985,3.8,808.5
Kerguelen Isl,1986,3.9,817.3
Kerguelen Isl,1987,4.0,1151.7
Kerguelen Isl,1988,3.1,967.8
Kerguelen Isl,1989,3.8,923.5
Kerguelen Isl,1990,3.8,745.0
Kerguelen Isl,1991,4.2,754.0
Kerguelen Isl,1992,4.0,772.0
Kerguelen Isl,1993,4.4,639.9
Kerguelen Isl,1994,3.9,729.0
Kerguelen Isl,1995,3.8,1033.7
Kerguelen Isl,1996,3.6,614.2
Kerguelen Isl,1997,4.4,735.2
Kerguelen Isl,1998,4.3,866.4
Kerguelen Isl,1999,4.0,800.4
Kerguelen Isl,2000,3.8,573.9
Kerguelen Isl,2001,3.6,771.8
Kerguelen Isl,2002,3.8,505.6
Kerguelen Isl,2003,4.0,646.7
Kerguelen Isl,2004,3.8,510.6
Kerguelen Isl,2005,3.6,526.6
Kerguelen Isl,2006,3.7,543.8
Kerguelen Isl,2007,3.5,625.4
Kerguelen Isl,2008,4.0,982.5
Kerguelen Isl,2009,3.7,576.5
Kerguelen Isl,2010,4.1,700.7
Kerguelen Isl,2011,4.0,926.4
Kerguelen Isl,2012,4.5,1023.3
Kerguelen Isl,2013,4.1,906.7
Kerguelen Isl,2014,3.5,832.7
Kerguelen Isl,2015,4.0,980.8
Kerguelen Isl,2016,4.6,828.7
Kerguelen Isl,2017,4.5,940.3
Kerguelen Isl,2018,4.2,919.2
Kerguelen Isl,2019,4.2,1315.7
Kerguelen Isl,2020,4.1,885.9
Kerguelen Isl,2021,4.2,943.5
Kerguelen Isl,2022,4.3,704.5
Kerguelen Isl,2023,5.0,877.4
Kerguelen Isl,2024,4.2,833.9
Kiribati,1901,28.2,1934.4
Kiribati,1902,28.2,1934.4
Kiribati,1903,28.2,1934.4
Kiribati,1904,28.2,1908.9
Kiribati,1905,28.2,2615.5
Kiribati,1906,28.2,1744.2
Kiribati,1907,28.2,1646.2
Kiribati,1908,28.2,1896.1
Kiribati,1909,28.2,1777.7
Kiribati,1910,28.2,1932.4
Kiribati,1911,28.2,1937.4
Kiribati,1912,28.2,1936.9
Kiribati,1913,28.2,1934.4
Kiribati,1914,28.2,1938.0
Kiribati,1915,28.2,1934.6
Kiribati,1916,28.2,1931.8
Kiribati,1917,28.2,1931.8
Kiribati,1918,28.2,1935.6
Kiribati,1919,28.2,1938.8
Kiribati,1920,28.2,1934.7
Kiribati,1921,28.0,1933.2
Kiribati,1922,28.1,1933.6
Kiribati,1923,27.9,1935.5
Kiribati,1924,27.9,1933.5
Kiribati,1925,28.4,1933.3
Kiribati,1926,28.2,1626.1
Kiribati,1927,29.0,1445.9
Kiribati,1928,28.9,1814.2
Kiribati,1929,28.7,1893.7
Kiribati,1930,28.4,2008.7
Kiribati,1931,28.6,1696.6
Kiribati,1932,28.7,1324.8
Kiribati,1933,28.6,1420.3
Kiribati,1934,28.7,842.6
Kiribati,1935,28.7,1150.0
Kiribati,1936,28.3,2003.3
Kiribati,1937,28.5,1095.3
Kiribati,1938,28.2,694.9
Kiribati,1939,28.1,1934.0
Kiribati,1940,28.0,1937.6
Kiribati,1941,28.2,1936.5
Kiribati,1942,28.3,1934.4
Kiribati,1943,28.3,1934.4
Kiribati,1944,28.2,1934.4
Kiribati,1945,28.2,1934.4
Kiribati,1946,28.2,2601.1
Kiribati,1947,28.2,1500.2
Kiribati,1948,27.7,2582.1
Kiribati,1949,27.8,1797.3
Kiribati,1950,27.8,396.1
Kiribati,1951,28.3,2275.1
Kiribati,1952,28.4,1917.7
Kiribati,1953,28.3,2705.2
Kiribati,1954,28.3,908.2
Kiribati,1955,28.0,627.8
Kiribati,1956,28.3,790.5
Kiribati,1957,28.3,2520.0
Kiribati,1958,28.4,3052.8
Kiribati,1959,28.4,1911.2
Kiribati,1960,28.3,1369.5
Kiribati,1961,28.1,1516.8
Kiribati,1962,28.2,837.0
Kiribati,1963,28.2,1848.9
Kiribati,1964,27.9,1486.5
Kiribati,1965,27.9,3123.2
Kiribati,1966,28.3,2522.3
Kiribati,1967,28.1,1102.7
Kiribati,1968,28.2,894.7
Kiribati,1969,28.3,2349.1
Kiribati,1970,28.1,1491.5
Kiribati,1971,28.0,784.5
Kiribati,1972,28.0,3386.7
Kiribati,1973,28.4,1712.1
Kiribati,1974,28.2,1008.0
Kiribati,1975,27.9,1152.5
Kiribati,1976,27.9,2486.2
Kiribati,1977,28.1,2998.7
Kiribati,1978,28.3,1849.9
Kiribati,1979,28.2,2379.8
Kiribati,1980,28.3,2338.0
Kiribati,1981,28.4,1804.5
Kiribati,1982,28.3,2346.1
Kiribati,1983,28.5,1902.2
Kiribati,1984,28.5,944.7
Kiribati,1985,28.6,942.4
Kiribati,1986,28.5,2164.5
Kiribati,1987,28.2,4268.6
Kiribati,1988,28.2,1686.7
Kiribati,1989,28.2,805.3
Kiribati,1990,28.3,3061.8
Kiribati,1991,28.4,2698.1
Kiribati,1992,28.3,2584.7
Kiribati,1993,28.2,3357.2
Kiribati,1994,28.4,2388.7
Kiribati,1995,28.5,1408.3
Kiribati,1996,28.4,1158.2
Kiribati,1997,28.4,2616.4
Kiribati,1998,28.5,1635.7
Kiribati,1999,28.1,1506.8
Kiribati,2000,28.3,1466.4
Kiribati,2001,28.4,1956.2
Kiribati,2002,28.5,1951.4
Kiribati,2003,28.5,1940.5
Kiribati,2004,28.6,1934.4
Kiribati,2005,28.6,1929.8
Kiribati,2006,28.5,1928.3
Kiribati,2007,28.4,1913.9
Kiribati,2008,28.4,1882.6
Kiribati,2009,28.4,1942.2
Kiribati,2010,28.3,1927.3
Kiribati,2011,28.3,1934.4
Kiribati,2012,28.5,1934.4
Kiribati,2013,28.4,1934.4
Kiribati,2014,28.4,1934.4
Kiribati,2015,28.5,1934.4
Kiribati,2016,28.5,1934.4
Kiribati,2017,28.5,1934.4
Kiribati,2018,28.4,1934.4
Kiribati,2019,28.8,1993.6
Kiribati,2020,28.9,1840.8
Kiribati,2021,28.9,1773.1
Kiribati,2022,28.5,1472.5
Kiribati,2023,28.5,1849.7
Kiribati,2024,28.5,1934.4
Komandorskiye Isl,1901,2.3,735.5
Komandorskiye Isl,1902,0.6,786.8
Komandorskiye Isl,1903,0.1,666.9
Komandorskiye Isl,1904,0.9,733.9
Komandorskiye Isl,1905,1.4,704.9
Komandorskiye Isl,1906,1.8,808.0
Komandorskiye Isl,1907,1.5,882.3
Komandorskiye Isl,1908,1.0,879.4
Komandorskiye Isl,1909,2.0,890.4
Komandorskiye Isl,1910,1.6,883.7
Komandorskiye Isl,1911,0.7,770.3
Komandorskiye Isl,1912,0.1,668.3
Komandorskiye Isl,1913,0.2,776.6
Komandorskiye Isl,1914,0.6,674.2
Komandorskiye Isl,1915,0.6,980.0
Komandorskiye Isl,1916,0.9,681.6
Komandorskiye Isl,1917,1.6,931.1
Komandorskiye Isl,1918,1.7,816.8
Komandorskiye Isl,1919,0.6,756.4
Komandorskiye Isl,1920,1.2,882.3
Komandorskiye Isl,1921,1.6,760.0
Komandorskiye Isl,1922,0.7,795.5
Komandorskiye Isl,1923,0.9,679.2
Komandorskiye Isl,1924,1.2,869.8
Komandorskiye Isl,1925,2.4,704.3
Komandorskiye Isl,1926,2.1,808.9
Komandorskiye Isl,1927,2.9,633.3
Komandorskiye Isl,1928,1.6,677.2
Komandorskiye Isl,1929,1.5,902.0
Komandorskiye Isl,1930,1.2,759.3
Komandorskiye Isl,1931,0.3,719.8
Komandorskiye Isl,1932,1.1,700.2
Komandorskiye Isl,1933,1.5,866.8
Komandorskiye Isl,1934,2.4,694.7
Komandorskiye Isl,1935,2.2,673.3
Komandorskiye Isl,1936,2.2,530.2
Komandorskiye Isl,1937,2.1,726.1
Komandorskiye Isl,1938,2.1,664.0
Komandorskiye Isl,1939,2.3,890.2
Komandorskiye Isl,1940,2.2,796.6
Komandorskiye Isl,1941,1.4,567.8
Komandorskiye Isl,1942,1.8,701.2
Komandorskiye Isl,1943,2.9,730.9
Komandorskiye Isl,1944,1.9,821.7
Komandorskiye Isl,1945,1.8,768.5
Komandorskiye Isl,1946,1.5,762.7
Komandorskiye Isl,1947,1.2,612.3
Komandorskiye Isl,1948,2.3,926.7
Komandorskiye Isl,1949,1.0,839.2
Komandorskiye Isl,1950,2.4,991.7
Komandorskiye Isl,1951,2.2,828.5
Komandorskiye Isl,1952,1.3,906.0
Komandorskiye Isl,1953,0.9,940.6
Komandorskiye Isl,1954,1.1,897.0
Komandorskiye Isl,1955,1.9,805.6
Komandorskiye Isl,1956,2.3,962.6
Komandorskiye Isl,1957,2.0,753.5
Komandorskiye Isl,1958,1.1,847.2
Komandorskiye Isl,1959,2.1,847.9
Komandorskiye Isl,1960,1.6,892.4
Komandorskiye Isl,1961,2.4,947.5
Komandorskiye Isl,1962,2.8,981.3
Komandorskiye Isl,1963,3.0,893.5
Komandorskiye Isl,1964,0.6,823.4
Komandorskiye Isl,1965,1.6,981.1
Komandorskiye Isl,1966,2.0,1184.5
Komandorskiye Isl,1967,1.2,755.5
Komandorskiye Isl,1968,2.0,836.4
Komandorskiye Isl,1969,1.5,1036.6
Komandorskiye Isl,1970,2.3,858.8
Komandorskiye Isl,1971,1.6,758.3
Komandorskiye Isl,1972,2.0,787.8
Komandorskiye Isl,1973,1.8,880.1
Komandorskiye Isl,1974,2.1,1037.6
Komandorskiye Isl,1975,1.6,717.8
Komandorskiye Isl,1976,1.3,869.1
Komandorskiye Isl,1977,1.2,896.6
Komandorskiye Isl,1978,1.8,1019.5
Komandorskiye Isl,1979,1.7,990.0
Komandorskiye Isl,1980,1.8,830.9
Komandorskiye Isl,1981,2.2,821.1
Komandorskiye Isl,1982,1.9,852.0
Komandorskiye Isl,1983,2.2,789.1
Komandorskiye Isl,1984,2.3,959.0
Komandorskiye Isl,1985,1.4,854.9
Komandorskiye Isl,1986,3.2,790.0
Komandorskiye Isl,1987,1.4,835.9
Komandorskiye Isl,1988,1.7,720.7
Komandorskiye Isl,1989,2.8,853.7
Komandorskiye Isl,1990,2.7,914.8
Komandorskiye Isl,1991,2.8,976.4
Komandorskiye Isl,1992,1.8,960.4
Komandorskiye Isl,1993,1.7,728.8
Komandorskiye Isl,1994,2.3,1116.8
Komandorskiye Isl,1995,2.9,951.5
Komandorskiye Isl,1996,3.8,899.6
Komandorskiye Isl,1997,3.1,708.0
Komandorskiye Isl,1998,1.4,636.8
Komandorskiye Isl,1999,1.5,803.2
Komandorskiye Isl,2000,1.7,849.2
Komandorskiye Isl,2001,0.9,1099.1
Komandorskiye Isl,2002,2.0,710.9
Komandorskiye Isl,2003,3.2,712.4
Komandorskiye Isl,2004,2.8,821.5
Komandorskiye Isl,2005,2.9,817.8
Komandorskiye Isl,2006,2.5,885.4
Komandorskiye Isl,2007,3.1,845.2
Komandorskiye Isl,2008,3.3,725.4
Komandorskiye Isl,2009,2.1,747.4
Komandorskiye Isl,2010,2.8,861.4
Komandorskiye Isl,2011,2.7,947.9
Komandorskiye Isl,2012,2.6,844.9
Komandorskiye Isl,2013,3.1,781.8
Komandorskiye Isl,2014,3.3,730.5
Komandorskiye Isl,2015,2.6,812.9
Komandorskiye Isl,2016,2.6,705.1
Komandorskiye Isl,2017,3.5,1005.7
Komandorskiye Isl,2018,3.5,755.2
Komandorskiye Isl,2019,2.9,815.3
Komandorskiye Isl,2020,3.1,1135.3
Komandorskiye Isl,2021,3.2,1109.2
Komandorskiye Isl,2022,4.3,1037.7
Komandorskiye Isl,2023,3.4,951.6
Komandorskiye Isl,2024,3.0,1161.0
Kosovo,1901,8.4,996.2
Kosovo,1902,7.8,951.0
Kosovo,1903,8.8,845.1
Kosovo,1904,8.8,801.2
Kosovo,1905,8.5,917.1
Kosovo,1906,8.7,904.9
Kosovo,1907,8.3,748.9
Kosovo,1908,8.1,769.0
Kosovo,1909,8.4,995.6
Kosovo,1910,9.3,1014.1
Kosovo,1911,9.1,823.9
Kosovo,1912,8.1,1016.6
Kosovo,1913,8.4,883.5
Kosovo,1914,8.0,984.4
Kosovo,1915,8.7,1197.7
Kosovo,1916,9.4,929.0
Kosovo,1917,8.5,827.3
Kosovo,1918,8.8,810.0
Kosovo,1919,8.3,1006.7
Kosovo,1920,8.9,800.8
Kosovo,1921,9.0,803.0
Kosovo,1922,7.9,954.7
Kosovo,1923,9.4,965.8
Kosovo,1924,8.1,914.5
Kosovo,1925,8.8,1007.1
Kosovo,1926,9.5,931.2
Kosovo,1927,9.3,972.6
Kosovo,1928,8.9,833.8
Kosovo,1929,8.1,978.8
Kosovo,1930,9.5,869.4
Kosovo,1931,8.4,941.0
Kosovo,1932,8.3,833.9
Kosovo,1933,7.6,913.8
Kosovo,1934,9.9,879.0
Kosovo,1935,8.7,827.6
Kosovo,1936,9.2,911.3
Kosovo,1937,9.2,1174.7
Kosovo,1938,8.9,849.0
Kosovo,1939,8.9,1027.8
Kosovo,1940,6.9,1046.5
Kosovo,1941,7.8,993.2
Kosovo,1942,8.0,885.0
Kosovo,1943,9.1,839.6
Kosovo,1944,8.7,1029.4
Kosovo,1945,9.0,741.6
Kosovo,1946,9.4,793.2
Kosovo,1947,9.1,756.0
Kosovo,1948,9.1,774.0
Kosovo,1949,9.2,881.2
Kosovo,1950,9.6,809.8
Kosovo,1951,9.9,900.1
Kosovo,1952,9.4,915.3
Kosovo,1953,8.8,736.3
Kosovo,1954,7.9,983.5
Kosovo,1955,8.5,1080.2
Kosovo,1956,7.7,922.5
Kosovo,1957,9.1,939.1
Kosovo,1958,9.2,843.4
Kosovo,1959,8.8,955.3
Kosovo,1960,9.2,991.3
Kosovo,1961,9.5,797.3
Kosovo,1962,8.4,938.7
Kosovo,1963,8.3,1021.0
Kosovo,1964,8.2,929.2
Kosovo,1965,8.0,786.7
Kosovo,1966,9.4,1013.2
Kosovo,1967,8.9,880.8
Kosovo,1968,9.0,949.7
Kosovo,1969,8.3,1007.0
Kosovo,1970,8.5,974.7
Kosovo,1971,8.7,868.5
Kosovo,1972,8.9,952.5
Kosovo,1973,8.4,922.8
Kosovo,1974,8.9,955.4
Kosovo,1975,9.0,767.7
Kosovo,1976,8.1,1047.1
Kosovo,1977,9.0,809.9
Kosovo,1978,7.9,967.2
Kosovo,1979,9.0,1072.5
Kosovo,1980,7.7,1048.0
Kosovo,1981,8.8,1013.7
Kosovo,1982,8.9,821.3
Kosovo,1983,9.1,798.4
Kosovo,1984,8.4,796.7
Kosovo,1985,8.0,784.5
Kosovo,1986,8.7,850.7
Kosovo,1987,8.5,966.5
Kosovo,1988,9.0,785.6
Kosovo,1989,9.1,775.0
Kosovo,1990,9.6,700.1
Kosovo,1991,8.4,919.6
Kosovo,1992,9.6,747.6
Kosovo,1993,8.8,686.0
Kosovo,1994,10.2,751.8
Kosovo,1995,9.1,1020.4
Kosovo,1996,8.3,971.7
Kosovo,1997,8.7,798.5
Kosovo,1998,9.2,941.9
Kosovo,1999,9.4,996.7
Kosovo,2000,10.4,661.0
Kosovo,2001,9.4,812.8
Kosovo,2002,10.2,952.2
Kosovo,2003,9.3,858.8
Kosovo,2004,9.1,965.5
Kosovo,2005,8.7,1040.3
Kosovo,2006,9.4,915.7
Kosovo,2007,10.6,977.4
Kosovo,2008,10.4,856.1
Kosovo,2009,10.3,1043.0
Kosovo,2010,9.3,1160.0
Kosovo,2011,9.6,608.4
Kosovo,2012,10.2,845.9
Kosovo,2013,10.1,917.5
Kosovo,2014,10.8,1191.6
Kosovo,2015,10.6,916.1
Kosovo,2016,10.0,1063.1
Kosovo,2017,10.2,866.9
Kosovo,2018,11.0,858.5
Kosovo,2019,11.2,960.4
Kosovo,2020,10.5,886.0
Kosovo,2021,9.8,1006.2
Kosovo,2022,10.8,820.8
Kosovo,2023,11.3,1041.8
Kosovo,2024,11.7,862.3
Kuril Isl,1901,2.5,1045.2
Kuril Isl,1902,1.8,947.0
Kuril Isl,1903,2.4,985.9
Kuril Isl,1904,2.6,1018.5
Kuril Isl,1905,2.0,868.3
Kuril Isl,1906,1.9,898.3
Kuril Isl,1907,2.0,1006.8
Kuril Isl,1908,1.4,873.9
Kuril Isl,1909,1.9,1017.4
Kuril Isl,1910,2.1,892.0
Kuril Isl,1911,2.4,1060.8
Kuril Isl,1912,1.5,1043.0
Kuril Isl,1913,1.1,973.6
Kuril Isl,1914,2.6,1102.1
Kuril Isl,1915,2.1,1114.0
Kuril Isl,1916,2.9,954.2
Kuril Isl,1917,2.4,1036.4
Kuril Isl,1918,2.6,1060.7
Kuril Isl,1919,2.5,1085.1
Kuril Isl,1920,2.9,1194.9
Kuril Isl,1921,2.3,1016.3
Kuril Isl,1922,2.3,1074.8
Kuril Isl,1923,2.3,983.1
Kuril Isl,1924,2.2,957.9
Kuril Isl,1925,2.8,1007.0
Kuril Isl,1926,2.0,1055.2
Kuril Isl,1927,2.7,990.2
Kuril Isl,1928,2.8,929.8
Kuril Isl,1929,2.3,991.9
Kuril Isl,1930,2.6,992.4
Kuril Isl,1931,1.5,1022.8
Kuril Isl,1932,2.6,1082.9
Kuril Isl,1933,2.4,1062.6
Kuril Isl,1934,2.5,964.6
Kuril Isl,1935,2.6,1091.4
Kuril Isl,1936,2.7,1037.0
Kuril Isl,1937,2.6,1048.6
Kuril Isl,1938,2.8,965.8
Kuril Isl,1939,2.6,1070.8
Kuril Isl,1940,2.4,930.0
Kuril Isl,1941,1.9,1135.1
Kuril Isl,1942,2.1,1058.7
Kuril Isl,1943,2.9,941.9
Kuril Isl,1944,2.2,951.3
Kuril Isl,1945,1.7,1094.5
Kuril Isl,1946,2.9,1003.5
Kuril Isl,1947,2.3,1113.7
Kuril Isl,1948,3.6,1084.3
Kuril Isl,1949,2.7,936.5
Kuril Isl,1950,3.1,942.7
Kuril Isl,1951,2.6,755.4
Kuril Isl,1952,2.0,925.1
Kuril Isl,1953,1.7,955.1
Kuril Isl,1954,2.1,992.1
Kuril Isl,1955,3.0,1103.3
Kuril Isl,1956,2.7,981.2
Kuril Isl,1957,2.6,1129.2
Kuril Isl,1958,2.7,1062.8
Kuril Isl,1959,2.9,1088.7
Kuril Isl,1960,2.3,1211.2
Kuril Isl,1961,3.3,953.2
Kuril Isl,1962,3.1,1194.9
Kuril Isl,1963,3.4,1137.6
Kuril Isl,1964,2.1,1026.9
Kuril Isl,1965,2.4,1010.2
Kuril Isl,1966,2.4,1158.3
Kuril Isl,1967,2.6,1103.3
Kuril Isl,1968,3.3,1050.5
Kuril Isl,1969,1.8,1115.5
Kuril Isl,1970,2.6,906.5
Kuril Isl,1971,2.4,1180.7
Kuril Isl,1972,3.3,1168.7
Kuril Isl,1973,2.9,1022.6
Kuril Isl,1974,2.5,1023.2
Kuril Isl,1975,3.0,1091.6
Kuril Isl,1976,2.7,889.7
Kuril Isl,1977,2.4,840.4
Kuril Isl,1978,2.8,1043.5
Kuril Isl,1979,2.9,1094.9
Kuril Isl,1980,2.4,842.4
Kuril Isl,1981,2.3,1214.0
Kuril Isl,1982,3.1,941.4
Kuril Isl,1983,2.3,929.4
Kuril Isl,1984,2.6,830.0
Kuril Isl,1985,2.5,936.8
Kuril Isl,1986,2.1,922.4
Kuril Isl,1987,2.6,942.6
Kuril Isl,1988,2.4,860.9
Kuril Isl,1989,3.7,1124.7
Kuril Isl,1990,4.3,1094.2
Kuril Isl,1991,3.6,948.5
Kuril Isl,1992,3.0,1055.0
Kuril Isl,1993,2.8,873.2
Kuril Isl,1994,3.7,1009.0
Kuril Isl,1995,3.7,1037.0
Kuril Isl,1996,2.6,1091.6
Kuril Isl,1997,3.3,1034.8
Kuril Isl,1998,3.1,1153.7
Kuril Isl,1999,3.5,1038.8
Kuril Isl,2000,3.1,982.5
Kuril Isl,2001,2.4,1034.2
Kuril Isl,2002,3.2,1014.3
Kuril Isl,2003,3.0,1006.3
Kuril Isl,2004,3.9,899.8
Kuril Isl,2005,3.3,1060.9
Kuril Isl,2006,3.3,1056.1
Kuril Isl,2007,3.5,935.6
Kuril Isl,2008,3.5,839.3
Kuril Isl,2009,3.5,1214.4
Kuril Isl,2010,3.9,1050.7
Kuril Isl,2011,3.6,996.3
Kuril Isl,2012,3.2,1087.1
Kuril Isl,2013,3.5,1180.3
Kuril Isl,2014,3.5,1130.6
Kuril Isl,2015,4.1,1124.6
Kuril Isl,2016,3.2,1048.2
Kuril Isl,2017,3.3,994.5
Kuril Isl,2018,3.6,1055.4
Kuril Isl,2019,3.8,967.8
Kuril Isl,2020,3.9,926.1
Kuril Isl,2021,4.1,1065.0
Kuril Isl,2022,4.2,1068.7
Kuril Isl,2023,4.7,958.7
Kuril Isl,2024,4.3,921.1
Kuwait,1901,25.4,89.6
Kuwait,1902,25.0,137.8
Kuwait,1903,24.4,95.9
Kuwait,1904,24.5,106.5
Kuwait,1905,24.6,102.5
Kuwait,1906,24.5,125.5
Kuwait,1907,24.2,115.8
Kuwait,1908,25.1,101.9
Kuwait,1909,25.0,161.8
Kuwait,1910,24.1,121.0
Kuwait,1911,23.6,163.3
Kuwait,1912,24.4,96.6
Kuwait,1913,24.2,126.1
Kuwait,1914,24.8,137.8
Kuwait,1915,25.4,139.6
Kuwait,1916,25.4,109.2
Kuwait,1917,25.4,102.1
Kuwait,1918,25.4,117.9
Kuwait,1919,25.4,122.6
Kuwait,1920,25.4,135.9
Kuwait,1921,25.4,99.6
Kuwait,1922,25.4,67.0
Kuwait,1923,25.4,168.1
Kuwait,1924,25.4,123.9
Kuwait,1925,25.4,107.6
Kuwait,1926,25.4,116.1
Kuwait,1927,25.4,96.0
Kuwait,1928,24.8,109.0
Kuwait,1929,24.9,147.7
Kuwait,1930,24.8,106.8
Kuwait,1931,24.8,102.4
Kuwait,1932,24.5,91.4
Kuwait,1933,24.4,99.0
Kuwait,1934,24.6,140.8
Kuwait,1935,25.3,152.2
Kuwait,1936,24.7,141.4
Kuwait,1937,24.8,120.9
Kuwait,1938,25.1,131.7
Kuwait,1939,25.0,186.2
Kuwait,1940,25.3,119.8
Kuwait,1941,25.2,154.4
Kuwait,1942,25.3,117.8
Kuwait,1943,24.8,156.5
Kuwait,1944,25.2,82.6
Kuwait,1945,24.8,162.1
Kuwait,1946,25.4,189.4
Kuwait,1947,25.9,107.1
Kuwait,1948,25.1,107.1
Kuwait,1949,24.5,131.0
Kuwait,1950,24.7,93.7
Kuwait,1951,25.8,106.0
Kuwait,1952,25.7,112.4
Kuwait,1953,25.5,114.7
Kuwait,1954,25.8,219.9
Kuwait,1955,25.7,99.5
Kuwait,1956,25.1,95.8
Kuwait,1957,24.9,138.4
Kuwait,1958,25.7,105.2
Kuwait,1959,24.9,108.2
Kuwait,1960,25.8,59.7
Kuwait,1961,24.9,196.0
Kuwait,1962,25.7,101.6
Kuwait,1963,25.5,87.5
Kuwait,1964,24.5,50.3
Kuwait,1965,25.5,92.3
Kuwait,1966,26.0,72.8
Kuwait,1967,24.6,139.4
Kuwait,1968,25.1,112.7
Kuwait,1969,25.6,154.5
Kuwait,1970,25.8,98.9
Kuwait,1971,25.2,125.9
Kuwait,1972,24.3,217.2
Kuwait,1973,25.4,47.0
Kuwait,1974,25.0,175.4
Kuwait,1975,25.0,162.8
Kuwait,1976,24.9,194.9
Kuwait,1977,25.8,123.6
Kuwait,1978,25.6,106.1
Kuwait,1979,26.1,120.9
Kuwait,1980,25.8,146.8
Kuwait,1981,25.9,94.1
Kuwait,1982,24.9,167.0
Kuwait,1983,25.1,91.4
Kuwait,1984,25.3,113.7
Kuwait,1985,25.7,93.2
Kuwait,1986,25.4,182.8
Kuwait,1987,26.1,94.0
Kuwait,1988,26.0,97.0
Kuwait,1989,25.4,97.7
Kuwait,1990,26.0,84.8
Kuwait,1991,25.4,162.1
Kuwait,1992,24.5,128.7
Kuwait,1993,25.4,151.1
Kuwait,1994,26.0,144.6
Kuwait,1995,25.5,133.6
Kuwait,1996,26.0,160.3
Kuwait,1997,25.6,181.9
Kuwait,1998,26.6,107.7
Kuwait,1999,26.8,162.5
Kuwait,2000,26.3,110.7
Kuwait,2001,26.9,131.8
Kuwait,2002,26.7,151.3
Kuwait,2003,26.7,133.9
Kuwait,2004,26.6,163.5
Kuwait,2005,26.3,163.4
Kuwait,2006,26.6,139.9
Kuwait,2007,26.6,107.7
Kuwait,2008,26.6,59.1
Kuwait,2009,26.8,102.1
Kuwait,2010,27.8,42.7
Kuwait,2011,26.4,93.0
Kuwait,2012,26.7,112.1
Kuwait,2013,26.4,90.8
Kuwait,2014,26.6,71.3
Kuwait,2015,27.0,101.0
Kuwait,2016,27.1,128.3
Kuwait,2017,27.1,97.5
Kuwait,2018,27.5,155.2
Kuwait,2019,27.0,92.5
Kuwait,2020,26.9,130.1
Kuwait,2021,27.9,39.2
Kuwait,2022,27.6,93.6
Kuwait,2023,27.6,153.5
Kuwait,2024,27.4,126.0
Kyrgyzstan,1901,1.1,535.4
Kyrgyzstan,1902,2.0,598.6
Kyrgyzstan,1903,0.4,458.2
Kyrgyzstan,1904,1.3,434.8
Kyrgyzstan,1905,0.7,435.7
Kyrgyzstan,1906,1.6,438.3
Kyrgyzstan,1907,0.7,527.5
Kyrgyzstan,1908,1.3,438.8
Kyrgyzstan,1909,2.2,351.7
Kyrgyzstan,1910,1.5,409.4
Kyrgyzstan,1911,1.2,411.9
Kyrgyzstan,1912,1.8,368.1
Kyrgyzstan,1913,1.6,338.4
Kyrgyzstan,1914,2.5,395.5
Kyrgyzstan,1915,3.0,368.1
Kyrgyzstan,1916,1.3,292.8
Kyrgyzstan,1917,2.4,171.5
Kyrgyzstan,1918,1.0,345.0
Kyrgyzstan,1919,1.0,289.9
Kyrgyzstan,1920,0.0,499.1
Kyrgyzstan,1921,1.0,501.9
Kyrgyzstan,1922,2.2,397.4
Kyrgyzstan,1923,1.3,424.8
Kyrgyzstan,1924,1.5,408.0
Kyrgyzstan,1925,2.1,295.2
Kyrgyzstan,1926,1.9,378.9
Kyrgyzstan,1927,1.8,305.4
Kyrgyzstan,1928,0.8,538.1
Kyrgyzstan,1929,0.4,371.6
Kyrgyzstan,1930,0.6,355.3
Kyrgyzstan,1931,0.5,442.4
Kyrgyzstan,1932,1.0,405.1
Kyrgyzstan,1933,1.3,385.9
Kyrgyzstan,1934,0.1,494.2
Kyrgyzstan,1935,0.7,446.3
Kyrgyzstan,1936,1.1,378.8
Kyrgyzstan,1937,0.4,437.5
Kyrgyzstan,1938,1.7,330.3
Kyrgyzstan,1939,2.0,313.1
Kyrgyzstan,1940,2.6,426.5
Kyrgyzstan,1941,3.1,429.1
Kyrgyzstan,1942,1.6,447.1
Kyrgyzstan,1943,0.9,386.6
Kyrgyzstan,1944,1.9,324.7
Kyrgyzstan,1945,0.9,453.8
Kyrgyzstan,1946,1.4,404.4
Kyrgyzstan,1947,1.9,422.8
Kyrgyzstan,1948,1.5,343.6
Kyrgyzstan,1949,0.2,499.1
Kyrgyzstan,1950,0.4,381.5
Kyrgyzstan,1951,0.9,480.3
Kyrgyzstan,1952,1.1,451.2
Kyrgyzstan,1953,1.5,528.6
Kyrgyzstan,1954,0.1,480.2
Kyrgyzstan,1955,2.0,407.9
Kyrgyzstan,1956,1.4,407.1
Kyrgyzstan,1957,0.6,408.1
Kyrgyzstan,1958,1.7,542.4
Kyrgyzstan,1959,1.1,468.3
Kyrgyzstan,1960,0.8,426.4
Kyrgyzstan,1961,2.2,317.8
Kyrgyzstan,1962,2.0,398.9
Kyrgyzstan,1963,2.7,452.1
Kyrgyzstan,1964,0.8,420.1
Kyrgyzstan,1965,2.3,418.9
Kyrgyzstan,1966,2.1,515.1
Kyrgyzstan,1967,1.6,420.4
Kyrgyzstan,1968,1.7,416.7
Kyrgyzstan,1969,0.2,649.4
Kyrgyzstan,1970,1.9,447.6
Kyrgyzstan,1971,2.4,330.0
Kyrgyzstan,1972,0.1,471.0
Kyrgyzstan,1973,2.0,339.4
Kyrgyzstan,1974,1.0,405.5
Kyrgyzstan,1975,2.0,333.0
Kyrgyzstan,1976,1.4,399.8
Kyrgyzstan,1977,2.2,421.2
Kyrgyzstan,1978,2.2,392.1
Kyrgyzstan,1979,2.3,415.0
Kyrgyzstan,1980,2.6,430.2
Kyrgyzstan,1981,2.4,533.1
Kyrgyzstan,1982,1.9,355.9
Kyrgyzstan,1983,2.9,380.5
Kyrgyzstan,1984,1.0,384.1
Kyrgyzstan,1985,1.7,391.7
Kyrgyzstan,1986,2.1,410.9
Kyrgyzstan,1987,2.2,611.8
Kyrgyzstan,1988,2.5,471.4
Kyrgyzstan,1989,1.9,370.3
Kyrgyzstan,1990,2.7,428.5
Kyrgyzstan,1991,2.3,423.4
Kyrgyzstan,1992,2.2,439.6
Kyrgyzstan,1993,1.3,583.7
Kyrgyzstan,1994,1.9,408.0
Kyrgyzstan,1995,2.7,297.7
Kyrgyzstan,1996,1.6,413.6
Kyrgyzstan,1997,3.0,338.5
Kyrgyzstan,1998,2.4,591.1
Kyrgyzstan,1999,3.1,514.4
Kyrgyzstan,2000,2.9,413.5
Kyrgyzstan,2001,3.1,396.7
Kyrgyzstan,2002,3.2,573.4
Kyrgyzstan,2003,2.3,619.1
Kyrgyzstan,2004,3.6,493.9
Kyrgyzstan,2005,3.0,478.0
Kyrgyzstan,2006,3.3,400.4
Kyrgyzstan,2007,3.3,412.5
Kyrgyzstan,2008,3.0,366.1
Kyrgyzstan,2009,2.9,466.1
Kyrgyzstan,2010,3.4,526.2
Kyrgyzstan,2011,2.6,484.8
Kyrgyzstan,2012,2.2,361.8
Kyrgyzstan,2013,3.6,450.6
Kyrgyzstan,2014,2.1,384.0
Kyrgyzstan,2015,3.6,473.3
Kyrgyzstan,2016,3.8,623.7
Kyrgyzstan,2017,3.1,464.4
Kyrgyzstan,2018,2.8,432.4
Kyrgyzstan,2019,3.7,418.2
Kyrgyzstan,2020,2.9,461.2
Kyrgyzstan,2021,3.8,331.3
Kyrgyzstan,2022,4.2,475.3
Kyrgyzstan,2023,4.5,384.8
Kyrgyzstan,2024,3.7,536.6
La Tortuga Isl,1901,26.7,812.5
La Tortuga Isl,1902,26.5,750.1
La Tortuga Isl,1903,26.6,852.8
La Tortuga Isl,1904,26.3,1174.4
La Tortuga Isl,1905,26.5,953.9
La Tortuga Isl,1906,26.4,729.6
La Tortuga Isl,1907,26.2,711.1
La Tortuga Isl,1908,26.3,1019.2
La Tortuga Isl,1909,26.2,765.6
La Tortuga Isl,1910,26.3,820.4
La Tortuga Isl,1911,26.3,748.4
La Tortuga Isl,1912,26.4,801.5
La Tortuga Isl,1913,26.0,1031.8
La Tortuga Isl,1914,26.3,934.9
La Tortuga Isl,1915,26.8,919.9
La Tortuga Isl,1916,26.5,864.4
La Tortuga Isl,1917,26.3,869.1
La Tortuga Isl,1918,26.3,843.8
La Tortuga Isl,1919,26.3,975.8
La Tortuga Isl,1920,26.2,1040.0
La Tortuga Isl,1921,26.2,758.8
La Tortuga Isl,1922,26.1,930.5
La Tortuga Isl,1923,26.3,819.3
La Tortuga Isl,1924,26.5,896.3
La Tortuga Isl,1925,26.2,798.1
La Tortuga Isl,1926,26.7,840.2
La Tortuga Isl,1927,26.2,792.2
La Tortuga Isl,1928,26.4,725.4
La Tortuga Isl,1929,26.2,827.4
La Tortuga Isl,1930,26.4,853.0
La Tortuga Isl,1931,26.8,990.0
La Tortuga Isl,1932,26.8,938.8
La Tortuga Isl,1933,26.7,1028.1
La Tortuga Isl,1934,26.7,773.3
La Tortuga Isl,1935,26.6,873.6
La Tortuga Isl,1936,26.8,883.0
La Tortuga Isl,1937,26.8,1064.4
La Tortuga Isl,1938,26.4,1300.2
La Tortuga Isl,1939,26.6,641.3
La Tortuga Isl,1940,27.3,707.8
La Tortuga Isl,1941,27.6,672.1
La Tortuga Isl,1942,27.4,1068.5
La Tortuga Isl,1943,26.8,958.1
La Tortuga Isl,1944,26.9,973.5
La Tortuga Isl,1945,26.6,731.3
La Tortuga Isl,1946,26.7,842.6
La Tortuga Isl,1947,27.0,652.3
La Tortuga Isl,1948,26.7,891.7
La Tortuga Isl,1949,26.5,901.8
La Tortuga Isl,1950,26.2,1311.0
La Tortuga Isl,1951,26.8,889.0
La Tortuga Isl,1952,27.0,879.4
La Tortuga Isl,1953,26.9,883.0
La Tortuga Isl,1954,26.5,1099.9
La Tortuga Isl,1955,26.5,1011.6
La Tortuga Isl,1956,26.4,946.5
La Tortuga Isl,1957,26.7,725.0
La Tortuga Isl,1958,27.3,708.0
La Tortuga Isl,1959,26.9,542.0
La Tortuga Isl,1960,27.1,804.9
La Tortuga Isl,1961,27.0,821.2
La Tortuga Isl,1962,26.9,811.9
La Tortuga Isl,1963,27.1,1035.5
La Tortuga Isl,1964,26.7,728.4
La Tortuga Isl,1965,26.6,905.2
La Tortuga Isl,1966,26.8,1305.5
La Tortuga Isl,1967,26.4,752.3
La Tortuga Isl,1968,26.6,800.8
La Tortuga Isl,1969,27.1,1491.9
La Tortuga Isl,1970,26.9,1103.4
La Tortuga Isl,1971,26.5,758.5
La Tortuga Isl,1972,27.0,695.0
La Tortuga Isl,1973,27.1,693.0
La Tortuga Isl,1974,26.5,680.3
La Tortuga Isl,1975,26.5,1028.8
La Tortuga Isl,1976,26.4,774.2
La Tortuga Isl,1977,26.9,742.1
La Tortuga Isl,1978,27.1,714.9
La Tortuga Isl,1979,27.4,905.1
La Tortuga Isl,1980,27.5,727.3
La Tortuga Isl,1981,27.3,844.0
La Tortuga Isl,1982,27.0,676.0
La Tortuga Isl,1983,27.7,665.8
La Tortuga Isl,1984,26.9,876.4
La Tortuga Isl,1985,26.5,972.4
La Tortuga Isl,1986,26.5,765.8
La Tortuga Isl,1987,27.5,922.3
La Tortuga Isl,1988,26.8,1140.4
La Tortuga Isl,1989,26.5,853.1
La Tortuga Isl,1990,26.8,1029.0
La Tortuga Isl,1991,27.1,739.2
La Tortuga Isl,1992,27.2,857.1
La Tortuga Isl,1993,27.2,812.2
La Tortuga Isl,1994,27.1,745.4
La Tortuga Isl,1995,27.2,922.0
La Tortuga Isl,1996,27.0,1029.1
La Tortuga Isl,1997,27.3,675.8
La Tortuga Isl,1998,27.8,905.1
La Tortuga Isl,1999,26.6,1187.7
La Tortuga Isl,2000,26.6,814.4
La Tortuga Isl,2001,27.5,716.9
La Tortuga Isl,2002,27.5,649.1
La Tortuga Isl,2003,27.6,800.4
La Tortuga Isl,2004,27.1,1034.7
La Tortuga Isl,2005,27.4,1156.2
La Tortuga Isl,2006,27.4,908.5
La Tortuga Isl,2007,27.3,966.1
La Tortuga Isl,2008,27.2,931.3
La Tortuga Isl,2009,27.8,590.4
La Tortuga Isl,2010,27.8,1312.9
La Tortuga Isl,2011,27.3,1071.0
La Tortuga Isl,2012,27.5,841.8
La Tortuga Isl,2013,27.4,713.9
La Tortuga Isl,2014,27.4,607.5
La Tortuga Isl,2015,27.6,577.3
La Tortuga Isl,2016,27.8,802.1
La Tortuga Isl,2017,27.6,743.6
La Tortuga Isl,2018,27.3,878.2
La Tortuga Isl,2019,27.5,678.0
La Tortuga Isl,2020,27.7,843.3
La Tortuga Isl,2021,27.4,866.0
La Tortuga Isl,2022,27.3,866.0
La Tortuga Isl,2023,27.7,849.8
La Tortuga Isl,2024,28.1,823.6
Laccadive Isl,1901,27.1,1784.8
Laccadive Isl,1902,27.2,1986.9
Laccadive Isl,1903,26.9,1916.1
Laccadive Isl,1904,26.9,1674.0
Laccadive Isl,1905,27.0,1654.7
Laccadive Isl,1906,27.1,1831.7
Laccadive Isl,1907,27.0,1686.6
Laccadive Isl,1908,26.8,2019.2
Laccadive Isl,1909,26.9,1731.6
Laccadive Isl,1910,26.8,1690.6
Laccadive Isl,1911,27.2,1605.6
Laccadive Isl,1912,27.2,1857.3
Laccadive Isl,1913,27.1,1651.9
Laccadive Isl,1914,27.1,1943.3
Laccadive Isl,1915,27.2,1678.7
Laccadive Isl,1916,27.1,1673.6
Laccadive Isl,1917,26.7,1722.0
Laccadive Isl,1918,26.9,1519.2
Laccadive Isl,1919,27.2,1803.8
Laccadive Isl,1920,27.2,1753.9
Laccadive Isl,1921,27.2,1792.4
Laccadive Isl,1922,26.9,2016.0
Laccadive Isl,1923,27.0,2003.8
Laccadive Isl,1924,27.1,1847.0
Laccadive Isl,1925,26.9,1807.2
Laccadive Isl,1926,27.2,1832.5
Laccadive Isl,1927,27.0,1959.9
Laccadive Isl,1928,27.2,1625.3
Laccadive Isl,1929,27.1,1900.5
Laccadive Isl,1930,27.1,1664.3
Laccadive Isl,1931,27.0,1978.0
Laccadive Isl,1932,26.6,1758.6
Laccadive Isl,1933,26.5,1966.9
Laccadive Isl,1934,26.7,1630.4
Laccadive Isl,1935,26.9,1797.6
Laccadive Isl,1936,27.0,1750.1
Laccadive Isl,1937,27.1,1915.0
Laccadive Isl,1938,26.8,1824.5
Laccadive Isl,1939,26.8,1644.8
Laccadive Isl,1940,26.9,1966.9
Laccadive Isl,1941,27.3,1652.5
Laccadive Isl,1942,26.9,1877.7
Laccadive Isl,1943,26.6,1867.8
Laccadive Isl,1944,26.8,1647.0
Laccadive Isl,1945,26.8,1676.6
Laccadive Isl,1946,26.8,1999.6
Laccadive Isl,1947,26.8,1907.0
Laccadive Isl,1948,27.0,1759.0
Laccadive Isl,1949,26.7,1835.8
Laccadive Isl,1950,26.6,1786.8
Laccadive Isl,1951,26.9,1717.3
Laccadive Isl,1952,27.1,1534.1
Laccadive Isl,1953,27.2,1747.1
Laccadive Isl,1954,26.8,1745.7
Laccadive Isl,1955,26.6,1786.2
Laccadive Isl,1956,26.4,1713.6
Laccadive Isl,1957,26.8,1703.7
Laccadive Isl,1958,27.1,1642.3
Laccadive Isl,1959,27.1,1960.8
Laccadive Isl,1960,26.8,1816.1
Laccadive Isl,1961,26.9,2254.3
Laccadive Isl,1962,26.8,1823.3
Laccadive Isl,1963,27.0,1759.0
Laccadive Isl,1964,26.9,1767.2
Laccadive Isl,1965,27.0,1597.1
Laccadive Isl,1966,27.2,1645.3
Laccadive Isl,1967,27.0,1858.1
Laccadive Isl,1968,26.8,1893.1
Laccadive Isl,1969,27.2,1712.1
Laccadive Isl,1970,26.8,1709.7
Laccadive Isl,1971,26.4,1753.8
Laccadive Isl,1972,27.1,1657.7
Laccadive Isl,1973,27.2,1860.6
Laccadive Isl,1974,26.9,1840.1
Laccadive Isl,1975,26.7,2060.4
Laccadive Isl,1976,27.1,1685.1
Laccadive Isl,1977,27.4,1928.8
Laccadive Isl,1978,27.2,1999.7
Laccadive Isl,1979,27.6,1848.7
Laccadive Isl,1980,27.6,1926.1
Laccadive Isl,1981,27.4,1936.0
Laccadive Isl,1982,27.5,1791.6
Laccadive Isl,1983,27.6,1807.3
Laccadive Isl,1984,27.3,1663.1
Laccadive Isl,1985,27.4,1735.0
Laccadive Isl,1986,27.7,1815.3
Laccadive Isl,1987,27.9,1682.6
Laccadive Isl,1988,27.8,1804.7
Laccadive Isl,1989,27.4,1794.6
Laccadive Isl,1990,27.6,1682.9
Laccadive Isl,1991,27.7,1816.8
Laccadive Isl,1992,27.4,1782.5
Laccadive Isl,1993,27.5,1792.9
Laccadive Isl,1994,27.5,2045.2
Laccadive Isl,1995,27.6,1780.5
Laccadive Isl,1996,27.5,1800.1
Laccadive Isl,1997,27.8,1941.2
Laccadive Isl,1998,28.0,1889.8
Laccadive Isl,1999,27.5,1787.8
Laccadive Isl,2000,27.5,1732.8
Laccadive Isl,2001,27.7,1713.9
Laccadive Isl,2002,27.9,1648.0
Laccadive Isl,2003,27.9,1708.0
Laccadive Isl,2004,27.6,1734.6
Laccadive Isl,2005,27.7,1709.6
Laccadive Isl,2006,27.7,1845.7
Laccadive Isl,2007,27.7,1891.7
Laccadive Isl,2008,27.6,1799.0
Laccadive Isl,2009,28.0,1819.6
Laccadive Isl,2010,27.9,1854.3
Laccadive Isl,2011,27.8,1789.3
Laccadive Isl,2012,27.9,1694.2
Laccadive Isl,2013,27.8,1772.0
Laccadive Isl,2014,28.0,1824.8
Laccadive Isl,2015,28.0,1795.9
Laccadive Isl,2016,28.2,1564.0
Laccadive Isl,2017,28.1,1774.4
Laccadive Isl,2018,27.9,1746.4
Laccadive Isl,2019,28.1,1906.9
Laccadive Isl,2020,28.2,1904.5
Laccadive Isl,2021,28.0,1839.9
Laccadive Isl,2022,27.8,1889.0
Laccadive Isl,2023,28.1,1778.1
Laccadive Isl,2024,28.4,1800.7
Laos,1901,23.3,1852.5
Laos,1902,23.3,1840.7
Laos,1903,23.0,1847.6
Laos,1904,23.0,1988.7
Laos,1905,23.7,1765.7
Laos,1906,23.7,1773.9
Laos,1907,23.1,1821.0
Laos,1908,23.1,1926.2
Laos,1909,23.2,2004.4
Laos,1910,23.1,1916.9
Laos,1911,23.4,1609.8
Laos,1912,23.2,1719.9
Laos,1913,23.0,1784.3
Laos,1914,23.2,1768.6
Laos,1915,23.1,1920.8
Laos,1916,23.1,1729.7
Laos,1917,23.0,1738.9
Laos,1918,23.2,1812.8
Laos,1919,23.4,1599.8
Laos,1920,23.2,1889.1
Laos,1921,23.2,1692.6
Laos,1922,23.5,1549.0
Laos,1923,23.4,1732.3
Laos,1924,23.4,1759.8
Laos,1925,23.1,1618.6
Laos,1926,23.5,1703.3
Laos,1927,23.4,1909.4
Laos,1928,23.5,1755.0
Laos,1929,23.5,1808.1
Laos,1930,23.4,1612.1
Laos,1931,23.8,1576.4
Laos,1932,23.4,1785.1
Laos,1933,23.5,1861.4
Laos,1934,23.2,1990.8
Laos,1935,23.6,1844.2
Laos,1936,23.2,1583.7
Laos,1937,23.5,1703.2
Laos,1938,23.0,1808.9
Laos,1939,23.0,1774.1
Laos,1940,23.3,1664.5
Laos,1941,23.9,1821.2
Laos,1942,23.6,1870.4
Laos,1943,23.3,1730.2
Laos,1944,23.3,1706.8
Laos,1945,23.3,2007.5
Laos,1946,23.6,1647.2
Laos,1947,23.5,1706.4
Laos,1948,23.3,1844.9
Laos,1949,23.4,2169.6
Laos,1950,23.1,1824.6
Laos,1951,23.1,1987.6
Laos,1952,23.3,1976.6
Laos,1953,23.3,1867.9
Laos,1954,23.2,1643.3
Laos,1955,22.8,1690.0
Laos,1956,22.8,1790.5
Laos,1957,23.2,1550.3
Laos,1958,23.3,1625.5
Laos,1959,23.4,1664.6
Laos,1960,23.5,1840.7
Laos,1961,23.2,2087.1
Laos,1962,22.9,1782.9
Laos,1963,23.0,2000.5
Laos,1964,23.0,2043.0
Laos,1965,23.2,1744.3
Laos,1966,23.7,1978.3
Laos,1967,22.9,1665.9
Laos,1968,23.2,1713.6
Laos,1969,23.4,1723.7
Laos,1970,23.2,1970.1
Laos,1971,22.6,1994.7
Laos,1972,23.3,1974.3
Laos,1973,23.5,1676.1
Laos,1974,22.9,2059.8
Laos,1975,23.2,2020.8
Laos,1976,23.0,1776.9
Laos,1977,23.2,1692.2
Laos,1978,23.4,2080.6
Laos,1979,23.8,1580.2
Laos,1980,23.7,1925.9
Laos,1981,23.1,1951.1
Laos,1982,23.1,1849.5
Laos,1983,23.2,1864.3
Laos,1984,23.1,1986.9
Laos,1985,23.0,1841.9
Laos,1986,23.1,2100.3
Laos,1987,23.9,1663.6
Laos,1988,23.6,1747.3
Laos,1989,23.5,1708.4
Laos,1990,23.8,2132.3
Laos,1991,23.9,1738.0
Laos,1992,23.4,1767.7
Laos,1993,23.6,1441.1
Laos,1994,23.8,2018.3
Laos,1995,23.5,1863.7
Laos,1996,23.2,2094.4
Laos,1997,23.6,1816.2
Laos,1998,24.4,1734.5
Laos,1999,23.5,2143.0
Laos,2000,23.5,1882.0
Laos,2001,23.7,2161.3
Laos,2002,23.8,2211.8
Laos,2003,23.8,1652.6
Laos,2004,23.5,1786.3
Laos,2005,23.9,1980.8
Laos,2006,23.9,1963.4
Laos,2007,23.6,1929.1
Laos,2008,23.1,2236.4
Laos,2009,23.8,1697.4
Laos,2010,24.2,1828.5
Laos,2011,23.1,2256.5
Laos,2012,24.1,2025.8
Laos,2013,23.7,2208.8
Laos,2014,23.9,1583.9
Laos,2015,24.3,1642.3
Laos,2016,24.2,2002.5
Laos,2017,23.8,2142.5
Laos,2018,23.8,1947.5
Laos,2019,24.5,1491.2
Laos,2020,24.3,1627.3
Laos,2021,24.0,1816.8
Laos,2022,23.7,2071.4
Laos,2023,24.6,1914.6
Laos,2024,24.6,1930.2
Latvia,1901,5.9,529.6
Latvia,1902,3.9,674.7
Latvia,1903,6.3,721.8
Latvia,1904,4.9,652.4
Latvia,1905,5.7,643.3
Latvia,1906,6.3,681.9
Latvia,1907,4.6,576.7
Latvia,1908,5.1,624.7
Latvia,1909,4.9,558.6
Latvia,1910,6.7,625.8
Latvia,1911,5.9,593.5
Latvia,1912,5.0,683.7
Latvia,1913,6.4,651.4
Latvia,1914,6.4,571.6
Latvia,1915,4.4,627.8
Latvia,1916,5.5,713.6
Latvia,1917,4.7,632.9
Latvia,1918,5.6,551.4
Latvia,1919,4.8,576.3
Latvia,1920,6.4,509.2
Latvia,1921,6.0,600.5
Latvia,1922,4.6,627.7
Latvia,1923,5.0,742.1
Latvia,1924,5.1,631.3
Latvia,1925,6.3,745.4
Latvia,1926,5.5,680.7
Latvia,1927,5.2,715.4
Latvia,1928,5.1,772.7
Latvia,1929,4.6,613.9
Latvia,1930,6.5,726.5
Latvia,1931,4.7,654.8
Latvia,1932,6.2,639.7
Latvia,1933,4.8,584.2
Latvia,1934,7.4,617.5
Latvia,1935,5.8,733.9
Latvia,1936,6.6,658.5
Latvia,1937,6.4,667.8
Latvia,1938,7.0,596.4
Latvia,1939,6.3,523.2
Latvia,1940,3.8,646.8
Latvia,1941,3.4,525.4
Latvia,1942,3.4,574.7
Latvia,1943,6.5,648.4
Latvia,1944,6.2,614.8
Latvia,1945,5.4,708.3
Latvia,1946,5.5,588.7
Latvia,1947,4.8,550.4
Latvia,1948,6.2,664.7
Latvia,1949,7.1,666.7
Latvia,1950,5.8,756.2
Latvia,1951,5.8,522.0
Latvia,1952,4.9,761.9
Latvia,1953,6.0,560.5
Latvia,1954,5.2,684.4
Latvia,1955,5.1,601.3
Latvia,1956,4.0,677.2
Latvia,1957,6.1,721.8
Latvia,1958,5.2,595.9
Latvia,1959,6.4,555.7
Latvia,1960,5.5,675.6
Latvia,1961,6.7,618.6
Latvia,1962,5.0,716.4
Latvia,1963,4.8,537.1
Latvia,1964,5.4,506.3
Latvia,1965,4.7,569.0
Latvia,1966,5.1,685.6
Latvia,1967,6.1,650.6
Latvia,1968,5.3,560.1
Latvia,1969,4.4,527.5
Latvia,1970,4.8,648.7
Latvia,1971,6.0,548.5
Latvia,1972,6.2,636.0
Latvia,1973,6.0,604.8
Latvia,1974,6.5,680.6
Latvia,1975,7.4,516.7
Latvia,1976,4.6,508.2
Latvia,1977,5.4,678.0
Latvia,1978,4.7,760.5
Latvia,1979,5.1,646.8
Latvia,1980,4.8,758.5
Latvia,1981,5.7,811.8
Latvia,1982,6.1,560.4
Latvia,1983,6.8,694.6
Latvia,1984,6.1,633.1
Latvia,1985,4.2,745.0
Latvia,1986,5.4,713.6
Latvia,1987,3.9,676.0
Latvia,1988,6.2,684.1
Latvia,1989,7.6,659.2
Latvia,1990,7.3,844.7
Latvia,1991,6.6,679.2
Latvia,1992,6.9,630.6
Latvia,1993,5.8,670.6
Latvia,1994,6.2,659.8
Latvia,1995,6.5,679.1
Latvia,1996,5.1,579.9
Latvia,1997,6.3,726.3
Latvia,1998,6.1,749.5
Latvia,1999,7.1,626.8
Latvia,2000,7.6,649.8
Latvia,2001,6.6,787.6
Latvia,2002,7.0,576.4
Latvia,2003,6.2,637.4
Latvia,2004,6.4,688.3
Latvia,2005,6.5,625.1
Latvia,2006,6.9,590.5
Latvia,2007,7.2,720.9
Latvia,2008,7.7,717.9
Latvia,2009,6.6,737.7
Latvia,2010,5.6,817.1
Latvia,2011,7.2,643.3
Latvia,2012,6.2,814.4
Latvia,2013,7.0,638.8
Latvia,2014,7.4,667.6
Latvia,2015,7.9,574.2
Latvia,2016,7.1,709.6
Latvia,2017,6.9,817.9
Latvia,2018,7.5,562.4
Latvia,2019,8.0,660.9
Latvia,2020,8.6,637.6
Latvia,2021,6.8,654.8
Latvia,2022,7.4,629.6
Latvia,2023,7.8,730.8
Latvia,2024,8.5,637.0
Lau Group,1901,25.2,1783.8
Lau Group,1902,25.2,1738.0
Lau Group,1903,25.1,1686.1
Lau Group,1904,25.1,1768.9
Lau Group,1905,25.1,1657.6
Lau Group,1906,25.2,1825.8
Lau Group,1907,25.1,1715.3
Lau Group,1908,25.1,1722.5
Lau Group,1909,25.1,1725.9
Lau Group,1910,25.1,1786.8
Lau Group,1911,25.2,1773.0
Lau Group,1912,25.2,1766.7
Lau Group,1913,25.2,1786.4
Lau Group,1914,25.3,1822.6
Lau Group,1915,25.2,1726.9
Lau Group,1916,25.1,1849.2
Lau Group,1917,25.1,1865.8
Lau Group,1918,25.1,1728.3
Lau Group,1919,25.2,1815.0
Lau Group,1920,25.2,1752.3
Lau Group,1921,25.3,1902.9
Lau Group,1922,25.3,1894.4
Lau Group,1923,25.2,1746.2
Lau Group,1924,25.3,1803.2
Lau Group,1925,25.2,1740.0
Lau Group,1926,25.2,1743.2
Lau Group,1927,25.3,1837.8
Lau Group,1928,25.2,1747.2
Lau Group,1929,25.2,1849.2
Lau Group,1930,25.2,1706.0
Lau Group,1931,25.2,1779.1
Lau Group,1932,25.2,1779.1
Lau Group,1933,25.2,1829.7
Lau Group,1934,25.2,1797.0
Lau Group,1935,25.3,1860.6
Lau Group,1936,25.3,1806.3
Lau Group,1937,25.1,1740.2
Lau Group,1938,25.2,1857.4
Lau Group,1939,25.2,1837.7
Lau Group,1940,25.2,1725.7
Lau Group,1941,25.3,1765.5
Lau Group,1942,25.2,1753.8
Lau Group,1943,25.3,1688.0
Lau Group,1944,25.1,1223.5
Lau Group,1945,25.1,1415.5
Lau Group,1946,25.4,1728.3
Lau Group,1947,25.5,1666.0
Lau Group,1948,25.2,2006.1
Lau Group,1949,25.3,1962.6
Lau Group,1950,25.3,2202.9
Lau Group,1951,25.1,1714.8
Lau Group,1952,25.5,2138.1
Lau Group,1953,25.4,1936.5
Lau Group,1954,25.4,1927.9
Lau Group,1955,25.3,2271.4
Lau Group,1956,25.3,2107.0
Lau Group,1957,25.2,1805.1
Lau Group,1958,25.3,1605.1
Lau Group,1959,25.5,1809.1
Lau Group,1960,25.3,2104.9
Lau Group,1961,25.3,1939.3
Lau Group,1962,25.1,1686.4
Lau Group,1963,25.1,1963.9
Lau Group,1964,25.2,2220.2
Lau Group,1965,24.5,1574.9
Lau Group,1966,24.9,1406.9
Lau Group,1967,25.0,1804.1
Lau Group,1968,25.1,1667.2
Lau Group,1969,25.1,1176.4
Lau Group,1970,25.2,1736.7
Lau Group,1971,25.2,2198.0
Lau Group,1972,25.0,2133.3
Lau Group,1973,25.5,1596.7
Lau Group,1974,25.3,2242.7
Lau Group,1975,25.4,2098.3
Lau Group,1976,25.2,1994.8
Lau Group,1977,25.2,1521.6
Lau Group,1978,25.1,1647.0
Lau Group,1979,25.2,1817.2
Lau Group,1980,25.2,1707.2
Lau Group,1981,25.4,1486.8
Lau Group,1982,25.2,1842.1
Lau Group,1983,25.3,1578.5
Lau Group,1984,25.6,1723.2
Lau Group,1985,25.6,1407.1
Lau Group,1986,25.1,1843.2
Lau Group,1987,25.1,1225.2
Lau Group,1988,25.8,1847.1
Lau Group,1989,25.4,1823.7
Lau Group,1990,25.5,2063.6
Lau Group,1991,25.2,1391.4
Lau Group,1992,25.1,2087.3
Lau Group,1993,24.8,1393.0
Lau Group,1994,25.1,1447.5
Lau Group,1995,25.5,1826.4
Lau Group,1996,25.6,1618.1
Lau Group,1997,25.3,1824.4
Lau Group,1998,25.7,1262.1
Lau Group,1999,25.5,1515.9
Lau Group,2000,25.7,2047.2
Lau Group,2001,25.9,1731.4
Lau Group,2002,25.3,1705.7
Lau Group,2003,25.6,1328.4
Lau Group,2004,25.6,1686.7
Lau Group,2005,25.7,1401.9
Lau Group,2006,25.4,1642.2
Lau Group,2007,25.8,1783.9
Lau Group,2008,25.5,1880.9
Lau Group,2009,25.4,1712.1
Lau Group,2010,25.7,1809.8
Lau Group,2011,25.8,2355.4
Lau Group,2012,25.5,1698.5
Lau Group,2013,25.7,1781.5
Lau Group,2014,25.6,1742.6
Lau Group,2015,25.4,1445.5
Lau Group,2016,26.0,1994.1
Lau Group,2017,25.9,1669.7
Lau Group,2018,25.7,1773.2
Lau Group,2019,25.8,1793.9
Lau Group,2020,26.1,2027.4
Lau Group,2021,25.8,1732.1
Lau Group,2022,25.8,1969.5
Lau Group,2023,25.9,1749.4
Lau Group,2024,26.3,1912.5
Lebanon,1901,15.8,471.3
Lebanon,1902,15.3,843.6
Lebanon,1903,14.2,654.1
Lebanon,1904,14.8,932.1
Lebanon,1905,15.0,855.0
Lebanon,1906,15.2,936.7
Lebanon,1907,14.6,902.1
Lebanon,1908,14.7,915.6
Lebanon,1909,15.9,816.2
Lebanon,1910,14.9,787.8
Lebanon,1911,14.6,1217.0
Lebanon,1912,15.1,836.7
Lebanon,1913,15.0,924.7
Lebanon,1914,15.5,839.4
Lebanon,1915,16.1,488.5
Lebanon,1916,16.4,848.4
Lebanon,1917,15.9,746.3
Lebanon,1918,15.8,1017.0
Lebanon,1919,16.1,811.5
Lebanon,1920,15.5,783.7
Lebanon,1921,15.0,855.0
Lebanon,1922,16.0,743.4
Lebanon,1923,16.1,712.8
Lebanon,1924,16.0,895.6
Lebanon,1925,16.0,520.3
Lebanon,1926,16.1,848.2
Lebanon,1927,16.3,673.4
Lebanon,1928,16.2,726.2
Lebanon,1929,15.6,802.3
Lebanon,1930,16.3,608.7
Lebanon,1931,15.8,744.4
Lebanon,1932,15.9,484.0
Lebanon,1933,14.9,439.1
Lebanon,1934,15.7,700.4
Lebanon,1935,16.3,912.3
Lebanon,1936,16.0,737.7
Lebanon,1937,16.3,619.5
Lebanon,1938,15.5,912.4
Lebanon,1939,16.3,757.3
Lebanon,1940,16.1,932.8
Lebanon,1941,16.0,674.0
Lebanon,1942,15.9,842.0
Lebanon,1943,15.5,764.2
Lebanon,1944,15.7,1084.4
Lebanon,1945,15.3,738.3
Lebanon,1946,15.9,590.1
Lebanon,1947,16.6,653.3
Lebanon,1948,15.1,887.6
Lebanon,1949,15.0,846.0
Lebanon,1950,15.4,734.9
Lebanon,1951,16.3,742.6
Lebanon,1952,16.5,690.4
Lebanon,1953,15.5,1021.4
Lebanon,1954,16.4,853.6
Lebanon,1955,17.1,570.4
Lebanon,1956,15.7,619.2
Lebanon,1957,15.9,655.5
Lebanon,1958,16.3,442.8
Lebanon,1959,15.3,526.0
Lebanon,1960,17.0,442.1
Lebanon,1961,15.9,726.3
Lebanon,1962,17.2,587.9
Lebanon,1963,16.4,839.0
Lebanon,1964,15.5,762.2
Lebanon,1965,16.0,803.3
Lebanon,1966,16.9,666.6
Lebanon,1967,14.8,1016.1
Lebanon,1968,15.9,957.8
Lebanon,1969,16.3,979.4
Lebanon,1970,16.4,701.4
Lebanon,1971,15.7,876.5
Lebanon,1972,15.1,496.9
Lebanon,1973,15.7,540.0
Lebanon,1974,15.7,756.0
Lebanon,1975,15.5,692.1
Lebanon,1976,15.2,779.3
Lebanon,1977,15.8,830.8
Lebanon,1978,16.1,758.9
Lebanon,1979,16.6,726.9
Lebanon,1980,15.8,828.2
Lebanon,1981,16.1,828.3
Lebanon,1982,15.1,650.8
Lebanon,1983,15.3,726.8
Lebanon,1984,15.7,694.7
Lebanon,1985,16.1,559.7
Lebanon,1986,16.1,705.1
Lebanon,1987,16.0,804.1
Lebanon,1988,15.7,914.6
Lebanon,1989,16.0,398.8
Lebanon,1990,16.1,428.9
Lebanon,1991,16.1,910.8
Lebanon,1992,14.8,865.1
Lebanon,1993,15.8,502.7
Lebanon,1994,16.7,958.0
Lebanon,1995,16.1,482.8
Lebanon,1996,16.6,704.0
Lebanon,1997,15.6,655.0
Lebanon,1998,17.1,634.7
Lebanon,1999,17.0,390.1
Lebanon,2000,16.4,707.8
Lebanon,2001,17.0,708.7
Lebanon,2002,16.6,758.2
Lebanon,2003,16.6,968.5
Lebanon,2004,16.5,723.6
Lebanon,2005,16.5,641.2
Lebanon,2006,16.4,618.1
Lebanon,2007,16.6,604.9
Lebanon,2008,16.8,449.5
Lebanon,2009,16.7,720.1
Lebanon,2010,18.3,523.7
Lebanon,2011,16.2,791.9
Lebanon,2012,17.1,918.2
Lebanon,2013,16.9,656.1
Lebanon,2014,17.3,584.4
Lebanon,2015,17.0,714.6
Lebanon,2016,17.3,684.6
Lebanon,2017,17.1,435.4
Lebanon,2018,17.8,814.1
Lebanon,2019,17.2,884.4
Lebanon,2020,17.4,819.2
Lebanon,2021,17.6,676.9
Lebanon,2022,17.0,677.2
Lebanon,2023,17.7,756.2
Lebanon,2024,17.9,699.0
Lesotho,1901,10.6,900.0
Lesotho,1902,10.5,817.3
Lesotho,1903,10.4,622.2
Lesotho,1904,10.5,675.7
Lesotho,1905,10.6,861.3
Lesotho,1906,10.3,909.2
Lesotho,1907,10.1,1136.1
Lesotho,1908,10.4,885.6
Lesotho,1909,10.4,1227.0
Lesotho,1910,10.2,958.2
Lesotho,1911,10.5,935.1
Lesotho,1912,10.8,772.7
Lesotho,1913,11.0,696.9
Lesotho,1914,11.1,838.6
Lesotho,1915,10.8,908.5
Lesotho,1916,10.8,719.0
Lesotho,1917,10.3,1043.6
Lesotho,1918,10.6,907.6
Lesotho,1919,11.0,622.2
Lesotho,1920,11.0,836.7
Lesotho,1921,10.5,901.6
Lesotho,1922,11.0,799.9
Lesotho,1923,11.1,761.6
Lesotho,1924,10.4,1011.2
Lesotho,1925,10.8,962.3
Lesotho,1926,10.9,870.5
Lesotho,1927,11.3,835.0
Lesotho,1928,10.9,790.6
Lesotho,1929,11.0,1034.0
Lesotho,1930,10.8,774.3
Lesotho,1931,11.3,827.2
Lesotho,1932,11.6,688.2
Lesotho,1933,11.6,771.9
Lesotho,1934,11.6,1228.8
Lesotho,1935,10.7,723.8
Lesotho,1936,11.0,903.6
Lesotho,1937,11.4,767.6
Lesotho,1938,11.4,950.2
Lesotho,1939,11.0,1013.0
Lesotho,1940,11.6,887.6
Lesotho,1941,11.9,723.6
Lesotho,1942,11.4,1103.9
Lesotho,1943,10.7,1234.2
Lesotho,1944,11.5,787.1
Lesotho,1945,11.6,640.6
Lesotho,1946,11.8,830.2
Lesotho,1947,11.6,906.3
Lesotho,1948,11.3,734.8
Lesotho,1949,11.6,804.7
Lesotho,1950,11.5,999.7
Lesotho,1951,11.0,736.7
Lesotho,1952,11.6,828.8
Lesotho,1953,11.1,822.2
Lesotho,1954,11.0,727.5
Lesotho,1955,10.4,994.8
Lesotho,1956,11.1,1052.7
Lesotho,1957,11.6,1163.3
Lesotho,1958,11.7,914.1
Lesotho,1959,11.3,930.7
Lesotho,1960,11.2,949.2
Lesotho,1961,11.5,880.9
Lesotho,1962,11.7,750.3
Lesotho,1963,11.2,981.9
Lesotho,1964,11.2,920.8
Lesotho,1965,11.4,622.8
Lesotho,1966,11.7,723.2
Lesotho,1967,11.0,955.8
Lesotho,1968,11.0,639.7
Lesotho,1969,11.8,788.9
Lesotho,1970,11.8,713.3
Lesotho,1971,11.3,769.2
Lesotho,1972,11.5,789.8
Lesotho,1973,11.4,758.0
Lesotho,1974,11.2,962.3
Lesotho,1975,11.2,1026.8
Lesotho,1976,10.9,1168.9
Lesotho,1977,11.8,878.8
Lesotho,1978,11.5,925.3
Lesotho,1979,11.9,822.5
Lesotho,1980,11.5,640.7
Lesotho,1981,11.0,915.2
Lesotho,1982,11.9,672.2
Lesotho,1983,12.5,765.4
Lesotho,1984,12.0,662.2
Lesotho,1985,12.2,800.8
Lesotho,1986,12.1,826.5
Lesotho,1987,12.2,929.9
Lesotho,1988,11.6,1076.5
Lesotho,1989,11.4,863.8
Lesotho,1990,11.9,696.8
Lesotho,1991,11.9,943.0
Lesotho,1992,12.7,554.6
Lesotho,1993,12.3,801.7
Lesotho,1994,11.5,652.2
Lesotho,1995,12.0,786.9
Lesotho,1996,11.4,1014.5
Lesotho,1997,11.7,929.2
Lesotho,1998,12.3,987.9
Lesotho,1999,12.6,804.6
Lesotho,2000,11.4,938.5
Lesotho,2001,11.8,987.5
Lesotho,2002,11.9,802.4
Lesotho,2003,12.3,665.6
Lesotho,2004,12.4,772.9
Lesotho,2005,12.5,675.6
Lesotho,2006,11.9,1040.2
Lesotho,2007,12.3,798.7
Lesotho,2008,12.4,807.1
Lesotho,2009,12.2,878.7
Lesotho,2010,12.5,968.3
Lesotho,2011,11.9,955.4
Lesotho,2012,12.2,763.0
Lesotho,2013,12.1,642.8
Lesotho,2014,12.3,742.0
Lesotho,2015,12.8,532.6
Lesotho,2016,12.9,684.6
Lesotho,2017,12.5,718.3
Lesotho,2018,12.8,626.9
Lesotho,2019,13.4,734.6
Lesotho,2020,12.5,925.9
Lesotho,2021,12.1,1065.2
Lesotho,2022,12.5,869.0
Lesotho,2023,12.6,844.7
Lesotho,2024,13.0,905.1
Liberia,1901,25.7,2377.6
Liberia,1902,25.6,2377.6
Liberia,1903,25.4,2459.7
Liberia,1904,25.2,2386.6
Liberia,1905,25.5,2479.2
Liberia,1906,25.4,2648.9
Liberia,1907,25.3,2380.5
Liberia,1908,25.4,2628.0
Liberia,1909,25.3,2389.9
Liberia,1910,25.6,2387.1
Liberia,1911,25.3,2410.2
Liberia,1912,25.8,2384.8
Liberia,1913,25.4,2407.1
Liberia,1914,25.4,2286.9
Liberia,1915,25.7,2626.4
Liberia,1916,25.5,2572.1
Liberia,1917,25.4,2382.8
Liberia,1918,25.3,2363.0
Liberia,1919,25.1,2107.4
Liberia,1920,25.2,2224.9
Liberia,1921,25.1,2536.5
Liberia,1922,25.2,2358.5
Liberia,1923,25.3,2313.6
Liberia,1924,25.0,2650.1
Liberia,1925,24.9,2411.9
Liberia,1926,25.3,2536.5
Liberia,1927,24.7,2832.4
Liberia,1928,24.6,3057.5
Liberia,1929,24.6,2581.4
Liberia,1930,24.6,2482.1
Liberia,1931,25.0,2982.7
Liberia,1932,25.0,2613.9
Liberia,1933,25.1,2846.3
Liberia,1934,25.1,2310.8
Liberia,1935,25.0,2558.5
Liberia,1936,25.0,2483.1
Liberia,1937,25.3,2435.5
Liberia,1938,25.3,2569.1
Liberia,1939,25.2,2544.1
Liberia,1940,25.3,2433.1
Liberia,1941,25.6,2556.9
Liberia,1942,25.3,2281.2
Liberia,1943,25.0,2706.8
Liberia,1944,25.5,2590.0
Liberia,1945,25.4,2346.1
Liberia,1946,25.2,2281.1
Liberia,1947,25.2,2987.7
Liberia,1948,25.0,2182.5
Liberia,1949,25.2,2408.9
Liberia,1950,25.0,2108.5
Liberia,1951,25.3,2881.9
Liberia,1952,25.3,2747.8
Liberia,1953,25.4,2747.6
Liberia,1954,25.0,2662.1
Liberia,1955,25.1,2935.1
Liberia,1956,25.0,2219.7
Liberia,1957,25.2,3006.8
Liberia,1958,25.3,2130.7
Liberia,1959,25.2,2671.6
Liberia,1960,25.2,2516.6
Liberia,1961,25.1,2365.8
Liberia,1962,25.1,2775.2
Liberia,1963,25.3,3077.3
Liberia,1964,24.9,2424.3
Liberia,1965,24.8,2514.2
Liberia,1966,25.3,3006.3
Liberia,1967,24.9,2169.1
Liberia,1968,25.2,3035.5
Liberia,1969,25.5,2552.0
Liberia,1970,25.4,2256.6
Liberia,1971,24.6,2315.9
Liberia,1972,24.9,2423.3
Liberia,1973,25.3,2352.8
Liberia,1974,24.8,2236.7
Liberia,1975,24.7,2184.1
Liberia,1976,24.4,2347.7
Liberia,1977,25.0,2343.8
Liberia,1978,24.8,2298.9
Liberia,1979,25.1,2563.5
Liberia,1980,25.1,2274.9
Liberia,1981,25.1,2208.9
Liberia,1982,24.8,2154.4
Liberia,1983,25.4,1917.4
Liberia,1984,25.2,2236.9
Liberia,1985,25.1,2276.4
Liberia,1986,24.9,1951.7
Liberia,1987,25.8,2231.5
Liberia,1988,25.4,2213.6
Liberia,1989,25.2,2339.5
Liberia,1990,25.3,2094.9
Liberia,1991,25.3,2253.8
Liberia,1992,25.1,2263.7
Liberia,1993,25.2,2205.2
Liberia,1994,25.1,2330.3
Liberia,1995,25.4,2385.4
Liberia,1996,25.4,2593.0
Liberia,1997,25.4,2102.2
Liberia,1998,25.9,2321.6
Liberia,1999,25.3,2523.2
Liberia,2000,25.3,2363.8
Liberia,2001,25.3,2511.0
Liberia,2002,25.5,2435.2
Liberia,2003,25.5,2514.3
Liberia,2004,25.5,2456.1
Liberia,2005,25.7,2401.1
Liberia,2006,25.6,2566.7
Liberia,2007,25.6,2327.1
Liberia,2008,25.2,2383.2
Liberia,2009,25.4,2400.6
Liberia,2010,25.9,2690.7
Liberia,2011,25.5,2582.3
Liberia,2012,25.3,2152.4
Liberia,2013,25.5,2367.6
Liberia,2014,25.5,2635.3
Liberia,2015,25.7,2247.7
Liberia,2016,26.0,2537.9
Liberia,2017,25.9,2245.4
Liberia,2018,25.6,2402.3
Liberia,2019,25.5,2380.4
Liberia,2020,25.8,2378.4
Liberia,2021,25.9,2369.2
Liberia,2022,25.5,2371.3
Liberia,2023,25.9,2288.1
Liberia,2024,26.0,2138.2
Libya,1901,21.8,43.0
Libya,1902,21.8,49.3
Libya,1903,21.7,38.6
Libya,1904,21.7,56.0
Libya,1905,21.7,49.1
Libya,1906,21.8,52.5
Libya,1907,21.6,45.8
Libya,1908,21.7,47.5
Libya,1909,21.7,50.9
Libya,1910,21.6,43.3
Libya,1911,21.8,53.9
Libya,1912,21.8,48.6
Libya,1913,21.8,57.0
Libya,1914,21.7,39.5
Libya,1915,21.9,36.2
Libya,1916,22.1,42.5
Libya,1917,21.9,44.4
Libya,1918,21.9,51.3
Libya,1919,22.0,46.3
Libya,1920,21.9,48.8
Libya,1921,21.7,57.8
Libya,1922,22.0,44.5
Libya,1923,21.9,43.3
Libya,1924,22.1,55.9
Libya,1925,22.0,63.5
Libya,1926,22.0,43.7
Libya,1927,22.1,39.9
Libya,1928,22.1,56.4
Libya,1929,21.8,58.3
Libya,1930,22.0,39.3
Libya,1931,22.1,41.2
Libya,1932,22.0,59.9
Libya,1933,22.0,42.6
Libya,1934,22.1,58.3
Libya,1935,22.0,36.0
Libya,1936,22.0,46.1
Libya,1937,22.1,39.6
Libya,1938,21.9,54.6
Libya,1939,22.0,42.3
Libya,1940,21.9,43.5
Libya,1941,22.0,38.1
Libya,1942,22.0,45.4
Libya,1943,22.1,54.1
Libya,1944,21.9,50.1
Libya,1945,21.9,57.3
Libya,1946,22.2,42.7
Libya,1947,22.6,33.8
Libya,1948,21.6,45.9
Libya,1949,21.5,44.6
Libya,1950,21.6,47.9
Libya,1951,22.1,39.3
Libya,1952,22.1,39.9
Libya,1953,21.7,44.7
Libya,1954,21.5,46.7
Libya,1955,22.6,32.9
Libya,1956,21.7,47.5
Libya,1957,21.8,71.3
Libya,1958,22.2,29.6
Libya,1959,21.6,39.4
Libya,1960,22.3,43.1
Libya,1961,21.6,55.3
Libya,1962,22.1,59.7
Libya,1963,22.3,45.8
Libya,1964,21.7,40.6
Libya,1965,21.7,39.7
Libya,1966,22.1,45.2
Libya,1967,21.5,41.8
Libya,1968,22.0,37.4
Libya,1969,22.4,52.1
Libya,1970,21.8,26.2
Libya,1971,21.7,40.7
Libya,1972,22.0,52.6
Libya,1973,21.6,33.5
Libya,1974,21.7,49.9
Libya,1975,21.7,50.6
Libya,1976,21.7,65.0
Libya,1977,21.9,43.5
Libya,1978,21.9,62.2
Libya,1979,22.3,45.6
Libya,1980,21.9,46.5
Libya,1981,22.0,43.2
Libya,1982,22.0,56.7
Libya,1983,21.7,53.8
Libya,1984,21.9,44.6
Libya,1985,22.2,42.8
Libya,1986,22.0,55.0
Libya,1987,22.1,38.0
Libya,1988,22.4,65.2
Libya,1989,22.1,41.2
Libya,1990,22.4,44.3
Libya,1991,22.2,52.5
Libya,1992,21.7,42.7
Libya,1993,22.3,39.4
Libya,1994,22.5,56.7
Libya,1995,22.4,55.4
Libya,1996,22.5,46.6
Libya,1997,22.4,48.7
Libya,1998,22.8,45.9
Libya,1999,23.1,38.2
Libya,2000,22.4,41.2
Libya,2001,23.0,42.8
Libya,2002,22.9,39.0
Libya,2003,22.9,46.3
Libya,2004,22.8,36.6
Libya,2005,22.7,43.8
Libya,2006,22.7,54.8
Libya,2007,22.9,39.0
Libya,2008,23.0,45.3
Libya,2009,22.9,31.8
Libya,2010,23.9,31.5
Libya,2011,22.4,46.1
Libya,2012,22.8,45.9
Libya,2013,22.8,40.9
Libya,2014,22.8,43.7
Libya,2015,22.5,41.4
Libya,2016,22.9,31.3
Libya,2017,22.5,42.8
Libya,2018,23.0,51.3
Libya,2019,22.6,50.1
Libya,2020,22.5,37.6
Libya,2021,22.9,35.3
Libya,2022,22.7,45.8
Libya,2023,22.9,46.3
Libya,2024,23.2,51.0
Liechtenstein,1901,5.5,1025.6
Liechtenstein,1902,5.7,956.7
Liechtenstein,1903,6.0,945.5
Liechtenstein,1904,6.4,960.1
Liechtenstein,1905,5.8,1089.5
Liechtenstein,1906,5.7,983.3
Liechtenstein,1907,5.7,911.2
Liechtenstein,1908,5.4,979.9
Liechtenstein,1909,5.1,996.5
Liechtenstein,1910,5.8,1327.8
Liechtenstein,1911,6.7,777.1
Liechtenstein,1912,5.7,1170.8
Liechtenstein,1913,6.1,1122.6
Liechtenstein,1914,5.8,1119.7
Liechtenstein,1915,5.8,1031.5
Liechtenstein,1916,6.2,1219.0
Liechtenstein,1917,5.3,977.2
Liechtenstein,1918,6.3,951.8
Liechtenstein,1919,5.4,1056.4
Liechtenstein,1920,6.8,901.9
Liechtenstein,1921,7.0,778.2
Liechtenstein,1922,5.4,1325.5
Liechtenstein,1923,6.3,1006.9
Liechtenstein,1924,5.6,1010.3
Liechtenstein,1925,5.9,905.7
Liechtenstein,1926,6.6,1042.4
Liechtenstein,1927,6.3,1114.1
Liechtenstein,1928,6.8,1038.2
Liechtenstein,1929,5.9,837.6
Liechtenstein,1930,6.7,1161.2
Liechtenstein,1931,5.4,1073.8
Liechtenstein,1932,6.1,965.0
Liechtenstein,1933,5.4,996.0
Liechtenstein,1934,7.1,963.9
Liechtenstein,1935,6.1,1135.0
Liechtenstein,1936,6.3,1066.3
Liechtenstein,1937,6.6,1038.0
Liechtenstein,1938,6.2,912.4
Liechtenstein,1939,6.0,1251.1
Liechtenstein,1940,5.0,1260.0
Liechtenstein,1941,5.3,1015.7
Liechtenstein,1942,5.9,939.5
Liechtenstein,1943,7.1,826.9
Liechtenstein,1944,5.9,1187.6
Liechtenstein,1945,6.8,1011.4
Liechtenstein,1946,6.7,921.5
Liechtenstein,1947,7.2,853.8
Liechtenstein,1948,7.0,927.2
Liechtenstein,1949,7.1,735.8
Liechtenstein,1950,7.1,1009.1
Liechtenstein,1951,6.7,912.0
Liechtenstein,1952,6.3,1129.7
Liechtenstein,1953,6.7,778.5
Liechtenstein,1954,5.8,1130.3
Liechtenstein,1955,5.9,1052.7
Liechtenstein,1956,5.2,1082.1
Liechtenstein,1957,6.5,1000.8
Liechtenstein,1958,6.5,1128.5
Liechtenstein,1959,7.0,825.4
Liechtenstein,1960,6.5,1152.5
Liechtenstein,1961,7.3,921.0
Liechtenstein,1962,5.5,942.0
Liechtenstein,1963,5.4,966.6
Liechtenstein,1964,6.5,1024.0
Liechtenstein,1965,5.5,1337.2
Liechtenstein,1966,6.7,1261.2
Liechtenstein,1967,6.8,1012.7
Liechtenstein,1968,6.2,1061.9
Liechtenstein,1969,6.0,943.8
Liechtenstein,1970,5.9,1280.0
Liechtenstein,1971,6.3,828.1
Liechtenstein,1972,5.9,881.9
Liechtenstein,1973,6.1,1089.9
Liechtenstein,1974,6.8,1206.3
Liechtenstein,1975,6.7,1025.2
Liechtenstein,1976,6.5,920.9
Liechtenstein,1977,6.8,1049.4
Liechtenstein,1978,5.8,1059.3
Liechtenstein,1979,6.3,1201.5
Liechtenstein,1980,5.7,1028.9
Liechtenstein,1981,6.4,1297.1
Liechtenstein,1982,7.0,1038.0
Liechtenstein,1983,7.1,1027.0
Liechtenstein,1984,6.0,1008.3
Liechtenstein,1985,5.9,943.0
Liechtenstein,1986,6.3,1092.6
Liechtenstein,1987,6.2,1095.5
Liechtenstein,1988,7.2,1142.0
Liechtenstein,1989,7.5,875.5
Liechtenstein,1990,7.6,1084.2
Liechtenstein,1991,6.6,923.4
Liechtenstein,1992,7.6,1062.7
Liechtenstein,1993,7.0,1113.5
Liechtenstein,1994,8.3,1094.2
Liechtenstein,1995,7.1,1190.7
Liechtenstein,1996,6.0,1042.5
Liechtenstein,1997,7.4,941.4
Liechtenstein,1998,7.2,1070.6
Liechtenstein,1999,7.2,1338.5
Liechtenstein,2000,8.1,1191.4
Liechtenstein,2001,7.3,1243.8
Liechtenstein,2002,7.9,1255.8
Liechtenstein,2003,7.6,836.0
Liechtenstein,2004,7.2,929.4
Liechtenstein,2005,6.9,959.0
Liechtenstein,2006,7.6,993.8
Liechtenstein,2007,7.8,1131.2
Liechtenstein,2008,7.5,1050.5
Liechtenstein,2009,7.6,1010.5
Liechtenstein,2010,6.5,1073.6
Liechtenstein,2011,8.1,985.9
Liechtenstein,2012,7.5,1144.1
Liechtenstein,2013,6.9,1089.4
Liechtenstein,2014,8.5,1014.0
Liechtenstein,2015,8.4,943.5
Liechtenstein,2016,7.7,1204.6
Liechtenstein,2017,7.8,1217.2
Liechtenstein,2018,8.7,891.6
Liechtenstein,2019,8.3,1161.4
Liechtenstein,2020,8.6,1036.0
Liechtenstein,2021,7.3,1131.9
Liechtenstein,2022,9.0,941.6
Liechtenstein,2023,9.1,1155.3
Liechtenstein,2024,9.1,1216.0
Line Isl,1901,27.3,1659.9
Line Isl,1902,27.3,1659.9
Line Isl,1903,27.3,1659.9
Line Isl,1904,27.3,1659.9
Line Isl,1905,27.3,1659.9
Line Isl,1906,27.3,1659.9
Line Isl,1907,27.3,1395.7
Line Isl,1908,27.3,1659.9
Line Isl,1909,27.3,1567.9
Line Isl,1910,27.3,1521.1
Line Isl,1911,27.3,1831.1
Line Isl,1912,27.3,1906.8
Line Isl,1913,27.3,1746.6
Line Isl,1914,27.3,2191.5
Line Isl,1915,27.3,1868.2
Line Isl,1916,27.3,1563.0
Line Isl,1917,27.3,1449.2
Line Isl,1918,27.3,1940.4
Line Isl,1919,27.3,1810.4
Line Isl,1920,27.3,1630.0
Line Isl,1921,27.3,1475.8
Line Isl,1922,27.6,1643.7
Line Isl,1923,27.7,1632.7
Line Isl,1924,27.6,1617.9
Line Isl,1925,27.6,1589.6
Line Isl,1926,27.3,1675.8
Line Isl,1927,27.3,1464.5
Line Isl,1928,27.3,1637.0
Line Isl,1929,27.6,1517.2
Line Isl,1930,27.7,1830.1
Line Isl,1931,27.3,1702.2
Line Isl,1932,27.3,1554.9
Line Isl,1933,27.3,1529.3
Line Isl,1934,27.3,1584.3
Line Isl,1935,27.3,1589.4
Line Isl,1936,27.3,1613.6
Line Isl,1937,27.4,1571.7
Line Isl,1938,27.3,1327.0
Line Isl,1939,27.6,1657.2
Line Isl,1940,27.6,1999.7
Line Isl,1941,27.5,2081.5
Line Isl,1942,27.5,1711.5
Line Isl,1943,27.4,1409.4
Line Isl,1944,27.5,1472.1
Line Isl,1945,27.4,1368.3
Line Isl,1946,27.4,1371.4
Line Isl,1947,27.5,1606.6
Line Isl,1948,27.4,1551.6
Line Isl,1949,27.2,1599.6
Line Isl,1950,27.2,1314.2
Line Isl,1951,27.4,1662.6
Line Isl,1952,27.2,1552.8
Line Isl,1953,27.1,1702.4
Line Isl,1954,27.0,1118.8
Line Isl,1955,26.9,1226.5
Line Isl,1956,26.9,1484.8
Line Isl,1957,27.2,1864.7
Line Isl,1958,27.4,2388.4
Line Isl,1959,27.3,1609.5
Line Isl,1960,27.4,1531.8
Line Isl,1961,27.3,1479.3
Line Isl,1962,27.2,1283.3
Line Isl,1963,27.4,1698.9
Line Isl,1964,27.1,1586.7
Line Isl,1965,27.2,1972.1
Line Isl,1966,27.4,1758.4
Line Isl,1967,27.2,1321.1
Line Isl,1968,27.2,1375.1
Line Isl,1969,27.6,1647.2
Line Isl,1970,27.2,1322.8
Line Isl,1971,26.6,1149.4
Line Isl,1972,27.2,2129.3
Line Isl,1973,27.0,1709.7
Line Isl,1974,27.0,1155.0
Line Isl,1975,26.7,1249.3
Line Isl,1976,26.9,2041.9
Line Isl,1977,27.7,1962.4
Line Isl,1978,27.4,1581.7
Line Isl,1979,27.5,1657.5
Line Isl,1980,27.8,1541.0
Line Isl,1981,27.5,1666.9
Line Isl,1982,27.8,1985.3
Line Isl,1983,27.7,1936.2
Line Isl,1984,27.4,1521.5
Line Isl,1985,27.3,1409.3
Line Isl,1986,27.6,1875.1
Line Isl,1987,27.8,2989.9
Line Isl,1988,27.4,1640.9
Line Isl,1989,27.2,1412.8
Line Isl,1990,27.5,1830.6
Line Isl,1991,27.4,1887.6
Line Isl,1992,27.4,1903.5
Line Isl,1993,27.4,1625.0
Line Isl,1994,27.4,1539.3
Line Isl,1995,27.4,1424.7
Line Isl,1996,27.5,1347.1
Line Isl,1997,27.5,1633.2
Line Isl,1998,27.5,1477.1
Line Isl,1999,27.5,1643.6
Line Isl,2000,27.4,1544.5
Line Isl,2001,27.3,1621.6
Line Isl,2002,27.3,1725.9
Line Isl,2003,27.3,1660.5
Line Isl,2004,27.3,1659.9
Line Isl,2005,27.3,1659.9
Line Isl,2006,27.3,1659.9
Line Isl,2007,27.3,1659.9
Line Isl,2008,27.3,1659.9
Line Isl,2009,27.3,1659.9
Line Isl,2010,27.3,1659.9
Line Isl,2011,27.3,1659.9
Line Isl,2012,27.3,1659.9
Line Isl,2013,27.3,1659.9
Line Isl,2014,27.3,1659.9
Line Isl,2015,27.3,1659.9
Line Isl,2016,27.3,1659.9
Line Isl,2017,27.3,1659.9
Line Isl,2018,27.3,1659.9
Line Isl,2019,27.3,1659.9
Line Isl,2020,27.3,1659.9
Line Isl,2021,27.3,1659.9
Line Isl,2022,27.3,1659.9
Line Isl,2023,27.3,1659.9
Line Isl,2024,27.3,1659.9
Lithuania,1901,6.4,641.8
Lithuania,1902,4.4,663.3
Lithuania,1903,6.9,763.9
Lithuania,1904,5.3,678.3
Lithuania,1905,6.2,685.0
Lithuania,1906,6.7,720.8
Lithuania,1907,5.0,626.3
Lithuania,1908,5.5,657.9
Lithuania,1909,5.3,569.3
Lithuania,1910,7.1,672.8
Lithuania,1911,6.4,554.9
Lithuania,1912,5.3,733.4
Lithuania,1913,6.8,712.8
Lithuania,1914,6.8,628.6
Lithuania,1915,5.2,643.0
Lithuania,1916,6.2,764.1
Lithuania,1917,5.2,664.7
Lithuania,1918,6.3,529.1
Lithuania,1919,5.2,625.4
Lithuania,1920,6.7,548.4
Lithuania,1921,6.5,635.7
Lithuania,1922,5.1,680.4
Lithuania,1923,5.6,752.8
Lithuania,1924,5.4,675.2
Lithuania,1925,6.8,751.0
Lithuania,1926,6.1,739.1
Lithuania,1927,5.6,718.8
Lithuania,1928,5.5,738.0
Lithuania,1929,4.9,614.1
Lithuania,1930,6.8,758.0
Lithuania,1931,5.2,657.7
Lithuania,1932,6.6,688.4
Lithuania,1933,5.0,694.5
Lithuania,1934,7.8,612.2
Lithuania,1935,6.2,737.8
Lithuania,1936,7.1,684.2
Lithuania,1937,6.9,662.0
Lithuania,1938,7.3,611.4
Lithuania,1939,6.9,615.0
Lithuania,1940,4.2,717.2
Lithuania,1941,3.9,572.6
Lithuania,1942,4.0,559.8
Lithuania,1943,6.8,694.1
Lithuania,1944,6.7,620.8
Lithuania,1945,5.8,778.2
Lithuania,1946,6.0,626.9
Lithuania,1947,5.3,629.2
Lithuania,1948,6.7,703.6
Lithuania,1949,7.4,677.3
Lithuania,1950,6.3,855.4
Lithuania,1951,6.4,521.6
Lithuania,1952,5.5,767.9
Lithuania,1953,6.3,527.3
Lithuania,1954,5.6,749.6
Lithuania,1955,5.6,611.1
Lithuania,1956,4.5,711.5
Lithuania,1957,6.7,733.5
Lithuania,1958,5.8,686.5
Lithuania,1959,6.8,582.3
Lithuania,1960,6.1,758.0
Lithuania,1961,7.0,616.9
Lithuania,1962,5.5,713.1
Lithuania,1963,5.3,608.4
Lithuania,1964,5.9,531.9
Lithuania,1965,5.1,621.0
Lithuania,1966,6.0,708.3
Lithuania,1967,6.8,688.2
Lithuania,1968,5.8,592.1
Lithuania,1969,4.8,569.1
Lithuania,1970,5.4,706.1
Lithuania,1971,6.5,529.4
Lithuania,1972,6.6,708.6
Lithuania,1973,6.4,618.8
Lithuania,1974,6.9,771.8
Lithuania,1975,7.8,517.8
Lithuania,1976,5.0,508.8
Lithuania,1977,6.0,689.8
Lithuania,1978,5.2,742.6
Lithuania,1979,5.6,688.2
Lithuania,1980,5.1,822.5
Lithuania,1981,6.3,790.9
Lithuania,1982,6.6,555.2
Lithuania,1983,7.4,706.5
Lithuania,1984,6.5,629.2
Lithuania,1985,4.8,732.3
Lithuania,1986,5.9,717.2
Lithuania,1987,4.5,689.5
Lithuania,1988,6.6,643.5
Lithuania,1989,8.0,688.4
Lithuania,1990,7.8,804.6
Lithuania,1991,7.0,618.4
Lithuania,1992,7.4,643.4
Lithuania,1993,6.2,691.7
Lithuania,1994,6.7,673.2
Lithuania,1995,6.9,699.2
Lithuania,1996,5.5,551.2
Lithuania,1997,6.6,692.1
Lithuania,1998,6.6,781.6
Lithuania,1999,7.6,643.9
Lithuania,2000,8.0,628.4
Lithuania,2001,7.0,760.2
Lithuania,2002,7.7,612.7
Lithuania,2003,6.7,629.5
Lithuania,2004,6.8,693.7
Lithuania,2005,6.8,644.9
Lithuania,2006,7.2,610.1
Lithuania,2007,7.7,749.7
Lithuania,2008,8.1,682.3
Lithuania,2009,7.1,731.9
Lithuania,2010,6.3,850.7
Lithuania,2011,7.6,658.7
Lithuania,2012,6.7,790.2
Lithuania,2013,7.5,683.4
Lithuania,2014,7.8,651.9
Lithuania,2015,8.4,576.6
Lithuania,2016,7.7,759.5
Lithuania,2017,7.4,838.3
Lithuania,2018,8.0,580.3
Lithuania,2019,8.6,597.3
Lithuania,2020,9.0,620.1
Lithuania,2021,7.2,674.4
Lithuania,2022,7.9,659.0
Lithuania,2023,8.5,721.7
Lithuania,2024,9.1,632.2
Lord Howe Isl,1901,18.9,1298.8
Lord Howe Isl,1902,19.1,2343.2
Lord Howe Isl,1903,18.8,1799.1
Lord Howe Isl,1904,18.7,1809.5
Lord Howe Isl,1905,18.7,1809.5
Lord Howe Isl,1906,18.9,1809.5
Lord Howe Isl,1907,18.6,1809.5
Lord Howe Isl,1908,18.3,1688.8
Lord Howe Isl,1909,18.4,2735.6
Lord Howe Isl,1910,18.6,3290.9
Lord Howe Isl,1911,18.5,2025.4
Lord Howe Isl,1912,18.8,1563.4
Lord Howe Isl,1913,18.6,2061.8
Lord Howe Isl,1914,19.1,1810.2
Lord Howe Isl,1915,19.2,2103.2
Lord Howe Isl,1916,18.7,1753.2
Lord Howe Isl,1917,18.1,1532.7
Lord Howe Isl,1918,18.1,1391.3
Lord Howe Isl,1919,18.9,1871.7
Lord Howe Isl,1920,18.3,2167.6
Lord Howe Isl,1921,18.6,1474.1
Lord Howe Isl,1922,18.8,1766.2
Lord Howe Isl,1923,18.7,1822.5
Lord Howe Isl,1924,18.3,2447.1
Lord Howe Isl,1925,18.0,1655.6
Lord Howe Isl,1926,18.8,2436.4
Lord Howe Isl,1927,18.1,1872.8
Lord Howe Isl,1928,18.7,1941.1
Lord Howe Isl,1929,18.3,1962.8
Lord Howe Isl,1930,18.6,1687.0
Lord Howe Isl,1931,18.8,2443.8
Lord Howe Isl,1932,18.5,2027.0
Lord Howe Isl,1933,18.5,2397.1
Lord Howe Isl,1934,18.1,2674.3
Lord Howe Isl,1935,18.4,2230.2
Lord Howe Isl,1936,18.5,1835.8
Lord Howe Isl,1937,18.5,2244.4
Lord Howe Isl,1938,19.0,1644.6
Lord Howe Isl,1939,18.5,2078.9
Lord Howe Isl,1940,19.0,1642.2
Lord Howe Isl,1941,18.5,1767.4
Lord Howe Isl,1942,19.1,1997.1
Lord Howe Isl,1943,18.4,2878.3
Lord Howe Isl,1944,18.5,1726.2
Lord Howe Isl,1945,18.7,2076.7
Lord Howe Isl,1946,18.7,2332.3
Lord Howe Isl,1947,18.5,2253.0
Lord Howe Isl,1948,18.4,1853.2
Lord Howe Isl,1949,18.4,1946.1
Lord Howe Isl,1950,18.8,1566.1
Lord Howe Isl,1951,18.1,1666.9
Lord Howe Isl,1952,18.9,2098.9
Lord Howe Isl,1953,18.7,1485.0
Lord Howe Isl,1954,18.9,1821.1
Lord Howe Isl,1955,18.9,1994.4
Lord Howe Isl,1956,18.5,1978.9
Lord Howe Isl,1957,18.9,1823.7
Lord Howe Isl,1958,19.3,1673.0
Lord Howe Isl,1959,18.6,1645.2
Lord Howe Isl,1960,18.2,2140.5
Lord Howe Isl,1961,18.2,2012.0
Lord Howe Isl,1962,18.5,1930.4
Lord Howe Isl,1963,18.5,2126.1
Lord Howe Isl,1964,18.7,1664.6
Lord Howe Isl,1965,18.7,1310.0
Lord Howe Isl,1966,18.4,1991.5
Lord Howe Isl,1967,18.7,1750.1
Lord Howe Isl,1968,18.9,1659.4
Lord Howe Isl,1969,19.1,1614.5
Lord Howe Isl,1970,18.9,2147.1
Lord Howe Isl,1971,18.8,1949.2
Lord Howe Isl,1972,18.8,1558.0
Lord Howe Isl,1973,20.0,2336.1
Lord Howe Isl,1974,18.8,2117.5
Lord Howe Isl,1975,19.1,2174.0
Lord Howe Isl,1976,18.9,2225.6
Lord Howe Isl,1977,19.3,1277.1
Lord Howe Isl,1978,19.0,1794.1
Lord Howe Isl,1979,19.4,2109.2
Lord Howe Isl,1980,19.7,1742.9
Lord Howe Isl,1981,19.4,1973.9
Lord Howe Isl,1982,19.1,1338.8
Lord Howe Isl,1983,19.3,1592.0
Lord Howe Isl,1984,18.8,1738.8
Lord Howe Isl,1985,19.0,1421.7
Lord Howe Isl,1986,19.2,1592.7
Lord Howe Isl,1987,19.4,1503.7
Lord Howe Isl,1988,19.7,1827.8
Lord Howe Isl,1989,19.1,1791.4
Lord Howe Isl,1990,19.4,2015.2
Lord Howe Isl,1991,19.6,1817.2
Lord Howe Isl,1992,19.0,1819.2
Lord Howe Isl,1993,19.4,1626.0
Lord Howe Isl,1994,19.1,1496.5
Lord Howe Isl,1995,19.3,2210.5
Lord Howe Isl,1996,19.4,1576.8
Lord Howe Isl,1997,19.4,1141.1
Lord Howe Isl,1998,20.0,1869.3
Lord Howe Isl,1999,19.2,1770.5
Lord Howe Isl,2000,19.2,1207.4
Lord Howe Isl,2001,19.5,2060.5
Lord Howe Isl,2002,19.5,1727.0
Lord Howe Isl,2003,19.2,1889.3
Lord Howe Isl,2004,19.5,1621.4
Lord Howe Isl,2005,19.7,2015.0
Lord Howe Isl,2006,19.2,1421.7
Lord Howe Isl,2007,19.3,1463.3
Lord Howe Isl,2008,18.8,1665.0
Lord Howe Isl,2009,19.5,993.7
Lord Howe Isl,2010,19.3,1766.1
Lord Howe Isl,2011,19.2,2255.1
Lord Howe Isl,2012,19.2,2373.7
Lord Howe Isl,2013,19.7,1549.6
Lord Howe Isl,2014,19.8,1460.6
Lord Howe Isl,2015,19.8,2020.1
Lord Howe Isl,2016,20.1,1513.5
Lord Howe Isl,2017,20.1,1639.2
Lord Howe Isl,2018,19.8,1100.7
Lord Howe Isl,2019,20.1,1196.8
Lord Howe Isl,2020,20.0,1768.0
Lord Howe Isl,2021,19.6,1699.2
Lord Howe Isl,2022,19.4,2102.2
Lord Howe Isl,2023,19.9,1765.6
Lord Howe Isl,2024,20.3,1662.5
Luxembourg,1901,7.7,840.1
Luxembourg,1902,7.5,833.5
Luxembourg,1903,8.3,989.8
Luxembourg,1904,8.4,793.5
Luxembourg,1905,7.9,897.8
Luxembourg,1906,8.2,909.2
Luxembourg,1907,8.0,778.2
Luxembourg,1908,7.7,796.4
Luxembourg,1909,7.5,908.8
Luxembourg,1910,8.4,1124.9
Luxembourg,1911,9.3,745.1
Luxembourg,1912,8.3,906.4
Luxembourg,1913,8.7,889.4
Luxembourg,1914,8.5,1030.0
Luxembourg,1915,8.2,1026.9
Luxembourg,1916,8.6,1101.4
Luxembourg,1917,7.5,906.5
Luxembourg,1918,8.7,986.3
Luxembourg,1919,7.7,1008.0
Luxembourg,1920,8.8,820.8
Luxembourg,1921,9.3,502.4
Luxembourg,1922,7.7,1112.6
Luxembourg,1923,8.5,1037.8
Luxembourg,1924,7.9,979.7
Luxembourg,1925,8.3,1127.3
Luxembourg,1926,8.9,973.5
Luxembourg,1927,8.3,978.6
Luxembourg,1928,8.8,943.4
Luxembourg,1929,8.0,793.2
Luxembourg,1930,9.0,1147.6
Luxembourg,1931,7.8,989.3
Luxembourg,1932,8.4,938.0
Luxembourg,1933,8.0,659.9
Luxembourg,1934,9.4,776.3
Luxembourg,1935,8.6,994.3
Luxembourg,1936,8.6,971.3
Luxembourg,1937,8.9,997.7
Luxembourg,1938,8.7,867.5
Luxembourg,1939,8.5,1085.3
Luxembourg,1940,7.4,1031.7
Luxembourg,1941,7.7,901.6
Luxembourg,1942,7.9,859.2
Luxembourg,1943,9.2,908.2
Luxembourg,1944,8.4,1067.0
Luxembourg,1945,9.3,873.6
Luxembourg,1946,8.6,911.4
Luxembourg,1947,9.3,859.1
Luxembourg,1948,9.3,1015.5
Luxembourg,1949,9.5,772.3
Luxembourg,1950,8.9,1106.1
Luxembourg,1951,8.6,1032.4
Luxembourg,1952,8.2,1198.5
Luxembourg,1953,8.7,651.4
Luxembourg,1954,7.9,1018.2
Luxembourg,1955,7.8,854.7
Luxembourg,1956,7.3,973.6
Luxembourg,1957,8.7,958.6
Luxembourg,1958,8.4,1114.1
Luxembourg,1959,9.3,694.5
Luxembourg,1960,8.6,1072.8
Luxembourg,1961,9.1,1094.0
Luxembourg,1962,7.2,922.3
Luxembourg,1963,7.0,797.8
Luxembourg,1964,8.4,772.8
Luxembourg,1965,7.6,1266.9
Luxembourg,1966,8.6,1233.4
Luxembourg,1967,8.7,952.8
Luxembourg,1968,8.0,911.5
Luxembourg,1969,8.1,840.4
Luxembourg,1970,8.1,1022.7
Luxembourg,1971,8.5,685.6
Luxembourg,1972,8.0,816.1
Luxembourg,1973,8.4,797.8
Luxembourg,1974,8.8,1080.0
Luxembourg,1975,8.8,752.6
Luxembourg,1976,9.0,627.6
Luxembourg,1977,8.7,993.6
Luxembourg,1978,7.8,868.9
Luxembourg,1979,7.9,1039.6
Luxembourg,1980,7.9,1053.2
Luxembourg,1981,8.4,1220.2
Luxembourg,1982,9.1,992.9
Luxembourg,1983,9.1,999.7
Luxembourg,1984,8.3,1096.0
Luxembourg,1985,7.6,839.4
Luxembourg,1986,8.0,1033.2
Luxembourg,1987,7.8,1090.3
Luxembourg,1988,9.2,1127.8
Luxembourg,1989,9.6,891.1
Luxembourg,1990,9.7,937.9
Luxembourg,1991,8.6,762.7
Luxembourg,1992,9.4,923.1
Luxembourg,1993,8.8,1017.3
Luxembourg,1994,10.0,953.5
Luxembourg,1995,9.5,1008.6
Luxembourg,1996,7.8,713.4
Luxembourg,1997,9.3,902.1
Luxembourg,1998,9.3,1028.5
Luxembourg,1999,9.8,1053.9
Luxembourg,2000,10.0,1101.3
Luxembourg,2001,9.4,1184.0
Luxembourg,2002,9.9,1117.6
Luxembourg,2003,9.7,768.5
Luxembourg,2004,9.2,925.1
Luxembourg,2005,9.5,816.1
Luxembourg,2006,9.8,925.2
Luxembourg,2007,10.0,1065.8
Luxembourg,2008,9.5,999.8
Luxembourg,2009,9.6,963.7
Luxembourg,2010,8.3,1010.6
Luxembourg,2011,10.1,814.3
Luxembourg,2012,9.4,994.7
Luxembourg,2013,8.9,948.9
Luxembourg,2014,10.6,930.3
Luxembourg,2015,10.1,827.0
Luxembourg,2016,9.7,984.2
Luxembourg,2017,10.0,921.0
Luxembourg,2018,10.7,817.9
Luxembourg,2019,10.4,915.1
Luxembourg,2020,10.9,839.9
Luxembourg,2021,9.4,1045.2
Luxembourg,2022,11.0,810.2
Luxembourg,2023,10.9,1098.9
Luxembourg,2024,10.7,1220.2
Macau,1901,21.8,1473.2
Macau,1902,22.3,1873.0
Macau,1903,21.6,2049.8
Macau,1904,21.6,1760.7
Macau,1905,22.0,1406.8
Macau,1906,22.1,1749.6
Macau,1907,22.0,2005.4
Macau,1908,21.9,1829.3
Macau,1909,22.3,1726.3
Macau,1910,21.9,1379.5
Macau,1911,21.9,1710.1
Macau,1912,22.0,1513.7
Macau,1913,21.9,1945.3
Macau,1914,22.6,2089.5
Macau,1915,22.7,1638.0
Macau,1916,22.1,1532.5
Macau,1917,21.4,1731.3
Macau,1918,21.8,2305.2
Macau,1919,22.2,1855.0
Macau,1920,22.1,2299.0
Macau,1921,22.2,1819.8
Macau,1922,22.7,1800.5
Macau,1923,22.8,1962.8
Macau,1924,22.7,1889.0
Macau,1925,22.1,1582.8
Macau,1926,22.4,2008.0
Macau,1927,22.3,2186.5
Macau,1928,22.8,1556.7
Macau,1929,22.7,1618.4
Macau,1930,22.7,1803.3
Macau,1931,22.8,1993.9
Macau,1932,22.5,1983.3
Macau,1933,22.8,1456.1
Macau,1934,22.2,1941.2
Macau,1935,22.9,1978.1
Macau,1936,22.3,1699.7
Macau,1937,23.0,1848.6
Macau,1938,22.9,1487.3
Macau,1939,22.4,1729.6
Macau,1940,22.7,2159.5
Macau,1941,22.9,2267.6
Macau,1942,22.7,1915.0
Macau,1943,22.6,1807.9
Macau,1944,22.5,2106.6
Macau,1945,21.6,1711.2
Macau,1946,23.2,1782.9
Macau,1947,22.0,2075.6
Macau,1948,22.6,1978.6
Macau,1949,22.8,1828.4
Macau,1950,22.6,1868.2
Macau,1951,22.4,2057.1
Macau,1952,23.0,2062.1
Macau,1953,22.7,2065.6
Macau,1954,22.7,1450.8
Macau,1955,22.5,2024.2
Macau,1956,22.4,1387.3
Macau,1957,22.4,2283.2
Macau,1958,22.7,1631.7
Macau,1959,22.9,2285.7
Macau,1960,22.9,1969.1
Macau,1961,22.6,2207.2
Macau,1962,22.2,1557.4
Macau,1963,22.7,889.8
Macau,1964,22.5,2059.9
Macau,1965,22.6,2076.8
Macau,1966,23.0,1933.6
Macau,1967,22.1,1440.3
Macau,1968,22.2,1961.6
Macau,1969,22.0,1655.7
Macau,1970,22.0,2013.7
Macau,1971,22.3,1346.9
Macau,1972,22.4,2194.2
Macau,1973,22.8,2422.8
Macau,1974,22.4,1940.2
Macau,1975,22.5,2725.1
Macau,1976,22.0,1952.5
Macau,1977,22.9,1377.8
Macau,1978,22.5,2410.7
Macau,1979,22.6,2060.3
Macau,1980,22.7,1603.4
Macau,1981,22.6,1658.4
Macau,1982,22.4,2688.2
Macau,1983,22.4,2647.1
Macau,1984,21.9,1646.3
Macau,1985,22.1,2044.4
Macau,1986,22.4,2009.5
Macau,1987,23.1,2146.8
Macau,1988,22.3,1520.3
Macau,1989,22.7,1566.3
Macau,1990,23.0,1449.1
Macau,1991,22.8,1275.3
Macau,1992,22.1,2359.0
Macau,1993,22.4,2137.1
Macau,1994,22.9,1969.1
Macau,1995,22.1,1872.1
Macau,1996,22.3,1790.2
Macau,1997,22.5,2423.9
Macau,1998,23.3,2072.1
Macau,1999,22.9,1739.1
Macau,2000,22.8,2107.7
Macau,2001,22.9,2326.8
Macau,2002,23.2,2026.8
Macau,2003,23.1,1555.9
Macau,2004,22.7,1447.7
Macau,2005,22.6,2177.5
Macau,2006,23.0,2090.3
Macau,2007,23.1,1452.4
Macau,2008,22.4,1953.9
Macau,2009,22.8,1711.3
Macau,2010,22.6,1952.7
Macau,2011,22.1,1399.3
Macau,2012,22.5,1695.8
Macau,2013,22.5,2270.2
Macau,2014,22.9,1914.5
Macau,2015,23.5,1861.8
Macau,2016,23.3,2421.7
Macau,2017,23.4,2102.3
Macau,2018,23.3,1952.9
Macau,2019,23.8,2228.9
Macau,2020,23.8,1871.0
Macau,2021,23.9,1915.4
Macau,2022,23.3,2015.6
Macau,2023,23.8,2187.5
Macau,2024,24.0,2141.0
Macedonia,1901,9.8,742.5
Macedonia,1902,9.5,626.4
Macedonia,1903,10.1,568.4
Macedonia,1904,10.0,587.4
Macedonia,1905,9.9,632.5
Macedonia,1906,10.0,674.5
Macedonia,1907,9.6,510.5
Macedonia,1908,9.5,498.2
Macedonia,1909,9.9,719.5
Macedonia,1910,10.4,617.3
Macedonia,1911,10.2,610.1
Macedonia,1912,9.6,684.9
Macedonia,1913,9.8,605.9
Macedonia,1914,9.5,687.9
Macedonia,1915,10.2,845.3
Macedonia,1916,10.7,621.4
Macedonia,1917,9.9,568.3
Macedonia,1918,10.0,632.3
Macedonia,1919,9.9,740.0
Macedonia,1920,10.0,633.0
Macedonia,1921,10.1,547.8
Macedonia,1922,9.7,580.7
Macedonia,1923,10.8,652.9
Macedonia,1924,9.8,633.5
Macedonia,1925,10.3,647.0
Macedonia,1926,10.8,575.2
Macedonia,1927,10.9,645.8
Macedonia,1928,10.3,607.8
Macedonia,1929,9.5,695.4
Macedonia,1930,10.7,643.2
Macedonia,1931,9.9,674.4
Macedonia,1932,9.8,466.1
Macedonia,1933,9.0,618.4
Macedonia,1934,10.9,580.0
Macedonia,1935,10.1,571.6
Macedonia,1936,10.5,735.6
Macedonia,1937,10.7,845.9
Macedonia,1938,10.2,599.3
Macedonia,1939,10.3,729.5
Macedonia,1940,8.9,797.2
Macedonia,1941,9.4,624.4
Macedonia,1942,9.6,605.0
Macedonia,1943,10.4,550.9
Macedonia,1944,9.9,738.1
Macedonia,1945,10.2,513.8
Macedonia,1946,10.7,551.2
Macedonia,1947,10.6,524.4
Macedonia,1948,10.1,489.8
Macedonia,1949,10.1,631.0
Macedonia,1950,10.9,565.0
Macedonia,1951,11.0,665.8
Macedonia,1952,10.9,592.8
Macedonia,1953,9.8,554.1
Macedonia,1954,9.5,669.4
Macedonia,1955,10.3,783.9
Macedonia,1956,9.2,692.9
Macedonia,1957,10.3,670.6
Macedonia,1958,10.6,539.3
Macedonia,1959,9.8,694.3
Macedonia,1960,10.6,716.5
Macedonia,1961,10.6,557.5
Macedonia,1962,10.2,683.6
Macedonia,1963,10.1,723.7
Macedonia,1964,9.7,645.7
Macedonia,1965,9.6,518.0
Macedonia,1966,10.8,669.0
Macedonia,1967,10.1,623.6
Macedonia,1968,10.3,634.5
Macedonia,1969,9.8,653.3
Macedonia,1970,10.1,629.4
Macedonia,1971,9.9,648.0
Macedonia,1972,10.0,701.6
Macedonia,1973,9.7,682.7
Macedonia,1974,10.0,649.2
Macedonia,1975,10.1,557.9
Macedonia,1976,9.4,723.5
Macedonia,1977,10.4,489.8
Macedonia,1978,9.5,646.3
Macedonia,1979,10.3,736.5
Macedonia,1980,9.3,700.9
Macedonia,1981,10.1,635.4
Macedonia,1982,10.1,620.7
Macedonia,1983,10.0,627.7
Macedonia,1984,9.8,504.8
Macedonia,1985,9.6,488.7
Macedonia,1986,10.2,572.7
Macedonia,1987,9.8,664.1
Macedonia,1988,10.2,519.8
Macedonia,1989,10.2,527.4
Macedonia,1990,10.8,490.2
Macedonia,1991,9.6,629.1
Macedonia,1992,10.4,546.8
Macedonia,1993,10.1,440.9
Macedonia,1994,11.3,573.8
Macedonia,1995,10.2,686.2
Macedonia,1996,9.7,611.4
Macedonia,1997,9.9,517.4
Macedonia,1998,10.5,627.1
Macedonia,1999,11.0,634.0
Macedonia,2000,11.3,406.2
Macedonia,2001,10.9,479.9
Macedonia,2002,11.2,704.6
Macedonia,2003,10.6,626.3
Macedonia,2004,10.6,618.2
Macedonia,2005,10.2,665.3
Macedonia,2006,10.6,664.2
Macedonia,2007,11.5,690.4
Macedonia,2008,11.4,539.9
Macedonia,2009,11.3,732.5
Macedonia,2010,11.0,734.3
Macedonia,2011,10.7,429.9
Macedonia,2012,11.4,594.0
Macedonia,2013,11.4,542.5
Macedonia,2014,11.6,833.8
Macedonia,2015,11.4,692.4
Macedonia,2016,11.4,729.2
Macedonia,2017,11.3,650.4
Macedonia,2018,11.9,612.2
Macedonia,2019,12.0,637.8
Macedonia,2020,11.8,631.2
Macedonia,2021,11.3,709.2
Macedonia,2022,11.8,578.9
Macedonia,2023,12.4,688.2
Macedonia,2024,12.8,604.7
Macquarie Isl,1901,4.7,1198.2
Macquarie Isl,1902,4.7,1198.2
Macquarie Isl,1903,4.7,1198.2
Macquarie Isl,1904,4.7,1198.2
Macquarie Isl,1905,4.7,1198.2
Macquarie Isl,1906,4.7,1198.2
Macquarie Isl,1907,4.7,1198.2
Macquarie Isl,1908,4.7,1198.2
Macquarie Isl,1909,4.7,1198.2
Macquarie Isl,1910,4.7,1198.2
Macquarie Isl,1911,4.7,1198.2
Macquarie Isl,1912,4.7,1198.2
Macquarie Isl,1913,4.7,1198.2
Macquarie Isl,1914,4.7,1198.2
Macquarie Isl,1915,4.7,1198.2
Macquarie Isl,1916,4.8,1198.2
Macquarie Isl,1917,4.7,1198.2
Macquarie Isl,1918,4.7,1198.2
Macquarie Isl,1919,4.7,1198.2
Macquarie Isl,1920,4.7,1198.2
Macquarie Isl,1921,4.7,1198.2
Macquarie Isl,1922,4.7,1198.2
Macquarie Isl,1923,4.7,1198.2
Macquarie Isl,1924,4.8,1198.2
Macquarie Isl,1925,4.7,1198.2
Macquarie Isl,1926,4.7,1198.2
Macquarie Isl,1927,4.7,1198.2
Macquarie Isl,1928,4.7,1198.2
Macquarie Isl,1929,4.7,1198.2
Macquarie Isl,1930,4.7,1198.2
Macquarie Isl,1931,4.7,1198.2
Macquarie Isl,1932,4.7,1198.2
Macquarie Isl,1933,4.7,1198.2
Macquarie Isl,1934,4.7,1198.2
Macquarie Isl,1935,4.7,1198.2
Macquarie Isl,1936,4.7,1198.2
Macquarie Isl,1937,4.7,1198.2
Macquarie Isl,1938,4.7,1198.2
Macquarie Isl,1939,4.7,1198.2
Macquarie Isl,1940,4.7,1198.2
Macquarie Isl,1941,4.6,1198.2
Macquarie Isl,1942,4.7,1198.2
Macquarie Isl,1943,4.8,1198.2
Macquarie Isl,1944,4.7,1198.2
Macquarie Isl,1945,4.6,1198.2
Macquarie Isl,1946,4.5,1198.2
Macquarie Isl,1947,4.6,1198.2
Macquarie Isl,1948,4.7,1147.2
Macquarie Isl,1949,4.1,1357.0
Macquarie Isl,1950,4.2,1448.2
Macquarie Isl,1951,4.6,1445.3
Macquarie Isl,1952,4.5,1272.2
Macquarie Isl,1953,4.4,866.2
Macquarie Isl,1954,4.4,1199.8
Macquarie Isl,1955,4.5,1019.7
Macquarie Isl,1956,4.9,1148.0
Macquarie Isl,1957,4.9,1348.5
Macquarie Isl,1958,4.5,838.5
Macquarie Isl,1959,4.2,1265.6
Macquarie Isl,1960,4.8,1633.4
Macquarie Isl,1961,4.3,1097.0
Macquarie Isl,1962,4.9,1134.4
Macquarie Isl,1963,4.0,978.1
Macquarie Isl,1964,4.4,1104.9
Macquarie Isl,1965,4.5,1115.4
Macquarie Isl,1966,4.3,1024.1
Macquarie Isl,1967,4.5,1070.8
Macquarie Isl,1968,4.8,1438.6
Macquarie Isl,1969,4.5,1259.1
Macquarie Isl,1970,4.6,1084.9
Macquarie Isl,1971,5.3,1079.5
Macquarie Isl,1972,4.2,1098.7
Macquarie Isl,1973,4.6,968.0
Macquarie Isl,1974,4.8,1109.8
Macquarie Isl,1975,4.8,1187.3
Macquarie Isl,1976,4.5,1256.9
Macquarie Isl,1977,4.9,1272.1
Macquarie Isl,1978,5.1,1397.0
Macquarie Isl,1979,5.0,1123.6
Macquarie Isl,1980,5.3,1191.9
Macquarie Isl,1981,5.1,1025.0
Macquarie Isl,1982,4.7,1247.7
Macquarie Isl,1983,4.5,1337.5
Macquarie Isl,1984,5.2,1360.0
Macquarie Isl,1985,5.3,1136.6
Macquarie Isl,1986,5.2,1342.8
Macquarie Isl,1987,4.9,1312.2
Macquarie Isl,1988,4.5,1503.0
Macquarie Isl,1989,5.4,1231.3
Macquarie Isl,1990,4.6,1457.1
Macquarie Isl,1991,4.6,1348.4
Macquarie Isl,1992,4.6,1490.0
Macquarie Isl,1993,5.0,1495.2
Macquarie Isl,1994,4.4,1421.2
Macquarie Isl,1995,4.5,1222.9
Macquarie Isl,1996,5.0,1250.5
Macquarie Isl,1997,4.6,1172.8
Macquarie Isl,1998,4.6,1363.8
Macquarie Isl,1999,5.1,1391.8
Macquarie Isl,2000,4.9,1513.8
Macquarie Isl,2001,5.0,1379.5
Macquarie Isl,2002,5.1,1391.6
Macquarie Isl,2003,4.7,1380.3
Macquarie Isl,2004,4.5,1253.0
Macquarie Isl,2005,5.2,1644.3
Macquarie Isl,2006,4.6,1462.3
Macquarie Isl,2007,4.6,1311.9
Macquarie Isl,2008,4.8,1504.4
Macquarie Isl,2009,4.7,1217.1
Macquarie Isl,2010,5.0,1460.2
Macquarie Isl,2011,4.7,1328.5
Macquarie Isl,2012,5.0,1408.4
Macquarie Isl,2013,4.7,1629.2
Macquarie Isl,2014,5.1,1335.5
Macquarie Isl,2015,4.6,1406.6
Macquarie Isl,2016,5.1,1542.1
Macquarie Isl,2017,5.3,1555.0
Macquarie Isl,2018,5.5,1518.5
Macquarie Isl,2019,5.2,1591.8
Macquarie Isl,2020,5.1,1568.4
Macquarie Isl,2021,5.1,1455.1
Macquarie Isl,2022,5.1,1600.3
Macquarie Isl,2023,5.2,1607.6
Macquarie Isl,2024,5.0,1525.3
Madagascar,1901,22.9,1502.8
Madagascar,1902,23.0,1406.5
Madagascar,1903,22.9,1527.3
Madagascar,1904,22.9,1620.2
Madagascar,1905,23.0,1608.9
Madagascar,1906,22.9,1578.9
Madagascar,1907,22.9,1489.2
Madagascar,1908,23.0,1406.0
Madagascar,1909,22.9,1052.2
Madagascar,1910,22.8,1169.5
Madagascar,1911,22.8,1314.5
Madagascar,1912,23.1,1266.7
Madagascar,1913,23.0,1527.0
Madagascar,1914,23.0,1559.9
Madagascar,1915,23.0,1476.6
Madagascar,1916,22.8,1616.9
Madagascar,1917,22.7,1550.7
Madagascar,1918,22.9,1337.4
Madagascar,1919,23.0,1523.8
Madagascar,1920,22.8,1421.5
Madagascar,1921,22.8,1414.0
Madagascar,1922,22.7,1333.1
Madagascar,1923,23.1,1446.5
Madagascar,1924,23.0,1441.2
Madagascar,1925,23.0,1433.9
Madagascar,1926,23.3,1420.2
Madagascar,1927,23.0,1483.7
Madagascar,1928,23.1,1514.1
Madagascar,1929,23.1,1507.7
Madagascar,1930,22.9,1246.4
Madagascar,1931,22.7,1534.0
Madagascar,1932,22.8,1613.6
Madagascar,1933,22.8,1582.1
Madagascar,1934,22.7,1464.8
Madagascar,1935,22.8,1600.9
Madagascar,1936,22.9,1470.9
Madagascar,1937,22.9,1424.9
Madagascar,1938,22.9,1498.6
Madagascar,1939,22.9,1602.7
Madagascar,1940,22.7,1548.8
Madagascar,1941,22.9,1437.0
Madagascar,1942,22.8,1279.4
Madagascar,1943,22.4,1248.0
Madagascar,1944,22.8,1316.4
Madagascar,1945,22.6,1370.7
Madagascar,1946,22.7,1670.2
Madagascar,1947,22.7,1391.5
Madagascar,1948,22.8,1442.2
Madagascar,1949,22.6,1429.6
Madagascar,1950,22.5,1324.5
Madagascar,1951,22.4,1583.9
Madagascar,1952,22.7,1655.0
Madagascar,1953,22.6,1458.7
Madagascar,1954,22.6,1328.1
Madagascar,1955,22.5,1277.1
Madagascar,1956,22.4,1479.2
Madagascar,1957,22.6,1284.9
Madagascar,1958,22.7,1621.5
Madagascar,1959,22.4,1530.7
Madagascar,1960,22.4,1297.2
Madagascar,1961,23.2,1683.3
Madagascar,1962,22.6,1233.4
Madagascar,1963,22.4,1422.4
Madagascar,1964,22.3,1464.8
Madagascar,1965,22.2,1712.4
Madagascar,1966,22.8,1566.3
Madagascar,1967,23.0,1630.0
Madagascar,1968,22.3,1549.5
Madagascar,1969,23.2,1499.6
Madagascar,1970,22.7,1310.9
Madagascar,1971,22.3,1669.3
Madagascar,1972,22.5,1725.0
Madagascar,1973,22.6,1825.8
Madagascar,1974,22.2,1695.3
Madagascar,1975,22.3,1580.4
Madagascar,1976,22.5,1514.4
Madagascar,1977,22.9,1411.7
Madagascar,1978,22.8,1398.5
Madagascar,1979,22.7,1455.6
Madagascar,1980,22.7,1408.2
Madagascar,1981,22.6,1545.4
Madagascar,1982,22.7,1862.5
Madagascar,1983,23.0,1438.8
Madagascar,1984,22.4,1717.6
Madagascar,1985,22.6,1458.0
Madagascar,1986,22.5,1502.8
Madagascar,1987,23.0,1508.0
Madagascar,1988,22.9,1436.0
Madagascar,1989,22.6,1831.5
Madagascar,1990,22.8,1160.2
Madagascar,1991,22.8,1384.6
Madagascar,1992,22.8,1499.9
Madagascar,1993,22.7,1531.8
Madagascar,1994,23.0,1380.2
Madagascar,1995,23.0,1496.4
Madagascar,1996,22.8,1529.5
Madagascar,1997,23.0,1564.3
Madagascar,1998,23.3,1655.6
Madagascar,1999,22.9,1421.5
Madagascar,2000,23.0,1395.8
Madagascar,2001,23.0,1512.7
Madagascar,2002,23.1,1603.5
Madagascar,2003,23.2,1468.0
Madagascar,2004,23.0,1530.6
Madagascar,2005,23.2,1466.1
Madagascar,2006,23.1,1492.0
Madagascar,2007,23.2,1477.3
Madagascar,2008,22.9,1536.7
Madagascar,2009,23.2,1535.4
Madagascar,2010,23.5,1425.3
Madagascar,2011,23.3,1388.6
Madagascar,2012,23.3,1397.3
Madagascar,2013,23.2,1530.5
Madagascar,2014,23.4,1582.2
Madagascar,2015,23.5,1405.4
Madagascar,2016,23.3,1277.1
Madagascar,2017,23.6,1363.6
Madagascar,2018,23.4,1507.5
Madagascar,2019,23.6,1551.3
Madagascar,2020,23.4,1367.2
Madagascar,2021,23.4,1349.6
Madagascar,2022,23.2,1412.6
Madagascar,2023,23.6,1435.9
Madagascar,2024,23.6,1484.5
Madeira,1901,16.6,868.8
Madeira,1902,16.5,817.1
Madeira,1903,16.3,543.7
Madeira,1904,16.2,806.3
Madeira,1905,16.3,431.0
Madeira,1906,16.3,535.8
Madeira,1907,16.1,425.0
Madeira,1908,16.2,639.6
Madeira,1909,16.3,717.5
Madeira,1910,16.3,648.3
Madeira,1911,16.2,569.7
Madeira,1912,16.3,727.7
Madeira,1913,16.3,778.3
Madeira,1914,16.4,753.0
Madeira,1915,16.6,780.1
Madeira,1916,16.3,607.3
Madeira,1917,15.9,732.1
Madeira,1918,16.0,470.2
Madeira,1919,16.7,898.9
Madeira,1920,16.5,729.5
Madeira,1921,16.2,589.8
Madeira,1922,16.5,739.2
Madeira,1923,16.6,375.8
Madeira,1924,16.6,737.8
Madeira,1925,16.3,765.1
Madeira,1926,17.3,776.3
Madeira,1927,16.9,458.0
Madeira,1928,16.9,769.2
Madeira,1929,16.8,213.8
Madeira,1930,16.9,592.7
Madeira,1931,16.8,725.8
Madeira,1932,16.5,562.3
Madeira,1933,16.7,525.8
Madeira,1934,16.1,750.8
Madeira,1935,16.4,223.8
Madeira,1936,16.4,1028.7
Madeira,1937,17.3,637.5
Madeira,1938,16.8,464.9
Madeira,1939,16.6,710.5
Madeira,1940,17.1,544.9
Madeira,1941,16.9,862.5
Madeira,1942,16.7,902.6
Madeira,1943,16.5,529.0
Madeira,1944,16.6,544.6
Madeira,1945,17.0,625.6
Madeira,1946,16.5,535.7
Madeira,1947,17.1,511.3
Madeira,1948,17.2,434.6
Madeira,1949,17.1,689.2
Madeira,1950,16.7,400.6
Madeira,1951,16.6,496.8
Madeira,1952,16.9,569.2
Madeira,1953,16.9,1007.7
Madeira,1954,16.3,507.8
Madeira,1955,17.4,727.4
Madeira,1956,16.0,890.5
Madeira,1957,16.3,780.6
Madeira,1958,16.8,546.9
Madeira,1959,16.3,668.7
Madeira,1960,16.7,581.1
Madeira,1961,17.5,453.2
Madeira,1962,16.8,543.3
Madeira,1963,16.5,853.8
Madeira,1964,16.8,614.9
Madeira,1965,16.6,810.7
Madeira,1966,16.8,778.7
Madeira,1967,16.5,688.1
Madeira,1968,16.4,725.6
Madeira,1969,16.5,840.4
Madeira,1970,16.6,972.8
Madeira,1971,16.2,483.8
Madeira,1972,15.9,917.8
Madeira,1973,16.4,665.2
Madeira,1974,16.3,515.2
Madeira,1975,16.5,673.4
Madeira,1976,16.5,656.0
Madeira,1977,16.7,665.6
Madeira,1978,16.9,653.8
Madeira,1979,16.7,642.2
Madeira,1980,17.0,594.2
Madeira,1981,16.9,423.4
Madeira,1982,16.7,446.4
Madeira,1983,17.1,658.6
Madeira,1984,16.6,831.7
Madeira,1985,17.1,971.2
Madeira,1986,16.7,489.1
Madeira,1987,17.6,1024.3
Madeira,1988,17.0,656.5
Madeira,1989,17.4,860.3
Madeira,1990,17.3,808.1
Madeira,1991,16.8,814.4
Madeira,1992,16.9,448.2
Madeira,1993,16.4,494.1
Madeira,1994,17.0,384.5
Madeira,1995,17.9,591.7
Madeira,1996,17.2,1044.0
Madeira,1997,17.8,764.3
Madeira,1998,17.8,609.2
Madeira,1999,17.3,580.3
Madeira,2000,17.2,684.2
Madeira,2001,17.8,758.3
Madeira,2002,17.6,683.9
Madeira,2003,17.7,713.2
Madeira,2004,17.7,419.6
Madeira,2005,17.3,679.8
Madeira,2006,17.6,631.2
Madeira,2007,17.4,521.6
Madeira,2008,17.6,697.2
Madeira,2009,17.9,721.6
Madeira,2010,18.1,1059.6
Madeira,2011,17.6,708.2
Madeira,2012,17.7,592.5
Madeira,2013,17.6,582.4
Madeira,2014,17.7,673.9
Madeira,2015,17.8,439.9
Madeira,2016,17.9,804.9
Madeira,2017,18.3,567.9
Madeira,2018,17.2,711.4
Madeira,2019,17.8,340.6
Madeira,2020,18.2,659.3
Madeira,2021,17.9,800.3
Madeira,2022,18.3,694.1
Madeira,2023,18.6,583.9
Madeira,2024,18.6,640.0
Malawi,1901,21.9,1233.3
Malawi,1902,22.3,1262.7
Malawi,1903,22.4,1119.9
Malawi,1904,21.8,1520.6
Malawi,1905,22.3,1224.7
Malawi,1906,21.8,1156.2
Malawi,1907,21.7,1296.6
Malawi,1908,22.2,1285.1
Malawi,1909,22.0,1008.5
Malawi,1910,21.8,1195.1
Malawi,1911,21.7,1078.2
Malawi,1912,22.2,976.4
Malawi,1913,22.3,1223.1
Malawi,1914,22.8,1077.2
Malawi,1915,22.6,1056.7
Malawi,1916,22.6,1251.5
Malawi,1917,22.5,1153.0
Malawi,1918,21.8,1002.8
Malawi,1919,22.0,1042.2
Malawi,1920,22.6,1225.6
Malawi,1921,22.3,1176.8
Malawi,1922,22.8,978.8
Malawi,1923,22.5,1288.7
Malawi,1924,22.3,906.9
Malawi,1925,22.1,1431.8
Malawi,1926,22.4,1301.2
Malawi,1927,22.1,1210.8
Malawi,1928,22.5,1078.3
Malawi,1929,22.4,1159.0
Malawi,1930,22.1,986.9
Malawi,1931,22.6,1318.9
Malawi,1932,22.1,1040.0
Malawi,1933,22.0,1034.1
Malawi,1934,22.2,1385.8
Malawi,1935,21.8,1031.4
Malawi,1936,22.0,1324.2
Malawi,1937,22.1,1137.6
Malawi,1938,22.3,1133.2
Malawi,1939,21.8,1231.7
Malawi,1940,22.2,1193.5
Malawi,1941,22.7,1096.8
Malawi,1942,22.5,1026.9
Malawi,1943,22.1,1007.0
Malawi,1944,22.3,1206.5
Malawi,1945,21.9,1289.2
Malawi,1946,22.1,1307.3
Malawi,1947,22.3,1317.8
Malawi,1948,22.3,1259.2
Malawi,1949,22.6,836.2
Malawi,1950,22.0,1439.6
Malawi,1951,22.1,1271.6
Malawi,1952,22.3,1368.9
Malawi,1953,22.1,1102.3
Malawi,1954,22.3,962.9
Malawi,1955,22.0,1257.3
Malawi,1956,21.8,1568.0
Malawi,1957,22.5,1249.3
Malawi,1958,22.3,988.6
Malawi,1959,22.4,1084.6
Malawi,1960,22.2,1103.4
Malawi,1961,22.3,1429.5
Malawi,1962,22.0,1354.4
Malawi,1963,21.6,1434.8
Malawi,1964,21.8,958.7
Malawi,1965,21.6,1210.3
Malawi,1966,22.3,1045.1
Malawi,1967,22.1,1261.5
Malawi,1968,22.0,1193.8
Malawi,1969,22.4,1210.9
Malawi,1970,22.4,1201.3
Malawi,1971,22.0,1163.0
Malawi,1972,22.1,1141.5
Malawi,1973,22.2,991.1
Malawi,1974,21.6,1490.6
Malawi,1975,21.9,1062.3
Malawi,1976,21.9,1411.7
Malawi,1977,22.5,1133.8
Malawi,1978,22.1,1470.8
Malawi,1979,22.2,1270.9
Malawi,1980,22.1,1316.4
Malawi,1981,21.9,1030.7
Malawi,1982,22.1,1304.3
Malawi,1983,23.1,1002.2
Malawi,1984,22.5,1211.2
Malawi,1985,22.1,1295.9
Malawi,1986,22.1,1310.4
Malawi,1987,22.9,911.0
Malawi,1988,22.5,1203.7
Malawi,1989,22.1,1504.0
Malawi,1990,22.7,908.0
Malawi,1991,22.5,1149.8
Malawi,1992,23.1,770.7
Malawi,1993,22.6,1047.3
Malawi,1994,22.7,874.3
Malawi,1995,23.1,986.0
Malawi,1996,22.6,1219.2
Malawi,1997,22.7,1260.6
Malawi,1998,23.0,908.0
Malawi,1999,22.4,1329.5
Malawi,2000,22.4,1212.3
Malawi,2001,22.7,1220.8
Malawi,2002,22.9,1065.1
Malawi,2003,22.9,1063.6
Malawi,2004,22.8,1227.1
Malawi,2005,23.6,954.8
Malawi,2006,22.8,1059.9
Malawi,2007,22.9,1170.6
Malawi,2008,22.7,1145.9
Malawi,2009,22.7,1168.8
Malawi,2010,23.2,977.0
Malawi,2011,22.6,1226.3
Malawi,2012,22.7,1086.8
Malawi,2013,22.6,1095.7
Malawi,2014,22.7,1060.8
Malawi,2015,23.0,972.9
Malawi,2016,23.0,1043.4
Malawi,2017,22.8,1249.8
Malawi,2018,22.8,1252.0
Malawi,2019,23.0,1490.2
Malawi,2020,23.0,1132.7
Malawi,2021,22.9,848.0
Malawi,2022,22.7,1300.6
Malawi,2023,23.1,1247.9
Malawi,2024,23.4,1038.2
Malaysia,1901,26.0,2663.1
Malaysia,1902,25.9,3146.6
Malaysia,1903,25.9,2561.9
Malaysia,1904,25.8,2721.7
Malaysia,1905,25.9,2654.3
Malaysia,1906,25.9,2775.5
Malaysia,1907,25.8,2768.8
Malaysia,1908,25.9,2932.5
Malaysia,1909,25.9,2830.5
Malaysia,1910,25.9,3195.3
Malaysia,1911,26.1,2752.6
Malaysia,1912,26.2,2649.7
Malaysia,1913,26.1,3035.5
Malaysia,1914,26.3,2608.2
Malaysia,1915,26.2,2785.2
Malaysia,1916,26.0,2973.8
Malaysia,1917,25.9,3244.0
Malaysia,1918,25.8,3167.6
Malaysia,1919,26.2,2632.5
Malaysia,1920,26.1,2655.2
Malaysia,1921,26.0,2983.7
Malaysia,1922,26.1,3053.7
Malaysia,1923,26.0,2892.7
Malaysia,1924,26.0,3247.5
Malaysia,1925,26.0,3469.4
Malaysia,1926,26.1,2929.8
Malaysia,1927,26.1,3145.8
Malaysia,1928,26.1,2991.2
Malaysia,1929,25.9,2835.6
Malaysia,1930,26.1,2664.7
Malaysia,1931,26.2,2923.9
Malaysia,1932,26.0,3225.9
Malaysia,1933,26.0,3153.9
Malaysia,1934,25.9,3393.0
Malaysia,1935,26.1,3093.1
Malaysia,1936,26.1,3209.0
Malaysia,1937,26.1,3138.8
Malaysia,1938,26.1,3040.2
Malaysia,1939,26.0,2940.1
Malaysia,1940,26.2,2621.3
Malaysia,1941,26.6,2753.4
Malaysia,1942,25.9,3020.0
Malaysia,1943,25.9,2716.7
Malaysia,1944,25.9,2692.1
Malaysia,1945,26.0,3195.1
Malaysia,1946,26.0,2879.5
Malaysia,1947,26.1,3082.1
Malaysia,1948,26.1,2732.5
Malaysia,1949,26.1,3118.7
Malaysia,1950,26.1,2872.9
Malaysia,1951,26.1,2958.7
Malaysia,1952,26.0,3018.1
Malaysia,1953,26.1,2926.9
Malaysia,1954,25.9,3184.4
Malaysia,1955,25.8,2963.0
Malaysia,1956,25.7,3145.8
Malaysia,1957,26.1,2728.5
Malaysia,1958,26.2,2563.0
Malaysia,1959,26.0,2954.5
Malaysia,1960,26.1,2847.0
Malaysia,1961,25.8,2698.4
Malaysia,1962,25.7,3005.2
Malaysia,1963,25.7,2732.7
Malaysia,1964,25.8,2747.9
Malaysia,1965,25.6,2904.0
Malaysia,1966,25.9,3181.0
Malaysia,1967,25.7,2939.8
Malaysia,1968,25.7,2695.6
Malaysia,1969,25.9,2821.7
Malaysia,1970,25.9,2934.9
Malaysia,1971,25.7,2906.1
Malaysia,1972,26.1,2426.8
Malaysia,1973,26.2,3062.2
Malaysia,1974,25.8,2724.4
Malaysia,1975,25.8,2973.9
Malaysia,1976,25.6,2566.0
Malaysia,1977,25.9,2769.6
Malaysia,1978,26.0,2475.4
Malaysia,1979,26.1,2705.9
Malaysia,1980,26.0,2973.3
Malaysia,1981,26.1,2840.2
Malaysia,1982,26.1,2508.4
Malaysia,1983,26.5,2595.9
Malaysia,1984,25.8,3244.4
Malaysia,1985,26.0,2766.9
Malaysia,1986,26.0,2692.1
Malaysia,1987,26.4,2588.7
Malaysia,1988,26.3,3219.6
Malaysia,1989,26.1,2639.0
Malaysia,1990,26.4,2360.2
Malaysia,1991,26.4,2604.3
Malaysia,1992,26.3,2386.2
Malaysia,1993,26.3,2756.4
Malaysia,1994,26.3,2884.3
Malaysia,1995,26.4,3126.2
Malaysia,1996,26.3,3133.0
Malaysia,1997,26.6,2464.9
Malaysia,1998,27.0,2598.6
Malaysia,1999,26.3,3372.5
Malaysia,2000,26.5,3214.4
Malaysia,2001,26.6,2928.0
Malaysia,2002,26.8,2559.7
Malaysia,2003,26.6,3040.7
Malaysia,2004,26.5,2702.3
Malaysia,2005,26.6,2750.5
Malaysia,2006,26.5,3078.6
Malaysia,2007,26.4,3174.5
Malaysia,2008,26.2,3504.3
Malaysia,2009,26.5,3347.8
Malaysia,2010,26.7,3039.6
Malaysia,2011,26.4,3406.6
Malaysia,2012,26.6,3169.6
Malaysia,2013,26.7,3044.1
Malaysia,2014,26.6,2763.4
Malaysia,2015,26.8,2593.7
Malaysia,2016,27.1,2744.8
Malaysia,2017,26.7,3204.9
Malaysia,2018,26.7,3176.7
Malaysia,2019,27.0,2541.8
Malaysia,2020,26.9,2989.6
Malaysia,2021,26.7,3238.3
Malaysia,2022,26.5,3441.0
Malaysia,2023,27.0,3054.2
Malaysia,2024,27.3,3057.4
Maldives,1901,27.6,1960.0
Maldives,1902,27.5,2053.6
Maldives,1903,27.5,1976.3
Maldives,1904,27.3,1851.6
Maldives,1905,27.5,1919.0
Maldives,1906,27.6,1984.6
Maldives,1907,27.4,1950.1
Maldives,1908,27.4,2005.6
Maldives,1909,27.4,1929.0
Maldives,1910,27.4,1992.1
Maldives,1911,27.6,1968.7
Maldives,1912,27.6,1982.6
Maldives,1913,27.5,1925.1
Maldives,1914,27.6,2036.1
Maldives,1915,27.6,1960.4
Maldives,1916,27.5,1911.8
Maldives,1917,27.4,1976.6
Maldives,1918,27.4,1967.2
Maldives,1919,27.6,2030.4
Maldives,1920,27.6,2020.7
Maldives,1921,27.5,1929.6
Maldives,1922,27.4,2023.3
Maldives,1923,27.4,2021.7
Maldives,1924,27.5,2022.1
Maldives,1925,27.4,1975.6
Maldives,1926,27.6,1950.3
Maldives,1927,27.5,1898.5
Maldives,1928,27.6,1924.0
Maldives,1929,27.4,2002.0
Maldives,1930,27.5,1936.3
Maldives,1931,27.5,1943.2
Maldives,1932,27.2,1970.8
Maldives,1933,27.1,1972.3
Maldives,1934,27.2,1886.4
Maldives,1935,27.3,1932.2
Maldives,1936,27.4,1952.0
Maldives,1937,27.5,1938.6
Maldives,1938,27.4,1949.0
Maldives,1939,27.3,1855.6
Maldives,1940,27.5,1938.6
Maldives,1941,27.7,1952.0
Maldives,1942,27.4,2011.6
Maldives,1943,27.2,2002.6
Maldives,1944,27.3,1989.5
Maldives,1945,27.4,1945.8
Maldives,1946,27.4,1976.0
Maldives,1947,27.4,1955.7
Maldives,1948,27.5,1920.4
Maldives,1949,27.3,1953.5
Maldives,1950,27.3,1979.6
Maldives,1951,27.4,1963.1
Maldives,1952,27.5,1850.3
Maldives,1953,27.5,1955.0
Maldives,1954,27.3,1937.8
Maldives,1955,27.1,2017.3
Maldives,1956,27.1,1911.6
Maldives,1957,27.4,1943.0
Maldives,1958,27.6,1886.0
Maldives,1959,27.6,1956.9
Maldives,1960,27.3,2085.1
Maldives,1961,27.4,2044.6
Maldives,1962,27.4,1975.9
Maldives,1963,27.5,2007.7
Maldives,1964,27.5,1980.4
Maldives,1965,27.5,1992.9
Maldives,1966,27.7,1955.4
Maldives,1967,27.4,1879.5
Maldives,1968,27.2,2082.6
Maldives,1969,27.5,2119.0
Maldives,1970,27.3,1881.7
Maldives,1971,26.8,1967.8
Maldives,1972,27.5,1900.2
Maldives,1973,27.7,1921.9
Maldives,1974,27.4,1724.1
Maldives,1975,27.2,2161.7
Maldives,1976,27.5,1920.8
Maldives,1977,27.7,2155.9
Maldives,1978,27.7,2368.0
Maldives,1979,27.9,2162.4
Maldives,1980,27.9,1823.2
Maldives,1981,27.8,1828.6
Maldives,1982,27.9,2104.1
Maldives,1983,28.1,1746.9
Maldives,1984,27.6,1941.5
Maldives,1985,27.8,1921.4
Maldives,1986,27.9,1840.3
Maldives,1987,28.3,2029.9
Maldives,1988,28.2,1837.6
Maldives,1989,27.7,2000.1
Maldives,1990,28.1,1689.9
Maldives,1991,28.1,1932.4
Maldives,1992,27.9,1837.6
Maldives,1993,28.0,2213.4
Maldives,1994,28.0,2086.0
Maldives,1995,28.1,1724.0
Maldives,1996,27.9,1977.1
Maldives,1997,28.2,2052.2
Maldives,1998,28.4,2103.1
Maldives,1999,28.0,2098.0
Maldives,2000,28.0,1902.9
Maldives,2001,28.1,1937.8
Maldives,2002,28.3,1855.5
Maldives,2003,28.2,2057.3
Maldives,2004,28.1,2040.9
Maldives,2005,28.1,1793.9
Maldives,2006,28.0,2338.8
Maldives,2007,28.1,1869.9
Maldives,2008,27.9,2027.3
Maldives,2009,28.2,2044.6
Maldives,2010,28.3,2048.4
Maldives,2011,28.1,1692.5
Maldives,2012,28.2,1817.2
Maldives,2013,28.2,2019.7
Maldives,2014,28.2,1875.8
Maldives,2015,28.2,2147.8
Maldives,2016,28.6,1975.4
Maldives,2017,28.3,2010.5
Maldives,2018,28.2,1891.7
Maldives,2019,28.4,2266.5
Maldives,2020,28.5,1900.3
Maldives,2021,28.2,1987.8
Maldives,2022,28.1,2210.1
Maldives,2023,28.3,2239.9
Maldives,2024,28.6,2383.6
Mali,1901,28.2,299.1
Mali,1902,28.5,277.6
Mali,1903,28.6,303.1
Mali,1904,28.7,296.6
Mali,1905,28.3,343.5
Mali,1906,28.4,355.5
Mali,1907,28.2,292.0
Mali,1908,28.6,319.6
Mali,1909,28.6,364.5
Mali,1910,28.4,283.6
Mali,1911,28.0,291.7
Mali,1912,28.5,269.0
Mali,1913,28.5,279.4
Mali,1914,28.6,294.6
Mali,1915,27.9,324.3
Mali,1916,27.4,316.3
Mali,1917,27.6,312.9
Mali,1918,27.4,338.8
Mali,1919,28.7,291.2
Mali,1920,28.7,325.6
Mali,1921,28.6,280.9
Mali,1922,28.1,333.7
Mali,1923,28.1,308.8
Mali,1924,28.5,352.0
Mali,1925,28.4,300.5
Mali,1926,28.3,275.9
Mali,1927,27.7,352.1
Mali,1928,27.9,339.4
Mali,1929,27.7,325.0
Mali,1930,28.2,322.6
Mali,1931,28.8,319.9
Mali,1932,28.3,344.4
Mali,1933,28.3,359.3
Mali,1934,28.4,320.5
Mali,1935,29.1,356.6
Mali,1936,28.8,389.2
Mali,1937,29.3,288.8
Mali,1938,29.4,315.4
Mali,1939,29.1,335.6
Mali,1940,28.7,293.8
Mali,1941,29.1,279.7
Mali,1942,29.1,297.3
Mali,1943,28.5,371.3
Mali,1944,28.9,290.3
Mali,1945,28.6,360.5
Mali,1946,28.5,343.5
Mali,1947,29.0,283.2
Mali,1948,28.4,303.7
Mali,1949,29.0,281.9
Mali,1950,28.0,413.0
Mali,1951,28.8,350.8
Mali,1952,28.2,373.0
Mali,1953,28.4,358.2
Mali,1954,28.2,380.7
Mali,1955,28.5,353.6
Mali,1956,28.4,340.3
Mali,1957,28.2,373.2
Mali,1958,28.7,372.3
Mali,1959,28.7,331.8
Mali,1960,28.4,320.4
Mali,1961,28.1,329.6
Mali,1962,28.2,336.6
Mali,1963,28.6,319.1
Mali,1964,28.3,360.0
Mali,1965,28.1,340.3
Mali,1966,28.6,318.1
Mali,1967,28.1,336.4
Mali,1968,28.5,283.8
Mali,1969,29.1,311.3
Mali,1970,28.8,283.5
Mali,1971,28.6,287.8
Mali,1972,28.7,239.0
Mali,1973,28.9,238.3
Mali,1974,28.1,306.2
Mali,1975,28.1,303.0
Mali,1976,28.0,305.0
Mali,1977,28.7,266.0
Mali,1978,28.8,301.6
Mali,1979,28.9,279.2
Mali,1980,29.2,278.3
Mali,1981,28.8,274.5
Mali,1982,28.6,243.1
Mali,1983,29.2,212.3
Mali,1984,29.0,218.0
Mali,1985,28.9,252.5
Mali,1986,28.6,260.5
Mali,1987,29.6,223.3
Mali,1988,28.8,313.0
Mali,1989,28.7,283.3
Mali,1990,29.2,236.9
Mali,1991,28.8,283.9
Mali,1992,28.6,265.2
Mali,1993,29.1,261.1
Mali,1994,28.4,348.9
Mali,1995,28.9,275.8
Mali,1996,29.3,268.7
Mali,1997,29.2,269.7
Mali,1998,29.4,300.6
Mali,1999,28.8,356.1
Mali,2000,29.1,269.7
Mali,2001,29.2,276.5
Mali,2002,29.4,241.1
Mali,2003,29.4,342.7
Mali,2004,29.5,289.4
Mali,2005,29.5,294.5
Mali,2006,29.1,295.7
Mali,2007,29.3,286.5
Mali,2008,28.9,308.3
Mali,2009,29.5,307.0
Mali,2010,29.7,364.6
Mali,2011,29.5,266.6
Mali,2012,29.0,333.3
Mali,2013,29.2,304.5
Mali,2014,29.2,300.0
Mali,2015,29.3,308.4
Mali,2016,29.5,306.6
Mali,2017,29.4,278.4
Mali,2018,29.3,321.4
Mali,2019,29.1,316.8
Mali,2020,29.4,336.3
Mali,2021,29.8,291.5
Mali,2022,29.2,352.8
Mali,2023,29.7,280.7
Mali,2024,29.7,343.8
Malta,1901,18.9,364.5
Malta,1902,19.0,371.3
Malta,1903,18.6,325.4
Malta,1904,18.9,379.7
Malta,1905,18.6,361.2
Malta,1906,18.4,456.2
Malta,1907,18.4,303.7
Malta,1908,18.6,313.2
Malta,1909,18.5,387.3
Malta,1910,18.4,351.2
Malta,1911,19.1,473.7
Malta,1912,18.9,403.6
Malta,1913,19.2,349.5
Malta,1914,18.8,327.2
Malta,1915,18.8,415.8
Malta,1916,19.3,341.6
Malta,1917,18.9,362.3
Malta,1918,18.5,375.5
Malta,1919,18.7,339.6
Malta,1920,19.4,379.9
Malta,1921,18.9,454.3
Malta,1922,19.4,254.3
Malta,1923,18.8,344.7
Malta,1924,19.5,365.2
Malta,1925,18.9,378.5
Malta,1926,19.4,311.3
Malta,1927,19.6,313.1
Malta,1928,19.3,542.9
Malta,1929,18.5,369.5
Malta,1930,19.1,355.6
Malta,1931,19.5,509.8
Malta,1932,19.2,386.8
Malta,1933,19.1,369.3
Malta,1934,19.2,487.8
Malta,1935,19.1,319.4
Malta,1936,19.0,342.7
Malta,1937,19.4,252.3
Malta,1938,18.8,401.3
Malta,1939,19.0,361.4
Malta,1940,18.7,313.5
Malta,1941,18.9,328.1
Malta,1942,19.6,406.5
Malta,1943,20.0,338.8
Malta,1944,19.1,406.0
Malta,1945,19.5,259.9
Malta,1946,19.8,342.1
Malta,1947,20.1,171.1
Malta,1948,19.4,422.8
Malta,1949,19.3,388.4
Malta,1950,19.6,462.1
Malta,1951,19.1,355.1
Malta,1952,19.8,308.4
Malta,1953,18.9,511.8
Malta,1954,18.6,446.9
Malta,1955,19.7,359.0
Malta,1956,18.6,424.7
Malta,1957,19.0,462.8
Malta,1958,19.3,380.3
Malta,1959,19.1,386.4
Malta,1960,19.5,251.0
Malta,1961,19.4,261.8
Malta,1962,19.1,376.6
Malta,1963,19.1,317.5
Malta,1964,19.1,437.6
Malta,1965,19.0,434.5
Malta,1966,19.2,380.0
Malta,1967,19.1,291.1
Malta,1968,19.2,265.8
Malta,1969,18.8,461.1
Malta,1970,19.1,289.4
Malta,1971,18.8,426.2
Malta,1972,18.8,446.4
Malta,1973,19.1,524.9
Malta,1974,18.9,229.4
Malta,1975,18.8,428.9
Malta,1976,18.5,565.5
Malta,1977,19.6,261.3
Malta,1978,18.8,331.2
Malta,1979,19.4,446.2
Malta,1980,18.7,362.9
Malta,1981,19.3,223.7
Malta,1982,19.9,576.4
Malta,1983,19.6,370.9
Malta,1984,19.1,407.7
Malta,1985,19.7,353.5
Malta,1986,19.7,477.5
Malta,1987,19.9,251.8
Malta,1988,20.1,400.5
Malta,1989,19.8,355.6
Malta,1990,20.1,447.9
Malta,1991,19.3,421.1
Malta,1992,19.5,424.4
Malta,1993,19.8,316.7
Malta,1994,20.7,319.8
Malta,1995,19.9,433.0
Malta,1996,19.7,434.9
Malta,1997,20.2,422.9
Malta,1998,20.0,294.7
Malta,1999,20.6,369.5
Malta,2000,20.4,294.6
Malta,2001,20.6,275.6
Malta,2002,20.2,309.3
Malta,2003,20.5,520.5
Malta,2004,20.0,334.4
Malta,2005,19.8,374.2
Malta,2006,20.4,431.2
Malta,2007,20.4,406.9
Malta,2008,20.4,278.3
Malta,2009,20.2,438.8
Malta,2010,20.4,331.0
Malta,2011,20.1,399.0
Malta,2012,20.6,327.8
Malta,2013,20.3,375.7
Malta,2014,20.7,357.4
Malta,2015,20.5,390.8
Malta,2016,20.8,318.5
Malta,2017,20.3,420.3
Malta,2018,20.6,391.1
Malta,2019,20.5,396.6
Malta,2020,20.6,346.6
Malta,2021,20.9,291.3
Malta,2022,21.1,241.3
Malta,2023,20.9,323.0
Malta,2024,21.3,260.3
Marquesas,1901,26.6,1360.2
Marquesas,1902,26.6,1360.2
Marquesas,1903,26.6,1360.2
Marquesas,1904,26.6,1360.2
Marquesas,1905,26.6,1360.2
Marquesas,1906,26.6,1360.2
Marquesas,1907,26.6,1360.2
Marquesas,1908,26.6,1360.2
Marquesas,1909,26.6,1360.2
Marquesas,1910,26.6,1360.2
Marquesas,1911,26.6,1360.2
Marquesas,1912,26.6,1360.2
Marquesas,1913,26.6,1360.2
Marquesas,1914,26.6,1360.2
Marquesas,1915,26.6,1360.2
Marquesas,1916,26.6,1360.2
Marquesas,1917,26.6,1360.2
Marquesas,1918,26.6,1360.2
Marquesas,1919,26.6,1360.2
Marquesas,1920,26.6,1360.2
Marquesas,1921,26.6,1360.2
Marquesas,1922,26.6,1360.2
Marquesas,1923,26.6,1360.2
Marquesas,1924,26.6,1360.2
Marquesas,1925,26.6,1360.2
Marquesas,1926,26.6,1360.2
Marquesas,1927,26.6,1360.2
Marquesas,1928,26.6,1360.2
Marquesas,1929,26.6,1272.0
Marquesas,1930,26.6,845.7
Marquesas,1931,26.6,1551.3
Marquesas,1932,26.6,1360.2
Marquesas,1933,26.6,1360.2
Marquesas,1934,26.6,1360.2
Marquesas,1935,26.6,1397.7
Marquesas,1936,26.6,917.9
Marquesas,1937,26.6,1399.2
Marquesas,1938,26.6,740.1
Marquesas,1939,26.6,1393.8
Marquesas,1940,26.6,1711.4
Marquesas,1941,26.6,2125.3
Marquesas,1942,26.6,1751.5
Marquesas,1943,26.6,1541.7
Marquesas,1944,26.6,1629.1
Marquesas,1945,26.6,967.8
Marquesas,1946,26.6,1171.4
Marquesas,1947,26.6,774.9
Marquesas,1948,26.6,964.9
Marquesas,1949,26.6,1338.4
Marquesas,1950,26.6,821.2
Marquesas,1951,26.6,943.0
Marquesas,1952,26.7,1360.6
Marquesas,1953,26.7,1450.8
Marquesas,1954,26.6,1116.3
Marquesas,1955,26.4,655.1
Marquesas,1956,26.4,929.6
Marquesas,1957,26.5,912.3
Marquesas,1958,26.6,927.3
Marquesas,1959,26.5,1232.2
Marquesas,1960,26.4,1149.6
Marquesas,1961,25.8,1286.5
Marquesas,1962,26.2,481.4
Marquesas,1963,26.4,1556.3
Marquesas,1964,25.8,938.1
Marquesas,1965,26.6,1177.6
Marquesas,1966,26.7,1765.5
Marquesas,1967,26.0,1216.6
Marquesas,1968,26.0,1225.6
Marquesas,1969,26.9,990.0
Marquesas,1970,26.4,1525.9
Marquesas,1971,25.7,1201.0
Marquesas,1972,26.8,1241.3
Marquesas,1973,26.6,1106.5
Marquesas,1974,25.7,1333.9
Marquesas,1975,25.9,1056.5
Marquesas,1976,26.3,745.9
Marquesas,1977,27.1,1604.6
Marquesas,1978,26.5,1123.9
Marquesas,1979,26.9,1396.3
Marquesas,1980,26.7,1945.9
Marquesas,1981,26.7,1692.2
Marquesas,1982,27.3,1210.9
Marquesas,1983,27.2,2828.1
Marquesas,1984,26.9,1993.4
Marquesas,1985,26.8,1676.4
Marquesas,1986,27.0,1332.8
Marquesas,1987,27.3,1404.1
Marquesas,1988,26.7,1391.6
Marquesas,1989,26.2,1272.6
Marquesas,1990,26.7,1280.4
Marquesas,1991,26.9,1383.7
Marquesas,1992,26.7,2594.7
Marquesas,1993,26.8,1971.0
Marquesas,1994,26.9,1486.8
Marquesas,1995,26.9,1246.7
Marquesas,1996,26.5,1950.7
Marquesas,1997,26.9,1397.3
Marquesas,1998,26.9,1755.5
Marquesas,1999,26.3,1182.4
Marquesas,2000,26.3,1263.1
Marquesas,2001,26.7,1067.3
Marquesas,2002,27.0,979.6
Marquesas,2003,27.1,806.4
Marquesas,2004,26.9,1848.1
Marquesas,2005,26.9,1466.7
Marquesas,2006,26.8,1538.3
Marquesas,2007,26.8,1064.9
Marquesas,2008,26.5,810.1
Marquesas,2009,27.0,1302.0
Marquesas,2010,26.8,575.4
Marquesas,2011,26.1,1225.4
Marquesas,2012,26.9,1323.4
Marquesas,2013,26.8,1437.9
Marquesas,2014,26.8,863.4
Marquesas,2015,27.1,1150.6
Marquesas,2016,27.4,1363.6
Marquesas,2017,26.9,1619.8
Marquesas,2018,26.7,942.4
Marquesas,2019,27.2,771.6
Marquesas,2020,27.0,919.9
Marquesas,2021,26.8,708.6
Marquesas,2022,26.4,659.8
Marquesas,2023,27.4,1038.8
Marquesas,2024,27.5,1023.5
Marshall Isl,1901,27.6,2685.7
Marshall Isl,1902,27.6,2685.7
Marshall Isl,1903,27.6,2685.7
Marshall Isl,1904,27.6,2685.7
Marshall Isl,1905,27.6,2685.7
Marshall Isl,1906,27.6,2685.7
Marshall Isl,1907,27.6,2685.7
Marshall Isl,1908,27.6,2685.7
Marshall Isl,1909,27.6,2685.7
Marshall Isl,1910,27.6,2685.7
Marshall Isl,1911,27.6,2685.7
Marshall Isl,1912,27.6,2685.7
Marshall Isl,1913,27.6,2685.7
Marshall Isl,1914,27.6,2685.7
Marshall Isl,1915,27.6,2685.7
Marshall Isl,1916,27.6,2685.7
Marshall Isl,1917,27.6,2685.7
Marshall Isl,1918,27.6,2685.7
Marshall Isl,1919,27.6,2685.7
Marshall Isl,1920,27.6,2685.7
Marshall Isl,1921,27.6,2685.7
Marshall Isl,1922,27.6,2685.7
Marshall Isl,1923,27.5,2685.7
Marshall Isl,1924,27.5,2685.7
Marshall Isl,1925,27.6,2685.7
Marshall Isl,1926,27.5,2685.7
Marshall Isl,1927,27.7,2685.7
Marshall Isl,1928,27.6,2687.5
Marshall Isl,1929,27.5,2686.9
Marshall Isl,1930,27.4,2685.7
Marshall Isl,1931,27.5,2672.2
Marshall Isl,1932,27.5,2670.6
Marshall Isl,1933,27.4,2690.0
Marshall Isl,1934,27.5,2674.2
Marshall Isl,1935,27.6,2679.0
Marshall Isl,1936,27.6,2688.4
Marshall Isl,1937,27.6,2660.3
Marshall Isl,1938,27.6,2667.5
Marshall Isl,1939,27.6,2684.8
Marshall Isl,1940,27.5,2686.1
Marshall Isl,1941,27.5,2686.9
Marshall Isl,1942,27.4,2685.7
Marshall Isl,1943,27.4,2686.6
Marshall Isl,1944,27.6,2685.7
Marshall Isl,1945,27.6,2514.4
Marshall Isl,1946,27.8,2512.4
Marshall Isl,1947,27.8,2675.2
Marshall Isl,1948,27.8,2674.3
Marshall Isl,1949,27.6,2576.8
Marshall Isl,1950,27.6,2976.3
Marshall Isl,1951,27.9,2800.8
Marshall Isl,1952,28.1,2644.7
Marshall Isl,1953,28.0,2561.3
Marshall Isl,1954,27.8,2916.5
Marshall Isl,1955,27.2,2949.2
Marshall Isl,1956,27.4,2929.6
Marshall Isl,1957,27.7,2590.8
Marshall Isl,1958,27.7,2575.2
Marshall Isl,1959,27.6,2613.9
Marshall Isl,1960,27.5,2801.7
Marshall Isl,1961,27.5,2733.2
Marshall Isl,1962,27.5,2770.0
Marshall Isl,1963,27.6,2805.7
Marshall Isl,1964,27.3,3020.7
Marshall Isl,1965,27.4,2439.8
Marshall Isl,1966,27.6,2737.8
Marshall Isl,1967,27.5,2714.4
Marshall Isl,1968,27.4,2804.8
Marshall Isl,1969,27.6,2599.1
Marshall Isl,1970,27.7,2258.6
Marshall Isl,1971,27.2,2991.8
Marshall Isl,1972,27.5,3071.1
Marshall Isl,1973,27.6,2455.4
Marshall Isl,1974,27.4,2943.6
Marshall Isl,1975,27.2,2772.1
Marshall Isl,1976,27.2,2827.1
Marshall Isl,1977,27.6,2555.2
Marshall Isl,1978,27.6,2794.7
Marshall Isl,1979,27.7,2598.9
Marshall Isl,1980,27.8,2657.7
Marshall Isl,1981,27.8,2531.3
Marshall Isl,1982,27.7,2751.6
Marshall Isl,1983,27.8,2233.6
Marshall Isl,1984,27.8,2355.5
Marshall Isl,1985,27.7,2770.0
Marshall Isl,1986,27.8,2977.8
Marshall Isl,1987,27.8,2589.8
Marshall Isl,1988,27.7,2526.1
Marshall Isl,1989,27.6,2630.6
Marshall Isl,1990,27.8,2659.8
Marshall Isl,1991,27.6,3102.0
Marshall Isl,1992,27.8,2254.0
Marshall Isl,1993,27.6,2777.7
Marshall Isl,1994,27.8,2649.1
Marshall Isl,1995,27.8,2732.8
Marshall Isl,1996,27.8,2765.5
Marshall Isl,1997,27.8,2759.0
Marshall Isl,1998,27.8,2247.9
Marshall Isl,1999,27.6,2492.2
Marshall Isl,2000,27.7,2604.1
Marshall Isl,2001,28.1,2440.8
Marshall Isl,2002,28.2,2723.7
Marshall Isl,2003,28.2,2638.1
Marshall Isl,2004,28.3,2622.9
Marshall Isl,2005,28.3,2514.4
Marshall Isl,2006,28.1,2457.4
Marshall Isl,2007,28.0,2464.7
Marshall Isl,2008,27.7,2496.9
Marshall Isl,2009,27.9,2375.5
Marshall Isl,2010,27.6,2666.2
Marshall Isl,2011,27.9,2910.7
Marshall Isl,2012,28.3,2441.1
Marshall Isl,2013,28.4,2245.8
Marshall Isl,2014,28.3,2838.8
Marshall Isl,2015,28.3,2830.2
Marshall Isl,2016,28.5,2387.9
Marshall Isl,2017,28.4,2861.7
Marshall Isl,2018,28.3,3250.3
Marshall Isl,2019,28.4,2530.1
Marshall Isl,2020,28.5,2783.7
Marshall Isl,2021,28.2,2814.5
Marshall Isl,2022,28.0,2866.0
Marshall Isl,2023,28.3,2701.4
Marshall Isl,2024,28.6,2592.7
Martinique,1901,25.8,2087.8
Martinique,1902,25.5,2329.8
Martinique,1903,25.6,2173.9
Martinique,1904,25.3,1848.2
Martinique,1905,25.5,1924.3
Martinique,1906,25.4,2075.6
Martinique,1907,25.2,1702.2
Martinique,1908,25.4,1605.8
Martinique,1909,25.3,2087.8
Martinique,1910,25.3,1939.5
Martinique,1911,25.3,2087.8
Martinique,1912,25.5,2087.8
Martinique,1913,25.1,2087.8
Martinique,1914,25.3,2087.8
Martinique,1915,25.6,2087.8
Martinique,1916,25.3,2087.8
Martinique,1917,25.3,2087.8
Martinique,1918,25.4,2087.8
Martinique,1919,25.4,2087.8
Martinique,1920,25.3,2087.8
Martinique,1921,25.3,2087.8
Martinique,1922,25.2,2087.8
Martinique,1923,25.4,2087.8
Martinique,1924,25.5,2087.8
Martinique,1925,25.4,2087.8
Martinique,1926,25.7,2087.8
Martinique,1927,25.4,2087.8
Martinique,1928,25.5,2087.8
Martinique,1929,25.3,2087.8
Martinique,1930,25.4,2087.8
Martinique,1931,25.8,2087.8
Martinique,1932,25.9,2183.4
Martinique,1933,25.6,2393.7
Martinique,1934,25.5,1420.4
Martinique,1935,25.2,1848.1
Martinique,1936,25.5,2322.3
Martinique,1937,25.8,1502.0
Martinique,1938,25.3,2228.8
Martinique,1939,25.5,1578.7
Martinique,1940,26.1,1466.4
Martinique,1941,26.2,1939.9
Martinique,1942,26.2,2339.3
Martinique,1943,25.6,1728.6
Martinique,1944,25.8,1994.6
Martinique,1945,25.4,1898.7
Martinique,1946,25.5,1594.5
Martinique,1947,25.8,1402.5
Martinique,1948,25.7,2518.0
Martinique,1949,25.4,1848.0
Martinique,1950,25.2,2098.2
Martinique,1951,25.5,2637.0
Martinique,1952,25.6,2353.7
Martinique,1953,25.5,2215.2
Martinique,1954,25.4,2232.2
Martinique,1955,25.4,2537.1
Martinique,1956,25.3,2586.9
Martinique,1957,25.4,2191.1
Martinique,1958,26.0,2450.4
Martinique,1959,25.6,1834.3
Martinique,1960,25.8,1987.3
Martinique,1961,25.6,1927.7
Martinique,1962,25.7,1977.9
Martinique,1963,25.8,2000.1
Martinique,1964,25.5,1896.3
Martinique,1965,25.6,1814.9
Martinique,1966,25.8,2752.3
Martinique,1967,25.5,2265.6
Martinique,1968,25.6,1836.4
Martinique,1969,26.2,2357.6
Martinique,1970,25.9,2598.6
Martinique,1971,25.5,1806.2
Martinique,1972,25.8,2083.8
Martinique,1973,25.9,1429.8
Martinique,1974,25.5,1779.5
Martinique,1975,25.5,2059.5
Martinique,1976,25.4,1953.1
Martinique,1977,25.9,1904.3
Martinique,1978,26.1,1958.8
Martinique,1979,26.2,2302.0
Martinique,1980,26.4,2193.0
Martinique,1981,26.5,2399.7
Martinique,1982,26.3,2304.1
Martinique,1983,26.7,1888.6
Martinique,1984,26.1,2389.2
Martinique,1985,26.0,2162.9
Martinique,1986,26.2,2236.1
Martinique,1987,26.8,2232.8
Martinique,1988,26.4,2450.8
Martinique,1989,26.0,2014.1
Martinique,1990,26.3,2117.4
Martinique,1991,26.3,2224.3
Martinique,1992,26.3,2451.2
Martinique,1993,26.5,2164.3
Martinique,1994,26.2,2012.9
Martinique,1995,26.6,2286.8
Martinique,1996,26.5,2496.6
Martinique,1997,26.6,1793.0
Martinique,1998,27.0,2636.8
Martinique,1999,26.5,2034.4
Martinique,2000,26.3,2145.2
Martinique,2001,26.8,1980.0
Martinique,2002,26.8,1811.2
Martinique,2003,26.8,2281.9
Martinique,2004,26.6,3087.4
Martinique,2005,26.9,2803.8
Martinique,2006,26.7,2037.5
Martinique,2007,26.7,2075.2
Martinique,2008,26.4,2411.9
Martinique,2009,26.8,1903.0
Martinique,2010,27.1,2862.5
Martinique,2011,26.6,2935.6
Martinique,2012,26.7,2405.4
Martinique,2013,26.7,2055.6
Martinique,2014,26.7,2019.7
Martinique,2015,27.0,1606.6
Martinique,2016,27.0,2483.4
Martinique,2017,26.7,2427.0
Martinique,2018,26.4,2139.9
Martinique,2019,26.7,1658.6
Martinique,2020,26.8,2094.1
Martinique,2021,26.6,1711.7
Martinique,2022,26.4,2133.6
Martinique,2023,27.0,2286.6
Martinique,2024,27.5,2237.9
Mauritania,1901,27.9,110.1
Mauritania,1902,28.3,98.2
Mauritania,1903,28.1,106.2
Mauritania,1904,28.0,103.3
Mauritania,1905,28.0,127.6
Mauritania,1906,28.0,129.9
Mauritania,1907,27.6,109.1
Mauritania,1908,28.2,98.0
Mauritania,1909,28.1,112.4
Mauritania,1910,28.1,119.3
Mauritania,1911,27.8,99.2
Mauritania,1912,28.2,104.2
Mauritania,1913,28.1,97.8
Mauritania,1914,27.9,96.0
Mauritania,1915,27.9,107.7
Mauritania,1916,27.5,116.4
Mauritania,1917,27.5,108.0
Mauritania,1918,27.6,128.9
Mauritania,1919,28.4,105.8
Mauritania,1920,27.8,112.9
Mauritania,1921,27.9,80.7
Mauritania,1922,27.6,113.2
Mauritania,1923,27.9,115.3
Mauritania,1924,28.0,120.0
Mauritania,1925,27.9,115.6
Mauritania,1926,28.3,90.6
Mauritania,1927,27.9,136.4
Mauritania,1928,27.8,116.9
Mauritania,1929,27.6,125.9
Mauritania,1930,27.7,124.0
Mauritania,1931,28.1,92.5
Mauritania,1932,27.9,115.5
Mauritania,1933,27.9,137.9
Mauritania,1934,28.0,108.0
Mauritania,1935,28.3,124.5
Mauritania,1936,28.3,132.5
Mauritania,1937,28.5,114.3
Mauritania,1938,28.4,118.6
Mauritania,1939,28.2,112.7
Mauritania,1940,28.2,125.9
Mauritania,1941,28.3,82.0
Mauritania,1942,28.1,82.9
Mauritania,1943,28.0,154.9
Mauritania,1944,28.3,130.1
Mauritania,1945,28.5,117.3
Mauritania,1946,28.1,114.3
Mauritania,1947,28.4,125.2
Mauritania,1948,28.2,106.9
Mauritania,1949,28.3,100.9
Mauritania,1950,28.0,161.1
Mauritania,1951,27.8,134.9
Mauritania,1952,27.7,154.0
Mauritania,1953,28.0,154.0
Mauritania,1954,27.7,153.6
Mauritania,1955,28.3,146.7
Mauritania,1956,27.6,127.1
Mauritania,1957,27.7,147.0
Mauritania,1958,28.3,149.3
Mauritania,1959,28.0,107.8
Mauritania,1960,28.0,113.4
Mauritania,1961,28.3,113.8
Mauritania,1962,28.1,126.0
Mauritania,1963,28.1,116.4
Mauritania,1964,28.1,130.8
Mauritania,1965,27.7,154.6
Mauritania,1966,28.2,131.2
Mauritania,1967,27.6,146.7
Mauritania,1968,27.9,91.9
Mauritania,1969,28.5,158.8
Mauritania,1970,28.5,103.7
Mauritania,1971,27.6,85.1
Mauritania,1972,27.7,71.9
Mauritania,1973,28.2,82.9
Mauritania,1974,27.5,106.8
Mauritania,1975,27.7,109.0
Mauritania,1976,27.4,115.7
Mauritania,1977,28.3,65.6
Mauritania,1978,28.3,110.7
Mauritania,1979,28.5,99.6
Mauritania,1980,28.4,85.7
Mauritania,1981,28.4,98.5
Mauritania,1982,28.0,69.8
Mauritania,1983,28.9,53.8
Mauritania,1984,28.3,67.7
Mauritania,1985,28.2,89.5
Mauritania,1986,27.9,96.0
Mauritania,1987,29.1,86.6
Mauritania,1988,28.3,101.5
Mauritania,1989,28.3,114.0
Mauritania,1990,28.7,74.1
Mauritania,1991,28.3,77.7
Mauritania,1992,28.2,84.0
Mauritania,1993,28.4,100.6
Mauritania,1994,28.0,105.4
Mauritania,1995,28.5,111.7
Mauritania,1996,28.7,86.4
Mauritania,1997,28.8,96.7
Mauritania,1998,29.1,104.9
Mauritania,1999,28.3,123.3
Mauritania,2000,28.5,103.4
Mauritania,2001,29.0,97.7
Mauritania,2002,28.9,90.7
Mauritania,2003,28.8,131.2
Mauritania,2004,28.9,97.2
Mauritania,2005,29.0,125.1
Mauritania,2006,28.8,99.9
Mauritania,2007,28.8,97.5
Mauritania,2008,28.8,122.5
Mauritania,2009,28.9,115.1
Mauritania,2010,29.4,145.0
Mauritania,2011,28.9,94.4
Mauritania,2012,28.6,121.1
Mauritania,2013,29.0,119.6
Mauritania,2014,28.7,101.5
Mauritania,2015,29.0,122.0
Mauritania,2016,29.0,104.9
Mauritania,2017,29.0,93.0
Mauritania,2018,28.5,107.5
Mauritania,2019,28.4,102.9
Mauritania,2020,29.1,122.3
Mauritania,2021,29.1,110.4
Mauritania,2022,28.9,133.0
Mauritania,2023,29.3,110.3
Mauritania,2024,29.2,118.0
Mauritius,1901,22.3,2104.7
Mauritius,1902,22.3,2104.7
Mauritius,1903,22.3,2104.7
Mauritius,1904,22.3,2104.7
Mauritius,1905,22.3,2104.7
Mauritius,1906,22.3,2104.7
Mauritius,1907,22.3,2104.7
Mauritius,1908,22.3,2104.7
Mauritius,1909,22.3,2104.7
Mauritius,1910,22.3,2104.7
Mauritius,1911,22.3,2104.7
Mauritius,1912,22.3,2104.7
Mauritius,1913,22.3,2104.7
Mauritius,1914,22.3,2104.7
Mauritius,1915,22.3,2104.7
Mauritius,1916,22.3,2104.7
Mauritius,1917,22.3,2104.7
Mauritius,1918,22.3,2104.7
Mauritius,1919,22.3,2104.7
Mauritius,1920,22.3,2104.7
Mauritius,1921,22.3,2104.7
Mauritius,1922,22.3,2104.7
Mauritius,1923,22.3,2104.7
Mauritius,1924,22.3,2104.7
Mauritius,1925,22.3,2104.7
Mauritius,1926,22.4,2104.7
Mauritius,1927,22.3,2104.7
Mauritius,1928,22.3,2104.7
Mauritius,1929,22.3,2104.7
Mauritius,1930,22.3,2104.7
Mauritius,1931,22.3,2104.7
Mauritius,1932,22.3,2104.7
Mauritius,1933,22.3,2104.7
Mauritius,1934,22.3,2104.7
Mauritius,1935,22.3,2104.7
Mauritius,1936,22.3,2104.7
Mauritius,1937,22.3,2104.7
Mauritius,1938,22.3,2104.7
Mauritius,1939,22.3,2104.7
Mauritius,1940,22.3,2104.7
Mauritius,1941,22.3,2104.7
Mauritius,1942,22.3,2104.7
Mauritius,1943,22.3,2104.7
Mauritius,1944,22.3,2104.7
Mauritius,1945,22.3,2104.7
Mauritius,1946,22.3,2104.7
Mauritius,1947,22.3,2104.7
Mauritius,1948,22.3,2104.7
Mauritius,1949,22.3,2104.7
Mauritius,1950,22.3,2104.7
Mauritius,1951,21.8,1772.4
Mauritius,1952,22.1,2480.4
Mauritius,1953,22.3,2637.3
Mauritius,1954,22.2,1842.9
Mauritius,1955,22.0,2712.9
Mauritius,1956,21.8,1902.2
Mauritius,1957,22.1,1781.4
Mauritius,1958,22.3,1715.6
Mauritius,1959,22.1,2042.5
Mauritius,1960,22.1,2065.9
Mauritius,1961,22.6,2489.0
Mauritius,1962,21.9,2155.8
Mauritius,1963,21.8,1563.4
Mauritius,1964,21.7,1639.6
Mauritius,1965,21.7,2688.1
Mauritius,1966,22.1,1529.1
Mauritius,1967,22.3,1905.9
Mauritius,1968,21.8,2088.6
Mauritius,1969,22.6,1888.1
Mauritius,1970,22.4,1960.3
Mauritius,1971,21.9,1543.1
Mauritius,1972,22.4,2947.6
Mauritius,1973,22.3,2010.3
Mauritius,1974,21.7,2151.4
Mauritius,1975,22.2,1768.2
Mauritius,1976,22.5,2278.5
Mauritius,1977,22.8,2394.0
Mauritius,1978,22.5,1760.9
Mauritius,1979,22.5,2463.2
Mauritius,1980,22.5,2700.0
Mauritius,1981,22.5,1952.6
Mauritius,1982,22.4,3349.9
Mauritius,1983,22.3,1497.9
Mauritius,1984,22.0,1768.3
Mauritius,1985,22.1,2808.7
Mauritius,1986,22.3,1887.5
Mauritius,1987,22.8,2866.0
Mauritius,1988,22.6,1654.0
Mauritius,1989,22.3,2416.8
Mauritius,1990,22.3,1391.6
Mauritius,1991,22.7,1819.1
Mauritius,1992,22.3,1309.0
Mauritius,1993,22.4,2772.1
Mauritius,1994,22.6,1862.2
Mauritius,1995,22.4,1976.7
Mauritius,1996,22.2,1317.5
Mauritius,1997,22.5,1794.9
Mauritius,1998,22.8,2322.5
Mauritius,1999,22.4,1166.7
Mauritius,2000,22.4,1633.6
Mauritius,2001,22.8,1629.7
Mauritius,2002,22.8,2005.5
Mauritius,2003,23.0,2080.3
Mauritius,2004,22.8,1976.3
Mauritius,2005,22.7,2434.1
Mauritius,2006,22.8,2202.4
Mauritius,2007,22.9,1981.4
Mauritius,2008,22.8,2066.8
Mauritius,2009,23.3,2090.0
Mauritius,2010,23.3,2134.4
Mauritius,2011,23.3,2066.1
Mauritius,2012,23.1,1559.0
Mauritius,2013,23.1,1937.6
Mauritius,2014,23.5,1684.5
Mauritius,2015,23.5,2301.7
Mauritius,2016,23.2,1592.5
Mauritius,2017,23.7,1817.5
Mauritius,2018,23.4,2704.6
Mauritius,2019,23.8,1970.6
Mauritius,2020,23.2,1461.5
Mauritius,2021,23.3,1869.0
Mauritius,2022,22.9,1949.1
Mauritius,2023,23.7,2252.5
Mauritius,2024,23.5,1884.9
Mexico,1901,20.9,695.4
Mexico,1902,21.0,662.6
Mexico,1903,20.3,697.8
Mexico,1904,20.8,736.6
Mexico,1905,20.6,777.2
Mexico,1906,20.6,746.8
Mexico,1907,21.0,711.5
Mexico,1908,20.8,678.4
Mexico,1909,20.8,643.3
Mexico,1910,20.8,662.3
Mexico,1911,20.8,687.1
Mexico,1912,20.3,692.0
Mexico,1913,20.3,773.6
Mexico,1914,20.6,753.0
Mexico,1915,20.6,688.0
Mexico,1916,21.0,740.1
Mexico,1917,20.7,584.5
Mexico,1918,20.7,699.3
Mexico,1919,20.3,838.2
Mexico,1920,20.5,641.0
Mexico,1921,21.0,688.0
Mexico,1922,20.8,712.8
Mexico,1923,20.6,722.1
Mexico,1924,20.5,682.2
Mexico,1925,20.7,815.7
Mexico,1926,20.7,767.7
Mexico,1927,21.1,738.3
Mexico,1928,20.8,701.2
Mexico,1929,20.7,671.8
Mexico,1930,20.5,748.2
Mexico,1931,20.6,798.5
Mexico,1932,20.6,785.5
Mexico,1933,21.1,785.6
Mexico,1934,21.3,674.1
Mexico,1935,20.9,768.0
Mexico,1936,20.9,763.2
Mexico,1937,20.9,753.3
Mexico,1938,21.0,681.3
Mexico,1939,21.0,664.5
Mexico,1940,20.9,633.2
Mexico,1941,20.9,824.5
Mexico,1942,21.0,715.6
Mexico,1943,21.1,744.8
Mexico,1944,20.8,724.6
Mexico,1945,21.3,606.7
Mexico,1946,21.3,741.7
Mexico,1947,21.1,740.3
Mexico,1948,21.2,717.8
Mexico,1949,21.1,668.7
Mexico,1950,21.5,650.0
Mexico,1951,21.2,682.1
Mexico,1952,21.0,746.4
Mexico,1953,21.4,617.3
Mexico,1954,21.5,743.1
Mexico,1955,20.9,802.9
Mexico,1956,21.1,654.5
Mexico,1957,21.3,641.2
Mexico,1958,21.0,973.5
Mexico,1959,21.0,759.8
Mexico,1960,20.9,709.1
Mexico,1961,20.9,735.3
Mexico,1962,21.3,661.7
Mexico,1963,21.1,707.4
Mexico,1964,20.8,666.9
Mexico,1965,20.9,719.1
Mexico,1966,20.6,793.5
Mexico,1967,20.9,801.5
Mexico,1968,20.5,771.1
Mexico,1969,21.1,773.9
Mexico,1970,20.7,733.0
Mexico,1971,20.8,759.3
Mexico,1972,21.2,758.1
Mexico,1973,20.7,827.6
Mexico,1974,20.8,710.8
Mexico,1975,20.6,705.7
Mexico,1976,20.3,820.7
Mexico,1977,21.1,643.7
Mexico,1978,20.9,826.4
Mexico,1979,20.6,683.1
Mexico,1980,21.2,704.7
Mexico,1981,21.2,858.0
Mexico,1982,21.2,645.0
Mexico,1983,20.9,802.7
Mexico,1984,20.9,862.1
Mexico,1985,21.0,760.9
Mexico,1986,21.3,710.8
Mexico,1987,20.9,636.5
Mexico,1988,21.0,750.3
Mexico,1989,21.3,710.5
Mexico,1990,21.4,792.6
Mexico,1991,21.3,734.9
Mexico,1992,21.1,764.1
Mexico,1993,21.3,761.6
Mexico,1994,21.7,643.5
Mexico,1995,21.7,743.0
Mexico,1996,21.6,705.0
Mexico,1997,21.2,721.7
Mexico,1998,21.8,777.0
Mexico,1999,21.5,773.9
Mexico,2000,21.7,709.0
Mexico,2001,21.5,673.5
Mexico,2002,21.6,715.1
Mexico,2003,21.7,759.5
Mexico,2004,21.5,817.1
Mexico,2005,21.8,712.5
Mexico,2006,22.0,796.4
Mexico,2007,21.6,764.2
Mexico,2008,21.6,776.1
Mexico,2009,22.0,669.3
Mexico,2010,21.3,806.6
Mexico,2011,22.1,680.4
Mexico,2012,22.3,697.4
Mexico,2013,21.7,907.4
Mexico,2014,21.9,844.5
Mexico,2015,22.1,740.4
Mexico,2016,22.4,778.9
Mexico,2017,22.6,775.6
Mexico,2018,22.2,761.7
Mexico,2019,22.3,708.3
Mexico,2020,22.6,678.2
Mexico,2021,22.3,818.0
Mexico,2022,22.2,731.8
Mexico,2023,22.6,614.6
Mexico,2024,23.1,771.4
Moldova,1901,10.0,585.4
Moldova,1902,8.6,420.2
Moldova,1903,10.2,377.5
Moldova,1904,9.1,409.3
Moldova,1905,9.7,432.1
Moldova,1906,10.1,524.4
Moldova,1907,8.6,434.4
Moldova,1908,8.7,467.8
Moldova,1909,9.4,465.2
Moldova,1910,10.4,541.4
Moldova,1911,9.1,519.6
Moldova,1912,8.7,705.1
Moldova,1913,9.9,451.3
Moldova,1914,9.7,629.4
Moldova,1915,9.7,540.2
Moldova,1916,10.1,496.5
Moldova,1917,9.2,473.8
Moldova,1918,10.1,482.0
Moldova,1919,9.2,609.7
Moldova,1920,9.5,403.4
Moldova,1921,9.6,395.5
Moldova,1922,9.1,611.4
Moldova,1923,10.2,479.3
Moldova,1924,9.0,387.7
Moldova,1925,10.3,464.1
Moldova,1926,9.7,504.0
Moldova,1927,9.5,442.1
Moldova,1928,8.9,461.9
Moldova,1929,8.5,402.5
Moldova,1930,10.2,494.8
Moldova,1931,9.0,491.9
Moldova,1932,9.8,547.7
Moldova,1933,8.2,629.9
Moldova,1934,10.7,385.1
Moldova,1935,9.6,385.0
Moldova,1936,10.5,473.7
Moldova,1937,10.5,550.8
Moldova,1938,10.5,450.2
Moldova,1939,10.5,430.4
Moldova,1940,8.2,612.8
Moldova,1941,8.4,679.2
Moldova,1942,7.8,409.6
Moldova,1943,9.6,526.3
Moldova,1944,10.0,475.1
Moldova,1945,8.9,382.0
Moldova,1946,10.0,403.2
Moldova,1947,9.5,548.5
Moldova,1948,9.8,477.7
Moldova,1949,10.1,537.6
Moldova,1950,10.1,426.9
Moldova,1951,10.5,381.9
Moldova,1952,10.0,537.6
Moldova,1953,9.3,398.7
Moldova,1954,8.9,468.5
Moldova,1955,9.7,626.2
Moldova,1956,8.2,489.6
Moldova,1957,10.1,422.6
Moldova,1958,10.0,544.7
Moldova,1959,9.5,434.6
Moldova,1960,10.4,543.6
Moldova,1961,10.3,460.0
Moldova,1962,10.0,508.5
Moldova,1963,9.3,461.5
Moldova,1964,9.3,482.6
Moldova,1965,8.9,512.6
Moldova,1966,10.9,651.4
Moldova,1967,10.1,446.8
Moldova,1968,10.0,556.3
Moldova,1969,8.8,585.0
Moldova,1970,10.0,646.0
Moldova,1971,10.0,600.8
Moldova,1972,9.9,594.2
Moldova,1973,9.5,420.6
Moldova,1974,10.0,586.5
Moldova,1975,10.9,455.2
Moldova,1976,8.6,556.3
Moldova,1977,9.9,494.9
Moldova,1978,9.1,587.8
Moldova,1979,10.1,540.7
Moldova,1980,8.7,658.1
Moldova,1981,10.2,596.2
Moldova,1982,9.9,412.0
Moldova,1983,10.5,447.9
Moldova,1984,9.6,590.0
Moldova,1985,8.3,536.2
Moldova,1986,9.7,383.2
Moldova,1987,8.4,477.2
Moldova,1988,9.6,586.4
Moldova,1989,10.9,496.5
Moldova,1990,11.0,406.2
Moldova,1991,9.9,531.4
Moldova,1992,10.2,452.3
Moldova,1993,9.4,511.0
Moldova,1994,10.8,392.3
Moldova,1995,10.1,577.0
Moldova,1996,9.3,567.7
Moldova,1997,9.3,623.3
Moldova,1998,10.1,531.8
Moldova,1999,11.1,480.9
Moldova,2000,11.1,443.0
Moldova,2001,10.5,556.0
Moldova,2002,11.0,519.0
Moldova,2003,9.8,424.8
Moldova,2004,10.4,556.0
Moldova,2005,10.4,559.2
Moldova,2006,10.2,491.1
Moldova,2007,11.6,460.5
Moldova,2008,11.2,491.5
Moldova,2009,11.2,440.3
Moldova,2010,10.9,647.5
Moldova,2011,10.4,393.1
Moldova,2012,11.0,520.0
Moldova,2013,11.2,529.2
Moldova,2014,11.1,550.1
Moldova,2015,11.7,428.6
Moldova,2016,11.3,535.4
Moldova,2017,11.2,516.5
Moldova,2018,11.4,510.2
Moldova,2019,12.2,380.4
Moldova,2020,12.3,448.1
Moldova,2021,10.8,587.8
Moldova,2022,11.6,379.6
Moldova,2023,12.5,441.6
Moldova,2024,12.8,559.4
Monaco,1901,11.7,1094.9
Monaco,1902,12.1,778.5
Monaco,1903,12.2,876.5
Monaco,1904,12.8,596.8
Monaco,1905,12.0,886.6
Monaco,1906,12.2,665.8
Monaco,1907,12.1,1029.1
Monaco,1908,12.0,544.8
Monaco,1909,11.6,804.5
Monaco,1910,12.2,944.6
Monaco,1911,12.9,905.8
Monaco,1912,12.1,787.2
Monaco,1913,12.4,778.0
Monaco,1914,12.2,1024.1
Monaco,1915,12.1,891.9
Monaco,1916,12.4,1032.6
Monaco,1917,11.6,805.4
Monaco,1918,12.3,747.9
Monaco,1919,11.8,690.2
Monaco,1920,12.9,1141.0
Monaco,1921,13.1,341.4
Monaco,1922,11.8,703.1
Monaco,1923,12.8,725.9
Monaco,1924,12.3,786.6
Monaco,1925,12.1,695.1
Monaco,1926,13.0,1061.4
Monaco,1927,12.8,763.9
Monaco,1928,13.2,732.9
Monaco,1929,12.4,623.4
Monaco,1930,13.0,937.4
Monaco,1931,12.1,803.7
Monaco,1932,12.4,845.4
Monaco,1933,12.2,881.9
Monaco,1934,13.2,957.3
Monaco,1935,12.4,942.3
Monaco,1936,12.6,1000.5
Monaco,1937,12.9,966.9
Monaco,1938,12.4,721.6
Monaco,1939,12.2,818.4
Monaco,1940,11.9,720.1
Monaco,1941,11.9,990.0
Monaco,1942,12.6,692.6
Monaco,1943,13.6,797.8
Monaco,1944,12.5,582.4
Monaco,1945,13.4,645.7
Monaco,1946,12.9,771.5
Monaco,1947,13.7,799.3
Monaco,1948,13.3,819.9
Monaco,1949,13.4,700.7
Monaco,1950,13.2,662.2
Monaco,1951,12.7,1149.7
Monaco,1952,13.1,711.9
Monaco,1953,12.8,718.5
Monaco,1954,12.4,846.2
Monaco,1955,13.1,756.2
Monaco,1956,11.8,812.0
Monaco,1957,12.6,904.5
Monaco,1958,12.9,840.2
Monaco,1959,13.2,1042.7
Monaco,1960,12.8,1134.8
Monaco,1961,13.4,816.3
Monaco,1962,12.4,685.9
Monaco,1963,12.1,1018.9
Monaco,1964,12.9,748.2
Monaco,1965,12.4,668.9
Monaco,1966,12.9,927.6
Monaco,1967,13.0,482.9
Monaco,1968,12.7,940.3
Monaco,1969,12.4,751.1
Monaco,1970,12.7,689.5
Monaco,1971,12.6,861.2
Monaco,1972,12.4,1159.7
Monaco,1973,12.6,755.6
Monaco,1974,12.7,799.5
Monaco,1975,12.7,969.6
Monaco,1976,12.8,1026.5
Monaco,1977,12.7,1118.1
Monaco,1978,12.3,847.1
Monaco,1979,12.8,1073.7
Monaco,1980,12.1,681.3
Monaco,1981,12.7,737.6
Monaco,1982,13.5,671.6
Monaco,1983,13.2,717.5
Monaco,1984,12.4,941.4
Monaco,1985,12.7,624.5
Monaco,1986,13.0,752.4
Monaco,1987,12.9,883.9
Monaco,1988,13.4,704.8
Monaco,1989,13.7,537.6
Monaco,1990,13.7,692.1
Monaco,1991,12.9,740.2
Monaco,1992,13.2,825.0
Monaco,1993,12.9,742.9
Monaco,1994,14.1,932.4
Monaco,1995,13.5,818.4
Monaco,1996,13.1,953.0
Monaco,1997,14.1,677.1
Monaco,1998,13.5,641.0
Monaco,1999,13.8,803.0
Monaco,2000,14.1,912.5
Monaco,2001,13.8,521.4
Monaco,2002,14.0,1019.8
Monaco,2003,14.3,597.0
Monaco,2004,13.7,628.1
Monaco,2005,13.2,591.5
Monaco,2006,14.2,609.8
Monaco,2007,13.9,500.9
Monaco,2008,13.7,996.6
Monaco,2009,14.2,815.5
Monaco,2010,13.1,948.5
Monaco,2011,14.4,691.3
Monaco,2012,14.0,759.9
Monaco,2013,13.5,884.4
Monaco,2014,14.6,916.2
Monaco,2015,14.4,659.5
Monaco,2016,14.2,712.5
Monaco,2017,14.2,546.1
Monaco,2018,14.8,876.4
Monaco,2019,14.6,839.8
Monaco,2020,14.7,775.7
Monaco,2021,14.0,675.1
Monaco,2022,15.5,521.5
Monaco,2023,15.2,618.4
Monaco,2024,14.9,871.0
Mongolia,1901,-0.9,237.0
Mongolia,1902,-0.8,234.1
Mongolia,1903,-1.1,225.6
Mongolia,1904,-1.1,235.3
Mongolia,1905,-1.0,235.7
Mongolia,1906,-1.0,252.6
Mongolia,1907,-1.1,244.9
Mongolia,1908,-0.9,244.1
Mongolia,1909,-1.4,236.1
Mongolia,1910,-1.5,237.1
Mongolia,1911,-0.7,243.2
Mongolia,1912,-1.6,242.6
Mongolia,1913,-0.9,238.0
Mongolia,1914,-0.4,249.1
Mongolia,1915,-1.3,249.9
Mongolia,1916,-1.4,241.4
Mongolia,1917,-1.0,240.4
Mongolia,1918,-0.7,230.1
Mongolia,1919,-1.0,247.1
Mongolia,1920,-0.8,238.1
Mongolia,1921,-0.5,236.8
Mongolia,1922,-1.2,243.1
Mongolia,1923,-1.0,228.8
Mongolia,1924,-0.7,241.3
Mongolia,1925,-0.4,248.4
Mongolia,1926,-0.3,242.3
Mongolia,1927,-0.8,244.7
Mongolia,1928,-1.2,234.9
Mongolia,1929,-1.3,247.5
Mongolia,1930,-1.2,253.4
Mongolia,1931,-1.4,248.6
Mongolia,1932,-0.0,274.5
Mongolia,1933,-1.4,245.6
Mongolia,1934,-1.2,238.5
Mongolia,1935,-1.0,235.0
Mongolia,1936,-1.6,246.9
Mongolia,1937,-1.7,254.2
Mongolia,1938,-0.8,252.7
Mongolia,1939,-0.3,237.8
Mongolia,1940,-0.7,265.4
Mongolia,1941,-0.5,230.9
Mongolia,1942,-0.7,220.9
Mongolia,1943,-0.7,263.1
Mongolia,1944,-1.5,179.1
Mongolia,1945,-1.1,249.1
Mongolia,1946,-0.5,219.8
Mongolia,1947,-2.2,229.5
Mongolia,1948,-0.4,250.6
Mongolia,1949,-0.8,228.5
Mongolia,1950,-0.9,251.4
Mongolia,1951,-0.9,210.2
Mongolia,1952,-1.5,253.7
Mongolia,1953,-0.8,251.8
Mongolia,1954,-1.6,248.7
Mongolia,1955,-0.8,273.2
Mongolia,1956,-2.0,240.2
Mongolia,1957,-1.6,227.7
Mongolia,1958,-0.2,262.0
Mongolia,1959,-0.9,300.4
Mongolia,1960,-0.9,257.9
Mongolia,1961,-0.5,257.2
Mongolia,1962,-0.4,242.8
Mongolia,1963,0.3,237.7
Mongolia,1964,-1.0,309.7
Mongolia,1965,-0.0,209.7
Mongolia,1966,-0.8,253.5
Mongolia,1967,-1.0,273.6
Mongolia,1968,-1.1,235.3
Mongolia,1969,-1.8,242.5
Mongolia,1970,-1.4,237.0
Mongolia,1971,-0.8,242.6
Mongolia,1972,-0.3,206.4
Mongolia,1973,0.0,290.2
Mongolia,1974,-1.1,240.3
Mongolia,1975,-0.0,247.9
Mongolia,1976,-1.0,264.3
Mongolia,1977,-0.4,236.0
Mongolia,1978,0.1,202.8
Mongolia,1979,0.4,238.1
Mongolia,1980,-0.5,195.6
Mongolia,1981,-0.7,224.7
Mongolia,1982,0.3,222.0
Mongolia,1983,-0.3,245.0
Mongolia,1984,-1.4,273.6
Mongolia,1985,-1.1,240.4
Mongolia,1986,-0.4,256.0
Mongolia,1987,-0.4,254.8
Mongolia,1988,-0.2,245.2
Mongolia,1989,0.6,228.5
Mongolia,1990,0.6,303.2
Mongolia,1991,-0.2,263.9
Mongolia,1992,0.1,236.3
Mongolia,1993,-0.3,296.5
Mongolia,1994,0.6,303.4
Mongolia,1995,0.9,226.1
Mongolia,1996,-0.1,230.7
Mongolia,1997,0.9,233.8
Mongolia,1998,1.6,288.8
Mongolia,1999,1.1,228.5
Mongolia,2000,0.2,230.3
Mongolia,2001,0.8,216.8
Mongolia,2002,1.3,202.0
Mongolia,2003,0.3,272.5
Mongolia,2004,1.2,187.4
Mongolia,2005,-0.2,206.5
Mongolia,2006,1.0,202.9
Mongolia,2007,2.3,201.5
Mongolia,2008,1.2,233.5
Mongolia,2009,0.5,217.0
Mongolia,2010,-0.6,235.5
Mongolia,2011,-0.1,224.9
Mongolia,2012,-0.7,280.1
Mongolia,2013,0.9,289.0
Mongolia,2014,1.2,231.0
Mongolia,2015,1.6,205.1
Mongolia,2016,0.7,280.7
Mongolia,2017,1.8,195.9
Mongolia,2018,1.1,282.4
Mongolia,2019,1.3,239.0
Mongolia,2020,1.3,281.9
Mongolia,2021,1.8,297.2
Mongolia,2022,0.9,207.2
Mongolia,2023,1.4,268.1
Mongolia,2024,2.0,289.0
Montenegro,1901,8.6,1428.8
Montenegro,1902,8.4,1451.8
Montenegro,1903,9.1,1225.0
Montenegro,1904,9.3,1170.1
Montenegro,1905,8.9,1346.0
Montenegro,1906,8.9,1327.8
Montenegro,1907,8.7,1210.0
Montenegro,1908,8.5,1208.7
Montenegro,1909,8.6,1474.1
Montenegro,1910,9.3,1678.2
Montenegro,1911,9.5,1171.6
Montenegro,1912,8.6,1404.9
Montenegro,1913,8.9,1234.0
Montenegro,1914,8.5,1423.3
Montenegro,1915,8.9,1923.4
Montenegro,1916,9.7,1428.2
Montenegro,1917,8.8,1247.7
Montenegro,1918,9.1,1123.1
Montenegro,1919,8.6,1488.7
Montenegro,1920,9.5,1169.0
Montenegro,1921,9.5,1083.7
Montenegro,1922,8.5,1420.5
Montenegro,1923,9.5,1496.8
Montenegro,1924,8.7,1356.7
Montenegro,1925,9.1,1507.4
Montenegro,1926,9.8,1391.5
Montenegro,1927,9.6,1392.0
Montenegro,1928,9.3,1222.9
Montenegro,1929,8.6,1280.7
Montenegro,1930,9.8,1359.3
Montenegro,1931,8.7,1353.1
Montenegro,1932,8.9,1305.1
Montenegro,1933,8.1,1447.1
Montenegro,1934,10.2,1292.8
Montenegro,1935,9.0,1209.3
Montenegro,1936,9.5,1350.2
Montenegro,1937,9.4,1777.9
Montenegro,1938,9.2,1112.2
Montenegro,1939,9.3,1516.7
Montenegro,1940,7.6,1511.5
Montenegro,1941,8.2,1538.3
Montenegro,1942,8.6,1339.7
Montenegro,1943,9.6,1299.4
Montenegro,1944,8.9,1467.9
Montenegro,1945,9.5,1044.4
Montenegro,1946,9.8,1083.7
Montenegro,1947,9.6,1091.0
Montenegro,1948,9.5,1143.5
Montenegro,1949,9.6,1223.3
Montenegro,1950,9.9,1170.3
Montenegro,1951,10.2,1330.8
Montenegro,1952,9.7,1357.3
Montenegro,1953,9.3,1030.9
Montenegro,1954,8.5,1344.2
Montenegro,1955,9.0,1503.4
Montenegro,1956,8.3,1224.3
Montenegro,1957,9.6,1253.7
Montenegro,1958,9.6,1370.3
Montenegro,1959,9.3,1444.8
Montenegro,1960,9.5,1485.6
Montenegro,1961,10.0,1161.1
Montenegro,1962,8.9,1344.3
Montenegro,1963,9.0,1476.2
Montenegro,1964,8.9,1392.8
Montenegro,1965,8.5,1215.4
Montenegro,1966,9.5,1520.3
Montenegro,1967,9.4,1234.3
Montenegro,1968,9.3,1407.9
Montenegro,1969,8.9,1547.5
Montenegro,1970,8.9,1462.1
Montenegro,1971,9.1,1197.4
Montenegro,1972,9.2,1318.2
Montenegro,1973,8.9,1245.4
Montenegro,1974,9.4,1448.5
Montenegro,1975,9.5,1036.7
Montenegro,1976,8.7,1561.1
Montenegro,1977,9.5,1197.8
Montenegro,1978,8.5,1483.1
Montenegro,1979,9.4,1639.1
Montenegro,1980,8.2,1469.5
Montenegro,1981,9.1,1437.7
Montenegro,1982,9.6,1176.7
Montenegro,1983,9.6,1019.1
Montenegro,1984,8.8,1365.7
Montenegro,1985,8.9,1250.8
Montenegro,1986,9.3,1279.7
Montenegro,1987,9.0,1332.0
Montenegro,1988,9.5,1172.2
Montenegro,1989,9.7,1050.7
Montenegro,1990,10.0,1019.1
Montenegro,1991,9.0,1304.5
Montenegro,1992,10.0,1117.1
Montenegro,1993,9.5,1170.6
Montenegro,1994,10.6,1065.9
Montenegro,1995,9.4,1497.4
Montenegro,1996,9.0,1637.4
Montenegro,1997,9.5,1137.4
Montenegro,1998,9.8,1310.7
Montenegro,1999,10.1,1536.4
Montenegro,2000,10.7,1111.6
Montenegro,2001,9.9,1266.0
Montenegro,2002,10.6,1338.5
Montenegro,2003,10.0,1110.9
Montenegro,2004,9.6,1562.7
Montenegro,2005,9.2,1542.1
Montenegro,2006,9.9,1206.1
Montenegro,2007,10.7,1320.2
Montenegro,2008,10.6,1341.3
Montenegro,2009,10.6,1552.3
Montenegro,2010,9.7,1874.4
Montenegro,2011,10.3,927.1
Montenegro,2012,10.6,1243.0
Montenegro,2013,10.5,1550.2
Montenegro,2014,11.1,1730.1
Montenegro,2015,11.0,1236.8
Montenegro,2016,10.6,1462.0
Montenegro,2017,10.6,1180.8
Montenegro,2018,11.3,1239.3
Montenegro,2019,11.4,1539.4
Montenegro,2020,11.0,1223.5
Montenegro,2021,10.4,1405.4
Montenegro,2022,11.3,1110.1
Montenegro,2023,11.6,1517.6
Montenegro,2024,12.0,1180.1
Montserrat,1901,25.2,1623.9
Montserrat,1902,24.8,1721.8
Montserrat,1903,24.8,1653.8
Montserrat,1904,24.4,1546.3
Montserrat,1905,24.7,1540.7
Montserrat,1906,24.5,1608.9
Montserrat,1907,24.2,1444.1
Montserrat,1908,24.4,1409.9
Montserrat,1909,24.3,1619.6
Montserrat,1910,24.4,1599.8
Montserrat,1911,24.3,1612.4
Montserrat,1912,24.5,1588.5
Montserrat,1913,24.1,1600.6
Montserrat,1914,24.4,1602.0
Montserrat,1915,24.9,1609.9
Montserrat,1916,24.6,1623.8
Montserrat,1917,24.4,1600.3
Montserrat,1918,24.5,1590.0
Montserrat,1919,24.5,1617.3
Montserrat,1920,24.3,1596.1
Montserrat,1921,24.3,1611.6
Montserrat,1922,24.2,1597.9
Montserrat,1923,24.7,1587.8
Montserrat,1924,25.0,1596.4
Montserrat,1925,24.5,1592.6
Montserrat,1926,25.1,1589.4
Montserrat,1927,24.8,1614.1
Montserrat,1928,24.8,1620.8
Montserrat,1929,24.4,1601.5
Montserrat,1930,24.6,1597.4
Montserrat,1931,25.2,1651.1
Montserrat,1932,25.2,1650.4
Montserrat,1933,24.9,1757.3
Montserrat,1934,24.8,1334.6
Montserrat,1935,24.6,1530.6
Montserrat,1936,24.8,1733.9
Montserrat,1937,25.1,1336.0
Montserrat,1938,24.7,1648.1
Montserrat,1939,24.9,1364.2
Montserrat,1940,25.5,1338.7
Montserrat,1941,25.5,1507.6
Montserrat,1942,25.5,1703.9
Montserrat,1943,25.0,1470.7
Montserrat,1944,25.2,1598.9
Montserrat,1945,24.7,1475.4
Montserrat,1946,24.9,1394.9
Montserrat,1947,25.1,1341.5
Montserrat,1948,25.1,1634.6
Montserrat,1949,24.7,1606.8
Montserrat,1950,24.6,1643.5
Montserrat,1951,24.8,1642.7
Montserrat,1952,24.8,1940.5
Montserrat,1953,24.8,1627.3
Montserrat,1954,24.5,1881.1
Montserrat,1955,24.4,1854.1
Montserrat,1956,24.3,1749.1
Montserrat,1957,24.7,1510.3
Montserrat,1958,25.2,2020.8
Montserrat,1959,24.8,1532.5
Montserrat,1960,24.9,1805.7
Montserrat,1961,24.7,1494.8
Montserrat,1962,24.8,1610.1
Montserrat,1963,25.0,1567.4
Montserrat,1964,24.7,1436.0
Montserrat,1965,24.8,1559.9
Montserrat,1966,25.1,1723.5
Montserrat,1967,24.7,1538.8
Montserrat,1968,24.8,1421.5
Montserrat,1969,25.3,1837.7
Montserrat,1970,25.0,1846.4
Montserrat,1971,24.6,1515.3
Montserrat,1972,24.9,1545.6
Montserrat,1973,25.1,1206.8
Montserrat,1974,24.6,1491.8
Montserrat,1975,24.6,1579.3
Montserrat,1976,24.6,1392.7
Montserrat,1977,25.1,1493.1
Montserrat,1978,25.1,1479.0
Montserrat,1979,25.3,2071.3
Montserrat,1980,25.7,1517.5
Montserrat,1981,25.7,1725.3
Montserrat,1982,25.5,1629.4
Montserrat,1983,26.0,1577.2
Montserrat,1984,25.4,1690.1
Montserrat,1985,25.3,1511.2
Montserrat,1986,25.4,1688.6
Montserrat,1987,26.1,1905.9
Montserrat,1988,25.7,1849.5
Montserrat,1989,25.3,1913.0
Montserrat,1990,25.5,1690.2
Montserrat,1991,25.5,1518.7
Montserrat,1992,25.6,1954.6
Montserrat,1993,25.8,1509.0
Montserrat,1994,25.6,1335.3
Montserrat,1995,25.9,1543.9
Montserrat,1996,25.8,1781.3
Montserrat,1997,26.2,1525.9
Montserrat,1998,26.6,1911.1
Montserrat,1999,26.0,1673.7
Montserrat,2000,25.8,1347.5
Montserrat,2001,26.2,1569.4
Montserrat,2002,26.1,1624.9
Montserrat,2003,26.2,1609.3
Montserrat,2004,25.8,2026.7
Montserrat,2005,26.1,2066.3
Montserrat,2006,25.9,1995.8
Montserrat,2007,25.8,1604.2
Montserrat,2008,25.5,2018.7
Montserrat,2009,25.9,1385.2
Montserrat,2010,26.2,1972.5
Montserrat,2011,25.8,1843.6
Montserrat,2012,25.9,1591.7
Montserrat,2013,26.0,1575.3
Montserrat,2014,26.0,1591.2
Montserrat,2015,26.3,1041.7
Montserrat,2016,26.3,1747.4
Montserrat,2017,26.0,1793.2
Montserrat,2018,25.7,1545.3
Montserrat,2019,26.0,1579.5
Montserrat,2020,26.1,1564.1
Montserrat,2021,26.0,1362.2
Montserrat,2022,25.8,1501.0
Montserrat,2023,26.3,1657.9
Montserrat,2024,26.8,1905.1
Morocco,1901,16.9,483.2
Morocco,1902,16.8,411.0
Morocco,1903,16.8,319.5
Morocco,1904,17.0,442.1
Morocco,1905,16.7,362.9
Morocco,1906,16.7,359.2
Morocco,1907,16.6,389.9
Morocco,1908,16.8,343.7
Morocco,1909,16.6,405.5
Morocco,1910,16.6,315.2
Morocco,1911,16.6,390.0
Morocco,1912,16.7,442.9
Morocco,1913,16.7,271.5
Morocco,1914,16.5,455.4
Morocco,1915,16.7,365.7
Morocco,1916,16.7,385.8
Morocco,1917,16.3,377.9
Morocco,1918,16.5,358.9
Morocco,1919,16.7,350.0
Morocco,1920,16.8,348.8
Morocco,1921,16.7,370.9
Morocco,1922,16.7,346.2
Morocco,1923,16.8,356.1
Morocco,1924,17.2,349.6
Morocco,1925,16.4,321.4
Morocco,1926,17.7,341.1
Morocco,1927,17.1,398.2
Morocco,1928,17.0,363.9
Morocco,1929,17.1,283.7
Morocco,1930,17.3,336.5
Morocco,1931,16.9,267.8
Morocco,1932,16.5,341.4
Morocco,1933,17.0,447.9
Morocco,1934,16.6,326.0
Morocco,1935,16.9,265.0
Morocco,1936,16.8,432.3
Morocco,1937,17.7,353.8
Morocco,1938,17.2,357.0
Morocco,1939,16.8,382.9
Morocco,1940,17.4,397.4
Morocco,1941,17.2,392.4
Morocco,1942,17.3,452.1
Morocco,1943,17.3,384.6
Morocco,1944,17.2,272.8
Morocco,1945,18.0,233.4
Morocco,1946,17.2,348.2
Morocco,1947,17.6,324.0
Morocco,1948,17.8,333.6
Morocco,1949,17.7,385.7
Morocco,1950,17.5,314.6
Morocco,1951,17.0,387.5
Morocco,1952,17.3,309.5
Morocco,1953,17.4,388.3
Morocco,1954,16.9,339.1
Morocco,1955,18.1,435.5
Morocco,1956,16.3,431.7
Morocco,1957,16.9,424.1
Morocco,1958,17.3,324.5
Morocco,1959,17.1,327.8
Morocco,1960,17.2,440.7
Morocco,1961,17.9,277.6
Morocco,1962,17.3,425.6
Morocco,1963,16.9,562.7
Morocco,1964,17.4,338.9
Morocco,1965,16.9,438.4
Morocco,1966,17.0,249.2
Morocco,1967,16.8,407.4
Morocco,1968,17.0,397.2
Morocco,1969,16.7,489.0
Morocco,1970,17.1,376.6
Morocco,1971,16.3,454.4
Morocco,1972,16.2,414.8
Morocco,1973,16.8,340.4
Morocco,1974,16.8,294.0
Morocco,1975,16.7,334.4
Morocco,1976,16.6,483.2
Morocco,1977,16.9,375.7
Morocco,1978,17.2,339.6
Morocco,1979,17.0,383.4
Morocco,1980,17.2,343.2
Morocco,1981,17.5,197.8
Morocco,1982,17.2,337.6
Morocco,1983,17.6,218.3
Morocco,1984,16.9,214.3
Morocco,1985,17.6,330.7
Morocco,1986,17.1,289.0
Morocco,1987,17.8,394.5
Morocco,1988,17.5,377.0
Morocco,1989,17.9,431.5
Morocco,1990,17.8,306.2
Morocco,1991,17.1,364.4
Morocco,1992,17.2,281.1
Morocco,1993,16.8,305.5
Morocco,1994,17.7,235.7
Morocco,1995,18.2,292.5
Morocco,1996,17.4,593.3
Morocco,1997,18.1,381.1
Morocco,1998,17.8,248.5
Morocco,1999,17.5,324.3
Morocco,2000,17.8,276.7
Morocco,2001,18.1,269.3
Morocco,2002,17.9,367.1
Morocco,2003,18.1,397.7
Morocco,2004,17.8,313.0
Morocco,2005,17.7,255.6
Morocco,2006,18.1,363.9
Morocco,2007,17.7,283.1
Morocco,2008,17.7,396.8
Morocco,2009,18.2,381.1
Morocco,2010,18.3,526.5
Morocco,2011,18.1,393.2
Morocco,2012,18.0,346.8
Morocco,2013,17.8,296.3
Morocco,2014,18.2,331.9
Morocco,2015,18.3,246.3
Morocco,2016,18.4,311.6
Morocco,2017,18.6,238.4
Morocco,2018,17.5,453.9
Morocco,2019,18.0,241.2
Morocco,2020,18.5,243.2
Morocco,2021,18.3,282.3
Morocco,2022,18.9,276.7
Morocco,2023,18.9,212.5
Morocco,2024,19.0,227.7
Mozambique,1901,23.8,1084.1
Mozambique,1902,24.0,953.4
Mozambique,1903,24.1,885.2
Mozambique,1904,23.6,1137.3
Mozambique,1905,24.0,923.4
Mozambique,1906,23.6,976.3
Mozambique,1907,23.5,1175.5
Mozambique,1908,23.9,972.9
Mozambique,1909,23.7,948.8
Mozambique,1910,23.4,1001.7
Mozambique,1911,23.5,1058.1
Mozambique,1912,23.9,856.9
Mozambique,1913,24.1,968.3
Mozambique,1914,24.3,1005.7
Mozambique,1915,24.1,927.8
Mozambique,1916,24.1,1036.5
Mozambique,1917,24.0,1008.0
Mozambique,1918,23.6,1121.9
Mozambique,1919,23.7,906.8
Mozambique,1920,24.1,1070.6
Mozambique,1921,23.8,1020.4
Mozambique,1922,24.3,788.5
Mozambique,1923,24.1,1106.8
Mozambique,1924,23.8,830.0
Mozambique,1925,23.8,1253.9
Mozambique,1926,24.0,1071.0
Mozambique,1927,23.8,991.9
Mozambique,1928,24.2,943.3
Mozambique,1929,24.1,1111.0
Mozambique,1930,23.7,869.9
Mozambique,1931,24.3,1028.5
Mozambique,1932,23.8,917.3
Mozambique,1933,23.8,878.1
Mozambique,1934,24.0,1108.9
Mozambique,1935,23.4,916.0
Mozambique,1936,23.7,1111.3
Mozambique,1937,23.8,940.8
Mozambique,1938,24.0,896.5
Mozambique,1939,23.5,1178.6
Mozambique,1940,24.0,996.9
Mozambique,1941,24.5,809.3
Mozambique,1942,24.3,954.3
Mozambique,1943,23.9,931.3
Mozambique,1944,24.1,967.1
Mozambique,1945,23.6,989.5
Mozambique,1946,23.9,1122.7
Mozambique,1947,24.1,1004.7
Mozambique,1948,24.1,974.5
Mozambique,1949,24.2,833.3
Mozambique,1950,23.9,1124.0
Mozambique,1951,23.8,922.9
Mozambique,1952,24.1,1158.5
Mozambique,1953,23.8,1055.2
Mozambique,1954,24.0,963.3
Mozambique,1955,23.7,1104.7
Mozambique,1956,23.7,1191.8
Mozambique,1957,24.4,954.4
Mozambique,1958,24.2,1054.7
Mozambique,1959,24.2,950.6
Mozambique,1960,23.9,936.1
Mozambique,1961,24.1,1058.3
Mozambique,1962,23.9,1183.3
Mozambique,1963,23.4,1115.2
Mozambique,1964,23.6,860.9
Mozambique,1965,23.4,1027.5
Mozambique,1966,24.0,922.5
Mozambique,1967,23.8,1086.9
Mozambique,1968,23.7,938.6
Mozambique,1969,24.2,1045.9
Mozambique,1970,24.2,869.0
Mozambique,1971,23.8,1024.9
Mozambique,1972,23.8,995.4
Mozambique,1973,24.0,921.2
Mozambique,1974,23.4,1203.9
Mozambique,1975,23.6,894.5
Mozambique,1976,23.6,1095.4
Mozambique,1977,24.1,999.3
Mozambique,1978,23.8,1247.5
Mozambique,1979,23.9,956.3
Mozambique,1980,23.8,950.4
Mozambique,1981,23.5,975.3
Mozambique,1982,23.8,991.8
Mozambique,1983,24.7,852.4
Mozambique,1984,24.1,1061.9
Mozambique,1985,23.9,1117.0
Mozambique,1986,23.9,1062.6
Mozambique,1987,24.5,797.3
Mozambique,1988,24.1,966.1
Mozambique,1989,23.9,1167.3
Mozambique,1990,24.3,822.7
Mozambique,1991,24.3,994.1
Mozambique,1992,24.8,692.2
Mozambique,1993,24.5,990.2
Mozambique,1994,24.2,831.8
Mozambique,1995,24.7,846.0
Mozambique,1996,24.2,1048.6
Mozambique,1997,24.3,1151.4
Mozambique,1998,24.8,971.9
Mozambique,1999,24.2,1144.9
Mozambique,2000,24.1,1205.7
Mozambique,2001,24.4,1147.5
Mozambique,2002,24.5,869.3
Mozambique,2003,24.6,935.4
Mozambique,2004,24.5,1091.2
Mozambique,2005,25.1,829.2
Mozambique,2006,24.5,919.5
Mozambique,2007,24.6,990.8
Mozambique,2008,24.5,975.1
Mozambique,2009,24.6,909.5
Mozambique,2010,24.9,920.2
Mozambique,2011,24.4,1001.8
Mozambique,2012,24.6,958.6
Mozambique,2013,24.4,1014.3
Mozambique,2014,24.5,969.4
Mozambique,2015,24.9,886.7
Mozambique,2016,24.8,850.2
Mozambique,2017,24.6,1154.4
Mozambique,2018,24.7,1025.7
Mozambique,2019,24.9,1133.1
Mozambique,2020,24.8,855.2
Mozambique,2021,24.7,865.7
Mozambique,2022,24.6,1154.9
Mozambique,2023,24.9,988.0
Mozambique,2024,25.3,863.9
Myanmar,1901,23.6,2116.3
Myanmar,1902,23.4,2180.2
Myanmar,1903,23.4,2071.2
Myanmar,1904,23.2,2281.2
Myanmar,1905,23.2,2197.6
Myanmar,1906,23.6,2103.8
Myanmar,1907,23.3,2031.6
Myanmar,1908,23.4,2223.4
Myanmar,1909,23.5,2243.4
Myanmar,1910,23.2,2436.8
Myanmar,1911,23.2,2137.3
Myanmar,1912,23.3,2198.2
Myanmar,1913,23.2,2210.3
Myanmar,1914,23.2,2214.6
Myanmar,1915,23.5,2411.6
Myanmar,1916,23.4,2213.4
Myanmar,1917,23.2,2283.8
Myanmar,1918,23.2,2172.3
Myanmar,1919,23.7,2198.0
Myanmar,1920,23.5,1952.6
Myanmar,1921,23.6,2275.3
Myanmar,1922,23.7,2243.5
Myanmar,1923,23.5,2125.4
Myanmar,1924,23.7,2213.7
Myanmar,1925,23.2,2194.0
Myanmar,1926,23.7,2128.1
Myanmar,1927,23.5,2286.7
Myanmar,1928,23.7,2296.5
Myanmar,1929,23.7,2122.8
Myanmar,1930,23.5,2122.5
Myanmar,1931,23.9,1929.4
Myanmar,1932,23.6,2266.9
Myanmar,1933,23.7,2094.8
Myanmar,1934,23.5,2111.7
Myanmar,1935,23.8,2240.6
Myanmar,1936,23.5,2041.6
Myanmar,1937,23.7,2247.6
Myanmar,1938,23.4,2576.5
Myanmar,1939,23.3,2447.0
Myanmar,1940,23.3,2153.8
Myanmar,1941,23.9,2110.2
Myanmar,1942,23.7,2281.2
Myanmar,1943,23.4,2158.1
Myanmar,1944,23.5,2211.8
Myanmar,1945,23.5,2106.4
Myanmar,1946,23.8,2021.0
Myanmar,1947,23.8,2197.6
Myanmar,1948,23.4,2201.1
Myanmar,1949,23.3,1988.0
Myanmar,1950,23.3,2164.7
Myanmar,1951,23.4,2215.0
Myanmar,1952,23.4,2222.8
Myanmar,1953,23.5,2265.0
Myanmar,1954,23.3,2004.4
Myanmar,1955,23.0,2364.4
Myanmar,1956,23.0,2169.1
Myanmar,1957,23.4,2016.7
Myanmar,1958,23.6,2058.9
Myanmar,1959,23.4,2423.0
Myanmar,1960,23.7,1987.2
Myanmar,1961,23.3,2441.4
Myanmar,1962,23.2,1952.7
Myanmar,1963,23.2,2250.1
Myanmar,1964,23.3,2176.1
Myanmar,1965,23.2,2317.8
Myanmar,1966,23.7,2191.1
Myanmar,1967,23.2,2123.4
Myanmar,1968,23.3,2305.3
Myanmar,1969,23.6,2139.3
Myanmar,1970,23.4,2387.2
Myanmar,1971,22.9,2267.9
Myanmar,1972,23.4,2004.7
Myanmar,1973,23.6,2396.1
Myanmar,1974,23.1,2374.3
Myanmar,1975,23.3,2219.7
Myanmar,1976,23.2,2132.9
Myanmar,1977,23.2,2029.9
Myanmar,1978,23.5,2139.9
Myanmar,1979,23.9,1908.9
Myanmar,1980,23.7,2216.8
Myanmar,1981,23.3,2144.4
Myanmar,1982,23.2,1907.3
Myanmar,1983,23.3,2160.5
Myanmar,1984,23.3,1894.5
Myanmar,1985,23.4,2034.7
Myanmar,1986,23.4,1780.0
Myanmar,1987,23.9,1886.6
Myanmar,1988,23.9,2286.2
Myanmar,1989,23.6,1990.6
Myanmar,1990,23.8,1996.1
Myanmar,1991,23.8,2090.0
Myanmar,1992,23.4,2092.0
Myanmar,1993,23.5,1872.3
Myanmar,1994,23.8,2191.7
Myanmar,1995,23.8,2169.4
Myanmar,1996,23.6,2285.2
Myanmar,1997,23.6,2069.5
Myanmar,1998,24.3,2050.3
Myanmar,1999,23.8,2266.5
Myanmar,2000,23.5,2182.6
Myanmar,2001,23.9,2163.8
Myanmar,2002,23.9,2279.3
Myanmar,2003,23.8,2020.1
Myanmar,2004,23.7,2131.2
Myanmar,2005,24.1,2037.8
Myanmar,2006,24.0,2321.8
Myanmar,2007,23.8,2326.3
Myanmar,2008,23.6,2161.9
Myanmar,2009,24.1,2059.4
Myanmar,2010,24.5,2217.5
Myanmar,2011,23.6,2463.9
Myanmar,2012,24.0,1918.5
Myanmar,2013,23.8,2209.6
Myanmar,2014,24.0,1746.1
Myanmar,2015,24.0,2035.5
Myanmar,2016,24.2,2315.6
Myanmar,2017,23.9,2476.8
Myanmar,2018,23.7,2143.6
Myanmar,2019,24.3,1940.7
Myanmar,2020,24.1,2092.7
Myanmar,2021,24.1,2142.3
Myanmar,2022,23.9,2172.9
Myanmar,2023,24.5,2201.6
Myanmar,2024,24.6,2102.9
Namibia,1901,19.7,274.8
Namibia,1902,19.7,273.1
Namibia,1903,19.7,228.9
Namibia,1904,19.6,292.2
Namibia,1905,19.7,255.9
Namibia,1906,19.6,285.6
Namibia,1907,19.6,346.0
Namibia,1908,19.7,220.8
Namibia,1909,19.7,469.7
Namibia,1910,19.7,289.8
Namibia,1911,19.7,195.3
Namibia,1912,19.8,347.4
Namibia,1913,19.8,249.4
Namibia,1914,19.8,251.6
Namibia,1915,19.8,268.3
Namibia,1916,19.8,297.1
Namibia,1917,19.7,361.4
Namibia,1918,19.6,342.2
Namibia,1919,19.7,223.4
Namibia,1920,19.8,247.6
Namibia,1921,19.7,335.3
Namibia,1922,19.9,156.3
Namibia,1923,19.8,402.8
Namibia,1924,19.7,211.4
Namibia,1925,19.7,390.4
Namibia,1926,19.7,237.7
Namibia,1927,19.9,223.4
Namibia,1928,19.9,226.2
Namibia,1929,19.9,197.4
Namibia,1930,19.8,166.2
Namibia,1931,20.0,261.4
Namibia,1932,20.0,180.1
Namibia,1933,20.2,180.0
Namibia,1934,19.8,558.2
Namibia,1935,19.5,231.0
Namibia,1936,19.7,261.7
Namibia,1937,19.8,341.5
Namibia,1938,19.7,331.0
Namibia,1939,19.7,313.0
Namibia,1940,20.0,286.4
Namibia,1941,20.3,161.2
Namibia,1942,20.1,360.4
Namibia,1943,19.6,256.7
Namibia,1944,20.0,321.2
Namibia,1945,20.4,270.3
Namibia,1946,20.1,146.6
Namibia,1947,20.1,309.5
Namibia,1948,19.9,237.7
Namibia,1949,20.2,257.0
Namibia,1950,19.8,515.1
Namibia,1951,19.7,305.3
Namibia,1952,19.9,223.6
Namibia,1953,19.6,344.8
Namibia,1954,19.4,403.7
Namibia,1955,19.2,308.7
Namibia,1956,19.4,366.7
Namibia,1957,19.8,362.0
Namibia,1958,19.8,259.7
Namibia,1959,19.8,208.5
Namibia,1960,19.9,260.1
Namibia,1961,19.8,268.0
Namibia,1962,19.9,187.3
Namibia,1963,19.7,421.6
Namibia,1964,19.6,143.0
Namibia,1965,19.7,229.8
Namibia,1966,20.0,313.7
Namibia,1967,19.6,390.4
Namibia,1968,19.5,296.1
Namibia,1969,20.0,273.5
Namibia,1970,20.0,218.4
Namibia,1971,19.7,314.6
Namibia,1972,20.0,287.4
Namibia,1973,20.0,242.7
Namibia,1974,19.2,530.8
Namibia,1975,19.5,272.1
Namibia,1976,19.0,453.5
Namibia,1977,19.7,364.7
Namibia,1978,19.6,380.1
Namibia,1979,20.0,320.2
Namibia,1980,20.1,262.9
Namibia,1981,19.7,168.7
Namibia,1982,20.1,268.1
Namibia,1983,20.2,238.5
Namibia,1984,20.3,226.6
Namibia,1985,20.3,258.4
Namibia,1986,20.1,263.1
Namibia,1987,20.4,227.9
Namibia,1988,19.9,291.9
Namibia,1989,19.9,238.4
Namibia,1990,20.1,270.3
Namibia,1991,19.9,310.6
Namibia,1992,20.3,135.1
Namibia,1993,20.3,289.9
Namibia,1994,20.1,226.1
Namibia,1995,20.3,164.4
Namibia,1996,19.9,201.5
Namibia,1997,20.1,323.6
Namibia,1998,20.4,176.2
Namibia,1999,20.4,270.0
Namibia,2000,20.1,314.8
Namibia,2001,20.1,288.6
Namibia,2002,20.2,290.7
Namibia,2003,20.3,283.7
Namibia,2004,20.5,285.7
Namibia,2005,20.5,262.7
Namibia,2006,20.2,418.1
Namibia,2007,20.3,275.9
Namibia,2008,20.4,282.0
Namibia,2009,20.6,346.8
Namibia,2010,20.5,276.2
Namibia,2011,20.3,493.9
Namibia,2012,20.2,322.4
Namibia,2013,20.5,228.4
Namibia,2014,20.6,317.6
Namibia,2015,20.9,220.1
Namibia,2016,20.8,227.4
Namibia,2017,20.3,290.3
Namibia,2018,20.2,286.9
Namibia,2019,20.6,282.2
Namibia,2020,20.2,288.3
Namibia,2021,20.0,278.4
Namibia,2022,20.1,277.9
Namibia,2023,20.4,240.3
Namibia,2024,20.8,216.9
Nauru,1901,27.7,2434.5
Nauru,1902,27.7,2434.5
Nauru,1903,27.7,2434.5
Nauru,1904,27.7,2434.5
Nauru,1905,27.7,2894.5
Nauru,1906,27.7,2296.8
Nauru,1907,27.7,2360.3
Nauru,1908,27.7,2296.5
Nauru,1909,27.7,2122.9
Nauru,1910,27.7,2174.1
Nauru,1911,27.7,2862.1
Nauru,1912,27.7,2741.9
Nauru,1913,27.7,2436.6
Nauru,1914,27.7,2911.7
Nauru,1915,27.7,2433.2
Nauru,1916,27.7,2077.5
Nauru,1917,27.7,2091.2
Nauru,1918,27.7,2648.8
Nauru,1919,27.7,3045.1
Nauru,1920,27.7,2439.6
Nauru,1921,27.4,2263.5
Nauru,1922,27.5,2307.4
Nauru,1923,27.3,2598.3
Nauru,1924,27.3,2277.0
Nauru,1925,28.0,2319.0
Nauru,1926,27.7,2576.4
Nauru,1927,28.8,2237.5
Nauru,1928,28.7,2229.3
Nauru,1929,28.4,2516.5
Nauru,1930,27.9,2762.5
Nauru,1931,28.2,2477.2
Nauru,1932,28.4,1830.7
Nauru,1933,28.2,2019.5
Nauru,1934,28.3,1113.7
Nauru,1935,28.3,2328.7
Nauru,1936,27.7,2433.0
Nauru,1937,27.9,1685.0
Nauru,1938,27.6,1019.8
Nauru,1939,27.5,2387.8
Nauru,1940,27.3,2884.6
Nauru,1941,27.5,2741.3
Nauru,1942,27.7,2434.5
Nauru,1943,27.7,2434.5
Nauru,1944,27.7,1510.8
Nauru,1945,27.7,1359.1
Nauru,1946,27.7,3872.7
Nauru,1947,27.6,1215.1
Nauru,1948,26.9,4195.1
Nauru,1949,27.0,1895.9
Nauru,1950,27.0,1659.0
Nauru,1951,27.4,2944.6
Nauru,1952,27.7,2007.2
Nauru,1953,27.5,3165.8
Nauru,1954,27.6,801.4
Nauru,1955,27.3,972.6
Nauru,1956,27.6,879.7
Nauru,1957,27.5,2954.8
Nauru,1958,27.7,3081.1
Nauru,1959,27.8,2263.6
Nauru,1960,27.7,1668.5
Nauru,1961,27.6,2430.5
Nauru,1962,27.8,910.5
Nauru,1963,27.8,2019.8
Nauru,1964,27.4,1650.4
Nauru,1965,27.3,3599.4
Nauru,1966,27.7,3057.3
Nauru,1967,27.6,1376.8
Nauru,1968,27.6,1376.5
Nauru,1969,27.6,2867.5
Nauru,1970,27.6,785.1
Nauru,1971,27.6,1173.0
Nauru,1972,27.5,3951.0
Nauru,1973,28.0,2059.3
Nauru,1974,27.8,1254.9
Nauru,1975,27.5,1899.4
Nauru,1976,27.4,3284.3
Nauru,1977,27.4,3870.1
Nauru,1978,27.8,2248.5
Nauru,1979,27.7,3064.8
Nauru,1980,27.7,2640.0
Nauru,1981,27.8,2768.2
Nauru,1982,27.6,3494.1
Nauru,1983,28.0,2052.4
Nauru,1984,28.2,1215.7
Nauru,1985,28.2,1560.8
Nauru,1986,27.9,3480.9
Nauru,1987,27.6,5863.9
Nauru,1988,27.7,2249.3
Nauru,1989,27.8,2197.0
Nauru,1990,27.7,2663.0
Nauru,1991,27.7,2513.8
Nauru,1992,27.7,2793.8
Nauru,1993,27.6,2890.8
Nauru,1994,27.7,2846.5
Nauru,1995,27.9,2265.7
Nauru,1996,27.8,2105.1
Nauru,1997,27.8,2643.4
Nauru,1998,27.8,2222.4
Nauru,1999,27.6,2434.5
Nauru,2000,27.7,2434.5
Nauru,2001,27.7,2434.5
Nauru,2002,27.7,2434.5
Nauru,2003,27.7,2434.5
Nauru,2004,27.8,2434.5
Nauru,2005,27.7,2434.5
Nauru,2006,27.7,2434.5
Nauru,2007,27.7,2434.5
Nauru,2008,27.7,2434.5
Nauru,2009,27.7,2434.5
Nauru,2010,27.7,2434.5
Nauru,2011,27.7,2434.5
Nauru,2012,27.8,2434.5
Nauru,2013,27.7,2434.5
Nauru,2014,27.7,2434.5
Nauru,2015,27.8,2434.5
Nauru,2016,27.8,2434.5
Nauru,2017,27.7,2434.5
Nauru,2018,27.7,2434.5
Nauru,2019,28.0,2434.5
Nauru,2020,28.0,2434.5
Nauru,2021,28.0,2434.5
Nauru,2022,27.8,2434.5
Nauru,2023,27.8,2434.5
Nauru,2024,27.8,2434.5
Nepal,1901,9.4,1049.0
Nepal,1902,9.5,1195.3
Nepal,1903,9.2,960.7
Nepal,1904,9.1,1255.1
Nepal,1905,8.8,1348.6
Nepal,1906,9.1,1187.4
Nepal,1907,9.0,1117.5
Nepal,1908,9.3,925.0
Nepal,1909,9.1,1338.5
Nepal,1910,8.9,1271.4
Nepal,1911,9.1,1270.4
Nepal,1912,9.1,1057.5
Nepal,1913,8.8,1422.7
Nepal,1914,9.0,1375.5
Nepal,1915,9.6,1437.5
Nepal,1916,9.2,1293.3
Nepal,1917,8.4,1330.9
Nepal,1918,9.2,1272.3
Nepal,1919,9.0,1063.2
Nepal,1920,9.2,987.4
Nepal,1921,9.8,1111.8
Nepal,1922,9.3,1350.7
Nepal,1923,9.4,1055.8
Nepal,1924,9.5,1238.3
Nepal,1925,8.8,1309.0
Nepal,1926,8.9,1145.0
Nepal,1927,8.9,1091.6
Nepal,1928,9.5,1075.6
Nepal,1929,9.3,1205.3
Nepal,1930,9.1,1014.9
Nepal,1931,9.5,1130.6
Nepal,1932,9.5,965.1
Nepal,1933,8.7,1347.6
Nepal,1934,9.1,1050.2
Nepal,1935,9.2,1003.9
Nepal,1936,9.0,1399.6
Nepal,1937,9.0,1251.4
Nepal,1938,9.4,1358.1
Nepal,1939,9.3,1116.2
Nepal,1940,9.2,1211.2
Nepal,1941,10.0,1094.8
Nepal,1942,9.6,1293.9
Nepal,1943,9.5,1210.6
Nepal,1944,9.4,1242.3
Nepal,1945,9.1,1304.9
Nepal,1946,9.7,1335.0
Nepal,1947,9.8,1136.8
Nepal,1948,9.5,1226.1
Nepal,1949,9.5,1338.9
Nepal,1950,9.0,1204.9
Nepal,1951,9.6,1043.2
Nepal,1952,9.7,1125.4
Nepal,1953,10.0,1126.2
Nepal,1954,9.6,1155.1
Nepal,1955,9.3,1140.6
Nepal,1956,9.4,1214.6
Nepal,1957,9.2,913.3
Nepal,1958,10.0,966.5
Nepal,1959,9.4,1046.7
Nepal,1960,9.5,990.2
Nepal,1961,9.1,1206.0
Nepal,1962,9.1,1333.4
Nepal,1963,9.1,1213.3
Nepal,1964,9.4,1053.0
Nepal,1965,9.1,1067.6
Nepal,1966,9.6,971.6
Nepal,1967,9.0,987.6
Nepal,1968,9.0,1143.5
Nepal,1969,9.8,978.0
Nepal,1970,9.5,1144.8
Nepal,1971,8.8,1347.9
Nepal,1972,9.4,1024.6
Nepal,1973,9.4,1320.6
Nepal,1974,9.5,1145.3
Nepal,1975,9.2,1246.8
Nepal,1976,9.3,1060.7
Nepal,1977,9.2,1034.4
Nepal,1978,9.0,1255.2
Nepal,1979,9.6,1087.3
Nepal,1980,9.6,1099.0
Nepal,1981,9.2,1138.9
Nepal,1982,9.2,1017.8
Nepal,1983,8.9,1231.2
Nepal,1984,9.4,1170.9
Nepal,1985,9.7,1275.0
Nepal,1986,9.1,1127.5
Nepal,1987,9.7,1188.8
Nepal,1988,9.9,1208.9
Nepal,1989,9.3,1070.1
Nepal,1990,9.4,1221.4
Nepal,1991,9.4,1003.6
Nepal,1992,9.2,897.1
Nepal,1993,9.5,952.1
Nepal,1994,9.6,986.7
Nepal,1995,9.7,1034.6
Nepal,1996,9.7,1060.7
Nepal,1997,8.7,1261.0
Nepal,1998,9.8,1242.4
Nepal,1999,10.1,1290.1
Nepal,2000,9.8,1225.1
Nepal,2001,9.9,1184.1
Nepal,2002,10.1,1212.7
Nepal,2003,9.9,1192.2
Nepal,2004,10.1,1172.2
Nepal,2005,9.9,939.7
Nepal,2006,10.3,1039.9
Nepal,2007,10.2,1077.6
Nepal,2008,9.9,1154.5
Nepal,2009,10.6,940.5
Nepal,2010,10.7,1134.2
Nepal,2011,9.9,1420.3
Nepal,2012,9.9,1124.4
Nepal,2013,9.7,1156.9
Nepal,2014,9.9,616.5
Nepal,2015,10.0,1129.6
Nepal,2016,10.6,1131.8
Nepal,2017,10.3,1109.3
Nepal,2018,10.2,1111.8
Nepal,2019,9.9,1017.1
Nepal,2020,9.7,1132.1
Nepal,2021,10.0,1162.9
Nepal,2022,10.1,1059.5
Nepal,2023,10.0,1103.1
Nepal,2024,10.3,1089.2
Netherlands,1901,8.8,705.0
Netherlands,1902,8.2,649.1
Netherlands,1903,9.5,858.0
Netherlands,1904,9.3,611.9
Netherlands,1905,9.0,745.0
Netherlands,1906,9.5,758.3
Netherlands,1907,9.0,611.0
Netherlands,1908,8.7,630.7
Netherlands,1909,8.4,775.9
Netherlands,1910,9.6,788.5
Netherlands,1911,10.2,612.1
Netherlands,1912,9.3,862.8
Netherlands,1913,9.8,706.5
Netherlands,1914,9.8,795.5
Netherlands,1915,9.0,871.0
Netherlands,1916,9.4,814.2
Netherlands,1917,8.6,749.2
Netherlands,1918,9.6,792.9
Netherlands,1919,8.3,767.5
Netherlands,1920,9.6,648.8
Netherlands,1921,10.1,446.8
Netherlands,1922,8.3,744.6
Netherlands,1923,8.9,811.2
Netherlands,1924,8.7,745.9
Netherlands,1925,9.4,917.6
Netherlands,1926,9.8,777.4
Netherlands,1927,9.1,807.1
Netherlands,1928,9.5,771.9
Netherlands,1929,8.6,604.4
Netherlands,1930,9.9,876.9
Netherlands,1931,8.8,784.9
Netherlands,1932,9.5,745.5
Netherlands,1933,9.0,573.5
Netherlands,1934,10.2,644.4
Netherlands,1935,9.6,820.7
Netherlands,1936,9.5,745.9
Netherlands,1937,9.6,784.7
Netherlands,1938,9.8,723.8
Netherlands,1939,9.6,845.5
Netherlands,1940,8.0,806.3
Netherlands,1941,8.5,719.6
Netherlands,1942,8.4,768.0
Netherlands,1943,9.9,662.3
Netherlands,1944,9.5,829.7
Netherlands,1945,10.1,744.2
Netherlands,1946,9.2,770.3
Netherlands,1947,9.5,642.3
Netherlands,1948,10.1,724.2
Netherlands,1949,10.3,620.5
Netherlands,1950,9.6,883.9
Netherlands,1951,9.6,815.4
Netherlands,1952,8.9,833.3
Netherlands,1953,9.8,575.5
Netherlands,1954,8.8,799.8
Netherlands,1955,8.7,663.1
Netherlands,1956,8.2,795.4
Netherlands,1957,9.7,837.4
Netherlands,1958,9.2,828.7
Netherlands,1959,10.1,540.2
Netherlands,1960,9.5,918.3
Netherlands,1961,9.9,912.8
Netherlands,1962,8.1,743.7
Netherlands,1963,7.8,697.4
Netherlands,1964,9.0,705.4
Netherlands,1965,8.6,964.3
Netherlands,1966,9.3,1004.9
Netherlands,1967,9.9,799.0
Netherlands,1968,9.1,808.2
Netherlands,1969,9.0,721.3
Netherlands,1970,8.9,819.6
Netherlands,1971,9.6,570.9
Netherlands,1972,8.9,665.2
Netherlands,1973,9.4,717.7
Netherlands,1974,9.7,909.0
Netherlands,1975,9.8,673.4
Netherlands,1976,9.6,553.6
Netherlands,1977,9.6,751.9
Netherlands,1978,8.9,669.9
Netherlands,1979,8.5,836.6
Netherlands,1980,8.9,829.8
Netherlands,1981,9.2,908.9
Netherlands,1982,9.9,712.5
Netherlands,1983,10.0,786.8
Netherlands,1984,9.2,847.5
Netherlands,1985,8.4,762.9
Netherlands,1986,8.8,793.6
Netherlands,1987,8.5,842.6
Netherlands,1988,10.1,897.6
Netherlands,1989,10.6,652.9
Netherlands,1990,10.7,732.9
Netherlands,1991,9.5,653.6
Netherlands,1992,10.4,815.3
Netherlands,1993,9.5,876.9
Netherlands,1994,10.5,895.0
Netherlands,1995,10.2,803.6
Netherlands,1996,8.3,591.1
Netherlands,1997,10.0,664.9
Netherlands,1998,10.1,1025.8
Netherlands,1999,10.7,897.2
Netherlands,2000,10.8,877.2
Netherlands,2001,10.1,927.7
Netherlands,2002,10.6,912.3
Netherlands,2003,10.4,629.3
Netherlands,2004,10.2,848.7
Netherlands,2005,10.4,812.6
Netherlands,2006,10.7,750.3
Netherlands,2007,11.0,905.2
Netherlands,2008,10.5,844.1
Netherlands,2009,10.3,751.2
Netherlands,2010,8.9,796.0
Netherlands,2011,10.7,761.8
Netherlands,2012,10.1,841.9
Netherlands,2013,9.7,719.2
Netherlands,2014,11.5,759.0
Netherlands,2015,10.8,827.2
Netherlands,2016,10.6,773.4
Netherlands,2017,10.7,867.0
Netherlands,2018,11.3,631.5
Netherlands,2019,11.2,811.7
Netherlands,2020,11.6,781.6
Netherlands,2021,10.3,856.7
Netherlands,2022,11.5,695.2
Netherlands,2023,11.6,1049.9
Netherlands,2024,11.7,1024.7
New Caledonia,1901,22.7,1310.9
New Caledonia,1902,22.3,1228.1
New Caledonia,1903,22.7,1074.4
New Caledonia,1904,22.1,2048.4
New Caledonia,1905,22.2,956.1
New Caledonia,1906,22.5,1068.1
New Caledonia,1907,22.8,1137.1
New Caledonia,1908,22.5,1756.8
New Caledonia,1909,22.9,1995.7
New Caledonia,1910,23.3,2871.5
New Caledonia,1911,22.4,1432.5
New Caledonia,1912,22.4,1853.8
New Caledonia,1913,22.4,1472.0
New Caledonia,1914,22.4,1422.9
New Caledonia,1915,22.7,1683.4
New Caledonia,1916,22.7,1979.9
New Caledonia,1917,22.6,2691.0
New Caledonia,1918,22.4,1598.5
New Caledonia,1919,22.4,1317.4
New Caledonia,1920,22.5,1494.7
New Caledonia,1921,22.5,975.0
New Caledonia,1922,22.5,1994.2
New Caledonia,1923,22.4,1628.6
New Caledonia,1924,22.4,1523.5
New Caledonia,1925,22.4,1741.1
New Caledonia,1926,22.4,1629.9
New Caledonia,1927,22.5,1350.0
New Caledonia,1928,22.4,1864.6
New Caledonia,1929,22.6,1617.1
New Caledonia,1930,22.4,1519.1
New Caledonia,1931,22.6,1335.8
New Caledonia,1932,22.5,1652.6
New Caledonia,1933,22.6,2151.2
New Caledonia,1934,22.4,1577.4
New Caledonia,1935,22.5,1837.6
New Caledonia,1936,22.4,1223.0
New Caledonia,1937,22.4,1956.5
New Caledonia,1938,22.6,2476.8
New Caledonia,1939,22.4,1229.3
New Caledonia,1940,22.1,1496.5
New Caledonia,1941,22.5,1112.7
New Caledonia,1942,22.9,1081.4
New Caledonia,1943,22.6,2000.1
New Caledonia,1944,22.5,1333.5
New Caledonia,1945,22.2,1761.3
New Caledonia,1946,22.8,1715.8
New Caledonia,1947,22.6,1741.3
New Caledonia,1948,22.8,2406.9
New Caledonia,1949,22.6,1961.4
New Caledonia,1950,22.8,2366.2
New Caledonia,1951,22.2,2090.2
New Caledonia,1952,22.5,1960.4
New Caledonia,1953,22.2,1114.2
New Caledonia,1954,22.1,1993.9
New Caledonia,1955,22.3,1937.6
New Caledonia,1956,22.4,2338.9
New Caledonia,1957,22.0,1309.7
New Caledonia,1958,22.4,1730.2
New Caledonia,1959,22.2,1702.6
New Caledonia,1960,22.2,1466.3
New Caledonia,1961,22.4,2064.9
New Caledonia,1962,22.5,1926.4
New Caledonia,1963,22.2,1707.4
New Caledonia,1964,22.6,1676.8
New Caledonia,1965,21.7,1483.7
New Caledonia,1966,21.7,1290.0
New Caledonia,1967,22.4,3230.3
New Caledonia,1968,21.9,1188.7
New Caledonia,1969,22.2,1318.9
New Caledonia,1970,22.7,1590.0
New Caledonia,1971,22.4,1965.3
New Caledonia,1972,22.1,1668.8
New Caledonia,1973,23.0,1151.5
New Caledonia,1974,22.4,1847.3
New Caledonia,1975,22.6,2255.0
New Caledonia,1976,22.5,1885.5
New Caledonia,1977,22.2,1122.9
New Caledonia,1978,22.4,1540.1
New Caledonia,1979,22.4,1251.9
New Caledonia,1980,22.5,1366.7
New Caledonia,1981,22.6,1637.1
New Caledonia,1982,22.2,1547.2
New Caledonia,1983,22.6,1255.9
New Caledonia,1984,22.6,1646.4
New Caledonia,1985,22.5,1778.6
New Caledonia,1986,22.5,1670.5
New Caledonia,1987,22.5,1033.4
New Caledonia,1988,23.2,2122.8
New Caledonia,1989,22.7,2384.2
New Caledonia,1990,22.8,2058.1
New Caledonia,1991,22.4,1429.8
New Caledonia,1992,22.4,1584.3
New Caledonia,1993,22.3,851.8
New Caledonia,1994,22.2,1057.4
New Caledonia,1995,23.0,1399.2
New Caledonia,1996,23.0,2006.7
New Caledonia,1997,22.4,1288.7
New Caledonia,1998,23.5,1589.6
New Caledonia,1999,23.0,2195.6
New Caledonia,2000,22.7,1617.2
New Caledonia,2001,22.9,1535.4
New Caledonia,2002,22.8,1594.0
New Caledonia,2003,22.7,1671.7
New Caledonia,2004,22.8,1312.6
New Caledonia,2005,22.8,1513.9
New Caledonia,2006,22.6,1372.5
New Caledonia,2007,23.0,1324.3
New Caledonia,2008,22.8,2116.4
New Caledonia,2009,22.8,2020.0
New Caledonia,2010,23.2,1453.6
New Caledonia,2011,22.8,2316.7
New Caledonia,2012,22.6,1841.8
New Caledonia,2013,22.6,1520.7
New Caledonia,2014,22.6,1314.4
New Caledonia,2015,22.7,1394.2
New Caledonia,2016,23.4,1618.9
New Caledonia,2017,23.3,990.8
New Caledonia,2018,22.8,1573.3
New Caledonia,2019,22.8,1142.9
New Caledonia,2020,23.2,1400.5
New Caledonia,2021,23.2,2332.5
New Caledonia,2022,23.5,2886.0
New Caledonia,2023,22.8,1653.6
New Caledonia,2024,23.5,1087.5
New Siberian Isl,1901,-15.6,140.8
New Siberian Isl,1902,-16.2,140.1
New Siberian Isl,1903,-15.6,140.2
New Siberian Isl,1904,-15.9,140.1
New Siberian Isl,1905,-16.4,139.8
New Siberian Isl,1906,-15.6,141.0
New Siberian Isl,1907,-15.7,141.0
New Siberian Isl,1908,-15.9,141.0
New Siberian Isl,1909,-15.7,141.0
New Siberian Isl,1910,-15.6,141.0
New Siberian Isl,1911,-15.6,141.0
New Siberian Isl,1912,-16.1,141.0
New Siberian Isl,1913,-16.0,141.0
New Siberian Isl,1914,-15.8,141.0
New Siberian Isl,1915,-16.3,141.0
New Siberian Isl,1916,-15.8,141.0
New Siberian Isl,1917,-15.5,141.0
New Siberian Isl,1918,-15.9,141.0
New Siberian Isl,1919,-15.6,141.0
New Siberian Isl,1920,-15.4,141.0
New Siberian Isl,1921,-15.6,141.0
New Siberian Isl,1922,-16.1,141.0
New Siberian Isl,1923,-15.9,141.0
New Siberian Isl,1924,-15.8,141.0
New Siberian Isl,1925,-15.8,141.0
New Siberian Isl,1926,-15.6,141.0
New Siberian Isl,1927,-15.4,141.0
New Siberian Isl,1928,-15.7,135.3
New Siberian Isl,1929,-16.3,86.3
New Siberian Isl,1930,-15.6,104.7
New Siberian Isl,1931,-14.8,95.3
New Siberian Isl,1932,-15.5,100.8
New Siberian Isl,1933,-15.8,88.3
New Siberian Isl,1934,-14.9,130.8
New Siberian Isl,1935,-15.5,124.4
New Siberian Isl,1936,-15.2,88.7
New Siberian Isl,1937,-13.9,123.4
New Siberian Isl,1938,-13.9,98.9
New Siberian Isl,1939,-15.7,99.0
New Siberian Isl,1940,-14.2,119.9
New Siberian Isl,1941,-15.8,111.9
New Siberian Isl,1942,-15.4,100.0
New Siberian Isl,1943,-13.5,134.3
New Siberian Isl,1944,-14.5,172.3
New Siberian Isl,1945,-14.7,130.4
New Siberian Isl,1946,-16.5,114.7
New Siberian Isl,1947,-13.9,97.9
New Siberian Isl,1948,-15.6,96.7
New Siberian Isl,1949,-15.4,110.7
New Siberian Isl,1950,-16.9,92.9
New Siberian Isl,1951,-15.5,119.5
New Siberian Isl,1952,-15.1,138.3
New Siberian Isl,1953,-14.4,157.3
New Siberian Isl,1954,-14.8,170.1
New Siberian Isl,1955,-15.9,156.4
New Siberian Isl,1956,-15.4,131.0
New Siberian Isl,1957,-16.0,152.3
New Siberian Isl,1958,-16.4,205.9
New Siberian Isl,1959,-14.4,140.4
New Siberian Isl,1960,-14.7,156.4
New Siberian Isl,1961,-16.0,136.1
New Siberian Isl,1962,-16.3,195.4
New Siberian Isl,1963,-16.8,164.1
New Siberian Isl,1964,-16.7,139.0
New Siberian Isl,1965,-16.6,106.8
New Siberian Isl,1966,-16.4,189.1
New Siberian Isl,1967,-15.7,169.0
New Siberian Isl,1968,-14.8,190.6
New Siberian Isl,1969,-15.4,142.2
New Siberian Isl,1970,-15.4,152.4
New Siberian Isl,1971,-14.5,150.6
New Siberian Isl,1972,-16.0,142.6
New Siberian Isl,1973,-15.7,145.6
New Siberian Isl,1974,-15.4,149.2
New Siberian Isl,1975,-15.0,136.8
New Siberian Isl,1976,-16.3,122.0
New Siberian Isl,1977,-15.6,169.3
New Siberian Isl,1978,-16.2,132.0
New Siberian Isl,1979,-17.7,98.8
New Siberian Isl,1980,-15.7,147.3
New Siberian Isl,1981,-13.9,153.7
New Siberian Isl,1982,-16.1,101.7
New Siberian Isl,1983,-15.4,96.2
New Siberian Isl,1984,-15.9,111.1
New Siberian Isl,1985,-15.2,107.9
New Siberian Isl,1986,-15.7,118.0
New Siberian Isl,1987,-16.6,120.0
New Siberian Isl,1988,-14.9,133.2
New Siberian Isl,1989,-15.0,155.7
New Siberian Isl,1990,-14.3,150.8
New Siberian Isl,1991,-14.8,135.7
New Siberian Isl,1992,-16.4,153.6
New Siberian Isl,1993,-15.8,131.8
New Siberian Isl,1994,-15.3,138.7
New Siberian Isl,1995,-13.7,139.0
New Siberian Isl,1996,-15.7,137.6
New Siberian Isl,1997,-14.9,163.8
New Siberian Isl,1998,-15.9,130.5
New Siberian Isl,1999,-15.7,140.9
New Siberian Isl,2000,-14.8,116.2
New Siberian Isl,2001,-15.2,127.8
New Siberian Isl,2002,-14.6,125.1
New Siberian Isl,2003,-14.6,148.4
New Siberian Isl,2004,-15.9,106.2
New Siberian Isl,2005,-13.3,93.8
New Siberian Isl,2006,-14.6,118.1
New Siberian Isl,2007,-12.7,155.1
New Siberian Isl,2008,-14.0,133.8
New Siberian Isl,2009,-14.2,151.5
New Siberian Isl,2010,-13.1,128.7
New Siberian Isl,2011,-13.0,142.1
New Siberian Isl,2012,-13.2,152.5
New Siberian Isl,2013,-14.3,107.5
New Siberian Isl,2014,-13.2,114.6
New Siberian Isl,2015,-13.9,141.4
New Siberian Isl,2016,-12.9,121.3
New Siberian Isl,2017,-13.4,153.9
New Siberian Isl,2018,-12.8,124.0
New Siberian Isl,2019,-12.9,117.8
New Siberian Isl,2020,-12.0,141.7
New Siberian Isl,2021,-13.2,153.9
New Siberian Isl,2022,-12.7,121.5
New Siberian Isl,2023,-13.5,172.0
New Siberian Isl,2024,-12.8,113.5
New Zealand,1901,10.0,1523.5
New Zealand,1902,9.5,1433.2
New Zealand,1903,10.0,1545.3
New Zealand,1904,9.8,1765.5
New Zealand,1905,10.0,1582.6
New Zealand,1906,9.8,1531.9
New Zealand,1907,10.7,1577.9
New Zealand,1908,10.4,1513.6
New Zealand,1909,10.8,1635.2
New Zealand,1910,10.9,1698.2
New Zealand,1911,10.4,1536.0
New Zealand,1912,9.7,1615.2
New Zealand,1913,10.1,1568.2
New Zealand,1914,10.2,1320.6
New Zealand,1915,10.6,1498.4
New Zealand,1916,11.3,1681.9
New Zealand,1917,11.0,1824.3
New Zealand,1918,10.1,1732.3
New Zealand,1919,9.8,1344.1
New Zealand,1920,10.2,1768.2
New Zealand,1921,10.4,1565.6
New Zealand,1922,10.4,1501.2
New Zealand,1923,10.0,1566.4
New Zealand,1924,11.1,1738.9
New Zealand,1925,9.9,1672.8
New Zealand,1926,10.0,1644.0
New Zealand,1927,9.8,1594.3
New Zealand,1928,10.9,1711.6
New Zealand,1929,10.2,1619.0
New Zealand,1930,9.5,1465.9
New Zealand,1931,9.7,1497.1
New Zealand,1932,9.9,1466.0
New Zealand,1933,10.3,1496.7
New Zealand,1934,10.4,1476.5
New Zealand,1935,10.7,1651.0
New Zealand,1936,10.2,1711.5
New Zealand,1937,9.9,1472.5
New Zealand,1938,11.1,1814.5
New Zealand,1939,10.1,1495.6
New Zealand,1940,10.1,1518.1
New Zealand,1941,10.1,1751.5
New Zealand,1942,10.5,1539.6
New Zealand,1943,10.1,1595.4
New Zealand,1944,10.2,1770.9
New Zealand,1945,9.9,1655.5
New Zealand,1946,10.2,1869.5
New Zealand,1947,10.3,1643.6
New Zealand,1948,10.6,1590.6
New Zealand,1949,10.4,1513.5
New Zealand,1950,10.6,1530.7
New Zealand,1951,10.2,1678.0
New Zealand,1952,10.4,1598.0
New Zealand,1953,10.4,1599.3
New Zealand,1954,10.8,1544.8
New Zealand,1955,11.1,1644.0
New Zealand,1956,11.3,1805.8
New Zealand,1957,10.7,1616.0
New Zealand,1958,10.8,1547.7
New Zealand,1959,10.5,1435.8
New Zealand,1960,10.6,1590.0
New Zealand,1961,10.6,1564.8
New Zealand,1962,11.2,1808.4
New Zealand,1963,10.3,1416.1
New Zealand,1964,10.5,1526.6
New Zealand,1965,10.3,1687.2
New Zealand,1966,10.5,1580.8
New Zealand,1967,10.6,1568.3
New Zealand,1968,10.5,1670.1
New Zealand,1969,10.5,1419.3
New Zealand,1970,11.2,1640.4
New Zealand,1971,11.5,1702.8
New Zealand,1972,10.6,1584.4
New Zealand,1973,11.0,1392.7
New Zealand,1974,11.1,1591.3
New Zealand,1975,11.0,1674.6
New Zealand,1976,10.2,1676.4
New Zealand,1977,10.2,1649.8
New Zealand,1978,11.1,1588.1
New Zealand,1979,11.0,1787.3
New Zealand,1980,10.7,1627.1
New Zealand,1981,11.2,1574.7
New Zealand,1982,10.5,1403.2
New Zealand,1983,10.4,1582.3
New Zealand,1984,11.0,1593.6
New Zealand,1985,11.1,1501.5
New Zealand,1986,11.0,1576.0
New Zealand,1987,11.0,1585.4
New Zealand,1988,11.2,1582.8
New Zealand,1989,11.2,1625.5
New Zealand,1990,11.3,1558.2
New Zealand,1991,10.4,1627.9
New Zealand,1992,9.8,1598.8
New Zealand,1993,10.1,1431.2
New Zealand,1994,10.5,1643.4
New Zealand,1995,10.9,1866.4
New Zealand,1996,10.8,1634.0
New Zealand,1997,10.6,1473.5
New Zealand,1998,11.7,1691.2
New Zealand,1999,11.6,1585.1
New Zealand,2000,11.0,1529.0
New Zealand,2001,11.1,1577.9
New Zealand,2002,10.9,1637.9
New Zealand,2003,10.9,1456.5
New Zealand,2004,10.4,1670.5
New Zealand,2005,11.3,1401.2
New Zealand,2006,10.7,1550.8
New Zealand,2007,11.0,1392.2
New Zealand,2008,11.1,1658.9
New Zealand,2009,10.6,1511.3
New Zealand,2010,11.3,1583.0
New Zealand,2011,11.2,1723.6
New Zealand,2012,10.8,1533.8
New Zealand,2013,11.4,1553.8
New Zealand,2014,11.0,1479.9
New Zealand,2015,10.9,1603.5
New Zealand,2016,11.6,1523.0
New Zealand,2017,11.4,1533.4
New Zealand,2018,11.5,1572.9
New Zealand,2019,11.4,1763.2
New Zealand,2020,11.3,1574.8
New Zealand,2021,11.6,1731.2
New Zealand,2022,12.1,1731.1
New Zealand,2023,11.7,1667.7
New Zealand,2024,11.4,1541.2
Nicaragua,1901,25.5,2453.0
Nicaragua,1902,25.5,2191.7
Nicaragua,1903,25.5,2437.6
Nicaragua,1904,25.5,2399.7
Nicaragua,1905,25.5,2412.3
Nicaragua,1906,25.4,2286.9
Nicaragua,1907,25.4,2133.5
Nicaragua,1908,25.4,2320.3
Nicaragua,1909,25.5,2479.5
Nicaragua,1910,25.3,2284.4
Nicaragua,1911,25.4,2212.6
Nicaragua,1912,25.5,2201.7
Nicaragua,1913,25.4,2344.4
Nicaragua,1914,25.4,2084.7
Nicaragua,1915,25.4,2426.1
Nicaragua,1916,25.4,2533.9
Nicaragua,1917,25.5,2437.7
Nicaragua,1918,25.5,2145.2
Nicaragua,1919,25.5,2234.7
Nicaragua,1920,25.5,2202.6
Nicaragua,1921,25.4,2185.4
Nicaragua,1922,25.5,2181.0
Nicaragua,1923,25.5,2113.2
Nicaragua,1924,25.5,2450.2
Nicaragua,1925,25.5,2205.8
Nicaragua,1926,25.5,2271.6
Nicaragua,1927,25.5,2269.5
Nicaragua,1928,25.5,2274.0
Nicaragua,1929,25.5,2124.9
Nicaragua,1930,25.4,2046.1
Nicaragua,1931,25.5,2247.5
Nicaragua,1932,25.5,2308.3
Nicaragua,1933,25.5,2423.9
Nicaragua,1934,25.4,2303.3
Nicaragua,1935,25.4,2403.2
Nicaragua,1936,25.8,2302.0
Nicaragua,1937,25.6,2435.3
Nicaragua,1938,25.1,2436.4
Nicaragua,1939,25.3,2284.0
Nicaragua,1940,25.3,2147.1
Nicaragua,1941,25.3,2331.8
Nicaragua,1942,25.3,2376.5
Nicaragua,1943,24.8,2395.4
Nicaragua,1944,25.1,2452.7
Nicaragua,1945,25.3,2264.7
Nicaragua,1946,25.4,2076.0
Nicaragua,1947,25.5,2313.9
Nicaragua,1948,25.3,2401.1
Nicaragua,1949,25.1,2381.9
Nicaragua,1950,24.8,2481.4
Nicaragua,1951,25.4,2154.3
Nicaragua,1952,25.6,2451.4
Nicaragua,1953,25.7,2249.2
Nicaragua,1954,25.1,2695.3
Nicaragua,1955,25.2,2535.2
Nicaragua,1956,25.2,2414.3
Nicaragua,1957,25.7,2097.8
Nicaragua,1958,26.1,2242.7
Nicaragua,1959,25.8,2019.0
Nicaragua,1960,25.5,2525.0
Nicaragua,1961,25.4,2209.4
Nicaragua,1962,25.2,2479.1
Nicaragua,1963,25.3,2402.1
Nicaragua,1964,25.4,2364.4
Nicaragua,1965,25.3,2107.8
Nicaragua,1966,25.3,2739.3
Nicaragua,1967,25.1,2183.6
Nicaragua,1968,25.0,2604.7
Nicaragua,1969,25.5,2646.9
Nicaragua,1970,25.3,2665.2
Nicaragua,1971,25.1,2136.3
Nicaragua,1972,25.6,2014.4
Nicaragua,1973,25.6,2361.0
Nicaragua,1974,25.1,2193.0
Nicaragua,1975,25.3,2246.8
Nicaragua,1976,25.3,1967.8
Nicaragua,1977,25.7,2031.8
Nicaragua,1978,25.6,2478.5
Nicaragua,1979,25.6,2732.3
Nicaragua,1980,25.8,2664.8
Nicaragua,1981,25.6,2936.7
Nicaragua,1982,25.7,2467.7
Nicaragua,1983,26.0,2186.5
Nicaragua,1984,25.3,2397.1
Nicaragua,1985,25.6,1937.3
Nicaragua,1986,25.6,2079.5
Nicaragua,1987,26.0,2115.1
Nicaragua,1988,25.9,2543.3
Nicaragua,1989,25.6,2148.8
Nicaragua,1990,25.8,2184.2
Nicaragua,1991,26.0,2130.0
Nicaragua,1992,26.0,2098.9
Nicaragua,1993,26.0,2237.3
Nicaragua,1994,26.0,1930.9
Nicaragua,1995,26.1,2454.0
Nicaragua,1996,25.6,2598.8
Nicaragua,1997,26.2,2118.1
Nicaragua,1998,26.3,2432.6
Nicaragua,1999,25.5,2434.1
Nicaragua,2000,25.7,2126.5
Nicaragua,2001,26.1,2111.8
Nicaragua,2002,26.2,2128.4
Nicaragua,2003,26.3,2346.3
Nicaragua,2004,26.1,2511.7
Nicaragua,2005,26.1,2395.8
Nicaragua,2006,26.2,2442.9
Nicaragua,2007,26.1,2228.4
Nicaragua,2008,25.9,2703.4
Nicaragua,2009,26.2,2160.9
Nicaragua,2010,26.0,2590.8
Nicaragua,2011,26.0,2348.6
Nicaragua,2012,26.0,2174.3
Nicaragua,2013,26.1,2134.4
Nicaragua,2014,26.2,2082.9
Nicaragua,2015,26.4,2033.0
Nicaragua,2016,26.4,2137.2
Nicaragua,2017,26.3,2428.7
Nicaragua,2018,25.9,2186.6
Nicaragua,2019,26.3,1925.3
Nicaragua,2020,26.4,2556.6
Nicaragua,2021,26.2,2181.1
Nicaragua,2022,26.0,2443.0
Nicaragua,2023,26.7,2240.2
Nicaragua,2024,26.8,2382.5
Nicobar Isl,1901,27.5,2866.2
Nicobar Isl,1902,27.8,2396.1
Nicobar Isl,1903,27.6,2408.4
Nicobar Isl,1904,27.3,2639.4
Nicobar Isl,1905,27.6,2215.3
Nicobar Isl,1906,27.7,2362.7
Nicobar Isl,1907,27.3,2841.1
Nicobar Isl,1908,27.2,2675.5
Nicobar Isl,1909,27.1,2959.4
Nicobar Isl,1910,27.1,2511.1
Nicobar Isl,1911,27.3,2489.9
Nicobar Isl,1912,27.4,2769.8
Nicobar Isl,1913,27.5,2221.6
Nicobar Isl,1914,27.5,2426.8
Nicobar Isl,1915,27.5,2637.7
Nicobar Isl,1916,27.3,2906.4
Nicobar Isl,1917,27.2,2381.4
Nicobar Isl,1918,27.2,2436.3
Nicobar Isl,1919,27.7,2055.7
Nicobar Isl,1920,27.3,2499.4
Nicobar Isl,1921,27.3,2226.7
Nicobar Isl,1922,26.9,2622.6
Nicobar Isl,1923,27.1,2343.1
Nicobar Isl,1924,27.2,2860.2
Nicobar Isl,1925,27.2,2238.3
Nicobar Isl,1926,27.5,2313.7
Nicobar Isl,1927,27.2,2338.4
Nicobar Isl,1928,27.4,2274.9
Nicobar Isl,1929,27.3,2142.7
Nicobar Isl,1930,27.3,2276.0
Nicobar Isl,1931,27.5,2912.4
Nicobar Isl,1932,27.2,2586.7
Nicobar Isl,1933,27.5,2496.2
Nicobar Isl,1934,27.3,2767.8
Nicobar Isl,1935,27.2,2391.8
Nicobar Isl,1936,27.3,2624.2
Nicobar Isl,1937,27.3,2044.3
Nicobar Isl,1938,27.3,2512.2
Nicobar Isl,1939,27.2,2394.7
Nicobar Isl,1940,27.0,2295.9
Nicobar Isl,1941,27.5,2375.1
Nicobar Isl,1942,26.8,2372.2
Nicobar Isl,1943,26.5,2372.2
Nicobar Isl,1944,26.5,2372.2
Nicobar Isl,1945,26.5,2372.2
Nicobar Isl,1946,27.9,2372.2
Nicobar Isl,1947,27.6,2372.2
Nicobar Isl,1948,27.8,2372.2
Nicobar Isl,1949,27.5,2372.2
Nicobar Isl,1950,27.7,2372.2
Nicobar Isl,1951,26.5,2372.2
Nicobar Isl,1952,26.6,2372.2
Nicobar Isl,1953,26.6,2383.6
Nicobar Isl,1954,26.5,2606.9
Nicobar Isl,1955,26.3,2307.9
Nicobar Isl,1956,26.2,2924.3
Nicobar Isl,1957,26.7,2682.6
Nicobar Isl,1958,26.9,2767.6
Nicobar Isl,1959,26.8,2246.4
Nicobar Isl,1960,26.8,2542.3
Nicobar Isl,1961,26.6,2298.3
Nicobar Isl,1962,26.6,2181.6
Nicobar Isl,1963,26.7,2074.7
Nicobar Isl,1964,26.6,2270.6
Nicobar Isl,1965,26.5,2301.2
Nicobar Isl,1966,26.7,2292.2
Nicobar Isl,1967,26.5,2367.8
Nicobar Isl,1968,26.7,1851.1
Nicobar Isl,1969,26.8,2605.7
Nicobar Isl,1970,26.7,2094.2
Nicobar Isl,1971,26.3,2695.8
Nicobar Isl,1972,26.4,2117.5
Nicobar Isl,1973,26.6,2764.3
Nicobar Isl,1974,26.2,2117.2
Nicobar Isl,1975,26.1,2137.6
Nicobar Isl,1976,26.0,2120.1
Nicobar Isl,1977,26.2,2523.9
Nicobar Isl,1978,26.3,2685.2
Nicobar Isl,1979,26.8,2305.4
Nicobar Isl,1980,26.6,2712.1
Nicobar Isl,1981,26.6,1983.3
Nicobar Isl,1982,26.4,2460.7
Nicobar Isl,1983,26.7,3103.8
Nicobar Isl,1984,26.4,2888.8
Nicobar Isl,1985,26.5,2243.6
Nicobar Isl,1986,26.5,2475.3
Nicobar Isl,1987,26.8,2456.3
Nicobar Isl,1988,26.5,2570.8
Nicobar Isl,1989,26.1,2216.6
Nicobar Isl,1990,27.0,2196.2
Nicobar Isl,1991,26.9,2244.1
Nicobar Isl,1992,26.7,2270.9
Nicobar Isl,1993,26.9,2298.4
Nicobar Isl,1994,26.8,2142.6
Nicobar Isl,1995,26.9,2349.6
Nicobar Isl,1996,26.8,2480.7
Nicobar Isl,1997,26.9,2329.2
Nicobar Isl,1998,27.2,2325.9
Nicobar Isl,1999,26.5,2288.2
Nicobar Isl,2000,26.8,2573.1
Nicobar Isl,2001,26.9,2243.8
Nicobar Isl,2002,27.2,2109.6
Nicobar Isl,2003,27.2,2320.8
Nicobar Isl,2004,27.2,2128.0
Nicobar Isl,2005,27.1,2340.1
Nicobar Isl,2006,27.0,2482.3
Nicobar Isl,2007,26.9,2196.1
Nicobar Isl,2008,26.9,2232.2
Nicobar Isl,2009,27.2,2373.2
Nicobar Isl,2010,27.5,2941.6
Nicobar Isl,2011,27.1,2104.7
Nicobar Isl,2012,27.2,2059.4
Nicobar Isl,2013,27.3,2293.8
Nicobar Isl,2014,27.4,2587.4
Nicobar Isl,2015,27.4,2362.1
Nicobar Isl,2016,27.5,2616.3
Nicobar Isl,2017,27.3,2545.4
Nicobar Isl,2018,27.2,3081.0
Nicobar Isl,2019,27.6,2752.3
Nicobar Isl,2020,27.5,3208.6
Nicobar Isl,2021,27.3,2893.7
Nicobar Isl,2022,27.4,3453.5
Nicobar Isl,2023,27.6,2919.0
Nicobar Isl,2024,27.8,2539.4
Niger,1901,27.3,153.9
Niger,1902,27.3,153.8
Niger,1903,27.4,153.7
Niger,1904,27.4,154.0
Niger,1905,27.2,156.3
Niger,1906,27.4,165.4
Niger,1907,27.3,162.5
Niger,1908,27.3,150.7
Niger,1909,27.3,184.6
Niger,1910,27.4,143.2
Niger,1911,27.2,161.7
Niger,1912,27.4,127.8
Niger,1913,27.5,116.6
Niger,1914,27.5,141.8
Niger,1915,27.2,141.0
Niger,1916,27.2,167.4
Niger,1917,27.2,130.5
Niger,1918,27.2,181.1
Niger,1919,27.4,162.6
Niger,1920,27.4,168.4
Niger,1921,27.4,161.0
Niger,1922,27.3,186.4
Niger,1923,27.5,175.4
Niger,1924,27.5,185.2
Niger,1925,27.0,176.2
Niger,1926,27.7,123.6
Niger,1927,27.7,213.9
Niger,1928,27.5,173.1
Niger,1929,27.3,174.6
Niger,1930,28.3,193.3
Niger,1931,28.5,174.4
Niger,1932,27.6,206.2
Niger,1933,27.5,184.4
Niger,1934,27.8,156.4
Niger,1935,28.0,191.9
Niger,1936,27.8,219.5
Niger,1937,27.9,190.1
Niger,1938,28.3,178.2
Niger,1939,27.9,200.4
Niger,1940,27.4,152.1
Niger,1941,28.3,150.1
Niger,1942,27.9,133.9
Niger,1943,27.4,206.6
Niger,1944,27.4,145.4
Niger,1945,26.9,204.9
Niger,1946,27.2,223.9
Niger,1947,27.6,178.6
Niger,1948,26.9,159.0
Niger,1949,27.4,124.1
Niger,1950,26.6,238.5
Niger,1951,27.4,166.3
Niger,1952,26.9,272.8
Niger,1953,26.9,235.3
Niger,1954,27.1,237.9
Niger,1955,27.0,173.6
Niger,1956,27.0,198.8
Niger,1957,27.0,187.7
Niger,1958,27.3,210.1
Niger,1959,27.0,218.9
Niger,1960,27.3,172.7
Niger,1961,26.3,214.3
Niger,1962,27.1,190.5
Niger,1963,27.5,168.8
Niger,1964,27.1,227.4
Niger,1965,26.9,184.5
Niger,1966,27.1,176.7
Niger,1967,26.9,188.7
Niger,1968,27.2,156.6
Niger,1969,28.1,155.0
Niger,1970,27.2,143.1
Niger,1971,27.3,131.7
Niger,1972,27.7,115.8
Niger,1973,27.8,98.6
Niger,1974,27.0,178.3
Niger,1975,27.0,153.3
Niger,1976,27.4,154.0
Niger,1977,26.8,165.7
Niger,1978,27.4,200.8
Niger,1979,27.7,158.2
Niger,1980,27.6,171.3
Niger,1981,27.3,139.0
Niger,1982,27.4,135.7
Niger,1983,27.3,114.2
Niger,1984,27.8,76.8
Niger,1985,27.4,124.8
Niger,1986,27.7,151.5
Niger,1987,27.9,100.4
Niger,1988,27.4,187.2
Niger,1989,26.8,158.0
Niger,1990,27.8,117.8
Niger,1991,27.7,168.2
Niger,1992,27.0,162.5
Niger,1993,27.6,138.7
Niger,1994,27.3,212.8
Niger,1995,27.7,139.4
Niger,1996,27.8,126.9
Niger,1997,28.0,138.3
Niger,1998,28.1,177.2
Niger,1999,28.0,204.6
Niger,2000,27.4,146.2
Niger,2001,27.7,149.4
Niger,2002,27.9,136.0
Niger,2003,27.9,186.1
Niger,2004,28.1,155.8
Niger,2005,28.2,188.7
Niger,2006,28.1,159.5
Niger,2007,28.1,169.2
Niger,2008,27.6,169.4
Niger,2009,28.7,149.4
Niger,2010,28.8,170.9
Niger,2011,28.3,146.2
Niger,2012,28.1,199.5
Niger,2013,28.2,170.2
Niger,2014,28.3,154.8
Niger,2015,27.8,169.0
Niger,2016,28.4,185.1
Niger,2017,27.9,160.2
Niger,2018,28.1,205.5
Niger,2019,27.8,183.3
Niger,2020,27.8,229.7
Niger,2021,28.0,144.4
Niger,2022,27.5,185.6
Niger,2023,28.2,172.9
Niger,2024,28.1,219.2
Nigeria,1901,26.6,1352.4
Nigeria,1902,26.8,1169.5
Nigeria,1903,26.9,1236.6
Nigeria,1904,26.8,1168.4
Nigeria,1905,26.7,1280.4
Nigeria,1906,27.1,1295.0
Nigeria,1907,26.9,1072.1
Nigeria,1908,26.8,1239.1
Nigeria,1909,26.8,1404.6
Nigeria,1910,26.9,1162.8
Nigeria,1911,26.8,1326.5
Nigeria,1912,26.9,1072.7
Nigeria,1913,27.0,1110.6
Nigeria,1914,27.2,989.7
Nigeria,1915,26.8,1209.0
Nigeria,1916,26.8,1331.5
Nigeria,1917,26.8,1286.2
Nigeria,1918,26.8,1271.6
Nigeria,1919,26.9,1130.1
Nigeria,1920,26.9,1247.8
Nigeria,1921,26.9,1271.4
Nigeria,1922,26.8,1194.2
Nigeria,1923,26.9,1211.0
Nigeria,1924,26.9,1298.3
Nigeria,1925,26.4,1258.1
Nigeria,1926,27.0,1176.2
Nigeria,1927,26.9,1285.3
Nigeria,1928,26.8,1277.9
Nigeria,1929,26.6,1291.2
Nigeria,1930,27.5,1317.1
Nigeria,1931,27.6,1297.7
Nigeria,1932,27.2,1155.6
Nigeria,1933,27.1,1351.3
Nigeria,1934,27.3,1264.1
Nigeria,1935,27.3,1258.7
Nigeria,1936,27.0,1251.8
Nigeria,1937,27.4,1178.9
Nigeria,1938,27.7,1201.2
Nigeria,1939,27.3,1350.3
Nigeria,1940,26.9,1244.9
Nigeria,1941,27.7,1242.8
Nigeria,1942,27.4,1129.1
Nigeria,1943,26.9,1240.2
Nigeria,1944,27.0,1123.0
Nigeria,1945,26.6,1160.3
Nigeria,1946,26.8,1198.5
Nigeria,1947,27.0,1260.8
Nigeria,1948,26.5,1197.1
Nigeria,1949,27.1,1185.1
Nigeria,1950,26.5,1158.8
Nigeria,1951,26.9,1281.8
Nigeria,1952,26.6,1320.3
Nigeria,1953,26.5,1277.0
Nigeria,1954,26.5,1433.1
Nigeria,1955,26.5,1381.4
Nigeria,1956,26.5,1161.7
Nigeria,1957,26.6,1470.8
Nigeria,1958,26.9,1141.6
Nigeria,1959,26.7,1266.4
Nigeria,1960,26.8,1324.0
Nigeria,1961,26.2,1158.7
Nigeria,1962,26.6,1372.6
Nigeria,1963,27.0,1370.9
Nigeria,1964,26.7,1261.5
Nigeria,1965,26.5,1235.0
Nigeria,1966,26.8,1276.6
Nigeria,1967,26.6,1188.1
Nigeria,1968,26.8,1328.6
Nigeria,1969,27.4,1315.0
Nigeria,1970,26.9,1164.1
Nigeria,1971,26.5,1144.9
Nigeria,1972,26.9,1095.5
Nigeria,1973,27.2,1007.4
Nigeria,1974,26.4,1201.1
Nigeria,1975,26.3,1211.7
Nigeria,1976,26.5,1199.6
Nigeria,1977,26.5,1045.1
Nigeria,1978,26.6,1314.9
Nigeria,1979,26.9,1252.6
Nigeria,1980,26.9,1270.9
Nigeria,1981,26.9,1140.9
Nigeria,1982,27.0,1068.1
Nigeria,1983,27.1,902.1
Nigeria,1984,27.3,1070.2
Nigeria,1985,27.0,1134.5
Nigeria,1986,27.1,1085.4
Nigeria,1987,27.4,1043.5
Nigeria,1988,26.9,1212.3
Nigeria,1989,26.4,1157.1
Nigeria,1990,27.2,1116.4
Nigeria,1991,27.0,1267.3
Nigeria,1992,26.6,1131.1
Nigeria,1993,27.0,1098.0
Nigeria,1994,26.7,1250.5
Nigeria,1995,27.1,1219.2
Nigeria,1996,27.1,1259.6
Nigeria,1997,27.2,1251.2
Nigeria,1998,27.5,1175.3
Nigeria,1999,27.2,1259.7
Nigeria,2000,27.0,1150.6
Nigeria,2001,27.1,1168.2
Nigeria,2002,27.3,1179.6
Nigeria,2003,27.4,1291.9
Nigeria,2004,27.4,1167.2
Nigeria,2005,27.5,1202.5
Nigeria,2006,27.5,1201.7
Nigeria,2007,27.5,1203.8
Nigeria,2008,27.1,1224.1
Nigeria,2009,27.8,1164.9
Nigeria,2010,27.9,1257.6
Nigeria,2011,27.5,1072.3
Nigeria,2012,27.4,1256.2
Nigeria,2013,27.5,1087.7
Nigeria,2014,27.6,1161.4
Nigeria,2015,27.4,1052.4
Nigeria,2016,27.8,1214.9
Nigeria,2017,27.5,1172.4
Nigeria,2018,27.5,1276.8
Nigeria,2019,27.3,1311.4
Nigeria,2020,27.4,1267.9
Nigeria,2021,27.6,1131.3
Nigeria,2022,27.1,1242.2
Nigeria,2023,27.7,1266.9
Nigeria,2024,27.7,1306.7
Niue,1901,24.3,2205.5
Niue,1902,24.3,2205.5
Niue,1903,24.3,2205.5
Niue,1904,24.2,2205.5
Niue,1905,24.2,1853.5
Niue,1906,24.4,1838.1
Niue,1907,24.2,1891.3
Niue,1908,24.2,2396.3
Niue,1909,24.1,2129.8
Niue,1910,24.2,2567.1
Niue,1911,24.4,2016.3
Niue,1912,24.5,1798.0
Niue,1913,24.4,2375.9
Niue,1914,24.5,1418.2
Niue,1915,24.3,1666.6
Niue,1916,24.2,3104.6
Niue,1917,24.2,2259.2
Niue,1918,24.2,1885.1
Niue,1919,24.5,1888.2
Niue,1920,24.5,1897.2
Niue,1921,24.7,2059.7
Niue,1922,25.0,2250.7
Niue,1923,24.2,2268.3
Niue,1924,24.9,3357.9
Niue,1925,24.4,1428.4
Niue,1926,24.4,1046.3
Niue,1927,24.7,2550.1
Niue,1928,24.4,1608.3
Niue,1929,24.1,2954.6
Niue,1930,24.0,2293.9
Niue,1931,24.2,1123.7
Niue,1932,24.5,2079.4
Niue,1933,24.6,2153.6
Niue,1934,24.5,3021.4
Niue,1935,24.8,2628.4
Niue,1936,24.6,2347.3
Niue,1937,24.5,1405.5
Niue,1938,25.0,1966.5
Niue,1939,24.4,2363.6
Niue,1940,24.4,1397.9
Niue,1941,24.6,1326.2
Niue,1942,24.6,1850.6
Niue,1943,24.6,1670.1
Niue,1944,24.2,1838.4
Niue,1945,24.4,2123.1
Niue,1946,24.3,2420.5
Niue,1947,24.4,1854.3
Niue,1948,24.0,2424.0
Niue,1949,24.4,1741.4
Niue,1950,24.6,2635.3
Niue,1951,24.3,1687.5
Niue,1952,24.8,2021.2
Niue,1953,24.5,2186.2
Niue,1954,24.7,2647.9
Niue,1955,24.7,1916.9
Niue,1956,24.5,2500.1
Niue,1957,24.5,1583.3
Niue,1958,24.4,2209.9
Niue,1959,24.7,2583.6
Niue,1960,24.5,2298.1
Niue,1961,24.5,1574.4
Niue,1962,24.3,2813.2
Niue,1963,24.3,2307.7
Niue,1964,24.4,2161.8
Niue,1965,24.0,1814.5
Niue,1966,24.4,1461.7
Niue,1967,24.3,2472.5
Niue,1968,24.4,1884.4
Niue,1969,24.4,2022.7
Niue,1970,24.5,2018.0
Niue,1971,24.1,2003.5
Niue,1972,24.4,2338.6
Niue,1973,24.7,2205.5
Niue,1974,24.2,2205.5
Niue,1975,24.4,2205.5
Niue,1976,24.2,1906.9
Niue,1977,24.5,1141.0
Niue,1978,24.4,3265.1
Niue,1979,24.6,3989.5
Niue,1980,24.6,3403.7
Niue,1981,24.4,2231.6
Niue,1982,24.4,1728.9
Niue,1983,24.7,853.3
Niue,1984,24.6,2010.9
Niue,1985,24.6,2596.5
Niue,1986,24.6,2226.3
Niue,1987,24.3,2017.8
Niue,1988,25.0,2698.2
Niue,1989,24.6,2708.8
Niue,1990,24.9,1898.3
Niue,1991,24.9,1808.8
Niue,1992,24.9,1920.3
Niue,1993,24.7,1973.9
Niue,1994,24.9,1843.1
Niue,1995,25.2,1765.2
Niue,1996,25.3,2126.6
Niue,1997,25.0,2205.5
Niue,1998,25.1,2204.5
Niue,1999,25.0,2205.5
Niue,2000,25.3,2205.5
Niue,2001,25.5,1914.5
Niue,2002,25.5,2061.3
Niue,2003,25.3,1895.7
Niue,2004,25.1,2051.7
Niue,2005,25.4,2205.5
Niue,2006,25.2,2205.5
Niue,2007,25.5,2205.5
Niue,2008,25.2,2205.5
Niue,2009,25.2,2205.5
Niue,2010,24.9,2205.5
Niue,2011,24.9,2205.5
Niue,2012,25.0,2205.5
Niue,2013,25.2,2205.5
Niue,2014,25.0,2205.5
Niue,2015,24.9,2205.5
Niue,2016,25.4,2205.5
Niue,2017,25.3,2205.5
Niue,2018,25.2,2205.5
Niue,2019,25.4,2205.5
Niue,2020,25.3,2205.5
Niue,2021,25.2,2205.5
Niue,2022,25.2,2205.5
Niue,2023,25.3,2205.5
Niue,2024,25.7,2205.5
Norfolk Isl,1901,19.0,1147.8
Norfolk Isl,1902,18.6,1144.2
Norfolk Isl,1903,19.0,1722.5
Norfolk Isl,1904,18.5,1471.4
Norfolk Isl,1905,18.6,939.8
Norfolk Isl,1906,18.8,1218.8
Norfolk Isl,1907,19.0,1480.9
Norfolk Isl,1908,18.8,1574.2
Norfolk Isl,1909,19.1,1555.0
Norfolk Isl,1910,19.4,2098.4
Norfolk Isl,1911,18.8,1353.8
Norfolk Isl,1912,18.7,845.2
Norfolk Isl,1913,18.7,1428.0
Norfolk Isl,1914,18.8,858.2
Norfolk Isl,1915,19.6,1519.4
Norfolk Isl,1916,19.5,1796.3
Norfolk Isl,1917,19.1,2034.3
Norfolk Isl,1918,18.7,1442.2
Norfolk Isl,1919,18.6,1249.9
Norfolk Isl,1920,18.9,1379.6
Norfolk Isl,1921,19.0,993.2
Norfolk Isl,1922,19.0,1575.6
Norfolk Isl,1923,18.7,1511.5
Norfolk Isl,1924,18.7,1383.7
Norfolk Isl,1925,18.5,1288.0
Norfolk Isl,1926,18.7,1328.4
Norfolk Isl,1927,18.9,1553.8
Norfolk Isl,1928,18.8,1403.6
Norfolk Isl,1929,19.1,1499.7
Norfolk Isl,1930,18.6,1077.2
Norfolk Isl,1931,19.2,1309.6
Norfolk Isl,1932,18.9,1336.2
Norfolk Isl,1933,19.3,1117.8
Norfolk Isl,1934,18.7,1649.7
Norfolk Isl,1935,18.9,1373.9
Norfolk Isl,1936,18.7,1389.6
Norfolk Isl,1937,18.6,2011.6
Norfolk Isl,1938,19.3,1399.1
Norfolk Isl,1939,18.6,1114.9
Norfolk Isl,1940,18.0,1005.8
Norfolk Isl,1941,18.4,1472.1
Norfolk Isl,1942,19.1,1543.5
Norfolk Isl,1943,18.6,1457.2
Norfolk Isl,1944,18.6,1220.5
Norfolk Isl,1945,18.3,1758.1
Norfolk Isl,1946,18.9,1324.6
Norfolk Isl,1947,18.5,1630.4
Norfolk Isl,1948,18.9,1457.6
Norfolk Isl,1949,18.8,1509.5
Norfolk Isl,1950,19.2,1472.2
Norfolk Isl,1951,18.2,1261.2
Norfolk Isl,1952,18.6,1703.0
Norfolk Isl,1953,18.8,1114.2
Norfolk Isl,1954,18.9,1503.0
Norfolk Isl,1955,19.2,1955.9
Norfolk Isl,1956,18.9,1535.5
Norfolk Isl,1957,18.5,1176.3
Norfolk Isl,1958,18.9,1811.9
Norfolk Isl,1959,18.6,1501.1
Norfolk Isl,1960,18.6,1551.5
Norfolk Isl,1961,18.5,1648.2
Norfolk Isl,1962,19.0,2087.3
Norfolk Isl,1963,18.6,1222.4
Norfolk Isl,1964,18.8,1607.1
Norfolk Isl,1965,18.2,902.8
Norfolk Isl,1966,18.3,1773.1
Norfolk Isl,1967,18.8,1992.3
Norfolk Isl,1968,18.5,1142.2
Norfolk Isl,1969,18.5,1498.9
Norfolk Isl,1970,19.1,1616.7
Norfolk Isl,1971,19.0,1419.3
Norfolk Isl,1972,18.6,1124.4
Norfolk Isl,1973,19.4,1274.3
Norfolk Isl,1974,19.0,1655.6
Norfolk Isl,1975,19.1,1414.6
Norfolk Isl,1976,18.5,882.9
Norfolk Isl,1977,18.4,909.6
Norfolk Isl,1978,18.7,1458.7
Norfolk Isl,1979,18.8,1065.5
Norfolk Isl,1980,18.7,1197.6
Norfolk Isl,1981,19.1,1776.2
Norfolk Isl,1982,18.6,1232.9
Norfolk Isl,1983,18.9,1331.5
Norfolk Isl,1984,18.9,1373.6
Norfolk Isl,1985,18.8,2116.3
Norfolk Isl,1986,18.8,1611.2
Norfolk Isl,1987,18.6,1064.1
Norfolk Isl,1988,19.3,1564.6
Norfolk Isl,1989,18.9,1699.8
Norfolk Isl,1990,19.1,1176.8
Norfolk Isl,1991,18.6,941.4
Norfolk Isl,1992,18.4,1138.8
Norfolk Isl,1993,18.4,951.6
Norfolk Isl,1994,18.5,948.0
Norfolk Isl,1995,19.2,1163.6
Norfolk Isl,1996,19.3,1548.7
Norfolk Isl,1997,18.6,1150.3
Norfolk Isl,1998,19.8,1965.7
Norfolk Isl,1999,19.2,1198.0
Norfolk Isl,2000,18.8,939.3
Norfolk Isl,2001,19.1,1359.7
Norfolk Isl,2002,18.8,1468.2
Norfolk Isl,2003,18.7,1106.6
Norfolk Isl,2004,18.8,920.5
Norfolk Isl,2005,19.0,913.3
Norfolk Isl,2006,18.6,1167.2
Norfolk Isl,2007,19.1,1060.3
Norfolk Isl,2008,18.9,1796.9
Norfolk Isl,2009,19.0,1015.3
Norfolk Isl,2010,19.2,880.2
Norfolk Isl,2011,19.2,1632.3
Norfolk Isl,2012,18.8,1388.6
Norfolk Isl,2013,18.9,1043.1
Norfolk Isl,2014,19.0,1278.3
Norfolk Isl,2015,19.2,1102.0
Norfolk Isl,2016,19.8,1387.9
Norfolk Isl,2017,19.6,998.5
Norfolk Isl,2018,19.4,1280.3
Norfolk Isl,2019,19.4,1171.7
Norfolk Isl,2020,19.6,1247.5
Norfolk Isl,2021,19.6,1108.6
Norfolk Isl,2022,19.8,1690.8
Norfolk Isl,2023,19.3,1458.7
Norfolk Isl,2024,20.0,1167.8
North Korea,1901,5.8,686.1
North Korea,1902,5.9,917.9
North Korea,1903,6.0,1080.3
North Korea,1904,5.9,839.4
North Korea,1905,5.9,1010.0
North Korea,1906,5.3,722.3
North Korea,1907,5.6,791.3
North Korea,1908,5.3,849.2
North Korea,1909,5.3,950.9
North Korea,1910,5.1,867.9
North Korea,1911,5.5,1037.4
North Korea,1912,5.2,877.3
North Korea,1913,5.0,697.4
North Korea,1914,6.4,1117.5
North Korea,1915,5.4,1033.9
North Korea,1916,5.8,969.5
North Korea,1917,4.9,779.7
North Korea,1918,5.4,990.7
North Korea,1919,5.8,864.0
North Korea,1920,6.2,899.7
North Korea,1921,5.7,797.4
North Korea,1922,5.8,1167.5
North Korea,1923,5.6,1020.8
North Korea,1924,5.6,728.2
North Korea,1925,5.7,1089.5
North Korea,1926,5.6,1021.0
North Korea,1927,5.8,1033.7
North Korea,1928,5.7,998.2
North Korea,1929,5.8,889.8
North Korea,1930,6.3,979.1
North Korea,1931,5.5,1046.4
North Korea,1932,6.1,865.5
North Korea,1933,5.6,1023.5
North Korea,1934,5.5,1132.0
North Korea,1935,6.2,948.4
North Korea,1936,5.1,1089.9
North Korea,1937,6.2,893.7
North Korea,1938,6.1,1030.4
North Korea,1939,6.5,912.5
North Korea,1940,5.9,894.9
North Korea,1941,5.9,945.7
North Korea,1942,6.0,983.1
North Korea,1943,6.3,881.2
North Korea,1944,5.9,830.9
North Korea,1945,5.4,1061.9
North Korea,1946,6.3,911.8
North Korea,1947,4.8,1072.3
North Korea,1948,6.7,1027.3
North Korea,1949,6.3,887.9
North Korea,1950,6.4,902.9
North Korea,1951,6.2,1139.0
North Korea,1952,5.9,839.1
North Korea,1953,6.1,1136.3
North Korea,1954,5.9,1194.9
North Korea,1955,6.4,873.9
North Korea,1956,5.2,1174.5
North Korea,1957,5.5,1023.0
North Korea,1958,6.4,899.6
North Korea,1959,6.9,1088.8
North Korea,1960,6.4,1182.6
North Korea,1961,6.9,1062.3
North Korea,1962,6.1,1174.6
North Korea,1963,6.0,1074.6
North Korea,1964,6.3,1291.8
North Korea,1965,5.7,943.4
North Korea,1966,6.1,1217.9
North Korea,1967,6.3,1002.4
North Korea,1968,6.3,910.7
North Korea,1969,5.3,965.0
North Korea,1970,5.9,950.3
North Korea,1971,6.0,1049.4
North Korea,1972,6.2,1111.8
North Korea,1973,6.5,939.3
North Korea,1974,5.7,894.7
North Korea,1975,6.8,944.9
North Korea,1976,5.8,882.7
North Korea,1977,6.3,748.1
North Korea,1978,6.7,946.6
North Korea,1979,6.7,1039.1
North Korea,1980,5.7,834.2
North Korea,1981,6.0,959.4
North Korea,1982,6.9,861.4
North Korea,1983,6.6,993.6
North Korea,1984,6.0,967.7
North Korea,1985,6.2,1050.8
North Korea,1986,5.9,1091.5
North Korea,1987,6.3,1086.9
North Korea,1988,6.6,767.4
North Korea,1989,7.2,897.5
North Korea,1990,7.3,1288.5
North Korea,1991,6.6,849.9
North Korea,1992,6.8,941.1
North Korea,1993,6.4,865.2
North Korea,1994,7.5,962.6
North Korea,1995,6.8,1126.6
North Korea,1996,6.5,961.2
North Korea,1997,7.1,812.9
North Korea,1998,7.9,1118.5
North Korea,1999,7.2,961.0
North Korea,2000,6.8,880.8
North Korea,2001,7.0,875.2
North Korea,2002,7.3,912.4
North Korea,2003,7.2,1066.0
North Korea,2004,7.6,1090.7
North Korea,2005,6.7,1083.5
North Korea,2006,7.1,985.9
North Korea,2007,7.7,1099.7
North Korea,2008,7.4,852.6
North Korea,2009,6.9,931.5
North Korea,2010,6.7,1251.5
North Korea,2011,6.6,957.1
North Korea,2012,6.4,1195.6
North Korea,2013,6.8,1151.7
North Korea,2014,7.3,759.5
North Korea,2015,7.6,819.3
North Korea,2016,7.6,977.7
North Korea,2017,7.4,826.4
North Korea,2018,7.4,940.5
North Korea,2019,7.9,837.0
North Korea,2020,7.6,1200.6
North Korea,2021,8.0,1042.6
North Korea,2022,7.6,1221.2
North Korea,2023,8.2,1060.2
North Korea,2024,8.5,1020.6
Northern Marianas,1901,27.4,2276.9
Northern Marianas,1902,27.4,2276.9
Northern Marianas,1903,27.4,2276.9
Northern Marianas,1904,27.4,2276.9
Northern Marianas,1905,27.4,2402.4
Northern Marianas,1906,27.4,1557.3
Northern Marianas,1907,27.4,1994.7
Northern Marianas,1908,27.4,1930.3
Northern Marianas,1909,27.4,2341.7
Northern Marianas,1910,27.4,1957.8
Northern Marianas,1911,27.4,2705.0
Northern Marianas,1912,27.4,2092.1
Northern Marianas,1913,27.4,2100.6
Northern Marianas,1914,27.4,2170.7
Northern Marianas,1915,27.4,2173.9
Northern Marianas,1916,27.4,2850.8
Northern Marianas,1917,27.4,2454.5
Northern Marianas,1918,27.4,2080.8
Northern Marianas,1919,27.4,2116.1
Northern Marianas,1920,27.4,2379.0
Northern Marianas,1921,27.3,2119.6
Northern Marianas,1922,27.2,2157.2
Northern Marianas,1923,27.2,2330.3
Northern Marianas,1924,27.2,2279.8
Northern Marianas,1925,27.3,2214.6
Northern Marianas,1926,27.5,1580.2
Northern Marianas,1927,27.5,2227.8
Northern Marianas,1928,27.4,2681.3
Northern Marianas,1929,27.2,2275.7
Northern Marianas,1930,27.4,2044.1
Northern Marianas,1931,27.4,2183.5
Northern Marianas,1932,27.4,1652.6
Northern Marianas,1933,27.4,2381.8
Northern Marianas,1934,27.4,2488.7
Northern Marianas,1935,27.4,2804.5
Northern Marianas,1936,27.4,1560.6
Northern Marianas,1937,27.4,1718.8
Northern Marianas,1938,27.4,2536.2
Northern Marianas,1939,27.4,2094.5
Northern Marianas,1940,27.4,1825.5
Northern Marianas,1941,27.4,2276.9
Northern Marianas,1942,27.3,2276.9
Northern Marianas,1943,27.3,2276.9
Northern Marianas,1944,27.4,2276.9
Northern Marianas,1945,27.2,2164.3
Northern Marianas,1946,27.4,2190.3
Northern Marianas,1947,27.4,2190.5
Northern Marianas,1948,27.2,2162.5
Northern Marianas,1949,27.3,1628.6
Northern Marianas,1950,27.2,2247.4
Northern Marianas,1951,27.4,2043.7
Northern Marianas,1952,27.3,1904.7
Northern Marianas,1953,27.3,2520.0
Northern Marianas,1954,27.4,1930.8
Northern Marianas,1955,27.3,1897.8
Northern Marianas,1956,27.2,1808.6
Northern Marianas,1957,27.4,1881.0
Northern Marianas,1958,27.5,1915.1
Northern Marianas,1959,27.5,1712.1
Northern Marianas,1960,27.5,1865.0
Northern Marianas,1961,27.3,2243.6
Northern Marianas,1962,27.4,2764.2
Northern Marianas,1963,27.3,3027.4
Northern Marianas,1964,27.3,2271.1
Northern Marianas,1965,27.1,1791.2
Northern Marianas,1966,27.5,1723.8
Northern Marianas,1967,27.0,2780.1
Northern Marianas,1968,27.1,2214.4
Northern Marianas,1969,27.5,1951.2
Northern Marianas,1970,27.6,1864.2
Northern Marianas,1971,27.4,2636.3
Northern Marianas,1972,27.2,2195.1
Northern Marianas,1973,27.4,1628.3
Northern Marianas,1974,27.4,2679.2
Northern Marianas,1975,27.2,2093.5
Northern Marianas,1976,27.1,2974.9
Northern Marianas,1977,27.4,1866.9
Northern Marianas,1978,27.4,2136.2
Northern Marianas,1979,27.4,2156.6
Northern Marianas,1980,27.5,2646.8
Northern Marianas,1981,27.6,2492.2
Northern Marianas,1982,27.2,2392.7
Northern Marianas,1983,27.4,1516.0
Northern Marianas,1984,27.5,2209.0
Northern Marianas,1985,27.5,2616.8
Northern Marianas,1986,27.6,2745.6
Northern Marianas,1987,27.6,1881.8
Northern Marianas,1988,27.9,1869.6
Northern Marianas,1989,27.6,2422.1
Northern Marianas,1990,27.6,2609.3
Northern Marianas,1991,27.6,2278.0
Northern Marianas,1992,27.6,2309.6
Northern Marianas,1993,27.6,1663.6
Northern Marianas,1994,27.5,1981.7
Northern Marianas,1995,27.4,1988.7
Northern Marianas,1996,27.4,2476.4
Northern Marianas,1997,27.4,2609.3
Northern Marianas,1998,27.4,1363.2
Northern Marianas,1999,27.4,1899.5
Northern Marianas,2000,27.6,1919.0
Northern Marianas,2001,27.6,2326.7
Northern Marianas,2002,27.6,2153.2
Northern Marianas,2003,27.5,2619.6
Northern Marianas,2004,27.6,2075.2
Northern Marianas,2005,27.6,2198.6
Northern Marianas,2006,27.6,2276.9
Northern Marianas,2007,27.6,2138.3
Northern Marianas,2008,27.6,1805.6
Northern Marianas,2009,27.6,2273.7
Northern Marianas,2010,27.5,1966.8
Northern Marianas,2011,27.6,2860.7
Northern Marianas,2012,27.7,2461.1
Northern Marianas,2013,27.8,2296.5
Northern Marianas,2014,27.7,2696.7
Northern Marianas,2015,27.6,2559.3
Northern Marianas,2016,27.8,2367.0
Northern Marianas,2017,27.8,2446.6
Northern Marianas,2018,27.9,2648.6
Northern Marianas,2019,27.8,2329.6
Northern Marianas,2020,27.7,2233.2
Northern Marianas,2021,27.6,2479.3
Northern Marianas,2022,27.5,2273.0
Northern Marianas,2023,27.5,2862.2
Northern Marianas,2024,27.7,2433.4
Norway,1901,1.9,929.6
Norway,1902,0.0,950.8
Norway,1903,1.7,1083.8
Norway,1904,1.0,856.0
Norway,1905,1.6,1071.6
Norway,1906,2.0,1063.0
Norway,1907,1.6,1034.1
Norway,1908,1.7,984.2
Norway,1909,0.9,1092.5
Norway,1910,2.2,955.1
Norway,1911,2.2,1003.3
Norway,1912,1.1,956.8
Norway,1913,2.0,1009.5
Norway,1914,2.4,1043.9
Norway,1915,-0.2,866.9
Norway,1916,1.5,1035.1
Norway,1917,0.6,1070.7
Norway,1918,1.8,996.6
Norway,1919,0.8,884.4
Norway,1920,2.8,1113.2
Norway,1921,2.0,1289.6
Norway,1922,1.1,1003.9
Norway,1923,1.0,1029.0
Norway,1924,1.7,1082.4
Norway,1925,1.9,1141.1
Norway,1926,1.4,1068.8
Norway,1927,1.2,1036.9
Norway,1928,1.3,1007.3
Norway,1929,1.5,1094.9
Norway,1930,3.0,1024.4
Norway,1931,1.3,1013.1
Norway,1932,2.5,1163.8
Norway,1933,2.3,901.9
Norway,1934,3.6,1183.4
Norway,1935,2.1,1090.3
Norway,1936,2.3,1038.4
Norway,1937,2.6,892.9
Norway,1938,3.6,1281.0
Norway,1939,2.1,1036.5
Norway,1940,0.7,970.4
Norway,1941,0.4,908.1
Norway,1942,0.3,1086.8
Norway,1943,2.8,1160.0
Norway,1944,2.4,1079.7
Norway,1945,2.2,1023.5
Norway,1946,2.2,1056.7
Norway,1947,1.3,904.9
Norway,1948,2.5,1190.0
Norway,1949,3.0,1226.1
Norway,1950,2.2,1040.0
Norway,1951,1.7,995.2
Norway,1952,1.0,963.7
Norway,1953,3.1,1225.0
Norway,1954,1.9,1052.4
Norway,1955,0.7,1018.0
Norway,1956,0.7,996.7
Norway,1957,2.0,1177.9
Norway,1958,1.1,1000.1
Norway,1959,2.9,1006.2
Norway,1960,1.8,890.0
Norway,1961,2.7,1199.3
Norway,1962,1.0,1112.3
Norway,1963,1.5,1027.6
Norway,1964,2.1,1264.5
Norway,1965,1.0,990.8
Norway,1966,0.4,1042.1
Norway,1967,2.0,1301.5
Norway,1968,1.0,990.5
Norway,1969,1.2,949.3
Norway,1970,1.1,965.4
Norway,1971,1.7,1274.7
Norway,1972,2.5,1024.9
Norway,1973,1.9,1296.2
Norway,1974,3.0,1001.3
Norway,1975,2.9,1341.0
Norway,1976,1.3,934.5
Norway,1977,1.3,999.4
Norway,1978,0.9,1071.3
Norway,1979,0.9,1083.5
Norway,1980,1.1,971.6
Norway,1981,0.8,1090.5
Norway,1982,2.1,1163.7
Norway,1983,2.2,1394.4
Norway,1984,2.3,999.2
Norway,1985,0.2,1164.2
Norway,1986,1.3,1082.1
Norway,1987,0.7,1055.7
Norway,1988,2.2,1217.5
Norway,1989,3.4,1347.8
Norway,1990,3.5,1309.3
Norway,1991,2.5,1129.3
Norway,1992,3.0,1322.4
Norway,1993,1.9,1085.6
Norway,1994,2.0,1090.9
Norway,1995,2.1,1205.4
Norway,1996,1.5,983.6
Norway,1997,2.7,1122.6
Norway,1998,1.9,1236.2
Norway,1999,2.6,1308.0
Norway,2000,3.4,1332.6
Norway,2001,2.1,1198.1
Norway,2002,2.7,1069.2
Norway,2003,2.8,1140.0
Norway,2004,2.9,1180.5
Norway,2005,3.1,1237.3
Norway,2006,3.3,1237.9
Norway,2007,3.1,1273.9
Norway,2008,3.3,1206.9
Norway,2009,2.7,1138.1
Norway,2010,0.9,1023.3
Norway,2011,3.5,1290.3
Norway,2012,2.1,1225.8
Norway,2013,2.9,1146.8
Norway,2014,3.8,1113.0
Norway,2015,3.5,1343.3
Norway,2016,3.1,1125.1
Norway,2017,2.8,1350.4
Norway,2018,3.1,1087.7
Norway,2019,2.8,1253.5
Norway,2020,4.0,1377.6
Norway,2021,2.6,1124.2
Norway,2022,3.4,1172.7
Norway,2023,2.8,1299.9
Norway,2024,3.6,1331.8
Novaya Zemlya,1901,-9.8,373.8
Novaya Zemlya,1902,-10.7,354.2
Novaya Zemlya,1903,-9.6,354.2
Novaya Zemlya,1904,-9.4,354.2
Novaya Zemlya,1905,-9.4,344.8
Novaya Zemlya,1906,-9.4,375.0
Novaya Zemlya,1907,-9.5,343.5
Novaya Zemlya,1908,-9.8,338.7
Novaya Zemlya,1909,-9.5,345.9
Novaya Zemlya,1910,-9.5,351.8
Novaya Zemlya,1911,-9.8,354.2
Novaya Zemlya,1912,-10.2,354.2
Novaya Zemlya,1913,-9.6,353.7
Novaya Zemlya,1914,-9.8,318.2
Novaya Zemlya,1915,-9.7,342.5
Novaya Zemlya,1916,-9.9,337.5
Novaya Zemlya,1917,-10.5,327.8
Novaya Zemlya,1918,-10.0,328.2
Novaya Zemlya,1919,-9.9,334.2
Novaya Zemlya,1920,-8.6,338.5
Novaya Zemlya,1921,-9.1,369.6
Novaya Zemlya,1922,-9.1,314.4
Novaya Zemlya,1923,-9.1,313.4
Novaya Zemlya,1924,-8.9,349.9
Novaya Zemlya,1925,-9.8,310.8
Novaya Zemlya,1926,-9.7,229.0
Novaya Zemlya,1927,-9.8,225.8
Novaya Zemlya,1928,-9.4,265.1
Novaya Zemlya,1929,-9.9,251.4
Novaya Zemlya,1930,-9.7,261.9
Novaya Zemlya,1931,-8.8,285.0
Novaya Zemlya,1932,-9.1,281.5
Novaya Zemlya,1933,-10.3,251.1
Novaya Zemlya,1934,-8.4,246.3
Novaya Zemlya,1935,-8.8,248.7
Novaya Zemlya,1936,-8.7,298.6
Novaya Zemlya,1937,-8.5,258.5
Novaya Zemlya,1938,-8.4,332.8
Novaya Zemlya,1939,-9.2,290.4
Novaya Zemlya,1940,-9.8,346.0
Novaya Zemlya,1941,-10.7,347.3
Novaya Zemlya,1942,-9.6,312.2
Novaya Zemlya,1943,-8.0,296.3
Novaya Zemlya,1944,-8.3,268.0
Novaya Zemlya,1945,-9.5,237.8
Novaya Zemlya,1946,-9.6,248.1
Novaya Zemlya,1947,-9.4,304.8
Novaya Zemlya,1948,-8.8,285.2
Novaya Zemlya,1949,-9.3,331.9
Novaya Zemlya,1950,-8.9,250.1
Novaya Zemlya,1951,-9.1,374.9
Novaya Zemlya,1952,-9.6,319.8
Novaya Zemlya,1953,-8.3,383.4
Novaya Zemlya,1954,-7.8,334.2
Novaya Zemlya,1955,-9.9,364.6
Novaya Zemlya,1956,-9.2,386.5
Novaya Zemlya,1957,-9.5,376.0
Novaya Zemlya,1958,-10.9,378.8
Novaya Zemlya,1959,-8.4,326.1
Novaya Zemlya,1960,-10.2,307.4
Novaya Zemlya,1961,-8.6,304.6
Novaya Zemlya,1962,-8.7,344.8
Novaya Zemlya,1963,-10.7,440.9
Novaya Zemlya,1964,-10.3,356.1
Novaya Zemlya,1965,-10.1,355.0
Novaya Zemlya,1966,-11.1,399.4
Novaya Zemlya,1967,-8.3,425.3
Novaya Zemlya,1968,-11.0,390.7
Novaya Zemlya,1969,-10.6,351.3
Novaya Zemlya,1970,-9.8,365.2
Novaya Zemlya,1971,-10.2,402.1
Novaya Zemlya,1972,-9.3,409.1
Novaya Zemlya,1973,-9.6,384.8
Novaya Zemlya,1974,-8.9,384.6
Novaya Zemlya,1975,-9.1,390.8
Novaya Zemlya,1976,-9.1,311.0
Novaya Zemlya,1977,-9.6,318.2
Novaya Zemlya,1978,-10.8,263.4
Novaya Zemlya,1979,-10.5,312.5
Novaya Zemlya,1980,-10.0,320.6
Novaya Zemlya,1981,-8.6,394.5
Novaya Zemlya,1982,-9.7,409.0
Novaya Zemlya,1983,-9.1,336.9
Novaya Zemlya,1984,-8.3,313.8
Novaya Zemlya,1985,-9.9,287.7
Novaya Zemlya,1986,-9.9,314.7
Novaya Zemlya,1987,-10.3,333.4
Novaya Zemlya,1988,-9.5,345.4
Novaya Zemlya,1989,-8.9,340.6
Novaya Zemlya,1990,-8.9,356.0
Novaya Zemlya,1991,-8.8,360.3
Novaya Zemlya,1992,-9.9,340.5
Novaya Zemlya,1993,-8.7,315.8
Novaya Zemlya,1994,-9.3,320.3
Novaya Zemlya,1995,-7.8,343.4
Novaya Zemlya,1996,-8.6,334.1
Novaya Zemlya,1997,-9.7,292.5
Novaya Zemlya,1998,-10.9,273.3
Novaya Zemlya,1999,-9.5,260.6
Novaya Zemlya,2000,-8.1,291.1
Novaya Zemlya,2001,-8.9,316.4
Novaya Zemlya,2002,-9.6,319.3
Novaya Zemlya,2003,-9.0,367.7
Novaya Zemlya,2004,-8.8,299.1
Novaya Zemlya,2005,-7.4,348.3
Novaya Zemlya,2006,-8.7,278.0
Novaya Zemlya,2007,-7.3,288.4
Novaya Zemlya,2008,-7.7,306.9
Novaya Zemlya,2009,-8.6,321.1
Novaya Zemlya,2010,-8.5,369.4
Novaya Zemlya,2011,-6.7,298.9
Novaya Zemlya,2012,-6.6,307.3
Novaya Zemlya,2013,-7.8,292.0
Novaya Zemlya,2014,-8.1,305.9
Novaya Zemlya,2015,-7.1,299.3
Novaya Zemlya,2016,-5.9,309.7
Novaya Zemlya,2017,-7.0,300.8
Novaya Zemlya,2018,-7.2,354.5
Novaya Zemlya,2019,-7.8,293.9
Novaya Zemlya,2020,-5.9,314.5
Novaya Zemlya,2021,-8.4,301.1
Novaya Zemlya,2022,-6.7,339.0
Novaya Zemlya,2023,-6.7,347.2
Novaya Zemlya,2024,-7.1,290.4
Oman,1901,27.1,61.9
Oman,1902,27.0,49.8
Oman,1903,26.7,59.6
Oman,1904,26.8,52.8
Oman,1905,26.8,91.3
Oman,1906,26.8,88.1
Oman,1907,26.7,78.3
Oman,1908,27.0,49.9
Oman,1909,27.0,77.6
Oman,1910,26.7,61.2
Oman,1911,26.5,68.9
Oman,1912,26.8,101.7
Oman,1913,26.7,86.1
Oman,1914,26.9,73.4
Oman,1915,27.1,57.9
Oman,1916,27.0,108.9
Oman,1917,27.0,65.9
Oman,1918,27.0,59.9
Oman,1919,27.1,63.2
Oman,1920,27.1,49.5
Oman,1921,27.1,58.0
Oman,1922,27.1,44.6
Oman,1923,27.0,77.6
Oman,1924,27.1,48.9
Oman,1925,27.0,46.7
Oman,1926,27.1,61.0
Oman,1927,27.1,63.5
Oman,1928,26.9,74.1
Oman,1929,27.0,62.9
Oman,1930,26.9,48.3
Oman,1931,26.9,72.8
Oman,1932,26.8,72.8
Oman,1933,26.7,72.8
Oman,1934,26.8,72.8
Oman,1935,27.0,72.8
Oman,1936,26.8,66.3
Oman,1937,26.9,67.9
Oman,1938,26.9,46.9
Oman,1939,26.9,70.5
Oman,1940,27.1,64.4
Oman,1941,27.2,56.7
Oman,1942,27.0,51.7
Oman,1943,26.8,62.6
Oman,1944,27.0,37.4
Oman,1945,26.7,47.0
Oman,1946,27.0,57.4
Oman,1947,27.0,40.4
Oman,1948,26.9,51.5
Oman,1949,26.6,36.4
Oman,1950,26.5,29.2
Oman,1951,27.2,73.4
Oman,1952,27.0,37.3
Oman,1953,27.2,59.0
Oman,1954,27.2,49.7
Oman,1955,26.9,117.7
Oman,1956,26.9,36.4
Oman,1957,26.7,89.3
Oman,1958,27.3,47.4
Oman,1959,26.8,38.1
Oman,1960,27.1,106.6
Oman,1961,27.0,54.1
Oman,1962,27.0,40.1
Oman,1963,27.2,102.2
Oman,1964,26.4,37.5
Oman,1965,27.0,45.1
Oman,1966,27.0,46.5
Oman,1967,26.9,53.0
Oman,1968,26.8,48.1
Oman,1969,27.4,39.2
Oman,1970,27.4,130.1
Oman,1971,26.9,40.3
Oman,1972,26.6,120.6
Oman,1973,27.0,40.5
Oman,1974,26.9,22.6
Oman,1975,26.8,46.8
Oman,1976,27.0,97.7
Oman,1977,27.5,56.6
Oman,1978,27.2,81.5
Oman,1979,27.3,67.7
Oman,1980,27.4,28.8
Oman,1981,27.4,65.3
Oman,1982,26.9,94.5
Oman,1983,26.8,101.3
Oman,1984,26.8,29.6
Oman,1985,27.1,21.5
Oman,1986,27.0,48.3
Oman,1987,27.5,99.9
Oman,1988,27.6,66.9
Oman,1989,26.9,81.1
Oman,1990,27.5,65.5
Oman,1991,27.1,41.9
Oman,1992,26.8,79.1
Oman,1993,27.4,39.7
Oman,1994,27.4,37.1
Oman,1995,27.3,92.9
Oman,1996,27.2,59.6
Oman,1997,27.2,105.2
Oman,1998,28.1,73.3
Oman,1999,27.7,43.7
Oman,2000,27.7,32.5
Oman,2001,27.9,32.2
Oman,2002,27.9,55.2
Oman,2003,27.9,37.3
Oman,2004,28.1,55.6
Oman,2005,27.7,44.2
Oman,2006,27.9,64.1
Oman,2007,28.0,115.2
Oman,2008,27.5,32.5
Oman,2009,28.0,55.0
Oman,2010,28.3,43.2
Oman,2011,27.9,40.5
Oman,2012,27.7,44.0
Oman,2013,27.7,79.2
Oman,2014,27.7,82.5
Oman,2015,28.1,27.9
Oman,2016,28.1,41.7
Oman,2017,28.1,47.0
Oman,2018,28.1,39.7
Oman,2019,28.1,49.1
Oman,2020,27.8,67.1
Oman,2021,28.1,34.0
Oman,2022,27.9,56.3
Oman,2023,28.4,60.4
Oman,2024,28.3,93.3
Pakistan,1901,20.4,244.2
Pakistan,1902,20.7,199.4
Pakistan,1903,19.8,278.0
Pakistan,1904,20.2,241.8
Pakistan,1905,19.9,247.3
Pakistan,1906,20.1,271.8
Pakistan,1907,19.9,256.9
Pakistan,1908,19.9,359.0
Pakistan,1909,19.8,345.4
Pakistan,1910,19.8,304.1
Pakistan,1911,20.1,222.3
Pakistan,1912,20.3,258.7
Pakistan,1913,20.0,284.3
Pakistan,1914,20.3,356.4
Pakistan,1915,20.7,220.1
Pakistan,1916,20.1,337.1
Pakistan,1917,19.7,324.5
Pakistan,1918,20.1,206.4
Pakistan,1919,19.9,295.4
Pakistan,1920,19.9,209.2
Pakistan,1921,20.6,294.8
Pakistan,1922,20.3,245.5
Pakistan,1923,19.9,284.0
Pakistan,1924,20.1,312.0
Pakistan,1925,20.1,227.9
Pakistan,1926,19.9,309.7
Pakistan,1927,19.8,276.9
Pakistan,1928,20.1,239.4
Pakistan,1929,20.0,332.2
Pakistan,1930,19.8,276.0
Pakistan,1931,20.1,294.8
Pakistan,1932,20.3,291.1
Pakistan,1933,19.9,335.6
Pakistan,1934,20.0,260.6
Pakistan,1935,19.6,301.7
Pakistan,1936,20.0,269.4
Pakistan,1937,19.7,290.3
Pakistan,1938,20.1,262.2
Pakistan,1939,20.1,250.9
Pakistan,1940,20.4,253.6
Pakistan,1941,21.2,228.9
Pakistan,1942,20.4,363.4
Pakistan,1943,20.2,254.1
Pakistan,1944,20.1,416.4
Pakistan,1945,19.7,314.9
Pakistan,1946,20.6,218.7
Pakistan,1947,20.8,233.2
Pakistan,1948,20.3,310.2
Pakistan,1949,20.1,245.5
Pakistan,1950,19.2,298.8
Pakistan,1951,20.2,233.9
Pakistan,1952,20.3,212.8
Pakistan,1953,20.8,295.6
Pakistan,1954,20.2,280.6
Pakistan,1955,20.1,288.0
Pakistan,1956,20.0,407.4
Pakistan,1957,19.4,334.4
Pakistan,1958,20.8,268.7
Pakistan,1959,20.3,388.1
Pakistan,1960,20.1,257.4
Pakistan,1961,19.9,358.4
Pakistan,1962,20.0,267.5
Pakistan,1963,20.7,210.8
Pakistan,1964,19.7,289.8
Pakistan,1965,20.0,275.5
Pakistan,1966,20.1,257.3
Pakistan,1967,19.9,363.3
Pakistan,1968,19.8,207.0
Pakistan,1969,20.6,211.3
Pakistan,1970,20.6,304.3
Pakistan,1971,20.3,197.2
Pakistan,1972,19.7,265.1
Pakistan,1973,20.3,305.8
Pakistan,1974,20.0,201.3
Pakistan,1975,19.7,354.8
Pakistan,1976,20.0,383.6
Pakistan,1977,20.7,290.8
Pakistan,1978,20.3,365.0
Pakistan,1979,20.2,314.0
Pakistan,1980,20.7,284.6
Pakistan,1981,20.5,314.3
Pakistan,1982,19.8,342.8
Pakistan,1983,19.8,356.7
Pakistan,1984,20.2,276.2
Pakistan,1985,20.5,244.2
Pakistan,1986,19.9,335.1
Pakistan,1987,20.6,224.8
Pakistan,1988,21.0,320.6
Pakistan,1989,19.9,306.3
Pakistan,1990,20.6,343.2
Pakistan,1991,20.2,244.8
Pakistan,1992,20.1,341.4
Pakistan,1993,20.7,231.0
Pakistan,1994,20.5,379.9
Pakistan,1995,20.3,339.3
Pakistan,1996,20.2,330.9
Pakistan,1997,19.8,339.0
Pakistan,1998,20.8,274.8
Pakistan,1999,21.2,222.9
Pakistan,2000,21.0,207.7
Pakistan,2001,21.1,235.8
Pakistan,2002,21.2,207.1
Pakistan,2003,20.7,365.1
Pakistan,2004,21.4,243.0
Pakistan,2005,20.5,311.6
Pakistan,2006,21.1,357.5
Pakistan,2007,21.1,303.5
Pakistan,2008,21.0,321.5
Pakistan,2009,21.5,272.7
Pakistan,2010,21.5,391.7
Pakistan,2011,21.1,309.0
Pakistan,2012,20.6,256.6
Pakistan,2013,21.2,332.9
Pakistan,2014,20.8,245.3
Pakistan,2015,21.1,382.7
Pakistan,2016,21.7,276.9
Pakistan,2017,21.4,271.9
Pakistan,2018,21.7,188.2
Pakistan,2019,20.9,360.7
Pakistan,2020,20.8,394.5
Pakistan,2021,21.5,241.3
Pakistan,2022,21.7,451.8
Pakistan,2023,21.4,353.8
Pakistan,2024,21.6,354.0
Palau Isl,1901,27.6,3447.5
Palau Isl,1902,27.6,3444.6
Palau Isl,1903,27.6,3443.8
Palau Isl,1904,27.6,3442.8
Palau Isl,1905,27.6,3441.1
Palau Isl,1906,27.6,3441.3
Palau Isl,1907,27.6,3446.0
Palau Isl,1908,27.6,3443.5
Palau Isl,1909,27.6,3442.5
Palau Isl,1910,27.6,3438.3
Palau Isl,1911,27.6,3439.3
Palau Isl,1912,27.6,3437.5
Palau Isl,1913,27.6,3435.3
Palau Isl,1914,27.6,3431.0
Palau Isl,1915,27.6,3440.1
Palau Isl,1916,27.6,3451.4
Palau Isl,1917,27.6,3440.8
Palau Isl,1918,27.6,3442.0
Palau Isl,1919,27.6,3438.8
Palau Isl,1920,27.6,3446.9
Palau Isl,1921,27.5,3440.4
Palau Isl,1922,27.5,3440.3
Palau Isl,1923,27.5,3449.3
Palau Isl,1924,26.6,3610.8
Palau Isl,1925,26.8,3233.6
Palau Isl,1926,27.2,3550.5
Palau Isl,1927,27.3,4008.6
Palau Isl,1928,27.4,3686.0
Palau Isl,1929,26.9,4452.3
Palau Isl,1930,27.0,3138.0
Palau Isl,1931,27.1,3221.4
Palau Isl,1932,27.1,4395.4
Palau Isl,1933,27.2,3218.1
Palau Isl,1934,27.2,3787.5
Palau Isl,1935,27.0,3202.4
Palau Isl,1936,26.9,3696.5
Palau Isl,1937,27.0,3139.0
Palau Isl,1938,27.0,3069.2
Palau Isl,1939,27.0,3689.9
Palau Isl,1940,26.9,3297.7
Palau Isl,1941,27.0,2718.8
Palau Isl,1942,27.0,2872.6
Palau Isl,1943,26.8,3626.5
Palau Isl,1944,27.6,3442.8
Palau Isl,1945,27.6,3442.8
Palau Isl,1946,27.6,3442.8
Palau Isl,1947,27.6,3442.8
Palau Isl,1948,27.4,3438.2
Palau Isl,1949,27.2,3566.5
Palau Isl,1950,27.0,3463.8
Palau Isl,1951,27.6,2889.4
Palau Isl,1952,27.4,3787.2
Palau Isl,1953,27.6,3721.8
Palau Isl,1954,27.5,3076.9
Palau Isl,1955,27.3,3157.4
Palau Isl,1956,27.2,4254.1
Palau Isl,1957,27.5,3221.8
Palau Isl,1958,27.7,3484.1
Palau Isl,1959,27.4,3542.4
Palau Isl,1960,27.6,3574.2
Palau Isl,1961,27.3,3824.7
Palau Isl,1962,27.4,4046.5
Palau Isl,1963,27.5,3200.6
Palau Isl,1964,27.4,3066.7
Palau Isl,1965,27.2,3662.0
Palau Isl,1966,27.5,3266.3
Palau Isl,1967,27.5,3270.4
Palau Isl,1968,27.7,3078.9
Palau Isl,1969,27.6,3056.6
Palau Isl,1970,27.8,2676.5
Palau Isl,1971,27.5,3728.7
Palau Isl,1972,27.6,3499.9
Palau Isl,1973,27.8,2825.8
Palau Isl,1974,27.6,4398.4
Palau Isl,1975,27.4,3632.8
Palau Isl,1976,27.5,2976.7
Palau Isl,1977,27.7,2769.3
Palau Isl,1978,27.5,3842.3
Palau Isl,1979,27.5,3720.9
Palau Isl,1980,27.5,3946.4
Palau Isl,1981,27.5,3519.1
Palau Isl,1982,27.5,3166.0
Palau Isl,1983,27.6,2751.9
Palau Isl,1984,27.5,3572.3
Palau Isl,1985,27.4,3813.4
Palau Isl,1986,27.7,3735.9
Palau Isl,1987,27.9,3639.1
Palau Isl,1988,27.9,3737.0
Palau Isl,1989,27.7,3457.4
Palau Isl,1990,27.8,3402.4
Palau Isl,1991,27.5,4073.7
Palau Isl,1992,27.5,2874.6
Palau Isl,1993,27.5,3013.3
Palau Isl,1994,27.6,2726.6
Palau Isl,1995,27.7,3240.4
Palau Isl,1996,27.9,3042.5
Palau Isl,1997,27.8,2606.7
Palau Isl,1998,28.0,2675.7
Palau Isl,1999,27.8,3979.5
Palau Isl,2000,28.0,3629.7
Palau Isl,2001,28.1,3992.6
Palau Isl,2002,28.1,3079.1
Palau Isl,2003,27.8,4138.3
Palau Isl,2004,28.0,2738.0
Palau Isl,2005,27.9,3853.9
Palau Isl,2006,27.9,3713.4
Palau Isl,2007,27.8,3119.2
Palau Isl,2008,27.8,3643.3
Palau Isl,2009,27.9,3699.9
Palau Isl,2010,27.7,2667.3
Palau Isl,2011,27.6,4390.4
Palau Isl,2012,27.8,3124.9
Palau Isl,2013,28.0,2683.5
Palau Isl,2014,28.0,3483.6
Palau Isl,2015,28.2,2258.9
Palau Isl,2016,28.3,2776.8
Palau Isl,2017,28.1,4151.3
Palau Isl,2018,28.1,3066.6
Palau Isl,2019,27.7,3312.4
Palau Isl,2020,27.5,3523.4
Palau Isl,2021,27.2,4353.3
Palau Isl,2022,27.2,4213.9
Palau Isl,2023,27.3,3717.9
Palau Isl,2024,27.9,3613.4
Panama,1901,25.6,2563.2
Panama,1902,25.6,2495.9
Panama,1903,25.6,2566.5
Panama,1904,25.6,2565.9
Panama,1905,25.6,2537.8
Panama,1906,25.6,2493.4
Panama,1907,25.6,2409.4
Panama,1908,25.6,2519.2
Panama,1909,25.6,2582.8
Panama,1910,25.6,2483.4
Panama,1911,25.6,2490.7
Panama,1912,25.6,2464.3
Panama,1913,25.6,2528.7
Panama,1914,25.6,2429.6
Panama,1915,25.8,2590.5
Panama,1916,25.7,2628.1
Panama,1917,25.5,2567.3
Panama,1918,25.5,2449.3
Panama,1919,25.6,2498.9
Panama,1920,25.6,2472.2
Panama,1921,25.5,2461.3
Panama,1922,25.4,2450.7
Panama,1923,25.5,2410.4
Panama,1924,25.6,2558.8
Panama,1925,25.4,2478.0
Panama,1926,25.7,2452.1
Panama,1927,25.5,2471.3
Panama,1928,25.6,2430.2
Panama,1929,25.6,2339.4
Panama,1930,25.6,2324.7
Panama,1931,25.7,2408.9
Panama,1932,25.6,2454.1
Panama,1933,25.7,2531.3
Panama,1934,25.7,2522.6
Panama,1935,25.7,2549.5
Panama,1936,25.8,2486.9
Panama,1937,25.7,2606.3
Panama,1938,25.6,2617.1
Panama,1939,25.7,2500.2
Panama,1940,25.7,2389.4
Panama,1941,26.3,2284.6
Panama,1942,25.7,2520.9
Panama,1943,25.6,2498.0
Panama,1944,25.5,2380.9
Panama,1945,25.6,2396.4
Panama,1946,25.7,2391.8
Panama,1947,25.8,2457.3
Panama,1948,25.8,2339.4
Panama,1949,25.5,2589.9
Panama,1950,25.2,2657.6
Panama,1951,25.7,2499.2
Panama,1952,25.9,2426.5
Panama,1953,25.9,2305.9
Panama,1954,25.4,2442.6
Panama,1955,25.4,2638.0
Panama,1956,25.7,2611.3
Panama,1957,26.0,2323.7
Panama,1958,26.3,2253.3
Panama,1959,25.8,2371.4
Panama,1960,25.7,2522.2
Panama,1961,25.6,2493.9
Panama,1962,25.4,2522.6
Panama,1963,25.7,2417.2
Panama,1964,25.5,2450.0
Panama,1965,25.5,2301.6
Panama,1966,25.7,2516.9
Panama,1967,25.3,2550.4
Panama,1968,25.3,2470.9
Panama,1969,25.9,2478.4
Panama,1970,25.6,2828.7
Panama,1971,25.2,2602.5
Panama,1972,25.7,2494.2
Panama,1973,25.7,2759.2
Panama,1974,25.2,2639.8
Panama,1975,25.0,2848.7
Panama,1976,25.3,2331.9
Panama,1977,25.6,2295.9
Panama,1978,25.7,2442.8
Panama,1979,25.7,2553.5
Panama,1980,25.9,2452.4
Panama,1981,25.6,2816.0
Panama,1982,25.7,2405.0
Panama,1983,26.2,2387.2
Panama,1984,25.4,2654.7
Panama,1985,25.5,2412.6
Panama,1986,25.6,2499.2
Panama,1987,26.1,2565.7
Panama,1988,25.7,2645.1
Panama,1989,25.6,2477.5
Panama,1990,26.0,2549.3
Panama,1991,26.0,2450.8
Panama,1992,26.0,2329.1
Panama,1993,26.1,2426.6
Panama,1994,25.9,2414.6
Panama,1995,26.0,2491.9
Panama,1996,25.7,2577.2
Panama,1997,26.1,2470.9
Panama,1998,26.4,2498.8
Panama,1999,25.6,2639.8
Panama,2000,25.6,2531.5
Panama,2001,25.9,2533.1
Panama,2002,26.1,2548.8
Panama,2003,26.2,2599.5
Panama,2004,25.9,2594.4
Panama,2005,26.0,2481.7
Panama,2006,26.0,2485.2
Panama,2007,25.9,2647.8
Panama,2008,25.7,2635.0
Panama,2009,26.1,2507.1
Panama,2010,26.2,2669.5
Panama,2011,25.9,2696.9
Panama,2012,26.1,2351.5
Panama,2013,26.3,2338.7
Panama,2014,26.4,2504.1
Panama,2015,26.6,2306.5
Panama,2016,26.6,2360.7
Panama,2017,26.1,2471.8
Panama,2018,26.0,2612.9
Panama,2019,26.3,2557.6
Panama,2020,26.3,2581.4
Panama,2021,26.0,2584.7
Panama,2022,25.7,2472.5
Panama,2023,26.5,2372.3
Panama,2024,26.6,2622.7
Papua New Guinea,1901,25.1,3539.5
Papua New Guinea,1902,25.1,3019.9
Papua New Guinea,1903,25.1,2883.4
Papua New Guinea,1904,24.9,3074.3
Papua New Guinea,1905,25.0,2817.6
Papua New Guinea,1906,25.2,3126.8
Papua New Guinea,1907,25.0,3226.4
Papua New Guinea,1908,24.9,3493.1
Papua New Guinea,1909,25.3,3407.7
Papua New Guinea,1910,25.2,3028.3
Papua New Guinea,1911,25.0,2726.9
Papua New Guinea,1912,25.2,2887.9
Papua New Guinea,1913,24.9,2929.2
Papua New Guinea,1914,24.9,2551.8
Papua New Guinea,1915,25.3,3093.1
Papua New Guinea,1916,25.3,3132.9
Papua New Guinea,1917,25.2,3253.7
Papua New Guinea,1918,24.8,2813.5
Papua New Guinea,1919,24.9,3184.5
Papua New Guinea,1920,25.1,3338.1
Papua New Guinea,1921,25.0,3381.9
Papua New Guinea,1922,25.0,3186.2
Papua New Guinea,1923,24.9,2912.5
Papua New Guinea,1924,25.2,3012.4
Papua New Guinea,1925,24.9,3001.3
Papua New Guinea,1926,25.3,3078.7
Papua New Guinea,1927,25.1,3156.9
Papua New Guinea,1928,25.1,3142.8
Papua New Guinea,1929,24.9,3164.5
Papua New Guinea,1930,24.9,2957.8
Papua New Guinea,1931,25.0,2641.0
Papua New Guinea,1932,25.1,2773.1
Papua New Guinea,1933,25.2,3229.5
Papua New Guinea,1934,25.1,3073.4
Papua New Guinea,1935,25.0,3098.9
Papua New Guinea,1936,25.0,3526.0
Papua New Guinea,1937,25.1,3095.7
Papua New Guinea,1938,25.1,3076.1
Papua New Guinea,1939,25.0,3363.7
Papua New Guinea,1940,25.0,3092.5
Papua New Guinea,1941,24.8,2495.7
Papua New Guinea,1942,25.3,2901.6
Papua New Guinea,1943,25.1,3484.4
Papua New Guinea,1944,24.9,3001.8
Papua New Guinea,1945,25.0,3172.6
Papua New Guinea,1946,24.8,3026.5
Papua New Guinea,1947,25.2,3059.5
Papua New Guinea,1948,25.1,3151.8
Papua New Guinea,1949,25.1,3262.8
Papua New Guinea,1950,25.2,3237.5
Papua New Guinea,1951,25.1,2892.1
Papua New Guinea,1952,25.4,3456.7
Papua New Guinea,1953,25.0,3108.2
Papua New Guinea,1954,25.1,3062.1
Papua New Guinea,1955,25.1,2900.6
Papua New Guinea,1956,25.4,2968.7
Papua New Guinea,1957,25.0,3089.4
Papua New Guinea,1958,25.3,2930.3
Papua New Guinea,1959,25.0,2910.7
Papua New Guinea,1960,24.9,3305.5
Papua New Guinea,1961,24.8,3308.5
Papua New Guinea,1962,25.1,3212.9
Papua New Guinea,1963,24.9,2932.1
Papua New Guinea,1964,25.1,3205.0
Papua New Guinea,1965,24.5,2755.8
Papua New Guinea,1966,24.8,3225.6
Papua New Guinea,1967,24.7,3213.0
Papua New Guinea,1968,24.9,2818.2
Papua New Guinea,1969,25.1,3194.2
Papua New Guinea,1970,25.2,3426.7
Papua New Guinea,1971,25.1,3317.5
Papua New Guinea,1972,24.7,2662.6
Papua New Guinea,1973,25.3,3492.3
Papua New Guinea,1974,25.1,2960.8
Papua New Guinea,1975,25.1,3363.8
Papua New Guinea,1976,24.9,2999.5
Papua New Guinea,1977,25.0,3268.8
Papua New Guinea,1978,25.2,3077.8
Papua New Guinea,1979,25.2,2837.1
Papua New Guinea,1980,25.3,2946.3
Papua New Guinea,1981,25.4,3166.7
Papua New Guinea,1982,25.0,2543.9
Papua New Guinea,1983,25.5,3317.2
Papua New Guinea,1984,25.3,3002.8
Papua New Guinea,1985,25.2,3390.7
Papua New Guinea,1986,25.4,2960.2
Papua New Guinea,1987,25.4,2650.0
Papua New Guinea,1988,25.6,3234.7
Papua New Guinea,1989,25.4,3195.4
Papua New Guinea,1990,25.5,3249.1
Papua New Guinea,1991,25.2,2917.9
Papua New Guinea,1992,25.4,2746.9
Papua New Guinea,1993,25.3,2538.5
Papua New Guinea,1994,25.2,2626.5
Papua New Guinea,1995,25.1,3125.4
Papua New Guinea,1996,25.1,3277.8
Papua New Guinea,1997,25.0,3072.6
Papua New Guinea,1998,25.2,3126.5
Papua New Guinea,1999,25.1,3153.4
Papua New Guinea,2000,25.1,3089.2
Papua New Guinea,2001,25.1,3102.9
Papua New Guinea,2002,25.1,3108.0
Papua New Guinea,2003,25.3,3083.8
Papua New Guinea,2004,25.2,3096.0
Papua New Guinea,2005,25.1,3099.4
Papua New Guinea,2006,25.1,3089.0
Papua New Guinea,2007,25.1,3118.8
Papua New Guinea,2008,25.1,3119.2
Papua New Guinea,2009,25.1,3136.7
Papua New Guinea,2010,25.2,3188.8
Papua New Guinea,2011,25.1,3118.4
Papua New Guinea,2012,25.2,3136.9
Papua New Guinea,2013,25.2,3112.5
Papua New Guinea,2014,25.2,3129.6
Papua New Guinea,2015,25.2,3073.0
Papua New Guinea,2016,25.3,3099.1
Papua New Guinea,2017,25.2,3089.6
Papua New Guinea,2018,25.2,3078.9
Papua New Guinea,2019,25.2,3122.5
Papua New Guinea,2020,25.2,3095.6
Papua New Guinea,2021,25.3,3149.2
Papua New Guinea,2022,25.3,3110.6
Papua New Guinea,2023,25.2,3129.7
Papua New Guinea,2024,25.3,3140.1
Paracel Isl,1901,26.6,2183.0
Paracel Isl,1902,27.0,2183.0
Paracel Isl,1903,26.4,2183.0
Paracel Isl,1904,26.3,2183.0
Paracel Isl,1905,26.4,2183.0
Paracel Isl,1906,26.5,2183.0
Paracel Isl,1907,26.5,2183.0
Paracel Isl,1908,26.4,2183.0
Paracel Isl,1909,26.7,2183.0
Paracel Isl,1910,26.5,2183.0
Paracel Isl,1911,26.5,2183.0
Paracel Isl,1912,26.5,2168.5
Paracel Isl,1913,26.3,2181.6
Paracel Isl,1914,26.8,2188.3
Paracel Isl,1915,26.9,2180.8
Paracel Isl,1916,26.4,2171.6
Paracel Isl,1917,26.1,2183.8
Paracel Isl,1918,26.3,2182.4
Paracel Isl,1919,26.6,2190.6
Paracel Isl,1920,26.5,2174.7
Paracel Isl,1921,26.5,2164.3
Paracel Isl,1922,26.8,2179.2
Paracel Isl,1923,26.9,2198.1
Paracel Isl,1924,26.8,2202.0
Paracel Isl,1925,26.4,2144.1
Paracel Isl,1926,26.6,2228.5
Paracel Isl,1927,26.6,2192.8
Paracel Isl,1928,26.9,2252.6
Paracel Isl,1929,26.9,2118.7
Paracel Isl,1930,26.7,2208.3
Paracel Isl,1931,26.9,2169.8
Paracel Isl,1932,26.5,2098.7
Paracel Isl,1933,26.8,2135.2
Paracel Isl,1934,26.2,2140.7
Paracel Isl,1935,26.9,2143.1
Paracel Isl,1936,26.4,2125.3
Paracel Isl,1937,27.1,2150.1
Paracel Isl,1938,26.8,2155.5
Paracel Isl,1939,26.7,2183.0
Paracel Isl,1940,26.9,2183.0
Paracel Isl,1941,27.0,2151.1
Paracel Isl,1942,26.9,2163.1
Paracel Isl,1943,26.8,2166.4
Paracel Isl,1944,26.6,2183.0
Paracel Isl,1945,25.9,2183.0
Paracel Isl,1946,27.0,2183.0
Paracel Isl,1947,26.1,2203.7
Paracel Isl,1948,26.7,2118.1
Paracel Isl,1949,27.1,2138.6
Paracel Isl,1950,26.8,2216.0
Paracel Isl,1951,26.4,2242.0
Paracel Isl,1952,27.2,2203.1
Paracel Isl,1953,26.9,2672.6
Paracel Isl,1954,26.9,2231.0
Paracel Isl,1955,26.8,2008.4
Paracel Isl,1956,26.6,2120.7
Paracel Isl,1957,26.5,2415.8
Paracel Isl,1958,26.8,2012.7
Paracel Isl,1959,27.0,1906.2
Paracel Isl,1960,26.9,2290.6
Paracel Isl,1961,26.9,1881.5
Paracel Isl,1962,26.4,1991.9
Paracel Isl,1963,26.7,1625.5
Paracel Isl,1964,26.6,2850.2
Paracel Isl,1965,26.8,2644.7
Paracel Isl,1966,27.3,2070.7
Paracel Isl,1967,26.2,2006.8
Paracel Isl,1968,26.3,1257.1
Paracel Isl,1969,26.3,1608.5
Paracel Isl,1970,26.3,2690.9
Paracel Isl,1971,26.1,2341.6
Paracel Isl,1972,26.4,2608.9
Paracel Isl,1973,26.9,2658.9
Paracel Isl,1974,26.2,2402.6
Paracel Isl,1975,26.5,2320.3
Paracel Isl,1976,26.1,1844.6
Paracel Isl,1977,26.8,1755.2
Paracel Isl,1978,26.5,3117.4
Paracel Isl,1979,26.7,1848.7
Paracel Isl,1980,26.9,2067.6
Paracel Isl,1981,26.8,2354.0
Paracel Isl,1982,26.6,2311.6
Paracel Isl,1983,26.4,1853.7
Paracel Isl,1984,26.1,2018.1
Paracel Isl,1985,26.2,2123.0
Paracel Isl,1986,26.6,1983.6
Paracel Isl,1987,27.3,1371.3
Paracel Isl,1988,26.6,2585.8
Paracel Isl,1989,26.8,2307.9
Paracel Isl,1990,27.0,3133.8
Paracel Isl,1991,27.3,1786.9
Paracel Isl,1992,26.6,2177.6
Paracel Isl,1993,26.9,1997.9
Paracel Isl,1994,27.3,2136.8
Paracel Isl,1995,26.6,2512.9
Paracel Isl,1996,26.7,2643.7
Paracel Isl,1997,26.9,2573.4
Paracel Isl,1998,27.6,2271.7
Paracel Isl,1999,27.2,2518.3
Paracel Isl,2000,27.0,2646.8
Paracel Isl,2001,27.2,2306.6
Paracel Isl,2002,27.5,2490.4
Paracel Isl,2003,27.5,2001.1
Paracel Isl,2004,27.0,1295.5
Paracel Isl,2005,27.0,2148.4
Paracel Isl,2006,27.4,2106.4
Paracel Isl,2007,27.1,1888.1
Paracel Isl,2008,26.4,2166.7
Paracel Isl,2009,26.9,2637.5
Paracel Isl,2010,26.9,2372.2
Paracel Isl,2011,26.2,2466.8
Paracel Isl,2012,26.8,2949.6
Paracel Isl,2013,26.7,2674.0
Paracel Isl,2014,27.0,2339.9
Paracel Isl,2015,27.5,1942.3
Paracel Isl,2016,27.2,2308.1
Paracel Isl,2017,27.2,2702.1
Paracel Isl,2018,27.1,1501.3
Paracel Isl,2019,27.8,2312.0
Paracel Isl,2020,27.7,2298.2
Paracel Isl,2021,27.6,1719.9
Paracel Isl,2022,27.1,2460.1
Paracel Isl,2023,27.7,1685.0
Paracel Isl,2024,27.8,2506.3
Paraguay,1901,24.2,1039.5
Paraguay,1902,24.3,1161.5
Paraguay,1903,23.7,1236.0
Paraguay,1904,23.7,1139.5
Paraguay,1905,23.7,1343.7
Paraguay,1906,24.2,819.6
Paraguay,1907,23.8,1196.7
Paraguay,1908,23.9,1242.4
Paraguay,1909,23.7,953.5
Paraguay,1910,23.8,1001.7
Paraguay,1911,23.5,1231.4
Paraguay,1912,23.7,1049.5
Paraguay,1913,23.5,1056.2
Paraguay,1914,23.4,1314.4
Paraguay,1915,23.3,1087.3
Paraguay,1916,23.2,1092.3
Paraguay,1917,23.0,939.5
Paraguay,1918,23.2,1261.3
Paraguay,1919,24.0,1337.7
Paraguay,1920,23.5,1180.3
Paraguay,1921,23.3,1155.5
Paraguay,1922,23.2,1116.4
Paraguay,1923,23.3,1138.7
Paraguay,1924,23.1,925.7
Paraguay,1925,23.4,1199.4
Paraguay,1926,24.1,1056.8
Paraguay,1927,23.5,1033.2
Paraguay,1928,23.1,1240.5
Paraguay,1929,23.4,1071.5
Paraguay,1930,23.8,1132.1
Paraguay,1931,23.4,1086.0
Paraguay,1932,24.2,1230.0
Paraguay,1933,24.1,946.3
Paraguay,1934,23.8,915.9
Paraguay,1935,24.2,1146.1
Paraguay,1936,24.2,1067.1
Paraguay,1937,24.0,938.3
Paraguay,1938,23.5,1072.9
Paraguay,1939,23.9,1402.0
Paraguay,1940,23.7,1342.7
Paraguay,1941,23.5,1231.0
Paraguay,1942,23.5,1122.6
Paraguay,1943,24.0,1122.3
Paraguay,1944,24.9,793.0
Paraguay,1945,24.7,1048.2
Paraguay,1946,23.8,1364.3
Paraguay,1947,24.0,1132.5
Paraguay,1948,24.3,1009.9
Paraguay,1949,24.2,1049.9
Paraguay,1950,24.1,1279.7
Paraguay,1951,24.2,1147.8
Paraguay,1952,24.1,1210.2
Paraguay,1953,24.5,1163.7
Paraguay,1954,24.1,1271.2
Paraguay,1955,23.9,1012.9
Paraguay,1956,23.2,1282.9
Paraguay,1957,23.9,1295.0
Paraguay,1958,24.2,1287.1
Paraguay,1959,24.3,1210.8
Paraguay,1960,24.1,1147.9
Paraguay,1961,24.7,1265.5
Paraguay,1962,23.5,949.0
Paraguay,1963,24.9,1092.0
Paraguay,1964,23.7,1075.7
Paraguay,1965,24.0,1438.3
Paraguay,1966,24.0,1084.2
Paraguay,1967,24.2,958.1
Paraguay,1968,23.8,1052.4
Paraguay,1969,23.8,1226.6
Paraguay,1970,23.9,1044.5
Paraguay,1971,23.1,1223.4
Paraguay,1972,23.8,1188.1
Paraguay,1973,23.5,1232.5
Paraguay,1974,23.3,1163.6
Paraguay,1975,23.3,1190.5
Paraguay,1976,23.0,1080.3
Paraguay,1977,24.3,1092.1
Paraguay,1978,24.0,896.9
Paraguay,1979,23.5,1234.3
Paraguay,1980,23.8,1061.4
Paraguay,1981,23.8,1003.4
Paraguay,1982,23.9,1339.1
Paraguay,1983,23.2,1506.4
Paraguay,1984,23.6,1286.6
Paraguay,1985,24.1,1022.5
Paraguay,1986,24.3,1349.7
Paraguay,1987,23.3,1318.0
Paraguay,1988,23.3,963.3
Paraguay,1989,23.4,1199.7
Paraguay,1990,23.5,1356.9
Paraguay,1991,24.1,1161.7
Paraguay,1992,23.3,1517.7
Paraguay,1993,23.7,1028.3
Paraguay,1994,24.5,1152.5
Paraguay,1995,23.8,1073.5
Paraguay,1996,23.4,1342.4
Paraguay,1997,24.4,1387.1
Paraguay,1998,23.4,1457.4
Paraguay,1999,23.6,990.0
Paraguay,2000,23.5,1232.5
Paraguay,2001,24.4,1102.9
Paraguay,2002,24.2,1210.4
Paraguay,2003,24.0,1230.1
Paraguay,2004,23.7,1204.7
Paraguay,2005,23.8,1051.1
Paraguay,2006,24.3,1188.9
Paraguay,2007,23.7,1128.0
Paraguay,2008,23.8,1104.7
Paraguay,2009,24.0,1221.2
Paraguay,2010,23.5,1183.4
Paraguay,2011,23.8,1193.5
Paraguay,2012,24.5,1166.8
Paraguay,2013,23.7,1150.4
Paraguay,2014,24.6,1405.7
Paraguay,2015,24.6,1466.9
Paraguay,2016,23.6,1307.1
Paraguay,2017,24.5,1253.4
Paraguay,2018,23.9,1285.7
Paraguay,2019,24.4,1144.7
Paraguay,2020,24.6,944.6
Paraguay,2021,24.1,995.1
Paraguay,2022,23.9,996.6
Paraguay,2023,25.1,1168.8
Paraguay,2024,24.9,1088.5
Peru,1901,19.4,1532.3
Peru,1902,19.4,1560.0
Peru,1903,19.3,1554.7
Peru,1904,19.2,1533.1
Peru,1905,19.4,1511.0
Peru,1906,19.3,1531.1
Peru,1907,19.3,1607.4
Peru,1908,19.3,1549.1
Peru,1909,19.2,1521.3
Peru,1910,18.8,1525.5
Peru,1911,19.2,1559.5
Peru,1912,19.5,1541.0
Peru,1913,19.6,1537.1
Peru,1914,19.5,1531.1
Peru,1915,19.6,1539.2
Peru,1916,19.0,1549.0
Peru,1917,19.4,1584.3
Peru,1918,19.6,1574.1
Peru,1919,19.6,1579.9
Peru,1920,19.1,1602.0
Peru,1921,18.9,1586.9
Peru,1922,19.6,1584.6
Peru,1923,19.6,1575.6
Peru,1924,19.6,1541.7
Peru,1925,19.6,1629.5
Peru,1926,19.9,1519.5
Peru,1927,19.8,1548.6
Peru,1928,19.9,1561.7
Peru,1929,19.8,1560.1
Peru,1930,19.7,1566.7
Peru,1931,19.7,1483.4
Peru,1932,19.7,1602.0
Peru,1933,19.6,1534.4
Peru,1934,19.6,1594.0
Peru,1935,19.6,1500.0
Peru,1936,19.7,1445.9
Peru,1937,19.9,1403.1
Peru,1938,19.7,1395.4
Peru,1939,19.9,1571.0
Peru,1940,20.1,1537.0
Peru,1941,20.3,1606.8
Peru,1942,20.1,1399.5
Peru,1943,20.7,1543.1
Peru,1944,20.6,1448.4
Peru,1945,20.4,1572.3
Peru,1946,19.9,1715.7
Peru,1947,19.7,1520.5
Peru,1948,19.5,1575.9
Peru,1949,19.2,1575.1
Peru,1950,18.7,1510.3
Peru,1951,19.2,1532.5
Peru,1952,19.0,1497.1
Peru,1953,19.4,1705.1
Peru,1954,18.9,1518.2
Peru,1955,18.9,1514.1
Peru,1956,18.7,1485.2
Peru,1957,19.6,1501.3
Peru,1958,19.6,1669.3
Peru,1959,19.5,1669.4
Peru,1960,19.4,1495.7
Peru,1961,19.6,1565.3
Peru,1962,19.6,1518.1
Peru,1963,19.7,1468.8
Peru,1964,19.3,1509.3
Peru,1965,20.0,1607.0
Peru,1966,19.6,1459.8
Peru,1967,19.3,1580.9
Peru,1968,19.3,1494.4
Peru,1969,20.2,1448.3
Peru,1970,19.5,1688.2
Peru,1971,19.1,1563.4
Peru,1972,20.1,1741.6
Peru,1973,19.3,1817.4
Peru,1974,18.8,1583.2
Peru,1975,18.9,1766.1
Peru,1976,19.4,1622.3
Peru,1977,19.5,1656.8
Peru,1978,19.3,1474.7
Peru,1979,19.6,1311.0
Peru,1980,19.7,1474.2
Peru,1981,19.3,1719.4
Peru,1982,19.8,1662.1
Peru,1983,20.4,1463.2
Peru,1984,19.4,1536.9
Peru,1985,19.2,1193.0
Peru,1986,19.4,1512.5
Peru,1987,20.2,1407.3
Peru,1988,19.5,1314.4
Peru,1989,19.3,1428.8
Peru,1990,19.5,1485.8
Peru,1991,19.7,1301.1
Peru,1992,20.0,1352.2
Peru,1993,19.8,1603.2
Peru,1994,19.8,1585.0
Peru,1995,19.8,1371.3
Peru,1996,19.2,1487.7
Peru,1997,20.3,1533.3
Peru,1998,20.5,1478.0
Peru,1999,19.4,1704.8
Peru,2000,19.5,1623.3
Peru,2001,19.5,1685.6
Peru,2002,19.8,1637.6
Peru,2003,19.8,1705.5
Peru,2004,19.9,1692.3
Peru,2005,19.7,1486.6
Peru,2006,19.9,1746.8
Peru,2007,19.3,1641.9
Peru,2008,19.5,1630.5
Peru,2009,19.9,1646.6
Peru,2010,19.8,1360.1
Peru,2011,19.6,1564.8
Peru,2012,19.8,1448.2
Peru,2013,19.4,1542.0
Peru,2014,19.8,1519.0
Peru,2015,20.4,1522.4
Peru,2016,20.3,1455.6
Peru,2017,20.0,1659.8
Peru,2018,19.7,1535.0
Peru,2019,19.8,1684.4
Peru,2020,20.0,1258.3
Peru,2021,19.8,1465.8
Peru,2022,19.6,1199.4
Peru,2023,21.1,1427.6
Peru,2024,20.3,1367.2
Philippines,1901,26.3,2526.1
Philippines,1902,26.3,2443.1
Philippines,1903,26.1,2243.1
Philippines,1904,25.5,2734.6
Philippines,1905,25.8,2107.8
Philippines,1906,26.1,2578.2
Philippines,1907,25.8,2405.7
Philippines,1908,25.7,2933.4
Philippines,1909,26.0,2685.4
Philippines,1910,25.7,2978.5
Philippines,1911,25.7,2354.4
Philippines,1912,26.0,2246.7
Philippines,1913,25.8,2377.1
Philippines,1914,26.0,2049.0
Philippines,1915,26.4,2319.7
Philippines,1916,25.9,3009.0
Philippines,1917,25.6,2863.8
Philippines,1918,25.5,2602.7
Philippines,1919,26.0,2429.5
Philippines,1920,26.0,2328.3
Philippines,1921,25.8,2944.6
Philippines,1922,26.0,2700.2
Philippines,1923,25.7,2809.9
Philippines,1924,26.0,2904.2
Philippines,1925,25.8,2723.9
Philippines,1926,26.0,2692.0
Philippines,1927,26.1,2470.3
Philippines,1928,26.2,2620.0
Philippines,1929,25.8,2681.7
Philippines,1930,26.2,2269.8
Philippines,1931,26.5,2446.2
Philippines,1932,26.0,2667.1
Philippines,1933,26.2,2630.5
Philippines,1934,25.9,3396.5
Philippines,1935,26.1,2479.4
Philippines,1936,26.2,2631.0
Philippines,1937,26.3,2653.3
Philippines,1938,26.2,2699.5
Philippines,1939,26.1,2900.8
Philippines,1940,26.1,2296.9
Philippines,1941,26.2,2422.9
Philippines,1942,26.2,2418.4
Philippines,1943,26.0,2420.9
Philippines,1944,26.1,2422.8
Philippines,1945,26.0,2429.4
Philippines,1946,26.3,2400.2
Philippines,1947,26.5,2766.8
Philippines,1948,26.4,2266.0
Philippines,1949,26.0,2397.5
Philippines,1950,26.0,2469.6
Philippines,1951,26.1,2438.6
Philippines,1952,26.2,2766.2
Philippines,1953,26.1,2554.6
Philippines,1954,26.0,2464.0
Philippines,1955,25.8,2435.6
Philippines,1956,25.8,3089.6
Philippines,1957,26.1,2118.2
Philippines,1958,26.1,2174.8
Philippines,1959,26.1,2345.0
Philippines,1960,26.1,2572.1
Philippines,1961,26.0,2412.5
Philippines,1962,25.8,2659.0
Philippines,1963,25.7,2223.8
Philippines,1964,26.0,2715.4
Philippines,1965,25.9,2465.3
Philippines,1966,26.3,2528.6
Philippines,1967,25.8,2336.5
Philippines,1968,25.9,1980.6
Philippines,1969,26.2,2002.7
Philippines,1970,26.3,2583.7
Philippines,1971,25.7,2936.0
Philippines,1972,26.0,2495.3
Philippines,1973,26.3,2452.9
Philippines,1974,26.0,2609.2
Philippines,1975,26.0,2508.8
Philippines,1976,25.9,2370.8
Philippines,1977,26.2,2229.0
Philippines,1978,26.2,2310.5
Philippines,1979,26.3,2155.3
Philippines,1980,26.4,2492.1
Philippines,1981,26.0,2236.2
Philippines,1982,26.2,2144.4
Philippines,1983,26.5,2064.8
Philippines,1984,26.3,2656.4
Philippines,1985,26.4,2553.2
Philippines,1986,26.3,2666.5
Philippines,1987,26.8,1969.2
Philippines,1988,26.7,2576.8
Philippines,1989,26.3,2592.5
Philippines,1990,26.6,2418.5
Philippines,1991,26.6,2035.4
Philippines,1992,26.4,1905.7
Philippines,1993,26.5,2302.3
Philippines,1994,26.6,2252.2
Philippines,1995,26.5,2694.7
Philippines,1996,26.4,2550.7
Philippines,1997,26.5,2029.3
Philippines,1998,27.1,2193.1
Philippines,1999,26.5,3273.2
Philippines,2000,26.7,3051.7
Philippines,2001,26.7,2836.7
Philippines,2002,26.6,2375.0
Philippines,2003,26.5,2532.2
Philippines,2004,26.6,2357.0
Philippines,2005,26.7,2498.2
Philippines,2006,26.7,2538.4
Philippines,2007,26.7,2687.4
Philippines,2008,26.4,3100.6
Philippines,2009,26.4,2756.7
Philippines,2010,26.6,2514.8
Philippines,2011,26.4,3254.9
Philippines,2012,26.7,2912.7
Philippines,2013,26.7,2685.9
Philippines,2014,26.6,2503.8
Philippines,2015,26.8,2342.0
Philippines,2016,27.2,2441.4
Philippines,2017,26.7,3130.6
Philippines,2018,26.9,2747.1
Philippines,2019,27.0,2307.3
Philippines,2020,27.1,2503.6
Philippines,2021,27.0,2750.1
Philippines,2022,27.0,3006.6
Philippines,2023,27.3,2575.4
Philippines,2024,27.5,2719.4
Phoenix Isl,1901,27.9,1491.6
Phoenix Isl,1902,27.9,1491.6
Phoenix Isl,1903,27.9,1491.6
Phoenix Isl,1904,27.9,1491.6
Phoenix Isl,1905,27.9,1491.6
Phoenix Isl,1906,27.9,1491.6
Phoenix Isl,1907,27.9,1491.6
Phoenix Isl,1908,27.9,1491.6
Phoenix Isl,1909,27.9,1491.6
Phoenix Isl,1910,27.9,1491.6
Phoenix Isl,1911,27.9,1491.6
Phoenix Isl,1912,27.9,1491.6
Phoenix Isl,1913,27.9,1491.6
Phoenix Isl,1914,27.9,1491.6
Phoenix Isl,1915,27.9,1491.6
Phoenix Isl,1916,27.9,1491.6
Phoenix Isl,1917,27.9,1491.6
Phoenix Isl,1918,27.9,1491.6
Phoenix Isl,1919,27.9,1491.6
Phoenix Isl,1920,27.9,1491.6
Phoenix Isl,1921,27.9,1491.6
Phoenix Isl,1922,27.9,1491.6
Phoenix Isl,1923,27.9,1491.6
Phoenix Isl,1924,27.9,1491.6
Phoenix Isl,1925,27.9,1491.6
Phoenix Isl,1926,27.9,1491.6
Phoenix Isl,1927,27.9,1491.6
Phoenix Isl,1928,27.9,1491.6
Phoenix Isl,1929,27.9,1491.6
Phoenix Isl,1930,27.9,1491.6
Phoenix Isl,1931,27.9,1491.6
Phoenix Isl,1932,27.9,1491.6
Phoenix Isl,1933,28.0,1491.6
Phoenix Isl,1934,28.0,1491.6
Phoenix Isl,1935,28.0,1491.6
Phoenix Isl,1936,28.0,1491.6
Phoenix Isl,1937,28.1,1491.6
Phoenix Isl,1938,28.0,1491.6
Phoenix Isl,1939,27.9,1491.6
Phoenix Isl,1940,28.0,1491.6
Phoenix Isl,1941,28.1,1491.6
Phoenix Isl,1942,28.0,1491.6
Phoenix Isl,1943,27.9,1491.6
Phoenix Isl,1944,27.9,1491.6
Phoenix Isl,1945,27.9,1491.6
Phoenix Isl,1946,27.9,1491.6
Phoenix Isl,1947,28.0,1491.6
Phoenix Isl,1948,27.9,1491.6
Phoenix Isl,1949,27.9,1491.6
Phoenix Isl,1950,27.9,1491.6
Phoenix Isl,1951,27.9,1491.6
Phoenix Isl,1952,27.9,1491.6
Phoenix Isl,1953,27.9,1491.6
Phoenix Isl,1954,27.8,1491.6
Phoenix Isl,1955,27.7,1491.6
Phoenix Isl,1956,27.8,1491.6
Phoenix Isl,1957,27.9,1491.6
Phoenix Isl,1958,28.0,1491.6
Phoenix Isl,1959,28.0,1491.6
Phoenix Isl,1960,27.9,1491.6
Phoenix Isl,1961,27.8,1491.6
Phoenix Isl,1962,28.0,1491.6
Phoenix Isl,1963,27.9,1491.6
Phoenix Isl,1964,27.8,1491.6
Phoenix Isl,1965,27.8,1491.6
Phoenix Isl,1966,27.9,1491.6
Phoenix Isl,1967,27.9,1491.6
Phoenix Isl,1968,27.9,1491.6
Phoenix Isl,1969,27.9,1491.6
Phoenix Isl,1970,27.9,1491.6
Phoenix Isl,1971,27.7,1491.6
Phoenix Isl,1972,27.8,1491.6
Phoenix Isl,1973,27.8,1491.6
Phoenix Isl,1974,27.7,1491.6
Phoenix Isl,1975,27.8,1491.6
Phoenix Isl,1976,27.9,1491.6
Phoenix Isl,1977,27.9,1491.6
Phoenix Isl,1978,28.0,1491.6
Phoenix Isl,1979,28.1,1491.6
Phoenix Isl,1980,28.0,1491.6
Phoenix Isl,1981,28.0,1491.6
Phoenix Isl,1982,28.2,1491.6
Phoenix Isl,1983,27.9,1491.6
Phoenix Isl,1984,27.9,1491.6
Phoenix Isl,1985,28.0,1491.6
Phoenix Isl,1986,28.0,1491.6
Phoenix Isl,1987,28.0,1491.6
Phoenix Isl,1988,28.0,1491.6
Phoenix Isl,1989,27.9,1491.6
Phoenix Isl,1990,28.1,1491.6
Phoenix Isl,1991,28.0,1491.6
Phoenix Isl,1992,28.0,1491.6
Phoenix Isl,1993,27.9,1491.6
Phoenix Isl,1994,28.0,1491.6
Phoenix Isl,1995,28.0,1491.6
Phoenix Isl,1996,28.0,1491.6
Phoenix Isl,1997,28.0,1491.6
Phoenix Isl,1998,27.9,1491.6
Phoenix Isl,1999,28.0,1491.6
Phoenix Isl,2000,28.0,1491.6
Phoenix Isl,2001,28.0,1491.6
Phoenix Isl,2002,28.0,1491.6
Phoenix Isl,2003,28.0,1491.6
Phoenix Isl,2004,28.0,1491.6
Phoenix Isl,2005,28.1,1491.6
Phoenix Isl,2006,28.0,1491.6
Phoenix Isl,2007,28.0,1491.6
Phoenix Isl,2008,28.0,1491.6
Phoenix Isl,2009,28.0,1491.6
Phoenix Isl,2010,28.0,1491.6
Phoenix Isl,2011,28.0,1491.6
Phoenix Isl,2012,28.0,1491.6
Phoenix Isl,2013,28.0,1491.6
Phoenix Isl,2014,28.0,1491.6
Phoenix Isl,2015,28.0,1491.6
Phoenix Isl,2016,28.0,1491.6
Phoenix Isl,2017,28.0,1491.6
Phoenix Isl,2018,28.0,1491.6
Phoenix Isl,2019,28.0,1491.6
Phoenix Isl,2020,28.0,1491.6
Phoenix Isl,2021,28.0,1491.6
Phoenix Isl,2022,28.0,1491.6
Phoenix Isl,2023,28.0,1491.6
Phoenix Isl,2024,28.0,1491.6
Pohnpei and Kosrae,1901,27.4,3721.1
Pohnpei and Kosrae,1902,27.4,3721.1
Pohnpei and Kosrae,1903,27.4,3721.1
Pohnpei and Kosrae,1904,27.4,3721.1
Pohnpei and Kosrae,1905,27.4,3721.1
Pohnpei and Kosrae,1906,27.4,3721.1
Pohnpei and Kosrae,1907,27.4,3721.1
Pohnpei and Kosrae,1908,27.4,3721.1
Pohnpei and Kosrae,1909,27.4,3721.1
Pohnpei and Kosrae,1910,27.4,3721.1
Pohnpei and Kosrae,1911,27.4,3721.1
Pohnpei and Kosrae,1912,27.4,3721.1
Pohnpei and Kosrae,1913,27.4,3721.1
Pohnpei and Kosrae,1914,27.4,3721.1
Pohnpei and Kosrae,1915,27.4,3721.1
Pohnpei and Kosrae,1916,27.4,3721.1
Pohnpei and Kosrae,1917,27.4,3721.1
Pohnpei and Kosrae,1918,27.4,3721.1
Pohnpei and Kosrae,1919,27.4,3721.1
Pohnpei and Kosrae,1920,27.4,3721.1
Pohnpei and Kosrae,1921,27.3,3721.1
Pohnpei and Kosrae,1922,27.3,3721.1
Pohnpei and Kosrae,1923,27.3,3721.1
Pohnpei and Kosrae,1924,27.3,3721.1
Pohnpei and Kosrae,1925,27.4,3721.1
Pohnpei and Kosrae,1926,27.1,3721.1
Pohnpei and Kosrae,1927,27.3,3721.1
Pohnpei and Kosrae,1928,26.8,4032.5
Pohnpei and Kosrae,1929,26.8,3905.9
Pohnpei and Kosrae,1930,26.8,3730.5
Pohnpei and Kosrae,1931,27.0,3398.7
Pohnpei and Kosrae,1932,26.7,3732.4
Pohnpei and Kosrae,1933,26.6,3807.6
Pohnpei and Kosrae,1934,26.9,3625.4
Pohnpei and Kosrae,1935,27.2,3832.3
Pohnpei and Kosrae,1936,27.4,3742.3
Pohnpei and Kosrae,1937,27.2,3690.6
Pohnpei and Kosrae,1938,27.3,3978.2
Pohnpei and Kosrae,1939,27.3,3567.5
Pohnpei and Kosrae,1940,27.3,3755.9
Pohnpei and Kosrae,1941,27.0,3873.2
Pohnpei and Kosrae,1942,26.9,3727.2
Pohnpei and Kosrae,1943,26.7,3883.0
Pohnpei and Kosrae,1944,27.4,3721.1
Pohnpei and Kosrae,1945,27.4,3721.1
Pohnpei and Kosrae,1946,27.4,3721.1
Pohnpei and Kosrae,1947,27.4,3721.1
Pohnpei and Kosrae,1948,27.4,3721.1
Pohnpei and Kosrae,1949,27.4,3757.5
Pohnpei and Kosrae,1950,27.3,3572.4
Pohnpei and Kosrae,1951,27.3,3851.1
Pohnpei and Kosrae,1952,27.4,3689.1
Pohnpei and Kosrae,1953,27.4,3743.1
Pohnpei and Kosrae,1954,27.2,3791.9
Pohnpei and Kosrae,1955,26.9,3994.9
Pohnpei and Kosrae,1956,27.1,3854.7
Pohnpei and Kosrae,1957,27.4,3611.6
Pohnpei and Kosrae,1958,27.3,3833.4
Pohnpei and Kosrae,1959,27.2,3773.3
Pohnpei and Kosrae,1960,27.2,3848.5
Pohnpei and Kosrae,1961,27.1,3850.4
Pohnpei and Kosrae,1962,27.2,3914.3
Pohnpei and Kosrae,1963,27.2,3631.9
Pohnpei and Kosrae,1964,27.1,3586.6
Pohnpei and Kosrae,1965,27.0,3771.6
Pohnpei and Kosrae,1966,27.2,3609.4
Pohnpei and Kosrae,1967,27.1,3821.5
Pohnpei and Kosrae,1968,27.1,3747.9
Pohnpei and Kosrae,1969,27.1,3788.5
Pohnpei and Kosrae,1970,27.4,3611.8
Pohnpei and Kosrae,1971,27.0,3835.9
Pohnpei and Kosrae,1972,27.2,3820.3
Pohnpei and Kosrae,1973,27.4,3535.7
Pohnpei and Kosrae,1974,27.2,3699.2
Pohnpei and Kosrae,1975,27.2,3767.0
Pohnpei and Kosrae,1976,27.1,4061.6
Pohnpei and Kosrae,1977,27.5,3560.3
Pohnpei and Kosrae,1978,27.5,3536.4
Pohnpei and Kosrae,1979,27.5,3792.5
Pohnpei and Kosrae,1980,27.6,3764.8
Pohnpei and Kosrae,1981,27.7,3689.7
Pohnpei and Kosrae,1982,27.5,3815.3
Pohnpei and Kosrae,1983,27.7,3371.7
Pohnpei and Kosrae,1984,27.7,3527.5
Pohnpei and Kosrae,1985,27.5,3706.5
Pohnpei and Kosrae,1986,27.6,3625.9
Pohnpei and Kosrae,1987,27.6,3865.6
Pohnpei and Kosrae,1988,27.6,3576.7
Pohnpei and Kosrae,1989,27.5,3941.4
Pohnpei and Kosrae,1990,27.5,3806.7
Pohnpei and Kosrae,1991,27.3,4006.9
Pohnpei and Kosrae,1992,27.4,3457.1
Pohnpei and Kosrae,1993,27.2,3829.9
Pohnpei and Kosrae,1994,27.4,3553.1
Pohnpei and Kosrae,1995,27.5,3506.6
Pohnpei and Kosrae,1996,27.4,3592.2
Pohnpei and Kosrae,1997,27.2,3563.4
Pohnpei and Kosrae,1998,27.2,3301.8
Pohnpei and Kosrae,1999,27.0,3771.9
Pohnpei and Kosrae,2000,27.4,3797.7
Pohnpei and Kosrae,2001,27.6,3636.8
Pohnpei and Kosrae,2002,27.7,3701.2
Pohnpei and Kosrae,2003,27.5,3716.6
Pohnpei and Kosrae,2004,27.7,3676.5
Pohnpei and Kosrae,2005,27.7,3729.1
Pohnpei and Kosrae,2006,27.6,3598.6
Pohnpei and Kosrae,2007,27.6,3703.7
Pohnpei and Kosrae,2008,27.4,3356.5
Pohnpei and Kosrae,2009,27.5,3238.9
Pohnpei and Kosrae,2010,27.4,3451.1
Pohnpei and Kosrae,2011,27.4,3716.7
Pohnpei and Kosrae,2012,27.7,3581.0
Pohnpei and Kosrae,2013,28.0,3339.8
Pohnpei and Kosrae,2014,27.7,3713.2
Pohnpei and Kosrae,2015,27.7,3952.5
Pohnpei and Kosrae,2016,28.0,3655.1
Pohnpei and Kosrae,2017,28.0,3747.8
Pohnpei and Kosrae,2018,27.9,3832.7
Pohnpei and Kosrae,2019,27.9,3862.3
Pohnpei and Kosrae,2020,28.0,3774.3
Pohnpei and Kosrae,2021,27.8,3891.7
Pohnpei and Kosrae,2022,27.8,4051.7
Pohnpei and Kosrae,2023,28.0,4080.6
Pohnpei and Kosrae,2024,28.2,3779.8
Poland,1901,7.7,583.8
Poland,1902,6.3,589.3
Poland,1903,8.1,640.7
Poland,1904,7.4,525.5
Poland,1905,7.7,642.4
Poland,1906,8.0,623.2
Poland,1907,7.0,596.4
Poland,1908,7.0,594.3
Poland,1909,7.0,589.2
Poland,1910,8.4,630.2
Poland,1911,8.2,525.0
Poland,1912,7.1,668.7
Poland,1913,8.1,640.0
Poland,1914,8.1,589.3
Poland,1915,7.4,625.1
Poland,1916,8.2,663.5
Poland,1917,7.2,548.0
Poland,1918,8.2,593.3
Poland,1919,7.0,637.5
Poland,1920,8.1,572.1
Poland,1921,8.3,514.1
Poland,1922,6.6,606.5
Poland,1923,7.5,599.4
Poland,1924,6.9,590.7
Poland,1925,8.1,672.2
Poland,1926,8.1,680.9
Poland,1927,7.5,681.2
Poland,1928,7.5,564.4
Poland,1929,6.7,532.8
Poland,1930,8.4,660.9
Poland,1931,7.0,655.5
Poland,1932,8.0,549.4
Poland,1933,6.6,587.3
Poland,1934,9.2,577.4
Poland,1935,7.8,630.4
Poland,1936,8.3,628.3
Poland,1937,8.3,631.3
Poland,1938,8.5,622.3
Poland,1939,8.3,663.5
Poland,1940,5.7,636.2
Poland,1941,6.1,671.1
Poland,1942,6.3,527.6
Poland,1943,8.2,526.1
Poland,1944,8.1,577.0
Poland,1945,7.8,674.3
Poland,1946,7.9,603.6
Poland,1947,7.4,567.0
Poland,1948,8.3,635.9
Poland,1949,8.7,594.7
Poland,1950,8.2,632.5
Poland,1951,8.5,486.9
Poland,1952,7.3,646.8
Poland,1953,8.4,485.9
Poland,1954,7.1,563.9
Poland,1955,7.3,577.0
Poland,1956,6.3,608.4
Poland,1957,8.2,599.3
Poland,1958,7.7,662.7
Poland,1959,8.4,497.8
Poland,1960,7.8,705.7
Poland,1961,8.5,588.5
Poland,1962,7.0,619.9
Poland,1963,6.9,540.5
Poland,1964,7.4,536.2
Poland,1965,6.8,628.1
Poland,1966,8.0,713.0
Poland,1967,8.6,686.6
Poland,1968,7.8,628.6
Poland,1969,6.8,494.3
Poland,1970,7.1,736.5
Poland,1971,8.1,523.1
Poland,1972,7.8,606.1
Poland,1973,7.9,560.2
Poland,1974,8.3,739.4
Poland,1975,8.9,537.4
Poland,1976,7.2,529.9
Poland,1977,8.0,647.4
Poland,1978,7.1,631.3
Poland,1979,7.3,587.6
Poland,1980,6.6,676.2
Poland,1981,7.8,685.2
Poland,1982,8.3,439.4
Poland,1983,8.9,540.2
Poland,1984,7.8,535.9
Poland,1985,6.7,629.7
Poland,1986,7.5,571.0
Poland,1987,6.6,609.3
Poland,1988,8.2,590.5
Poland,1989,9.1,496.4
Poland,1990,9.1,560.8
Poland,1991,8.1,517.2
Poland,1992,8.8,527.4
Poland,1993,7.8,580.4
Poland,1994,8.8,600.8
Poland,1995,8.2,564.3
Poland,1996,6.6,542.6
Poland,1997,7.9,612.8
Poland,1998,8.3,676.1
Poland,1999,8.9,602.7
Poland,2000,9.5,606.8
Poland,2001,8.3,690.0
Poland,2002,9.1,611.2
Poland,2003,8.4,486.2
Poland,2004,8.3,596.9
Poland,2005,8.2,557.7
Poland,2006,8.6,541.9
Poland,2007,9.3,663.6
Poland,2008,9.4,594.5
Poland,2009,8.7,665.1
Poland,2010,7.6,774.8
Poland,2011,8.9,540.6
Poland,2012,8.6,602.3
Poland,2013,8.6,637.6
Poland,2014,9.8,615.0
Poland,2015,9.8,508.6
Poland,2016,9.3,659.2
Poland,2017,9.1,723.3
Poland,2018,9.9,499.5
Poland,2019,10.2,531.2
Poland,2020,10.1,617.0
Poland,2021,8.7,636.4
Poland,2022,9.7,536.1
Poland,2023,10.2,682.0
Poland,2024,10.9,605.1
Portugal,1901,14.4,874.4
Portugal,1902,14.5,981.2
Portugal,1903,14.7,853.0
Portugal,1904,15.0,795.9
Portugal,1905,14.4,715.9
Portugal,1906,14.7,732.3
Portugal,1907,14.5,996.6
Portugal,1908,14.8,687.8
Portugal,1909,14.4,906.6
Portugal,1910,14.4,974.7
Portugal,1911,14.5,945.3
Portugal,1912,14.4,850.4
Portugal,1913,14.6,919.7
Portugal,1914,14.5,906.5
Portugal,1915,14.6,976.0
Portugal,1916,14.6,965.6
Portugal,1917,14.1,699.6
Portugal,1918,14.6,762.7
Portugal,1919,14.6,947.4
Portugal,1920,14.8,754.5
Portugal,1921,15.0,605.6
Portugal,1922,14.6,768.2
Portugal,1923,14.7,735.9
Portugal,1924,15.1,883.9
Portugal,1925,14.3,831.6
Portugal,1926,15.7,846.6
Portugal,1927,15.1,882.1
Portugal,1928,15.0,832.3
Portugal,1929,15.3,672.1
Portugal,1930,15.2,746.3
Portugal,1931,14.9,702.7
Portugal,1932,14.5,841.3
Portugal,1933,15.0,733.6
Portugal,1934,14.8,708.1
Portugal,1935,14.6,721.6
Portugal,1936,14.6,1113.3
Portugal,1937,15.4,1191.9
Portugal,1938,15.1,611.9
Portugal,1939,14.8,958.2
Portugal,1940,15.2,967.4
Portugal,1941,14.9,1056.3
Portugal,1942,15.3,964.6
Portugal,1943,15.6,811.6
Portugal,1944,15.1,568.2
Portugal,1945,16.0,679.5
Portugal,1946,15.1,812.0
Portugal,1947,15.8,1065.8
Portugal,1948,16.0,884.8
Portugal,1949,15.8,649.3
Portugal,1950,15.5,674.7
Portugal,1951,14.9,985.2
Portugal,1952,15.2,872.5
Portugal,1953,15.4,737.7
Portugal,1954,14.9,577.7
Portugal,1955,16.1,1172.6
Portugal,1956,14.4,872.3
Portugal,1957,15.1,667.5
Portugal,1958,15.4,875.0
Portugal,1959,15.3,988.8
Portugal,1960,15.2,1238.5
Portugal,1961,16.1,943.8
Portugal,1962,15.3,811.0
Portugal,1963,15.0,1339.3
Portugal,1964,15.5,719.6
Portugal,1965,15.1,974.2
Portugal,1966,15.3,1026.1
Portugal,1967,15.1,678.6
Portugal,1968,15.4,908.9
Portugal,1969,14.8,1117.7
Portugal,1970,15.3,808.7
Portugal,1971,14.6,801.8
Portugal,1972,14.3,1028.9
Portugal,1973,15.0,629.6
Portugal,1974,14.9,684.1
Portugal,1975,15.0,736.6
Portugal,1976,15.0,947.3
Portugal,1977,15.1,1107.9
Portugal,1978,15.2,1074.7
Portugal,1979,15.2,1093.3
Portugal,1980,15.2,633.8
Portugal,1981,15.8,726.1
Portugal,1982,15.5,666.9
Portugal,1983,15.6,824.4
Portugal,1984,15.0,900.7
Portugal,1985,15.7,898.2
Portugal,1986,15.2,719.3
Portugal,1987,15.9,996.7
Portugal,1988,15.6,827.4
Portugal,1989,16.5,1144.9
Portugal,1990,16.2,694.2
Portugal,1991,15.6,687.5
Portugal,1992,15.6,615.9
Portugal,1993,15.0,856.5
Portugal,1994,16.0,733.8
Portugal,1995,16.5,853.9
Portugal,1996,15.7,1235.6
Portugal,1997,16.5,1116.1
Portugal,1998,16.1,655.6
Portugal,1999,15.8,821.6
Portugal,2000,15.9,994.6
Portugal,2001,16.0,922.7
Portugal,2002,15.9,974.3
Portugal,2003,16.3,1006.8
Portugal,2004,15.9,686.2
Portugal,2005,15.9,588.9
Portugal,2006,16.5,1006.7
Portugal,2007,15.8,676.4
Portugal,2008,15.8,859.8
Portugal,2009,16.5,924.8
Portugal,2010,16.1,1346.1
Portugal,2011,16.5,842.4
Portugal,2012,16.1,741.7
Portugal,2013,15.9,970.7
Portugal,2014,16.5,998.7
Portugal,2015,16.5,585.0
Portugal,2016,16.5,982.7
Portugal,2017,16.9,596.3
Portugal,2018,16.1,1000.0
Portugal,2019,16.4,691.6
Portugal,2020,16.8,817.5
Portugal,2021,16.3,793.3
Portugal,2022,17.3,834.5
Portugal,2023,17.3,721.0
Portugal,2024,17.2,860.2
Prince Edward Isl,1901,4.1,2323.0
Prince Edward Isl,1902,4.1,2323.0
Prince Edward Isl,1903,4.1,2323.0
Prince Edward Isl,1904,4.1,2323.0
Prince Edward Isl,1905,4.1,2323.0
Prince Edward Isl,1906,4.1,2323.0
Prince Edward Isl,1907,4.1,2323.0
Prince Edward Isl,1908,4.1,2323.0
Prince Edward Isl,1909,4.1,2323.0
Prince Edward Isl,1910,4.1,2323.0
Prince Edward Isl,1911,4.1,2323.0
Prince Edward Isl,1912,4.1,2323.0
Prince Edward Isl,1913,4.1,2323.0
Prince Edward Isl,1914,4.1,2323.0
Prince Edward Isl,1915,4.1,2323.0
Prince Edward Isl,1916,4.1,2323.0
Prince Edward Isl,1917,4.1,2323.0
Prince Edward Isl,1918,4.1,2323.0
Prince Edward Isl,1919,4.1,2323.0
Prince Edward Isl,1920,4.1,2323.0
Prince Edward Isl,1921,4.1,2323.0
Prince Edward Isl,1922,4.1,2323.0
Prince Edward Isl,1923,4.1,2323.0
Prince Edward Isl,1924,4.1,2323.0
Prince Edward Isl,1925,4.1,2323.0
Prince Edward Isl,1926,4.1,2323.0
Prince Edward Isl,1927,4.1,2323.0
Prince Edward Isl,1928,4.1,2323.0
Prince Edward Isl,1929,4.1,2323.0
Prince Edward Isl,1930,4.1,2323.0
Prince Edward Isl,1931,4.1,2323.0
Prince Edward Isl,1932,4.1,2323.0
Prince Edward Isl,1933,4.1,2323.0
Prince Edward Isl,1934,4.1,2323.0
Prince Edward Isl,1935,4.1,2323.0
Prince Edward Isl,1936,4.1,2323.0
Prince Edward Isl,1937,4.1,2323.0
Prince Edward Isl,1938,4.1,2323.0
Prince Edward Isl,1939,4.1,2323.0
Prince Edward Isl,1940,4.1,2323.0
Prince Edward Isl,1941,4.1,2323.0
Prince Edward Isl,1942,4.1,2323.0
Prince Edward Isl,1943,4.1,2323.0
Prince Edward Isl,1944,4.1,2323.0
Prince Edward Isl,1945,4.1,2323.0
Prince Edward Isl,1946,4.1,2323.0
Prince Edward Isl,1947,4.1,2323.0
Prince Edward Isl,1948,3.5,2036.4
Prince Edward Isl,1949,3.5,1992.2
Prince Edward Isl,1950,4.0,2343.3
Prince Edward Isl,1951,3.5,1852.8
Prince Edward Isl,1952,3.7,2488.6
Prince Edward Isl,1953,4.2,2355.0
Prince Edward Isl,1954,3.8,2546.3
Prince Edward Isl,1955,3.6,2118.5
Prince Edward Isl,1956,3.6,2236.1
Prince Edward Isl,1957,4.0,2409.9
Prince Edward Isl,1958,3.7,2425.3
Prince Edward Isl,1959,3.8,2660.7
Prince Edward Isl,1960,3.6,2487.9
Prince Edward Isl,1961,3.8,2548.8
Prince Edward Isl,1962,3.9,2521.2
Prince Edward Isl,1963,4.2,2625.2
Prince Edward Isl,1964,3.7,2777.6
Prince Edward Isl,1965,4.0,2737.7
Prince Edward Isl,1966,3.6,2644.0
Prince Edward Isl,1967,3.8,2845.1
Prince Edward Isl,1968,3.4,2197.6
Prince Edward Isl,1969,3.7,2569.5
Prince Edward Isl,1970,3.9,2474.9
Prince Edward Isl,1971,4.0,2317.5
Prince Edward Isl,1972,4.2,2594.3
Prince Edward Isl,1973,4.1,2034.2
Prince Edward Isl,1974,4.2,2001.8
Prince Edward Isl,1975,3.8,2591.5
Prince Edward Isl,1976,4.0,2269.1
Prince Edward Isl,1977,4.1,2492.9
Prince Edward Isl,1978,3.9,2073.6
Prince Edward Isl,1979,4.2,2010.9
Prince Edward Isl,1980,4.4,2289.1
Prince Edward Isl,1981,4.5,2126.2
Prince Edward Isl,1982,4.3,2124.5
Prince Edward Isl,1983,4.5,1901.3
Prince Edward Isl,1984,4.7,2193.6
Prince Edward Isl,1985,4.8,2163.9
Prince Edward Isl,1986,4.7,2185.7
Prince Edward Isl,1987,4.8,2169.6
Prince Edward Isl,1988,4.1,2329.9
Prince Edward Isl,1989,4.4,2088.1
Prince Edward Isl,1990,4.6,1790.4
Prince Edward Isl,1991,4.8,2163.1
Prince Edward Isl,1992,4.5,1875.2
Prince Edward Isl,1993,4.9,1811.2
Prince Edward Isl,1994,4.5,1988.2
Prince Edward Isl,1995,4.4,1826.7
Prince Edward Isl,1996,5.3,1902.8
Prince Edward Isl,1997,5.3,2033.9
Prince Edward Isl,1998,4.9,2103.3
Prince Edward Isl,1999,5.3,1810.6
Prince Edward Isl,2000,5.2,1747.7
Prince Edward Isl,2001,4.8,1919.8
Prince Edward Isl,2002,5.0,2027.4
Prince Edward Isl,2003,4.7,1745.5
Prince Edward Isl,2004,4.4,2255.4
Prince Edward Isl,2005,4.2,2216.3
Prince Edward Isl,2006,4.6,1868.5
Prince Edward Isl,2007,4.5,1631.6
Prince Edward Isl,2008,4.1,1762.0
Prince Edward Isl,2009,4.2,1628.4
Prince Edward Isl,2010,4.4,1715.4
Prince Edward Isl,2011,4.7,1678.8
Prince Edward Isl,2012,4.8,1916.3
Prince Edward Isl,2013,4.3,1878.1
Prince Edward Isl,2014,4.4,1788.7
Prince Edward Isl,2015,4.7,1492.0
Prince Edward Isl,2016,4.7,1793.1
Prince Edward Isl,2017,4.7,1373.9
Prince Edward Isl,2018,5.1,1710.1
Prince Edward Isl,2019,4.8,1998.6
Prince Edward Isl,2020,5.0,1754.0
Prince Edward Isl,2021,4.9,1764.9
Prince Edward Isl,2022,5.3,1883.4
Prince Edward Isl,2023,5.1,2026.4
Prince Edward Isl,2024,4.9,2091.7
Puerto Rica,1901,25.5,2382.0
Puerto Rica,1902,25.0,2088.7
Puerto Rica,1903,25.0,1885.7
Puerto Rica,1904,24.6,1987.5
Puerto Rica,1905,24.9,1925.5
Puerto Rica,1906,24.6,1744.8
Puerto Rica,1907,24.3,1723.3
Puerto Rica,1908,24.4,1827.1
Puerto Rica,1909,24.4,1908.6
Puerto Rica,1910,24.5,1916.9
Puerto Rica,1911,24.3,2041.7
Puerto Rica,1912,24.7,1695.6
Puerto Rica,1913,24.2,1738.4
Puerto Rica,1914,24.5,1949.6
Puerto Rica,1915,25.2,1804.2
Puerto Rica,1916,24.8,2000.7
Puerto Rica,1917,24.3,1681.9
Puerto Rica,1918,24.5,1702.8
Puerto Rica,1919,24.7,1762.4
Puerto Rica,1920,24.3,1724.5
Puerto Rica,1921,24.2,1807.4
Puerto Rica,1922,24.1,1820.9
Puerto Rica,1923,25.0,1586.6
Puerto Rica,1924,25.4,1818.2
Puerto Rica,1925,24.6,1654.3
Puerto Rica,1926,25.3,1734.2
Puerto Rica,1927,25.1,1926.6
Puerto Rica,1928,25.0,2382.2
Puerto Rica,1929,24.5,1671.8
Puerto Rica,1930,24.7,1553.5
Puerto Rica,1931,25.5,2456.1
Puerto Rica,1932,25.5,2373.4
Puerto Rica,1933,25.2,2105.6
Puerto Rica,1934,25.0,1998.2
Puerto Rica,1935,24.7,1908.0
Puerto Rica,1936,25.0,2149.8
Puerto Rica,1937,25.1,1608.7
Puerto Rica,1938,24.7,1948.0
Puerto Rica,1939,25.0,1834.9
Puerto Rica,1940,25.5,2015.1
Puerto Rica,1941,25.6,2021.6
Puerto Rica,1942,25.7,2193.6
Puerto Rica,1943,25.0,2017.3
Puerto Rica,1944,25.2,1945.3
Puerto Rica,1945,24.7,1811.4
Puerto Rica,1946,24.8,1766.6
Puerto Rica,1947,25.2,1565.3
Puerto Rica,1948,25.2,1992.7
Puerto Rica,1949,24.8,1972.0
Puerto Rica,1950,24.6,1951.8
Puerto Rica,1951,24.8,1994.3
Puerto Rica,1952,24.9,2033.2
Puerto Rica,1953,24.9,1729.6
Puerto Rica,1954,24.6,1878.3
Puerto Rica,1955,24.5,1566.8
Puerto Rica,1956,24.4,1971.4
Puerto Rica,1957,24.9,1501.6
Puerto Rica,1958,25.5,2087.5
Puerto Rica,1959,25.1,1792.5
Puerto Rica,1960,25.2,2257.0
Puerto Rica,1961,24.9,2048.9
Puerto Rica,1962,25.0,1787.5
Puerto Rica,1963,25.1,1913.5
Puerto Rica,1964,25.0,1496.5
Puerto Rica,1965,24.9,1977.3
Puerto Rica,1966,25.1,1820.0
Puerto Rica,1967,24.9,1297.9
Puerto Rica,1968,25.0,1709.6
Puerto Rica,1969,25.5,2189.4
Puerto Rica,1970,25.2,2196.9
Puerto Rica,1971,24.8,1659.8
Puerto Rica,1972,25.2,1560.4
Puerto Rica,1973,25.3,1474.0
Puerto Rica,1974,24.9,1834.6
Puerto Rica,1975,24.9,1824.9
Puerto Rica,1976,24.8,1479.0
Puerto Rica,1977,25.3,1772.6
Puerto Rica,1978,25.4,1823.2
Puerto Rica,1979,25.5,2460.5
Puerto Rica,1980,25.8,1506.9
Puerto Rica,1981,25.7,2273.7
Puerto Rica,1982,25.5,1834.2
Puerto Rica,1983,26.0,1726.9
Puerto Rica,1984,25.4,1950.1
Puerto Rica,1985,25.3,1829.5
Puerto Rica,1986,25.4,1868.8
Puerto Rica,1987,26.1,1919.6
Puerto Rica,1988,25.7,1890.1
Puerto Rica,1989,25.4,1702.8
Puerto Rica,1990,25.5,1662.6
Puerto Rica,1991,25.5,1451.9
Puerto Rica,1992,25.7,1975.5
Puerto Rica,1993,25.7,1606.1
Puerto Rica,1994,25.7,1457.2
Puerto Rica,1995,26.0,1729.3
Puerto Rica,1996,25.8,1499.1
Puerto Rica,1997,26.2,1395.6
Puerto Rica,1998,26.6,2459.5
Puerto Rica,1999,26.0,2019.7
Puerto Rica,2000,25.8,1397.0
Puerto Rica,2001,26.2,1676.5
Puerto Rica,2002,26.2,1566.4
Puerto Rica,2003,26.2,2132.0
Puerto Rica,2004,25.8,2239.6
Puerto Rica,2005,26.0,2370.2
Puerto Rica,2006,25.8,2340.2
Puerto Rica,2007,25.8,1900.6
Puerto Rica,2008,25.5,2083.6
Puerto Rica,2009,25.8,2156.2
Puerto Rica,2010,26.0,2738.7
Puerto Rica,2011,25.7,2584.9
Puerto Rica,2012,26.0,1690.4
Puerto Rica,2013,26.1,2465.1
Puerto Rica,2014,26.2,2035.5
Puerto Rica,2015,26.3,1390.9
Puerto Rica,2016,26.3,2303.9
Puerto Rica,2017,26.0,2195.3
Puerto Rica,2018,25.8,1740.4
Puerto Rica,2019,26.2,1664.9
Puerto Rica,2020,26.2,1995.0
Puerto Rica,2021,26.0,1723.5
Puerto Rica,2022,26.0,1820.2
Puerto Rica,2023,26.4,1933.5
Puerto Rica,2024,26.8,2672.7
Qatar,1901,27.3,71.9
Qatar,1902,27.0,24.9
Qatar,1903,26.0,61.6
Qatar,1904,26.4,57.2
Qatar,1905,26.2,54.5
Qatar,1906,26.2,82.2
Qatar,1907,26.2,61.4
Qatar,1908,26.9,33.6
Qatar,1909,27.0,56.7
Qatar,1910,25.9,62.7
Qatar,1911,25.5,105.3
Qatar,1912,26.2,119.4
Qatar,1913,26.0,89.4
Qatar,1914,26.6,75.0
Qatar,1915,26.9,77.5
Qatar,1916,26.7,73.7
Qatar,1917,26.8,73.0
Qatar,1918,26.6,74.6
Qatar,1919,27.0,74.4
Qatar,1920,26.8,76.6
Qatar,1921,27.0,71.9
Qatar,1922,27.0,69.8
Qatar,1923,26.7,77.0
Qatar,1924,27.2,74.7
Qatar,1925,26.6,72.0
Qatar,1926,26.8,74.5
Qatar,1927,26.9,71.9
Qatar,1928,26.9,42.2
Qatar,1929,26.7,71.6
Qatar,1930,26.8,58.8
Qatar,1931,26.7,110.1
Qatar,1932,26.3,114.2
Qatar,1933,26.1,47.6
Qatar,1934,26.4,99.3
Qatar,1935,27.1,87.5
Qatar,1936,26.4,66.8
Qatar,1937,26.7,62.8
Qatar,1938,26.7,65.6
Qatar,1939,26.6,113.6
Qatar,1940,27.1,32.7
Qatar,1941,27.0,46.1
Qatar,1942,27.0,67.1
Qatar,1943,26.7,63.6
Qatar,1944,27.0,90.8
Qatar,1945,26.7,56.9
Qatar,1946,27.0,7.4
Qatar,1947,27.1,118.2
Qatar,1948,26.9,103.9
Qatar,1949,26.6,114.0
Qatar,1950,26.7,29.2
Qatar,1951,27.7,77.4
Qatar,1952,27.5,41.9
Qatar,1953,27.5,35.0
Qatar,1954,27.8,115.5
Qatar,1955,27.5,173.7
Qatar,1956,27.0,39.6
Qatar,1957,26.7,108.3
Qatar,1958,27.4,85.0
Qatar,1959,26.7,51.9
Qatar,1960,27.6,17.2
Qatar,1961,26.7,83.8
Qatar,1962,27.6,12.1
Qatar,1963,27.3,44.9
Qatar,1964,26.2,161.2
Qatar,1965,27.2,50.6
Qatar,1966,27.5,38.2
Qatar,1967,26.4,31.2
Qatar,1968,26.8,84.0
Qatar,1969,27.4,136.6
Qatar,1970,27.4,11.5
Qatar,1971,26.8,32.7
Qatar,1972,26.0,98.7
Qatar,1973,27.0,18.8
Qatar,1974,26.7,67.2
Qatar,1975,26.7,65.2
Qatar,1976,26.5,212.3
Qatar,1977,27.4,95.6
Qatar,1978,27.2,27.9
Qatar,1979,27.6,81.1
Qatar,1980,27.4,81.5
Qatar,1981,27.5,41.5
Qatar,1982,26.5,193.2
Qatar,1983,26.6,92.5
Qatar,1984,27.0,59.7
Qatar,1985,27.1,52.1
Qatar,1986,27.0,83.0
Qatar,1987,27.5,48.3
Qatar,1988,27.4,109.9
Qatar,1989,26.8,92.8
Qatar,1990,27.4,62.0
Qatar,1991,27.1,87.9
Qatar,1992,26.3,69.6
Qatar,1993,27.2,106.5
Qatar,1994,27.7,44.6
Qatar,1995,27.2,101.9
Qatar,1996,27.7,107.5
Qatar,1997,27.2,110.7
Qatar,1998,28.3,80.5
Qatar,1999,28.6,81.3
Qatar,2000,28.0,74.6
Qatar,2001,28.2,15.0
Qatar,2002,28.0,61.2
Qatar,2003,28.1,64.9
Qatar,2004,28.1,70.8
Qatar,2005,27.7,65.9
Qatar,2006,28.1,67.4
Qatar,2007,28.2,40.9
Qatar,2008,28.1,34.2
Qatar,2009,28.3,101.2
Qatar,2010,29.0,32.9
Qatar,2011,28.1,61.6
Qatar,2012,28.3,44.7
Qatar,2013,28.1,34.2
Qatar,2014,28.2,82.9
Qatar,2015,28.5,50.9
Qatar,2016,28.8,23.7
Qatar,2017,28.5,148.3
Qatar,2018,29.0,55.9
Qatar,2019,28.4,168.2
Qatar,2020,28.3,55.8
Qatar,2021,29.3,21.3
Qatar,2022,29.0,62.3
Qatar,2023,29.1,77.3
Qatar,2024,28.7,81.9
Reunion,1901,20.3,1527.2
Reunion,1902,20.4,1527.2
Reunion,1903,20.3,1527.2
Reunion,1904,20.3,1527.2
Reunion,1905,20.4,1527.2
Reunion,1906,20.3,1527.2
Reunion,1907,20.3,1527.2
Reunion,1908,20.4,1527.2
Reunion,1909,20.3,1527.2
Reunion,1910,20.3,1527.2
Reunion,1911,20.3,1527.2
Reunion,1912,20.5,1527.2
Reunion,1913,20.3,1527.2
Reunion,1914,20.4,1527.2
Reunion,1915,20.4,1527.2
Reunion,1916,20.2,1527.2
Reunion,1917,20.2,1527.2
Reunion,1918,20.3,1527.2
Reunion,1919,20.4,1527.2
Reunion,1920,20.3,1527.2
Reunion,1921,20.2,1527.2
Reunion,1922,20.2,1527.2
Reunion,1923,20.5,1527.2
Reunion,1924,20.4,1527.2
Reunion,1925,20.4,1527.2
Reunion,1926,20.7,1527.2
Reunion,1927,20.4,1527.2
Reunion,1928,20.4,1527.2
Reunion,1929,20.5,1527.2
Reunion,1930,20.3,1527.2
Reunion,1931,20.1,1527.2
Reunion,1932,20.2,1527.2
Reunion,1933,20.2,1527.2
Reunion,1934,20.1,1527.2
Reunion,1935,20.3,1527.2
Reunion,1936,20.3,1527.2
Reunion,1937,20.4,1527.2
Reunion,1938,20.4,1527.2
Reunion,1939,20.4,1527.2
Reunion,1940,20.1,1527.2
Reunion,1941,20.3,1527.2
Reunion,1942,20.2,1527.2
Reunion,1943,20.1,1527.2
Reunion,1944,20.2,1527.2
Reunion,1945,20.2,1527.2
Reunion,1946,20.2,1527.2
Reunion,1947,20.2,1527.2
Reunion,1948,20.3,1527.2
Reunion,1949,20.3,1527.2
Reunion,1950,20.1,1527.2
Reunion,1951,19.7,1271.5
Reunion,1952,20.0,1632.6
Reunion,1953,20.1,1826.2
Reunion,1954,20.0,1298.7
Reunion,1955,19.8,1901.4
Reunion,1956,19.7,1432.6
Reunion,1957,20.0,1278.6
Reunion,1958,20.1,1176.6
Reunion,1959,19.9,1514.6
Reunion,1960,19.9,1422.2
Reunion,1961,20.5,1801.5
Reunion,1962,19.8,1630.4
Reunion,1963,19.7,1100.7
Reunion,1964,19.6,1160.6
Reunion,1965,19.5,1996.7
Reunion,1966,20.0,1070.1
Reunion,1967,20.2,1311.0
Reunion,1968,19.7,1551.7
Reunion,1969,20.5,1371.7
Reunion,1970,20.2,1435.4
Reunion,1971,19.8,1145.5
Reunion,1972,20.2,2002.5
Reunion,1973,20.1,1408.7
Reunion,1974,19.6,1675.1
Reunion,1975,20.0,1262.0
Reunion,1976,20.3,1663.6
Reunion,1977,20.6,1708.7
Reunion,1978,20.3,1290.5
Reunion,1979,20.3,1735.6
Reunion,1980,20.2,2213.9
Reunion,1981,20.3,1421.2
Reunion,1982,20.3,2306.9
Reunion,1983,20.2,1114.3
Reunion,1984,19.8,1313.6
Reunion,1985,20.0,2054.8
Reunion,1986,20.0,1378.5
Reunion,1987,20.6,2044.9
Reunion,1988,20.4,1266.2
Reunion,1989,20.1,1720.2
Reunion,1990,20.1,981.7
Reunion,1991,20.5,1358.4
Reunion,1992,20.2,853.9
Reunion,1993,20.2,1993.0
Reunion,1994,20.5,1394.4
Reunion,1995,20.3,1333.5
Reunion,1996,20.1,942.9
Reunion,1997,20.4,1283.6
Reunion,1998,20.7,1770.5
Reunion,1999,20.3,865.6
Reunion,2000,20.2,1135.5
Reunion,2001,20.7,1120.0
Reunion,2002,20.6,1481.5
Reunion,2003,20.8,1551.1
Reunion,2004,20.6,1427.1
Reunion,2005,20.5,1845.8
Reunion,2006,20.7,1663.2
Reunion,2007,20.7,1457.0
Reunion,2008,20.6,1496.5
Reunion,2009,21.1,1540.3
Reunion,2010,21.2,1611.5
Reunion,2011,21.1,1534.4
Reunion,2012,20.9,1229.1
Reunion,2013,20.9,1411.1
Reunion,2014,21.3,1185.6
Reunion,2015,21.2,1748.5
Reunion,2016,21.0,1111.8
Reunion,2017,21.4,1292.4
Reunion,2018,21.2,2028.5
Reunion,2019,21.6,1319.2
Reunion,2020,20.9,1006.4
Reunion,2021,21.1,1368.0
Reunion,2022,20.7,1433.5
Reunion,2023,21.4,1641.7
Reunion,2024,21.3,1342.6
Rodrigues Isl,1901,24.2,1156.3
Rodrigues Isl,1902,24.2,1156.3
Rodrigues Isl,1903,24.2,1156.3
Rodrigues Isl,1904,24.2,1156.3
Rodrigues Isl,1905,24.2,1156.3
Rodrigues Isl,1906,24.2,1156.3
Rodrigues Isl,1907,24.2,1156.3
Rodrigues Isl,1908,24.2,1156.3
Rodrigues Isl,1909,24.2,1156.3
Rodrigues Isl,1910,24.2,1156.3
Rodrigues Isl,1911,24.2,1156.3
Rodrigues Isl,1912,24.2,1156.3
Rodrigues Isl,1913,24.2,1156.3
Rodrigues Isl,1914,24.2,1156.3
Rodrigues Isl,1915,24.2,1156.3
Rodrigues Isl,1916,24.2,1156.3
Rodrigues Isl,1917,24.2,1156.3
Rodrigues Isl,1918,24.2,1156.3
Rodrigues Isl,1919,24.2,1156.3
Rodrigues Isl,1920,24.2,1156.3
Rodrigues Isl,1921,24.2,1156.3
Rodrigues Isl,1922,24.2,1156.3
Rodrigues Isl,1923,24.2,1156.3
Rodrigues Isl,1924,24.2,1156.3
Rodrigues Isl,1925,24.2,1156.3
Rodrigues Isl,1926,24.2,1156.3
Rodrigues Isl,1927,24.2,1156.3
Rodrigues Isl,1928,24.2,1156.3
Rodrigues Isl,1929,24.2,1156.3
Rodrigues Isl,1930,24.2,1156.3
Rodrigues Isl,1931,24.2,1156.3
Rodrigues Isl,1932,24.2,1156.3
Rodrigues Isl,1933,24.2,1156.3
Rodrigues Isl,1934,24.2,1156.3
Rodrigues Isl,1935,24.2,1156.3
Rodrigues Isl,1936,24.2,1156.3
Rodrigues Isl,1937,24.2,1156.3
Rodrigues Isl,1938,24.2,1156.3
Rodrigues Isl,1939,24.2,1156.3
Rodrigues Isl,1940,24.2,1156.3
Rodrigues Isl,1941,24.2,1156.3
Rodrigues Isl,1942,24.2,1156.3
Rodrigues Isl,1943,24.2,1156.3
Rodrigues Isl,1944,24.2,1156.3
Rodrigues Isl,1945,24.2,1156.3
Rodrigues Isl,1946,24.2,1156.3
Rodrigues Isl,1947,24.2,1156.3
Rodrigues Isl,1948,24.2,1156.3
Rodrigues Isl,1949,24.2,1156.3
Rodrigues Isl,1950,24.2,1156.3
Rodrigues Isl,1951,23.8,1070.7
Rodrigues Isl,1952,24.0,1335.5
Rodrigues Isl,1953,24.2,1649.7
Rodrigues Isl,1954,24.1,1208.1
Rodrigues Isl,1955,23.9,1141.9
Rodrigues Isl,1956,23.7,1079.1
Rodrigues Isl,1957,24.0,970.0
Rodrigues Isl,1958,24.1,1381.0
Rodrigues Isl,1959,24.0,1419.2
Rodrigues Isl,1960,23.9,1019.1
Rodrigues Isl,1961,24.5,883.1
Rodrigues Isl,1962,23.7,1642.3
Rodrigues Isl,1963,23.6,1059.8
Rodrigues Isl,1964,23.6,1249.2
Rodrigues Isl,1965,23.6,1337.9
Rodrigues Isl,1966,24.0,960.5
Rodrigues Isl,1967,24.2,1351.2
Rodrigues Isl,1968,23.6,1489.7
Rodrigues Isl,1969,24.5,860.1
Rodrigues Isl,1970,24.3,1324.8
Rodrigues Isl,1971,23.9,1013.2
Rodrigues Isl,1972,24.3,1987.7
Rodrigues Isl,1973,24.2,1721.8
Rodrigues Isl,1974,23.6,452.1
Rodrigues Isl,1975,24.1,659.4
Rodrigues Isl,1976,24.4,894.5
Rodrigues Isl,1977,24.7,701.7
Rodrigues Isl,1978,24.4,795.2
Rodrigues Isl,1979,24.4,1465.4
Rodrigues Isl,1980,24.4,1771.8
Rodrigues Isl,1981,24.4,971.1
Rodrigues Isl,1982,24.3,1752.1
Rodrigues Isl,1983,24.2,865.2
Rodrigues Isl,1984,23.9,898.6
Rodrigues Isl,1985,24.1,747.9
Rodrigues Isl,1986,24.2,1176.1
Rodrigues Isl,1987,24.7,1678.0
Rodrigues Isl,1988,24.6,991.1
Rodrigues Isl,1989,24.2,971.3
Rodrigues Isl,1990,24.2,1016.5
Rodrigues Isl,1991,24.6,910.4
Rodrigues Isl,1992,24.1,1131.5
Rodrigues Isl,1993,24.2,837.1
Rodrigues Isl,1994,24.4,1312.4
Rodrigues Isl,1995,24.3,1591.4
Rodrigues Isl,1996,24.1,1419.0
Rodrigues Isl,1997,24.4,1364.3
Rodrigues Isl,1998,24.7,961.8
Rodrigues Isl,1999,24.4,819.4
Rodrigues Isl,2000,24.2,999.4
Rodrigues Isl,2001,24.7,817.5
Rodrigues Isl,2002,24.7,1034.7
Rodrigues Isl,2003,24.8,1398.6
Rodrigues Isl,2004,24.7,1179.0
Rodrigues Isl,2005,24.5,1337.5
Rodrigues Isl,2006,24.8,1231.6
Rodrigues Isl,2007,24.9,975.3
Rodrigues Isl,2008,24.8,1163.7
Rodrigues Isl,2009,25.3,987.2
Rodrigues Isl,2010,25.3,1207.0
Rodrigues Isl,2011,25.2,858.7
Rodrigues Isl,2012,25.2,1395.1
Rodrigues Isl,2013,25.1,1023.0
Rodrigues Isl,2014,25.5,1188.9
Rodrigues Isl,2015,25.4,1179.8
Rodrigues Isl,2016,25.2,876.9
Rodrigues Isl,2017,25.6,1020.0
Rodrigues Isl,2018,25.4,1683.3
Rodrigues Isl,2019,25.7,1408.4
Rodrigues Isl,2020,25.0,1084.1
Rodrigues Isl,2021,25.2,971.5
Rodrigues Isl,2022,24.8,902.3
Rodrigues Isl,2023,25.5,1452.3
Rodrigues Isl,2024,25.4,1277.9
Romania,1901,9.1,734.0
Romania,1902,8.0,628.1
Romania,1903,9.4,533.1
Romania,1904,8.7,523.6
Romania,1905,9.0,600.9
Romania,1906,9.2,686.9
Romania,1907,8.2,492.0
Romania,1908,8.2,594.3
Romania,1909,8.8,618.2
Romania,1910,9.7,631.6
Romania,1911,9.0,579.0
Romania,1912,8.2,812.5
Romania,1913,9.0,628.7
Romania,1914,8.7,727.2
Romania,1915,9.1,762.9
Romania,1916,9.7,628.4
Romania,1917,8.7,513.4
Romania,1918,9.3,619.9
Romania,1919,8.6,719.2
Romania,1920,9.0,610.9
Romania,1921,9.1,534.0
Romania,1922,8.3,737.5
Romania,1923,9.8,587.9
Romania,1924,8.4,590.0
Romania,1925,9.5,675.4
Romania,1926,9.5,620.5
Romania,1927,9.4,601.5
Romania,1928,8.8,565.9
Romania,1929,8.2,553.7
Romania,1930,9.8,618.8
Romania,1931,8.6,634.1
Romania,1932,9.0,622.9
Romania,1933,7.7,770.8
Romania,1934,10.2,540.1
Romania,1935,9.0,553.8
Romania,1936,9.8,608.7
Romania,1937,9.7,688.4
Romania,1938,9.6,599.1
Romania,1939,9.6,659.4
Romania,1940,7.3,756.1
Romania,1941,8.0,833.0
Romania,1942,7.8,561.3
Romania,1943,9.2,562.7
Romania,1944,9.2,676.7
Romania,1945,8.9,488.1
Romania,1946,9.7,505.6
Romania,1947,9.2,620.7
Romania,1948,9.3,551.3
Romania,1949,9.5,606.5
Romania,1950,9.8,536.0
Romania,1951,10.2,549.9
Romania,1952,9.5,624.2
Romania,1953,8.9,523.2
Romania,1954,8.3,674.2
Romania,1955,9.0,786.3
Romania,1956,7.8,597.2
Romania,1957,9.5,642.1
Romania,1958,9.5,596.7
Romania,1959,9.1,564.5
Romania,1960,9.7,679.7
Romania,1961,9.7,527.1
Romania,1962,8.9,587.3
Romania,1963,8.7,550.2
Romania,1964,8.5,641.4
Romania,1965,8.3,584.9
Romania,1966,9.9,750.5
Romania,1967,9.4,574.6
Romania,1968,9.4,613.9
Romania,1969,8.4,720.4
Romania,1970,9.1,779.6
Romania,1971,9.2,647.0
Romania,1972,9.3,694.9
Romania,1973,8.9,542.1
Romania,1974,9.3,696.4
Romania,1975,9.8,650.7
Romania,1976,8.3,613.8
Romania,1977,9.3,613.8
Romania,1978,8.3,687.9
Romania,1979,9.4,672.5
Romania,1980,8.0,760.6
Romania,1981,9.2,694.0
Romania,1982,9.2,551.5
Romania,1983,9.7,509.6
Romania,1984,8.9,680.7
Romania,1985,8.0,585.7
Romania,1986,9.1,476.3
Romania,1987,8.3,563.3
Romania,1988,9.1,631.1
Romania,1989,9.9,575.4
Romania,1990,10.1,474.2
Romania,1991,8.9,699.5
Romania,1992,9.6,511.3
Romania,1993,8.8,584.0
Romania,1994,10.5,523.2
Romania,1995,9.3,692.5
Romania,1996,8.8,645.0
Romania,1997,8.7,711.8
Romania,1998,9.3,705.5
Romania,1999,10.0,702.9
Romania,2000,10.5,445.1
Romania,2001,9.8,683.7
Romania,2002,10.4,598.0
Romania,2003,9.4,515.0
Romania,2004,9.6,710.5
Romania,2005,9.3,771.6
Romania,2006,9.6,650.6
Romania,2007,10.9,680.6
Romania,2008,10.6,616.9
Romania,2009,10.6,622.8
Romania,2010,10.0,812.2
Romania,2011,9.8,468.7
Romania,2012,10.4,594.9
Romania,2013,10.5,648.9
Romania,2014,10.9,744.4
Romania,2015,11.0,589.8
Romania,2016,10.6,712.4
Romania,2017,10.5,635.7
Romania,2018,11.1,627.2
Romania,2019,11.6,539.6
Romania,2020,11.2,611.2
Romania,2021,10.2,678.9
Romania,2022,11.1,497.6
Romania,2023,11.8,609.2
Romania,2024,12.2,614.6
Russia,1901,-5.1,420.0
Russia,1902,-6.4,441.9
Russia,1903,-5.2,444.4
Russia,1904,-5.2,434.2
Russia,1905,-5.3,450.8
Russia,1906,-4.9,443.7
Russia,1907,-5.8,431.8
Russia,1908,-5.8,442.5
Russia,1909,-5.5,434.4
Russia,1910,-5.5,428.9
Russia,1911,-5.5,420.5
Russia,1912,-6.3,447.6
Russia,1913,-5.4,445.2
Russia,1914,-5.1,436.2
Russia,1915,-5.9,463.7
Russia,1916,-5.8,434.1
Russia,1917,-5.4,420.5
Russia,1918,-5.5,426.5
Russia,1919,-5.9,455.4
Russia,1920,-5.0,413.4
Russia,1921,-4.8,424.0
Russia,1922,-5.4,463.9
Russia,1923,-5.1,453.1
Russia,1924,-5.0,433.2
Russia,1925,-4.7,457.3
Russia,1926,-5.0,442.1
Russia,1927,-5.3,468.3
Russia,1928,-5.4,446.4
Russia,1929,-5.9,436.0
Russia,1930,-5.1,442.9
Russia,1931,-5.4,425.1
Russia,1932,-4.4,443.8
Russia,1933,-5.9,432.4
Russia,1934,-4.4,407.5
Russia,1935,-5.0,444.0
Russia,1936,-4.8,438.1
Russia,1937,-5.0,438.2
Russia,1938,-4.4,452.0
Russia,1939,-4.5,443.7
Russia,1940,-5.4,448.7
Russia,1941,-6.3,459.3
Russia,1942,-5.5,465.2
Russia,1943,-4.0,462.2
Russia,1944,-4.4,457.9
Russia,1945,-5.3,451.4
Russia,1946,-5.6,462.6
Russia,1947,-5.2,446.3
Russia,1948,-4.1,477.9
Russia,1949,-4.7,449.0
Russia,1950,-5.4,471.8
Russia,1951,-4.9,451.9
Russia,1952,-6.0,463.9
Russia,1953,-4.6,463.8
Russia,1954,-5.2,452.6
Russia,1955,-5.5,472.6
Russia,1956,-5.7,484.6
Russia,1957,-5.1,481.3
Russia,1958,-5.8,474.2
Russia,1959,-4.7,477.2
Russia,1960,-5.8,474.8
Russia,1961,-4.8,495.8
Russia,1962,-4.2,480.4
Russia,1963,-4.7,467.1
Russia,1964,-5.6,449.4
Russia,1965,-5.7,466.1
Russia,1966,-6.1,514.3
Russia,1967,-4.2,458.0
Russia,1968,-5.4,462.7
Russia,1969,-6.6,446.3
Russia,1970,-5.3,466.4
Russia,1971,-4.8,465.2
Russia,1972,-5.5,455.6
Russia,1973,-4.6,466.2
Russia,1974,-5.5,439.6
Russia,1975,-3.9,456.8
Russia,1976,-5.8,424.9
Russia,1977,-5.4,478.6
Russia,1978,-5.0,470.2
Russia,1979,-5.6,468.7
Russia,1980,-5.2,450.7
Russia,1981,-4.0,461.4
Russia,1982,-4.8,473.7
Russia,1983,-3.8,472.5
Russia,1984,-5.1,452.7
Russia,1985,-5.4,456.0
Russia,1986,-4.6,437.5
Russia,1987,-6.0,446.8
Russia,1988,-4.1,454.5
Russia,1989,-3.7,474.4
Russia,1990,-3.8,495.7
Russia,1991,-4.1,451.3
Russia,1992,-4.7,450.9
Russia,1993,-4.4,450.0
Russia,1994,-4.8,473.6
Russia,1995,-3.0,471.3
Russia,1996,-4.6,448.0
Russia,1997,-4.1,473.5
Russia,1998,-5.0,470.7
Russia,1999,-4.6,451.7
Russia,2000,-4.4,477.1
Russia,2001,-4.3,477.3
Russia,2002,-3.8,472.6
Russia,2003,-3.7,452.8
Russia,2004,-4.2,492.9
Russia,2005,-3.4,459.2
Russia,2006,-4.6,483.1
Russia,2007,-2.9,490.5
Russia,2008,-3.2,494.0
Russia,2009,-4.5,473.1
Russia,2010,-4.4,477.2
Russia,2011,-3.3,466.7
Russia,2012,-3.9,482.8
Russia,2013,-3.5,503.6
Russia,2014,-3.6,473.9
Russia,2015,-2.9,487.2
Russia,2016,-3.2,481.3
Russia,2017,-2.9,501.5
Russia,2018,-3.5,478.0
Russia,2019,-2.9,488.9
Russia,2020,-1.7,484.7
Russia,2021,-3.7,486.9
Russia,2022,-2.9,499.9
Russia,2023,-2.8,494.4
Russia,2024,-2.6,490.2
Rwanda,1901,18.0,1175.5
Rwanda,1902,18.1,1188.9
Rwanda,1903,18.0,1346.5
Rwanda,1904,17.7,1122.6
Rwanda,1905,17.6,1215.0
Rwanda,1906,17.3,1061.0
Rwanda,1907,17.3,1142.3
Rwanda,1908,17.8,1078.1
Rwanda,1909,17.0,1121.1
Rwanda,1910,17.0,1136.9
Rwanda,1911,17.1,887.3
Rwanda,1912,17.0,1236.2
Rwanda,1913,17.0,853.0
Rwanda,1914,17.2,1018.9
Rwanda,1915,17.2,1133.8
Rwanda,1916,16.9,1105.1
Rwanda,1917,16.6,1137.1
Rwanda,1918,16.9,911.5
Rwanda,1919,17.0,1155.0
Rwanda,1920,17.0,1095.1
Rwanda,1921,17.7,901.6
Rwanda,1922,17.7,1083.8
Rwanda,1923,17.7,1162.4
Rwanda,1924,17.8,1034.6
Rwanda,1925,17.8,1192.6
Rwanda,1926,18.0,1217.4
Rwanda,1927,17.8,1102.7
Rwanda,1928,18.0,1010.9
Rwanda,1929,16.8,1170.6
Rwanda,1930,16.9,1445.0
Rwanda,1931,17.5,1138.4
Rwanda,1932,17.2,1121.6
Rwanda,1933,17.2,1091.9
Rwanda,1934,17.2,1062.7
Rwanda,1935,17.4,1151.1
Rwanda,1936,17.3,1311.5
Rwanda,1937,17.2,1441.1
Rwanda,1938,17.4,1073.7
Rwanda,1939,17.5,1116.4
Rwanda,1940,17.7,1140.7
Rwanda,1941,17.9,1409.9
Rwanda,1942,17.6,1186.0
Rwanda,1943,17.6,981.6
Rwanda,1944,17.7,1131.9
Rwanda,1945,17.6,1143.8
Rwanda,1946,17.6,1122.3
Rwanda,1947,17.5,1244.9
Rwanda,1948,17.6,1115.7
Rwanda,1949,17.9,1093.0
Rwanda,1950,17.3,1172.3
Rwanda,1951,17.7,1376.7
Rwanda,1952,18.0,949.4
Rwanda,1953,18.1,1227.2
Rwanda,1954,17.9,1112.1
Rwanda,1955,17.8,1237.2
Rwanda,1956,17.7,1274.1
Rwanda,1957,17.9,1335.8
Rwanda,1958,18.1,1203.5
Rwanda,1959,18.0,1172.0
Rwanda,1960,17.8,1052.2
Rwanda,1961,17.9,1331.3
Rwanda,1962,17.6,1378.2
Rwanda,1963,17.6,1564.0
Rwanda,1964,17.6,1224.6
Rwanda,1965,17.7,1145.3
Rwanda,1966,17.9,1179.2
Rwanda,1967,17.7,1214.8
Rwanda,1968,17.3,1294.5
Rwanda,1969,18.0,1103.4
Rwanda,1970,17.7,1240.8
Rwanda,1971,17.5,1247.7
Rwanda,1972,17.9,1283.3
Rwanda,1973,18.0,1245.1
Rwanda,1974,17.7,1177.1
Rwanda,1975,17.6,1268.1
Rwanda,1976,17.9,1182.0
Rwanda,1977,18.0,1390.8
Rwanda,1978,17.9,1310.1
Rwanda,1979,17.9,1250.7
Rwanda,1980,18.0,1239.3
Rwanda,1981,18.0,1197.2
Rwanda,1982,17.9,1189.2
Rwanda,1983,18.3,1219.5
Rwanda,1984,17.9,1111.6
Rwanda,1985,17.8,1152.9
Rwanda,1986,17.9,1117.8
Rwanda,1987,18.3,1248.2
Rwanda,1988,18.2,1289.8
Rwanda,1989,17.8,1109.4
Rwanda,1990,18.0,1142.5
Rwanda,1991,18.1,1152.3
Rwanda,1992,18.0,1137.6
Rwanda,1993,18.0,1120.2
Rwanda,1994,18.1,1284.7
Rwanda,1995,18.4,1230.1
Rwanda,1996,18.1,1184.9
Rwanda,1997,18.3,1230.9
Rwanda,1998,18.2,1256.7
Rwanda,1999,18.3,1057.4
Rwanda,2000,18.5,1104.1
Rwanda,2001,18.6,1427.3
Rwanda,2002,18.8,1170.9
Rwanda,2003,18.8,1256.2
Rwanda,2004,18.6,859.5
Rwanda,2005,18.6,996.7
Rwanda,2006,18.5,1337.8
Rwanda,2007,18.5,1341.9
Rwanda,2008,18.4,1118.2
Rwanda,2009,18.8,1247.0
Rwanda,2010,18.8,1391.9
Rwanda,2011,18.4,1388.1
Rwanda,2012,18.2,1148.5
Rwanda,2013,18.4,1242.4
Rwanda,2014,18.2,1229.7
Rwanda,2015,18.2,1267.7
Rwanda,2016,18.5,1263.3
Rwanda,2017,18.6,1161.3
Rwanda,2018,18.3,1150.4
Rwanda,2019,18.5,1398.6
Rwanda,2020,18.3,1370.2
Rwanda,2021,18.4,1208.7
Rwanda,2022,18.3,1432.3
Rwanda,2023,18.7,1221.3
Rwanda,2024,18.1,1322.7
Ryukyu Isl,1901,21.5,2349.7
Ryukyu Isl,1902,21.9,2118.7
Ryukyu Isl,1903,21.7,2494.7
Ryukyu Isl,1904,21.5,1699.3
Ryukyu Isl,1905,22.0,2531.4
Ryukyu Isl,1906,22.0,2276.4
Ryukyu Isl,1907,21.7,2059.9
Ryukyu Isl,1908,21.8,2383.0
Ryukyu Isl,1909,22.0,2464.0
Ryukyu Isl,1910,21.7,2254.9
Ryukyu Isl,1911,21.9,2063.4
Ryukyu Isl,1912,21.9,2398.1
Ryukyu Isl,1913,21.8,2210.3
Ryukyu Isl,1914,22.2,2229.4
Ryukyu Isl,1915,22.4,2365.2
Ryukyu Isl,1916,22.3,2405.6
Ryukyu Isl,1917,21.0,2341.0
Ryukyu Isl,1918,21.5,2136.4
Ryukyu Isl,1919,21.9,2226.3
Ryukyu Isl,1920,22.0,2471.9
Ryukyu Isl,1921,21.7,2235.1
Ryukyu Isl,1922,21.9,2729.7
Ryukyu Isl,1923,21.9,2085.8
Ryukyu Isl,1924,21.6,2674.2
Ryukyu Isl,1925,21.3,2067.5
Ryukyu Isl,1926,21.5,1907.5
Ryukyu Isl,1927,21.6,2164.1
Ryukyu Isl,1928,21.9,2403.4
Ryukyu Isl,1929,21.8,2182.8
Ryukyu Isl,1930,22.4,2480.0
Ryukyu Isl,1931,22.4,2341.9
Ryukyu Isl,1932,21.6,2374.6
Ryukyu Isl,1933,22.1,2296.1
Ryukyu Isl,1934,21.6,2047.2
Ryukyu Isl,1935,22.1,2503.8
Ryukyu Isl,1936,21.8,2423.8
Ryukyu Isl,1937,22.5,2797.1
Ryukyu Isl,1938,22.2,2232.5
Ryukyu Isl,1939,21.7,2683.8
Ryukyu Isl,1940,21.8,2196.4
Ryukyu Isl,1941,22.5,3005.7
Ryukyu Isl,1942,22.4,2020.5
Ryukyu Isl,1943,21.8,2191.9
Ryukyu Isl,1944,21.9,2328.1
Ryukyu Isl,1945,21.8,2175.0
Ryukyu Isl,1946,22.5,2114.8
Ryukyu Isl,1947,21.7,2454.0
Ryukyu Isl,1948,22.4,2142.2
Ryukyu Isl,1949,22.3,2259.2
Ryukyu Isl,1950,22.2,2285.4
Ryukyu Isl,1951,22.2,2901.2
Ryukyu Isl,1952,22.8,2580.1
Ryukyu Isl,1953,22.6,2347.3
Ryukyu Isl,1954,22.8,2677.3
Ryukyu Isl,1955,22.4,2293.8
Ryukyu Isl,1956,22.3,2561.4
Ryukyu Isl,1957,22.3,2216.7
Ryukyu Isl,1958,22.4,1999.4
Ryukyu Isl,1959,22.7,2796.0
Ryukyu Isl,1960,22.6,2059.9
Ryukyu Isl,1961,22.6,2192.0
Ryukyu Isl,1962,22.1,2082.5
Ryukyu Isl,1963,21.9,1334.6
Ryukyu Isl,1964,22.5,2362.5
Ryukyu Isl,1965,22.1,2339.4
Ryukyu Isl,1966,22.6,3194.8
Ryukyu Isl,1967,22.2,2081.1
Ryukyu Isl,1968,21.7,1932.2
Ryukyu Isl,1969,22.4,2697.2
Ryukyu Isl,1970,22.4,2557.0
Ryukyu Isl,1971,22.2,1891.9
Ryukyu Isl,1972,22.3,2403.0
Ryukyu Isl,1973,22.4,2359.5
Ryukyu Isl,1974,22.2,2501.2
Ryukyu Isl,1975,22.4,2821.8
Ryukyu Isl,1976,22.0,2040.6
Ryukyu Isl,1977,22.8,1989.1
Ryukyu Isl,1978,22.4,2591.9
Ryukyu Isl,1979,22.5,2350.8
Ryukyu Isl,1980,22.6,2215.8
Ryukyu Isl,1981,22.3,1943.8
Ryukyu Isl,1982,22.4,2227.8
Ryukyu Isl,1983,22.8,2448.0
Ryukyu Isl,1984,22.3,2242.4
Ryukyu Isl,1985,22.5,2393.7
Ryukyu Isl,1986,22.1,1900.3
Ryukyu Isl,1987,22.9,2382.4
Ryukyu Isl,1988,22.8,2586.7
Ryukyu Isl,1989,22.6,2019.8
Ryukyu Isl,1990,22.8,2603.3
Ryukyu Isl,1991,23.0,2030.1
Ryukyu Isl,1992,22.6,2623.5
Ryukyu Isl,1993,22.7,1774.9
Ryukyu Isl,1994,23.0,1948.3
Ryukyu Isl,1995,22.4,1982.2
Ryukyu Isl,1996,22.5,2175.1
Ryukyu Isl,1997,22.7,2083.5
Ryukyu Isl,1998,23.8,3205.3
Ryukyu Isl,1999,23.0,2224.6
Ryukyu Isl,2000,23.0,2741.9
Ryukyu Isl,2001,23.2,2392.4
Ryukyu Isl,2002,23.2,2069.3
Ryukyu Isl,2003,23.2,1814.1
Ryukyu Isl,2004,23.3,2217.4
Ryukyu Isl,2005,22.9,2172.7
Ryukyu Isl,2006,23.4,2164.8
Ryukyu Isl,2007,23.5,2450.3
Ryukyu Isl,2008,23.1,2176.1
Ryukyu Isl,2009,23.2,2045.1
Ryukyu Isl,2010,23.2,2563.6
Ryukyu Isl,2011,22.8,2261.4
Ryukyu Isl,2012,22.9,2812.4
Ryukyu Isl,2013,23.2,2072.1
Ryukyu Isl,2014,23.0,2277.0
Ryukyu Isl,2015,23.5,2082.5
Ryukyu Isl,2016,24.0,2548.5
Ryukyu Isl,2017,23.4,2223.5
Ryukyu Isl,2018,23.4,2588.6
Ryukyu Isl,2019,23.8,2906.6
Ryukyu Isl,2020,23.7,2743.1
Ryukyu Isl,2021,23.6,2205.7
Ryukyu Isl,2022,23.6,3053.4
Ryukyu Isl,2023,23.8,2009.2
Ryukyu Isl,2024,24.3,2786.5
Samoa,1901,26.4,2606.5
Samoa,1902,26.4,2227.1
Samoa,1903,26.2,3233.3
Samoa,1904,26.0,3415.8
Samoa,1905,26.1,1760.3
Samoa,1906,26.5,2211.2
Samoa,1907,26.1,3279.6
Samoa,1908,26.1,4334.3
Samoa,1909,25.9,1786.7
Samoa,1910,26.0,2878.6
Samoa,1911,26.5,2055.4
Samoa,1912,26.8,2041.2
Samoa,1913,26.6,3397.4
Samoa,1914,26.8,2775.8
Samoa,1915,26.3,2304.6
Samoa,1916,26.1,3676.3
Samoa,1917,26.0,3184.4
Samoa,1918,26.2,2407.1
Samoa,1919,26.8,2189.8
Samoa,1920,26.8,3348.2
Samoa,1921,26.8,3101.9
Samoa,1922,27.1,3408.3
Samoa,1923,26.4,2660.5
Samoa,1924,27.0,3072.9
Samoa,1925,26.6,2208.6
Samoa,1926,26.8,2628.7
Samoa,1927,26.9,3350.6
Samoa,1928,26.7,3424.6
Samoa,1929,26.5,2751.4
Samoa,1930,26.5,2318.7
Samoa,1931,26.5,3165.6
Samoa,1932,26.7,3011.6
Samoa,1933,26.6,3546.4
Samoa,1934,26.6,3224.3
Samoa,1935,26.9,3602.3
Samoa,1936,26.7,2803.1
Samoa,1937,26.7,2762.7
Samoa,1938,27.0,3620.6
Samoa,1939,26.5,3018.5
Samoa,1940,26.7,2143.3
Samoa,1941,26.9,2031.1
Samoa,1942,26.7,2772.4
Samoa,1943,26.7,2048.1
Samoa,1944,26.5,2819.0
Samoa,1945,26.6,3349.5
Samoa,1946,26.6,3128.8
Samoa,1947,26.8,3432.8
Samoa,1948,26.4,3666.3
Samoa,1949,26.7,2864.7
Samoa,1950,26.8,3850.6
Samoa,1951,26.7,2409.1
Samoa,1952,27.1,2463.7
Samoa,1953,26.8,2197.1
Samoa,1954,26.9,3535.6
Samoa,1955,26.8,3453.3
Samoa,1956,26.6,3034.8
Samoa,1957,26.8,2730.1
Samoa,1958,27.0,2570.1
Samoa,1959,27.0,3523.8
Samoa,1960,26.9,2993.9
Samoa,1961,26.8,2937.1
Samoa,1962,26.7,3484.2
Samoa,1963,26.8,2555.9
Samoa,1964,26.7,3194.2
Samoa,1965,26.4,2349.5
Samoa,1966,26.7,3091.1
Samoa,1967,26.5,3523.6
Samoa,1968,26.7,2908.9
Samoa,1969,26.8,2664.7
Samoa,1970,26.8,3454.7
Samoa,1971,26.3,2911.1
Samoa,1972,26.6,3502.9
Samoa,1973,26.8,3739.9
Samoa,1974,26.3,2918.1
Samoa,1975,26.5,3265.2
Samoa,1976,26.4,2782.3
Samoa,1977,26.7,2197.8
Samoa,1978,26.7,3682.2
Samoa,1979,26.9,3050.6
Samoa,1980,26.9,3457.7
Samoa,1981,26.7,3580.3
Samoa,1982,26.8,2607.2
Samoa,1983,26.9,2102.5
Samoa,1984,26.8,2786.9
Samoa,1985,26.8,2585.9
Samoa,1986,26.8,3177.2
Samoa,1987,26.7,2175.3
Samoa,1988,27.0,3423.1
Samoa,1989,26.7,3098.4
Samoa,1990,27.2,2526.7
Samoa,1991,27.2,3226.1
Samoa,1992,27.2,3376.9
Samoa,1993,27.0,3188.8
Samoa,1994,27.1,3401.9
Samoa,1995,27.5,2672.1
Samoa,1996,27.6,3323.6
Samoa,1997,27.4,2737.3
Samoa,1998,27.5,1546.0
Samoa,1999,27.4,3111.0
Samoa,2000,27.6,3107.9
Samoa,2001,28.1,2642.5
Samoa,2002,28.1,2943.3
Samoa,2003,27.6,3019.0
Samoa,2004,27.5,2394.2
Samoa,2005,27.8,3559.9
Samoa,2006,27.5,3755.7
Samoa,2007,27.8,3629.9
Samoa,2008,27.6,3023.3
Samoa,2009,27.5,3121.5
Samoa,2010,27.6,3196.3
Samoa,2011,27.2,2718.6
Samoa,2012,27.3,3002.9
Samoa,2013,27.5,3127.4
Samoa,2014,27.4,3056.9
Samoa,2015,27.3,3619.8
Samoa,2016,27.8,2677.6
Samoa,2017,27.6,3141.5
Samoa,2018,27.5,3744.3
Samoa,2019,27.7,3378.0
Samoa,2020,27.7,4470.9
Samoa,2021,27.5,2738.4
Samoa,2022,27.5,2762.8
Samoa,2023,27.6,3115.0
Samoa,2024,28.1,3668.2
San Marino,1901,12.1,971.3
San Marino,1902,12.4,765.3
San Marino,1903,12.6,777.0
San Marino,1904,13.1,831.9
San Marino,1905,12.6,1107.3
San Marino,1906,12.4,851.0
San Marino,1907,12.4,817.2
San Marino,1908,12.1,692.4
San Marino,1909,11.9,819.2
San Marino,1910,12.6,1182.5
San Marino,1911,13.4,856.0
San Marino,1912,12.5,844.2
San Marino,1913,12.8,845.2
San Marino,1914,12.5,887.8
San Marino,1915,12.4,1111.3
San Marino,1916,13.1,979.3
San Marino,1917,12.1,932.1
San Marino,1918,12.9,782.8
San Marino,1919,12.1,861.9
San Marino,1920,13.5,790.6
San Marino,1921,13.5,610.1
San Marino,1922,12.2,712.8
San Marino,1923,13.0,762.7
San Marino,1924,12.4,787.1
San Marino,1925,12.6,754.8
San Marino,1926,13.3,957.7
San Marino,1927,13.0,673.8
San Marino,1928,13.3,973.0
San Marino,1929,12.6,706.4
San Marino,1930,13.4,946.6
San Marino,1931,12.2,718.9
San Marino,1932,12.9,952.2
San Marino,1933,12.1,929.6
San Marino,1934,13.7,877.8
San Marino,1935,12.6,794.0
San Marino,1936,13.0,790.4
San Marino,1937,13.1,1288.5
San Marino,1938,12.9,712.9
San Marino,1939,12.7,904.3
San Marino,1940,11.7,909.3
San Marino,1941,11.9,912.2
San Marino,1942,12.6,737.0
San Marino,1943,13.7,773.8
San Marino,1944,12.4,790.0
San Marino,1945,13.4,494.5
San Marino,1946,13.4,805.1
San Marino,1947,13.8,831.8
San Marino,1948,13.6,761.6
San Marino,1949,13.8,720.6
San Marino,1950,13.6,712.6
San Marino,1951,13.6,946.3
San Marino,1952,12.9,722.7
San Marino,1953,13.4,760.2
San Marino,1954,12.5,784.1
San Marino,1955,12.7,829.4
San Marino,1956,11.9,708.5
San Marino,1957,13.4,699.1
San Marino,1958,13.3,828.5
San Marino,1959,13.8,1004.0
San Marino,1960,13.2,1100.0
San Marino,1961,13.8,838.7
San Marino,1962,12.4,808.4
San Marino,1963,12.7,945.8
San Marino,1964,13.1,1010.9
San Marino,1965,12.4,882.9
San Marino,1966,13.4,964.0
San Marino,1967,13.3,654.9
San Marino,1968,13.1,817.3
San Marino,1969,12.8,901.6
San Marino,1970,12.8,686.9
San Marino,1971,13.0,666.8
San Marino,1972,12.9,904.6
San Marino,1973,12.8,741.5
San Marino,1974,13.2,705.8
San Marino,1975,13.3,871.9
San Marino,1976,12.8,1093.1
San Marino,1977,13.4,853.2
San Marino,1978,12.5,969.3
San Marino,1979,13.1,963.1
San Marino,1980,12.4,940.1
San Marino,1981,12.9,920.2
San Marino,1982,13.6,910.2
San Marino,1983,13.4,645.1
San Marino,1984,12.7,1059.5
San Marino,1985,12.9,632.6
San Marino,1986,13.1,870.8
San Marino,1987,13.1,941.1
San Marino,1988,13.7,685.0
San Marino,1989,13.6,782.8
San Marino,1990,13.9,737.3
San Marino,1991,13.0,1032.5
San Marino,1992,14.0,911.6
San Marino,1993,13.6,789.0
San Marino,1994,14.7,759.4
San Marino,1995,13.5,883.4
San Marino,1996,12.8,1147.3
San Marino,1997,14.1,829.8
San Marino,1998,13.9,855.0
San Marino,1999,13.7,944.8
San Marino,2000,14.4,750.5
San Marino,2001,13.9,756.1
San Marino,2002,14.5,982.7
San Marino,2003,14.3,713.4
San Marino,2004,13.7,904.7
San Marino,2005,13.3,926.1
San Marino,2006,14.1,663.5
San Marino,2007,14.4,680.8
San Marino,2008,14.2,864.7
San Marino,2009,14.2,775.9
San Marino,2010,13.2,1024.4
San Marino,2011,14.8,651.5
San Marino,2012,14.2,685.5
San Marino,2013,13.8,845.2
San Marino,2014,15.1,1022.6
San Marino,2015,14.9,660.1
San Marino,2016,14.5,737.7
San Marino,2017,14.4,559.7
San Marino,2018,15.3,733.5
San Marino,2019,15.1,943.6
San Marino,2020,15.0,802.8
San Marino,2021,14.2,693.3
San Marino,2022,15.4,585.4
San Marino,2023,15.3,803.9
San Marino,2024,15.7,856.5
Sao Tome + Principe,1901,24.4,2251.8
Sao Tome + Principe,1902,24.6,2319.0
Sao Tome + Principe,1903,24.7,2164.7
Sao Tome + Principe,1904,24.4,2127.2
Sao Tome + Principe,1905,24.9,2253.6
Sao Tome + Principe,1906,24.8,1958.3
Sao Tome + Principe,1907,24.9,2043.6
Sao Tome + Principe,1908,24.4,2304.1
Sao Tome + Principe,1909,25.0,2365.0
Sao Tome + Principe,1910,24.4,2411.8
Sao Tome + Principe,1911,24.8,1919.6
Sao Tome + Principe,1912,24.9,2443.0
Sao Tome + Principe,1913,24.4,1944.5
Sao Tome + Principe,1914,24.9,2084.4
Sao Tome + Principe,1915,24.7,2247.2
Sao Tome + Principe,1916,24.7,2242.9
Sao Tome + Principe,1917,24.7,2218.7
Sao Tome + Principe,1918,24.7,2204.8
Sao Tome + Principe,1919,24.7,2203.0
Sao Tome + Principe,1920,24.7,2209.0
Sao Tome + Principe,1921,24.7,2226.0
Sao Tome + Principe,1922,24.7,2226.2
Sao Tome + Principe,1923,24.7,2214.7
Sao Tome + Principe,1924,24.7,2258.7
Sao Tome + Principe,1925,24.7,2203.9
Sao Tome + Principe,1926,24.7,2263.3
Sao Tome + Principe,1927,24.7,2256.8
Sao Tome + Principe,1928,24.7,2317.4
Sao Tome + Principe,1929,24.7,2277.5
Sao Tome + Principe,1930,24.7,2258.8
Sao Tome + Principe,1931,24.7,2247.2
Sao Tome + Principe,1932,24.7,2206.6
Sao Tome + Principe,1933,24.7,2344.5
Sao Tome + Principe,1934,24.7,2660.3
Sao Tome + Principe,1935,24.7,2482.9
Sao Tome + Principe,1936,24.7,2014.6
Sao Tome + Principe,1937,24.7,2182.9
Sao Tome + Principe,1938,24.7,2128.6
Sao Tome + Principe,1939,24.7,2224.1
Sao Tome + Principe,1940,24.7,1946.7
Sao Tome + Principe,1941,25.1,1891.6
Sao Tome + Principe,1942,25.0,1897.8
Sao Tome + Principe,1943,24.6,2063.9
Sao Tome + Principe,1944,25.1,2457.3
Sao Tome + Principe,1945,25.2,2346.9
Sao Tome + Principe,1946,24.9,2383.2
Sao Tome + Principe,1947,25.2,2568.1
Sao Tome + Principe,1948,24.8,2254.8
Sao Tome + Principe,1949,25.2,2305.6
Sao Tome + Principe,1950,25.2,2436.8
Sao Tome + Principe,1951,25.2,2367.6
Sao Tome + Principe,1952,25.1,2149.2
Sao Tome + Principe,1953,24.9,2003.4
Sao Tome + Principe,1954,24.4,2237.7
Sao Tome + Principe,1955,24.7,2672.1
Sao Tome + Principe,1956,24.6,2257.6
Sao Tome + Principe,1957,24.8,2320.7
Sao Tome + Principe,1958,24.8,1933.3
Sao Tome + Principe,1959,24.8,2434.9
Sao Tome + Principe,1960,25.0,2568.0
Sao Tome + Principe,1961,24.8,2459.8
Sao Tome + Principe,1962,24.8,2441.9
Sao Tome + Principe,1963,25.2,2387.9
Sao Tome + Principe,1964,24.8,2073.3
Sao Tome + Principe,1965,24.8,2088.2
Sao Tome + Principe,1966,25.3,2330.3
Sao Tome + Principe,1967,24.9,2285.0
Sao Tome + Principe,1968,24.9,2121.1
Sao Tome + Principe,1969,25.1,2253.3
Sao Tome + Principe,1970,25.0,2308.6
Sao Tome + Principe,1971,24.5,2252.1
Sao Tome + Principe,1972,24.3,1966.2
Sao Tome + Principe,1973,24.7,2357.2
Sao Tome + Principe,1974,24.2,2030.4
Sao Tome + Principe,1975,24.2,2277.6
Sao Tome + Principe,1976,23.9,2200.6
Sao Tome + Principe,1977,24.5,2284.6
Sao Tome + Principe,1978,24.4,2089.0
Sao Tome + Principe,1979,24.7,2047.0
Sao Tome + Principe,1980,24.7,1967.6
Sao Tome + Principe,1981,24.7,1971.8
Sao Tome + Principe,1982,24.5,1868.2
Sao Tome + Principe,1983,24.8,1811.4
Sao Tome + Principe,1984,25.0,2508.8
Sao Tome + Principe,1985,24.7,2278.6
Sao Tome + Principe,1986,24.5,2027.6
Sao Tome + Principe,1987,25.2,1992.3
Sao Tome + Principe,1988,24.9,2670.4
Sao Tome + Principe,1989,24.8,2293.1
Sao Tome + Principe,1990,24.8,2305.7
Sao Tome + Principe,1991,24.8,2065.0
Sao Tome + Principe,1992,24.6,1901.9
Sao Tome + Principe,1993,24.8,2084.7
Sao Tome + Principe,1994,24.7,2084.9
Sao Tome + Principe,1995,25.0,2235.5
Sao Tome + Principe,1996,24.8,2337.7
Sao Tome + Principe,1997,24.7,2239.9
Sao Tome + Principe,1998,25.3,2338.0
Sao Tome + Principe,1999,25.0,2466.5
Sao Tome + Principe,2000,25.1,2388.7
Sao Tome + Principe,2001,25.1,2289.7
Sao Tome + Principe,2002,25.3,2560.7
Sao Tome + Principe,2003,25.3,2154.0
Sao Tome + Principe,2004,25.1,2167.5
Sao Tome + Principe,2005,25.2,1866.6
Sao Tome + Principe,2006,25.2,1964.2
Sao Tome + Principe,2007,25.2,2742.1
Sao Tome + Principe,2008,25.1,2366.9
Sao Tome + Principe,2009,25.2,2196.8
Sao Tome + Principe,2010,25.4,1880.5
Sao Tome + Principe,2011,25.0,2136.2
Sao Tome + Principe,2012,25.1,2525.3
Sao Tome + Principe,2013,25.1,2114.0
Sao Tome + Principe,2014,25.2,2045.9
Sao Tome + Principe,2015,25.2,1923.6
Sao Tome + Principe,2016,25.2,2019.5
Sao Tome + Principe,2017,25.1,2153.2
Sao Tome + Principe,2018,25.3,2289.6
Sao Tome + Principe,2019,25.1,2268.6
Sao Tome + Principe,2020,25.2,2148.4
Sao Tome + Principe,2021,25.5,2197.9
Sao Tome + Principe,2022,25.2,2406.8
Sao Tome + Principe,2023,25.3,2011.1
Sao Tome + Principe,2024,25.4,2061.4
Saudi Arabia,1901,25.1,102.8
Saudi Arabia,1902,24.9,100.9
Saudi Arabia,1903,24.3,102.4
Saudi Arabia,1904,24.6,102.9
Saudi Arabia,1905,24.6,102.0
Saudi Arabia,1906,24.7,103.4
Saudi Arabia,1907,24.5,101.7
Saudi Arabia,1908,24.8,100.3
Saudi Arabia,1909,25.1,105.6
Saudi Arabia,1910,24.4,102.2
Saudi Arabia,1911,24.2,108.0
Saudi Arabia,1912,24.6,108.3
Saudi Arabia,1913,24.5,103.7
Saudi Arabia,1914,24.8,104.3
Saudi Arabia,1915,25.2,104.2
Saudi Arabia,1916,25.1,103.7
Saudi Arabia,1917,25.0,103.3
Saudi Arabia,1918,24.9,104.2
Saudi Arabia,1919,25.1,103.5
Saudi Arabia,1920,24.9,104.7
Saudi Arabia,1921,24.9,103.0
Saudi Arabia,1922,25.1,101.9
Saudi Arabia,1923,25.0,104.8
Saudi Arabia,1924,25.2,103.8
Saudi Arabia,1925,24.9,102.8
Saudi Arabia,1926,25.0,102.9
Saudi Arabia,1927,25.1,101.5
Saudi Arabia,1928,25.2,99.8
Saudi Arabia,1929,25.0,105.4
Saudi Arabia,1930,25.1,100.2
Saudi Arabia,1931,25.0,103.0
Saudi Arabia,1932,24.9,104.8
Saudi Arabia,1933,24.7,100.3
Saudi Arabia,1934,24.9,105.1
Saudi Arabia,1935,25.2,103.7
Saudi Arabia,1936,25.0,103.2
Saudi Arabia,1937,25.1,104.6
Saudi Arabia,1938,24.9,103.1
Saudi Arabia,1939,25.1,111.0
Saudi Arabia,1940,25.2,99.2
Saudi Arabia,1941,25.1,100.7
Saudi Arabia,1942,25.1,97.1
Saudi Arabia,1943,24.7,101.0
Saudi Arabia,1944,25.0,98.0
Saudi Arabia,1945,24.7,102.6
Saudi Arabia,1946,25.1,99.5
Saudi Arabia,1947,25.2,105.1
Saudi Arabia,1948,24.8,105.0
Saudi Arabia,1949,24.6,106.0
Saudi Arabia,1950,24.8,100.2
Saudi Arabia,1951,25.3,98.2
Saudi Arabia,1952,25.3,90.9
Saudi Arabia,1953,25.1,101.6
Saudi Arabia,1954,25.4,98.1
Saudi Arabia,1955,25.4,116.1
Saudi Arabia,1956,24.9,83.3
Saudi Arabia,1957,24.9,111.6
Saudi Arabia,1958,25.4,85.0
Saudi Arabia,1959,24.6,96.8
Saudi Arabia,1960,25.6,94.8
Saudi Arabia,1961,24.7,101.7
Saudi Arabia,1962,25.6,83.8
Saudi Arabia,1963,25.4,104.2
Saudi Arabia,1964,24.5,103.7
Saudi Arabia,1965,25.2,90.1
Saudi Arabia,1966,25.5,84.9
Saudi Arabia,1967,24.4,107.9
Saudi Arabia,1968,24.9,109.5
Saudi Arabia,1969,25.4,100.0
Saudi Arabia,1970,25.2,74.0
Saudi Arabia,1971,24.8,112.4
Saudi Arabia,1972,24.5,121.9
Saudi Arabia,1973,25.0,75.8
Saudi Arabia,1974,24.8,114.0
Saudi Arabia,1975,24.8,107.9
Saudi Arabia,1976,24.7,128.1
Saudi Arabia,1977,25.1,90.4
Saudi Arabia,1978,25.1,78.3
Saudi Arabia,1979,25.5,105.1
Saudi Arabia,1980,25.3,87.9
Saudi Arabia,1981,25.3,110.5
Saudi Arabia,1982,24.6,136.6
Saudi Arabia,1983,24.5,97.9
Saudi Arabia,1984,25.0,97.0
Saudi Arabia,1985,25.3,112.6
Saudi Arabia,1986,25.1,112.7
Saudi Arabia,1987,25.4,95.9
Saudi Arabia,1988,25.3,108.5
Saudi Arabia,1989,24.9,115.7
Saudi Arabia,1990,25.3,105.8
Saudi Arabia,1991,25.2,105.6
Saudi Arabia,1992,24.4,111.0
Saudi Arabia,1993,25.1,141.6
Saudi Arabia,1994,25.5,96.8
Saudi Arabia,1995,25.3,125.5
Saudi Arabia,1996,25.6,119.8
Saudi Arabia,1997,25.1,117.2
Saudi Arabia,1998,26.0,104.8
Saudi Arabia,1999,26.2,106.3
Saudi Arabia,2000,25.7,94.2
Saudi Arabia,2001,26.0,98.6
Saudi Arabia,2002,25.9,109.3
Saudi Arabia,2003,25.9,87.5
Saudi Arabia,2004,25.8,97.2
Saudi Arabia,2005,25.7,90.0
Saudi Arabia,2006,25.9,93.4
Saudi Arabia,2007,25.9,92.0
Saudi Arabia,2008,25.9,87.1
Saudi Arabia,2009,26.1,83.7
Saudi Arabia,2010,26.9,89.1
Saudi Arabia,2011,25.8,95.6
Saudi Arabia,2012,26.1,98.8
Saudi Arabia,2013,25.9,98.4
Saudi Arabia,2014,26.1,96.5
Saudi Arabia,2015,26.2,90.9
Saudi Arabia,2016,26.2,93.7
Saudi Arabia,2017,26.2,98.2
Saudi Arabia,2018,26.5,105.7
Saudi Arabia,2019,26.1,113.5
Saudi Arabia,2020,26.1,101.2
Saudi Arabia,2021,26.6,84.2
Saudi Arabia,2022,26.3,98.6
Saudi Arabia,2023,26.5,107.1
Saudi Arabia,2024,26.3,118.2
Senegal,1901,28.2,875.0
Senegal,1902,28.5,612.7
Senegal,1903,28.3,726.2
Senegal,1904,28.1,764.0
Senegal,1905,28.2,1007.1
Senegal,1906,28.3,1156.2
Senegal,1907,27.6,658.3
Senegal,1908,28.5,753.6
Senegal,1909,28.2,870.5
Senegal,1910,28.4,792.3
Senegal,1911,28.2,678.1
Senegal,1912,28.5,676.2
Senegal,1913,28.4,588.7
Senegal,1914,28.1,856.4
Senegal,1915,28.5,844.1
Senegal,1916,28.0,812.6
Senegal,1917,28.0,785.7
Senegal,1918,28.2,993.1
Senegal,1919,28.6,761.6
Senegal,1920,28.0,779.6
Senegal,1921,27.9,692.6
Senegal,1922,27.6,795.6
Senegal,1923,28.2,789.0
Senegal,1924,27.9,851.9
Senegal,1925,28.0,789.8
Senegal,1926,28.4,704.8
Senegal,1927,27.9,1025.5
Senegal,1928,27.7,932.9
Senegal,1929,27.5,889.6
Senegal,1930,27.5,795.3
Senegal,1931,28.1,676.8
Senegal,1932,28.1,825.2
Senegal,1933,28.1,989.8
Senegal,1934,28.2,760.7
Senegal,1935,28.1,983.0
Senegal,1936,28.3,1035.2
Senegal,1937,28.4,812.3
Senegal,1938,28.4,885.9
Senegal,1939,28.2,825.4
Senegal,1940,28.1,875.6
Senegal,1941,28.5,636.8
Senegal,1942,28.2,715.9
Senegal,1943,27.9,919.9
Senegal,1944,28.5,733.6
Senegal,1945,28.7,810.1
Senegal,1946,28.2,816.0
Senegal,1947,28.3,777.9
Senegal,1948,28.1,763.1
Senegal,1949,28.2,724.9
Senegal,1950,28.0,1088.4
Senegal,1951,27.8,983.8
Senegal,1952,27.5,962.3
Senegal,1953,27.9,875.7
Senegal,1954,27.8,879.2
Senegal,1955,28.0,982.0
Senegal,1956,27.7,829.1
Senegal,1957,27.8,928.5
Senegal,1958,28.2,949.9
Senegal,1959,27.9,754.2
Senegal,1960,28.0,816.5
Senegal,1961,28.1,858.7
Senegal,1962,28.1,785.3
Senegal,1963,28.3,814.7
Senegal,1964,28.0,873.9
Senegal,1965,27.6,891.7
Senegal,1966,28.2,883.6
Senegal,1967,27.5,893.3
Senegal,1968,27.9,542.7
Senegal,1969,28.8,913.5
Senegal,1970,28.6,617.3
Senegal,1971,27.7,699.8
Senegal,1972,28.0,511.5
Senegal,1973,28.2,573.7
Senegal,1974,27.4,708.2
Senegal,1975,27.5,815.2
Senegal,1976,27.4,666.8
Senegal,1977,28.3,529.3
Senegal,1978,28.0,766.0
Senegal,1979,28.4,645.3
Senegal,1980,28.4,540.9
Senegal,1981,28.3,662.6
Senegal,1982,27.8,585.0
Senegal,1983,28.9,443.1
Senegal,1984,28.2,559.1
Senegal,1985,28.1,639.1
Senegal,1986,27.9,633.1
Senegal,1987,28.8,661.9
Senegal,1988,28.2,731.9
Senegal,1989,28.1,783.1
Senegal,1990,28.6,578.4
Senegal,1991,28.5,583.8
Senegal,1992,28.3,598.8
Senegal,1993,28.5,617.0
Senegal,1994,28.0,753.8
Senegal,1995,28.4,690.1
Senegal,1996,28.8,606.3
Senegal,1997,28.8,630.0
Senegal,1998,29.3,674.7
Senegal,1999,28.2,863.1
Senegal,2000,28.5,707.0
Senegal,2001,28.9,620.2
Senegal,2002,28.9,482.4
Senegal,2003,28.8,819.1
Senegal,2004,29.0,612.6
Senegal,2005,29.0,874.7
Senegal,2006,28.7,699.3
Senegal,2007,28.9,643.4
Senegal,2008,28.8,818.9
Senegal,2009,28.6,802.6
Senegal,2010,29.4,906.2
Senegal,2011,28.8,641.1
Senegal,2012,28.7,864.6
Senegal,2013,28.9,747.2
Senegal,2014,28.8,637.8
Senegal,2015,29.0,730.9
Senegal,2016,29.2,722.0
Senegal,2017,29.2,719.1
Senegal,2018,28.7,674.0
Senegal,2019,28.5,697.3
Senegal,2020,29.4,768.8
Senegal,2021,29.5,718.4
Senegal,2022,28.9,917.3
Senegal,2023,29.6,783.4
Senegal,2024,29.3,778.5
Serbia,1901,10.0,764.3
Serbia,1902,9.4,748.8
Serbia,1903,10.5,662.7
Serbia,1904,10.4,608.1
Serbia,1905,10.2,751.9
Serbia,1906,10.3,773.5
Serbia,1907,9.9,529.6
Serbia,1908,9.6,598.6
Serbia,1909,10.0,777.0
Serbia,1910,10.9,818.4
Serbia,1911,10.8,633.8
Serbia,1912,9.7,862.8
Serbia,1913,10.1,731.7
Serbia,1914,9.7,816.1
Serbia,1915,10.4,993.8
Serbia,1916,11.1,721.1
Serbia,1917,10.1,605.3
Serbia,1918,10.5,642.9
Serbia,1919,10.0,851.5
Serbia,1920,10.6,662.0
Serbia,1921,10.7,630.8
Serbia,1922,9.6,782.7
Serbia,1923,11.0,705.2
Serbia,1924,9.7,756.4
Serbia,1925,10.5,842.0
Serbia,1926,11.1,751.1
Serbia,1927,10.9,770.9
Serbia,1928,10.6,598.1
Serbia,1929,9.7,747.4
Serbia,1930,11.2,685.1
Serbia,1931,10.0,753.0
Serbia,1932,10.1,728.0
Serbia,1933,9.3,752.3
Serbia,1934,11.6,720.0
Serbia,1935,10.4,637.4
Serbia,1936,10.9,734.7
Serbia,1937,10.9,963.4
Serbia,1938,10.6,669.0
Serbia,1939,10.7,819.2
Serbia,1940,8.6,870.1
Serbia,1941,9.4,848.3
Serbia,1942,9.6,689.7
Serbia,1943,10.8,644.8
Serbia,1944,10.4,835.6
Serbia,1945,10.7,567.5
Serbia,1946,11.1,601.3
Serbia,1947,10.8,571.3
Serbia,1948,10.8,632.9
Serbia,1949,10.9,684.2
Serbia,1950,11.4,623.3
Serbia,1951,11.6,723.5
Serbia,1952,11.0,739.0
Serbia,1953,10.5,624.9
Serbia,1954,9.6,834.3
Serbia,1955,10.2,916.4
Serbia,1956,9.3,735.5
Serbia,1957,10.8,739.9
Serbia,1958,11.0,628.9
Serbia,1959,10.6,733.1
Serbia,1960,10.9,775.5
Serbia,1961,11.2,600.7
Serbia,1962,10.0,661.8
Serbia,1963,10.0,725.6
Serbia,1964,9.8,777.1
Serbia,1965,9.7,702.9
Serbia,1966,11.1,822.8
Serbia,1967,10.7,695.3
Serbia,1968,10.8,729.6
Serbia,1969,10.0,835.8
Serbia,1970,10.2,836.9
Serbia,1971,10.4,651.1
Serbia,1972,10.6,753.6
Serbia,1973,10.2,656.3
Serbia,1974,10.7,824.5
Serbia,1975,10.8,736.5
Serbia,1976,10.0,770.2
Serbia,1977,10.7,718.9
Serbia,1978,9.6,762.3
Serbia,1979,10.8,773.7
Serbia,1980,9.4,820.4
Serbia,1981,10.6,821.8
Serbia,1982,10.6,670.8
Serbia,1983,11.0,585.9
Serbia,1984,10.2,663.6
Serbia,1985,9.6,631.4
Serbia,1986,10.4,625.8
Serbia,1987,10.1,728.3
Serbia,1988,10.7,612.0
Serbia,1989,11.0,663.6
Serbia,1990,11.4,558.2
Serbia,1991,10.1,790.7
Serbia,1992,11.4,620.4
Serbia,1993,10.5,582.7
Serbia,1994,12.0,599.2
Serbia,1995,10.8,821.5
Serbia,1996,10.1,806.7
Serbia,1997,10.4,685.4
Serbia,1998,10.9,758.3
Serbia,1999,11.1,870.5
Serbia,2000,12.2,466.4
Serbia,2001,11.1,757.3
Serbia,2002,12.0,719.5
Serbia,2003,11.0,637.8
Serbia,2004,10.9,834.8
Serbia,2005,10.4,881.7
Serbia,2006,11.2,727.9
Serbia,2007,12.3,778.8
Serbia,2008,12.1,697.6
Serbia,2009,12.0,786.5
Serbia,2010,11.1,991.3
Serbia,2011,11.4,495.5
Serbia,2012,11.9,650.6
Serbia,2013,11.9,749.8
Serbia,2014,12.5,940.6
Serbia,2015,12.3,696.4
Serbia,2016,11.8,876.6
Serbia,2017,11.9,677.5
Serbia,2018,12.7,714.8
Serbia,2019,12.9,735.4
Serbia,2020,12.3,708.6
Serbia,2021,11.6,750.4
Serbia,2022,12.6,621.2
Serbia,2023,13.1,838.1
Serbia,2024,13.5,647.8
Severnaya Zemlya,1901,-17.2,153.2
Severnaya Zemlya,1902,-17.2,153.2
Severnaya Zemlya,1903,-17.2,153.2
Severnaya Zemlya,1904,-17.2,153.2
Severnaya Zemlya,1905,-17.2,153.2
Severnaya Zemlya,1906,-17.2,153.2
Severnaya Zemlya,1907,-17.2,153.2
Severnaya Zemlya,1908,-17.2,153.2
Severnaya Zemlya,1909,-17.2,153.2
Severnaya Zemlya,1910,-17.2,153.2
Severnaya Zemlya,1911,-17.2,153.2
Severnaya Zemlya,1912,-17.2,153.2
Severnaya Zemlya,1913,-17.2,153.2
Severnaya Zemlya,1914,-17.2,153.2
Severnaya Zemlya,1915,-17.2,153.2
Severnaya Zemlya,1916,-17.2,153.2
Severnaya Zemlya,1917,-17.7,153.2
Severnaya Zemlya,1918,-17.3,153.2
Severnaya Zemlya,1919,-17.3,153.2
Severnaya Zemlya,1920,-16.6,153.2
Severnaya Zemlya,1921,-17.0,153.2
Severnaya Zemlya,1922,-16.8,153.2
Severnaya Zemlya,1923,-16.7,153.2
Severnaya Zemlya,1924,-16.2,153.2
Severnaya Zemlya,1925,-17.2,153.2
Severnaya Zemlya,1926,-17.1,153.2
Severnaya Zemlya,1927,-17.1,153.2
Severnaya Zemlya,1928,-16.5,153.2
Severnaya Zemlya,1929,-16.8,153.2
Severnaya Zemlya,1930,-16.9,136.6
Severnaya Zemlya,1931,-16.6,120.3
Severnaya Zemlya,1932,-16.4,91.3
Severnaya Zemlya,1933,-17.3,87.2
Severnaya Zemlya,1934,-16.4,120.1
Severnaya Zemlya,1935,-16.8,109.8
Severnaya Zemlya,1936,-16.7,105.4
Severnaya Zemlya,1937,-16.5,76.6
Severnaya Zemlya,1938,-16.0,141.6
Severnaya Zemlya,1939,-16.8,117.9
Severnaya Zemlya,1940,-17.0,120.1
Severnaya Zemlya,1941,-17.2,154.1
Severnaya Zemlya,1942,-16.4,142.7
Severnaya Zemlya,1943,-15.9,170.0
Severnaya Zemlya,1944,-16.2,153.2
Severnaya Zemlya,1945,-16.2,138.8
Severnaya Zemlya,1946,-17.1,124.7
Severnaya Zemlya,1947,-16.4,178.3
Severnaya Zemlya,1948,-16.6,114.3
Severnaya Zemlya,1949,-16.7,125.3
Severnaya Zemlya,1950,-17.1,116.6
Severnaya Zemlya,1951,-16.7,128.7
Severnaya Zemlya,1952,-16.4,140.1
Severnaya Zemlya,1953,-14.4,159.6
Severnaya Zemlya,1954,-14.7,180.7
Severnaya Zemlya,1955,-17.0,162.5
Severnaya Zemlya,1956,-15.1,150.1
Severnaya Zemlya,1957,-18.0,153.1
Severnaya Zemlya,1958,-18.6,146.5
Severnaya Zemlya,1959,-15.6,149.4
Severnaya Zemlya,1960,-17.7,130.3
Severnaya Zemlya,1961,-16.8,133.3
Severnaya Zemlya,1962,-17.3,160.5
Severnaya Zemlya,1963,-19.3,142.9
Severnaya Zemlya,1964,-17.5,158.2
Severnaya Zemlya,1965,-17.4,140.5
Severnaya Zemlya,1966,-18.3,204.9
Severnaya Zemlya,1967,-16.5,244.1
Severnaya Zemlya,1968,-17.9,199.0
Severnaya Zemlya,1969,-16.9,156.5
Severnaya Zemlya,1970,-17.6,133.3
Severnaya Zemlya,1971,-16.4,173.5
Severnaya Zemlya,1972,-16.9,181.1
Severnaya Zemlya,1973,-17.4,150.1
Severnaya Zemlya,1974,-16.9,173.5
Severnaya Zemlya,1975,-16.3,137.6
Severnaya Zemlya,1976,-16.8,185.2
Severnaya Zemlya,1977,-17.6,144.2
Severnaya Zemlya,1978,-17.6,120.5
Severnaya Zemlya,1979,-18.7,115.8
Severnaya Zemlya,1980,-17.2,137.3
Severnaya Zemlya,1981,-16.6,143.8
Severnaya Zemlya,1982,-17.5,143.2
Severnaya Zemlya,1983,-16.7,139.6
Severnaya Zemlya,1984,-15.1,150.2
Severnaya Zemlya,1985,-15.5,124.5
Severnaya Zemlya,1986,-17.4,125.6
Severnaya Zemlya,1987,-18.0,153.1
Severnaya Zemlya,1988,-17.5,146.1
Severnaya Zemlya,1989,-17.8,139.6
Severnaya Zemlya,1990,-16.5,136.8
Severnaya Zemlya,1991,-17.0,185.5
Severnaya Zemlya,1992,-18.2,146.7
Severnaya Zemlya,1993,-16.9,122.2
Severnaya Zemlya,1994,-16.9,141.2
Severnaya Zemlya,1995,-15.0,151.9
Severnaya Zemlya,1996,-16.7,108.9
Severnaya Zemlya,1997,-16.5,143.1
Severnaya Zemlya,1998,-17.8,100.5
Severnaya Zemlya,1999,-15.9,169.4
Severnaya Zemlya,2000,-15.3,95.7
Severnaya Zemlya,2001,-15.5,138.8
Severnaya Zemlya,2002,-17.1,143.6
Severnaya Zemlya,2003,-17.3,174.2
Severnaya Zemlya,2004,-17.0,112.3
Severnaya Zemlya,2005,-14.0,126.6
Severnaya Zemlya,2006,-14.6,108.4
Severnaya Zemlya,2007,-14.3,126.1
Severnaya Zemlya,2008,-14.7,111.9
Severnaya Zemlya,2009,-14.4,156.2
Severnaya Zemlya,2010,-14.2,133.7
Severnaya Zemlya,2011,-12.2,179.7
Severnaya Zemlya,2012,-11.6,193.8
Severnaya Zemlya,2013,-14.8,153.9
Severnaya Zemlya,2014,-14.1,172.8
Severnaya Zemlya,2015,-13.3,148.5
Severnaya Zemlya,2016,-11.5,178.7
Severnaya Zemlya,2017,-13.2,124.4
Severnaya Zemlya,2018,-13.3,179.6
Severnaya Zemlya,2019,-13.6,178.1
Severnaya Zemlya,2020,-11.6,171.9
Severnaya Zemlya,2021,-14.3,152.9
Severnaya Zemlya,2022,-12.9,103.0
Severnaya Zemlya,2023,-13.7,147.9
Severnaya Zemlya,2024,-13.1,154.1
Seychelles,1901,25.9,2395.6
Seychelles,1902,25.9,1990.7
Seychelles,1903,26.1,2638.6
Seychelles,1904,26.4,2435.0
Seychelles,1905,26.8,2100.2
Seychelles,1906,26.4,2192.9
Seychelles,1907,26.2,1871.8
Seychelles,1908,26.5,1918.6
Seychelles,1909,26.3,1721.4
Seychelles,1910,26.2,1920.0
Seychelles,1911,26.3,1775.6
Seychelles,1912,26.7,2395.9
Seychelles,1913,26.6,1549.9
Seychelles,1914,27.0,2448.6
Seychelles,1915,26.8,2403.0
Seychelles,1916,26.5,1490.8
Seychelles,1917,26.4,1540.2
Seychelles,1918,26.3,1941.2
Seychelles,1919,27.0,2135.4
Seychelles,1920,26.6,2211.0
Seychelles,1921,26.6,2152.6
Seychelles,1922,26.6,1327.4
Seychelles,1923,26.3,2609.4
Seychelles,1924,26.6,2474.8
Seychelles,1925,26.4,3066.1
Seychelles,1926,26.7,2491.5
Seychelles,1927,26.7,1575.3
Seychelles,1928,26.0,3060.2
Seychelles,1929,25.8,1747.2
Seychelles,1930,25.8,2004.4
Seychelles,1931,26.2,1783.0
Seychelles,1932,25.9,1672.5
Seychelles,1933,25.9,1810.6
Seychelles,1934,25.9,2485.1
Seychelles,1935,25.9,2582.4
Seychelles,1936,26.1,2479.0
Seychelles,1937,26.0,2208.6
Seychelles,1938,26.1,1810.5
Seychelles,1939,25.8,1582.7
Seychelles,1940,26.1,1776.4
Seychelles,1941,26.7,2224.9
Seychelles,1942,26.1,1455.3
Seychelles,1943,26.3,1108.2
Seychelles,1944,26.7,1632.8
Seychelles,1945,26.2,1770.7
Seychelles,1946,26.2,1797.6
Seychelles,1947,26.3,1913.7
Seychelles,1948,26.4,1767.6
Seychelles,1949,26.6,1642.0
Seychelles,1950,26.4,2166.1
Seychelles,1951,26.7,2315.1
Seychelles,1952,26.6,2156.9
Seychelles,1953,26.7,2526.8
Seychelles,1954,26.6,1625.1
Seychelles,1955,26.4,2499.7
Seychelles,1956,26.3,1908.6
Seychelles,1957,26.5,2169.1
Seychelles,1958,26.9,1867.8
Seychelles,1959,26.7,1794.5
Seychelles,1960,26.6,1708.5
Seychelles,1961,26.8,3146.0
Seychelles,1962,26.6,2174.8
Seychelles,1963,26.3,2462.6
Seychelles,1964,26.3,2677.8
Seychelles,1965,26.3,2953.9
Seychelles,1966,26.8,2025.0
Seychelles,1967,26.7,2308.9
Seychelles,1968,26.6,2474.4
Seychelles,1969,26.9,1740.5
Seychelles,1970,26.9,1551.1
Seychelles,1971,26.2,1870.0
Seychelles,1972,26.6,2202.6
Seychelles,1973,26.8,1629.1
Seychelles,1974,26.0,2664.8
Seychelles,1975,26.3,1787.2
Seychelles,1976,26.4,1864.9
Seychelles,1977,26.8,2342.9
Seychelles,1978,26.9,2437.6
Seychelles,1979,26.8,1791.5
Seychelles,1980,26.9,1722.8
Seychelles,1981,26.9,2166.7
Seychelles,1982,27.1,1959.2
Seychelles,1983,27.1,2420.9
Seychelles,1984,26.3,1876.9
Seychelles,1985,26.5,2026.6
Seychelles,1986,26.8,1489.9
Seychelles,1987,27.3,1808.8
Seychelles,1988,26.9,1842.8
Seychelles,1989,26.6,2061.8
Seychelles,1990,26.8,2086.6
Seychelles,1991,27.0,2210.8
Seychelles,1992,26.6,2645.0
Seychelles,1993,26.6,2051.3
Seychelles,1994,26.9,2590.6
Seychelles,1995,27.0,2287.9
Seychelles,1996,26.6,2100.8
Seychelles,1997,27.2,2274.3
Seychelles,1998,27.3,1917.0
Seychelles,1999,26.8,2010.6
Seychelles,2000,26.7,2187.1
Seychelles,2001,26.9,2089.7
Seychelles,2002,27.0,2525.0
Seychelles,2003,27.1,2632.0
Seychelles,2004,26.8,2418.2
Seychelles,2005,27.0,2041.8
Seychelles,2006,27.1,2103.8
Seychelles,2007,27.2,1863.6
Seychelles,2008,27.0,1738.5
Seychelles,2009,27.3,2111.2
Seychelles,2010,27.5,1839.2
Seychelles,2011,27.3,1708.2
Seychelles,2012,27.3,1657.2
Seychelles,2013,27.3,2132.2
Seychelles,2014,27.3,2213.2
Seychelles,2015,27.7,2172.8
Seychelles,2016,27.5,1873.3
Seychelles,2017,27.4,1922.8
Seychelles,2018,27.4,1665.6
Seychelles,2019,27.5,2504.0
Seychelles,2020,27.6,2623.1
Seychelles,2021,27.3,1936.4
Seychelles,2022,27.1,2052.5
Seychelles,2023,27.5,2286.9
Seychelles,2024,27.8,2965.7
Sierra Leone,1901,26.3,2725.3
Sierra Leone,1902,26.6,2725.3
Sierra Leone,1903,26.1,2849.5
Sierra Leone,1904,26.2,3018.5
Sierra Leone,1905,26.3,3186.8
Sierra Leone,1906,26.2,3664.1
Sierra Leone,1907,25.9,2604.4
Sierra Leone,1908,26.4,2973.1
Sierra Leone,1909,26.2,2725.3
Sierra Leone,1910,26.5,2659.1
Sierra Leone,1911,26.2,2691.3
Sierra Leone,1912,26.7,3176.8
Sierra Leone,1913,26.3,2793.8
Sierra Leone,1914,26.2,2348.0
Sierra Leone,1915,26.4,3114.0
Sierra Leone,1916,25.9,3045.9
Sierra Leone,1917,26.2,2559.6
Sierra Leone,1918,26.3,2774.8
Sierra Leone,1919,26.4,2746.2
Sierra Leone,1920,26.2,2758.2
Sierra Leone,1921,25.9,2984.0
Sierra Leone,1922,25.7,3017.2
Sierra Leone,1923,26.1,3012.1
Sierra Leone,1924,25.9,3022.6
Sierra Leone,1925,26.0,2933.6
Sierra Leone,1926,26.2,2873.2
Sierra Leone,1927,25.8,2836.6
Sierra Leone,1928,25.7,3318.5
Sierra Leone,1929,25.5,2995.8
Sierra Leone,1930,25.7,2624.1
Sierra Leone,1931,26.2,3191.0
Sierra Leone,1932,26.1,3300.9
Sierra Leone,1933,26.2,3065.1
Sierra Leone,1934,26.1,2614.8
Sierra Leone,1935,26.1,2711.8
Sierra Leone,1936,26.1,3039.7
Sierra Leone,1937,26.2,2797.9
Sierra Leone,1938,26.4,3018.8
Sierra Leone,1939,26.2,2875.6
Sierra Leone,1940,26.2,2785.9
Sierra Leone,1941,26.4,2697.2
Sierra Leone,1942,26.2,2908.7
Sierra Leone,1943,25.9,2938.2
Sierra Leone,1944,26.4,2940.6
Sierra Leone,1945,26.3,2986.2
Sierra Leone,1946,26.0,3077.4
Sierra Leone,1947,26.1,2735.3
Sierra Leone,1948,25.9,2804.5
Sierra Leone,1949,26.1,2851.1
Sierra Leone,1950,26.1,2561.4
Sierra Leone,1951,25.9,3312.9
Sierra Leone,1952,25.9,2990.7
Sierra Leone,1953,26.0,3187.4
Sierra Leone,1954,25.7,3348.9
Sierra Leone,1955,25.8,3219.3
Sierra Leone,1956,25.7,2742.6
Sierra Leone,1957,25.9,2943.8
Sierra Leone,1958,26.1,2762.8
Sierra Leone,1959,25.9,2784.4
Sierra Leone,1960,26.0,2896.2
Sierra Leone,1961,25.9,3036.4
Sierra Leone,1962,25.9,3096.9
Sierra Leone,1963,26.2,2999.8
Sierra Leone,1964,25.8,2732.7
Sierra Leone,1965,25.7,2756.6
Sierra Leone,1966,26.1,3446.7
Sierra Leone,1967,25.9,2851.6
Sierra Leone,1968,26.1,3058.4
Sierra Leone,1969,26.4,3112.6
Sierra Leone,1970,26.3,2532.7
Sierra Leone,1971,25.8,2612.7
Sierra Leone,1972,26.1,2513.9
Sierra Leone,1973,26.3,2558.1
Sierra Leone,1974,25.8,2659.3
Sierra Leone,1975,25.6,2552.0
Sierra Leone,1976,25.5,2814.3
Sierra Leone,1977,26.0,2649.2
Sierra Leone,1978,26.0,2839.2
Sierra Leone,1979,26.3,2765.2
Sierra Leone,1980,26.2,2698.1
Sierra Leone,1981,26.2,2870.0
Sierra Leone,1982,26.0,2619.9
Sierra Leone,1983,26.5,2708.0
Sierra Leone,1984,26.3,2346.3
Sierra Leone,1985,26.1,2434.2
Sierra Leone,1986,25.9,2311.7
Sierra Leone,1987,26.7,2406.8
Sierra Leone,1988,26.3,2468.9
Sierra Leone,1989,26.2,2697.8
Sierra Leone,1990,26.4,2311.9
Sierra Leone,1991,26.3,2368.1
Sierra Leone,1992,26.2,3081.9
Sierra Leone,1993,26.3,2566.9
Sierra Leone,1994,26.1,2788.4
Sierra Leone,1995,26.3,2733.8
Sierra Leone,1996,26.4,2689.8
Sierra Leone,1997,26.5,2519.9
Sierra Leone,1998,26.9,2984.6
Sierra Leone,1999,26.2,2756.9
Sierra Leone,2000,26.3,2728.9
Sierra Leone,2001,26.5,2716.9
Sierra Leone,2002,26.7,2714.2
Sierra Leone,2003,26.5,2580.2
Sierra Leone,2004,26.6,2738.5
Sierra Leone,2005,26.7,2531.1
Sierra Leone,2006,26.8,3061.3
Sierra Leone,2007,26.8,2592.1
Sierra Leone,2008,26.5,2703.8
Sierra Leone,2009,26.5,2705.7
Sierra Leone,2010,26.8,2773.2
Sierra Leone,2011,26.5,2715.9
Sierra Leone,2012,26.3,2713.2
Sierra Leone,2013,26.5,2719.1
Sierra Leone,2014,26.4,2694.6
Sierra Leone,2015,26.6,2744.7
Sierra Leone,2016,26.9,2730.3
Sierra Leone,2017,26.8,2708.4
Sierra Leone,2018,26.6,2711.2
Sierra Leone,2019,26.5,2518.8
Sierra Leone,2020,26.9,2634.4
Sierra Leone,2021,27.2,2833.5
Sierra Leone,2022,26.5,2737.6
Sierra Leone,2023,27.2,3122.9
Sierra Leone,2024,27.0,2711.0
Singapore,1901,26.6,2226.1
Singapore,1902,26.6,2631.4
Singapore,1903,26.6,2618.9
Singapore,1904,26.6,2491.6
Singapore,1905,26.6,2639.4
Singapore,1906,26.6,3063.6
Singapore,1907,26.6,2328.8
Singapore,1908,26.6,2583.9
Singapore,1909,26.6,2769.8
Singapore,1910,26.6,2704.3
Singapore,1911,27.3,2619.7
Singapore,1912,27.4,2721.9
Singapore,1913,27.3,3420.6
Singapore,1914,27.6,2688.2
Singapore,1915,27.5,2754.6
Singapore,1916,27.1,2576.4
Singapore,1917,26.8,3145.1
Singapore,1918,26.6,2817.0
Singapore,1919,27.5,2687.4
Singapore,1920,27.3,2419.7
Singapore,1921,27.0,2929.8
Singapore,1922,27.1,2777.2
Singapore,1923,27.0,2535.6
Singapore,1924,27.0,2928.0
Singapore,1925,26.9,3438.5
Singapore,1926,27.3,2614.9
Singapore,1927,27.0,3015.4
Singapore,1928,27.1,2873.6
Singapore,1929,26.9,2381.6
Singapore,1930,27.3,2528.4
Singapore,1931,27.4,2987.4
Singapore,1932,26.8,2531.0
Singapore,1933,26.9,2842.4
Singapore,1934,26.7,2987.5
Singapore,1935,27.1,2537.6
Singapore,1936,27.1,2684.7
Singapore,1937,27.2,2766.3
Singapore,1938,27.1,2662.3
Singapore,1939,27.0,2848.9
Singapore,1940,27.3,2232.4
Singapore,1941,27.8,2649.6
Singapore,1942,26.8,3230.0
Singapore,1943,26.6,2241.9
Singapore,1944,26.7,2265.9
Singapore,1945,26.7,2827.4
Singapore,1946,26.8,2859.7
Singapore,1947,26.8,2962.8
Singapore,1948,27.4,3069.9
Singapore,1949,27.3,2716.5
Singapore,1950,27.0,2946.0
Singapore,1951,26.7,2754.8
Singapore,1952,26.7,3216.3
Singapore,1953,26.7,2435.4
Singapore,1954,26.5,3242.8
Singapore,1955,26.5,2744.9
Singapore,1956,26.3,3066.0
Singapore,1957,26.7,2587.9
Singapore,1958,27.0,2270.9
Singapore,1959,26.8,2946.2
Singapore,1960,26.8,2253.5
Singapore,1961,26.6,2303.5
Singapore,1962,26.5,2608.2
Singapore,1963,26.7,2120.9
Singapore,1964,26.6,3220.9
Singapore,1965,26.5,2247.7
Singapore,1966,26.7,2772.5
Singapore,1967,26.4,3413.2
Singapore,1968,26.5,2469.0
Singapore,1969,26.8,2582.3
Singapore,1970,26.7,2685.9
Singapore,1971,26.3,2131.1
Singapore,1972,26.7,2067.6
Singapore,1973,26.7,2978.7
Singapore,1974,26.3,2244.3
Singapore,1975,26.3,2211.5
Singapore,1976,26.4,2399.9
Singapore,1977,26.7,1985.0
Singapore,1978,26.8,3020.3
Singapore,1979,26.9,2455.0
Singapore,1980,26.9,2858.5
Singapore,1981,27.0,1889.9
Singapore,1982,27.1,2213.6
Singapore,1983,27.4,2234.9
Singapore,1984,26.6,3240.5
Singapore,1985,26.9,2551.0
Singapore,1986,27.0,2681.9
Singapore,1987,27.3,2821.8
Singapore,1988,27.1,2796.9
Singapore,1989,26.9,2587.7
Singapore,1990,27.4,2108.0
Singapore,1991,27.3,2664.3
Singapore,1992,27.3,2654.1
Singapore,1993,27.2,2866.3
Singapore,1994,27.3,2585.2
Singapore,1995,27.4,3180.1
Singapore,1996,27.4,2848.0
Singapore,1997,27.8,1842.1
Singapore,1998,28.0,2427.5
Singapore,1999,27.3,2658.5
Singapore,2000,27.5,2935.3
Singapore,2001,27.6,2898.4
Singapore,2002,28.0,2266.2
Singapore,2003,27.7,2960.5
Singapore,2004,27.6,2618.1
Singapore,2005,27.7,2412.3
Singapore,2006,27.5,2972.8
Singapore,2007,27.5,3105.6
Singapore,2008,27.4,3090.2
Singapore,2009,27.6,2697.3
Singapore,2010,27.9,2790.7
Singapore,2011,27.6,3024.2
Singapore,2012,27.7,2858.2
Singapore,2013,27.8,2977.2
Singapore,2014,27.9,2333.3
Singapore,2015,28.0,2194.9
Singapore,2016,28.1,2659.3
Singapore,2017,27.7,2706.0
Singapore,2018,27.8,2697.9
Singapore,2019,28.2,2047.4
Singapore,2020,28.1,2617.3
Singapore,2021,27.7,3506.7
Singapore,2022,27.7,3098.2
Singapore,2023,28.0,3057.8
Singapore,2024,28.3,3003.3
Slovakia,1901,6.9,837.7
Slovakia,1902,5.9,911.9
Slovakia,1903,7.3,950.1
Slovakia,1904,7.1,739.3
Slovakia,1905,7.0,852.9
Slovakia,1906,7.2,971.6
Slovakia,1907,6.6,776.4
Slovakia,1908,6.4,748.7
Slovakia,1909,6.6,892.9
Slovakia,1910,7.6,975.6
Slovakia,1911,7.6,735.3
Slovakia,1912,6.4,1018.1
Slovakia,1913,7.1,879.4
Slovakia,1914,6.8,889.2
Slovakia,1915,7.0,1062.4
Slovakia,1916,7.8,962.1
Slovakia,1917,6.8,662.4
Slovakia,1918,7.5,917.0
Slovakia,1919,6.6,911.4
Slovakia,1920,7.5,906.5
Slovakia,1921,7.6,652.6
Slovakia,1922,6.2,909.8
Slovakia,1923,7.5,814.8
Slovakia,1924,6.4,797.1
Slovakia,1925,7.3,986.1
Slovakia,1926,7.7,963.2
Slovakia,1927,7.3,844.0
Slovakia,1928,7.3,706.0
Slovakia,1929,6.3,767.9
Slovakia,1930,7.9,935.9
Slovakia,1931,6.7,832.7
Slovakia,1932,7.2,649.6
Slovakia,1933,6.0,866.5
Slovakia,1934,8.7,765.9
Slovakia,1935,7.3,810.8
Slovakia,1936,7.7,960.7
Slovakia,1937,7.8,1041.1
Slovakia,1938,7.6,869.1
Slovakia,1939,7.6,973.6
Slovakia,1940,5.2,1001.6
Slovakia,1941,5.9,969.0
Slovakia,1942,6.3,720.2
Slovakia,1943,7.6,710.2
Slovakia,1944,7.3,948.0
Slovakia,1945,7.5,785.6
Slovakia,1946,7.7,766.6
Slovakia,1947,7.3,695.8
Slovakia,1948,7.7,815.4
Slovakia,1949,7.9,798.5
Slovakia,1950,7.9,824.1
Slovakia,1951,8.2,817.6
Slovakia,1952,7.1,912.7
Slovakia,1953,7.7,720.1
Slovakia,1954,6.4,773.2
Slovakia,1955,6.7,879.9
Slovakia,1956,5.9,683.3
Slovakia,1957,7.6,766.3
Slovakia,1958,7.5,897.9
Slovakia,1959,7.6,764.6
Slovakia,1960,7.4,960.9
Slovakia,1961,7.9,690.1
Slovakia,1962,6.5,830.7
Slovakia,1963,6.4,755.2
Slovakia,1964,6.8,810.5
Slovakia,1965,6.2,990.5
Slovakia,1966,7.8,1021.6
Slovakia,1967,7.9,753.0
Slovakia,1968,7.4,827.9
Slovakia,1969,6.6,734.2
Slovakia,1970,6.8,971.3
Slovakia,1971,7.3,682.2
Slovakia,1972,7.2,857.5
Slovakia,1973,7.2,672.8
Slovakia,1974,7.7,966.7
Slovakia,1975,8.0,825.2
Slovakia,1976,6.9,782.8
Slovakia,1977,7.6,835.9
Slovakia,1978,6.5,754.6
Slovakia,1979,7.2,831.9
Slovakia,1980,6.1,887.8
Slovakia,1981,7.4,804.8
Slovakia,1982,7.7,677.7
Slovakia,1983,8.2,688.0
Slovakia,1984,7.1,762.5
Slovakia,1985,6.3,879.4
Slovakia,1986,7.1,645.8
Slovakia,1987,6.6,800.7
Slovakia,1988,7.7,745.8
Slovakia,1989,8.3,766.5
Slovakia,1990,8.4,754.2
Slovakia,1991,7.3,767.7
Slovakia,1992,8.2,695.0
Slovakia,1993,7.5,659.3
Slovakia,1994,8.7,788.9
Slovakia,1995,7.8,808.9
Slovakia,1996,6.4,848.1
Slovakia,1997,7.3,790.2
Slovakia,1998,7.9,856.7
Slovakia,1999,8.2,883.2
Slovakia,2000,9.1,771.9
Slovakia,2001,7.8,890.8
Slovakia,2002,8.6,846.6
Slovakia,2003,8.0,632.4
Slovakia,2004,7.8,838.3
Slovakia,2005,7.5,874.5
Slovakia,2006,8.0,744.3
Slovakia,2007,8.9,836.0
Slovakia,2008,9.0,801.8
Slovakia,2009,8.5,902.7
Slovakia,2010,7.5,1168.2
Slovakia,2011,8.5,662.4
Slovakia,2012,8.5,711.7
Slovakia,2013,8.4,831.5
Slovakia,2014,9.5,903.4
Slovakia,2015,9.4,710.6
Slovakia,2016,8.8,953.9
Slovakia,2017,8.8,849.3
Slovakia,2018,9.6,748.8
Slovakia,2019,9.7,816.5
Slovakia,2020,9.4,899.6
Slovakia,2021,8.4,798.0
Slovakia,2022,9.4,697.0
Slovakia,2023,9.9,997.7
Slovakia,2024,10.5,794.1
Slovenia,1901,7.8,1367.5
Slovenia,1902,7.5,1208.0
Slovenia,1903,8.3,1390.8
Slovenia,1904,8.6,1409.4
Slovenia,1905,8.2,1371.7
Slovenia,1906,8.1,1375.6
Slovenia,1907,8.1,1251.9
Slovenia,1908,7.6,973.1
Slovenia,1909,7.7,1263.5
Slovenia,1910,8.5,1555.7
Slovenia,1911,8.8,1101.1
Slovenia,1912,7.8,1344.0
Slovenia,1913,8.1,1241.7
Slovenia,1914,7.7,1324.0
Slovenia,1915,8.1,1547.2
Slovenia,1916,9.0,1553.0
Slovenia,1917,8.0,1316.7
Slovenia,1918,8.5,1309.2
Slovenia,1919,7.8,1424.3
Slovenia,1920,8.8,1114.5
Slovenia,1921,8.9,867.0
Slovenia,1922,7.7,1279.6
Slovenia,1923,8.7,1445.7
Slovenia,1924,7.6,1143.0
Slovenia,1925,8.2,1432.7
Slovenia,1926,9.0,1530.9
Slovenia,1927,8.7,1326.7
Slovenia,1928,8.7,1223.9
Slovenia,1929,7.8,1148.7
Slovenia,1930,9.0,1379.2
Slovenia,1931,7.8,1206.0
Slovenia,1932,8.3,1026.8
Slovenia,1933,7.4,1536.7
Slovenia,1934,9.6,1414.5
Slovenia,1935,8.4,1248.1
Slovenia,1936,8.7,1335.7
Slovenia,1937,8.7,1776.2
Slovenia,1938,8.6,1094.5
Slovenia,1939,8.5,1150.3
Slovenia,1940,6.7,1330.9
Slovenia,1941,7.3,1275.6
Slovenia,1942,7.8,956.9
Slovenia,1943,9.0,1142.8
Slovenia,1944,8.3,1336.5
Slovenia,1945,9.0,966.5
Slovenia,1946,9.1,995.7
Slovenia,1947,8.9,1058.7
Slovenia,1948,8.9,1347.0
Slovenia,1949,9.1,1009.3
Slovenia,1950,9.3,1223.4
Slovenia,1951,9.4,1367.4
Slovenia,1952,8.5,1210.9
Slovenia,1953,8.9,1054.4
Slovenia,1954,7.7,1333.2
Slovenia,1955,8.0,1254.6
Slovenia,1956,7.4,1214.5
Slovenia,1957,8.9,1122.1
Slovenia,1958,9.0,1338.8
Slovenia,1959,9.0,1263.1
Slovenia,1960,8.8,1368.0
Slovenia,1961,9.3,1145.2
Slovenia,1962,7.7,1435.2
Slovenia,1963,8.0,1274.0
Slovenia,1964,8.2,1304.1
Slovenia,1965,7.9,1533.2
Slovenia,1966,9.2,1308.4
Slovenia,1967,9.1,1095.0
Slovenia,1968,8.7,1121.4
Slovenia,1969,8.2,1297.1
Slovenia,1970,8.2,1237.7
Slovenia,1971,8.6,896.3
Slovenia,1972,8.5,1461.9
Slovenia,1973,8.4,1119.7
Slovenia,1974,9.0,1202.0
Slovenia,1975,9.1,1194.8
Slovenia,1976,8.4,1108.0
Slovenia,1977,9.1,1045.9
Slovenia,1978,7.8,1089.3
Slovenia,1979,8.7,1402.6
Slovenia,1980,7.8,1223.4
Slovenia,1981,8.8,1054.6
Slovenia,1982,9.0,1225.2
Slovenia,1983,9.4,932.6
Slovenia,1984,8.3,1149.7
Slovenia,1985,8.0,1212.6
Slovenia,1986,8.4,1148.0
Slovenia,1987,8.3,1284.6
Slovenia,1988,9.2,1096.3
Slovenia,1989,9.4,1149.8
Slovenia,1990,9.6,1201.0
Slovenia,1991,8.5,1230.3
Slovenia,1992,9.9,1158.4
Slovenia,1993,9.1,1095.0
Slovenia,1994,10.4,1177.4
Slovenia,1995,9.2,1218.4
Slovenia,1996,8.2,1310.7
Slovenia,1997,9.0,1053.2
Slovenia,1998,9.5,1227.0
Slovenia,1999,9.5,1248.8
Slovenia,2000,10.6,1127.4
Slovenia,2001,9.4,987.2
Slovenia,2002,10.2,1160.9
Slovenia,2003,9.6,900.5
Slovenia,2004,9.1,1246.3
Slovenia,2005,8.8,1218.4
Slovenia,2006,9.5,1031.6
Slovenia,2007,10.4,1123.6
Slovenia,2008,10.3,1181.2
Slovenia,2009,10.1,1298.4
Slovenia,2010,9.1,1344.6
Slovenia,2011,10.1,904.2
Slovenia,2012,10.3,1168.6
Slovenia,2013,10.0,1323.0
Slovenia,2014,10.8,1527.5
Slovenia,2015,10.7,1233.6
Slovenia,2016,10.2,1476.3
Slovenia,2017,10.3,1322.5
Slovenia,2018,11.0,1229.7
Slovenia,2019,11.0,1358.4
Slovenia,2020,10.7,1407.3
Slovenia,2021,9.8,1105.5
Slovenia,2022,11.1,994.1
Slovenia,2023,11.3,1486.1
Slovenia,2024,11.7,1287.7
Society Isl,1901,25.2,2509.0
Society Isl,1902,25.4,1591.2
Society Isl,1903,26.2,2172.9
Society Isl,1904,24.5,1560.1
Society Isl,1905,25.2,1377.1
Society Isl,1906,25.2,1342.8
Society Isl,1907,25.0,1504.5
Society Isl,1908,25.1,1755.0
Society Isl,1909,25.1,1987.2
Society Isl,1910,25.1,1829.9
Society Isl,1911,25.0,1829.9
Society Isl,1912,25.0,1829.9
Society Isl,1913,25.0,1829.9
Society Isl,1914,25.0,1829.9
Society Isl,1915,25.0,1829.9
Society Isl,1916,25.1,1690.9
Society Isl,1917,25.1,1829.9
Society Isl,1918,24.9,1699.1
Society Isl,1919,25.0,2378.2
Society Isl,1920,25.1,1961.4
Society Isl,1921,25.1,1995.8
Society Isl,1922,25.1,2239.3
Society Isl,1923,25.0,2208.4
Society Isl,1924,25.1,2478.1
Society Isl,1925,25.0,2374.9
Society Isl,1926,25.0,2718.9
Society Isl,1927,25.2,1555.5
Society Isl,1928,25.0,2357.2
Society Isl,1929,25.0,1694.8
Society Isl,1930,25.0,1839.9
Society Isl,1931,25.0,1972.8
Society Isl,1932,25.0,2105.3
Society Isl,1933,25.0,1873.2
Society Isl,1934,25.0,1705.5
Society Isl,1935,25.2,2019.4
Society Isl,1936,25.1,1615.1
Society Isl,1937,25.5,1452.8
Society Isl,1938,25.5,1661.3
Society Isl,1939,25.5,1515.1
Society Isl,1940,25.9,1499.2
Society Isl,1941,25.7,1512.1
Society Isl,1942,25.8,1518.6
Society Isl,1943,25.5,1776.7
Society Isl,1944,25.3,2136.8
Society Isl,1945,25.8,1678.3
Society Isl,1946,25.6,1995.5
Society Isl,1947,25.9,1955.6
Society Isl,1948,25.1,1735.2
Society Isl,1949,25.0,1871.7
Society Isl,1950,24.7,1731.3
Society Isl,1951,25.0,1377.6
Society Isl,1952,25.3,2307.9
Society Isl,1953,25.1,2139.9
Society Isl,1954,25.0,1916.8
Society Isl,1955,24.7,1685.8
Society Isl,1956,24.6,1467.1
Society Isl,1957,24.9,1421.1
Society Isl,1958,25.1,1506.3
Society Isl,1959,25.4,1541.3
Society Isl,1960,25.2,1854.1
Society Isl,1961,24.9,2098.4
Society Isl,1962,24.7,2132.7
Society Isl,1963,24.8,1842.4
Society Isl,1964,24.8,1936.3
Society Isl,1965,24.8,2386.4
Society Isl,1966,24.9,1911.8
Society Isl,1967,24.8,1790.5
Society Isl,1968,24.7,1642.7
Society Isl,1969,25.3,1705.2
Society Isl,1970,25.3,2000.1
Society Isl,1971,24.8,1968.6
Society Isl,1972,25.1,1058.8
Society Isl,1973,25.4,1636.0
Society Isl,1974,24.8,1792.6
Society Isl,1975,24.8,1618.3
Society Isl,1976,24.8,1193.0
Society Isl,1977,25.1,1376.9
Society Isl,1978,25.1,1985.5
Society Isl,1979,25.0,1981.4
Society Isl,1980,25.3,1939.4
Society Isl,1981,25.2,2281.6
Society Isl,1982,25.1,1900.0
Society Isl,1983,25.2,1640.5
Society Isl,1984,25.3,2103.5
Society Isl,1985,25.3,2100.0
Society Isl,1986,25.4,1853.9
Society Isl,1987,25.3,1905.6
Society Isl,1988,25.5,1638.1
Society Isl,1989,25.3,1804.1
Society Isl,1990,25.4,1782.9
Society Isl,1991,25.5,1401.7
Society Isl,1992,25.6,1775.0
Society Isl,1993,25.5,2008.6
Society Isl,1994,25.6,2217.4
Society Isl,1995,25.7,2591.8
Society Isl,1996,25.5,1757.0
Society Isl,1997,25.3,1782.8
Society Isl,1998,25.6,1798.2
Society Isl,1999,25.6,1617.6
Society Isl,2000,25.6,1451.1
Society Isl,2001,25.4,1787.2
Society Isl,2002,25.8,1389.4
Society Isl,2003,25.6,1432.0
Society Isl,2004,25.6,1678.5
Society Isl,2005,25.7,1758.7
Society Isl,2006,25.8,1805.4
Society Isl,2007,25.7,1971.4
Society Isl,2008,25.4,1225.2
Society Isl,2009,25.8,1651.1
Society Isl,2010,25.8,1687.7
Society Isl,2011,25.5,1333.9
Society Isl,2012,25.6,1760.5
Society Isl,2013,25.4,1503.0
Society Isl,2014,25.5,2023.2
Society Isl,2015,25.6,1548.3
Society Isl,2016,25.9,1957.0
Society Isl,2017,25.9,1889.4
Society Isl,2018,25.6,1673.3
Society Isl,2019,25.8,1603.2
Society Isl,2020,25.9,1695.2
Society Isl,2021,25.8,1210.6
Society Isl,2022,25.4,1717.0
Society Isl,2023,25.9,1645.1
Society Isl,2024,25.8,1439.6
Socotra,1901,26.1,228.2
Socotra,1902,26.1,228.2
Socotra,1903,26.1,228.2
Socotra,1904,26.1,228.2
Socotra,1905,26.1,228.2
Socotra,1906,26.1,228.2
Socotra,1907,26.1,228.2
Socotra,1908,26.1,228.2
Socotra,1909,26.1,228.2
Socotra,1910,26.1,228.2
Socotra,1911,26.1,228.2
Socotra,1912,26.1,228.2
Socotra,1913,26.1,228.2
Socotra,1914,26.1,228.2
Socotra,1915,26.1,228.2
Socotra,1916,26.1,228.2
Socotra,1917,26.1,228.2
Socotra,1918,26.1,228.2
Socotra,1919,26.1,228.2
Socotra,1920,26.1,228.2
Socotra,1921,26.1,228.2
Socotra,1922,26.1,228.2
Socotra,1923,26.1,228.2
Socotra,1924,26.1,228.2
Socotra,1925,26.1,228.2
Socotra,1926,26.1,228.2
Socotra,1927,26.1,228.2
Socotra,1928,26.1,228.2
Socotra,1929,26.1,228.2
Socotra,1930,26.1,228.2
Socotra,1931,26.1,228.2
Socotra,1932,26.1,228.2
Socotra,1933,26.1,228.2
Socotra,1934,26.1,228.2
Socotra,1935,26.1,228.2
Socotra,1936,26.1,228.2
Socotra,1937,26.1,228.2
Socotra,1938,26.1,228.2
Socotra,1939,26.1,228.2
Socotra,1940,26.1,228.2
Socotra,1941,26.1,228.2
Socotra,1942,25.9,228.2
Socotra,1943,25.9,228.2
Socotra,1944,26.1,228.2
Socotra,1945,25.9,228.2
Socotra,1946,26.0,228.2
Socotra,1947,25.7,228.2
Socotra,1948,26.0,228.2
Socotra,1949,25.7,228.2
Socotra,1950,25.4,228.2
Socotra,1951,26.0,228.2
Socotra,1952,25.6,228.2
Socotra,1953,26.0,228.2
Socotra,1954,26.0,228.2
Socotra,1955,25.5,228.2
Socotra,1956,25.8,228.2
Socotra,1957,25.7,228.2
Socotra,1958,26.0,228.2
Socotra,1959,25.5,228.2
Socotra,1960,26.0,228.2
Socotra,1961,26.1,228.2
Socotra,1962,25.9,228.2
Socotra,1963,25.9,228.2
Socotra,1964,25.8,228.2
Socotra,1965,26.3,228.2
Socotra,1966,26.4,228.2
Socotra,1967,26.2,228.2
Socotra,1968,25.9,228.2
Socotra,1969,26.4,228.2
Socotra,1970,26.2,228.2
Socotra,1971,25.6,228.2
Socotra,1972,25.9,228.2
Socotra,1973,25.8,228.2
Socotra,1974,25.9,228.2
Socotra,1975,25.9,228.2
Socotra,1976,26.2,228.2
Socotra,1977,26.3,228.2
Socotra,1978,26.0,228.2
Socotra,1979,25.9,228.2
Socotra,1980,26.2,228.2
Socotra,1981,26.3,228.2
Socotra,1982,26.5,228.2
Socotra,1983,26.2,228.2
Socotra,1984,25.8,228.2
Socotra,1985,26.2,228.2
Socotra,1986,26.2,228.2
Socotra,1987,26.7,228.2
Socotra,1988,26.5,228.2
Socotra,1989,26.1,228.2
Socotra,1990,26.7,228.2
Socotra,1991,26.3,228.2
Socotra,1992,26.3,228.2
Socotra,1993,26.6,228.2
Socotra,1994,26.4,228.2
Socotra,1995,26.4,228.2
Socotra,1996,26.2,228.2
Socotra,1997,26.5,228.2
Socotra,1998,27.1,228.2
Socotra,1999,26.3,228.2
Socotra,2000,26.4,228.2
Socotra,2001,26.4,228.2
Socotra,2002,26.5,228.2
Socotra,2003,26.8,228.2
Socotra,2004,26.5,228.2
Socotra,2005,26.5,228.2
Socotra,2006,26.6,228.2
Socotra,2007,26.8,228.2
Socotra,2008,25.9,228.2
Socotra,2009,26.6,228.2
Socotra,2010,26.7,228.2
Socotra,2011,26.5,228.2
Socotra,2012,26.3,228.2
Socotra,2013,26.2,228.2
Socotra,2014,26.6,228.2
Socotra,2015,27.0,228.2
Socotra,2016,26.5,228.2
Socotra,2017,26.8,228.2
Socotra,2018,26.3,228.2
Socotra,2019,27.2,228.2
Socotra,2020,26.8,228.2
Socotra,2021,26.7,228.2
Socotra,2022,26.4,228.2
Socotra,2023,27.3,228.2
Socotra,2024,27.1,228.2
Solomon Isl,1901,26.0,3156.5
Solomon Isl,1902,26.0,3156.5
Solomon Isl,1903,26.0,3156.5
Solomon Isl,1904,26.0,3156.5
Solomon Isl,1905,26.0,3156.5
Solomon Isl,1906,26.0,3156.5
Solomon Isl,1907,26.0,3156.5
Solomon Isl,1908,26.0,3156.5
Solomon Isl,1909,26.0,3156.5
Solomon Isl,1910,26.0,3156.5
Solomon Isl,1911,26.0,3156.5
Solomon Isl,1912,26.0,3156.5
Solomon Isl,1913,26.0,3156.5
Solomon Isl,1914,26.0,3156.5
Solomon Isl,1915,26.0,3156.5
Solomon Isl,1916,26.0,3156.5
Solomon Isl,1917,26.0,3156.5
Solomon Isl,1918,26.0,3156.5
Solomon Isl,1919,26.0,3156.5
Solomon Isl,1920,26.0,3156.5
Solomon Isl,1921,26.0,3156.5
Solomon Isl,1922,26.0,3156.5
Solomon Isl,1923,26.0,3156.5
Solomon Isl,1924,26.0,3156.5
Solomon Isl,1925,26.0,3156.5
Solomon Isl,1926,26.0,3156.5
Solomon Isl,1927,26.0,3156.5
Solomon Isl,1928,26.0,3156.5
Solomon Isl,1929,26.0,3156.5
Solomon Isl,1930,26.0,3156.5
Solomon Isl,1931,26.0,3156.5
Solomon Isl,1932,26.1,3156.5
Solomon Isl,1933,26.1,3156.5
Solomon Isl,1934,26.0,3156.5
Solomon Isl,1935,26.0,3156.5
Solomon Isl,1936,25.9,3156.5
Solomon Isl,1937,25.9,3156.5
Solomon Isl,1938,26.1,3156.5
Solomon Isl,1939,26.0,3156.5
Solomon Isl,1940,26.2,3156.5
Solomon Isl,1941,26.1,3156.5
Solomon Isl,1942,25.9,3156.5
Solomon Isl,1943,25.9,3156.5
Solomon Isl,1944,26.0,3156.5
Solomon Isl,1945,26.4,3156.5
Solomon Isl,1946,26.2,3156.5
Solomon Isl,1947,26.3,3156.5
Solomon Isl,1948,26.1,3156.5
Solomon Isl,1949,26.3,3156.5
Solomon Isl,1950,25.9,3156.5
Solomon Isl,1951,26.1,3156.5
Solomon Isl,1952,26.2,3156.5
Solomon Isl,1953,25.9,3156.5
Solomon Isl,1954,26.0,3156.5
Solomon Isl,1955,25.7,3158.1
Solomon Isl,1956,25.9,3128.6
Solomon Isl,1957,25.8,3176.9
Solomon Isl,1958,26.1,3159.3
Solomon Isl,1959,26.0,3187.4
Solomon Isl,1960,25.9,3156.5
Solomon Isl,1961,25.8,3239.9
Solomon Isl,1962,26.0,3406.1
Solomon Isl,1963,25.8,3093.8
Solomon Isl,1964,26.0,2653.5
Solomon Isl,1965,25.5,3819.5
Solomon Isl,1966,26.0,2659.6
Solomon Isl,1967,25.8,4013.5
Solomon Isl,1968,25.8,3252.5
Solomon Isl,1969,26.0,3367.2
Solomon Isl,1970,26.1,3536.6
Solomon Isl,1971,25.8,3207.8
Solomon Isl,1972,25.9,3943.3
Solomon Isl,1973,26.2,2961.5
Solomon Isl,1974,26.0,2785.5
Solomon Isl,1975,25.7,3191.4
Solomon Isl,1976,25.6,3378.0
Solomon Isl,1977,25.9,3408.0
Solomon Isl,1978,25.9,3136.4
Solomon Isl,1979,26.1,3153.6
Solomon Isl,1980,26.0,3164.7
Solomon Isl,1981,26.2,2497.0
Solomon Isl,1982,26.0,3473.9
Solomon Isl,1983,26.2,2833.8
Solomon Isl,1984,26.2,2779.1
Solomon Isl,1985,26.2,3443.7
Solomon Isl,1986,26.3,2905.6
Solomon Isl,1987,26.5,2223.6
Solomon Isl,1988,26.4,3598.3
Solomon Isl,1989,26.3,2774.8
Solomon Isl,1990,26.6,3033.2
Solomon Isl,1991,26.1,3012.9
Solomon Isl,1992,26.1,3156.5
Solomon Isl,1993,26.1,3156.5
Solomon Isl,1994,26.0,3156.5
Solomon Isl,1995,26.1,3156.5
Solomon Isl,1996,26.1,3156.5
Solomon Isl,1997,26.0,3156.5
Solomon Isl,1998,26.1,3156.5
Solomon Isl,1999,26.1,3156.5
Solomon Isl,2000,26.1,3156.5
Solomon Isl,2001,26.0,3156.5
Solomon Isl,2002,26.0,3156.5
Solomon Isl,2003,26.1,3156.5
Solomon Isl,2004,26.1,3156.5
Solomon Isl,2005,26.1,3156.5
Solomon Isl,2006,26.1,3156.5
Solomon Isl,2007,26.1,3156.5
Solomon Isl,2008,26.0,3156.5
Solomon Isl,2009,26.1,3156.5
Solomon Isl,2010,26.1,3156.5
Solomon Isl,2011,26.0,3156.5
Solomon Isl,2012,26.0,3156.5
Solomon Isl,2013,26.0,3156.5
Solomon Isl,2014,26.0,3156.5
Solomon Isl,2015,26.0,3156.5
Solomon Isl,2016,26.0,3156.5
Solomon Isl,2017,26.0,3156.5
Solomon Isl,2018,26.0,3156.5
Solomon Isl,2019,26.0,3156.5
Solomon Isl,2020,26.0,3156.5
Solomon Isl,2021,26.0,3156.5
Solomon Isl,2022,26.0,3156.5
Solomon Isl,2023,26.0,3156.5
Solomon Isl,2024,26.0,3156.5
Somalia,1901,26.9,281.7
Somalia,1902,26.9,292.8
Somalia,1903,27.0,237.0
Somalia,1904,26.8,245.0
Somalia,1905,26.9,294.3
Somalia,1906,26.8,306.8
Somalia,1907,26.8,293.2
Somalia,1908,26.9,253.3
Somalia,1909,26.7,238.2
Somalia,1910,26.8,254.1
Somalia,1911,26.3,230.1
Somalia,1912,26.1,271.3
Somalia,1913,26.4,311.4
Somalia,1914,26.8,205.1
Somalia,1915,26.7,176.2
Somalia,1916,26.6,194.5
Somalia,1917,26.7,219.3
Somalia,1918,26.7,219.3
Somalia,1919,26.7,236.1
Somalia,1920,26.7,290.7
Somalia,1921,27.1,207.7
Somalia,1922,27.4,269.7
Somalia,1923,26.9,382.4
Somalia,1924,27.8,237.6
Somalia,1925,27.3,262.2
Somalia,1926,27.1,302.5
Somalia,1927,27.1,264.1
Somalia,1928,27.5,242.7
Somalia,1929,26.7,246.0
Somalia,1930,26.4,250.7
Somalia,1931,27.1,211.5
Somalia,1932,26.8,230.7
Somalia,1933,27.0,237.1
Somalia,1934,26.9,229.5
Somalia,1935,26.9,252.2
Somalia,1936,26.8,274.5
Somalia,1937,27.2,286.6
Somalia,1938,26.9,208.3
Somalia,1939,27.2,157.8
Somalia,1940,27.3,232.6
Somalia,1941,27.2,276.1
Somalia,1942,27.1,217.7
Somalia,1943,27.1,162.2
Somalia,1944,27.3,215.9
Somalia,1945,27.1,182.3
Somalia,1946,27.1,182.4
Somalia,1947,26.9,217.3
Somalia,1948,27.1,196.4
Somalia,1949,26.9,156.7
Somalia,1950,26.7,182.6
Somalia,1951,27.1,393.8
Somalia,1952,27.1,180.4
Somalia,1953,27.1,224.8
Somalia,1954,27.1,193.7
Somalia,1955,27.2,150.4
Somalia,1956,26.8,203.9
Somalia,1957,26.8,296.1
Somalia,1958,27.1,195.4
Somalia,1959,27.0,201.3
Somalia,1960,26.8,279.2
Somalia,1961,26.9,359.9
Somalia,1962,26.9,226.8
Somalia,1963,26.7,320.4
Somalia,1964,26.4,267.4
Somalia,1965,26.6,283.3
Somalia,1966,26.9,252.6
Somalia,1967,26.6,393.1
Somalia,1968,26.4,387.8
Somalia,1969,27.2,251.6
Somalia,1970,27.3,213.7
Somalia,1971,26.7,219.8
Somalia,1972,27.0,334.8
Somalia,1973,27.2,209.4
Somalia,1974,26.8,187.3
Somalia,1975,26.8,194.6
Somalia,1976,27.0,255.3
Somalia,1977,27.0,328.5
Somalia,1978,27.0,249.4
Somalia,1979,27.0,275.9
Somalia,1980,27.2,186.1
Somalia,1981,26.9,326.3
Somalia,1982,26.9,334.5
Somalia,1983,27.1,196.8
Somalia,1984,26.7,224.4
Somalia,1985,26.9,217.6
Somalia,1986,27.0,235.8
Somalia,1987,27.3,266.8
Somalia,1988,27.2,260.6
Somalia,1989,26.8,327.2
Somalia,1990,27.1,265.6
Somalia,1991,27.1,223.1
Somalia,1992,27.0,221.6
Somalia,1993,26.9,242.1
Somalia,1994,27.0,276.8
Somalia,1995,27.2,251.5
Somalia,1996,27.1,222.5
Somalia,1997,27.1,322.7
Somalia,1998,27.3,251.4
Somalia,1999,27.0,242.7
Somalia,2000,27.1,261.3
Somalia,2001,27.1,237.9
Somalia,2002,27.3,269.7
Somalia,2003,27.3,266.8
Somalia,2004,27.2,269.6
Somalia,2005,27.2,263.3
Somalia,2006,27.2,273.4
Somalia,2007,27.1,279.3
Somalia,2008,27.0,264.3
Somalia,2009,27.5,250.0
Somalia,2010,27.2,247.8
Somalia,2011,27.2,279.9
Somalia,2012,27.2,255.4
Somalia,2013,27.3,271.3
Somalia,2014,27.3,252.2
Somalia,2015,27.5,283.5
Somalia,2016,27.5,270.4
Somalia,2017,27.4,325.1
Somalia,2018,27.1,283.3
Somalia,2019,27.4,314.7
Somalia,2020,27.3,249.7
Somalia,2021,27.2,286.4
Somalia,2022,27.4,312.9
Somalia,2023,27.4,259.2
Somalia,2024,27.5,271.2
South Africa,1901,17.1,572.9
South Africa,1902,17.1,455.1
South Africa,1903,16.9,376.3
South Africa,1904,17.0,464.1
South Africa,1905,17.1,467.7
South Africa,1906,16.8,508.2
South Africa,1907,16.7,566.6
South Africa,1908,16.9,409.8
South Africa,1909,17.1,628.1
South Africa,1910,16.8,512.6
South Africa,1911,17.1,537.6
South Africa,1912,17.3,418.9
South Africa,1913,17.4,485.1
South Africa,1914,17.5,507.1
South Africa,1915,17.3,492.5
South Africa,1916,17.3,410.2
South Africa,1917,16.9,625.8
South Africa,1918,17.1,580.1
South Africa,1919,17.4,368.7
South Africa,1920,17.4,534.0
South Africa,1921,17.0,592.3
South Africa,1922,17.5,431.3
South Africa,1923,17.5,484.0
South Africa,1924,17.0,506.5
South Africa,1925,17.3,585.0
South Africa,1926,17.3,401.8
South Africa,1927,17.7,402.6
South Africa,1928,17.4,450.2
South Africa,1929,17.5,556.7
South Africa,1930,17.4,428.8
South Africa,1931,17.7,462.7
South Africa,1932,17.9,445.8
South Africa,1933,17.8,417.0
South Africa,1934,17.9,582.5
South Africa,1935,17.1,407.2
South Africa,1936,17.4,527.8
South Africa,1937,17.7,467.4
South Africa,1938,17.6,490.7
South Africa,1939,17.5,588.4
South Africa,1940,17.7,515.7
South Africa,1941,17.9,436.7
South Africa,1942,17.7,572.4
South Africa,1943,17.0,612.7
South Africa,1944,17.7,463.0
South Africa,1945,17.9,378.6
South Africa,1946,17.9,463.7
South Africa,1947,17.9,485.4
South Africa,1948,17.6,470.9
South Africa,1949,17.9,442.3
South Africa,1950,17.7,549.5
South Africa,1951,17.3,415.1
South Africa,1952,17.7,461.5
South Africa,1953,17.4,524.6
South Africa,1954,17.2,499.5
South Africa,1955,16.7,595.8
South Africa,1956,17.3,553.9
South Africa,1957,17.7,554.1
South Africa,1958,17.8,504.4
South Africa,1959,17.6,490.3
South Africa,1960,17.7,482.9
South Africa,1961,17.7,534.6
South Africa,1962,17.9,455.4
South Africa,1963,17.6,544.8
South Africa,1964,17.4,447.3
South Africa,1965,17.5,378.9
South Africa,1966,17.9,406.3
South Africa,1967,17.3,569.0
South Africa,1968,17.1,412.9
South Africa,1969,17.8,468.2
South Africa,1970,17.8,413.6
South Africa,1971,17.5,525.8
South Africa,1972,17.8,478.2
South Africa,1973,17.8,501.8
South Africa,1974,17.3,668.6
South Africa,1975,17.3,594.5
South Africa,1976,17.1,693.5
South Africa,1977,17.8,579.5
South Africa,1978,17.6,519.2
South Africa,1979,18.0,443.3
South Africa,1980,17.8,459.5
South Africa,1981,17.3,566.3
South Africa,1982,17.9,407.2
South Africa,1983,18.5,444.4
South Africa,1984,18.3,427.4
South Africa,1985,18.4,525.3
South Africa,1986,18.3,450.1
South Africa,1987,18.4,495.5
South Africa,1988,17.9,604.1
South Africa,1989,17.7,535.8
South Africa,1990,18.0,408.2
South Africa,1991,18.0,522.6
South Africa,1992,18.6,332.8
South Africa,1993,18.5,474.8
South Africa,1994,17.8,404.1
South Africa,1995,18.1,521.0
South Africa,1996,17.6,592.8
South Africa,1997,17.9,512.1
South Africa,1998,18.4,514.2
South Africa,1999,18.7,460.0
South Africa,2000,17.7,644.3
South Africa,2001,18.0,559.8
South Africa,2002,18.1,434.5
South Africa,2003,18.4,391.3
South Africa,2004,18.7,487.7
South Africa,2005,18.7,412.6
South Africa,2006,18.1,587.5
South Africa,2007,18.5,446.7
South Africa,2008,18.6,458.0
South Africa,2009,18.5,485.7
South Africa,2010,18.8,487.2
South Africa,2011,18.1,564.0
South Africa,2012,18.3,486.0
South Africa,2013,18.4,438.3
South Africa,2014,18.6,462.7
South Africa,2015,19.1,377.6
South Africa,2016,19.2,428.7
South Africa,2017,18.7,451.5
South Africa,2018,18.8,403.1
South Africa,2019,19.4,397.3
South Africa,2020,18.6,471.5
South Africa,2021,18.3,535.6
South Africa,2022,18.6,518.9
South Africa,2023,18.8,513.1
South Africa,2024,19.2,429.6
South Georgia,1901,-0.0,1594.5
South Georgia,1902,-0.0,1594.5
South Georgia,1903,-0.4,1594.5
South Georgia,1904,-0.6,1594.5
South Georgia,1905,-0.3,1594.5
South Georgia,1906,-0.1,1594.5
South Georgia,1907,-0.4,1594.5
South Georgia,1908,0.3,1594.5
South Georgia,1909,-0.3,1594.5
South Georgia,1910,0.0,1594.5
South Georgia,1911,-0.7,1594.5
South Georgia,1912,-1.1,1594.5
South Georgia,1913,-1.1,1594.5
South Georgia,1914,-0.0,1594.5
South Georgia,1915,-1.1,1594.5
South Georgia,1916,-0.9,1594.5
South Georgia,1917,0.3,1594.5
South Georgia,1918,-0.0,1594.5
South Georgia,1919,-0.2,1594.5
South Georgia,1920,-1.0,1594.5
South Georgia,1921,-0.8,1594.5
South Georgia,1922,-0.1,1594.5
South Georgia,1923,-0.7,1594.5
South Georgia,1924,-1.0,1594.5
South Georgia,1925,-0.6,1594.5
South Georgia,1926,-1.0,1594.5
South Georgia,1927,-1.5,1594.5
South Georgia,1928,-1.4,1594.5
South Georgia,1929,-0.8,1594.5
South Georgia,1930,-1.2,1594.5
South Georgia,1931,-0.5,1594.5
South Georgia,1932,-0.2,1594.5
South Georgia,1933,-0.6,1594.5
South Georgia,1934,-0.5,1594.5
South Georgia,1935,-1.3,1594.5
South Georgia,1936,-0.0,1594.5
South Georgia,1937,-0.0,1594.5
South Georgia,1938,-0.7,1594.5
South Georgia,1939,-1.2,1594.5
South Georgia,1940,0.1,1594.5
South Georgia,1941,-0.7,1594.5
South Georgia,1942,-0.7,1594.5
South Georgia,1943,0.6,1594.5
South Georgia,1944,-0.4,1594.5
South Georgia,1945,-1.8,1594.5
South Georgia,1946,-0.6,1594.5
South Georgia,1947,-0.0,1594.5
South Georgia,1948,-0.9,1594.5
South Georgia,1949,-0.5,1594.5
South Georgia,1950,-1.3,1594.5
South Georgia,1951,-0.2,1594.5
South Georgia,1952,-0.4,1594.5
South Georgia,1953,-0.2,1594.5
South Georgia,1954,-0.3,1594.5
South Georgia,1955,0.5,1594.5
South Georgia,1956,0.9,1594.5
South Georgia,1957,0.2,1594.5
South Georgia,1958,-0.6,1594.5
South Georgia,1959,-1.2,1594.5
South Georgia,1960,0.1,1594.5
South Georgia,1961,-0.4,1594.5
South Georgia,1962,0.6,1594.5
South Georgia,1963,-0.2,1594.5
South Georgia,1964,-0.7,1594.5
South Georgia,1965,0.3,1594.5
South Georgia,1966,-0.7,1594.5
South Georgia,1967,-0.2,1594.5
South Georgia,1968,0.4,1594.5
South Georgia,1969,0.1,1594.5
South Georgia,1970,0.0,1594.5
South Georgia,1971,-0.0,1594.5
South Georgia,1972,-0.8,1594.5
South Georgia,1973,-0.3,1594.5
South Georgia,1974,-0.1,1594.5
South Georgia,1975,-0.2,1594.5
South Georgia,1976,-0.0,1594.5
South Georgia,1977,0.1,1594.5
South Georgia,1978,0.3,1594.5
South Georgia,1979,0.0,1594.5
South Georgia,1980,-1.0,1594.5
South Georgia,1981,0.3,1594.5
South Georgia,1982,0.3,1594.5
South Georgia,1983,0.1,1594.5
South Georgia,1984,-0.2,1594.5
South Georgia,1985,0.5,1594.5
South Georgia,1986,0.3,1594.5
South Georgia,1987,-0.5,1594.5
South Georgia,1988,-0.2,1594.5
South Georgia,1989,1.0,1594.5
South Georgia,1990,0.4,1594.5
South Georgia,1991,-0.3,1594.5
South Georgia,1992,-0.1,1594.5
South Georgia,1993,0.4,1594.5
South Georgia,1994,-0.1,1594.5
South Georgia,1995,0.1,1594.5
South Georgia,1996,0.3,1594.5
South Georgia,1997,-0.1,1594.5
South Georgia,1998,0.2,1594.5
South Georgia,1999,0.6,1594.5
South Georgia,2000,0.3,1594.5
South Georgia,2001,0.9,1594.5
South Georgia,2002,-0.1,1594.5
South Georgia,2003,0.4,1594.5
South Georgia,2004,0.8,1594.5
South Georgia,2005,0.3,1594.5
South Georgia,2006,0.5,1594.5
South Georgia,2007,-0.6,1594.5
South Georgia,2008,0.6,1594.5
South Georgia,2009,0.7,1594.5
South Georgia,2010,1.3,1594.5
South Georgia,2011,1.0,1594.5
South Georgia,2012,0.2,1594.5
South Georgia,2013,0.5,1594.5
South Georgia,2014,0.2,1594.5
South Georgia,2015,0.3,1594.5
South Georgia,2016,0.1,1594.5
South Georgia,2017,1.2,1594.5
South Georgia,2018,1.2,1594.5
South Georgia,2019,0.1,1594.5
South Georgia,2020,0.2,1594.5
South Georgia,2021,1.5,1594.5
South Georgia,2022,1.3,1594.5
South Georgia,2023,1.1,1594.5
South Georgia,2024,-0.1,1594.5
South Korea,1901,11.0,1083.4
South Korea,1902,11.4,1269.9
South Korea,1903,11.4,1465.2
South Korea,1904,11.3,1056.3
South Korea,1905,11.5,1701.7
South Korea,1906,11.0,1137.6
South Korea,1907,11.2,971.9
South Korea,1908,11.0,1235.3
South Korea,1909,11.1,1152.4
South Korea,1910,10.9,1360.8
South Korea,1911,11.3,1513.5
South Korea,1912,11.1,1151.5
South Korea,1913,10.7,940.3
South Korea,1914,12.2,1349.3
South Korea,1915,11.6,1407.6
South Korea,1916,11.7,1725.5
South Korea,1917,10.5,984.0
South Korea,1918,10.9,1371.4
South Korea,1919,11.5,1200.6
South Korea,1920,11.7,1308.8
South Korea,1921,11.2,1251.1
South Korea,1922,11.6,1273.5
South Korea,1923,11.3,1403.9
South Korea,1924,11.2,1070.2
South Korea,1925,11.1,1533.8
South Korea,1926,11.1,1409.6
South Korea,1927,11.4,1292.5
South Korea,1928,11.4,1204.5
South Korea,1929,11.5,958.7
South Korea,1930,11.9,1553.2
South Korea,1931,11.3,1419.4
South Korea,1932,11.5,974.3
South Korea,1933,11.4,1555.0
South Korea,1934,11.1,1538.6
South Korea,1935,11.8,1194.1
South Korea,1936,10.8,1632.3
South Korea,1937,12.0,1146.5
South Korea,1938,11.6,1134.8
South Korea,1939,12.0,839.0
South Korea,1940,11.5,1190.1
South Korea,1941,11.7,1411.4
South Korea,1942,11.8,1098.3
South Korea,1943,11.8,954.3
South Korea,1944,11.6,990.1
South Korea,1945,11.2,1431.6
South Korea,1946,12.0,1366.9
South Korea,1947,10.7,1277.8
South Korea,1948,12.4,1637.2
South Korea,1949,11.8,1069.1
South Korea,1950,12.1,1166.2
South Korea,1951,11.9,1064.5
South Korea,1952,11.7,1193.0
South Korea,1953,12.0,1392.4
South Korea,1954,12.1,1586.4
South Korea,1955,12.2,1123.7
South Korea,1956,11.1,1662.7
South Korea,1957,11.3,1412.8
South Korea,1958,12.2,1546.2
South Korea,1959,12.7,1397.0
South Korea,1960,12.5,1214.7
South Korea,1961,12.7,1617.1
South Korea,1962,11.9,1275.1
South Korea,1963,11.5,1575.5
South Korea,1964,12.5,1406.3
South Korea,1965,11.6,1230.8
South Korea,1966,12.0,1383.0
South Korea,1967,12.0,1087.8
South Korea,1968,11.8,1075.6
South Korea,1969,11.4,1621.7
South Korea,1970,11.6,1583.6
South Korea,1971,11.7,1209.9
South Korea,1972,11.9,1677.9
South Korea,1973,12.2,1063.1
South Korea,1974,11.4,1435.7
South Korea,1975,12.4,1369.6
South Korea,1976,11.5,1154.1
South Korea,1977,12.1,1061.3
South Korea,1978,12.6,1279.8
South Korea,1979,12.5,1478.4
South Korea,1980,11.2,1568.0
South Korea,1981,11.4,1320.9
South Korea,1982,12.3,1033.2
South Korea,1983,12.2,1302.8
South Korea,1984,11.7,1302.7
South Korea,1985,12.0,1769.6
South Korea,1986,11.5,1307.4
South Korea,1987,12.2,1597.7
South Korea,1988,12.1,933.2
South Korea,1989,12.7,1524.7
South Korea,1990,13.1,1661.4
South Korea,1991,12.3,1440.6
South Korea,1992,12.5,1204.8
South Korea,1993,11.9,1509.1
South Korea,1994,13.3,978.3
South Korea,1995,12.3,1094.4
South Korea,1996,12.2,1203.8
South Korea,1997,12.8,1393.0
South Korea,1998,13.6,1793.4
South Korea,1999,12.8,1803.1
South Korea,2000,12.7,1318.5
South Korea,2001,12.9,1198.1
South Korea,2002,12.9,1476.9
South Korea,2003,12.6,2036.1
South Korea,2004,13.2,1541.2
South Korea,2005,12.4,1312.2
South Korea,2006,12.8,1589.2
South Korea,2007,13.2,1428.4
South Korea,2008,12.9,1231.8
South Korea,2009,12.8,1334.0
South Korea,2010,12.7,1543.9
South Korea,2011,12.3,1529.7
South Korea,2012,12.3,1667.1
South Korea,2013,12.8,1228.6
South Korea,2014,12.8,1316.8
South Korea,2015,13.1,1181.1
South Korea,2016,13.5,1390.5
South Korea,2017,13.0,1009.2
South Korea,2018,13.1,1503.8
South Korea,2019,13.5,1350.4
South Korea,2020,13.2,1713.3
South Korea,2021,13.7,1432.5
South Korea,2022,13.3,1217.8
South Korea,2023,13.9,1684.0
South Korea,2024,14.3,1419.0
South Sudan,1901,27.5,913.8
South Sudan,1902,27.3,1026.0
South Sudan,1903,27.2,987.3
South Sudan,1904,27.2,864.9
South Sudan,1905,27.2,909.1
South Sudan,1906,27.2,936.1
South Sudan,1907,27.1,922.1
South Sudan,1908,27.2,1069.4
South Sudan,1909,27.1,1013.8
South Sudan,1910,26.9,914.7
South Sudan,1911,27.0,899.6
South Sudan,1912,26.8,894.8
South Sudan,1913,26.6,712.6
South Sudan,1914,27.2,1086.9
South Sudan,1915,27.2,1034.3
South Sudan,1916,26.5,1207.8
South Sudan,1917,26.6,1060.2
South Sudan,1918,26.9,934.2
South Sudan,1919,27.4,973.5
South Sudan,1920,26.5,1073.3
South Sudan,1921,27.0,966.7
South Sudan,1922,26.9,1019.7
South Sudan,1923,27.0,1059.9
South Sudan,1924,27.4,991.0
South Sudan,1925,27.2,868.5
South Sudan,1926,27.3,1009.9
South Sudan,1927,27.5,845.1
South Sudan,1928,27.7,1000.3
South Sudan,1929,26.9,1004.8
South Sudan,1930,26.8,900.2
South Sudan,1931,27.3,948.8
South Sudan,1932,27.1,1022.2
South Sudan,1933,27.6,966.1
South Sudan,1934,27.2,1026.9
South Sudan,1935,27.3,919.3
South Sudan,1936,27.4,935.8
South Sudan,1937,27.3,974.2
South Sudan,1938,27.4,1087.1
South Sudan,1939,27.5,997.9
South Sudan,1940,27.5,902.0
South Sudan,1941,27.3,980.0
South Sudan,1942,27.2,910.8
South Sudan,1943,26.6,893.8
South Sudan,1944,26.8,1020.7
South Sudan,1945,26.6,1020.6
South Sudan,1946,26.6,1100.7
South Sudan,1947,26.8,1084.1
South Sudan,1948,26.5,958.7
South Sudan,1949,26.5,959.8
South Sudan,1950,26.3,1037.3
South Sudan,1951,26.4,937.7
South Sudan,1952,27.0,937.5
South Sudan,1953,26.6,963.6
South Sudan,1954,26.7,1037.4
South Sudan,1955,26.6,1028.5
South Sudan,1956,26.3,1001.0
South Sudan,1957,26.6,958.4
South Sudan,1958,27.1,996.8
South Sudan,1959,26.7,944.3
South Sudan,1960,27.0,903.4
South Sudan,1961,26.3,1094.4
South Sudan,1962,26.5,1074.8
South Sudan,1963,26.8,1061.2
South Sudan,1964,26.3,1051.3
South Sudan,1965,26.7,916.4
South Sudan,1966,26.8,1055.5
South Sudan,1967,26.3,1021.1
South Sudan,1968,26.4,939.2
South Sudan,1969,27.2,964.7
South Sudan,1970,26.9,972.5
South Sudan,1971,26.5,840.1
South Sudan,1972,26.9,862.3
South Sudan,1973,27.4,911.4
South Sudan,1974,26.9,934.3
South Sudan,1975,27.1,1007.7
South Sudan,1976,27.3,921.8
South Sudan,1977,27.2,909.1
South Sudan,1978,27.4,995.5
South Sudan,1979,27.6,940.6
South Sudan,1980,27.8,871.6
South Sudan,1981,27.9,984.9
South Sudan,1982,27.8,925.0
South Sudan,1983,27.9,856.4
South Sudan,1984,28.2,709.7
South Sudan,1985,27.9,953.1
South Sudan,1986,27.9,831.8
South Sudan,1987,28.3,771.8
South Sudan,1988,27.7,1082.9
South Sudan,1989,27.0,999.3
South Sudan,1990,28.1,844.1
South Sudan,1991,27.7,1055.2
South Sudan,1992,27.1,922.2
South Sudan,1993,27.7,976.1
South Sudan,1994,27.3,935.0
South Sudan,1995,27.5,981.8
South Sudan,1996,27.7,995.4
South Sudan,1997,28.0,967.5
South Sudan,1998,27.9,966.1
South Sudan,1999,27.6,1029.7
South Sudan,2000,28.0,958.9
South Sudan,2001,28.0,946.3
South Sudan,2002,28.4,973.4
South Sudan,2003,28.4,1005.0
South Sudan,2004,28.6,904.0
South Sudan,2005,28.7,890.4
South Sudan,2006,28.5,1061.5
South Sudan,2007,28.6,1079.1
South Sudan,2008,28.7,1042.0
South Sudan,2009,29.3,850.6
South Sudan,2010,29.2,984.9
South Sudan,2011,28.4,940.9
South Sudan,2012,28.0,958.4
South Sudan,2013,28.4,945.1
South Sudan,2014,28.0,987.8
South Sudan,2015,28.3,946.2
South Sudan,2016,28.5,954.6
South Sudan,2017,28.2,967.3
South Sudan,2018,27.9,978.8
South Sudan,2019,28.1,1037.4
South Sudan,2020,27.7,970.0
South Sudan,2021,28.1,949.1
South Sudan,2022,27.7,1010.6
South Sudan,2023,28.3,938.9
South Sudan,2024,28.4,929.6
Spain,1901,12.3,695.7
Spain,1902,12.6,687.0
Spain,1903,12.6,591.5
Spain,1904,13.0,609.2
Spain,1905,12.4,562.9
Spain,1906,12.6,633.7
Spain,1907,12.4,618.1
Spain,1908,12.7,616.3
Spain,1909,12.3,607.9
Spain,1910,12.4,652.0
Spain,1911,12.7,646.4
Spain,1912,12.5,519.7
Spain,1913,12.7,608.2
Spain,1914,12.5,638.8
Spain,1915,12.5,737.3
Spain,1916,12.6,644.7
Spain,1917,12.1,608.9
Spain,1918,12.5,613.1
Spain,1919,12.4,759.1
Spain,1920,12.8,599.2
Spain,1921,13.0,561.3
Spain,1922,12.6,598.9
Spain,1923,12.7,600.6
Spain,1924,13.1,562.3
Spain,1925,12.3,611.2
Spain,1926,13.7,645.3
Spain,1927,13.2,673.6
Spain,1928,13.2,620.1
Spain,1929,13.2,592.2
Spain,1930,13.3,657.3
Spain,1931,13.0,562.7
Spain,1932,12.6,747.2
Spain,1933,13.0,689.1
Spain,1934,12.9,580.3
Spain,1935,12.7,608.4
Spain,1936,12.7,881.2
Spain,1937,13.3,732.3
Spain,1938,12.9,539.9
Spain,1939,12.6,698.7
Spain,1940,13.0,679.0
Spain,1941,12.6,754.3
Spain,1942,13.2,672.3
Spain,1943,13.6,655.9
Spain,1944,12.9,517.3
Spain,1945,13.8,497.4
Spain,1946,13.0,659.9
Spain,1947,13.8,726.7
Spain,1948,13.8,595.5
Spain,1949,13.6,578.3
Spain,1950,13.3,515.5
Spain,1951,12.9,807.4
Spain,1952,13.3,634.9
Spain,1953,13.3,537.7
Spain,1954,12.9,508.0
Spain,1955,14.0,756.4
Spain,1956,12.4,647.8
Spain,1957,13.0,594.1
Spain,1958,13.4,630.0
Spain,1959,13.5,827.2
Spain,1960,13.2,870.3
Spain,1961,14.0,671.5
Spain,1962,13.2,728.2
Spain,1963,12.9,851.8
Spain,1964,13.5,565.9
Spain,1965,13.1,672.7
Spain,1966,13.4,671.5
Spain,1967,13.1,568.9
Spain,1968,13.3,631.3
Spain,1969,12.8,866.5
Spain,1970,13.2,567.3
Spain,1971,12.8,768.0
Spain,1972,12.5,825.8
Spain,1973,13.0,539.6
Spain,1974,13.0,596.1
Spain,1975,13.0,640.8
Spain,1976,13.0,708.3
Spain,1977,13.1,774.3
Spain,1978,13.2,657.8
Spain,1979,13.3,762.7
Spain,1980,13.1,569.3
Spain,1981,13.6,550.0
Spain,1982,13.7,620.9
Spain,1983,13.7,537.5
Spain,1984,13.0,660.4
Spain,1985,13.6,562.3
Spain,1986,13.4,576.4
Spain,1987,13.8,720.1
Spain,1988,13.7,606.5
Spain,1989,14.4,740.7
Spain,1990,14.2,542.3
Spain,1991,13.5,581.8
Spain,1992,13.6,589.0
Spain,1993,13.2,600.5
Spain,1994,14.1,547.4
Spain,1995,14.4,556.4
Spain,1996,13.7,858.2
Spain,1997,14.5,805.0
Spain,1998,14.0,511.9
Spain,1999,13.9,603.9
Spain,2000,14.0,662.7
Spain,2001,14.1,617.4
Spain,2002,14.1,713.1
Spain,2003,14.4,740.0
Spain,2004,14.0,594.4
Spain,2005,13.8,476.8
Spain,2006,14.5,633.7
Spain,2007,13.9,579.9
Spain,2008,13.9,697.1
Spain,2009,14.4,623.7
Spain,2010,13.9,825.2
Spain,2011,14.6,555.7
Spain,2012,14.1,537.3
Spain,2013,13.8,700.8
Spain,2014,14.7,654.1
Spain,2015,14.6,503.4
Spain,2016,14.6,647.0
Spain,2017,14.8,476.7
Spain,2018,14.3,804.3
Spain,2019,14.5,573.9
Spain,2020,14.9,651.2
Spain,2021,14.6,616.2
Spain,2022,15.3,556.2
Spain,2023,15.3,525.2
Spain,2024,15.2,673.6
Sri Lanka,1901,26.9,1573.0
Sri Lanka,1902,26.8,2158.3
Sri Lanka,1903,26.7,1641.0
Sri Lanka,1904,26.5,1330.8
Sri Lanka,1905,26.8,1374.0
Sri Lanka,1906,26.9,1513.2
Sri Lanka,1907,26.6,1700.8
Sri Lanka,1908,26.6,1292.8
Sri Lanka,1909,26.5,1618.3
Sri Lanka,1910,26.5,1510.1
Sri Lanka,1911,26.9,1455.8
Sri Lanka,1912,26.9,1710.9
Sri Lanka,1913,26.8,1835.8
Sri Lanka,1914,26.9,1543.4
Sri Lanka,1915,27.0,1477.2
Sri Lanka,1916,26.7,1338.6
Sri Lanka,1917,26.4,1710.8
Sri Lanka,1918,26.5,1511.8
Sri Lanka,1919,27.0,1769.6
Sri Lanka,1920,27.1,1580.5
Sri Lanka,1921,26.7,1600.3
Sri Lanka,1922,26.6,1646.7
Sri Lanka,1923,26.5,1990.0
Sri Lanka,1924,26.7,1785.8
Sri Lanka,1925,26.5,2062.4
Sri Lanka,1926,26.8,1677.9
Sri Lanka,1927,26.6,1787.2
Sri Lanka,1928,26.9,1742.0
Sri Lanka,1929,26.5,1771.5
Sri Lanka,1930,26.6,1920.4
Sri Lanka,1931,26.8,2046.9
Sri Lanka,1932,26.4,1814.6
Sri Lanka,1933,26.3,1643.2
Sri Lanka,1934,26.5,1607.7
Sri Lanka,1935,26.6,1861.9
Sri Lanka,1936,26.8,1587.0
Sri Lanka,1937,26.8,1586.9
Sri Lanka,1938,26.8,1532.9
Sri Lanka,1939,26.6,1747.7
Sri Lanka,1940,26.8,1641.9
Sri Lanka,1941,27.1,1837.9
Sri Lanka,1942,26.9,1667.5
Sri Lanka,1943,26.4,1636.6
Sri Lanka,1944,26.6,1835.9
Sri Lanka,1945,26.7,1407.5
Sri Lanka,1946,26.7,1858.5
Sri Lanka,1947,26.6,1878.9
Sri Lanka,1948,26.9,1441.3
Sri Lanka,1949,26.5,1724.2
Sri Lanka,1950,26.6,1269.0
Sri Lanka,1951,26.7,1912.7
Sri Lanka,1952,26.9,1345.6
Sri Lanka,1953,26.9,1724.4
Sri Lanka,1954,26.6,1937.9
Sri Lanka,1955,26.4,1799.4
Sri Lanka,1956,26.4,1389.5
Sri Lanka,1957,26.7,2019.6
Sri Lanka,1958,27.0,1519.1
Sri Lanka,1959,26.9,1708.6
Sri Lanka,1960,26.6,1748.2
Sri Lanka,1961,26.7,2241.9
Sri Lanka,1962,26.6,1712.6
Sri Lanka,1963,26.7,2448.9
Sri Lanka,1964,27.0,1362.5
Sri Lanka,1965,26.9,1936.8
Sri Lanka,1966,27.1,1685.2
Sri Lanka,1967,26.7,2016.5
Sri Lanka,1968,26.7,1304.0
Sri Lanka,1969,27.0,1929.2
Sri Lanka,1970,26.8,1725.7
Sri Lanka,1971,26.4,1614.7
Sri Lanka,1972,26.8,1800.9
Sri Lanka,1973,27.1,1743.3
Sri Lanka,1974,26.7,1270.0
Sri Lanka,1975,26.7,1760.2
Sri Lanka,1976,26.9,1328.2
Sri Lanka,1977,27.0,1971.3
Sri Lanka,1978,27.1,1619.0
Sri Lanka,1979,27.3,1713.8
Sri Lanka,1980,27.4,1264.4
Sri Lanka,1981,27.1,1679.7
Sri Lanka,1982,27.2,1443.1
Sri Lanka,1983,27.5,1337.5
Sri Lanka,1984,26.9,2047.3
Sri Lanka,1985,27.1,1705.8
Sri Lanka,1986,27.2,1560.2
Sri Lanka,1987,27.6,1332.1
Sri Lanka,1988,27.4,1834.1
Sri Lanka,1989,27.1,1467.1
Sri Lanka,1990,27.4,1874.2
Sri Lanka,1991,27.4,1513.0
Sri Lanka,1992,27.2,1404.9
Sri Lanka,1993,27.2,1907.6
Sri Lanka,1994,27.3,1718.1
Sri Lanka,1995,27.4,1543.8
Sri Lanka,1996,27.3,1678.4
Sri Lanka,1997,27.5,1938.1
Sri Lanka,1998,27.9,1594.1
Sri Lanka,1999,27.2,1740.7
Sri Lanka,2000,27.4,1722.9
Sri Lanka,2001,27.5,1447.5
Sri Lanka,2002,27.6,1679.0
Sri Lanka,2003,27.6,1615.9
Sri Lanka,2004,27.4,1898.0
Sri Lanka,2005,27.5,1668.7
Sri Lanka,2006,27.5,2070.3
Sri Lanka,2007,27.4,1554.3
Sri Lanka,2008,27.4,1947.2
Sri Lanka,2009,27.7,1529.8
Sri Lanka,2010,27.8,1824.9
Sri Lanka,2011,27.6,1537.4
Sri Lanka,2012,27.8,1655.5
Sri Lanka,2013,27.5,1478.4
Sri Lanka,2014,27.7,1803.4
Sri Lanka,2015,27.6,2280.7
Sri Lanka,2016,28.0,1388.9
Sri Lanka,2017,27.7,1644.3
Sri Lanka,2018,27.7,1743.4
Sri Lanka,2019,28.0,1954.6
Sri Lanka,2020,28.0,1579.8
Sri Lanka,2021,27.7,2001.2
Sri Lanka,2022,27.5,1786.9
Sri Lanka,2023,27.7,2166.2
Sri Lanka,2024,28.2,1815.1
St Croix,1901,26.8,1498.4
St Croix,1902,26.3,1271.7
St Croix,1903,26.3,1180.9
St Croix,1904,25.9,1245.9
St Croix,1905,26.2,1213.7
St Croix,1906,25.9,1066.4
St Croix,1907,25.6,1090.9
St Croix,1908,25.6,1151.6
St Croix,1909,25.7,1211.3
St Croix,1910,25.8,1229.7
St Croix,1911,25.6,1305.7
St Croix,1912,25.9,1061.7
St Croix,1913,25.5,1079.3
St Croix,1914,25.8,1179.5
St Croix,1915,26.5,1136.8
St Croix,1916,26.1,1250.2
St Croix,1917,25.7,1026.3
St Croix,1918,25.8,1059.7
St Croix,1919,26.0,1097.3
St Croix,1920,25.6,1080.8
St Croix,1921,25.5,1093.6
St Croix,1922,25.4,1141.5
St Croix,1923,26.3,965.7
St Croix,1924,26.7,1171.2
St Croix,1925,25.9,983.5
St Croix,1926,26.6,1039.4
St Croix,1927,26.4,1190.1
St Croix,1928,26.3,1500.5
St Croix,1929,25.8,1023.0
St Croix,1930,26.0,972.8
St Croix,1931,26.7,1518.7
St Croix,1932,26.8,1408.3
St Croix,1933,26.4,1291.7
St Croix,1934,26.2,1211.7
St Croix,1935,26.0,1138.0
St Croix,1936,26.2,1323.7
St Croix,1937,26.4,987.3
St Croix,1938,26.0,1251.4
St Croix,1939,26.2,1124.7
St Croix,1940,26.8,1210.7
St Croix,1941,26.9,1199.3
St Croix,1942,26.9,1332.4
St Croix,1943,26.3,1194.6
St Croix,1944,26.5,1159.6
St Croix,1945,26.0,1054.0
St Croix,1946,26.2,1059.9
St Croix,1947,26.4,953.7
St Croix,1948,26.4,1234.0
St Croix,1949,26.1,1213.9
St Croix,1950,26.0,1227.8
St Croix,1951,26.2,1159.0
St Croix,1952,26.2,1288.3
St Croix,1953,26.1,1079.8
St Croix,1954,25.9,1197.8
St Croix,1955,25.8,1078.2
St Croix,1956,25.7,1229.8
St Croix,1957,26.1,936.0
St Croix,1958,26.7,1310.9
St Croix,1959,26.3,1079.5
St Croix,1960,26.4,1420.3
St Croix,1961,26.2,1210.9
St Croix,1962,26.2,1100.1
St Croix,1963,26.3,1097.4
St Croix,1964,26.3,844.9
St Croix,1965,26.2,1197.8
St Croix,1966,26.4,1065.2
St Croix,1967,26.1,771.1
St Croix,1968,26.3,982.7
St Croix,1969,26.7,1370.7
St Croix,1970,26.4,1381.1
St Croix,1971,26.0,1051.9
St Croix,1972,26.3,962.1
St Croix,1973,26.4,873.0
St Croix,1974,26.1,1133.8
St Croix,1975,26.1,1206.4
St Croix,1976,26.0,903.3
St Croix,1977,26.5,1133.4
St Croix,1978,26.5,1006.0
St Croix,1979,26.5,1582.3
St Croix,1980,26.9,856.9
St Croix,1981,26.8,1374.4
St Croix,1982,26.5,1081.9
St Croix,1983,27.1,1061.5
St Croix,1984,26.6,1248.2
St Croix,1985,26.6,1132.4
St Croix,1986,26.7,1148.4
St Croix,1987,27.4,1324.0
St Croix,1988,27.0,1176.8
St Croix,1989,26.6,1125.7
St Croix,1990,26.9,1081.4
St Croix,1991,26.9,896.8
St Croix,1992,27.0,1280.5
St Croix,1993,27.2,951.6
St Croix,1994,27.0,896.4
St Croix,1995,27.2,1026.4
St Croix,1996,27.0,1008.9
St Croix,1997,27.4,942.5
St Croix,1998,27.7,1477.5
St Croix,1999,27.1,1301.1
St Croix,2000,27.0,826.0
St Croix,2001,27.3,1118.7
St Croix,2002,27.5,1050.2
St Croix,2003,27.5,1386.8
St Croix,2004,27.1,1366.8
St Croix,2005,27.3,1477.8
St Croix,2006,27.2,1503.2
St Croix,2007,27.1,1151.0
St Croix,2008,26.8,1368.3
St Croix,2009,27.1,1180.3
St Croix,2010,27.4,1547.9
St Croix,2011,27.1,1398.4
St Croix,2012,27.2,979.4
St Croix,2013,27.3,1436.2
St Croix,2014,27.3,1390.6
St Croix,2015,27.6,799.8
St Croix,2016,27.5,1288.8
St Croix,2017,27.3,1301.6
St Croix,2018,27.1,1073.1
St Croix,2019,27.4,1090.5
St Croix,2020,27.4,1208.8
St Croix,2021,27.3,995.1
St Croix,2022,27.2,1046.7
St Croix,2023,27.7,1233.3
St Croix,2024,28.0,1585.7
St Helena,1901,17.9,868.7
St Helena,1902,17.9,794.8
St Helena,1903,17.4,892.6
St Helena,1904,17.3,1020.6
St Helena,1905,17.8,671.7
St Helena,1906,17.0,1100.8
St Helena,1907,17.2,919.0
St Helena,1908,17.2,822.5
St Helena,1909,16.9,939.2
St Helena,1910,17.2,1056.2
St Helena,1911,17.5,765.0
St Helena,1912,17.7,971.0
St Helena,1913,18.3,1034.2
St Helena,1914,17.7,1133.4
St Helena,1915,17.9,942.2
St Helena,1916,17.8,795.6
St Helena,1917,17.9,1024.0
St Helena,1918,17.7,885.2
St Helena,1919,17.6,968.0
St Helena,1920,18.5,798.8
St Helena,1921,18.5,1057.7
St Helena,1922,17.7,943.5
St Helena,1923,17.8,1103.7
St Helena,1924,18.1,800.5
St Helena,1925,18.0,880.7
St Helena,1926,17.2,765.0
St Helena,1927,17.2,734.5
St Helena,1928,17.3,634.2
St Helena,1929,17.1,737.0
St Helena,1930,17.4,773.3
St Helena,1931,17.3,788.6
St Helena,1932,17.3,824.7
St Helena,1933,17.5,550.1
St Helena,1934,17.7,1053.6
St Helena,1935,17.5,856.9
St Helena,1936,17.0,747.3
St Helena,1937,17.8,830.1
St Helena,1938,17.3,842.8
St Helena,1939,17.7,887.4
St Helena,1940,18.0,1061.5
St Helena,1941,17.7,870.1
St Helena,1942,17.6,738.0
St Helena,1943,17.0,722.0
St Helena,1944,18.1,764.0
St Helena,1945,18.0,681.9
St Helena,1946,17.5,679.2
St Helena,1947,17.6,1025.7
St Helena,1948,18.3,829.0
St Helena,1949,18.4,825.3
St Helena,1950,17.7,1086.6
St Helena,1951,17.6,847.3
St Helena,1952,18.0,750.6
St Helena,1953,18.0,801.7
St Helena,1954,17.4,981.7
St Helena,1955,17.1,953.3
St Helena,1956,17.3,847.7
St Helena,1957,17.9,953.5
St Helena,1958,17.9,621.2
St Helena,1959,18.1,787.9
St Helena,1960,18.0,614.9
St Helena,1961,17.5,1017.4
St Helena,1962,17.7,711.5
St Helena,1963,18.3,962.1
St Helena,1964,17.9,768.3
St Helena,1965,18.0,872.0
St Helena,1966,18.1,853.7
St Helena,1967,17.7,917.5
St Helena,1968,18.0,793.8
St Helena,1969,18.0,647.7
St Helena,1970,17.4,611.1
St Helena,1971,17.7,751.7
St Helena,1972,18.9,643.3
St Helena,1973,19.0,446.8
St Helena,1974,18.1,940.4
St Helena,1975,18.0,696.6
St Helena,1976,17.6,932.5
St Helena,1977,18.1,798.7
St Helena,1978,17.9,771.0
St Helena,1979,18.2,752.2
St Helena,1980,18.0,634.2
St Helena,1981,17.8,672.0
St Helena,1982,17.6,915.4
St Helena,1983,18.0,620.8
St Helena,1984,18.4,502.1
St Helena,1985,18.1,776.6
St Helena,1986,18.6,693.4
St Helena,1987,18.8,750.1
St Helena,1988,18.5,773.3
St Helena,1989,18.3,717.8
St Helena,1990,18.5,796.2
St Helena,1991,18.3,733.5
St Helena,1992,17.6,632.5
St Helena,1993,18.8,659.1
St Helena,1994,18.4,724.3
St Helena,1995,18.6,586.4
St Helena,1996,18.5,988.9
St Helena,1997,18.2,664.7
St Helena,1998,18.3,838.5
St Helena,1999,18.5,678.7
St Helena,2000,18.4,750.4
St Helena,2001,18.3,881.3
St Helena,2002,18.4,738.4
St Helena,2003,18.9,733.1
St Helena,2004,18.2,744.5
St Helena,2005,18.6,695.0
St Helena,2006,18.3,745.4
St Helena,2007,18.1,831.7
St Helena,2008,18.2,1082.1
St Helena,2009,18.5,960.3
St Helena,2010,18.5,1016.1
St Helena,2011,18.0,1093.1
St Helena,2012,17.4,820.8
St Helena,2013,18.1,667.2
St Helena,2014,18.3,934.9
St Helena,2015,18.4,786.7
St Helena,2016,18.8,546.9
St Helena,2017,18.5,846.1
St Helena,2018,18.2,872.3
St Helena,2019,19.1,464.9
St Helena,2020,18.6,880.4
St Helena,2021,18.8,675.1
St Helena,2022,18.7,864.5
St Helena,2023,18.5,794.7
St Helena,2024,19.1,711.4
St Kitts and Nevis,1901,26.9,1168.1
St Kitts and Nevis,1902,26.5,1099.1
St Kitts and Nevis,1903,26.5,1071.7
St Kitts and Nevis,1904,26.1,1065.5
St Kitts and Nevis,1905,26.4,1078.7
St Kitts and Nevis,1906,26.2,1066.6
St Kitts and Nevis,1907,25.9,1024.6
St Kitts and Nevis,1908,26.0,1034.6
St Kitts and Nevis,1909,26.0,1129.2
St Kitts and Nevis,1910,26.0,1082.9
St Kitts and Nevis,1911,25.9,1105.1
St Kitts and Nevis,1912,26.2,1023.9
St Kitts and Nevis,1913,25.7,1056.6
St Kitts and Nevis,1914,26.1,1060.4
St Kitts and Nevis,1915,26.6,1091.5
St Kitts and Nevis,1916,26.2,1136.0
St Kitts and Nevis,1917,26.0,1032.3
St Kitts and Nevis,1918,26.1,1030.2
St Kitts and Nevis,1919,26.2,1094.0
St Kitts and Nevis,1920,25.9,1044.2
St Kitts and Nevis,1921,25.9,1072.6
St Kitts and Nevis,1922,25.8,1056.4
St Kitts and Nevis,1923,26.4,1000.8
St Kitts and Nevis,1924,26.7,1076.6
St Kitts and Nevis,1925,26.2,1013.9
St Kitts and Nevis,1926,26.8,1035.1
St Kitts and Nevis,1927,26.5,1107.1
St Kitts and Nevis,1928,26.5,1153.9
St Kitts and Nevis,1929,26.1,1043.6
St Kitts and Nevis,1930,26.3,1026.8
St Kitts and Nevis,1931,26.9,1230.0
St Kitts and Nevis,1932,27.0,1121.3
St Kitts and Nevis,1933,26.6,1124.3
St Kitts and Nevis,1934,26.4,1023.9
St Kitts and Nevis,1935,26.3,1045.3
St Kitts and Nevis,1936,26.6,1135.5
St Kitts and Nevis,1937,26.8,994.7
St Kitts and Nevis,1938,26.4,1092.9
St Kitts and Nevis,1939,26.6,1008.2
St Kitts and Nevis,1940,27.1,1036.2
St Kitts and Nevis,1941,27.2,1034.6
St Kitts and Nevis,1942,27.2,1106.3
St Kitts and Nevis,1943,26.7,1018.9
St Kitts and Nevis,1944,26.9,1100.2
St Kitts and Nevis,1945,26.4,941.2
St Kitts and Nevis,1946,26.6,1001.1
St Kitts and Nevis,1947,26.9,914.8
St Kitts and Nevis,1948,26.8,1103.5
St Kitts and Nevis,1949,26.5,1104.4
St Kitts and Nevis,1950,26.3,1120.6
St Kitts and Nevis,1951,26.6,1070.0
St Kitts and Nevis,1952,26.6,1312.8
St Kitts and Nevis,1953,26.5,1069.9
St Kitts and Nevis,1954,26.2,1230.7
St Kitts and Nevis,1955,26.2,1166.3
St Kitts and Nevis,1956,26.1,1154.7
St Kitts and Nevis,1957,26.4,956.3
St Kitts and Nevis,1958,27.0,1309.8
St Kitts and Nevis,1959,26.5,982.8
St Kitts and Nevis,1960,26.7,1267.4
St Kitts and Nevis,1961,26.4,1003.3
St Kitts and Nevis,1962,26.5,1064.8
St Kitts and Nevis,1963,26.7,1045.7
St Kitts and Nevis,1964,26.4,887.6
St Kitts and Nevis,1965,26.5,1069.3
St Kitts and Nevis,1966,26.8,1060.7
St Kitts and Nevis,1967,26.5,909.6
St Kitts and Nevis,1968,26.6,910.7
St Kitts and Nevis,1969,27.2,1258.4
St Kitts and Nevis,1970,26.9,1256.6
St Kitts and Nevis,1971,26.4,1020.1
St Kitts and Nevis,1972,26.7,980.5
St Kitts and Nevis,1973,26.8,794.9
St Kitts and Nevis,1974,26.2,1026.7
St Kitts and Nevis,1975,26.3,1072.4
St Kitts and Nevis,1976,26.3,891.3
St Kitts and Nevis,1977,26.9,1032.5
St Kitts and Nevis,1978,27.0,956.8
St Kitts and Nevis,1979,27.1,1460.4
St Kitts and Nevis,1980,27.4,925.7
St Kitts and Nevis,1981,27.4,1157.0
St Kitts and Nevis,1982,27.1,1058.3
St Kitts and Nevis,1983,27.6,1039.9
St Kitts and Nevis,1984,27.1,1146.6
St Kitts and Nevis,1985,27.0,994.1
St Kitts and Nevis,1986,27.2,1087.0
St Kitts and Nevis,1987,27.9,1290.2
St Kitts and Nevis,1988,27.3,1204.4
St Kitts and Nevis,1989,27.0,1229.0
St Kitts and Nevis,1990,27.2,1071.3
St Kitts and Nevis,1991,27.2,943.1
St Kitts and Nevis,1992,27.3,1285.8
St Kitts and Nevis,1993,27.4,949.2
St Kitts and Nevis,1994,27.3,847.6
St Kitts and Nevis,1995,27.6,985.1
St Kitts and Nevis,1996,27.5,1122.3
St Kitts and Nevis,1997,27.9,997.7
St Kitts and Nevis,1998,28.3,1324.7
St Kitts and Nevis,1999,27.7,1152.6
St Kitts and Nevis,2000,27.5,842.0
St Kitts and Nevis,2001,27.8,1095.2
St Kitts and Nevis,2002,27.8,1079.6
St Kitts and Nevis,2003,27.9,1136.1
St Kitts and Nevis,2004,27.5,1297.3
St Kitts and Nevis,2005,27.9,1410.0
St Kitts and Nevis,2006,27.6,1406.6
St Kitts and Nevis,2007,27.6,1071.9
St Kitts and Nevis,2008,27.2,1408.6
St Kitts and Nevis,2009,27.6,933.8
St Kitts and Nevis,2010,28.0,1291.7
St Kitts and Nevis,2011,27.5,1129.9
St Kitts and Nevis,2012,27.6,912.2
St Kitts and Nevis,2013,27.8,1097.5
St Kitts and Nevis,2014,27.7,1114.6
St Kitts and Nevis,2015,28.0,643.1
St Kitts and Nevis,2016,27.9,1090.6
St Kitts and Nevis,2017,27.7,1180.2
St Kitts and Nevis,2018,27.4,1014.8
St Kitts and Nevis,2019,27.8,1051.7
St Kitts and Nevis,2020,27.8,1041.1
St Kitts and Nevis,2021,27.7,912.4
St Kitts and Nevis,2022,27.5,950.1
St Kitts and Nevis,2023,28.0,1082.2
St Kitts and Nevis,2024,28.5,1343.5
St Lucia,1901,25.4,2295.0
St Lucia,1902,25.1,2560.4
St Lucia,1903,25.2,2410.0
St Lucia,1904,24.9,2052.6
St Lucia,1905,25.1,2107.4
St Lucia,1906,25.0,2289.6
St Lucia,1907,24.8,1870.0
St Lucia,1908,24.9,1771.5
St Lucia,1909,24.9,2295.0
St Lucia,1910,24.8,2161.0
St Lucia,1911,24.9,2295.0
St Lucia,1912,25.1,2295.0
St Lucia,1913,24.6,2295.0
St Lucia,1914,24.9,2295.0
St Lucia,1915,25.2,2295.0
St Lucia,1916,24.9,2295.0
St Lucia,1917,24.9,2295.0
St Lucia,1918,25.0,2295.0
St Lucia,1919,24.9,2295.0
St Lucia,1920,24.8,2295.0
St Lucia,1921,24.9,2295.0
St Lucia,1922,24.8,2295.0
St Lucia,1923,25.0,2295.0
St Lucia,1924,25.1,2295.0
St Lucia,1925,25.0,2295.0
St Lucia,1926,25.3,2295.0
St Lucia,1927,25.0,2295.0
St Lucia,1928,25.1,2295.0
St Lucia,1929,24.9,2295.0
St Lucia,1930,25.0,2295.0
St Lucia,1931,25.4,2295.0
St Lucia,1932,25.4,2376.4
St Lucia,1933,25.1,2635.2
St Lucia,1934,25.1,1562.1
St Lucia,1935,24.8,2057.7
St Lucia,1936,25.0,2547.5
St Lucia,1937,25.4,1638.4
St Lucia,1938,24.9,2438.6
St Lucia,1939,25.0,1722.6
St Lucia,1940,25.7,1599.3
St Lucia,1941,25.8,2122.3
St Lucia,1942,25.8,2543.6
St Lucia,1943,25.2,1905.1
St Lucia,1944,25.4,2185.9
St Lucia,1945,25.0,2089.0
St Lucia,1946,25.1,1779.5
St Lucia,1947,25.4,1559.1
St Lucia,1948,25.3,2741.2
St Lucia,1949,25.0,2049.7
St Lucia,1950,24.8,2303.8
St Lucia,1951,25.1,2924.7
St Lucia,1952,25.2,2554.1
St Lucia,1953,25.1,2436.1
St Lucia,1954,25.0,2437.8
St Lucia,1955,25.0,2743.8
St Lucia,1956,24.9,2840.8
St Lucia,1957,25.0,2375.6
St Lucia,1958,25.6,2702.3
St Lucia,1959,25.2,1997.1
St Lucia,1960,25.3,2177.6
St Lucia,1961,25.2,2120.5
St Lucia,1962,25.3,2179.9
St Lucia,1963,25.4,2225.3
St Lucia,1964,25.1,2103.2
St Lucia,1965,25.2,2005.6
St Lucia,1966,25.4,3051.6
St Lucia,1967,25.1,2481.3
St Lucia,1968,25.2,2034.6
St Lucia,1969,25.8,2589.4
St Lucia,1970,25.5,2843.1
St Lucia,1971,25.1,2013.3
St Lucia,1972,25.3,2285.1
St Lucia,1973,25.4,1601.1
St Lucia,1974,24.9,1957.2
St Lucia,1975,25.1,2227.3
St Lucia,1976,25.0,2122.6
St Lucia,1977,25.4,2054.3
St Lucia,1978,25.7,2141.8
St Lucia,1979,25.8,2531.6
St Lucia,1980,26.0,2427.9
St Lucia,1981,26.1,2652.7
St Lucia,1982,25.8,2523.0
St Lucia,1983,26.2,2103.4
St Lucia,1984,25.6,2589.8
St Lucia,1985,25.6,2372.4
St Lucia,1986,25.8,2440.2
St Lucia,1987,26.4,2402.7
St Lucia,1988,26.0,2681.5
St Lucia,1989,25.6,2220.2
St Lucia,1990,25.9,2328.5
St Lucia,1991,25.9,2408.5
St Lucia,1992,25.9,2662.1
St Lucia,1993,26.1,2392.8
St Lucia,1994,25.7,2227.3
St Lucia,1995,26.1,2520.2
St Lucia,1996,26.1,2727.5
St Lucia,1997,26.2,1990.6
St Lucia,1998,26.6,2893.7
St Lucia,1999,26.1,2223.7
St Lucia,2000,26.0,2365.2
St Lucia,2001,26.4,2112.0
St Lucia,2002,26.4,1995.3
St Lucia,2003,26.4,2448.9
St Lucia,2004,26.1,3344.7
St Lucia,2005,26.5,3017.8
St Lucia,2006,26.3,2230.1
St Lucia,2007,26.2,2268.1
St Lucia,2008,25.9,2581.3
St Lucia,2009,26.3,2105.9
St Lucia,2010,26.7,3129.6
St Lucia,2011,26.2,3226.1
St Lucia,2012,26.3,2649.8
St Lucia,2013,26.3,2266.8
St Lucia,2014,26.2,2188.8
St Lucia,2015,26.5,1765.4
St Lucia,2016,26.6,2705.6
St Lucia,2017,26.3,2670.1
St Lucia,2018,25.9,2363.5
St Lucia,2019,26.3,1810.0
St Lucia,2020,26.4,2267.2
St Lucia,2021,26.2,1919.7
St Lucia,2022,26.0,2366.6
St Lucia,2023,26.5,2473.9
St Lucia,2024,27.1,2447.8
St Vincent,1901,25.4,2407.6
St Vincent,1902,25.2,2675.6
St Vincent,1903,25.2,2527.1
St Vincent,1904,25.0,2169.2
St Vincent,1905,25.1,2231.1
St Vincent,1906,25.1,2408.6
St Vincent,1907,25.0,2002.7
St Vincent,1908,25.0,1924.3
St Vincent,1909,25.0,2407.6
St Vincent,1910,25.0,2262.7
St Vincent,1911,25.0,2407.6
St Vincent,1912,25.2,2407.6
St Vincent,1913,24.9,2407.6
St Vincent,1914,24.9,2407.6
St Vincent,1915,25.2,2407.6
St Vincent,1916,25.0,2407.6
St Vincent,1917,24.9,2407.6
St Vincent,1918,24.9,2407.6
St Vincent,1919,25.0,2407.6
St Vincent,1920,25.0,2407.6
St Vincent,1921,24.9,2408.7
St Vincent,1922,24.8,2406.6
St Vincent,1923,24.9,2407.8
St Vincent,1924,25.0,2406.0
St Vincent,1925,24.9,2406.2
St Vincent,1926,25.3,2406.3
St Vincent,1927,24.9,2407.8
St Vincent,1928,25.0,2406.7
St Vincent,1929,24.8,2407.2
St Vincent,1930,25.1,2407.0
St Vincent,1931,25.4,2406.6
St Vincent,1932,25.5,2481.1
St Vincent,1933,25.1,2732.2
St Vincent,1934,25.1,1683.0
St Vincent,1935,24.9,2186.4
St Vincent,1936,25.1,2658.6
St Vincent,1937,25.4,1741.3
St Vincent,1938,24.9,2522.5
St Vincent,1939,25.1,1851.6
St Vincent,1940,25.8,1737.3
St Vincent,1941,26.0,2224.6
St Vincent,1942,25.9,2611.4
St Vincent,1943,25.3,2024.0
St Vincent,1944,25.5,2308.5
St Vincent,1945,25.0,2189.4
St Vincent,1946,25.2,2091.2
St Vincent,1947,25.5,1781.1
St Vincent,1948,25.3,2800.2
St Vincent,1949,25.1,2282.8
St Vincent,1950,24.9,2483.9
St Vincent,1951,25.1,2971.1
St Vincent,1952,25.3,2403.6
St Vincent,1953,25.2,2415.9
St Vincent,1954,25.0,2618.8
St Vincent,1955,25.0,2764.3
St Vincent,1956,24.9,2852.4
St Vincent,1957,25.0,2267.3
St Vincent,1958,25.6,2805.2
St Vincent,1959,25.2,1990.9
St Vincent,1960,25.4,2203.2
St Vincent,1961,25.2,2287.1
St Vincent,1962,25.3,2237.5
St Vincent,1963,25.4,2341.3
St Vincent,1964,25.1,2237.4
St Vincent,1965,25.1,2129.5
St Vincent,1966,25.4,3095.8
St Vincent,1967,25.1,2488.2
St Vincent,1968,25.1,2179.4
St Vincent,1969,25.8,2662.2
St Vincent,1970,25.5,2944.9
St Vincent,1971,25.0,2237.7
St Vincent,1972,25.3,2396.8
St Vincent,1973,25.4,1854.3
St Vincent,1974,24.9,2145.0
St Vincent,1975,25.0,2327.0
St Vincent,1976,25.0,2184.3
St Vincent,1977,25.5,2078.2
St Vincent,1978,25.7,2234.0
St Vincent,1979,25.8,2675.2
St Vincent,1980,26.0,2535.5
St Vincent,1981,26.1,2878.4
St Vincent,1982,25.8,2610.6
St Vincent,1983,26.3,2283.4
St Vincent,1984,25.6,2672.3
St Vincent,1985,25.6,2502.8
St Vincent,1986,25.8,2480.0
St Vincent,1987,26.4,2336.3
St Vincent,1988,26.0,2751.2
St Vincent,1989,25.6,2257.7
St Vincent,1990,25.9,2425.3
St Vincent,1991,25.8,2388.3
St Vincent,1992,25.9,2599.0
St Vincent,1993,26.0,2451.4
St Vincent,1994,25.7,2383.6
St Vincent,1995,26.1,2561.0
St Vincent,1996,26.1,2756.3
St Vincent,1997,26.3,2159.4
St Vincent,1998,26.7,2998.4
St Vincent,1999,26.2,2496.7
St Vincent,2000,26.1,2554.5
St Vincent,2001,26.5,2087.7
St Vincent,2002,26.4,2199.5
St Vincent,2003,26.5,2385.6
St Vincent,2004,26.2,3170.7
St Vincent,2005,26.6,2952.2
St Vincent,2006,26.3,2456.4
St Vincent,2007,26.2,2300.0
St Vincent,2008,26.0,2567.8
St Vincent,2009,26.4,2161.1
St Vincent,2010,26.7,3044.2
St Vincent,2011,26.2,3151.3
St Vincent,2012,26.3,2504.6
St Vincent,2013,26.3,2386.1
St Vincent,2014,26.2,2225.7
St Vincent,2015,26.5,1805.3
St Vincent,2016,26.6,2643.5
St Vincent,2017,26.3,2769.4
St Vincent,2018,26.0,2424.2
St Vincent,2019,26.3,1924.9
St Vincent,2020,26.3,2374.4
St Vincent,2021,26.2,2250.8
St Vincent,2022,26.0,2601.0
St Vincent,2023,26.5,2524.0
St Vincent,2024,27.1,2476.7
Sudan,1901,27.6,223.0
Sudan,1902,27.0,242.7
Sudan,1903,26.7,215.9
Sudan,1904,26.9,227.1
Sudan,1905,26.9,241.3
Sudan,1906,27.3,252.1
Sudan,1907,26.9,251.6
Sudan,1908,27.0,245.6
Sudan,1909,27.3,263.7
Sudan,1910,26.7,253.0
Sudan,1911,26.8,239.6
Sudan,1912,26.7,241.7
Sudan,1913,26.4,191.8
Sudan,1914,27.2,252.9
Sudan,1915,27.4,242.6
Sudan,1916,26.6,264.6
Sudan,1917,26.6,238.8
Sudan,1918,26.9,235.5
Sudan,1919,27.6,206.0
Sudan,1920,26.2,320.1
Sudan,1921,26.8,256.1
Sudan,1922,26.7,331.5
Sudan,1923,26.8,323.7
Sudan,1924,27.3,280.4
Sudan,1925,27.0,232.1
Sudan,1926,27.1,231.7
Sudan,1927,27.4,266.3
Sudan,1928,27.9,263.5
Sudan,1929,26.9,321.9
Sudan,1930,26.9,286.6
Sudan,1931,27.4,272.3
Sudan,1932,27.2,273.0
Sudan,1933,27.7,281.2
Sudan,1934,27.2,311.4
Sudan,1935,27.3,278.4
Sudan,1936,27.7,284.9
Sudan,1937,27.5,275.7
Sudan,1938,27.4,298.0
Sudan,1939,27.7,299.4
Sudan,1940,27.7,241.1
Sudan,1941,27.1,240.0
Sudan,1942,27.0,266.9
Sudan,1943,26.2,257.8
Sudan,1944,26.5,259.8
Sudan,1945,26.3,278.0
Sudan,1946,26.4,334.1
Sudan,1947,26.7,259.1
Sudan,1948,26.2,242.6
Sudan,1949,26.0,233.4
Sudan,1950,26.4,327.6
Sudan,1951,26.2,263.8
Sudan,1952,26.8,268.9
Sudan,1953,26.3,320.6
Sudan,1954,26.5,294.2
Sudan,1955,26.7,266.8
Sudan,1956,26.3,312.6
Sudan,1957,26.5,272.4
Sudan,1958,27.0,278.9
Sudan,1959,26.2,279.6
Sudan,1960,27.0,225.0
Sudan,1961,25.9,292.9
Sudan,1962,26.8,296.0
Sudan,1963,27.0,268.5
Sudan,1964,26.0,299.2
Sudan,1965,26.5,262.3
Sudan,1966,27.0,242.2
Sudan,1967,26.0,261.1
Sudan,1968,26.4,254.4
Sudan,1969,27.4,215.5
Sudan,1970,26.6,235.8
Sudan,1971,26.3,224.6
Sudan,1972,26.7,227.6
Sudan,1973,27.2,195.8
Sudan,1974,26.9,248.9
Sudan,1975,27.0,238.4
Sudan,1976,27.5,227.5
Sudan,1977,26.8,232.2
Sudan,1978,27.1,274.6
Sudan,1979,27.8,238.4
Sudan,1980,27.7,241.1
Sudan,1981,27.5,231.1
Sudan,1982,27.2,188.1
Sudan,1983,27.1,179.7
Sudan,1984,27.9,127.0
Sudan,1985,27.8,209.8
Sudan,1986,27.4,201.8
Sudan,1987,27.6,182.3
Sudan,1988,27.2,290.9
Sudan,1989,26.8,222.5
Sudan,1990,27.7,153.9
Sudan,1991,27.4,229.9
Sudan,1992,26.7,231.6
Sudan,1993,27.6,234.0
Sudan,1994,27.2,288.7
Sudan,1995,27.2,247.2
Sudan,1996,27.7,212.6
Sudan,1997,27.7,227.3
Sudan,1998,27.9,278.3
Sudan,1999,27.9,301.9
Sudan,2000,27.7,235.9
Sudan,2001,27.8,226.7
Sudan,2002,28.0,218.6
Sudan,2003,28.0,267.4
Sudan,2004,28.1,195.8
Sudan,2005,28.3,253.2
Sudan,2006,28.0,258.5
Sudan,2007,27.9,306.7
Sudan,2008,28.2,229.3
Sudan,2009,28.6,193.8
Sudan,2010,29.2,254.3
Sudan,2011,27.9,220.1
Sudan,2012,28.1,268.2
Sudan,2013,28.5,249.0
Sudan,2014,28.2,288.9
Sudan,2015,28.4,226.1
Sudan,2016,28.7,274.8
Sudan,2017,28.2,237.8
Sudan,2018,28.2,308.3
Sudan,2019,28.1,304.1
Sudan,2020,27.5,283.0
Sudan,2021,28.2,260.9
Sudan,2022,27.5,310.8
Sudan,2023,27.8,235.1
Sudan,2024,27.7,234.6
Suriname,1901,27.0,2459.0
Suriname,1902,27.1,2841.6
Suriname,1903,27.1,2507.4
Suriname,1904,26.7,2577.0
Suriname,1905,26.8,2464.8
Suriname,1906,26.5,2296.5
Suriname,1907,26.4,3096.1
Suriname,1908,26.6,2566.4
Suriname,1909,26.9,2452.2
Suriname,1910,26.6,2434.1
Suriname,1911,25.7,2608.7
Suriname,1912,26.1,2051.5
Suriname,1913,25.9,2143.7
Suriname,1914,26.1,2406.0
Suriname,1915,26.3,2609.5
Suriname,1916,26.2,2588.1
Suriname,1917,26.2,2373.8
Suriname,1918,26.2,2656.5
Suriname,1919,26.3,2523.6
Suriname,1920,26.2,2032.0
Suriname,1921,26.2,2257.1
Suriname,1922,26.1,2496.9
Suriname,1923,26.1,2281.3
Suriname,1924,26.1,2097.8
Suriname,1925,26.2,1939.9
Suriname,1926,26.2,1969.4
Suriname,1927,26.0,2916.0
Suriname,1928,26.1,2597.6
Suriname,1929,26.0,2291.7
Suriname,1930,26.1,2220.6
Suriname,1931,26.2,2369.4
Suriname,1932,26.1,2547.9
Suriname,1933,26.0,2554.8
Suriname,1934,26.0,1836.5
Suriname,1935,26.2,2043.8
Suriname,1936,26.2,2572.8
Suriname,1937,26.2,2364.0
Suriname,1938,26.2,2884.7
Suriname,1939,26.2,2574.4
Suriname,1940,26.3,1962.9
Suriname,1941,26.6,2419.7
Suriname,1942,26.6,2282.7
Suriname,1943,26.3,2607.7
Suriname,1944,26.4,2316.5
Suriname,1945,26.4,2491.7
Suriname,1946,26.2,2447.6
Suriname,1947,26.5,2062.3
Suriname,1948,26.2,2788.8
Suriname,1949,26.2,2950.1
Suriname,1950,26.2,2374.9
Suriname,1951,26.1,2567.5
Suriname,1952,26.3,2247.2
Suriname,1953,26.1,2632.9
Suriname,1954,25.8,2889.0
Suriname,1955,25.8,2646.4
Suriname,1956,25.7,2743.1
Suriname,1957,26.1,1777.3
Suriname,1958,26.4,2283.7
Suriname,1959,26.0,2133.9
Suriname,1960,26.0,2367.6
Suriname,1961,26.0,1786.9
Suriname,1962,26.1,1933.8
Suriname,1963,26.2,2403.1
Suriname,1964,26.4,1622.1
Suriname,1965,26.2,1892.2
Suriname,1966,26.4,2201.6
Suriname,1967,26.0,2453.7
Suriname,1968,26.0,2715.2
Suriname,1969,26.5,2261.4
Suriname,1970,26.2,2908.1
Suriname,1971,25.8,2830.1
Suriname,1972,26.3,2644.9
Suriname,1973,26.4,2471.6
Suriname,1974,26.0,2260.5
Suriname,1975,26.1,2598.7
Suriname,1976,26.1,2900.2
Suriname,1977,26.4,2230.9
Suriname,1978,26.3,2342.7
Suriname,1979,26.6,2607.4
Suriname,1980,26.6,2186.8
Suriname,1981,26.4,2427.6
Suriname,1982,26.2,2216.8
Suriname,1983,26.4,2120.8
Suriname,1984,25.8,2497.4
Suriname,1985,26.0,2053.4
Suriname,1986,26.5,1951.0
Suriname,1987,26.8,2082.2
Suriname,1988,26.4,2174.8
Suriname,1989,26.0,2862.5
Suriname,1990,26.5,2948.9
Suriname,1991,26.2,2219.2
Suriname,1992,26.0,1994.4
Suriname,1993,26.1,2448.9
Suriname,1994,26.2,2454.5
Suriname,1995,26.7,1999.3
Suriname,1996,26.4,2736.0
Suriname,1997,26.8,2104.9
Suriname,1998,27.1,2025.3
Suriname,1999,26.5,2318.0
Suriname,2000,26.5,2682.8
Suriname,2001,26.6,1957.0
Suriname,2002,26.5,2274.8
Suriname,2003,26.9,1914.4
Suriname,2004,26.5,2226.0
Suriname,2005,26.8,2594.6
Suriname,2006,26.7,2329.1
Suriname,2007,26.6,2674.1
Suriname,2008,26.5,2494.5
Suriname,2009,26.6,2063.0
Suriname,2010,26.9,2302.1
Suriname,2011,26.5,2400.4
Suriname,2012,26.3,2273.2
Suriname,2013,26.4,2652.9
Suriname,2014,26.5,2116.9
Suriname,2015,27.0,2470.3
Suriname,2016,26.9,2213.2
Suriname,2017,26.8,2352.0
Suriname,2018,26.6,2388.8
Suriname,2019,26.8,1918.9
Suriname,2020,26.9,2075.3
Suriname,2021,26.7,2959.7
Suriname,2022,26.6,2823.5
Suriname,2023,27.1,2318.0
Suriname,2024,27.6,2008.5
Svalbard,1901,-8.4,359.3
Svalbard,1902,-8.7,359.3
Svalbard,1903,-8.4,359.3
Svalbard,1904,-8.5,359.3
Svalbard,1905,-8.4,359.3
Svalbard,1906,-8.5,359.3
Svalbard,1907,-8.3,359.3
Svalbard,1908,-8.4,359.3
Svalbard,1909,-8.5,359.3
Svalbard,1910,-8.4,359.3
Svalbard,1911,-8.3,359.3
Svalbard,1912,-11.7,359.3
Svalbard,1913,-8.9,359.3
Svalbard,1914,-10.0,359.3
Svalbard,1915,-10.9,359.3
Svalbard,1916,-10.9,359.3
Svalbard,1917,-13.0,359.3
Svalbard,1918,-9.0,359.3
Svalbard,1919,-9.5,359.3
Svalbard,1920,-7.1,358.3
Svalbard,1921,-8.6,357.8
Svalbard,1922,-7.0,357.8
Svalbard,1923,-7.3,350.4
Svalbard,1924,-7.1,359.5
Svalbard,1925,-7.6,349.8
Svalbard,1926,-8.7,349.3
Svalbard,1927,-8.9,366.7
Svalbard,1928,-8.4,367.5
Svalbard,1929,-9.2,358.1
Svalbard,1930,-6.9,355.9
Svalbard,1931,-6.8,356.9
Svalbard,1932,-8.0,359.8
Svalbard,1933,-6.6,369.2
Svalbard,1934,-6.2,372.5
Svalbard,1935,-7.3,365.2
Svalbard,1936,-7.6,357.3
Svalbard,1937,-5.9,358.4
Svalbard,1938,-5.4,367.2
Svalbard,1939,-7.2,361.3
Svalbard,1940,-8.1,363.8
Svalbard,1941,-8.9,362.4
Svalbard,1942,-8.5,359.3
Svalbard,1943,-8.1,359.3
Svalbard,1944,-7.2,359.3
Svalbard,1945,-7.8,346.0
Svalbard,1946,-7.6,290.1
Svalbard,1947,-7.8,304.4
Svalbard,1948,-9.0,329.2
Svalbard,1949,-7.6,351.4
Svalbard,1950,-6.6,347.1
Svalbard,1951,-8.7,340.4
Svalbard,1952,-8.3,339.0
Svalbard,1953,-6.9,330.0
Svalbard,1954,-6.0,325.7
Svalbard,1955,-8.5,345.9
Svalbard,1956,-7.1,317.3
Svalbard,1957,-6.7,351.1
Svalbard,1958,-7.9,364.3
Svalbard,1959,-7.0,375.5
Svalbard,1960,-7.6,362.3
Svalbard,1961,-7.8,368.9
Svalbard,1962,-9.2,326.2
Svalbard,1963,-10.1,331.6
Svalbard,1964,-8.0,357.6
Svalbard,1965,-8.7,327.3
Svalbard,1966,-9.9,371.1
Svalbard,1967,-8.8,397.5
Svalbard,1968,-10.5,303.6
Svalbard,1969,-8.7,326.5
Svalbard,1970,-8.8,296.6
Svalbard,1971,-9.0,299.3
Svalbard,1972,-6.1,454.4
Svalbard,1973,-8.6,369.4
Svalbard,1974,-6.2,395.7
Svalbard,1975,-8.7,385.7
Svalbard,1976,-7.0,382.0
Svalbard,1977,-8.6,363.9
Svalbard,1978,-9.3,360.8
Svalbard,1979,-9.1,354.4
Svalbard,1980,-8.8,332.3
Svalbard,1981,-8.9,367.0
Svalbard,1982,-8.4,360.4
Svalbard,1983,-8.3,434.5
Svalbard,1984,-5.6,382.8
Svalbard,1985,-7.5,409.5
Svalbard,1986,-8.4,328.3
Svalbard,1987,-8.9,310.2
Svalbard,1988,-10.0,312.9
Svalbard,1989,-8.1,420.1
Svalbard,1990,-6.2,335.2
Svalbard,1991,-7.1,364.6
Svalbard,1992,-7.2,372.6
Svalbard,1993,-8.0,407.3
Svalbard,1994,-7.8,343.7
Svalbard,1995,-7.7,332.6
Svalbard,1996,-7.2,386.2
Svalbard,1997,-7.9,355.4
Svalbard,1998,-8.1,364.6
Svalbard,1999,-6.4,295.9
Svalbard,2000,-6.2,354.9
Svalbard,2001,-6.9,337.2
Svalbard,2002,-6.5,316.0
Svalbard,2003,-7.7,369.1
Svalbard,2004,-6.3,354.8
Svalbard,2005,-5.3,351.6
Svalbard,2006,-5.2,353.7
Svalbard,2007,-5.3,361.2
Svalbard,2008,-6.1,365.5
Svalbard,2009,-6.0,370.0
Svalbard,2010,-6.3,362.2
Svalbard,2011,-5.0,376.4
Svalbard,2012,-4.4,372.8
Svalbard,2013,-5.6,365.5
Svalbard,2014,-5.4,364.4
Svalbard,2015,-4.5,361.6
Svalbard,2016,-3.1,363.4
Svalbard,2017,-4.9,366.2
Svalbard,2018,-4.6,368.6
Svalbard,2019,-5.8,373.7
Svalbard,2020,-5.3,372.9
Svalbard,2021,-5.3,364.0
Svalbard,2022,-5.0,369.7
Svalbard,2023,-5.0,358.2
Svalbard,2024,-5.2,373.3
Swan Isl,1901,26.8,2008.0
Swan Isl,1902,27.3,2008.0
Swan Isl,1903,27.3,2008.0
Swan Isl,1904,27.0,2008.0
Swan Isl,1905,27.4,2008.0
Swan Isl,1906,27.0,2008.0
Swan Isl,1907,27.2,2008.0
Swan Isl,1908,27.1,2008.0
Swan Isl,1909,27.2,2008.0
Swan Isl,1910,26.5,2008.0
Swan Isl,1911,27.3,2008.0
Swan Isl,1912,27.4,2008.0
Swan Isl,1913,27.1,2008.0
Swan Isl,1914,27.1,2008.0
Swan Isl,1915,27.1,2008.0
Swan Isl,1916,27.1,2008.0
Swan Isl,1917,27.0,2008.0
Swan Isl,1918,27.3,2008.0
Swan Isl,1919,27.3,2008.0
Swan Isl,1920,27.2,2008.0
Swan Isl,1921,27.3,2008.0
Swan Isl,1922,27.5,2008.0
Swan Isl,1923,27.4,2008.0
Swan Isl,1924,27.3,2008.0
Swan Isl,1925,27.4,2008.0
Swan Isl,1926,27.3,2008.0
Swan Isl,1927,27.2,2008.0
Swan Isl,1928,27.1,2008.0
Swan Isl,1929,27.4,2008.0
Swan Isl,1930,27.1,2008.0
Swan Isl,1931,27.0,2008.0
Swan Isl,1932,27.4,2008.0
Swan Isl,1933,27.4,2008.0
Swan Isl,1934,27.2,2008.0
Swan Isl,1935,27.2,2008.0
Swan Isl,1936,27.4,2008.0
Swan Isl,1937,27.4,2008.0
Swan Isl,1938,27.2,2008.0
Swan Isl,1939,27.3,2008.0
Swan Isl,1940,26.9,2008.0
Swan Isl,1941,27.4,2008.0
Swan Isl,1942,27.2,2008.0
Swan Isl,1943,27.1,2008.0
Swan Isl,1944,27.3,2008.0
Swan Isl,1945,27.4,2008.0
Swan Isl,1946,27.6,2008.0
Swan Isl,1947,27.5,2008.0
Swan Isl,1948,27.7,2008.0
Swan Isl,1949,27.6,2008.0
Swan Isl,1950,27.1,2008.0
Swan Isl,1951,27.4,1957.0
Swan Isl,1952,27.6,1988.2
Swan Isl,1953,27.4,1976.8
Swan Isl,1954,26.9,2062.7
Swan Isl,1955,27.3,1954.5
Swan Isl,1956,27.0,1978.3
Swan Isl,1957,27.6,1971.2
Swan Isl,1958,27.6,2023.2
Swan Isl,1959,27.6,1975.7
Swan Isl,1960,27.2,1990.6
Swan Isl,1961,27.5,1990.2
Swan Isl,1962,27.1,2009.2
Swan Isl,1963,27.3,1990.8
Swan Isl,1964,27.6,1992.3
Swan Isl,1965,27.4,1965.4
Swan Isl,1966,27.1,1940.1
Swan Isl,1967,26.9,1680.9
Swan Isl,1968,26.6,2073.4
Swan Isl,1969,27.0,2030.0
Swan Isl,1970,26.8,2036.8
Swan Isl,1971,26.9,1605.3
Swan Isl,1972,27.3,1646.8
Swan Isl,1973,27.3,1566.0
Swan Isl,1974,27.0,1543.5
Swan Isl,1975,27.4,1478.2
Swan Isl,1976,27.1,1656.1
Swan Isl,1977,27.4,1872.1
Swan Isl,1978,27.4,2667.6
Swan Isl,1979,27.6,2680.2
Swan Isl,1980,27.7,2522.4
Swan Isl,1981,27.4,2920.1
Swan Isl,1982,27.8,2967.0
Swan Isl,1983,27.7,2225.0
Swan Isl,1984,27.2,2322.9
Swan Isl,1985,27.4,1803.2
Swan Isl,1986,27.3,1886.0
Swan Isl,1987,27.6,1663.4
Swan Isl,1988,27.5,1931.5
Swan Isl,1989,27.5,1675.0
Swan Isl,1990,27.6,2089.3
Swan Isl,1991,27.6,1904.3
Swan Isl,1992,27.3,1961.1
Swan Isl,1993,27.6,2008.0
Swan Isl,1994,27.7,2008.0
Swan Isl,1995,27.8,2008.0
Swan Isl,1996,27.3,2008.0
Swan Isl,1997,27.9,2008.0
Swan Isl,1998,28.0,2008.0
Swan Isl,1999,27.5,2008.0
Swan Isl,2000,27.5,2008.0
Swan Isl,2001,27.8,2008.0
Swan Isl,2002,28.0,2008.0
Swan Isl,2003,27.9,2008.0
Swan Isl,2004,27.8,2008.0
Swan Isl,2005,27.7,2008.0
Swan Isl,2006,27.8,2008.0
Swan Isl,2007,27.9,2008.0
Swan Isl,2008,27.7,2008.0
Swan Isl,2009,27.9,2008.0
Swan Isl,2010,27.5,2008.0
Swan Isl,2011,27.7,2008.0
Swan Isl,2012,27.8,2008.0
Swan Isl,2013,27.9,2008.0
Swan Isl,2014,27.8,2008.0
Swan Isl,2015,28.1,2008.0
Swan Isl,2016,28.1,2008.0
Swan Isl,2017,28.0,2008.0
Swan Isl,2018,27.7,2008.0
Swan Isl,2019,28.1,2008.0
Swan Isl,2020,28.2,2008.0
Swan Isl,2021,28.1,2008.0
Swan Isl,2022,27.8,2008.0
Swan Isl,2023,28.4,2008.0
Swan Isl,2024,28.2,2008.0
Swaziland,1901,20.9,1346.1
Swaziland,1902,20.9,446.5
Swaziland,1903,21.0,451.0
Swaziland,1904,20.7,653.4
Swaziland,1905,20.9,688.9
Swaziland,1906,20.5,729.3
Swaziland,1907,20.3,878.0
Swaziland,1908,20.7,575.0
Swaziland,1909,20.6,1081.7
Swaziland,1910,20.1,945.2
Swaziland,1911,20.4,728.4
Swaziland,1912,20.9,561.1
Swaziland,1913,21.1,870.7
Swaziland,1914,21.3,760.0
Swaziland,1915,20.9,1071.6
Swaziland,1916,20.9,472.0
Swaziland,1917,20.4,1069.0
Swaziland,1918,20.5,1219.3
Swaziland,1919,20.8,657.3
Swaziland,1920,20.9,1024.8
Swaziland,1921,20.5,849.2
Swaziland,1922,21.2,696.2
Swaziland,1923,21.2,832.9
Swaziland,1924,20.5,844.2
Swaziland,1925,20.8,905.8
Swaziland,1926,21.0,597.4
Swaziland,1927,21.1,623.6
Swaziland,1928,21.0,662.6
Swaziland,1929,20.9,758.3
Swaziland,1930,20.6,673.6
Swaziland,1931,21.4,557.8
Swaziland,1932,21.4,750.6
Swaziland,1933,21.2,690.9
Swaziland,1934,21.4,814.4
Swaziland,1935,20.5,449.5
Swaziland,1936,20.9,1070.2
Swaziland,1937,21.2,954.5
Swaziland,1938,21.3,953.0
Swaziland,1939,20.8,1077.2
Swaziland,1940,21.5,870.3
Swaziland,1941,22.0,541.7
Swaziland,1942,21.5,966.9
Swaziland,1943,20.8,918.3
Swaziland,1944,21.6,757.3
Swaziland,1945,21.2,575.4
Swaziland,1946,21.6,812.1
Swaziland,1947,21.6,895.1
Swaziland,1948,21.3,617.3
Swaziland,1949,21.4,996.6
Swaziland,1950,21.5,749.1
Swaziland,1951,20.9,673.3
Swaziland,1952,21.4,700.8
Swaziland,1953,20.9,709.8
Swaziland,1954,21.0,864.3
Swaziland,1955,20.5,1057.1
Swaziland,1956,21.2,793.2
Swaziland,1957,21.7,856.5
Swaziland,1958,21.6,871.5
Swaziland,1959,21.3,661.2
Swaziland,1960,21.0,876.6
Swaziland,1961,21.3,702.4
Swaziland,1962,21.5,653.6
Swaziland,1963,21.0,688.1
Swaziland,1964,21.0,619.8
Swaziland,1965,21.0,526.4
Swaziland,1966,21.3,883.4
Swaziland,1967,20.9,830.3
Swaziland,1968,20.8,696.0
Swaziland,1969,21.5,987.4
Swaziland,1970,21.6,507.4
Swaziland,1971,21.1,822.2
Swaziland,1972,21.2,992.3
Swaziland,1973,21.3,907.4
Swaziland,1974,21.2,703.0
Swaziland,1975,21.0,1015.9
Swaziland,1976,21.0,944.4
Swaziland,1977,21.7,960.3
Swaziland,1978,21.5,1004.6
Swaziland,1979,21.7,609.7
Swaziland,1980,21.3,770.9
Swaziland,1981,21.0,1016.9
Swaziland,1982,21.6,527.5
Swaziland,1983,22.2,754.7
Swaziland,1984,21.7,1031.2
Swaziland,1985,22.0,778.9
Swaziland,1986,21.8,638.0
Swaziland,1987,22.0,787.7
Swaziland,1988,21.7,817.5
Swaziland,1989,21.6,830.4
Swaziland,1990,21.7,660.8
Swaziland,1991,21.8,695.1
Swaziland,1992,22.6,475.8
Swaziland,1993,22.3,754.2
Swaziland,1994,21.4,599.1
Swaziland,1995,21.9,723.8
Swaziland,1996,21.5,863.8
Swaziland,1997,21.6,910.1
Swaziland,1998,22.3,893.7
Swaziland,1999,22.1,940.7
Swaziland,2000,21.2,1440.8
Swaziland,2001,21.6,873.9
Swaziland,2002,21.8,560.3
Swaziland,2003,22.1,701.2
Swaziland,2004,22.2,822.5
Swaziland,2005,22.6,688.8
Swaziland,2006,21.9,806.6
Swaziland,2007,22.1,681.1
Swaziland,2008,22.1,745.1
Swaziland,2009,22.0,800.0
Swaziland,2010,22.4,660.3
Swaziland,2011,21.9,773.1
Swaziland,2012,22.3,903.0
Swaziland,2013,22.2,707.7
Swaziland,2014,22.2,725.3
Swaziland,2015,22.8,582.8
Swaziland,2016,22.8,631.2
Swaziland,2017,22.3,862.9
Swaziland,2018,22.7,749.8
Swaziland,2019,23.1,698.5
Swaziland,2020,22.3,682.2
Swaziland,2021,22.0,929.9
Swaziland,2022,22.4,760.5
Swaziland,2023,22.5,1000.1
Swaziland,2024,22.9,718.1
Sweden,1901,2.4,443.7
Sweden,1902,0.4,523.1
Sweden,1903,2.3,600.8
Sweden,1904,1.5,515.5
Sweden,1905,2.1,528.4
Sweden,1906,2.6,521.4
Sweden,1907,2.0,587.6
Sweden,1908,2.2,480.3
Sweden,1909,1.5,609.8
Sweden,1910,2.9,575.4
Sweden,1911,2.9,513.3
Sweden,1912,1.7,641.6
Sweden,1913,2.7,518.6
Sweden,1914,3.1,480.3
Sweden,1915,0.4,546.9
Sweden,1916,1.9,617.6
Sweden,1917,1.2,511.2
Sweden,1918,2.4,532.3
Sweden,1919,1.4,555.4
Sweden,1920,3.3,575.0
Sweden,1921,2.7,608.7
Sweden,1922,1.4,538.4
Sweden,1923,1.5,608.3
Sweden,1924,2.2,616.0
Sweden,1925,2.6,580.4
Sweden,1926,1.8,574.6
Sweden,1927,1.8,679.4
Sweden,1928,1.8,616.5
Sweden,1929,2.0,625.4
Sweden,1930,3.6,588.5
Sweden,1931,1.7,600.0
Sweden,1932,3.1,579.0
Sweden,1933,2.7,467.6
Sweden,1934,4.2,649.0
Sweden,1935,2.8,694.7
Sweden,1936,2.9,583.3
Sweden,1937,3.3,578.7
Sweden,1938,4.2,625.6
Sweden,1939,2.9,542.1
Sweden,1940,1.0,559.5
Sweden,1941,0.7,506.1
Sweden,1942,0.6,535.3
Sweden,1943,3.6,572.3
Sweden,1944,3.0,671.0
Sweden,1945,2.7,637.5
Sweden,1946,2.7,603.8
Sweden,1947,1.9,459.3
Sweden,1948,3.0,569.4
Sweden,1949,3.8,619.8
Sweden,1950,2.8,641.4
Sweden,1951,2.4,563.3
Sweden,1952,1.5,611.1
Sweden,1953,3.7,600.8
Sweden,1954,2.4,651.4
Sweden,1955,1.3,511.8
Sweden,1956,1.0,515.0
Sweden,1957,2.5,634.3
Sweden,1958,1.6,580.3
Sweden,1959,3.5,523.3
Sweden,1960,2.3,687.9
Sweden,1961,3.4,650.0
Sweden,1962,1.5,591.9
Sweden,1963,2.0,559.7
Sweden,1964,2.6,568.2
Sweden,1965,1.6,602.9
Sweden,1966,1.0,646.3
Sweden,1967,2.7,684.1
Sweden,1968,1.7,560.9
Sweden,1969,1.7,512.9
Sweden,1970,1.5,582.8
Sweden,1971,2.3,561.7
Sweden,1972,3.1,557.7
Sweden,1973,2.7,585.3
Sweden,1974,3.5,648.4
Sweden,1975,3.8,540.6
Sweden,1976,1.8,475.7
Sweden,1977,2.0,650.7
Sweden,1978,1.4,541.8
Sweden,1979,1.6,649.4
Sweden,1980,1.6,589.9
Sweden,1981,1.5,671.2
Sweden,1982,2.6,578.4
Sweden,1983,2.9,647.5
Sweden,1984,2.9,638.7
Sweden,1985,0.4,693.8
Sweden,1986,1.8,621.0
Sweden,1987,0.9,653.5
Sweden,1988,2.8,653.6
Sweden,1989,4.1,585.5
Sweden,1990,4.1,656.0
Sweden,1991,3.1,588.2
Sweden,1992,3.6,656.6
Sweden,1993,2.6,650.4
Sweden,1994,2.7,565.8
Sweden,1995,2.8,620.4
Sweden,1996,2.0,561.8
Sweden,1997,3.3,576.2
Sweden,1998,2.5,755.8
Sweden,1999,3.3,670.5
Sweden,2000,4.1,801.6
Sweden,2001,2.8,699.6
Sweden,2002,3.4,577.9
Sweden,2003,3.3,566.6
Sweden,2004,3.3,638.0
Sweden,2005,3.6,622.4
Sweden,2006,3.9,635.1
Sweden,2007,3.8,671.4
Sweden,2008,4.0,683.3
Sweden,2009,3.3,646.6
Sweden,2010,1.4,633.1
Sweden,2011,4.1,665.5
Sweden,2012,2.7,724.2
Sweden,2013,3.5,573.9
Sweden,2014,4.3,619.9
Sweden,2015,4.1,674.6
Sweden,2016,3.7,614.9
Sweden,2017,3.3,665.2
Sweden,2018,3.9,527.6
Sweden,2019,3.7,667.6
Sweden,2020,4.8,654.7
Sweden,2021,3.2,598.1
Sweden,2022,4.0,594.2
Sweden,2023,3.5,689.1
Sweden,2024,4.3,676.1
Switzerland,1901,4.8,1231.3
Switzerland,1902,5.0,1150.9
Switzerland,1903,5.3,1109.0
Switzerland,1904,5.8,1055.9
Switzerland,1905,5.1,1281.3
Switzerland,1906,5.2,1020.9
Switzerland,1907,5.1,1046.0
Switzerland,1908,4.8,1079.4
Switzerland,1909,4.5,1145.8
Switzerland,1910,5.2,1488.3
Switzerland,1911,6.1,959.2
Switzerland,1912,5.1,1260.7
Switzerland,1913,5.6,1164.4
Switzerland,1914,5.3,1319.4
Switzerland,1915,5.2,1212.1
Switzerland,1916,5.6,1442.9
Switzerland,1917,4.7,1160.5
Switzerland,1918,5.6,1139.8
Switzerland,1919,4.8,1175.4
Switzerland,1920,6.2,1019.1
Switzerland,1921,6.3,819.3
Switzerland,1922,4.8,1502.5
Switzerland,1923,5.7,1182.7
Switzerland,1924,5.0,1123.9
Switzerland,1925,5.3,1098.0
Switzerland,1926,6.0,1205.1
Switzerland,1927,5.7,1298.0
Switzerland,1928,6.2,1206.4
Switzerland,1929,5.2,959.1
Switzerland,1930,6.1,1334.7
Switzerland,1931,4.8,1233.7
Switzerland,1932,5.5,1106.4
Switzerland,1933,4.9,1081.1
Switzerland,1934,6.4,1064.1
Switzerland,1935,5.5,1318.9
Switzerland,1936,5.7,1251.5
Switzerland,1937,6.0,1228.0
Switzerland,1938,5.6,1093.7
Switzerland,1939,5.4,1448.2
Switzerland,1940,4.5,1365.5
Switzerland,1941,4.7,1105.7
Switzerland,1942,5.3,1043.0
Switzerland,1943,6.5,918.1
Switzerland,1944,5.3,1251.9
Switzerland,1945,6.3,1085.3
Switzerland,1946,6.0,1113.3
Switzerland,1947,6.6,992.6
Switzerland,1948,6.3,1130.9
Switzerland,1949,6.6,855.8
Switzerland,1950,6.4,1199.6
Switzerland,1951,6.1,1235.2
Switzerland,1952,5.7,1323.7
Switzerland,1953,6.1,893.3
Switzerland,1954,5.2,1306.0
Switzerland,1955,5.3,1211.4
Switzerland,1956,4.6,1213.1
Switzerland,1957,5.9,1131.3
Switzerland,1958,5.9,1311.9
Switzerland,1959,6.5,1034.4
Switzerland,1960,5.8,1396.1
Switzerland,1961,6.7,1069.2
Switzerland,1962,4.9,995.4
Switzerland,1963,4.8,1185.0
Switzerland,1964,5.9,1026.8
Switzerland,1965,4.9,1471.3
Switzerland,1966,6.0,1341.4
Switzerland,1967,6.1,1117.2
Switzerland,1968,5.5,1316.9
Switzerland,1969,5.3,1092.4
Switzerland,1970,5.3,1340.1
Switzerland,1971,5.7,981.7
Switzerland,1972,5.3,1021.6
Switzerland,1973,5.4,1148.3
Switzerland,1974,6.1,1220.6
Switzerland,1975,6.0,1173.9
Switzerland,1976,5.8,1022.9
Switzerland,1977,6.1,1346.8
Switzerland,1978,5.2,1214.5
Switzerland,1979,5.7,1365.0
Switzerland,1980,5.0,1177.1
Switzerland,1981,5.7,1440.8
Switzerland,1982,6.4,1254.4
Switzerland,1983,6.5,1161.8
Switzerland,1984,5.4,1162.8
Switzerland,1985,5.3,1086.9
Switzerland,1986,5.7,1265.4
Switzerland,1987,5.5,1288.3
Switzerland,1988,6.5,1314.8
Switzerland,1989,6.9,1005.5
Switzerland,1990,6.9,1239.6
Switzerland,1991,6.0,1045.4
Switzerland,1992,6.8,1219.2
Switzerland,1993,6.2,1240.6
Switzerland,1994,7.5,1269.7
Switzerland,1995,6.4,1347.8
Switzerland,1996,5.4,1182.0
Switzerland,1997,6.8,1092.6
Switzerland,1998,6.6,1150.1
Switzerland,1999,6.7,1502.3
Switzerland,2000,7.4,1286.2
Switzerland,2001,6.6,1375.9
Switzerland,2002,7.2,1449.1
Switzerland,2003,7.0,921.7
Switzerland,2004,6.5,1110.2
Switzerland,2005,6.3,1036.2
Switzerland,2006,7.0,1226.2
Switzerland,2007,7.1,1292.7
Switzerland,2008,6.8,1249.1
Switzerland,2009,6.9,1147.3
Switzerland,2010,5.8,1189.5
Switzerland,2011,7.5,1049.7
Switzerland,2012,6.9,1306.1
Switzerland,2013,6.4,1256.6
Switzerland,2014,7.8,1196.2
Switzerland,2015,7.7,992.1
Switzerland,2016,7.1,1290.4
Switzerland,2017,7.2,1238.4
Switzerland,2018,8.0,985.1
Switzerland,2019,7.7,1230.9
Switzerland,2020,8.1,1069.3
Switzerland,2021,6.7,1277.2
Switzerland,2022,8.4,1035.3
Switzerland,2023,8.4,1270.4
Switzerland,2024,8.3,1329.8
Syria,1901,17.9,231.1
Syria,1902,17.5,374.6
Syria,1903,16.7,269.3
Syria,1904,17.0,374.5
Syria,1905,17.2,315.7
Syria,1906,17.3,377.5
Syria,1907,16.8,370.1
Syria,1908,16.8,364.8
Syria,1909,17.8,352.1
Syria,1910,17.2,343.9
Syria,1911,16.5,441.8
Syria,1912,17.4,363.0
Syria,1913,17.0,374.9
Syria,1914,17.6,367.2
Syria,1915,18.0,302.2
Syria,1916,18.2,361.3
Syria,1917,18.0,339.0
Syria,1918,17.9,393.7
Syria,1919,18.1,348.8
Syria,1920,17.3,338.0
Syria,1921,17.0,358.5
Syria,1922,18.1,335.1
Syria,1923,18.1,336.2
Syria,1924,18.1,364.3
Syria,1925,18.0,292.9
Syria,1926,17.9,365.0
Syria,1927,18.0,318.3
Syria,1928,17.8,334.4
Syria,1929,17.5,295.7
Syria,1930,18.5,266.8
Syria,1931,17.7,336.5
Syria,1932,17.8,232.1
Syria,1933,16.8,251.5
Syria,1934,17.6,315.3
Syria,1935,18.4,404.4
Syria,1936,18.0,317.6
Syria,1937,18.4,274.6
Syria,1938,17.7,377.5
Syria,1939,18.2,349.6
Syria,1940,18.2,393.9
Syria,1941,18.0,311.4
Syria,1942,17.8,380.8
Syria,1943,17.5,346.1
Syria,1944,17.8,408.0
Syria,1945,17.3,301.1
Syria,1946,17.8,325.8
Syria,1947,18.6,287.0
Syria,1948,17.1,392.9
Syria,1949,17.0,336.4
Syria,1950,17.3,354.3
Syria,1951,18.2,352.3
Syria,1952,18.5,335.9
Syria,1953,17.4,452.0
Syria,1954,18.3,452.9
Syria,1955,19.1,280.5
Syria,1956,17.6,298.6
Syria,1957,17.9,357.8
Syria,1958,18.3,232.4
Syria,1959,17.3,247.7
Syria,1960,18.9,214.8
Syria,1961,17.9,341.5
Syria,1962,19.2,270.6
Syria,1963,18.3,450.9
Syria,1964,17.3,309.7
Syria,1965,17.8,358.8
Syria,1966,19.0,302.0
Syria,1967,16.8,456.7
Syria,1968,17.9,435.7
Syria,1969,18.1,423.2
Syria,1970,18.4,237.7
Syria,1971,17.7,364.6
Syria,1972,17.0,324.6
Syria,1973,17.6,212.4
Syria,1974,17.6,394.3
Syria,1975,17.5,334.2
Syria,1976,17.2,409.4
Syria,1977,17.9,312.8
Syria,1978,18.1,302.1
Syria,1979,18.6,335.8
Syria,1980,17.7,366.8
Syria,1981,18.2,386.3
Syria,1982,17.1,331.3
Syria,1983,17.3,324.5
Syria,1984,17.8,289.3
Syria,1985,18.0,286.8
Syria,1986,18.2,319.8
Syria,1987,18.0,379.2
Syria,1988,17.6,484.5
Syria,1989,18.2,187.9
Syria,1990,18.2,215.2
Syria,1991,18.1,354.7
Syria,1992,16.6,365.0
Syria,1993,17.7,311.5
Syria,1994,18.8,409.3
Syria,1995,18.2,242.7
Syria,1996,18.7,398.2
Syria,1997,17.7,330.8
Syria,1998,19.1,282.4
Syria,1999,19.1,204.2
Syria,2000,18.4,312.2
Syria,2001,19.2,357.1
Syria,2002,18.5,327.5
Syria,2003,18.6,393.8
Syria,2004,18.5,319.6
Syria,2005,18.5,272.9
Syria,2006,18.4,311.4
Syria,2007,18.7,277.8
Syria,2008,18.8,197.9
Syria,2009,18.7,319.8
Syria,2010,20.3,242.2
Syria,2011,18.2,326.1
Syria,2012,19.0,394.2
Syria,2013,18.8,296.5
Syria,2014,19.4,281.6
Syria,2015,19.1,305.3
Syria,2016,19.2,323.5
Syria,2017,19.1,217.3
Syria,2018,20.0,404.0
Syria,2019,19.3,413.5
Syria,2020,19.4,350.0
Syria,2021,19.7,250.9
Syria,2022,19.2,296.7
Syria,2023,19.8,316.6
Syria,2024,19.8,315.1
Tajikistan,1901,1.6,571.3
Tajikistan,1902,2.2,808.0
Tajikistan,1903,0.8,683.8
Tajikistan,1904,1.4,609.1
Tajikistan,1905,1.0,584.0
Tajikistan,1906,1.7,603.8
Tajikistan,1907,0.9,658.5
Tajikistan,1908,1.6,703.4
Tajikistan,1909,2.3,498.4
Tajikistan,1910,1.6,659.7
Tajikistan,1911,1.2,607.7
Tajikistan,1912,1.9,580.6
Tajikistan,1913,1.8,565.3
Tajikistan,1914,2.6,602.1
Tajikistan,1915,3.3,430.5
Tajikistan,1916,1.4,382.9
Tajikistan,1917,2.6,197.5
Tajikistan,1918,1.1,557.7
Tajikistan,1919,1.2,524.6
Tajikistan,1920,0.3,772.6
Tajikistan,1921,1.2,791.7
Tajikistan,1922,2.2,652.5
Tajikistan,1923,1.1,702.5
Tajikistan,1924,1.5,714.0
Tajikistan,1925,2.1,436.0
Tajikistan,1926,1.9,505.9
Tajikistan,1927,1.8,485.1
Tajikistan,1928,0.9,753.5
Tajikistan,1929,0.7,579.4
Tajikistan,1930,0.8,583.8
Tajikistan,1931,0.8,767.6
Tajikistan,1932,1.1,625.9
Tajikistan,1933,1.4,615.5
Tajikistan,1934,0.3,615.0
Tajikistan,1935,0.9,641.9
Tajikistan,1936,1.6,478.8
Tajikistan,1937,0.7,547.7
Tajikistan,1938,1.8,552.2
Tajikistan,1939,2.0,480.4
Tajikistan,1940,2.6,526.4
Tajikistan,1941,3.0,640.4
Tajikistan,1942,1.9,730.1
Tajikistan,1943,1.1,632.2
Tajikistan,1944,2.2,514.2
Tajikistan,1945,1.1,659.2
Tajikistan,1946,1.7,466.6
Tajikistan,1947,2.3,484.6
Tajikistan,1948,1.6,637.9
Tajikistan,1949,0.4,708.4
Tajikistan,1950,0.5,469.0
Tajikistan,1951,1.1,656.7
Tajikistan,1952,1.5,654.3
Tajikistan,1953,1.6,972.3
Tajikistan,1954,0.6,671.7
Tajikistan,1955,2.3,613.2
Tajikistan,1956,1.8,523.2
Tajikistan,1957,0.5,703.6
Tajikistan,1958,1.9,792.4
Tajikistan,1959,1.3,629.6
Tajikistan,1960,1.2,656.0
Tajikistan,1961,2.1,492.9
Tajikistan,1962,1.7,600.6
Tajikistan,1963,2.5,587.0
Tajikistan,1964,0.8,675.1
Tajikistan,1965,2.0,676.1
Tajikistan,1966,2.3,745.7
Tajikistan,1967,1.6,633.3
Tajikistan,1968,1.7,701.6
Tajikistan,1969,0.4,989.7
Tajikistan,1970,2.2,560.2
Tajikistan,1971,2.6,416.3
Tajikistan,1972,0.2,722.1
Tajikistan,1973,2.0,595.5
Tajikistan,1974,1.0,613.6
Tajikistan,1975,1.7,549.8
Tajikistan,1976,1.5,643.4
Tajikistan,1977,2.3,688.1
Tajikistan,1978,2.0,617.8
Tajikistan,1979,2.2,587.9
Tajikistan,1980,2.4,638.8
Tajikistan,1981,2.4,747.4
Tajikistan,1982,1.5,628.9
Tajikistan,1983,2.6,519.5
Tajikistan,1984,1.3,654.7
Tajikistan,1985,2.1,610.8
Tajikistan,1986,2.2,608.0
Tajikistan,1987,2.2,869.3
Tajikistan,1988,2.8,663.6
Tajikistan,1989,1.7,580.0
Tajikistan,1990,2.5,650.4
Tajikistan,1991,2.0,799.9
Tajikistan,1992,1.9,667.4
Tajikistan,1993,1.3,850.5
Tajikistan,1994,1.9,629.1
Tajikistan,1995,2.6,510.4
Tajikistan,1996,1.7,630.8
Tajikistan,1997,2.7,582.2
Tajikistan,1998,2.4,921.9
Tajikistan,1999,3.0,776.8
Tajikistan,2000,3.0,573.2
Tajikistan,2001,3.2,588.7
Tajikistan,2002,3.0,775.8
Tajikistan,2003,2.4,873.5
Tajikistan,2004,3.4,775.0
Tajikistan,2005,2.9,683.1
Tajikistan,2006,3.1,655.1
Tajikistan,2007,3.1,624.4
Tajikistan,2008,2.6,564.7
Tajikistan,2009,2.9,737.9
Tajikistan,2010,3.4,740.1
Tajikistan,2011,2.6,676.4
Tajikistan,2012,2.2,674.4
Tajikistan,2013,3.4,671.9
Tajikistan,2014,2.2,646.2
Tajikistan,2015,3.3,764.3
Tajikistan,2016,3.7,765.7
Tajikistan,2017,3.0,664.0
Tajikistan,2018,3.1,585.2
Tajikistan,2019,3.5,713.4
Tajikistan,2020,2.6,681.8
Tajikistan,2021,3.7,522.8
Tajikistan,2022,4.0,752.4
Tajikistan,2023,4.4,496.3
Tajikistan,2024,3.7,816.6
Tanzania,1901,22.3,905.4
Tanzania,1902,22.6,914.1
Tanzania,1903,22.4,1072.9
Tanzania,1904,22.2,1111.8
Tanzania,1905,22.2,1060.3
Tanzania,1906,21.8,1147.3
Tanzania,1907,21.9,888.3
Tanzania,1908,22.3,968.7
Tanzania,1909,21.7,804.6
Tanzania,1910,21.6,873.0
Tanzania,1911,21.9,920.8
Tanzania,1912,21.8,1000.8
Tanzania,1913,21.8,1005.6
Tanzania,1914,22.0,938.8
Tanzania,1915,21.9,980.6
Tanzania,1916,21.7,1012.7
Tanzania,1917,21.5,1010.4
Tanzania,1918,21.7,818.4
Tanzania,1919,21.8,948.8
Tanzania,1920,21.8,935.3
Tanzania,1921,22.4,846.1
Tanzania,1922,22.3,895.4
Tanzania,1923,22.3,1056.1
Tanzania,1924,22.4,803.4
Tanzania,1925,22.4,1037.5
Tanzania,1926,22.5,928.9
Tanzania,1927,22.4,966.0
Tanzania,1928,22.6,898.6
Tanzania,1929,21.6,844.3
Tanzania,1930,21.7,1146.0
Tanzania,1931,22.2,1047.8
Tanzania,1932,22.0,988.1
Tanzania,1933,21.9,897.9
Tanzania,1934,21.9,935.9
Tanzania,1935,22.1,1002.1
Tanzania,1936,22.0,1176.0
Tanzania,1937,21.9,1065.9
Tanzania,1938,22.1,882.4
Tanzania,1939,22.1,876.0
Tanzania,1940,22.4,1053.5
Tanzania,1941,22.5,1094.1
Tanzania,1942,22.3,1030.6
Tanzania,1943,22.2,821.3
Tanzania,1944,22.3,1070.1
Tanzania,1945,22.3,981.5
Tanzania,1946,22.3,831.8
Tanzania,1947,22.2,1127.0
Tanzania,1948,22.4,901.9
Tanzania,1949,22.7,725.9
Tanzania,1950,22.0,996.7
Tanzania,1951,22.3,1220.4
Tanzania,1952,22.6,889.6
Tanzania,1953,22.7,887.3
Tanzania,1954,22.5,843.8
Tanzania,1955,22.4,962.2
Tanzania,1956,22.1,990.4
Tanzania,1957,22.5,1108.6
Tanzania,1958,22.7,898.1
Tanzania,1959,22.6,906.1
Tanzania,1960,22.4,937.1
Tanzania,1961,22.6,1250.8
Tanzania,1962,22.2,1062.2
Tanzania,1963,22.1,1231.9
Tanzania,1964,22.1,993.0
Tanzania,1965,22.1,945.6
Tanzania,1966,22.6,924.7
Tanzania,1967,22.3,1179.9
Tanzania,1968,22.0,1206.4
Tanzania,1969,22.6,860.8
Tanzania,1970,22.5,1041.0
Tanzania,1971,22.1,901.1
Tanzania,1972,22.4,1091.1
Tanzania,1973,22.6,914.5
Tanzania,1974,22.2,933.3
Tanzania,1975,22.2,881.7
Tanzania,1976,22.4,860.3
Tanzania,1977,22.6,1066.3
Tanzania,1978,22.4,1161.0
Tanzania,1979,22.4,1206.0
Tanzania,1980,22.5,975.0
Tanzania,1981,22.4,940.3
Tanzania,1982,22.5,1112.8
Tanzania,1983,23.0,879.6
Tanzania,1984,22.4,1012.4
Tanzania,1985,22.3,974.6
Tanzania,1986,22.4,1092.3
Tanzania,1987,23.0,870.0
Tanzania,1988,22.9,1015.1
Tanzania,1989,22.3,1116.7
Tanzania,1990,22.7,984.1
Tanzania,1991,22.7,1020.9
Tanzania,1992,22.8,933.4
Tanzania,1993,22.6,854.1
Tanzania,1994,22.8,1001.1
Tanzania,1995,23.0,941.1
Tanzania,1996,22.7,948.3
Tanzania,1997,22.9,1123.2
Tanzania,1998,23.1,1009.1
Tanzania,1999,22.7,967.0
Tanzania,2000,22.8,877.8
Tanzania,2001,22.9,920.2
Tanzania,2002,23.1,1123.1
Tanzania,2003,23.3,768.0
Tanzania,2004,22.9,982.0
Tanzania,2005,23.1,770.2
Tanzania,2006,22.8,1169.8
Tanzania,2007,22.8,934.7
Tanzania,2008,22.7,920.2
Tanzania,2009,23.0,922.5
Tanzania,2010,23.2,886.6
Tanzania,2011,22.8,1000.4
Tanzania,2012,22.8,812.1
Tanzania,2013,23.0,966.6
Tanzania,2014,22.9,941.8
Tanzania,2015,23.0,983.4
Tanzania,2016,23.2,1099.7
Tanzania,2017,23.2,965.7
Tanzania,2018,22.8,1049.5
Tanzania,2019,23.2,1199.7
Tanzania,2020,23.1,1261.6
Tanzania,2021,23.0,1003.6
Tanzania,2022,22.9,1007.6
Tanzania,2023,23.3,1154.0
Tanzania,2024,23.1,1195.7
Thailand,1901,26.7,1653.1
Thailand,1902,26.6,1580.3
Thailand,1903,26.4,1590.5
Thailand,1904,26.2,1641.2
Thailand,1905,27.0,1667.8
Thailand,1906,27.1,1575.9
Thailand,1907,26.4,1620.4
Thailand,1908,26.4,1809.8
Thailand,1909,26.4,1677.1
Thailand,1910,26.3,1783.3
Thailand,1911,26.7,1414.6
Thailand,1912,26.6,1615.1
Thailand,1913,26.4,1606.5
Thailand,1914,26.5,1599.5
Thailand,1915,26.4,1704.6
Thailand,1916,26.2,1754.8
Thailand,1917,26.2,1718.7
Thailand,1918,26.4,1529.6
Thailand,1919,26.7,1497.4
Thailand,1920,26.5,1511.2
Thailand,1921,26.4,1608.8
Thailand,1922,26.5,1578.4
Thailand,1923,26.3,1631.7
Thailand,1924,26.5,1647.7
Thailand,1925,26.3,1550.0
Thailand,1926,26.7,1709.6
Thailand,1927,26.4,1677.3
Thailand,1928,26.6,1526.9
Thailand,1929,26.6,1469.0
Thailand,1930,26.5,1485.7
Thailand,1931,26.8,1498.4
Thailand,1932,26.6,1604.3
Thailand,1933,26.6,1591.9
Thailand,1934,26.4,1723.8
Thailand,1935,26.8,1821.8
Thailand,1936,26.5,1469.4
Thailand,1937,26.6,1602.7
Thailand,1938,26.1,1827.5
Thailand,1939,26.1,1586.0
Thailand,1940,26.5,1395.9
Thailand,1941,27.3,1602.0
Thailand,1942,26.5,1935.5
Thailand,1943,26.2,1617.7
Thailand,1944,26.5,1645.1
Thailand,1945,26.5,1764.2
Thailand,1946,26.6,1606.9
Thailand,1947,26.8,1636.5
Thailand,1948,26.4,1692.7
Thailand,1949,26.5,1810.1
Thailand,1950,26.3,1776.4
Thailand,1951,26.3,1845.6
Thailand,1952,26.3,1727.0
Thailand,1953,26.3,1858.7
Thailand,1954,26.3,1635.3
Thailand,1955,25.8,1641.5
Thailand,1956,25.8,1806.0
Thailand,1957,26.5,1608.5
Thailand,1958,26.5,1523.9
Thailand,1959,26.6,1673.5
Thailand,1960,26.6,1615.1
Thailand,1961,26.3,1783.3
Thailand,1962,26.2,1629.3
Thailand,1963,26.2,1709.1
Thailand,1964,26.3,1737.4
Thailand,1965,26.4,1661.2
Thailand,1966,26.8,1838.2
Thailand,1967,26.2,1509.6
Thailand,1968,26.5,1528.2
Thailand,1969,26.7,1687.7
Thailand,1970,26.5,1923.4
Thailand,1971,25.8,1697.6
Thailand,1972,26.6,1600.4
Thailand,1973,26.6,1657.9
Thailand,1974,26.1,1725.2
Thailand,1975,26.3,1797.7
Thailand,1976,26.2,1637.5
Thailand,1977,26.5,1427.5
Thailand,1978,26.8,1668.6
Thailand,1979,27.1,1354.0
Thailand,1980,26.8,1730.6
Thailand,1981,26.0,1592.8
Thailand,1982,26.1,1572.6
Thailand,1983,26.5,1687.7
Thailand,1984,26.2,1569.5
Thailand,1985,26.2,1601.1
Thailand,1986,26.2,1581.2
Thailand,1987,27.1,1543.9
Thailand,1988,26.8,1796.3
Thailand,1989,26.8,1470.8
Thailand,1990,27.2,1588.0
Thailand,1991,27.2,1486.2
Thailand,1992,26.9,1404.4
Thailand,1993,26.9,1404.1
Thailand,1994,26.9,1713.3
Thailand,1995,26.8,1721.9
Thailand,1996,26.4,1789.2
Thailand,1997,27.0,1450.1
Thailand,1998,27.6,1594.5
Thailand,1999,26.4,1839.1
Thailand,2000,26.6,1814.3
Thailand,2001,26.8,1670.5
Thailand,2002,26.9,1695.3
Thailand,2003,26.9,1597.8
Thailand,2004,26.8,1482.6
Thailand,2005,27.0,1626.3
Thailand,2006,26.9,1760.4
Thailand,2007,26.8,1736.4
Thailand,2008,26.4,1755.3
Thailand,2009,26.8,1664.5
Thailand,2010,27.4,1686.8
Thailand,2011,26.4,2026.4
Thailand,2012,27.2,1629.1
Thailand,2013,26.9,1796.5
Thailand,2014,27.0,1525.9
Thailand,2015,27.4,1504.7
Thailand,2016,27.5,1657.8
Thailand,2017,27.0,2024.4
Thailand,2018,27.0,1640.2
Thailand,2019,27.6,1361.6
Thailand,2020,27.5,1600.4
Thailand,2021,27.0,1686.2
Thailand,2022,26.8,2114.2
Thailand,2023,27.6,1570.6
Thailand,2024,27.9,1700.0
Togo,1901,27.1,1285.4
Togo,1902,27.1,1047.9
Togo,1903,27.2,1000.0
Togo,1904,27.2,929.3
Togo,1905,26.9,1084.2
Togo,1906,27.5,1079.5
Togo,1907,27.1,1050.7
Togo,1908,27.2,1157.9
Togo,1909,27.0,1264.5
Togo,1910,27.3,1351.5
Togo,1911,27.0,1155.4
Togo,1912,27.3,873.8
Togo,1913,27.6,1097.7
Togo,1914,27.8,1050.4
Togo,1915,27.0,1168.0
Togo,1916,26.9,1183.9
Togo,1917,27.0,1523.4
Togo,1918,26.9,1135.3
Togo,1919,27.2,984.6
Togo,1920,27.3,940.7
Togo,1921,27.2,1303.9
Togo,1922,27.1,1083.8
Togo,1923,27.0,1062.0
Togo,1924,27.3,1235.2
Togo,1925,26.7,1256.7
Togo,1926,27.2,1098.3
Togo,1927,26.5,1099.6
Togo,1928,26.6,1129.0
Togo,1929,26.4,1267.0
Togo,1930,27.2,1135.5
Togo,1931,27.5,1207.2
Togo,1932,27.4,1033.9
Togo,1933,27.4,1457.4
Togo,1934,27.7,1338.4
Togo,1935,27.9,1304.9
Togo,1936,27.2,1057.3
Togo,1937,28.2,1077.3
Togo,1938,28.4,1017.1
Togo,1939,27.8,1169.3
Togo,1940,27.3,1162.4
Togo,1941,27.9,1203.0
Togo,1942,27.6,1034.1
Togo,1943,27.2,1087.5
Togo,1944,27.5,1107.7
Togo,1945,27.2,1076.5
Togo,1946,27.1,977.9
Togo,1947,27.5,1348.8
Togo,1948,27.0,1092.4
Togo,1949,27.6,1345.0
Togo,1950,26.9,1018.0
Togo,1951,27.5,1282.2
Togo,1952,27.3,1316.3
Togo,1953,27.1,1276.8
Togo,1954,26.9,1184.7
Togo,1955,26.8,1368.3
Togo,1956,26.9,1064.6
Togo,1957,27.0,1460.0
Togo,1958,27.3,950.5
Togo,1959,27.2,1283.5
Togo,1960,27.0,1363.2
Togo,1961,26.9,1106.7
Togo,1962,26.9,1483.6
Togo,1963,27.2,1592.4
Togo,1964,26.9,1128.2
Togo,1965,27.0,1190.0
Togo,1966,27.3,1161.1
Togo,1967,26.9,1232.8
Togo,1968,27.2,1611.2
Togo,1969,27.5,1207.2
Togo,1970,27.4,1209.2
Togo,1971,26.6,1155.3
Togo,1972,26.9,1083.2
Togo,1973,27.3,1139.5
Togo,1974,26.6,1228.9
Togo,1975,26.5,1183.6
Togo,1976,26.4,1018.4
Togo,1977,27.1,855.3
Togo,1978,26.8,1161.5
Togo,1979,27.1,1340.9
Togo,1980,27.2,1121.4
Togo,1981,27.6,1058.8
Togo,1982,27.4,1008.9
Togo,1983,27.8,833.4
Togo,1984,27.7,1063.6
Togo,1985,27.6,1110.2
Togo,1986,27.4,1017.4
Togo,1987,27.8,1127.9
Togo,1988,27.2,1236.6
Togo,1989,26.9,1216.0
Togo,1990,27.5,1010.9
Togo,1991,27.2,1317.6
Togo,1992,27.0,975.3
Togo,1993,27.3,1083.3
Togo,1994,27.1,1147.6
Togo,1995,27.4,1247.4
Togo,1996,27.4,1125.0
Togo,1997,27.4,1157.5
Togo,1998,27.9,1096.3
Togo,1999,27.4,1314.1
Togo,2000,27.5,1060.5
Togo,2001,27.7,899.4
Togo,2002,27.8,1147.3
Togo,2003,27.8,1308.3
Togo,2004,27.7,1183.0
Togo,2005,28.0,1096.5
Togo,2006,27.9,1081.3
Togo,2007,27.8,1282.1
Togo,2008,27.5,1336.0
Togo,2009,27.9,1242.8
Togo,2010,28.2,1335.4
Togo,2011,27.9,1124.8
Togo,2012,27.6,1142.5
Togo,2013,27.8,1052.3
Togo,2014,27.9,1253.1
Togo,2015,28.0,1048.8
Togo,2016,28.2,1093.2
Togo,2017,28.1,1099.6
Togo,2018,28.0,1229.5
Togo,2019,27.9,1412.0
Togo,2020,28.1,1132.7
Togo,2021,28.3,1143.9
Togo,2022,27.7,1171.6
Togo,2023,28.3,1232.5
Togo,2024,28.3,1144.3
Tokelau Isl,1901,27.9,2623.6
Tokelau Isl,1902,27.8,2623.6
Tokelau Isl,1903,27.8,2623.6
Tokelau Isl,1904,27.7,2623.6
Tokelau Isl,1905,27.8,2623.6
Tokelau Isl,1906,27.9,2623.6
Tokelau Isl,1907,27.8,2623.6
Tokelau Isl,1908,27.8,2623.6
Tokelau Isl,1909,27.7,2623.6
Tokelau Isl,1910,27.7,2623.6
Tokelau Isl,1911,27.9,2623.6
Tokelau Isl,1912,27.9,2623.6
Tokelau Isl,1913,27.9,2623.6
Tokelau Isl,1914,28.0,2623.6
Tokelau Isl,1915,27.8,2623.6
Tokelau Isl,1916,27.8,2623.6
Tokelau Isl,1917,27.7,2623.6
Tokelau Isl,1918,27.8,2623.6
Tokelau Isl,1919,28.0,2623.6
Tokelau Isl,1920,27.9,2623.6
Tokelau Isl,1921,27.9,2623.6
Tokelau Isl,1922,27.9,2623.6
Tokelau Isl,1923,27.8,2623.6
Tokelau Isl,1924,27.9,2623.6
Tokelau Isl,1925,27.9,2623.6
Tokelau Isl,1926,28.0,2623.6
Tokelau Isl,1927,28.0,2623.6
Tokelau Isl,1928,27.9,2623.6
Tokelau Isl,1929,27.9,2623.6
Tokelau Isl,1930,27.9,2676.5
Tokelau Isl,1931,27.9,2751.1
Tokelau Isl,1932,27.9,2669.5
Tokelau Isl,1933,27.9,2573.0
Tokelau Isl,1934,27.9,2643.2
Tokelau Isl,1935,27.9,2644.2
Tokelau Isl,1936,28.0,2702.2
Tokelau Isl,1937,28.1,2618.6
Tokelau Isl,1938,27.9,2494.1
Tokelau Isl,1939,28.0,2506.6
Tokelau Isl,1940,28.2,3413.1
Tokelau Isl,1941,28.2,3010.3
Tokelau Isl,1942,28.1,3643.4
Tokelau Isl,1943,28.0,2826.4
Tokelau Isl,1944,28.0,2972.6
Tokelau Isl,1945,28.0,2153.6
Tokelau Isl,1946,28.0,2729.0
Tokelau Isl,1947,28.1,2471.6
Tokelau Isl,1948,27.9,2630.2
Tokelau Isl,1949,27.9,2399.0
Tokelau Isl,1950,27.9,2213.6
Tokelau Isl,1951,28.0,2318.4
Tokelau Isl,1952,28.1,2839.6
Tokelau Isl,1953,28.1,3397.3
Tokelau Isl,1954,27.9,2831.4
Tokelau Isl,1955,27.7,2391.5
Tokelau Isl,1956,27.7,2432.4
Tokelau Isl,1957,28.1,2658.3
Tokelau Isl,1958,28.2,3587.6
Tokelau Isl,1959,28.1,2538.3
Tokelau Isl,1960,28.0,2683.7
Tokelau Isl,1961,27.9,2738.6
Tokelau Isl,1962,27.9,2130.5
Tokelau Isl,1963,28.0,2415.3
Tokelau Isl,1964,27.7,3206.6
Tokelau Isl,1965,27.7,2780.2
Tokelau Isl,1966,28.0,3415.9
Tokelau Isl,1967,27.6,2632.8
Tokelau Isl,1968,27.8,2579.4
Tokelau Isl,1969,28.1,2678.8
Tokelau Isl,1970,27.9,2998.7
Tokelau Isl,1971,27.4,1908.6
Tokelau Isl,1972,27.8,2344.8
Tokelau Isl,1973,27.9,3018.7
Tokelau Isl,1974,27.5,1950.4
Tokelau Isl,1975,27.6,2240.7
Tokelau Isl,1976,27.7,1522.8
Tokelau Isl,1977,28.1,3539.2
Tokelau Isl,1978,28.0,2643.3
Tokelau Isl,1979,28.2,2399.3
Tokelau Isl,1980,28.2,2442.6
Tokelau Isl,1981,28.0,2630.5
Tokelau Isl,1982,28.2,1984.2
Tokelau Isl,1983,28.1,2951.3
Tokelau Isl,1984,28.0,2946.0
Tokelau Isl,1985,28.0,2501.6
Tokelau Isl,1986,28.1,2823.4
Tokelau Isl,1987,28.1,3285.1
Tokelau Isl,1988,28.1,3142.4
Tokelau Isl,1989,27.9,2615.8
Tokelau Isl,1990,28.3,2353.3
Tokelau Isl,1991,28.2,2638.2
Tokelau Isl,1992,28.2,2867.0
Tokelau Isl,1993,28.1,3115.9
Tokelau Isl,1994,28.2,2745.3
Tokelau Isl,1995,28.4,3039.6
Tokelau Isl,1996,28.4,2337.7
Tokelau Isl,1997,28.3,2586.1
Tokelau Isl,1998,28.4,2613.4
Tokelau Isl,1999,28.3,2623.6
Tokelau Isl,2000,28.4,2625.9
Tokelau Isl,2001,28.7,2623.6
Tokelau Isl,2002,28.7,2623.6
Tokelau Isl,2003,28.4,2623.6
Tokelau Isl,2004,28.4,2623.6
Tokelau Isl,2005,28.5,2623.6
Tokelau Isl,2006,28.4,2623.6
Tokelau Isl,2007,28.5,2623.6
Tokelau Isl,2008,28.4,2623.6
Tokelau Isl,2009,28.4,2623.6
Tokelau Isl,2010,28.4,2623.6
Tokelau Isl,2011,28.2,2623.6
Tokelau Isl,2012,28.2,2623.6
Tokelau Isl,2013,28.4,2623.6
Tokelau Isl,2014,28.3,2623.6
Tokelau Isl,2015,28.3,2623.6
Tokelau Isl,2016,28.5,2623.6
Tokelau Isl,2017,28.4,2623.6
Tokelau Isl,2018,28.3,2623.6
Tokelau Isl,2019,28.5,2623.6
Tokelau Isl,2020,28.5,2623.6
Tokelau Isl,2021,28.4,2623.6
Tokelau Isl,2022,28.3,2623.6
Tokelau Isl,2023,28.4,2623.6
Tokelau Isl,2024,28.7,2623.6
Tonga,1901,25.0,1930.1
Tonga,1902,25.0,1895.6
Tonga,1903,24.9,1987.1
Tonga,1904,24.7,2004.4
Tonga,1905,24.8,1850.9
Tonga,1906,25.0,1893.0
Tonga,1907,24.8,1994.2
Tonga,1908,24.8,2080.6
Tonga,1909,24.6,1855.6
Tonga,1910,24.7,1955.2
Tonga,1911,25.0,1877.0
Tonga,1912,25.3,1884.4
Tonga,1913,25.2,2004.9
Tonga,1914,25.3,1944.9
Tonga,1915,25.0,1892.0
Tonga,1916,24.8,2021.5
Tonga,1917,24.7,1974.1
Tonga,1918,24.9,1900.1
Tonga,1919,25.3,1885.5
Tonga,1920,25.3,1989.6
Tonga,1921,25.4,1974.1
Tonga,1922,25.7,1989.6
Tonga,1923,25.0,1930.5
Tonga,1924,25.5,1971.5
Tonga,1925,25.2,1887.2
Tonga,1926,25.3,1947.1
Tonga,1927,25.4,2039.9
Tonga,1928,25.2,1834.5
Tonga,1929,25.0,1962.4
Tonga,1930,25.0,1603.7
Tonga,1931,25.0,1988.7
Tonga,1932,25.3,1731.8
Tonga,1933,25.2,2339.3
Tonga,1934,25.2,1960.6
Tonga,1935,25.5,2147.7
Tonga,1936,25.3,1942.8
Tonga,1937,25.2,1720.7
Tonga,1938,25.6,2001.1
Tonga,1939,25.1,2078.2
Tonga,1940,25.2,1373.9
Tonga,1941,25.4,1686.4
Tonga,1942,25.3,1939.5
Tonga,1943,25.3,1874.4
Tonga,1944,25.1,1936.7
Tonga,1945,25.2,1801.5
Tonga,1946,25.2,1637.1
Tonga,1947,25.4,2153.6
Tonga,1948,25.0,2331.5
Tonga,1949,25.3,2006.5
Tonga,1950,25.4,2501.4
Tonga,1951,25.2,1748.3
Tonga,1952,25.6,1685.7
Tonga,1953,25.4,1528.0
Tonga,1954,25.5,2289.1
Tonga,1955,25.4,2290.6
Tonga,1956,25.2,2346.7
Tonga,1957,25.3,2203.7
Tonga,1958,25.4,1792.1
Tonga,1959,25.5,2149.8
Tonga,1960,25.4,2086.6
Tonga,1961,25.4,2158.3
Tonga,1962,25.2,2195.1
Tonga,1963,25.2,1737.0
Tonga,1964,25.3,2058.4
Tonga,1965,24.8,1723.4
Tonga,1966,25.2,1683.7
Tonga,1967,25.1,2228.9
Tonga,1968,25.2,1793.4
Tonga,1969,25.2,1706.3
Tonga,1970,25.3,1913.9
Tonga,1971,25.0,2646.1
Tonga,1972,25.1,2323.1
Tonga,1973,25.4,2454.2
Tonga,1974,25.1,2372.0
Tonga,1975,25.2,2427.5
Tonga,1976,25.1,1874.1
Tonga,1977,25.3,1580.2
Tonga,1978,25.1,2148.4
Tonga,1979,25.3,2191.6
Tonga,1980,25.3,1951.6
Tonga,1981,25.3,1626.8
Tonga,1982,25.2,2079.0
Tonga,1983,25.4,1293.6
Tonga,1984,25.5,1675.9
Tonga,1985,25.4,1545.1
Tonga,1986,25.3,1692.1
Tonga,1987,25.1,1320.0
Tonga,1988,25.7,2108.8
Tonga,1989,25.3,2379.2
Tonga,1990,25.6,1837.9
Tonga,1991,25.4,1873.5
Tonga,1992,25.4,1864.0
Tonga,1993,25.2,1887.4
Tonga,1994,25.4,1882.6
Tonga,1995,25.7,1578.1
Tonga,1996,25.8,2112.5
Tonga,1997,25.6,1957.6
Tonga,1998,25.8,1234.6
Tonga,1999,25.6,2479.1
Tonga,2000,25.8,2584.3
Tonga,2001,26.1,2003.9
Tonga,2002,25.8,1986.2
Tonga,2003,25.8,1942.8
Tonga,2004,25.7,1940.5
Tonga,2005,25.9,1962.6
Tonga,2006,25.7,1979.1
Tonga,2007,26.0,1976.3
Tonga,2008,25.7,1960.0
Tonga,2009,25.7,1957.9
Tonga,2010,25.8,1958.0
Tonga,2011,25.7,1966.3
Tonga,2012,25.6,1959.0
Tonga,2013,25.8,1928.5
Tonga,2014,25.7,1968.1
Tonga,2015,25.6,1966.3
Tonga,2016,26.0,1959.4
Tonga,2017,25.9,1964.6
Tonga,2018,25.7,1984.8
Tonga,2019,26.0,1978.5
Tonga,2020,26.0,2023.3
Tonga,2021,25.8,1946.9
Tonga,2022,25.8,1949.9
Tonga,2023,25.9,1799.3
Tonga,2024,26.3,1921.4
Trinidad and Tobago,1901,25.9,1958.4
Trinidad and Tobago,1902,25.6,1969.3
Trinidad and Tobago,1903,25.7,1963.1
Trinidad and Tobago,1904,25.4,1946.7
Trinidad and Tobago,1905,25.5,1951.6
Trinidad and Tobago,1906,25.5,1958.3
Trinidad and Tobago,1907,25.4,1943.9
Trinidad and Tobago,1908,25.4,1943.6
Trinidad and Tobago,1909,25.4,1958.4
Trinidad and Tobago,1910,25.4,1949.5
Trinidad and Tobago,1911,25.5,1958.4
Trinidad and Tobago,1912,25.7,1958.4
Trinidad and Tobago,1913,25.3,1958.4
Trinidad and Tobago,1914,25.2,1958.4
Trinidad and Tobago,1915,25.6,1958.4
Trinidad and Tobago,1916,25.3,1958.4
Trinidad and Tobago,1917,25.4,1958.4
Trinidad and Tobago,1918,25.5,1958.4
Trinidad and Tobago,1919,25.4,1958.4
Trinidad and Tobago,1920,25.3,1958.4
Trinidad and Tobago,1921,25.4,2231.0
Trinidad and Tobago,1922,25.2,1727.9
Trinidad and Tobago,1923,25.3,1958.3
Trinidad and Tobago,1924,25.3,1530.5
Trinidad and Tobago,1925,25.4,1580.6
Trinidad and Tobago,1926,25.8,1644.0
Trinidad and Tobago,1927,25.3,2018.9
Trinidad and Tobago,1928,25.4,1779.4
Trinidad and Tobago,1929,25.2,1847.3
Trinidad and Tobago,1930,25.5,1810.4
Trinidad and Tobago,1931,25.9,1864.2
Trinidad and Tobago,1932,26.1,1619.0
Trinidad and Tobago,1933,25.4,2252.0
Trinidad and Tobago,1934,25.6,1750.2
Trinidad and Tobago,1935,25.5,1990.3
Trinidad and Tobago,1936,25.6,1831.5
Trinidad and Tobago,1937,25.9,1738.0
Trinidad and Tobago,1938,25.5,2150.1
Trinidad and Tobago,1939,25.7,1801.4
Trinidad and Tobago,1940,26.4,1719.4
Trinidad and Tobago,1941,26.5,1821.2
Trinidad and Tobago,1942,26.4,2031.2
Trinidad and Tobago,1943,25.9,2083.2
Trinidad and Tobago,1944,26.1,2150.5
Trinidad and Tobago,1945,25.6,2006.9
Trinidad and Tobago,1946,25.7,2177.4
Trinidad and Tobago,1947,26.0,1609.2
Trinidad and Tobago,1948,25.8,1997.4
Trinidad and Tobago,1949,25.7,1996.3
Trinidad and Tobago,1950,25.5,2245.2
Trinidad and Tobago,1951,25.6,2326.6
Trinidad and Tobago,1952,25.8,1680.6
Trinidad and Tobago,1953,25.7,1906.5
Trinidad and Tobago,1954,25.4,2371.2
Trinidad and Tobago,1955,25.4,2155.1
Trinidad and Tobago,1956,25.3,2239.7
Trinidad and Tobago,1957,25.5,1606.6
Trinidad and Tobago,1958,26.0,1996.8
Trinidad and Tobago,1959,25.7,1465.7
Trinidad and Tobago,1960,25.8,1628.1
Trinidad and Tobago,1961,25.7,1848.2
Trinidad and Tobago,1962,25.8,1692.9
Trinidad and Tobago,1963,25.9,1980.8
Trinidad and Tobago,1964,25.6,1743.8
Trinidad and Tobago,1965,25.6,1812.3
Trinidad and Tobago,1966,25.8,2451.9
Trinidad and Tobago,1967,25.5,1853.9
Trinidad and Tobago,1968,25.6,1777.9
Trinidad and Tobago,1969,26.2,1961.2
Trinidad and Tobago,1970,25.9,2248.3
Trinidad and Tobago,1971,25.5,2073.9
Trinidad and Tobago,1972,25.7,2094.2
Trinidad and Tobago,1973,25.9,1808.0
Trinidad and Tobago,1974,25.5,1700.0
Trinidad and Tobago,1975,25.5,1946.4
Trinidad and Tobago,1976,25.5,1717.9
Trinidad and Tobago,1977,26.0,1521.4
Trinidad and Tobago,1978,26.1,1755.6
Trinidad and Tobago,1979,26.2,2135.5
Trinidad and Tobago,1980,26.4,2144.1
Trinidad and Tobago,1981,26.5,2349.6
Trinidad and Tobago,1982,26.2,2083.9
Trinidad and Tobago,1983,26.7,2098.9
Trinidad and Tobago,1984,26.0,2111.2
Trinidad and Tobago,1985,26.0,2188.3
Trinidad and Tobago,1986,26.2,1984.5
Trinidad and Tobago,1987,26.8,1748.9
Trinidad and Tobago,1988,26.4,2173.9
Trinidad and Tobago,1989,26.0,1800.4
Trinidad and Tobago,1990,26.3,2056.4
Trinidad and Tobago,1991,26.3,1852.7
Trinidad and Tobago,1992,26.4,1902.0
Trinidad and Tobago,1993,26.6,2057.3
Trinidad and Tobago,1994,26.2,1966.7
Trinidad and Tobago,1995,26.6,1834.5
Trinidad and Tobago,1996,26.4,2049.6
Trinidad and Tobago,1997,26.5,1842.3
Trinidad and Tobago,1998,27.0,2355.3
Trinidad and Tobago,1999,26.6,2284.0
Trinidad and Tobago,2000,26.4,2179.4
Trinidad and Tobago,2001,26.9,1543.2
Trinidad and Tobago,2002,26.8,1894.5
Trinidad and Tobago,2003,27.0,1773.9
Trinidad and Tobago,2004,26.7,2258.6
Trinidad and Tobago,2005,27.0,2239.6
Trinidad and Tobago,2006,26.8,2035.5
Trinidad and Tobago,2007,26.7,1849.6
Trinidad and Tobago,2008,26.5,1945.5
Trinidad and Tobago,2009,26.9,1654.5
Trinidad and Tobago,2010,27.2,2308.5
Trinidad and Tobago,2011,26.7,2327.8
Trinidad and Tobago,2012,26.7,1786.5
Trinidad and Tobago,2013,26.8,1925.7
Trinidad and Tobago,2014,26.8,1825.6
Trinidad and Tobago,2015,27.0,1385.6
Trinidad and Tobago,2016,27.1,2009.7
Trinidad and Tobago,2017,26.7,2133.0
Trinidad and Tobago,2018,26.3,1841.8
Trinidad and Tobago,2019,26.6,1490.8
Trinidad and Tobago,2020,26.7,1847.2
Trinidad and Tobago,2021,26.5,2192.9
Trinidad and Tobago,2022,26.4,2387.8
Trinidad and Tobago,2023,27.0,1797.7
Trinidad and Tobago,2024,27.5,1707.2
Tristan da Cunha,1901,13.4,1599.0
Tristan da Cunha,1902,13.4,1599.0
Tristan da Cunha,1903,13.4,1599.0
Tristan da Cunha,1904,13.4,1599.0
Tristan da Cunha,1905,13.4,1599.0
Tristan da Cunha,1906,13.4,1599.0
Tristan da Cunha,1907,13.4,1599.0
Tristan da Cunha,1908,13.4,1599.0
Tristan da Cunha,1909,13.4,1599.0
Tristan da Cunha,1910,13.4,1599.0
Tristan da Cunha,1911,13.4,1599.0
Tristan da Cunha,1912,13.4,1599.0
Tristan da Cunha,1913,13.4,1599.0
Tristan da Cunha,1914,13.4,1599.0
Tristan da Cunha,1915,13.4,1599.0
Tristan da Cunha,1916,13.4,1599.0
Tristan da Cunha,1917,13.4,1599.0
Tristan da Cunha,1918,13.4,1599.0
Tristan da Cunha,1919,13.4,1599.0
Tristan da Cunha,1920,13.4,1599.0
Tristan da Cunha,1921,13.4,1599.0
Tristan da Cunha,1922,13.4,1599.0
Tristan da Cunha,1923,13.4,1599.0
Tristan da Cunha,1924,13.4,1599.0
Tristan da Cunha,1925,13.4,1599.0
Tristan da Cunha,1926,13.4,1599.0
Tristan da Cunha,1927,13.4,1599.0
Tristan da Cunha,1928,13.4,1599.0
Tristan da Cunha,1929,13.4,1599.0
Tristan da Cunha,1930,13.4,1599.0
Tristan da Cunha,1931,13.4,1599.0
Tristan da Cunha,1932,13.4,1599.0
Tristan da Cunha,1933,13.4,1599.0
Tristan da Cunha,1934,13.4,1599.0
Tristan da Cunha,1935,13.4,1599.0
Tristan da Cunha,1936,13.4,1599.0
Tristan da Cunha,1937,13.4,1599.0
Tristan da Cunha,1938,13.4,1599.0
Tristan da Cunha,1939,13.4,1599.0
Tristan da Cunha,1940,13.4,1599.0
Tristan da Cunha,1941,13.4,1599.0
Tristan da Cunha,1942,13.4,1599.0
Tristan da Cunha,1943,13.4,1599.0
Tristan da Cunha,1944,13.4,1599.0
Tristan da Cunha,1945,13.4,1599.0
Tristan da Cunha,1946,13.4,1599.0
Tristan da Cunha,1947,13.4,1599.0
Tristan da Cunha,1948,13.4,1599.0
Tristan da Cunha,1949,13.4,1599.0
Tristan da Cunha,1950,13.4,1599.0
Tristan da Cunha,1951,13.4,1599.0
Tristan da Cunha,1952,13.4,1599.0
Tristan da Cunha,1953,13.4,1599.0
Tristan da Cunha,1954,13.4,1599.0
Tristan da Cunha,1955,13.5,1597.6
Tristan da Cunha,1956,13.7,1595.7
Tristan da Cunha,1957,13.4,1592.9
Tristan da Cunha,1958,13.8,1608.2
Tristan da Cunha,1959,13.8,1617.3
Tristan da Cunha,1960,14.0,1601.3
Tristan da Cunha,1961,13.7,1613.6
Tristan da Cunha,1962,13.4,1600.2
Tristan da Cunha,1963,12.9,1616.2
Tristan da Cunha,1964,12.6,1589.8
Tristan da Cunha,1965,13.0,1600.0
Tristan da Cunha,1966,13.2,1591.3
Tristan da Cunha,1967,12.8,1599.8
Tristan da Cunha,1968,13.5,1581.1
Tristan da Cunha,1969,13.2,1592.1
Tristan da Cunha,1970,13.4,1611.7
Tristan da Cunha,1971,13.4,1593.2
Tristan da Cunha,1972,13.2,1603.2
Tristan da Cunha,1973,13.2,1592.7
Tristan da Cunha,1974,13.8,1592.1
Tristan da Cunha,1975,13.8,1591.2
Tristan da Cunha,1976,13.8,1598.3
Tristan da Cunha,1977,13.3,1590.9
Tristan da Cunha,1978,13.5,1606.5
Tristan da Cunha,1979,13.8,1602.5
Tristan da Cunha,1980,13.8,1601.4
Tristan da Cunha,1981,13.8,1581.8
Tristan da Cunha,1982,14.0,1613.2
Tristan da Cunha,1983,13.3,1614.0
Tristan da Cunha,1984,13.1,1598.8
Tristan da Cunha,1985,13.1,1608.7
Tristan da Cunha,1986,13.4,1605.5
Tristan da Cunha,1987,13.4,1615.3
Tristan da Cunha,1988,13.6,1593.4
Tristan da Cunha,1989,13.4,1587.9
Tristan da Cunha,1990,13.8,1582.8
Tristan da Cunha,1991,13.5,1601.0
Tristan da Cunha,1992,13.2,1595.4
Tristan da Cunha,1993,13.5,1608.6
Tristan da Cunha,1994,13.9,1611.1
Tristan da Cunha,1995,13.4,1604.3
Tristan da Cunha,1996,13.1,1594.5
Tristan da Cunha,1997,13.8,1611.0
Tristan da Cunha,1998,13.5,1595.2
Tristan da Cunha,1999,13.6,1583.8
Tristan da Cunha,2000,13.9,1594.4
Tristan da Cunha,2001,13.4,1584.2
Tristan da Cunha,2002,13.5,1606.9
Tristan da Cunha,2003,13.5,1599.9
Tristan da Cunha,2004,14.0,1606.6
Tristan da Cunha,2005,14.0,1604.2
Tristan da Cunha,2006,14.2,1592.0
Tristan da Cunha,2007,14.1,1607.6
Tristan da Cunha,2008,13.8,1599.8
Tristan da Cunha,2009,14.5,1605.3
Tristan da Cunha,2010,13.9,1584.6
Tristan da Cunha,2011,14.1,1597.5
Tristan da Cunha,2012,14.4,1602.8
Tristan da Cunha,2013,14.1,1592.9
Tristan da Cunha,2014,14.1,1592.4
Tristan da Cunha,2015,14.7,1598.8
Tristan da Cunha,2016,14.0,1607.5
Tristan da Cunha,2017,13.9,1601.5
Tristan da Cunha,2018,14.4,1596.0
Tristan da Cunha,2019,13.9,1597.1
Tristan da Cunha,2020,14.0,1611.8
Tristan da Cunha,2021,14.0,1597.5
Tristan da Cunha,2022,14.2,1588.5
Tristan da Cunha,2023,14.3,1608.9
Tristan da Cunha,2024,13.7,1603.5
Tromelin Isl,1901,25.6,1488.5
Tromelin Isl,1902,25.8,1488.5
Tromelin Isl,1903,25.6,1488.5
Tromelin Isl,1904,25.6,1488.5
Tromelin Isl,1905,25.7,1488.5
Tromelin Isl,1906,25.7,1488.5
Tromelin Isl,1907,25.6,1488.5
Tromelin Isl,1908,25.8,1487.8
Tromelin Isl,1909,25.6,1487.2
Tromelin Isl,1910,25.5,1487.1
Tromelin Isl,1911,25.5,1487.3
Tromelin Isl,1912,25.8,1487.1
Tromelin Isl,1913,25.6,1488.5
Tromelin Isl,1914,25.7,1488.5
Tromelin Isl,1915,25.7,1488.5
Tromelin Isl,1916,25.5,1488.5
Tromelin Isl,1917,25.4,1488.5
Tromelin Isl,1918,25.6,1488.5
Tromelin Isl,1919,25.7,1488.5
Tromelin Isl,1920,25.6,1488.5
Tromelin Isl,1921,25.5,1488.5
Tromelin Isl,1922,25.4,1488.5
Tromelin Isl,1923,25.8,1488.5
Tromelin Isl,1924,25.7,1488.5
Tromelin Isl,1925,25.8,1488.5
Tromelin Isl,1926,26.1,1488.5
Tromelin Isl,1927,25.7,1488.5
Tromelin Isl,1928,25.8,1488.5
Tromelin Isl,1929,25.8,1488.5
Tromelin Isl,1930,25.6,1488.5
Tromelin Isl,1931,25.3,1488.5
Tromelin Isl,1932,25.5,1488.5
Tromelin Isl,1933,25.5,1488.4
Tromelin Isl,1934,25.4,1489.2
Tromelin Isl,1935,25.6,1487.8
Tromelin Isl,1936,25.7,1488.6
Tromelin Isl,1937,25.7,1488.2
Tromelin Isl,1938,25.7,1488.8
Tromelin Isl,1939,25.7,1487.9
Tromelin Isl,1940,25.3,1488.7
Tromelin Isl,1941,25.6,1488.4
Tromelin Isl,1942,25.5,1488.1
Tromelin Isl,1943,25.2,1488.1
Tromelin Isl,1944,25.6,1488.2
Tromelin Isl,1945,25.7,1488.4
Tromelin Isl,1946,25.5,1488.8
Tromelin Isl,1947,25.6,1488.3
Tromelin Isl,1948,25.7,1488.3
Tromelin Isl,1949,25.5,1488.6
Tromelin Isl,1950,25.5,1487.7
Tromelin Isl,1951,25.2,1488.6
Tromelin Isl,1952,25.0,1488.8
Tromelin Isl,1953,25.3,1488.1
Tromelin Isl,1954,25.2,1487.9
Tromelin Isl,1955,25.0,983.4
Tromelin Isl,1956,24.8,1251.4
Tromelin Isl,1957,25.2,1261.5
Tromelin Isl,1958,25.4,1263.6
Tromelin Isl,1959,25.2,1459.2
Tromelin Isl,1960,25.1,1150.6
Tromelin Isl,1961,25.7,1501.9
Tromelin Isl,1962,25.1,1389.6
Tromelin Isl,1963,24.9,1225.6
Tromelin Isl,1964,24.7,1340.9
Tromelin Isl,1965,24.8,1994.9
Tromelin Isl,1966,25.2,1192.6
Tromelin Isl,1967,25.4,1557.8
Tromelin Isl,1968,24.9,1459.9
Tromelin Isl,1969,25.7,1235.3
Tromelin Isl,1970,25.4,1875.3
Tromelin Isl,1971,24.9,1491.8
Tromelin Isl,1972,25.5,1604.3
Tromelin Isl,1973,25.4,1738.6
Tromelin Isl,1974,24.8,1688.5
Tromelin Isl,1975,25.2,1466.5
Tromelin Isl,1976,25.4,1437.1
Tromelin Isl,1977,25.7,1947.7
Tromelin Isl,1978,25.5,1179.6
Tromelin Isl,1979,25.5,1561.5
Tromelin Isl,1980,25.5,2234.0
Tromelin Isl,1981,25.5,1322.3
Tromelin Isl,1982,25.6,1455.8
Tromelin Isl,1983,25.5,1439.1
Tromelin Isl,1984,25.0,1249.5
Tromelin Isl,1985,25.2,1347.3
Tromelin Isl,1986,25.3,1697.0
Tromelin Isl,1987,25.9,1091.5
Tromelin Isl,1988,25.6,1426.4
Tromelin Isl,1989,25.3,1792.5
Tromelin Isl,1990,25.4,709.0
Tromelin Isl,1991,25.6,1378.1
Tromelin Isl,1992,25.3,1562.7
Tromelin Isl,1993,25.4,1313.9
Tromelin Isl,1994,25.6,1574.7
Tromelin Isl,1995,25.6,1041.2
Tromelin Isl,1996,25.4,1231.5
Tromelin Isl,1997,25.8,1418.3
Tromelin Isl,1998,26.0,1503.3
Tromelin Isl,1999,25.6,1101.0
Tromelin Isl,2000,25.4,1281.8
Tromelin Isl,2001,25.8,1230.5
Tromelin Isl,2002,25.8,1283.3
Tromelin Isl,2003,26.0,1411.7
Tromelin Isl,2004,25.8,1035.7
Tromelin Isl,2005,25.8,1359.5
Tromelin Isl,2006,26.0,1343.7
Tromelin Isl,2007,26.0,1281.2
Tromelin Isl,2008,25.8,1424.8
Tromelin Isl,2009,26.3,1897.1
Tromelin Isl,2010,26.5,1297.8
Tromelin Isl,2011,26.3,886.3
Tromelin Isl,2012,26.2,1234.2
Tromelin Isl,2013,26.1,1306.7
Tromelin Isl,2014,26.4,1307.2
Tromelin Isl,2015,26.5,1380.3
Tromelin Isl,2016,26.2,882.7
Tromelin Isl,2017,26.6,1041.8
Tromelin Isl,2018,26.4,1815.1
Tromelin Isl,2019,26.7,1244.8
Tromelin Isl,2020,26.3,971.1
Tromelin Isl,2021,26.3,1014.1
Tromelin Isl,2022,25.9,1538.6
Tromelin Isl,2023,26.6,1020.5
Tromelin Isl,2024,26.7,1665.2
Tuamotu,1901,26.4,1710.8
Tuamotu,1902,26.4,1710.8
Tuamotu,1903,26.6,1710.8
Tuamotu,1904,26.3,1710.8
Tuamotu,1905,26.4,1710.8
Tuamotu,1906,26.4,1710.8
Tuamotu,1907,26.4,1710.8
Tuamotu,1908,26.4,1710.8
Tuamotu,1909,26.4,1710.8
Tuamotu,1910,26.4,1710.8
Tuamotu,1911,26.4,1710.8
Tuamotu,1912,26.4,1710.8
Tuamotu,1913,26.4,1710.8
Tuamotu,1914,26.4,1710.8
Tuamotu,1915,26.4,1710.8
Tuamotu,1916,26.4,1710.8
Tuamotu,1917,26.4,1710.8
Tuamotu,1918,26.4,1710.8
Tuamotu,1919,26.4,1710.8
Tuamotu,1920,26.4,1710.8
Tuamotu,1921,26.4,1710.8
Tuamotu,1922,26.4,1710.8
Tuamotu,1923,26.4,1710.8
Tuamotu,1924,26.4,1710.8
Tuamotu,1925,26.4,1710.8
Tuamotu,1926,26.4,1710.8
Tuamotu,1927,26.4,1710.8
Tuamotu,1928,26.4,1710.8
Tuamotu,1929,26.4,1710.8
Tuamotu,1930,26.4,1710.8
Tuamotu,1931,26.4,1710.8
Tuamotu,1932,26.4,1710.8
Tuamotu,1933,26.4,1710.8
Tuamotu,1934,26.4,1710.8
Tuamotu,1935,26.4,1710.8
Tuamotu,1936,26.4,1710.8
Tuamotu,1937,26.5,1710.8
Tuamotu,1938,26.5,1710.8
Tuamotu,1939,26.5,1710.8
Tuamotu,1940,26.7,1710.8
Tuamotu,1941,26.6,1710.8
Tuamotu,1942,26.6,1710.8
Tuamotu,1943,26.6,1710.8
Tuamotu,1944,26.5,1710.8
Tuamotu,1945,26.6,1710.8
Tuamotu,1946,26.5,1710.8
Tuamotu,1947,26.6,1710.8
Tuamotu,1948,26.4,1710.8
Tuamotu,1949,26.4,1710.8
Tuamotu,1950,26.3,1710.8
Tuamotu,1951,26.4,1710.8
Tuamotu,1952,26.5,1659.5
Tuamotu,1953,26.5,1669.1
Tuamotu,1954,26.4,1639.7
Tuamotu,1955,26.1,1618.6
Tuamotu,1956,26.1,1577.8
Tuamotu,1957,26.3,1761.2
Tuamotu,1958,26.4,1856.7
Tuamotu,1959,26.5,1601.9
Tuamotu,1960,26.3,1713.5
Tuamotu,1961,26.2,1711.1
Tuamotu,1962,26.1,1663.6
Tuamotu,1963,26.2,1699.5
Tuamotu,1964,26.0,1660.5
Tuamotu,1965,26.3,1641.7
Tuamotu,1966,26.4,1744.2
Tuamotu,1967,26.2,1738.3
Tuamotu,1968,26.0,1808.7
Tuamotu,1969,26.6,1744.7
Tuamotu,1970,26.5,1740.8
Tuamotu,1971,26.1,1576.6
Tuamotu,1972,26.5,1588.6
Tuamotu,1973,26.5,1733.7
Tuamotu,1974,26.0,1608.9
Tuamotu,1975,26.1,1598.0
Tuamotu,1976,26.2,1523.2
Tuamotu,1977,26.6,2065.4
Tuamotu,1978,26.4,1763.1
Tuamotu,1979,26.4,1704.9
Tuamotu,1980,26.6,1791.2
Tuamotu,1981,26.5,1689.1
Tuamotu,1982,26.5,1742.0
Tuamotu,1983,26.5,1750.4
Tuamotu,1984,26.6,1742.4
Tuamotu,1985,26.5,1689.1
Tuamotu,1986,26.5,1740.5
Tuamotu,1987,26.6,1751.4
Tuamotu,1988,26.6,1719.3
Tuamotu,1989,26.3,1668.8
Tuamotu,1990,26.5,1724.5
Tuamotu,1991,26.6,1620.3
Tuamotu,1992,26.6,1777.9
Tuamotu,1993,26.5,1680.6
Tuamotu,1994,26.8,1798.6
Tuamotu,1995,26.7,1725.4
Tuamotu,1996,26.5,1734.9
Tuamotu,1997,26.5,1665.8
Tuamotu,1998,26.6,1960.0
Tuamotu,1999,26.6,1559.6
Tuamotu,2000,26.5,1642.5
Tuamotu,2001,26.6,1720.2
Tuamotu,2002,26.8,1749.7
Tuamotu,2003,26.7,1805.3
Tuamotu,2004,26.5,1863.1
Tuamotu,2005,26.6,1659.1
Tuamotu,2006,26.8,1642.7
Tuamotu,2007,26.7,1695.8
Tuamotu,2008,26.4,1589.4
Tuamotu,2009,26.7,1576.1
Tuamotu,2010,26.6,1719.6
Tuamotu,2011,26.3,1422.5
Tuamotu,2012,26.6,1612.9
Tuamotu,2013,26.4,1750.0
Tuamotu,2014,26.5,1580.5
Tuamotu,2015,26.6,1606.2
Tuamotu,2016,26.9,1596.6
Tuamotu,2017,26.8,1630.3
Tuamotu,2018,26.6,1586.3
Tuamotu,2019,26.7,1647.5
Tuamotu,2020,26.7,1680.3
Tuamotu,2021,26.7,1517.6
Tuamotu,2022,26.3,1584.9
Tuamotu,2023,26.9,1638.3
Tuamotu,2024,26.9,1569.9
Tubuai Isl,1901,23.0,2042.5
Tubuai Isl,1902,23.0,2042.5
Tubuai Isl,1903,23.4,2042.5
Tubuai Isl,1904,22.7,2042.5
Tubuai Isl,1905,22.9,2042.5
Tubuai Isl,1906,22.9,2042.5
Tubuai Isl,1907,22.8,2042.5
Tubuai Isl,1908,22.9,2042.5
Tubuai Isl,1909,22.9,2042.5
Tubuai Isl,1910,22.9,2042.5
Tubuai Isl,1911,22.9,2042.5
Tubuai Isl,1912,22.9,2042.5
Tubuai Isl,1913,22.8,2042.5
Tubuai Isl,1914,22.8,2042.5
Tubuai Isl,1915,22.8,2042.5
Tubuai Isl,1916,22.9,2042.5
Tubuai Isl,1917,22.9,2042.5
Tubuai Isl,1918,22.8,2042.5
Tubuai Isl,1919,22.8,2042.5
Tubuai Isl,1920,22.9,2042.5
Tubuai Isl,1921,22.9,2042.5
Tubuai Isl,1922,22.9,2042.5
Tubuai Isl,1923,22.8,2042.5
Tubuai Isl,1924,22.9,2042.5
Tubuai Isl,1925,22.8,2042.5
Tubuai Isl,1926,22.9,2042.5
Tubuai Isl,1927,22.9,2042.5
Tubuai Isl,1928,22.9,2042.5
Tubuai Isl,1929,22.8,2042.5
Tubuai Isl,1930,22.8,2042.5
Tubuai Isl,1931,22.8,2042.5
Tubuai Isl,1932,22.9,2042.5
Tubuai Isl,1933,22.9,2042.5
Tubuai Isl,1934,22.9,2042.5
Tubuai Isl,1935,23.0,2042.5
Tubuai Isl,1936,22.9,2042.5
Tubuai Isl,1937,23.1,2042.5
Tubuai Isl,1938,23.1,2042.5
Tubuai Isl,1939,23.1,2042.5
Tubuai Isl,1940,23.2,2042.5
Tubuai Isl,1941,23.2,2042.5
Tubuai Isl,1942,23.3,2042.5
Tubuai Isl,1943,23.1,2042.5
Tubuai Isl,1944,23.0,2022.9
Tubuai Isl,1945,23.2,2042.5
Tubuai Isl,1946,23.1,2135.3
Tubuai Isl,1947,23.3,2042.5
Tubuai Isl,1948,22.9,2042.5
Tubuai Isl,1949,22.8,2246.2
Tubuai Isl,1950,22.7,2025.6
Tubuai Isl,1951,22.8,2001.0
Tubuai Isl,1952,22.8,1661.2
Tubuai Isl,1953,22.8,1673.7
Tubuai Isl,1954,22.9,1963.1
Tubuai Isl,1955,22.9,2372.2
Tubuai Isl,1956,23.0,2394.6
Tubuai Isl,1957,22.9,1914.2
Tubuai Isl,1958,22.7,2463.5
Tubuai Isl,1959,22.8,2215.7
Tubuai Isl,1960,22.9,2008.9
Tubuai Isl,1961,22.8,2149.3
Tubuai Isl,1962,22.6,2763.2
Tubuai Isl,1963,22.7,2110.7
Tubuai Isl,1964,22.9,2540.5
Tubuai Isl,1965,22.6,2487.5
Tubuai Isl,1966,22.5,1642.8
Tubuai Isl,1967,22.8,2360.8
Tubuai Isl,1968,22.7,2028.1
Tubuai Isl,1969,23.0,2156.9
Tubuai Isl,1970,23.3,2237.3
Tubuai Isl,1971,22.9,2236.4
Tubuai Isl,1972,22.9,1859.2
Tubuai Isl,1973,23.3,1445.5
Tubuai Isl,1974,23.0,2003.8
Tubuai Isl,1975,22.8,1917.9
Tubuai Isl,1976,22.7,2042.3
Tubuai Isl,1977,22.7,2065.9
Tubuai Isl,1978,22.8,1637.6
Tubuai Isl,1979,22.6,2195.1
Tubuai Isl,1980,23.0,1900.5
Tubuai Isl,1981,23.0,2186.0
Tubuai Isl,1982,22.6,1967.6
Tubuai Isl,1983,22.9,1669.0
Tubuai Isl,1984,22.8,2116.6
Tubuai Isl,1985,23.1,2237.8
Tubuai Isl,1986,23.1,2523.9
Tubuai Isl,1987,22.7,1825.5
Tubuai Isl,1988,23.4,1631.7
Tubuai Isl,1989,23.4,1865.2
Tubuai Isl,1990,23.2,1705.6
Tubuai Isl,1991,23.1,1888.7
Tubuai Isl,1992,23.2,1685.1
Tubuai Isl,1993,22.9,1493.4
Tubuai Isl,1994,23.2,2401.8
Tubuai Isl,1995,23.3,2389.2
Tubuai Isl,1996,23.3,2225.5
Tubuai Isl,1997,22.8,2127.7
Tubuai Isl,1998,23.1,1487.3
Tubuai Isl,1999,23.5,2429.5
Tubuai Isl,2000,23.4,1917.0
Tubuai Isl,2001,23.1,2030.0
Tubuai Isl,2002,23.4,1986.9
Tubuai Isl,2003,23.2,2183.4
Tubuai Isl,2004,23.3,1801.0
Tubuai Isl,2005,23.2,1701.3
Tubuai Isl,2006,23.5,1938.6
Tubuai Isl,2007,23.3,1899.0
Tubuai Isl,2008,23.4,1859.6
Tubuai Isl,2009,23.5,1974.7
Tubuai Isl,2010,23.6,1678.8
Tubuai Isl,2011,23.7,1517.0
Tubuai Isl,2012,23.2,1684.1
Tubuai Isl,2013,23.1,1436.7
Tubuai Isl,2014,23.3,1917.0
Tubuai Isl,2015,23.1,1931.9
Tubuai Isl,2016,23.3,1852.2
Tubuai Isl,2017,23.6,2155.4
Tubuai Isl,2018,23.4,2175.3
Tubuai Isl,2019,23.3,2274.6
Tubuai Isl,2020,23.7,1961.6
Tubuai Isl,2021,24.0,1712.5
Tubuai Isl,2022,23.7,1644.4
Tubuai Isl,2023,23.5,1775.6
Tubuai Isl,2024,23.2,1668.3
Tunisia,1901,18.9,311.1
Tunisia,1902,19.1,294.6
Tunisia,1903,18.6,323.8
Tunisia,1904,18.9,311.9
Tunisia,1905,18.6,311.9
Tunisia,1906,18.4,358.7
Tunisia,1907,18.4,256.6
Tunisia,1908,18.7,249.2
Tunisia,1909,18.5,306.9
Tunisia,1910,18.5,272.8
Tunisia,1911,19.1,366.3
Tunisia,1912,18.8,295.2
Tunisia,1913,19.2,271.7
Tunisia,1914,18.8,246.3
Tunisia,1915,18.9,383.0
Tunisia,1916,19.2,295.4
Tunisia,1917,18.7,303.2
Tunisia,1918,18.6,337.6
Tunisia,1919,18.6,288.0
Tunisia,1920,19.3,272.8
Tunisia,1921,18.9,386.9
Tunisia,1922,19.1,209.6
Tunisia,1923,18.7,298.6
Tunisia,1924,19.4,266.0
Tunisia,1925,18.7,285.5
Tunisia,1926,19.3,238.0
Tunisia,1927,19.4,237.9
Tunisia,1928,19.2,391.1
Tunisia,1929,18.6,313.4
Tunisia,1930,19.1,272.1
Tunisia,1931,19.3,372.9
Tunisia,1932,18.9,266.9
Tunisia,1933,19.1,300.8
Tunisia,1934,18.9,407.2
Tunisia,1935,18.9,263.2
Tunisia,1936,18.9,297.8
Tunisia,1937,19.3,198.4
Tunisia,1938,18.8,289.9
Tunisia,1939,18.8,322.6
Tunisia,1940,18.9,278.0
Tunisia,1941,18.7,274.7
Tunisia,1942,19.4,276.3
Tunisia,1943,19.7,287.0
Tunisia,1944,19.0,277.1
Tunisia,1945,19.6,210.6
Tunisia,1946,19.5,262.4
Tunisia,1947,20.0,177.5
Tunisia,1948,19.4,321.7
Tunisia,1949,19.4,299.3
Tunisia,1950,19.6,336.5
Tunisia,1951,19.2,279.1
Tunisia,1952,19.8,314.6
Tunisia,1953,19.0,449.6
Tunisia,1954,18.7,303.9
Tunisia,1955,19.8,305.4
Tunisia,1956,18.5,347.6
Tunisia,1957,19.0,431.5
Tunisia,1958,19.5,335.9
Tunisia,1959,19.3,369.0
Tunisia,1960,19.5,256.5
Tunisia,1961,19.5,248.3
Tunisia,1962,19.1,307.4
Tunisia,1963,19.0,355.2
Tunisia,1964,19.2,346.0
Tunisia,1965,19.1,314.8
Tunisia,1966,19.3,276.1
Tunisia,1967,19.2,273.8
Tunisia,1968,19.3,246.6
Tunisia,1969,18.8,419.3
Tunisia,1970,19.2,227.4
Tunisia,1971,18.9,317.0
Tunisia,1972,18.7,383.5
Tunisia,1973,19.0,391.2
Tunisia,1974,18.8,280.3
Tunisia,1975,18.8,378.0
Tunisia,1976,18.4,486.4
Tunisia,1977,19.6,236.0
Tunisia,1978,18.9,307.4
Tunisia,1979,19.3,356.4
Tunisia,1980,18.7,317.2
Tunisia,1981,19.4,189.9
Tunisia,1982,19.8,452.7
Tunisia,1983,19.7,254.0
Tunisia,1984,19.0,398.9
Tunisia,1985,19.7,251.7
Tunisia,1986,19.7,369.3
Tunisia,1987,19.9,240.3
Tunisia,1988,20.1,245.1
Tunisia,1989,19.8,253.9
Tunisia,1990,20.0,424.8
Tunisia,1991,19.1,319.7
Tunisia,1992,19.3,359.6
Tunisia,1993,19.6,236.2
Tunisia,1994,20.6,282.4
Tunisia,1995,19.9,358.2
Tunisia,1996,19.6,360.9
Tunisia,1997,20.4,368.8
Tunisia,1998,19.8,275.5
Tunisia,1999,20.5,322.9
Tunisia,2000,20.3,228.2
Tunisia,2001,20.6,258.0
Tunisia,2002,20.3,276.1
Tunisia,2003,20.6,464.2
Tunisia,2004,20.0,319.0
Tunisia,2005,19.8,309.7
Tunisia,2006,20.4,355.2
Tunisia,2007,20.4,342.9
Tunisia,2008,20.4,221.1
Tunisia,2009,20.3,371.7
Tunisia,2010,20.4,308.0
Tunisia,2011,20.2,363.7
Tunisia,2012,20.6,251.6
Tunisia,2013,20.3,325.4
Tunisia,2014,20.8,276.1
Tunisia,2015,20.6,325.4
Tunisia,2016,20.8,287.4
Tunisia,2017,20.5,295.2
Tunisia,2018,20.5,332.0
Tunisia,2019,20.5,359.6
Tunisia,2020,20.7,289.8
Tunisia,2021,21.0,181.8
Tunisia,2022,21.2,160.8
Tunisia,2023,21.0,254.5
Tunisia,2024,21.4,229.5
Turkey,1901,11.3,594.7
Turkey,1902,10.5,616.2
Turkey,1903,10.7,560.3
Turkey,1904,10.4,663.4
Turkey,1905,10.8,563.5
Turkey,1906,11.0,649.6
Turkey,1907,10.1,605.8
Turkey,1908,10.2,605.9
Turkey,1909,11.1,610.8
Turkey,1910,11.0,611.1
Turkey,1911,9.8,628.0
Turkey,1912,10.6,633.0
Turkey,1913,10.6,623.7
Turkey,1914,10.8,636.5
Turkey,1915,11.3,609.5
Turkey,1916,11.3,589.2
Turkey,1917,11.1,610.5
Turkey,1918,11.1,626.9
Turkey,1919,11.2,647.2
Turkey,1920,10.3,662.4
Turkey,1921,10.3,649.5
Turkey,1922,11.2,638.2
Turkey,1923,11.5,620.9
Turkey,1924,11.0,632.5
Turkey,1925,11.2,593.0
Turkey,1926,11.2,575.7
Turkey,1927,11.3,563.5
Turkey,1928,10.7,570.8
Turkey,1929,10.5,618.0
Turkey,1930,11.5,603.4
Turkey,1931,10.9,687.8
Turkey,1932,10.8,458.3
Turkey,1933,9.9,637.9
Turkey,1934,10.9,520.3
Turkey,1935,11.3,655.1
Turkey,1936,11.2,711.0
Turkey,1937,11.8,580.0
Turkey,1938,11.1,652.7
Turkey,1939,11.4,686.5
Turkey,1940,11.1,771.1
Turkey,1941,10.9,626.6
Turkey,1942,10.7,665.7
Turkey,1943,10.7,600.5
Turkey,1944,11.1,685.5
Turkey,1945,10.5,564.8
Turkey,1946,11.1,694.6
Turkey,1947,11.7,613.3
Turkey,1948,10.5,604.2
Turkey,1949,10.3,556.6
Turkey,1950,10.8,596.7
Turkey,1951,11.2,681.9
Turkey,1952,11.7,620.2
Turkey,1953,10.3,667.6
Turkey,1954,11.2,646.9
Turkey,1955,12.1,573.9
Turkey,1956,10.3,549.1
Turkey,1957,11.3,551.4
Turkey,1958,11.4,588.4
Turkey,1959,10.4,593.1
Turkey,1960,11.8,618.0
Turkey,1961,11.3,579.4
Turkey,1962,12.2,614.9
Turkey,1963,11.4,756.8
Turkey,1964,10.4,562.8
Turkey,1965,10.8,673.7
Turkey,1966,12.4,643.1
Turkey,1967,10.3,702.6
Turkey,1968,11.1,753.1
Turkey,1969,11.0,680.3
Turkey,1970,11.6,560.6
Turkey,1971,11.0,620.3
Turkey,1972,10.4,569.5
Turkey,1973,10.7,503.1
Turkey,1974,10.7,554.3
Turkey,1975,10.8,634.6
Turkey,1976,10.2,670.3
Turkey,1977,11.1,551.9
Turkey,1978,11.1,656.9
Turkey,1979,11.7,665.6
Turkey,1980,10.8,629.7
Turkey,1981,11.6,717.2
Turkey,1982,10.5,545.0
Turkey,1983,10.6,654.3
Turkey,1984,10.9,534.1
Turkey,1985,10.8,588.7
Turkey,1986,11.3,571.0
Turkey,1987,10.7,701.7
Turkey,1988,10.7,738.9
Turkey,1989,11.1,487.4
Turkey,1990,11.2,509.7
Turkey,1991,10.8,639.3
Turkey,1992,9.8,586.5
Turkey,1993,10.5,534.8
Turkey,1994,11.8,630.6
Turkey,1995,11.3,618.8
Turkey,1996,11.4,661.5
Turkey,1997,10.7,657.5
Turkey,1998,11.9,683.8
Turkey,1999,12.2,550.3
Turkey,2000,11.4,585.2
Turkey,2001,12.4,634.9
Turkey,2002,11.5,641.8
Turkey,2003,11.4,663.9
Turkey,2004,11.5,583.5
Turkey,2005,11.6,626.4
Turkey,2006,11.4,605.4
Turkey,2007,12.0,582.4
Turkey,2008,11.8,479.9
Turkey,2009,11.9,757.2
Turkey,2010,13.2,684.8
Turkey,2011,11.1,651.7
Turkey,2012,12.1,738.0
Turkey,2013,11.9,549.6
Turkey,2014,12.5,664.4
Turkey,2015,11.9,681.3
Turkey,2016,12.2,678.2
Turkey,2017,12.0,562.5
Turkey,2018,13.1,719.7
Turkey,2019,12.5,617.3
Turkey,2020,12.7,565.1
Turkey,2021,12.6,595.4
Turkey,2022,12.3,559.3
Turkey,2023,13.0,683.7
Turkey,2024,13.3,594.2
Turkmenistan,1901,15.7,105.7
Turkmenistan,1902,15.7,145.0
Turkmenistan,1903,14.7,132.5
Turkmenistan,1904,14.9,131.0
Turkmenistan,1905,14.9,123.4
Turkmenistan,1906,15.3,156.2
Turkmenistan,1907,14.4,156.2
Turkmenistan,1908,15.0,130.1
Turkmenistan,1909,15.9,111.1
Turkmenistan,1910,15.3,100.3
Turkmenistan,1911,14.2,153.0
Turkmenistan,1912,15.3,114.2
Turkmenistan,1913,15.3,152.9
Turkmenistan,1914,16.0,152.3
Turkmenistan,1915,16.6,152.7
Turkmenistan,1916,14.8,133.4
Turkmenistan,1917,15.9,73.8
Turkmenistan,1918,14.6,147.6
Turkmenistan,1919,15.0,123.1
Turkmenistan,1920,13.9,143.3
Turkmenistan,1921,14.8,124.9
Turkmenistan,1922,15.8,146.9
Turkmenistan,1923,14.8,156.3
Turkmenistan,1924,14.9,182.1
Turkmenistan,1925,15.8,95.8
Turkmenistan,1926,15.3,162.1
Turkmenistan,1927,15.3,110.8
Turkmenistan,1928,14.2,135.8
Turkmenistan,1929,14.1,102.3
Turkmenistan,1930,14.4,131.4
Turkmenistan,1931,14.0,187.4
Turkmenistan,1932,14.6,146.1
Turkmenistan,1933,14.8,167.2
Turkmenistan,1934,13.9,136.2
Turkmenistan,1935,14.8,118.4
Turkmenistan,1936,15.3,110.8
Turkmenistan,1937,14.7,108.5
Turkmenistan,1938,15.5,133.2
Turkmenistan,1939,15.8,167.5
Turkmenistan,1940,16.2,145.1
Turkmenistan,1941,16.5,159.0
Turkmenistan,1942,15.5,125.8
Turkmenistan,1943,14.5,160.2
Turkmenistan,1944,16.0,92.0
Turkmenistan,1945,14.7,152.2
Turkmenistan,1946,15.3,114.1
Turkmenistan,1947,16.0,105.0
Turkmenistan,1948,15.4,121.8
Turkmenistan,1949,14.0,144.2
Turkmenistan,1950,14.1,107.9
Turkmenistan,1951,14.9,130.5
Turkmenistan,1952,15.1,171.8
Turkmenistan,1953,15.4,185.9
Turkmenistan,1954,14.5,143.4
Turkmenistan,1955,16.3,120.8
Turkmenistan,1956,14.9,155.2
Turkmenistan,1957,14.6,146.5
Turkmenistan,1958,15.7,138.0
Turkmenistan,1959,14.5,163.4
Turkmenistan,1960,15.1,124.6
Turkmenistan,1961,16.0,114.1
Turkmenistan,1962,15.4,142.2
Turkmenistan,1963,16.1,157.6
Turkmenistan,1964,14.5,159.6
Turkmenistan,1965,15.7,136.5
Turkmenistan,1966,16.3,133.5
Turkmenistan,1967,15.4,159.7
Turkmenistan,1968,15.5,164.4
Turkmenistan,1969,13.7,244.5
Turkmenistan,1970,15.8,122.4
Turkmenistan,1971,16.2,106.2
Turkmenistan,1972,13.7,162.9
Turkmenistan,1973,15.6,162.9
Turkmenistan,1974,14.5,145.8
Turkmenistan,1975,15.7,110.1
Turkmenistan,1976,14.8,171.1
Turkmenistan,1977,15.7,134.8
Turkmenistan,1978,15.4,194.3
Turkmenistan,1979,15.9,164.8
Turkmenistan,1980,15.6,166.8
Turkmenistan,1981,16.2,212.4
Turkmenistan,1982,14.9,167.4
Turkmenistan,1983,16.5,126.2
Turkmenistan,1984,14.7,142.0
Turkmenistan,1985,15.7,125.0
Turkmenistan,1986,15.8,123.3
Turkmenistan,1987,15.9,161.6
Turkmenistan,1988,16.3,165.8
Turkmenistan,1989,15.9,126.8
Turkmenistan,1990,16.1,141.0
Turkmenistan,1991,15.8,164.5
Turkmenistan,1992,15.2,189.5
Turkmenistan,1993,14.9,168.1
Turkmenistan,1994,15.4,149.1
Turkmenistan,1995,16.7,106.7
Turkmenistan,1996,15.5,103.1
Turkmenistan,1997,16.4,137.5
Turkmenistan,1998,16.2,156.4
Turkmenistan,1999,16.8,123.6
Turkmenistan,2000,16.6,111.5
Turkmenistan,2001,16.7,122.3
Turkmenistan,2002,16.6,172.7
Turkmenistan,2003,15.8,188.0
Turkmenistan,2004,16.9,167.4
Turkmenistan,2005,16.5,156.6
Turkmenistan,2006,16.5,143.7
Turkmenistan,2007,16.5,151.9
Turkmenistan,2008,16.0,93.0
Turkmenistan,2009,16.5,173.4
Turkmenistan,2010,17.2,120.5
Turkmenistan,2011,15.9,145.3
Turkmenistan,2012,16.1,153.3
Turkmenistan,2013,17.1,136.8
Turkmenistan,2014,15.9,134.1
Turkmenistan,2015,16.8,171.7
Turkmenistan,2016,17.0,165.1
Turkmenistan,2017,16.6,139.6
Turkmenistan,2018,16.8,128.0
Turkmenistan,2019,17.1,181.8
Turkmenistan,2020,16.2,157.8
Turkmenistan,2021,17.4,89.5
Turkmenistan,2022,17.4,140.8
Turkmenistan,2023,18.1,105.1
Turkmenistan,2024,17.1,157.2
Tuvalu,1901,28.0,3028.6
Tuvalu,1902,28.0,3028.6
Tuvalu,1903,28.0,3028.6
Tuvalu,1904,28.0,3028.6
Tuvalu,1905,28.0,3028.6
Tuvalu,1906,28.0,3028.6
Tuvalu,1907,28.0,3028.6
Tuvalu,1908,28.0,3028.6
Tuvalu,1909,28.0,3028.6
Tuvalu,1910,28.0,3028.6
Tuvalu,1911,28.0,3028.6
Tuvalu,1912,28.0,3113.4
Tuvalu,1913,28.0,2990.7
Tuvalu,1914,28.0,3033.5
Tuvalu,1915,28.0,2870.3
Tuvalu,1916,28.0,3183.7
Tuvalu,1917,28.0,2998.7
Tuvalu,1918,28.0,3119.8
Tuvalu,1919,28.0,3172.8
Tuvalu,1920,28.0,3012.0
Tuvalu,1921,28.0,3105.8
Tuvalu,1922,28.0,3078.2
Tuvalu,1923,28.0,3014.9
Tuvalu,1924,28.0,3143.3
Tuvalu,1925,28.0,3196.3
Tuvalu,1926,28.0,3115.7
Tuvalu,1927,28.0,3153.1
Tuvalu,1928,28.0,3019.4
Tuvalu,1929,28.0,3089.4
Tuvalu,1930,28.0,2982.9
Tuvalu,1931,28.0,3063.3
Tuvalu,1932,28.1,2649.1
Tuvalu,1933,28.3,2268.5
Tuvalu,1934,28.3,2704.8
Tuvalu,1935,28.2,3031.1
Tuvalu,1936,28.5,2937.4
Tuvalu,1937,28.5,3157.9
Tuvalu,1938,28.3,3285.5
Tuvalu,1939,27.9,3114.2
Tuvalu,1940,28.4,3664.1
Tuvalu,1941,28.5,2873.2
Tuvalu,1942,28.2,3079.7
Tuvalu,1943,28.1,2887.5
Tuvalu,1944,27.9,3536.9
Tuvalu,1945,27.9,2951.1
Tuvalu,1946,28.1,2967.3
Tuvalu,1947,28.3,2742.5
Tuvalu,1948,27.9,3696.2
Tuvalu,1949,28.0,3142.7
Tuvalu,1950,28.0,2473.6
Tuvalu,1951,28.1,2786.1
Tuvalu,1952,28.2,3120.6
Tuvalu,1953,28.0,3795.1
Tuvalu,1954,27.9,3043.3
Tuvalu,1955,27.7,2583.2
Tuvalu,1956,28.0,2353.3
Tuvalu,1957,28.2,3398.5
Tuvalu,1958,28.4,3622.4
Tuvalu,1959,28.4,3339.0
Tuvalu,1960,28.2,3353.9
Tuvalu,1961,28.0,3292.3
Tuvalu,1962,28.1,2220.6
Tuvalu,1963,28.1,2524.9
Tuvalu,1964,27.9,2652.3
Tuvalu,1965,27.7,3518.2
Tuvalu,1966,28.0,3326.2
Tuvalu,1967,27.7,3181.4
Tuvalu,1968,28.0,2570.5
Tuvalu,1969,28.2,3274.7
Tuvalu,1970,27.9,3762.2
Tuvalu,1971,27.7,1872.1
Tuvalu,1972,27.9,2987.9
Tuvalu,1973,28.0,3386.2
Tuvalu,1974,27.8,2218.7
Tuvalu,1975,27.8,1994.7
Tuvalu,1976,27.9,2383.7
Tuvalu,1977,28.0,3527.8
Tuvalu,1978,27.9,3379.9
Tuvalu,1979,28.1,2910.7
Tuvalu,1980,28.1,3072.3
Tuvalu,1981,28.2,3295.1
Tuvalu,1982,28.1,3200.7
Tuvalu,1983,28.0,3930.9
Tuvalu,1984,28.0,3394.5
Tuvalu,1985,28.2,2818.1
Tuvalu,1986,28.2,3034.1
Tuvalu,1987,27.9,4239.1
Tuvalu,1988,28.1,3331.8
Tuvalu,1989,27.9,2449.9
Tuvalu,1990,28.3,3156.3
Tuvalu,1991,28.4,3278.0
Tuvalu,1992,28.1,3288.2
Tuvalu,1993,28.0,3579.3
Tuvalu,1994,28.3,3062.9
Tuvalu,1995,28.3,3129.2
Tuvalu,1996,28.2,2675.9
Tuvalu,1997,28.3,3577.8
Tuvalu,1998,28.3,3371.6
Tuvalu,1999,28.3,2246.9
Tuvalu,2000,28.4,2070.6
Tuvalu,2001,28.4,2578.0
Tuvalu,2002,28.5,3069.1
Tuvalu,2003,28.4,3141.4
Tuvalu,2004,28.5,3052.6
Tuvalu,2005,28.6,3080.5
Tuvalu,2006,28.4,3018.7
Tuvalu,2007,28.6,2889.5
Tuvalu,2008,28.3,2477.9
Tuvalu,2009,28.4,3036.0
Tuvalu,2010,28.5,2867.5
Tuvalu,2011,28.3,2898.9
Tuvalu,2012,28.2,2946.6
Tuvalu,2013,28.2,3148.0
Tuvalu,2014,28.2,3070.3
Tuvalu,2015,28.3,3152.4
Tuvalu,2016,28.4,3113.8
Tuvalu,2017,28.4,3192.2
Tuvalu,2018,28.3,2940.4
Tuvalu,2019,28.4,3069.7
Tuvalu,2020,28.6,3167.3
Tuvalu,2021,28.4,3167.2
Tuvalu,2022,28.4,2914.1
Tuvalu,2023,28.4,2982.8
Tuvalu,2024,28.4,3050.5
USA,1901,8.3,697.0
USA,1902,8.1,754.6
USA,1903,7.7,722.5
USA,1904,7.8,684.6
USA,1905,8.2,786.0
USA,1906,8.2,791.1
USA,1907,8.1,750.4
USA,1908,8.5,735.8
USA,1909,7.9,758.1
USA,1910,8.4,637.1
USA,1911,8.4,722.5
USA,1912,7.9,764.2
USA,1913,8.3,731.3
USA,1914,8.6,714.4
USA,1915,8.4,792.6
USA,1916,7.8,727.0
USA,1917,7.4,643.9
USA,1918,8.2,725.7
USA,1919,8.2,771.5
USA,1920,7.8,760.6
USA,1921,9.2,712.5
USA,1922,8.4,740.9
USA,1923,8.4,772.1
USA,1924,7.7,681.3
USA,1925,8.7,678.0
USA,1926,8.8,762.6
USA,1927,8.4,770.1
USA,1928,8.5,748.1
USA,1929,8.1,758.6
USA,1930,8.4,664.4
USA,1931,9.3,699.4
USA,1932,8.3,758.5
USA,1933,8.7,687.9
USA,1934,9.5,662.5
USA,1935,8.4,738.3
USA,1936,8.7,697.3
USA,1937,8.4,750.7
USA,1938,9.2,742.7
USA,1939,9.0,687.5
USA,1940,8.8,755.9
USA,1941,9.0,789.7
USA,1942,8.6,771.1
USA,1943,8.6,686.8
USA,1944,8.6,758.4
USA,1945,8.4,811.6
USA,1946,8.8,760.4
USA,1947,8.5,740.8
USA,1948,8.1,761.1
USA,1949,8.6,752.0
USA,1950,8.2,740.7
USA,1951,8.0,764.7
USA,1952,8.6,683.2
USA,1953,9.2,714.4
USA,1954,9.0,667.7
USA,1955,8.1,703.4
USA,1956,8.3,654.8
USA,1957,8.8,806.3
USA,1958,8.6,747.7
USA,1959,8.5,763.3
USA,1960,8.4,733.1
USA,1961,8.2,779.9
USA,1962,8.5,716.5
USA,1963,8.7,672.3
USA,1964,8.1,745.4
USA,1965,8.2,751.3
USA,1966,8.0,690.3
USA,1967,8.5,744.5
USA,1968,8.2,740.8
USA,1969,8.4,744.6
USA,1970,8.3,730.6
USA,1971,8.1,751.7
USA,1972,8.0,771.7
USA,1973,8.5,836.4
USA,1974,8.5,755.7
USA,1975,8.0,805.1
USA,1976,8.2,668.6
USA,1977,8.9,750.7
USA,1978,8.4,746.5
USA,1979,8.2,815.1
USA,1980,8.7,720.6
USA,1981,9.3,756.3
USA,1982,8.1,833.1
USA,1983,8.6,846.8
USA,1984,8.5,767.9
USA,1985,8.2,753.8
USA,1986,9.2,782.8
USA,1987,9.3,737.0
USA,1988,8.9,677.0
USA,1989,8.5,745.7
USA,1990,9.2,807.9
USA,1991,9.2,801.9
USA,1992,8.8,787.2
USA,1993,8.5,807.8
USA,1994,9.0,771.6
USA,1995,9.1,787.0
USA,1996,8.3,812.0
USA,1997,8.6,781.3
USA,1998,9.6,823.6
USA,1999,9.0,729.7
USA,2000,9.1,720.2
USA,2001,9.2,735.2
USA,2002,9.3,729.9
USA,2003,9.2,762.2
USA,2004,9.2,806.3
USA,2005,9.5,759.9
USA,2006,9.6,747.0
USA,2007,9.4,722.1
USA,2008,8.6,764.8
USA,2009,8.7,780.4
USA,2010,9.2,766.1
USA,2011,9.2,769.4
USA,2012,9.8,726.7
USA,2013,8.9,802.2
USA,2014,9.2,780.0
USA,2015,10.0,860.0
USA,2016,10.5,790.3
USA,2017,10.0,818.7
USA,2018,9.7,860.0
USA,2019,9.6,872.3
USA,2020,9.8,780.1
USA,2021,9.8,791.9
USA,2022,9.5,748.9
USA,2023,10.0,777.0
USA,2024,10.5,817.9
Uganda,1901,22.9,958.2
Uganda,1902,23.0,1229.7
Uganda,1903,22.9,1264.5
Uganda,1904,22.7,1104.3
Uganda,1905,22.7,1126.0
Uganda,1906,22.4,1223.2
Uganda,1907,22.4,1007.9
Uganda,1908,22.8,1092.9
Uganda,1909,22.1,1179.7
Uganda,1910,22.2,1067.3
Uganda,1911,22.4,1085.2
Uganda,1912,22.1,1181.4
Uganda,1913,22.1,965.0
Uganda,1914,22.3,1220.8
Uganda,1915,22.3,1232.0
Uganda,1916,22.0,1219.4
Uganda,1917,21.8,1247.3
Uganda,1918,22.0,835.3
Uganda,1919,22.1,1196.9
Uganda,1920,22.1,1159.6
Uganda,1921,22.7,912.7
Uganda,1922,22.7,1089.0
Uganda,1923,22.6,1265.6
Uganda,1924,22.8,1102.7
Uganda,1925,22.7,1071.7
Uganda,1926,22.9,1186.0
Uganda,1927,22.8,932.0
Uganda,1928,22.9,1097.0
Uganda,1929,21.9,1062.7
Uganda,1930,22.0,1133.3
Uganda,1931,22.5,1182.0
Uganda,1932,22.3,1093.5
Uganda,1933,22.3,1066.1
Uganda,1934,22.3,1065.6
Uganda,1935,22.4,1167.5
Uganda,1936,22.3,1162.4
Uganda,1937,22.3,1247.3
Uganda,1938,22.4,1056.1
Uganda,1939,22.5,986.0
Uganda,1940,22.8,1182.8
Uganda,1941,22.9,1286.9
Uganda,1942,22.7,1182.4
Uganda,1943,22.6,952.5
Uganda,1944,22.6,1200.0
Uganda,1945,22.6,1144.2
Uganda,1946,22.5,1229.1
Uganda,1947,22.4,1273.3
Uganda,1948,22.4,1177.1
Uganda,1949,22.6,1042.7
Uganda,1950,22.1,1093.3
Uganda,1951,22.6,1382.6
Uganda,1952,22.9,1053.2
Uganda,1953,22.9,1080.3
Uganda,1954,22.7,1127.5
Uganda,1955,22.6,1210.9
Uganda,1956,22.2,1149.9
Uganda,1957,22.6,1166.0
Uganda,1958,23.0,1146.6
Uganda,1959,22.8,1166.3
Uganda,1960,22.7,1143.8
Uganda,1961,22.5,1549.8
Uganda,1962,22.2,1275.4
Uganda,1963,22.4,1308.3
Uganda,1964,22.3,1208.2
Uganda,1965,22.5,1048.6
Uganda,1966,22.6,1159.4
Uganda,1967,22.3,1208.1
Uganda,1968,22.1,1211.7
Uganda,1969,22.7,1128.2
Uganda,1970,22.7,1220.5
Uganda,1971,22.3,1069.7
Uganda,1972,22.7,1214.3
Uganda,1973,22.9,1097.4
Uganda,1974,22.6,1133.7
Uganda,1975,22.6,1265.0
Uganda,1976,22.7,1162.6
Uganda,1977,22.9,1327.9
Uganda,1978,22.8,1307.2
Uganda,1979,22.9,1059.7
Uganda,1980,23.1,1037.8
Uganda,1981,23.3,1148.2
Uganda,1982,23.2,1205.2
Uganda,1983,23.5,1087.3
Uganda,1984,23.3,998.1
Uganda,1985,23.0,1140.3
Uganda,1986,23.2,1059.1
Uganda,1987,23.6,1058.2
Uganda,1988,23.3,1317.7
Uganda,1989,22.7,1147.1
Uganda,1990,23.4,1130.0
Uganda,1991,23.1,1190.9
Uganda,1992,23.0,1084.6
Uganda,1993,23.1,1013.1
Uganda,1994,23.0,1243.7
Uganda,1995,23.4,1173.8
Uganda,1996,23.1,1277.6
Uganda,1997,23.2,1255.6
Uganda,1998,23.3,1172.1
Uganda,1999,23.1,1229.5
Uganda,2000,23.5,1098.8
Uganda,2001,23.7,1180.1
Uganda,2002,24.0,1196.6
Uganda,2003,23.9,1186.0
Uganda,2004,24.0,1149.2
Uganda,2005,24.0,1029.2
Uganda,2006,23.9,1244.9
Uganda,2007,23.9,1384.5
Uganda,2008,23.9,1222.6
Uganda,2009,24.4,1124.7
Uganda,2010,24.2,1324.7
Uganda,2011,23.7,1293.2
Uganda,2012,23.3,1346.5
Uganda,2013,23.4,1402.4
Uganda,2014,23.4,1136.9
Uganda,2015,23.4,1271.7
Uganda,2016,23.6,1214.4
Uganda,2017,23.5,1387.9
Uganda,2018,23.3,1260.0
Uganda,2019,23.5,1555.0
Uganda,2020,23.5,1449.1
Uganda,2021,23.4,1321.4
Uganda,2022,23.5,1353.8
Uganda,2023,23.9,1236.3
Uganda,2024,23.5,1186.7
Ukraine,1901,8.6,522.1
Ukraine,1902,7.0,512.7
Ukraine,1903,8.8,480.1
Ukraine,1904,7.5,419.1
Ukraine,1905,8.3,537.6
Ukraine,1906,8.7,622.5
Ukraine,1907,6.8,462.4
Ukraine,1908,6.9,511.4
Ukraine,1909,7.8,487.9
Ukraine,1910,8.8,558.7
Ukraine,1911,7.4,500.9
Ukraine,1912,7.2,674.0
Ukraine,1913,8.5,565.9
Ukraine,1914,8.3,563.5
Ukraine,1915,8.1,617.1
Ukraine,1916,8.3,551.7
Ukraine,1917,7.5,552.5
Ukraine,1918,8.5,494.4
Ukraine,1919,7.5,637.9
Ukraine,1920,7.9,418.4
Ukraine,1921,8.1,405.8
Ukraine,1922,7.7,662.4
Ukraine,1923,8.5,481.3
Ukraine,1924,7.4,450.7
Ukraine,1925,8.9,626.9
Ukraine,1926,8.0,516.8
Ukraine,1927,7.8,513.4
Ukraine,1928,7.1,483.6
Ukraine,1929,6.9,469.0
Ukraine,1930,8.6,556.4
Ukraine,1931,7.3,569.2
Ukraine,1932,8.3,602.8
Ukraine,1933,6.5,675.1
Ukraine,1934,9.0,406.6
Ukraine,1935,8.1,523.4
Ukraine,1936,9.0,529.1
Ukraine,1937,8.9,595.2
Ukraine,1938,9.2,514.4
Ukraine,1939,8.8,554.5
Ukraine,1940,6.7,599.0
Ukraine,1941,6.6,704.9
Ukraine,1942,6.0,445.3
Ukraine,1943,8.1,493.2
Ukraine,1944,8.6,520.5
Ukraine,1945,7.1,495.7
Ukraine,1946,8.4,423.7
Ukraine,1947,8.0,590.1
Ukraine,1948,8.4,499.2
Ukraine,1949,8.6,504.7
Ukraine,1950,8.3,488.1
Ukraine,1951,8.6,431.1
Ukraine,1952,8.2,631.6
Ukraine,1953,7.8,442.7
Ukraine,1954,7.5,505.1
Ukraine,1955,8.2,614.4
Ukraine,1956,6.5,555.4
Ukraine,1957,8.8,458.3
Ukraine,1958,8.3,602.6
Ukraine,1959,8.0,468.2
Ukraine,1960,8.7,641.1
Ukraine,1961,8.7,466.2
Ukraine,1962,8.4,545.5
Ukraine,1963,7.5,486.2
Ukraine,1964,7.6,523.8
Ukraine,1965,7.2,589.6
Ukraine,1966,9.4,679.7
Ukraine,1967,8.6,531.9
Ukraine,1968,8.2,560.9
Ukraine,1969,7.0,551.0
Ukraine,1970,8.3,669.3
Ukraine,1971,8.5,538.7
Ukraine,1972,8.6,493.5
Ukraine,1973,8.1,581.3
Ukraine,1974,8.7,558.7
Ukraine,1975,9.7,425.8
Ukraine,1976,6.9,578.5
Ukraine,1977,8.3,637.8
Ukraine,1978,7.6,601.4
Ukraine,1979,8.5,543.4
Ukraine,1980,7.2,699.4
Ukraine,1981,9.0,662.5
Ukraine,1982,8.5,486.1
Ukraine,1983,9.3,486.3
Ukraine,1984,8.2,505.3
Ukraine,1985,7.0,598.1
Ukraine,1986,8.3,462.0
Ukraine,1987,6.6,524.0
Ukraine,1988,8.2,620.7
Ukraine,1989,9.8,516.6
Ukraine,1990,9.6,523.5
Ukraine,1991,8.6,515.5
Ukraine,1992,8.8,535.7
Ukraine,1993,7.9,516.1
Ukraine,1994,9.0,480.6
Ukraine,1995,8.9,599.8
Ukraine,1996,7.7,562.0
Ukraine,1997,7.8,660.8
Ukraine,1998,8.6,591.9
Ukraine,1999,9.6,544.6
Ukraine,2000,9.6,516.4
Ukraine,2001,9.0,623.1
Ukraine,2002,9.5,538.9
Ukraine,2003,8.4,519.2
Ukraine,2004,9.0,644.7
Ukraine,2005,9.0,597.3
Ukraine,2006,8.7,550.7
Ukraine,2007,10.1,526.2
Ukraine,2008,9.8,537.6
Ukraine,2009,9.6,560.9
Ukraine,2010,9.4,659.5
Ukraine,2011,9.1,454.5
Ukraine,2012,9.4,554.8
Ukraine,2013,9.7,562.3
Ukraine,2014,9.7,514.3
Ukraine,2015,10.4,495.2
Ukraine,2016,9.8,639.3
Ukraine,2017,9.8,524.7
Ukraine,2018,9.9,546.3
Ukraine,2019,10.7,458.7
Ukraine,2020,10.9,487.6
Ukraine,2021,9.4,627.5
Ukraine,2022,10.0,559.7
Ukraine,2023,10.9,595.3
Ukraine,2024,11.3,499.5
United Arab Emirates,1901,27.7,70.3
United Arab Emirates,1902,27.4,58.2
United Arab Emirates,1903,26.7,60.9
United Arab Emirates,1904,27.0,61.9
United Arab Emirates,1905,26.8,84.2
United Arab Emirates,1906,26.8,83.5
United Arab Emirates,1907,26.8,75.6
United Arab Emirates,1908,27.2,59.4
United Arab Emirates,1909,27.5,72.6
United Arab Emirates,1910,26.6,67.5
United Arab Emirates,1911,26.3,72.4
United Arab Emirates,1912,26.9,84.1
United Arab Emirates,1913,26.7,84.7
United Arab Emirates,1914,27.1,70.7
United Arab Emirates,1915,27.2,64.6
United Arab Emirates,1916,27.0,84.2
United Arab Emirates,1917,27.1,69.7
United Arab Emirates,1918,26.9,68.2
United Arab Emirates,1919,27.3,69.6
United Arab Emirates,1920,27.1,61.8
United Arab Emirates,1921,27.3,64.8
United Arab Emirates,1922,27.4,59.5
United Arab Emirates,1923,27.0,73.5
United Arab Emirates,1924,27.6,62.2
United Arab Emirates,1925,26.9,60.7
United Arab Emirates,1926,27.2,68.2
United Arab Emirates,1927,27.3,65.7
United Arab Emirates,1928,27.4,71.5
United Arab Emirates,1929,27.2,65.6
United Arab Emirates,1930,27.3,59.0
United Arab Emirates,1931,27.2,74.7
United Arab Emirates,1932,26.9,73.9
United Arab Emirates,1933,26.7,69.7
United Arab Emirates,1934,26.9,73.0
United Arab Emirates,1935,27.4,72.3
United Arab Emirates,1936,27.0,70.1
United Arab Emirates,1937,27.1,70.5
United Arab Emirates,1938,27.1,60.3
United Arab Emirates,1939,27.1,78.1
United Arab Emirates,1940,27.5,67.7
United Arab Emirates,1941,27.5,63.9
United Arab Emirates,1942,27.3,64.8
United Arab Emirates,1943,27.1,75.3
United Arab Emirates,1944,27.3,70.1
United Arab Emirates,1945,27.1,58.6
United Arab Emirates,1946,27.3,62.8
United Arab Emirates,1947,27.2,67.3
United Arab Emirates,1948,27.2,80.7
United Arab Emirates,1949,27.0,72.6
United Arab Emirates,1950,26.8,60.2
United Arab Emirates,1951,27.9,77.5
United Arab Emirates,1952,27.8,62.4
United Arab Emirates,1953,27.9,62.4
United Arab Emirates,1954,28.1,64.8
United Arab Emirates,1955,27.7,95.6
United Arab Emirates,1956,27.4,59.9
United Arab Emirates,1957,27.1,96.6
United Arab Emirates,1958,27.8,62.1
United Arab Emirates,1959,27.2,71.5
United Arab Emirates,1960,27.8,63.8
United Arab Emirates,1961,27.2,66.6
United Arab Emirates,1962,27.8,31.1
United Arab Emirates,1963,27.7,57.3
United Arab Emirates,1964,26.6,91.4
United Arab Emirates,1965,27.6,63.0
United Arab Emirates,1966,27.8,51.1
United Arab Emirates,1967,26.9,37.6
United Arab Emirates,1968,27.1,80.6
United Arab Emirates,1969,27.8,67.5
United Arab Emirates,1970,27.8,31.8
United Arab Emirates,1971,27.1,37.7
United Arab Emirates,1972,26.4,106.7
United Arab Emirates,1973,27.3,31.1
United Arab Emirates,1974,27.0,67.7
United Arab Emirates,1975,27.0,65.4
United Arab Emirates,1976,26.9,168.4
United Arab Emirates,1977,27.8,79.5
United Arab Emirates,1978,27.6,54.7
United Arab Emirates,1979,27.8,88.4
United Arab Emirates,1980,27.8,67.2
United Arab Emirates,1981,27.8,52.7
United Arab Emirates,1982,26.8,152.3
United Arab Emirates,1983,26.9,82.2
United Arab Emirates,1984,27.3,49.3
United Arab Emirates,1985,27.4,29.5
United Arab Emirates,1986,27.3,62.5
United Arab Emirates,1987,27.7,87.6
United Arab Emirates,1988,27.7,77.8
United Arab Emirates,1989,27.0,78.7
United Arab Emirates,1990,27.7,59.3
United Arab Emirates,1991,27.4,70.5
United Arab Emirates,1992,26.6,82.5
United Arab Emirates,1993,27.5,96.6
United Arab Emirates,1994,27.9,39.6
United Arab Emirates,1995,27.5,78.7
United Arab Emirates,1996,27.9,95.6
United Arab Emirates,1997,27.5,108.3
United Arab Emirates,1998,28.6,64.8
United Arab Emirates,1999,28.8,59.4
United Arab Emirates,2000,28.3,54.7
United Arab Emirates,2001,28.4,25.6
United Arab Emirates,2002,28.2,43.2
United Arab Emirates,2003,28.3,45.8
United Arab Emirates,2004,28.5,45.6
United Arab Emirates,2005,28.0,55.3
United Arab Emirates,2006,28.5,66.8
United Arab Emirates,2007,28.5,48.5
United Arab Emirates,2008,28.3,35.6
United Arab Emirates,2009,28.5,89.6
United Arab Emirates,2010,29.1,35.2
United Arab Emirates,2011,28.4,41.1
United Arab Emirates,2012,28.6,44.5
United Arab Emirates,2013,28.5,51.3
United Arab Emirates,2014,28.2,81.3
United Arab Emirates,2015,28.5,59.3
United Arab Emirates,2016,28.7,64.3
United Arab Emirates,2017,28.5,74.5
United Arab Emirates,2018,28.8,60.6
United Arab Emirates,2019,28.3,76.9
United Arab Emirates,2020,28.2,73.1
United Arab Emirates,2021,29.0,54.7
United Arab Emirates,2022,28.6,63.2
United Arab Emirates,2023,28.9,59.4
United Arab Emirates,2024,28.6,75.0
United Kingdom,1901,8.2,1027.9
United Kingdom,1902,7.9,956.3
United Kingdom,1903,8.1,1404.4
United Kingdom,1904,8.2,1029.8
United Kingdom,1905,8.3,1012.0
United Kingdom,1906,8.3,1153.2
United Kingdom,1907,8.0,1144.3
United Kingdom,1908,8.5,1066.4
United Kingdom,1909,7.8,1138.4
United Kingdom,1910,8.3,1188.5
United Kingdom,1911,8.9,1085.7
United Kingdom,1912,8.3,1261.0
United Kingdom,1913,8.7,1057.0
United Kingdom,1914,8.8,1180.0
United Kingdom,1915,8.0,1148.9
United Kingdom,1916,8.3,1280.9
United Kingdom,1917,7.8,1119.2
United Kingdom,1918,8.5,1216.4
United Kingdom,1919,7.7,1125.0
United Kingdom,1920,8.7,1209.6
United Kingdom,1921,9.3,971.5
United Kingdom,1922,7.9,1108.5
United Kingdom,1923,8.2,1311.3
United Kingdom,1924,8.4,1258.6
United Kingdom,1925,8.3,1142.6
United Kingdom,1926,8.8,1172.2
United Kingdom,1927,8.3,1295.6
United Kingdom,1928,8.5,1326.3
United Kingdom,1929,8.3,1138.8
United Kingdom,1930,8.5,1260.3
United Kingdom,1931,8.2,1183.5
United Kingdom,1932,8.6,1173.6
United Kingdom,1933,9.0,919.9
United Kingdom,1934,9.1,1141.8
United Kingdom,1935,8.6,1241.5
United Kingdom,1936,8.6,1131.0
United Kingdom,1937,8.5,1104.0
United Kingdom,1938,9.0,1264.5
United Kingdom,1939,8.8,1148.7
United Kingdom,1940,8.3,1144.8
United Kingdom,1941,8.1,1022.1
United Kingdom,1942,8.2,1127.8
United Kingdom,1943,9.1,1139.7
United Kingdom,1944,8.7,1172.2
United Kingdom,1945,9.4,1099.0
United Kingdom,1946,8.6,1214.1
United Kingdom,1947,8.5,1063.0
United Kingdom,1948,9.0,1279.6
United Kingdom,1949,9.5,1129.2
United Kingdom,1950,8.5,1283.0
United Kingdom,1951,8.3,1278.1
United Kingdom,1952,8.2,1080.4
United Kingdom,1953,9.1,1004.9
United Kingdom,1954,8.3,1380.1
United Kingdom,1955,8.4,967.6
United Kingdom,1956,8.1,1094.2
United Kingdom,1957,9.0,1163.2
United Kingdom,1958,8.5,1211.8
United Kingdom,1959,9.5,1060.8
United Kingdom,1960,8.8,1285.7
United Kingdom,1961,8.8,1160.0
United Kingdom,1962,7.8,1085.6
United Kingdom,1963,7.7,1055.0
United Kingdom,1964,8.5,993.6
United Kingdom,1965,7.9,1198.8
United Kingdom,1966,8.4,1255.4
United Kingdom,1967,8.6,1271.5
United Kingdom,1968,8.4,1138.3
United Kingdom,1969,8.3,1073.2
United Kingdom,1970,8.5,1186.7
United Kingdom,1971,9.0,999.4
United Kingdom,1972,8.3,1028.4
United Kingdom,1973,8.6,1011.5
United Kingdom,1974,8.6,1222.6
United Kingdom,1975,9.0,985.2
United Kingdom,1976,8.9,1050.1
United Kingdom,1977,8.5,1162.1
United Kingdom,1978,8.4,1125.1
United Kingdom,1979,7.8,1238.5
United Kingdom,1980,8.5,1240.2
United Kingdom,1981,8.3,1240.5
United Kingdom,1982,8.8,1284.8
United Kingdom,1983,8.9,1144.4
United Kingdom,1984,8.7,1180.5
United Kingdom,1985,8.0,1194.2
United Kingdom,1986,7.8,1259.9
United Kingdom,1987,8.2,1143.8
United Kingdom,1988,8.9,1251.5
United Kingdom,1989,9.4,1118.8
United Kingdom,1990,9.5,1319.5
United Kingdom,1991,8.7,1092.0
United Kingdom,1992,8.9,1294.5
United Kingdom,1993,8.5,1237.2
United Kingdom,1994,9.0,1311.9
United Kingdom,1995,9.4,1153.7
United Kingdom,1996,8.4,1025.4
United Kingdom,1997,9.6,1126.5
United Kingdom,1998,9.3,1370.8
United Kingdom,1999,9.5,1324.7
United Kingdom,2000,9.2,1399.0
United Kingdom,2001,9.0,1105.6
United Kingdom,2002,9.6,1402.6
United Kingdom,2003,9.6,961.7
United Kingdom,2004,9.5,1218.1
United Kingdom,2005,9.5,1137.3
United Kingdom,2006,9.7,1186.3
United Kingdom,2007,9.7,1207.7
United Kingdom,2008,9.2,1328.8
United Kingdom,2009,9.3,1309.1
United Kingdom,2010,8.2,1068.6
United Kingdom,2011,9.5,1194.0
United Kingdom,2012,9.0,1376.2
United Kingdom,2013,8.9,1160.6
United Kingdom,2014,9.9,1399.1
United Kingdom,2015,9.2,1317.8
United Kingdom,2016,9.4,1196.3
United Kingdom,2017,9.6,1208.0
United Kingdom,2018,9.5,1144.8
United Kingdom,2019,9.6,1296.0
United Kingdom,2020,9.7,1359.2
United Kingdom,2021,9.4,1171.3
United Kingdom,2022,10.1,1176.4
United Kingdom,2023,10.1,1449.5
United Kingdom,2024,9.9,1306.2
Uruguay,1901,17.4,958.7
Uruguay,1902,17.4,1031.0
Uruguay,1903,17.0,1183.9
Uruguay,1904,16.9,1123.1
Uruguay,1905,16.7,1073.7
Uruguay,1906,17.4,893.9
Uruguay,1907,16.7,922.6
Uruguay,1908,17.1,1024.7
Uruguay,1909,16.9,993.4
Uruguay,1910,17.1,871.9
Uruguay,1911,16.4,1182.5
Uruguay,1912,17.1,1422.9
Uruguay,1913,17.8,1174.8
Uruguay,1914,17.3,1659.3
Uruguay,1915,17.0,1135.5
Uruguay,1916,17.2,736.1
Uruguay,1917,17.1,910.7
Uruguay,1918,17.0,1127.4
Uruguay,1919,17.4,1333.6
Uruguay,1920,17.3,1056.7
Uruguay,1921,16.9,1032.1
Uruguay,1922,17.0,1158.7
Uruguay,1923,16.9,1148.0
Uruguay,1924,16.4,894.2
Uruguay,1925,17.3,1154.5
Uruguay,1926,17.9,1204.7
Uruguay,1927,17.6,1062.9
Uruguay,1928,16.9,1133.0
Uruguay,1929,17.6,967.3
Uruguay,1930,17.6,1233.9
Uruguay,1931,17.0,1106.7
Uruguay,1932,18.1,1209.9
Uruguay,1933,17.8,971.0
Uruguay,1934,17.3,1226.0
Uruguay,1935,17.5,1001.2
Uruguay,1936,17.5,1364.4
Uruguay,1937,17.3,974.7
Uruguay,1938,17.3,1220.1
Uruguay,1939,17.6,1211.1
Uruguay,1940,17.5,1602.9
Uruguay,1941,17.1,1252.1
Uruguay,1942,17.2,1112.8
Uruguay,1943,17.9,1069.5
Uruguay,1944,18.3,1141.5
Uruguay,1945,18.2,1123.5
Uruguay,1946,17.3,1360.5
Uruguay,1947,17.5,1047.7
Uruguay,1948,17.5,1192.7
Uruguay,1949,17.6,1168.7
Uruguay,1950,17.6,1235.1
Uruguay,1951,17.8,1165.2
Uruguay,1952,17.9,1122.1
Uruguay,1953,17.9,1142.1
Uruguay,1954,17.6,1091.3
Uruguay,1955,17.1,1062.5
Uruguay,1956,16.9,1146.5
Uruguay,1957,17.7,1151.5
Uruguay,1958,17.9,1254.4
Uruguay,1959,17.5,1555.3
Uruguay,1960,18.0,1002.0
Uruguay,1961,18.0,1246.7
Uruguay,1962,17.3,866.8
Uruguay,1963,17.9,1579.3
Uruguay,1964,16.9,962.9
Uruguay,1965,17.7,1056.6
Uruguay,1966,17.2,1295.4
Uruguay,1967,17.9,1376.7
Uruguay,1968,17.7,1126.3
Uruguay,1969,17.8,909.8
Uruguay,1970,17.8,1185.6
Uruguay,1971,17.4,1215.4
Uruguay,1972,17.7,1360.7
Uruguay,1973,17.4,1248.6
Uruguay,1974,17.4,1133.0
Uruguay,1975,17.6,1129.9
Uruguay,1976,17.0,1315.4
Uruguay,1977,18.1,1550.7
Uruguay,1978,17.5,1451.4
Uruguay,1979,17.4,906.4
Uruguay,1980,18.1,1384.5
Uruguay,1981,17.9,1220.0
Uruguay,1982,18.0,1282.4
Uruguay,1983,17.4,1284.2
Uruguay,1984,17.3,1541.8
Uruguay,1985,18.1,1279.4
Uruguay,1986,18.2,1524.6
Uruguay,1987,17.7,1177.2
Uruguay,1988,17.1,1002.1
Uruguay,1989,18.0,824.8
Uruguay,1990,17.6,1484.8
Uruguay,1991,18.1,1307.2
Uruguay,1992,17.6,1322.1
Uruguay,1993,17.7,1443.7
Uruguay,1994,18.2,1185.3
Uruguay,1995,17.6,1099.6
Uruguay,1996,17.7,1083.3
Uruguay,1997,18.3,1330.8
Uruguay,1998,17.4,1418.4
Uruguay,1999,17.5,1054.9
Uruguay,2000,17.5,1463.6
Uruguay,2001,18.5,1591.8
Uruguay,2002,18.0,1884.9
Uruguay,2003,17.6,1524.0
Uruguay,2004,17.9,1084.3
Uruguay,2005,18.0,1353.2
Uruguay,2006,18.3,1182.2
Uruguay,2007,17.5,1422.6
Uruguay,2008,18.1,901.4
Uruguay,2009,17.9,1234.2
Uruguay,2010,17.9,1250.9
Uruguay,2011,17.8,1121.1
Uruguay,2012,18.5,1335.0
Uruguay,2013,17.7,1137.9
Uruguay,2014,18.4,1691.0
Uruguay,2015,18.4,1286.8
Uruguay,2016,17.7,1209.8
Uruguay,2017,18.7,1411.7
Uruguay,2018,18.3,1338.9
Uruguay,2019,18.2,1374.5
Uruguay,2020,18.2,897.6
Uruguay,2021,18.1,1074.1
Uruguay,2022,17.8,992.2
Uruguay,2023,18.9,1162.4
Uruguay,2024,18.4,1268.6
Uzbekistan,1901,12.3,207.7
Uzbekistan,1902,12.6,243.4
Uzbekistan,1903,11.4,200.9
Uzbekistan,1904,11.8,193.1
Uzbekistan,1905,11.6,187.6
Uzbekistan,1906,12.2,223.1
Uzbekistan,1907,11.3,241.9
Uzbekistan,1908,11.8,219.0
Uzbekistan,1909,12.8,161.0
Uzbekistan,1910,12.2,177.7
Uzbekistan,1911,11.4,227.9
Uzbekistan,1912,12.3,180.4
Uzbekistan,1913,12.4,202.9
Uzbekistan,1914,13.0,226.5
Uzbekistan,1915,13.6,174.5
Uzbekistan,1916,11.6,174.0
Uzbekistan,1917,12.7,92.5
Uzbekistan,1918,11.4,189.2
Uzbekistan,1919,11.5,196.7
Uzbekistan,1920,10.8,238.1
Uzbekistan,1921,11.7,229.4
Uzbekistan,1922,12.7,207.7
Uzbekistan,1923,11.7,235.9
Uzbekistan,1924,11.9,239.0
Uzbekistan,1925,12.8,159.0
Uzbekistan,1926,12.3,208.2
Uzbekistan,1927,12.1,151.2
Uzbekistan,1928,11.0,207.0
Uzbekistan,1929,10.8,173.1
Uzbekistan,1930,11.3,181.1
Uzbekistan,1931,10.9,246.5
Uzbekistan,1932,11.6,206.9
Uzbekistan,1933,11.6,232.6
Uzbekistan,1934,10.6,236.5
Uzbekistan,1935,11.6,189.5
Uzbekistan,1936,12.0,162.4
Uzbekistan,1937,11.5,171.2
Uzbekistan,1938,12.3,191.0
Uzbekistan,1939,12.5,198.8
Uzbekistan,1940,13.0,224.2
Uzbekistan,1941,13.1,224.5
Uzbekistan,1942,12.1,217.1
Uzbekistan,1943,11.3,224.2
Uzbekistan,1944,12.9,130.1
Uzbekistan,1945,11.2,239.8
Uzbekistan,1946,12.1,151.7
Uzbekistan,1947,12.6,188.5
Uzbekistan,1948,12.4,179.6
Uzbekistan,1949,10.7,234.4
Uzbekistan,1950,10.7,145.5
Uzbekistan,1951,11.6,201.2
Uzbekistan,1952,11.8,246.4
Uzbekistan,1953,12.2,282.0
Uzbekistan,1954,11.0,199.8
Uzbekistan,1955,13.0,173.3
Uzbekistan,1956,11.7,192.5
Uzbekistan,1957,11.4,192.2
Uzbekistan,1958,12.4,257.9
Uzbekistan,1959,11.3,212.3
Uzbekistan,1960,11.6,208.9
Uzbekistan,1961,12.9,172.0
Uzbekistan,1962,12.5,208.9
Uzbekistan,1963,13.0,241.7
Uzbekistan,1964,11.3,228.1
Uzbekistan,1965,12.6,184.4
Uzbekistan,1966,13.0,193.2
Uzbekistan,1967,12.4,231.2
Uzbekistan,1968,12.3,218.3
Uzbekistan,1969,10.7,369.7
Uzbekistan,1970,12.6,181.0
Uzbekistan,1971,13.0,135.9
Uzbekistan,1972,10.5,219.7
Uzbekistan,1973,12.4,218.3
Uzbekistan,1974,11.6,174.1
Uzbekistan,1975,12.7,146.9
Uzbekistan,1976,11.6,219.9
Uzbekistan,1977,12.7,210.8
Uzbekistan,1978,12.3,269.3
Uzbekistan,1979,13.0,224.5
Uzbekistan,1980,12.4,231.2
Uzbekistan,1981,13.1,283.1
Uzbekistan,1982,12.1,214.0
Uzbekistan,1983,13.7,189.8
Uzbekistan,1984,11.7,200.9
Uzbekistan,1985,12.5,194.5
Uzbekistan,1986,12.7,173.3
Uzbekistan,1987,12.4,266.3
Uzbekistan,1988,13.2,226.4
Uzbekistan,1989,12.7,189.0
Uzbekistan,1990,13.2,223.2
Uzbekistan,1991,12.8,250.4
Uzbekistan,1992,12.3,258.1
Uzbekistan,1993,11.7,299.2
Uzbekistan,1994,12.1,239.8
Uzbekistan,1995,13.8,149.1
Uzbekistan,1996,12.1,159.0
Uzbekistan,1997,13.4,229.0
Uzbekistan,1998,12.9,291.1
Uzbekistan,1999,13.8,229.6
Uzbekistan,2000,13.7,184.0
Uzbekistan,2001,13.7,185.2
Uzbekistan,2002,13.7,273.7
Uzbekistan,2003,12.8,311.5
Uzbekistan,2004,14.2,255.4
Uzbekistan,2005,13.8,223.4
Uzbekistan,2006,13.6,216.9
Uzbekistan,2007,13.7,211.5
Uzbekistan,2008,13.2,180.4
Uzbekistan,2009,13.4,257.1
Uzbekistan,2010,14.1,198.6
Uzbekistan,2011,12.8,220.8
Uzbekistan,2012,13.0,208.8
Uzbekistan,2013,14.2,243.8
Uzbekistan,2014,12.6,227.6
Uzbekistan,2015,14.0,266.9
Uzbekistan,2016,14.4,280.8
Uzbekistan,2017,13.7,213.8
Uzbekistan,2018,13.4,193.8
Uzbekistan,2019,14.2,240.3
Uzbekistan,2020,13.6,201.9
Uzbekistan,2021,14.4,150.8
Uzbekistan,2022,14.5,245.2
Uzbekistan,2023,15.3,174.7
Uzbekistan,2024,14.3,247.6
Vanatu,1901,24.6,3008.5
Vanatu,1902,24.4,3008.0
Vanatu,1903,24.6,3006.9
Vanatu,1904,24.3,3012.6
Vanatu,1905,24.4,3006.3
Vanatu,1906,24.5,3007.0
Vanatu,1907,24.6,3007.3
Vanatu,1908,24.5,3011.0
Vanatu,1909,24.7,3011.2
Vanatu,1910,24.9,3018.3
Vanatu,1911,24.4,3008.6
Vanatu,1912,24.4,3011.6
Vanatu,1913,24.4,3010.4
Vanatu,1914,24.4,3010.7
Vanatu,1915,24.5,3010.6
Vanatu,1916,24.5,3011.4
Vanatu,1917,24.4,3012.8
Vanatu,1918,24.4,3010.1
Vanatu,1919,24.4,3008.7
Vanatu,1920,24.4,3010.7
Vanatu,1921,24.4,3008.7
Vanatu,1922,24.4,3013.5
Vanatu,1923,24.4,3010.2
Vanatu,1924,24.4,3008.4
Vanatu,1925,24.4,3008.2
Vanatu,1926,24.4,3008.2
Vanatu,1927,24.4,3006.7
Vanatu,1928,24.4,3009.4
Vanatu,1929,24.5,3009.8
Vanatu,1930,24.4,3009.2
Vanatu,1931,24.5,3006.7
Vanatu,1932,24.6,3010.9
Vanatu,1933,24.5,3013.5
Vanatu,1934,24.4,3009.1
Vanatu,1935,24.4,3011.3
Vanatu,1936,24.3,3005.1
Vanatu,1937,24.4,3018.9
Vanatu,1938,24.5,3035.2
Vanatu,1939,24.4,3006.8
Vanatu,1940,24.5,3003.2
Vanatu,1941,24.6,2996.9
Vanatu,1942,24.5,2999.9
Vanatu,1943,24.5,3023.1
Vanatu,1944,24.5,3011.7
Vanatu,1945,24.6,3011.7
Vanatu,1946,24.7,3011.9
Vanatu,1947,24.7,3014.9
Vanatu,1948,24.7,3020.4
Vanatu,1949,24.6,2937.5
Vanatu,1950,24.5,3165.1
Vanatu,1951,24.4,3188.1
Vanatu,1952,24.5,3118.9
Vanatu,1953,24.1,2705.6
Vanatu,1954,24.0,3217.6
Vanatu,1955,24.0,3493.0
Vanatu,1956,24.2,2875.5
Vanatu,1957,23.9,2753.4
Vanatu,1958,24.3,2280.3
Vanatu,1959,24.2,3204.7
Vanatu,1960,24.1,3129.8
Vanatu,1961,24.4,4388.5
Vanatu,1962,24.4,3552.5
Vanatu,1963,24.2,3284.4
Vanatu,1964,24.6,2986.6
Vanatu,1965,23.7,3310.5
Vanatu,1966,23.8,2382.8
Vanatu,1967,24.3,3303.9
Vanatu,1968,23.9,2790.7
Vanatu,1969,24.3,2995.3
Vanatu,1970,24.5,3327.4
Vanatu,1971,24.3,3305.9
Vanatu,1972,24.1,3252.8
Vanatu,1973,25.0,2872.4
Vanatu,1974,24.5,3042.7
Vanatu,1975,24.6,3376.8
Vanatu,1976,24.5,3179.1
Vanatu,1977,24.4,2604.6
Vanatu,1978,24.5,1985.5
Vanatu,1979,24.5,2255.8
Vanatu,1980,24.6,2330.6
Vanatu,1981,24.7,2727.8
Vanatu,1982,24.4,3116.6
Vanatu,1983,24.6,3025.3
Vanatu,1984,24.6,3014.1
Vanatu,1985,24.6,2803.7
Vanatu,1986,24.5,2422.5
Vanatu,1987,24.6,3031.2
Vanatu,1988,25.1,3621.1
Vanatu,1989,24.7,3560.4
Vanatu,1990,24.8,2491.1
Vanatu,1991,24.5,2845.5
Vanatu,1992,24.4,2313.7
Vanatu,1993,24.3,1824.8
Vanatu,1994,24.3,2277.5
Vanatu,1995,25.0,2316.7
Vanatu,1996,24.9,2493.1
Vanatu,1997,24.5,2507.8
Vanatu,1998,25.4,2851.9
Vanatu,1999,25.1,3116.1
Vanatu,2000,24.9,2948.8
Vanatu,2001,24.7,3087.6
Vanatu,2002,24.8,2857.4
Vanatu,2003,24.7,2943.0
Vanatu,2004,24.9,2275.1
Vanatu,2005,24.9,3042.2
Vanatu,2006,24.7,3062.4
Vanatu,2007,24.9,3217.5
Vanatu,2008,24.7,3014.4
Vanatu,2009,24.9,2659.8
Vanatu,2010,25.2,2819.9
Vanatu,2011,24.7,3108.8
Vanatu,2012,24.5,3054.0
Vanatu,2013,24.6,3004.2
Vanatu,2014,24.6,2940.0
Vanatu,2015,24.6,3008.2
Vanatu,2016,25.0,3011.8
Vanatu,2017,24.9,3007.5
Vanatu,2018,24.6,3011.1
Vanatu,2019,24.7,3007.8
Vanatu,2020,24.9,3009.4
Vanatu,2021,24.9,3014.0
Vanatu,2022,25.0,3018.6
Vanatu,2023,24.7,3011.4
Vanatu,2024,25.1,3007.1
Venezuela,1901,25.1,1857.8
Venezuela,1902,24.8,1854.5
Venezuela,1903,24.9,1871.4
Venezuela,1904,24.7,1953.1
Venezuela,1905,24.7,1897.1
Venezuela,1906,24.7,1830.6
Venezuela,1907,24.8,1837.5
Venezuela,1908,24.6,1963.3
Venezuela,1909,24.7,1862.5
Venezuela,1910,24.7,1904.3
Venezuela,1911,24.8,1918.8
Venezuela,1912,24.8,1909.5
Venezuela,1913,24.8,1952.1
Venezuela,1914,24.7,1930.7
Venezuela,1915,25.1,1915.6
Venezuela,1916,25.0,1909.1
Venezuela,1917,24.9,1907.9
Venezuela,1918,24.9,1897.7
Venezuela,1919,24.7,1827.0
Venezuela,1920,24.6,1913.5
Venezuela,1921,24.8,1893.2
Venezuela,1922,24.6,1858.7
Venezuela,1923,24.8,1764.7
Venezuela,1924,24.7,1781.8
Venezuela,1925,24.7,1722.4
Venezuela,1926,25.2,1804.3
Venezuela,1927,24.6,2034.8
Venezuela,1928,24.8,1827.4
Venezuela,1929,24.7,1836.4
Venezuela,1930,24.9,1793.1
Venezuela,1931,25.1,2153.5
Venezuela,1932,25.3,1775.8
Venezuela,1933,24.9,2035.4
Venezuela,1934,25.1,1784.8
Venezuela,1935,25.0,1828.1
Venezuela,1936,25.1,1894.4
Venezuela,1937,25.2,2056.6
Venezuela,1938,25.0,2181.8
Venezuela,1939,25.1,1691.3
Venezuela,1940,25.7,1601.6
Venezuela,1941,26.0,1704.4
Venezuela,1942,25.7,2123.2
Venezuela,1943,25.2,2010.9
Venezuela,1944,25.4,2115.1
Venezuela,1945,25.1,1991.0
Venezuela,1946,25.2,1946.7
Venezuela,1947,25.5,1802.0
Venezuela,1948,25.1,1984.6
Venezuela,1949,25.0,1965.0
Venezuela,1950,24.6,2086.9
Venezuela,1951,25.2,2014.2
Venezuela,1952,25.4,1848.9
Venezuela,1953,25.3,1881.2
Venezuela,1954,24.9,2213.7
Venezuela,1955,24.8,2044.7
Venezuela,1956,24.8,2067.1
Venezuela,1957,25.2,1682.0
Venezuela,1958,25.8,1725.0
Venezuela,1959,25.3,1752.8
Venezuela,1960,25.3,1812.2
Venezuela,1961,25.3,1808.3
Venezuela,1962,25.2,1884.2
Venezuela,1963,25.3,1987.2
Venezuela,1964,25.2,1789.6
Venezuela,1965,25.1,1751.7
Venezuela,1966,25.3,2035.5
Venezuela,1967,24.9,1874.3
Venezuela,1968,25.0,1815.2
Venezuela,1969,25.6,1926.3
Venezuela,1970,25.2,2031.5
Venezuela,1971,24.7,1862.5
Venezuela,1972,25.2,1893.8
Venezuela,1973,25.4,1803.9
Venezuela,1974,24.9,1714.4
Venezuela,1975,24.8,1815.9
Venezuela,1976,24.8,1810.3
Venezuela,1977,25.4,1721.3
Venezuela,1978,25.3,1876.1
Venezuela,1979,25.5,2057.6
Venezuela,1980,25.6,1931.1
Venezuela,1981,25.4,2244.9
Venezuela,1982,25.3,1866.6
Venezuela,1983,25.8,1845.2
Venezuela,1984,25.2,1917.5
Venezuela,1985,25.0,2058.0
Venezuela,1986,25.2,1956.6
Venezuela,1987,25.9,1853.9
Venezuela,1988,25.4,2056.3
Venezuela,1989,25.1,1739.4
Venezuela,1990,25.5,2026.8
Venezuela,1991,25.4,1742.3
Venezuela,1992,25.4,1727.5
Venezuela,1993,25.4,1939.9
Venezuela,1994,25.4,1881.2
Venezuela,1995,25.7,1895.2
Venezuela,1996,25.5,2026.1
Venezuela,1997,25.8,1741.1
Venezuela,1998,26.2,2136.5
Venezuela,1999,25.4,2263.9
Venezuela,2000,25.4,1943.1
Venezuela,2001,25.9,1615.6
Venezuela,2002,25.9,1790.0
Venezuela,2003,26.1,1934.3
Venezuela,2004,25.8,1985.9
Venezuela,2005,26.0,2106.4
Venezuela,2006,25.8,1986.2
Venezuela,2007,25.8,2038.9
Venezuela,2008,25.6,2010.7
Venezuela,2009,26.1,1574.4
Venezuela,2010,26.3,2275.8
Venezuela,2011,25.8,2109.4
Venezuela,2012,25.8,1827.3
Venezuela,2013,25.9,1855.5
Venezuela,2014,26.0,1605.4
Venezuela,2015,26.3,1655.3
Venezuela,2016,26.4,1801.8
Venezuela,2017,25.9,1792.7
Venezuela,2018,25.6,1913.2
Venezuela,2019,25.9,1850.5
Venezuela,2020,26.0,1833.5
Venezuela,2021,25.7,1902.4
Venezuela,2022,25.6,1963.4
Venezuela,2023,26.1,1737.7
Venezuela,2024,26.4,1812.3
Vietnam,1901,24.5,1573.0
Vietnam,1902,24.6,1584.1
Vietnam,1903,24.4,1627.8
Vietnam,1904,24.3,1847.7
Vietnam,1905,24.7,1658.8
Vietnam,1906,24.8,1609.0
Vietnam,1907,24.4,1643.2
Vietnam,1908,24.4,1874.2
Vietnam,1909,24.5,1857.8
Vietnam,1910,24.4,1785.0
Vietnam,1911,24.6,1786.5
Vietnam,1912,24.5,1692.1
Vietnam,1913,24.4,1888.6
Vietnam,1914,24.6,1744.2
Vietnam,1915,24.5,1744.9
Vietnam,1916,24.4,1662.2
Vietnam,1917,24.3,1713.7
Vietnam,1918,24.5,1841.4
Vietnam,1919,24.6,1636.4
Vietnam,1920,24.5,1848.4
Vietnam,1921,24.4,1871.3
Vietnam,1922,24.7,1774.9
Vietnam,1923,24.7,1839.0
Vietnam,1924,24.6,1767.3
Vietnam,1925,24.3,1744.3
Vietnam,1926,24.7,1870.3
Vietnam,1927,24.6,1797.1
Vietnam,1928,24.7,1710.6
Vietnam,1929,24.7,1791.0
Vietnam,1930,24.6,1672.2
Vietnam,1931,24.8,1612.7
Vietnam,1932,24.5,1706.4
Vietnam,1933,24.8,1674.8
Vietnam,1934,24.5,1830.4
Vietnam,1935,24.9,1689.0
Vietnam,1936,24.4,1688.0
Vietnam,1937,24.7,1730.7
Vietnam,1938,24.4,1665.2
Vietnam,1939,24.4,1756.5
Vietnam,1940,24.7,1686.6
Vietnam,1941,25.1,1803.4
Vietnam,1942,24.8,1713.2
Vietnam,1943,24.6,1631.7
Vietnam,1944,24.5,1819.0
Vietnam,1945,24.6,1834.1
Vietnam,1946,25.0,1779.1
Vietnam,1947,24.6,1727.9
Vietnam,1948,24.6,1701.2
Vietnam,1949,24.7,1824.2
Vietnam,1950,24.5,1745.8
Vietnam,1951,24.3,1768.3
Vietnam,1952,24.6,1739.4
Vietnam,1953,24.6,1785.5
Vietnam,1954,24.5,1729.8
Vietnam,1955,24.2,1665.8
Vietnam,1956,24.2,1726.8
Vietnam,1957,24.4,1663.0
Vietnam,1958,24.6,1608.8
Vietnam,1959,24.6,1669.1
Vietnam,1960,24.7,1726.9
Vietnam,1961,24.5,1831.7
Vietnam,1962,24.3,1609.8
Vietnam,1963,24.4,1791.5
Vietnam,1964,24.4,1774.5
Vietnam,1965,24.5,1663.0
Vietnam,1966,24.9,1790.0
Vietnam,1967,24.2,1635.4
Vietnam,1968,24.4,1690.2
Vietnam,1969,24.6,1565.9
Vietnam,1970,24.4,1857.6
Vietnam,1971,24.1,1792.1
Vietnam,1972,24.5,1834.2
Vietnam,1973,24.8,1757.3
Vietnam,1974,24.2,1806.3
Vietnam,1975,24.5,1833.3
Vietnam,1976,24.2,1649.5
Vietnam,1977,24.5,1593.5
Vietnam,1978,24.6,1859.5
Vietnam,1979,24.9,1619.5
Vietnam,1980,24.8,1747.2
Vietnam,1981,24.5,1726.5
Vietnam,1982,24.4,1754.2
Vietnam,1983,24.6,1762.3
Vietnam,1984,24.3,1735.5
Vietnam,1985,24.3,1732.5
Vietnam,1986,24.5,1893.4
Vietnam,1987,25.1,1585.9
Vietnam,1988,24.7,1650.5
Vietnam,1989,24.7,1591.8
Vietnam,1990,25.0,1809.3
Vietnam,1991,25.1,1662.1
Vietnam,1992,24.7,1599.8
Vietnam,1993,24.7,1597.6
Vietnam,1994,24.9,1918.3
Vietnam,1995,24.7,1725.9
Vietnam,1996,24.5,1801.7
Vietnam,1997,24.9,1778.9
Vietnam,1998,25.5,1702.2
Vietnam,1999,24.7,1896.9
Vietnam,2000,24.7,1684.2
Vietnam,2001,24.9,1885.5
Vietnam,2002,25.0,1838.7
Vietnam,2003,25.1,1605.6
Vietnam,2004,24.8,1584.2
Vietnam,2005,25.0,1770.5
Vietnam,2006,25.1,1695.3
Vietnam,2007,24.9,1747.9
Vietnam,2008,24.4,1902.2
Vietnam,2009,25.0,1611.0
Vietnam,2010,25.2,1593.9
Vietnam,2011,24.4,1793.2
Vietnam,2012,25.1,1870.0
Vietnam,2013,24.9,1841.7
Vietnam,2014,25.0,1680.3
Vietnam,2015,25.4,1745.8
Vietnam,2016,25.3,1761.2
Vietnam,2017,25.0,1851.1
Vietnam,2018,25.0,1758.6
Vietnam,2019,25.5,1639.1
Vietnam,2020,25.4,1671.5
Vietnam,2021,25.2,1757.6
Vietnam,2022,24.9,1721.7
Vietnam,2023,25.7,1726.9
Vietnam,2024,25.7,1784.8
Virgin Isl,1901,26.6,1655.1
Virgin Isl,1902,26.1,1402.2
Virgin Isl,1903,26.1,1287.6
Virgin Isl,1904,25.7,1374.3
Virgin Isl,1905,26.0,1328.5
Virgin Isl,1906,25.7,1172.8
Virgin Isl,1907,25.4,1193.0
Virgin Isl,1908,25.4,1266.2
Virgin Isl,1909,25.4,1342.0
Virgin Isl,1910,25.5,1318.7
Virgin Isl,1911,25.4,1408.6
Virgin Isl,1912,25.7,1165.9
Virgin Isl,1913,25.3,1183.3
Virgin Isl,1914,25.6,1309.9
Virgin Isl,1915,26.3,1243.1
Virgin Isl,1916,25.9,1383.2
Virgin Isl,1917,25.4,1139.0
Virgin Isl,1918,25.6,1166.0
Virgin Isl,1919,25.8,1187.5
Virgin Isl,1920,25.4,1191.2
Virgin Isl,1921,25.2,1202.2
Virgin Isl,1922,25.2,1239.9
Virgin Isl,1923,26.1,1059.4
Virgin Isl,1924,26.5,1288.2
Virgin Isl,1925,25.6,1100.2
Virgin Isl,1926,26.5,1149.7
Virgin Isl,1927,26.2,1312.4
Virgin Isl,1928,26.1,1648.3
Virgin Isl,1929,25.6,1121.0
Virgin Isl,1930,25.8,1056.1
Virgin Isl,1931,26.6,1691.0
Virgin Isl,1932,26.6,1569.1
Virgin Isl,1933,26.2,1424.6
Virgin Isl,1934,26.0,1334.0
Virgin Isl,1935,25.7,1266.8
Virgin Isl,1936,26.0,1456.6
Virgin Isl,1937,26.2,1087.7
Virgin Isl,1938,25.8,1390.7
Virgin Isl,1939,26.0,1244.9
Virgin Isl,1940,26.6,1340.4
Virgin Isl,1941,26.6,1317.2
Virgin Isl,1942,26.7,1474.5
Virgin Isl,1943,26.1,1303.1
Virgin Isl,1944,26.3,1286.8
Virgin Isl,1945,25.8,1154.8
Virgin Isl,1946,26.0,1177.6
Virgin Isl,1947,26.2,1044.6
Virgin Isl,1948,26.2,1341.4
Virgin Isl,1949,25.9,1341.8
Virgin Isl,1950,25.7,1353.3
Virgin Isl,1951,26.0,1297.9
Virgin Isl,1952,26.0,1418.1
Virgin Isl,1953,25.9,1204.6
Virgin Isl,1954,25.6,1297.4
Virgin Isl,1955,25.6,1146.0
Virgin Isl,1956,25.4,1343.5
Virgin Isl,1957,25.9,1022.0
Virgin Isl,1958,26.4,1416.5
Virgin Isl,1959,26.1,1174.8
Virgin Isl,1960,26.2,1558.5
Virgin Isl,1961,25.9,1336.0
Virgin Isl,1962,26.0,1217.3
Virgin Isl,1963,26.1,1235.6
Virgin Isl,1964,26.1,939.1
Virgin Isl,1965,26.0,1327.4
Virgin Isl,1966,26.1,1167.8
Virgin Isl,1967,25.9,866.7
Virgin Isl,1968,26.0,1127.1
Virgin Isl,1969,26.5,1519.2
Virgin Isl,1970,26.2,1536.6
Virgin Isl,1971,25.8,1154.2
Virgin Isl,1972,26.1,1061.8
Virgin Isl,1973,26.1,950.2
Virgin Isl,1974,25.9,1275.5
Virgin Isl,1975,25.9,1286.2
Virgin Isl,1976,25.8,985.0
Virgin Isl,1977,26.3,1256.2
Virgin Isl,1978,26.2,1140.6
Virgin Isl,1979,26.3,1741.7
Virgin Isl,1980,26.7,938.2
Virgin Isl,1981,26.6,1489.2
Virgin Isl,1982,26.3,1186.9
Virgin Isl,1983,26.9,1164.1
Virgin Isl,1984,26.4,1377.7
Virgin Isl,1985,26.4,1232.2
Virgin Isl,1986,26.5,1247.8
Virgin Isl,1987,27.2,1409.5
Virgin Isl,1988,26.8,1286.5
Virgin Isl,1989,26.4,1229.2
Virgin Isl,1990,26.7,1175.8
Virgin Isl,1991,26.7,985.3
Virgin Isl,1992,26.8,1397.6
Virgin Isl,1993,26.9,1038.0
Virgin Isl,1994,26.8,977.2
Virgin Isl,1995,27.0,1130.3
Virgin Isl,1996,26.8,1085.3
Virgin Isl,1997,27.2,1034.9
Virgin Isl,1998,27.5,1624.8
Virgin Isl,1999,26.9,1443.5
Virgin Isl,2000,26.8,891.3
Virgin Isl,2001,27.1,1207.1
Virgin Isl,2002,27.3,1134.0
Virgin Isl,2003,27.2,1494.8
Virgin Isl,2004,26.8,1534.2
Virgin Isl,2005,27.1,1641.2
Virgin Isl,2006,26.9,1658.6
Virgin Isl,2007,26.9,1253.5
Virgin Isl,2008,26.5,1501.9
Virgin Isl,2009,26.9,1347.1
Virgin Isl,2010,27.2,1760.8
Virgin Isl,2011,26.8,1614.2
Virgin Isl,2012,26.9,1057.8
Virgin Isl,2013,27.1,1619.8
Virgin Isl,2014,27.1,1530.5
Virgin Isl,2015,27.3,867.3
Virgin Isl,2016,27.3,1435.6
Virgin Isl,2017,27.1,1455.7
Virgin Isl,2018,26.8,1181.8
Virgin Isl,2019,27.2,1185.2
Virgin Isl,2020,27.2,1328.3
Virgin Isl,2021,27.1,1120.8
Virgin Isl,2022,27.0,1158.8
Virgin Isl,2023,27.4,1331.9
Virgin Isl,2024,27.8,1778.9
Western Sahara,1901,23.1,53.5
Western Sahara,1902,23.1,46.2
Western Sahara,1903,22.9,51.5
Western Sahara,1904,22.9,48.5
Western Sahara,1905,23.0,43.3
Western Sahara,1906,23.0,44.5
Western Sahara,1907,22.6,44.9
Western Sahara,1908,22.9,46.5
Western Sahara,1909,23.0,50.0
Western Sahara,1910,22.9,51.0
Western Sahara,1911,22.9,41.8
Western Sahara,1912,23.0,47.9
Western Sahara,1913,23.0,47.9
Western Sahara,1914,22.9,49.7
Western Sahara,1915,23.1,47.7
Western Sahara,1916,22.8,48.0
Western Sahara,1917,22.6,47.5
Western Sahara,1918,22.5,58.5
Western Sahara,1919,23.2,48.9
Western Sahara,1920,22.4,48.3
Western Sahara,1921,22.5,40.8
Western Sahara,1922,22.7,47.6
Western Sahara,1923,23.0,43.1
Western Sahara,1924,22.9,51.3
Western Sahara,1925,22.7,47.8
Western Sahara,1926,23.7,42.2
Western Sahara,1927,23.4,47.9
Western Sahara,1928,23.2,47.0
Western Sahara,1929,22.9,45.4
Western Sahara,1930,23.0,48.2
Western Sahara,1931,23.1,48.3
Western Sahara,1932,22.9,40.7
Western Sahara,1933,23.0,55.4
Western Sahara,1934,23.0,42.7
Western Sahara,1935,23.2,44.6
Western Sahara,1936,23.2,47.4
Western Sahara,1937,23.7,42.0
Western Sahara,1938,23.2,46.5
Western Sahara,1939,22.9,37.5
Western Sahara,1940,23.4,32.6
Western Sahara,1941,23.3,35.5
Western Sahara,1942,23.0,51.0
Western Sahara,1943,22.9,67.0
Western Sahara,1944,23.1,79.5
Western Sahara,1945,23.6,35.4
Western Sahara,1946,23.0,51.8
Western Sahara,1947,23.5,47.8
Western Sahara,1948,23.4,30.8
Western Sahara,1949,23.3,61.3
Western Sahara,1950,23.2,50.5
Western Sahara,1951,22.7,88.7
Western Sahara,1952,23.0,53.8
Western Sahara,1953,23.1,101.0
Western Sahara,1954,22.8,72.2
Western Sahara,1955,23.6,30.3
Western Sahara,1956,22.5,78.2
Western Sahara,1957,22.7,39.6
Western Sahara,1958,23.3,37.7
Western Sahara,1959,22.8,29.8
Western Sahara,1960,23.1,25.2
Western Sahara,1961,23.8,29.6
Western Sahara,1962,23.4,63.3
Western Sahara,1963,23.2,41.4
Western Sahara,1964,23.5,44.5
Western Sahara,1965,23.1,56.2
Western Sahara,1966,23.3,49.8
Western Sahara,1967,22.9,56.2
Western Sahara,1968,22.8,34.6
Western Sahara,1969,23.3,49.7
Western Sahara,1970,23.4,46.4
Western Sahara,1971,22.3,32.2
Western Sahara,1972,22.1,58.3
Western Sahara,1973,22.9,40.9
Western Sahara,1974,22.5,30.0
Western Sahara,1975,22.8,32.7
Western Sahara,1976,22.5,40.7
Western Sahara,1977,22.9,21.4
Western Sahara,1978,23.3,30.2
Western Sahara,1979,23.2,60.8
Western Sahara,1980,23.1,50.5
Western Sahara,1981,23.2,33.4
Western Sahara,1982,22.9,30.7
Western Sahara,1983,23.7,19.5
Western Sahara,1984,23.0,32.1
Western Sahara,1985,23.3,45.2
Western Sahara,1986,22.8,48.8
Western Sahara,1987,24.0,52.1
Western Sahara,1988,23.3,42.7
Western Sahara,1989,23.4,66.3
Western Sahara,1990,23.8,24.7
Western Sahara,1991,23.0,25.5
Western Sahara,1992,23.1,30.6
Western Sahara,1993,22.9,79.7
Western Sahara,1994,23.1,35.9
Western Sahara,1995,23.9,57.1
Western Sahara,1996,23.6,56.2
Western Sahara,1997,24.1,39.9
Western Sahara,1998,24.1,59.4
Western Sahara,1999,23.6,42.2
Western Sahara,2000,23.5,45.0
Western Sahara,2001,24.3,38.2
Western Sahara,2002,23.9,47.6
Western Sahara,2003,23.9,44.7
Western Sahara,2004,23.8,43.1
Western Sahara,2005,23.9,55.4
Western Sahara,2006,23.9,34.2
Western Sahara,2007,23.7,31.3
Western Sahara,2008,23.8,66.9
Western Sahara,2009,24.0,39.8
Western Sahara,2010,24.5,58.0
Western Sahara,2011,23.9,39.9
Western Sahara,2012,23.9,34.4
Western Sahara,2013,24.1,37.6
Western Sahara,2014,23.9,42.9
Western Sahara,2015,24.0,43.4
Western Sahara,2016,24.1,51.4
Western Sahara,2017,24.4,35.9
Western Sahara,2018,23.3,42.4
Western Sahara,2019,23.7,38.0
Western Sahara,2020,24.4,38.4
Western Sahara,2021,24.0,58.0
Western Sahara,2022,24.3,44.5
Western Sahara,2023,24.7,42.4
Western Sahara,2024,24.6,45.7
Wrangel Isl,1901,-12.9,220.5
Wrangel Isl,1902,-13.9,220.5
Wrangel Isl,1903,-13.4,220.5
Wrangel Isl,1904,-12.5,220.5
Wrangel Isl,1905,-13.4,220.5
Wrangel Isl,1906,-12.8,220.5
Wrangel Isl,1907,-13.7,220.5
Wrangel Isl,1908,-13.2,220.5
Wrangel Isl,1909,-12.8,220.5
Wrangel Isl,1910,-13.8,220.5
Wrangel Isl,1911,-13.1,220.5
Wrangel Isl,1912,-12.5,220.5
Wrangel Isl,1913,-12.6,220.5
Wrangel Isl,1914,-12.4,220.5
Wrangel Isl,1915,-13.3,220.5
Wrangel Isl,1916,-13.9,220.5
Wrangel Isl,1917,-12.7,220.5
Wrangel Isl,1918,-13.7,220.5
Wrangel Isl,1919,-13.7,220.5
Wrangel Isl,1920,-13.6,220.5
Wrangel Isl,1921,-12.6,220.5
Wrangel Isl,1922,-12.9,220.5
Wrangel Isl,1923,-12.7,220.5
Wrangel Isl,1924,-13.7,220.5
Wrangel Isl,1925,-12.8,220.5
Wrangel Isl,1926,-12.0,220.5
Wrangel Isl,1927,-12.4,220.5
Wrangel Isl,1928,-12.9,212.9
Wrangel Isl,1929,-12.9,167.3
Wrangel Isl,1930,-12.9,212.3
Wrangel Isl,1931,-14.0,80.6
Wrangel Isl,1932,-13.5,92.4
Wrangel Isl,1933,-13.4,131.2
Wrangel Isl,1934,-12.4,131.1
Wrangel Isl,1935,-12.5,119.7
Wrangel Isl,1936,-13.3,167.4
Wrangel Isl,1937,-10.9,107.0
Wrangel Isl,1938,-12.0,139.8
Wrangel Isl,1939,-12.9,128.9
Wrangel Isl,1940,-10.9,130.6
Wrangel Isl,1941,-12.0,162.2
Wrangel Isl,1942,-12.6,140.0
Wrangel Isl,1943,-11.7,174.1
Wrangel Isl,1944,-12.6,168.6
Wrangel Isl,1945,-13.0,107.8
Wrangel Isl,1946,-13.9,224.2
Wrangel Isl,1947,-12.9,153.7
Wrangel Isl,1948,-13.3,146.9
Wrangel Isl,1949,-13.0,213.1
Wrangel Isl,1950,-12.0,240.7
Wrangel Isl,1951,-12.4,244.0
Wrangel Isl,1952,-12.5,218.7
Wrangel Isl,1953,-12.8,217.9
Wrangel Isl,1954,-12.1,303.0
Wrangel Isl,1955,-13.7,194.7
Wrangel Isl,1956,-13.0,256.1
Wrangel Isl,1957,-12.3,256.5
Wrangel Isl,1958,-12.7,225.5
Wrangel Isl,1959,-11.9,224.2
Wrangel Isl,1960,-11.8,273.0
Wrangel Isl,1961,-13.2,315.9
Wrangel Isl,1962,-11.2,269.1
Wrangel Isl,1963,-12.4,265.3
Wrangel Isl,1964,-14.1,313.3
Wrangel Isl,1965,-14.2,264.3
Wrangel Isl,1966,-12.9,297.6
Wrangel Isl,1967,-11.6,263.5
Wrangel Isl,1968,-12.3,272.9
Wrangel Isl,1969,-12.7,220.1
Wrangel Isl,1970,-12.5,232.3
Wrangel Isl,1971,-13.0,234.3
Wrangel Isl,1972,-12.2,244.4
Wrangel Isl,1973,-13.1,267.2
Wrangel Isl,1974,-12.8,179.9
Wrangel Isl,1975,-13.8,166.9
Wrangel Isl,1976,-14.3,175.7
Wrangel Isl,1977,-12.6,235.9
Wrangel Isl,1978,-12.0,212.6
Wrangel Isl,1979,-12.2,275.2
Wrangel Isl,1980,-13.0,193.8
Wrangel Isl,1981,-12.0,184.1
Wrangel Isl,1982,-12.1,162.0
Wrangel Isl,1983,-12.7,172.0
Wrangel Isl,1984,-13.0,181.0
Wrangel Isl,1985,-12.9,168.9
Wrangel Isl,1986,-12.1,142.2
Wrangel Isl,1987,-13.6,142.8
Wrangel Isl,1988,-12.7,155.8
Wrangel Isl,1989,-11.7,235.2
Wrangel Isl,1990,-12.2,209.4
Wrangel Isl,1991,-11.6,151.7
Wrangel Isl,1992,-13.1,177.9
Wrangel Isl,1993,-12.2,178.5
Wrangel Isl,1994,-13.3,201.6
Wrangel Isl,1995,-11.5,187.1
Wrangel Isl,1996,-11.3,210.0
Wrangel Isl,1997,-11.7,233.1
Wrangel Isl,1998,-11.9,193.5
Wrangel Isl,1999,-13.5,109.1
Wrangel Isl,2000,-12.1,206.6
Wrangel Isl,2001,-12.4,127.6
Wrangel Isl,2002,-11.1,136.1
Wrangel Isl,2003,-11.2,103.5
Wrangel Isl,2004,-10.8,236.2
Wrangel Isl,2005,-11.4,213.4
Wrangel Isl,2006,-12.0,225.7
Wrangel Isl,2007,-10.1,208.2
Wrangel Isl,2008,-11.7,165.2
Wrangel Isl,2009,-11.3,203.7
Wrangel Isl,2010,-10.6,206.5
Wrangel Isl,2011,-10.7,238.6
Wrangel Isl,2012,-11.8,249.7
Wrangel Isl,2013,-11.0,192.0
Wrangel Isl,2014,-9.1,187.9
Wrangel Isl,2015,-10.7,182.6
Wrangel Isl,2016,-8.5,143.7
Wrangel Isl,2017,-8.6,256.6
Wrangel Isl,2018,-9.5,173.5
Wrangel Isl,2019,-8.5,233.1
Wrangel Isl,2020,-9.8,162.8
Wrangel Isl,2021,-12.0,154.5
Wrangel Isl,2022,-10.1,132.1
Wrangel Isl,2023,-10.4,209.6
Wrangel Isl,2024,-10.5,258.2
Yap State,1901,27.5,4196.2
Yap State,1902,27.5,3838.6
Yap State,1903,27.5,3858.7
Yap State,1904,27.5,3667.1
Yap State,1905,27.5,3545.0
Yap State,1906,27.5,3588.8
Yap State,1907,27.5,3976.7
Yap State,1908,27.5,3761.1
Yap State,1909,27.5,3682.7
Yap State,1910,27.5,3318.7
Yap State,1911,27.5,3375.2
Yap State,1912,27.5,3294.2
Yap State,1913,27.5,3099.5
Yap State,1914,27.5,2667.1
Yap State,1915,27.5,3419.4
Yap State,1916,27.5,4484.4
Yap State,1917,27.5,3565.4
Yap State,1918,27.5,3601.1
Yap State,1919,27.5,3352.8
Yap State,1920,27.5,4018.7
Yap State,1921,27.3,3468.6
Yap State,1922,27.2,3513.8
Yap State,1923,27.1,4209.2
Yap State,1924,27.0,3401.1
Yap State,1925,27.1,3818.6
Yap State,1926,27.4,3825.8
Yap State,1927,27.4,4077.4
Yap State,1928,27.4,3625.6
Yap State,1929,27.0,3789.6
Yap State,1930,27.4,4028.5
Yap State,1931,27.4,3737.7
Yap State,1932,27.3,3955.7
Yap State,1933,27.3,3642.0
Yap State,1934,27.3,3987.2
Yap State,1935,27.3,3643.0
Yap State,1936,27.3,3776.3
Yap State,1937,27.3,3480.1
Yap State,1938,27.3,3883.6
Yap State,1939,27.3,3651.9
Yap State,1940,27.3,4195.2
Yap State,1941,27.1,3351.5
Yap State,1942,27.1,3416.2
Yap State,1943,27.0,4276.5
Yap State,1944,27.5,3706.8
Yap State,1945,27.2,3706.8
Yap State,1946,27.5,3706.8
Yap State,1947,27.4,3706.8
Yap State,1948,27.3,3903.2
Yap State,1949,27.3,3331.6
Yap State,1950,27.2,3685.4
Yap State,1951,27.5,3414.2
Yap State,1952,27.4,3786.4
Yap State,1953,27.5,4101.5
Yap State,1954,27.5,3376.7
Yap State,1955,27.3,4135.2
Yap State,1956,27.2,4196.2
Yap State,1957,27.5,3294.4
Yap State,1958,27.5,3159.2
Yap State,1959,27.4,3905.9
Yap State,1960,27.5,3965.0
Yap State,1961,27.3,4252.7
Yap State,1962,27.4,4512.3
Yap State,1963,27.4,4630.7
Yap State,1964,27.4,3341.6
Yap State,1965,27.2,3498.9
Yap State,1966,27.5,2843.4
Yap State,1967,27.2,4108.2
Yap State,1968,27.3,3136.9
Yap State,1969,27.5,3690.8
Yap State,1970,27.7,3337.1
Yap State,1971,27.5,4420.6
Yap State,1972,27.4,3673.2
Yap State,1973,27.5,2923.9
Yap State,1974,27.4,4285.5
Yap State,1975,27.2,3763.6
Yap State,1976,27.2,3705.0
Yap State,1977,27.5,3445.0
Yap State,1978,27.4,3749.6
Yap State,1979,27.4,3911.5
Yap State,1980,27.5,3778.6
Yap State,1981,27.6,4019.1
Yap State,1982,27.4,4037.3
Yap State,1983,27.6,3007.2
Yap State,1984,27.7,3321.7
Yap State,1985,27.5,4242.5
Yap State,1986,27.6,3736.8
Yap State,1987,27.7,3246.3
Yap State,1988,27.9,3440.8
Yap State,1989,27.6,3624.5
Yap State,1990,27.5,3607.2
Yap State,1991,27.4,3477.2
Yap State,1992,27.5,2794.7
Yap State,1993,27.4,3624.7
Yap State,1994,27.5,3513.2
Yap State,1995,27.4,3640.9
Yap State,1996,27.6,4362.7
Yap State,1997,27.5,3540.4
Yap State,1998,27.7,2967.5
Yap State,1999,27.6,3954.2
Yap State,2000,28.0,4026.7
Yap State,2001,28.1,3904.9
Yap State,2002,28.0,3832.7
Yap State,2003,27.9,4341.6
Yap State,2004,28.0,4126.9
Yap State,2005,27.9,3591.9
Yap State,2006,28.1,3550.2
Yap State,2007,27.9,4059.3
Yap State,2008,27.8,3366.7
Yap State,2009,27.8,3626.8
Yap State,2010,27.7,3478.7
Yap State,2011,27.8,4535.1
Yap State,2012,28.0,3946.3
Yap State,2013,28.2,3629.1
Yap State,2014,28.0,4087.9
Yap State,2015,28.0,3417.1
Yap State,2016,28.3,3259.9
Yap State,2017,28.1,4238.2
Yap State,2018,28.4,3887.5
Yap State,2019,28.2,3426.6
Yap State,2020,27.8,3550.3
Yap State,2021,27.7,4015.8
Yap State,2022,27.5,4141.7
Yap State,2023,27.7,3845.4
Yap State,2024,28.1,3576.3
Yemen,1901,25.6,180.8
Yemen,1902,25.6,158.6
Yemen,1903,25.6,178.3
Yemen,1904,25.6,175.7
Yemen,1905,25.6,183.4
Yemen,1906,25.6,164.5
Yemen,1907,25.5,163.2
Yemen,1908,25.6,164.1
Yemen,1909,25.5,169.5
Yemen,1910,25.6,166.0
Yemen,1911,25.6,195.3
Yemen,1912,25.5,167.0
Yemen,1913,25.5,169.7
Yemen,1914,25.6,182.1
Yemen,1915,25.6,165.7
Yemen,1916,25.6,173.3
Yemen,1917,25.6,171.9
Yemen,1918,25.6,157.0
Yemen,1919,25.6,169.4
Yemen,1920,25.6,171.1
Yemen,1921,25.6,161.8
Yemen,1922,25.6,175.8
Yemen,1923,25.6,180.3
Yemen,1924,25.6,165.3
Yemen,1925,25.6,166.0
Yemen,1926,25.6,172.4
Yemen,1927,25.6,176.6
Yemen,1928,25.6,160.7
Yemen,1929,25.6,177.0
Yemen,1930,25.6,166.3
Yemen,1931,25.6,154.6
Yemen,1932,25.6,175.1
Yemen,1933,25.6,150.6
Yemen,1934,25.6,163.1
Yemen,1935,25.6,167.5
Yemen,1936,25.6,171.1
Yemen,1937,25.6,156.3
Yemen,1938,25.6,165.5
Yemen,1939,25.6,167.7
Yemen,1940,25.6,160.4
Yemen,1941,25.6,166.7
Yemen,1942,25.4,161.3
Yemen,1943,25.3,158.1
Yemen,1944,25.5,159.0
Yemen,1945,25.4,139.8
Yemen,1946,25.5,173.5
Yemen,1947,25.4,141.8
Yemen,1948,25.5,140.7
Yemen,1949,25.2,150.7
Yemen,1950,25.2,175.8
Yemen,1951,25.5,165.2
Yemen,1952,25.4,141.6
Yemen,1953,25.6,167.0
Yemen,1954,25.7,232.9
Yemen,1955,25.5,174.4
Yemen,1956,25.3,173.1
Yemen,1957,25.2,160.5
Yemen,1958,25.6,140.9
Yemen,1959,25.3,148.6
Yemen,1960,25.6,165.4
Yemen,1961,25.5,235.6
Yemen,1962,25.4,162.8
Yemen,1963,25.5,293.9
Yemen,1964,25.2,245.5
Yemen,1965,25.5,173.7
Yemen,1966,25.6,146.0
Yemen,1967,25.4,240.2
Yemen,1968,25.3,223.0
Yemen,1969,25.8,145.4
Yemen,1970,25.7,151.1
Yemen,1971,25.2,96.7
Yemen,1972,25.5,100.6
Yemen,1973,25.7,167.1
Yemen,1974,25.4,177.6
Yemen,1975,25.5,185.3
Yemen,1976,25.7,153.1
Yemen,1977,25.8,206.7
Yemen,1978,25.6,127.3
Yemen,1979,25.7,168.2
Yemen,1980,25.9,94.6
Yemen,1981,25.7,124.3
Yemen,1982,25.7,107.4
Yemen,1983,25.6,226.7
Yemen,1984,25.4,91.6
Yemen,1985,25.7,113.3
Yemen,1986,25.7,150.7
Yemen,1987,26.0,155.8
Yemen,1988,25.9,161.1
Yemen,1989,25.5,201.9
Yemen,1990,26.0,114.2
Yemen,1991,25.8,155.7
Yemen,1992,25.6,185.6
Yemen,1993,25.8,170.8
Yemen,1994,25.8,156.1
Yemen,1995,25.9,166.0
Yemen,1996,25.9,168.3
Yemen,1997,25.9,180.5
Yemen,1998,26.4,174.3
Yemen,1999,26.0,190.6
Yemen,2000,25.9,177.0
Yemen,2001,26.0,168.1
Yemen,2002,26.1,172.2
Yemen,2003,26.2,169.3
Yemen,2004,26.0,170.9
Yemen,2005,26.0,167.3
Yemen,2006,26.1,167.3
Yemen,2007,26.2,189.1
Yemen,2008,25.8,169.6
Yemen,2009,26.3,167.1
Yemen,2010,26.3,167.4
Yemen,2011,26.1,171.3
Yemen,2012,26.1,166.1
Yemen,2013,26.0,166.1
Yemen,2014,26.1,169.0
Yemen,2015,26.4,166.8
Yemen,2016,26.2,170.6
Yemen,2017,26.3,169.5
Yemen,2018,26.0,168.4
Yemen,2019,26.4,166.7
Yemen,2020,26.1,168.7
Yemen,2021,26.1,167.6
Yemen,2022,26.1,171.1
Yemen,2023,26.4,176.7
Yemen,2024,26.5,175.4
Zambia,1901,21.4,1031.6
Zambia,1902,21.6,1045.3
Zambia,1903,21.7,954.1
Zambia,1904,21.1,1052.6
Zambia,1905,21.6,938.6
Zambia,1906,21.2,891.0
Zambia,1907,21.0,998.7
Zambia,1908,21.5,980.9
Zambia,1909,21.3,881.6
Zambia,1910,21.1,982.1
Zambia,1911,21.1,918.8
Zambia,1912,21.5,905.0
Zambia,1913,21.6,914.7
Zambia,1914,21.9,981.1
Zambia,1915,21.7,916.9
Zambia,1916,21.7,945.8
Zambia,1917,21.6,987.6
Zambia,1918,21.0,912.6
Zambia,1919,21.2,1057.1
Zambia,1920,21.6,1017.4
Zambia,1921,21.4,1051.1
Zambia,1922,22.0,884.0
Zambia,1923,21.6,1104.4
Zambia,1924,21.4,823.9
Zambia,1925,21.2,1161.3
Zambia,1926,21.4,1200.1
Zambia,1927,21.3,947.4
Zambia,1928,21.7,975.6
Zambia,1929,21.6,1025.8
Zambia,1930,21.3,949.8
Zambia,1931,21.8,1079.1
Zambia,1932,21.4,1052.7
Zambia,1933,21.3,953.7
Zambia,1934,21.5,1112.7
Zambia,1935,21.2,899.2
Zambia,1936,21.2,1113.2
Zambia,1937,21.2,979.3
Zambia,1938,21.5,990.5
Zambia,1939,21.1,1156.7
Zambia,1940,21.6,1014.9
Zambia,1941,21.9,1073.9
Zambia,1942,21.9,949.6
Zambia,1943,21.6,1020.7
Zambia,1944,21.7,1034.1
Zambia,1945,21.3,973.8
Zambia,1946,21.5,945.9
Zambia,1947,21.5,996.6
Zambia,1948,21.4,1061.0
Zambia,1949,22.0,834.8
Zambia,1950,21.4,1025.9
Zambia,1951,21.2,1060.3
Zambia,1952,21.6,1094.8
Zambia,1953,21.3,1088.8
Zambia,1954,21.4,945.5
Zambia,1955,21.2,989.8
Zambia,1956,20.9,1205.5
Zambia,1957,21.6,1043.8
Zambia,1958,21.4,1065.5
Zambia,1959,21.6,1020.0
Zambia,1960,21.4,951.9
Zambia,1961,21.4,1247.5
Zambia,1962,21.1,1274.1
Zambia,1963,20.8,1113.3
Zambia,1964,21.1,881.7
Zambia,1965,20.9,916.3
Zambia,1966,21.5,938.9
Zambia,1967,21.2,1096.4
Zambia,1968,21.3,1023.2
Zambia,1969,21.5,1195.1
Zambia,1970,21.7,981.5
Zambia,1971,21.2,979.0
Zambia,1972,21.3,912.7
Zambia,1973,21.5,880.2
Zambia,1974,20.8,1194.1
Zambia,1975,21.1,970.1
Zambia,1976,20.9,1129.3
Zambia,1977,21.6,1059.5
Zambia,1978,21.2,1272.7
Zambia,1979,21.4,1128.9
Zambia,1980,21.3,978.6
Zambia,1981,21.1,924.0
Zambia,1982,21.5,999.6
Zambia,1983,22.3,897.1
Zambia,1984,21.8,972.8
Zambia,1985,21.6,977.9
Zambia,1986,21.4,1097.8
Zambia,1987,22.3,812.5
Zambia,1988,21.7,958.1
Zambia,1989,21.6,1093.1
Zambia,1990,22.0,898.7
Zambia,1991,21.7,977.6
Zambia,1992,22.4,789.7
Zambia,1993,21.8,988.7
Zambia,1994,22.0,794.8
Zambia,1995,22.5,792.5
Zambia,1996,22.0,950.2
Zambia,1997,22.1,1056.7
Zambia,1998,22.4,948.6
Zambia,1999,21.6,878.6
Zambia,2000,21.7,1076.6
Zambia,2001,22.0,1093.5
Zambia,2002,22.2,915.8
Zambia,2003,22.3,1031.8
Zambia,2004,22.1,1114.8
Zambia,2005,23.0,866.0
Zambia,2006,21.9,1046.1
Zambia,2007,22.0,981.2
Zambia,2008,21.8,1030.4
Zambia,2009,21.9,1050.2
Zambia,2010,22.4,1054.7
Zambia,2011,21.8,983.3
Zambia,2012,21.9,1129.5
Zambia,2013,21.7,1029.6
Zambia,2014,21.8,1037.2
Zambia,2015,22.2,918.9
Zambia,2016,22.3,901.3
Zambia,2017,22.1,1183.0
Zambia,2018,21.8,1037.7
Zambia,2019,22.1,1012.4
Zambia,2020,21.9,1045.2
Zambia,2021,22.0,1006.3
Zambia,2022,21.7,1040.4
Zambia,2023,22.0,1026.8
Zambia,2024,22.2,1026.4
Zimbabwe,1901,20.9,900.7
Zimbabwe,1902,21.4,706.2
Zimbabwe,1903,21.6,592.6
Zimbabwe,1904,20.5,757.5
Zimbabwe,1905,21.4,554.3
Zimbabwe,1906,20.7,721.9
Zimbabwe,1907,20.5,922.5
Zimbabwe,1908,21.2,642.6
Zimbabwe,1909,21.0,716.2
Zimbabwe,1910,20.4,689.2
Zimbabwe,1911,20.4,780.5
Zimbabwe,1912,21.2,537.5
Zimbabwe,1913,21.4,602.3
Zimbabwe,1914,21.8,799.6
Zimbabwe,1915,21.4,788.5
Zimbabwe,1916,21.4,632.6
Zimbabwe,1917,21.2,725.9
Zimbabwe,1918,20.4,989.7
Zimbabwe,1919,20.7,795.2
Zimbabwe,1920,21.3,756.7
Zimbabwe,1921,21.0,879.4
Zimbabwe,1922,21.8,430.5
Zimbabwe,1923,21.3,887.4
Zimbabwe,1924,20.9,688.8
Zimbabwe,1925,20.7,1029.6
Zimbabwe,1926,21.1,907.7
Zimbabwe,1927,20.9,607.3
Zimbabwe,1928,21.4,667.8
Zimbabwe,1929,21.3,920.7
Zimbabwe,1930,20.8,690.4
Zimbabwe,1931,21.7,606.2
Zimbabwe,1932,21.2,833.1
Zimbabwe,1933,21.0,636.7
Zimbabwe,1934,21.4,753.6
Zimbabwe,1935,20.7,541.7
Zimbabwe,1936,20.8,838.2
Zimbabwe,1937,20.9,662.6
Zimbabwe,1938,21.3,785.8
Zimbabwe,1939,20.6,1107.4
Zimbabwe,1940,21.3,759.5
Zimbabwe,1941,21.7,696.0
Zimbabwe,1942,21.7,609.2
Zimbabwe,1943,21.1,859.2
Zimbabwe,1944,21.4,707.5
Zimbabwe,1945,20.8,710.4
Zimbabwe,1946,21.3,752.2
Zimbabwe,1947,21.5,590.0
Zimbabwe,1948,21.2,748.3
Zimbabwe,1949,21.5,587.8
Zimbabwe,1950,21.2,647.7
Zimbabwe,1951,21.0,629.0
Zimbabwe,1952,21.3,876.6
Zimbabwe,1953,20.9,988.0
Zimbabwe,1954,21.3,878.8
Zimbabwe,1955,21.0,859.5
Zimbabwe,1956,21.1,887.0
Zimbabwe,1957,21.9,689.4
Zimbabwe,1958,21.4,943.4
Zimbabwe,1959,21.5,711.5
Zimbabwe,1960,21.2,632.9
Zimbabwe,1961,21.2,722.6
Zimbabwe,1962,21.4,911.5
Zimbabwe,1963,20.7,672.1
Zimbabwe,1964,20.9,626.5
Zimbabwe,1965,20.9,451.5
Zimbabwe,1966,21.2,717.1
Zimbabwe,1967,20.9,727.0
Zimbabwe,1968,21.1,564.3
Zimbabwe,1969,21.4,929.7
Zimbabwe,1970,21.7,484.7
Zimbabwe,1971,21.1,648.6
Zimbabwe,1972,20.9,770.5
Zimbabwe,1973,21.3,760.1
Zimbabwe,1974,20.6,1014.1
Zimbabwe,1975,20.7,721.4
Zimbabwe,1976,20.6,839.0
Zimbabwe,1977,21.3,951.0
Zimbabwe,1978,20.8,1036.6
Zimbabwe,1979,21.1,626.8
Zimbabwe,1980,20.9,709.2
Zimbabwe,1981,20.5,877.6
Zimbabwe,1982,21.3,502.0
Zimbabwe,1983,22.1,515.8
Zimbabwe,1984,21.4,610.1
Zimbabwe,1985,21.2,838.9
Zimbabwe,1986,21.3,749.1
Zimbabwe,1987,21.9,513.7
Zimbabwe,1988,21.2,711.2
Zimbabwe,1989,21.3,705.8
Zimbabwe,1990,21.6,694.9
Zimbabwe,1991,21.7,557.4
Zimbabwe,1992,22.4,491.6
Zimbabwe,1993,21.8,725.9
Zimbabwe,1994,21.4,509.5
Zimbabwe,1995,22.2,484.1
Zimbabwe,1996,21.6,762.6
Zimbabwe,1997,21.7,874.8
Zimbabwe,1998,22.2,726.5
Zimbabwe,1999,21.5,749.8
Zimbabwe,2000,21.4,942.4
Zimbabwe,2001,21.7,927.8
Zimbabwe,2002,22.0,464.1
Zimbabwe,2003,22.1,646.1
Zimbabwe,2004,22.1,809.8
Zimbabwe,2005,22.9,628.2
Zimbabwe,2006,21.9,776.3
Zimbabwe,2007,22.0,736.2
Zimbabwe,2008,22.0,613.3
Zimbabwe,2009,22.1,699.1
Zimbabwe,2010,22.3,737.3
Zimbabwe,2011,21.8,790.8
Zimbabwe,2012,22.0,637.9
Zimbabwe,2013,21.6,689.4
Zimbabwe,2014,21.8,660.6
Zimbabwe,2015,22.4,450.4
Zimbabwe,2016,22.3,574.1
Zimbabwe,2017,21.9,978.5
Zimbabwe,2018,22.1,654.5
Zimbabwe,2019,22.5,763.7
Zimbabwe,2020,22.0,723.9
Zimbabwe,2021,22.0,652.4
Zimbabwe,2022,21.9,752.1
Zimbabwe,2023,22.2,727.1
Zimbabwe,2024,22.6,644.4
