,iso_id,year,pcGDP,growth_pcGDP,temp,precp,Pop
0,AFG,1961,1309.0,-0.012903404835907573,12.3,5.877455630496114,10043000.0
1,AFG,1962,1302.0,-0.00536194314138605,12.0,5.669191029886582,10267000.0
2,AFG,1963,1298.0,-0.0030769255044793553,12.9,5.900171288661591,10501000.0
3,AFG,1964,1291.0,-0.005407506417392405,11.3,5.853638230200579,10744000.0
4,AFG,1965,1290.0,-0.000774893490924633,12.2,5.977872593588515,10998000.0
5,AFG,1966,1272.0,-0.014051753455650129,12.5,5.734958092124651,11262000.0
6,AFG,1967,1277.0,0.003923112132471651,11.9,5.979138897417345,11538000.0
7,AFG,1968,1290.0,0.010128641323178478,12.0,5.9156628336917,11825000.0
8,AFG,1969,1278.0,-0.009345862418237871,11.7,5.966915674186569,12123000.0
9,AFG,1970,1272.0,-0.0047058910374122576,12.8,5.527045296156147,12431000.0
10,AFG,1971,1237.0,-0.027901371507580208,12.7,5.3471075307174685,12749000.0
11,AFG,1972,1007.0,-0.20571347967392484,10.8,6.065411792060065,13079000.0
12,AFG,1973,1011.0,0.003964326301908905,12.3,5.699439725222064,13421000.0
13,AFG,1974,1039.0,0.02731877207875577,11.5,5.778889947143006,13772000.0
14,AFG,1975,1074.0,0.03313128396958298,11.8,5.854211953681605,14132000.0
15,AFG,1976,1105.0,0.028455338883042636,11.8,5.957907763579139,14501000.0
16,AFG,1977,1022.0,-0.07808384318820316,12.8,5.781977322241258,14880000.0
17,AFG,1978,1070.0,0.04589715669230188,12.4,5.764877574016012,15269000.0
18,AFG,1979,1023.0,-0.04491916150432562,12.4,5.8990750978146345,15556000.0
19,AFG,1980,1019.0,-0.003917732728901058,12.7,5.9156628336917,15044000.0
20,AFG,1981,1144.0,0.11570913871701816,12.8,5.938591057500914,13676000.0
21,AFG,1982,1270.0,0.10448600751289394,11.7,6.081990573807353,12583000.0
22,AFG,1983,1347.0,0.058862996957726565,12.6,5.800001332396744,12439000.0
23,AFG,1984,1337.0,-0.00745159930842032,12.0,5.66953603592761,12769000.0
24,AFG,1985,1304.0,-0.02499183461534482,12.6,5.5556690891919835,13120000.0
25,AFG,1986,1344.0,0.030213778596496432,12.1,5.835979644267587,13126000.0
26,AFG,1987,1211.0,-0.1042037775300031,12.8,5.808442745199634,13056000.0
27,AFG,1988,1101.0,-0.09522760683041209,13.2,5.850188959750028,13169000.0
28,AFG,1989,999.0,-0.09721935807412585,12.0,5.822157927391522,13503000.0
29,AFG,1990,963.0,-0.03670136685042813,12.9,5.919968545402912,13568000.0
30,AFG,1991,881.1704385887347,-0.08880234419985289,12.3,6.096950054953959,13672000.0
31,AFG,1992,843.8753488998832,-0.043246274786603145,12.1,6.032606490439157,15023000.0
32,AFG,1993,578.4027440310482,-0.37773437780297403,12.3,5.838021949864404,17003000.0
33,AFG,1994,428.4245582895427,-0.3001557524723095,12.6,5.858789930203441,18486000.0
34,AFG,1995,632.9403962619846,0.39026159445082786,12.8,5.781052110147502,19445000.0
35,AFG,1996,600.175264462535,-0.05315453698858086,12.3,5.837438859468874,20111000.0
36,AFG,1997,570.5981189558812,-0.050536577831955753,12.6,5.842384324093829,20769000.0
37,AFG,1998,545.0387526687088,-0.04582824421718712,12.9,5.963322241161702,21452000.0
38,AFG,1999,518.6578667328783,-0.04961244847651436,13.5,5.798789578234536,22206000.0
39,AFG,2000,502.3727455986333,-0.03190208420084861,13.3,5.529429087511423,22461000.0
40,AFG,2001,489.68199690749356,-0.025586170753038928,13.6,5.494706180553427,22507000.0
41,AFG,2002,796.8165632460033,0.48686829874157844,13.4,5.784440377673656,23600000.0
42,AFG,2003,842.8051654796586,0.05611131760129506,12.9,5.884992302597465,25005000.0
43,AFG,2004,869.0392727868127,0.03065250646259088,13.6,5.785976712282188,25698000.0
44,AFG,2005,964.4081099472999,0.10412623826616318,13.0,5.9615206707349095,26335000.0
45,AFG,2006,1057.0965509287612,0.09176677041134873,13.4,5.8998973535824915,27154000.0
46,AFG,2007,1259.9967427573688,0.17558308882691787,13.2,5.810542011227735,27387000.0
47,AFG,2008,1319.6073672855257,0.04622510747858133,13.1,5.715052066914432,27706000.0
48,AFG,2009,1557.3206365722815,0.1656325606132052,13.3,6.008321664174405,28484000.0
49,AFG,2010,1627.671634100663,0.04418374434238004,13.7,5.7439642642890325,29121000.0
50,AFG,2011,1792.0,0.09618176627172659,13.1,5.811140992976701,29758000.0
51,AFG,2012,1945.0,0.08192966251767064,12.7,5.965377212344664,30420000.0
52,AFG,2013,2025.0,0.04030772348809286,13.6,5.949600343009283,31108000.0
53,AFG,2014,2022.0,-0.0014825799602222745,12.8,5.763622475012218,31823000.0
54,AFG,2015,1928.0,-0.047603924409926,13.4,6.052794802259588,32564000.0
55,AFG,2016,1931.2438124834036,0.001681061578343801,13.9,5.9511632503344565,33332000.0
56,AFG,2017,1909.7330149329885,-0.011200808236276671,13.5,5.769258056615112,34124811.0
57,AFG,2018,1888.8139278100407,-0.011014368874943337,13.7,5.655642099328266,34940837.0
58,AFG,2019,2031.7373493078433,0.07294218347592984,13.4,6.015913227510292,35972024.91585698
59,AFG,2020,1928.4546828441275,-0.05217226439620681,12.8,6.014204034077471,37033645.66072173
60,AFG,2021,1485.5470063081561,-0.2609359408901035,14.0,5.49141399650995,38126597.38038046
61,AFG,2022,1357.9878225212838,-0.08977899696434832,14.1,5.7477993600729755,39251804.727056004
62,AGO,1961,2225.0,0.1081108611845254,21.3,7.124236687422797,4752489.0
63,AGO,1962,2128.0,-0.044574344138805344,21.3,7.044556320474283,4826015.0
64,AGO,1963,2200.0,0.033274788884871676,21.3,7.016878706000491,4919586.0
65,AGO,1964,2407.0,0.08992379843666498,21.3,6.867766270765774,5026044.0
66,AGO,1965,2544.0,0.05535648667694115,21.3,6.90755525897947,5134818.0
67,AGO,1966,2646.0,0.039311420214888315,21.5,7.032182857357189,5201250.0
68,AGO,1967,2753.0,0.03964216046770552,21.3,7.082212660719289,5247469.0
69,AGO,1968,2665.0,-0.032487168542662204,21.4,7.026249173029926,5350384.0
70,AGO,1969,2695.0,0.011194146743152444,21.6,7.113711978873526,5471641.0
71,AGO,1970,2818.0,0.044629209115528035,21.6,6.876058192238882,5605626.0
72,AGO,1971,2754.0,-0.022973013170025425,21.4,6.903948040639183,5752957.0
73,AGO,1972,2729.0,-0.009119158580261022,21.4,6.89172751790494,5895212.0
74,AGO,1973,2852.0,0.04408526082584796,21.7,6.966024187106113,6026363.0
75,AGO,1974,2727.0,-0.04481839868859794,21.2,6.986843685301101,5987492.0
76,AGO,1975,1710.0,-0.4667087333488835,21.4,6.946687488983924,5885455.0
77,AGO,1976,1521.0,-0.11712535723741269,21.2,7.007329083878229,5943466.0
78,AGO,1977,1500.0,-0.013902905168991175,21.6,7.008053000297501,6163714.0
79,AGO,1978,1530.0,0.019802627296179764,21.4,6.950431553262574,6287180.0
80,AGO,1979,1527.0,-0.0019627091678486863,21.7,7.0261603433607585,6452546.0
81,AGO,1980,1532.0,0.003269045081903954,21.6,6.850867416775088,6743080.0
82,AGO,1981,1471.0,-0.040631629699098504,21.5,6.7915584845796255,6879574.0
83,AGO,1982,1374.0,-0.06821624781914348,21.5,6.881719264431296,7018526.0
84,AGO,1983,1288.0,-0.06463556611799515,21.9,6.8537213904896515,7240535.0
85,AGO,1984,1259.0,-0.02277287261995209,21.8,6.8737847594109835,7442448.0
86,AGO,1985,1242.0,-0.013594771550923035,21.7,6.892946163328429,7584709.0
87,AGO,1986,1106.0,-0.11597308041114385,21.6,7.0373790467756425,7748632.0
88,AGO,1987,1211.0,0.09069656147081151,22.1,6.904148783388026,7878396.0
89,AGO,1988,1360.0,0.11603823517700551,21.8,6.995216554752131,8023390.0
90,AGO,1989,1360.0,0.0,21.6,6.883769916231626,8153844.0
91,AGO,1990,1384.0,0.017493157447517227,21.8,6.9418668086109045,8296606.0
92,AGO,1991,1437.1472449740334,0.037682211578987435,21.6,6.98434588114385,8587260.0
93,AGO,1992,1389.3294866999718,-0.033838821685381326,21.8,6.840011626895618,8898840.0
94,AGO,1993,1080.4806439203319,-0.25141526428720695,21.7,6.943604931875834,9241700.0
95,AGO,1994,1120.8481500960654,0.036679692787159546,21.7,6.890202119734548,9600600.0
96,AGO,1995,1319.158949903447,0.16290869877302327,22.0,6.863803391452954,9963750.0
97,AGO,1996,1533.9839313399602,0.1508738535215972,21.8,6.900529233890397,10312910.0
98,AGO,1997,1687.317788312541,0.09527193275465162,21.9,6.9808198498391425,10651400.0
99,AGO,1998,1811.1681411006946,0.07083185829372596,22.2,6.943218943257706,10990170.0
100,AGO,1999,1899.415206073724,0.04757403358745549,21.7,6.964230125910116,11333740.0
101,AGO,2000,2013.6362295189435,0.05839610456869426,21.7,6.961106454479132,11676480.0
102,AGO,2001,2162.4850193097,0.07131587522487415,21.9,6.948417260701027,12030150.0
103,AGO,2002,2522.6718607988428,0.15406056975103155,22.0,6.980540948707785,12443080.0
104,AGO,2003,2711.9283105741374,0.07234133351059224,22.1,6.9266751638346475,12935950.0
105,AGO,2004,3064.2986504347236,0.12215878232220856,21.9,6.9680033593274935,13480160.0
106,AGO,2005,3708.7705819422213,0.19088172427372463,22.2,6.9167150203536085,14012100.0
107,AGO,2006,4592.337305661669,0.2136886692146529,21.7,6.9840679618313,14534990.0
108,AGO,2007,5773.548289088469,0.2288977349088963,21.6,6.9513893160021984,15083680.0
109,AGO,2008,6743.748195802765,0.15532903619391014,21.6,6.965835490058661,15657930.0
110,AGO,2009,7087.604112584768,0.04973147606422046,21.8,6.965457989110426,16260480.0
111,AGO,2010,7520.665769678626,0.059307308692565286,22.0,6.948033125480707,16884700.0
112,AGO,2011,8016.0,0.06378487709764791,21.6,6.97914527506881,17524610.0
113,AGO,2012,8376.94607723474,0.04404387380650476,21.7,6.974665984264764,18201960.0
114,AGO,2013,8463.941947082867,0.0103315981394001,21.7,6.915227293820838,18907510.0
115,AGO,2014,8548.292822031946,0.009916576785775177,21.7,6.958163181525983,19623850.0
116,AGO,2015,8319.567355048026,-0.02712134018833723,21.8,6.905853471692541,20353700.0
117,AGO,2016,7819.147303059392,-0.06203474480347104,22.0,6.927851980681259,21097590.0
118,AGO,2017,7535.612410800351,-0.03693540381882343,21.9,6.981191597055319,21858570.0
119,AGO,2018,7180.355234634125,-0.04829124685151598,21.8,6.962811484730215,22638160.0
120,AGO,2019,6886.954136020846,-0.04171994037203852,21.9,6.968662213885659,23436910.0
121,AGO,2020,6279.929084992991,-0.0922702288222208,21.8,6.971949991024133,24253250.0
122,AGO,2021,6137.003844650216,-0.023022038340394957,21.8,6.964135612418245,25089100.0
123,AGO,2022,6118.904896629408,-0.0029535078237952206,21.7,6.964230125910116,25878200.0
124,ALB,1961,2332.0,0.00818088523894378,12.6,6.8540379964761495,1676635.0
125,ALB,1962,2409.0,0.03248545514448864,12.3,7.187732747048365,1728137.0
126,ALB,1963,2491.0,0.033472512647309216,12.3,7.211409120943617,1779715.0
127,ALB,1964,2576.0,0.03355357196206299,11.8,7.035796628863021,1832284.0
128,ALB,1965,2670.0,0.03584066417005172,11.7,6.886940139268217,1883652.0
129,ALB,1966,2770.0,0.03676884778708889,12.5,7.169657898446431,1932963.0
130,ALB,1967,2876.0,0.037553119659552436,12.1,6.917903610033952,1984060.0
131,ALB,1968,2979.0,0.035187233872345125,12.2,7.101264025166656,2038698.0
132,ALB,1969,3080.0,0.033341923254337935,11.9,7.188488262345711,2100263.0
133,ALB,1970,3194.0,0.036344452807338,12.0,7.053499293034843,2156612.0
134,ALB,1971,3322.0,0.039292961398281534,11.8,7.008414762081315,2208719.0
135,ALB,1972,3451.0,0.03809703292476385,11.9,7.118178265886966,2263554.0
136,ALB,1973,3623.0,0.0486383677970732,11.8,7.079437100671747,2295691.0
137,ALB,1974,3637.0,0.003856754091913217,11.9,7.114769448366463,2347924.0
138,ALB,1975,3649.0,0.003293991449458744,11.9,6.748173209157672,2401108.0
139,ALB,1976,3665.0,0.004375177884304193,11.4,7.1572680853164155,2454824.0
140,ALB,1977,3681.0,0.004356119058268604,12.3,6.743352222690527,2509048.0
141,ALB,1978,3696.0,0.004066699382553551,11.4,7.0572953462517125,2563376.0
142,ALB,1979,3716.0,0.005396667172155034,12.2,7.293765699256166,2617679.0
143,ALB,1980,3741.0,0.006705134414415781,11.3,7.138787631716584,2671412.0
144,ALB,1981,3762.0,0.005597775512830694,11.9,7.047951909475421,2724272.0
145,ALB,1982,3783.0,0.0055666147720536685,12.1,6.990256500493881,2780097.0
146,ALB,1983,3805.0,0.005798645662755675,11.8,6.919486201857835,2837315.0
147,ALB,1984,3826.0,0.00550387970441335,11.7,6.921066293041809,2895998.0
148,ALB,1985,3846.0,0.00521377614852625,12.0,6.945051063725834,2956697.0
149,ALB,1986,3870.0,0.006220859875101681,12.2,6.97176240895643,3015438.0
150,ALB,1987,3894.0,0.006182399908318814,11.8,7.076653815443951,3075321.0
151,ALB,1988,3920.0,0.0066547468523623365,12.3,6.824699703844811,3136843.0
152,ALB,1989,3948.0,0.0071174677688645716,12.0,6.745353989623313,3195800.0
153,ALB,1990,3983.0,0.008826182628270729,12.5,6.808376835001858,3250778.0
154,ALB,1991,2942.100598313453,-0.3029114887525619,11.5,6.894467384655202,3186790.0
155,ALB,1992,2841.7651646645454,-0.03469841949414931,12.2,6.784570178411759,3077550.0
156,ALB,1993,3137.0239335031047,0.09884916265064714,12.1,6.878429449600309,3071810.0
157,ALB,1994,3399.710182724317,0.08041562901030552,13.2,6.92461239604856,3116770.0
158,ALB,1995,3666.6505691400903,0.07558840627235597,12.0,7.124236687422797,3163850.0
159,ALB,1996,3965.6853153191687,0.07840008745559679,11.7,7.181820055474733,3144190.0
160,ALB,1997,3526.985640715551,-0.11723510134201831,12.0,6.842790000129778,3124520.0
161,ALB,1998,3873.373152052455,0.09368216292321563,12.6,6.990532705439705,3104850.0
162,ALB,1999,4432.042637455317,0.13473482684027616,12.9,7.092739953195576,3085190.0
163,ALB,2000,4808.479614813517,0.08152037599167095,13.2,6.764231268896094,3064760.0
164,ALB,2001,5285.8090964349885,0.09464475483657253,12.8,6.779126136384956,3046630.0
165,ALB,2002,5608.962344601074,0.05934003652324371,13.0,7.0486470176796185,3037510.0
166,ALB,2003,6004.645238992147,0.06816763906882883,12.7,7.0015188087943,3026170.0
167,ALB,2004,6419.870395724982,0.06686455373282918,12.5,7.038432602623753,3013550.0
168,ALB,2005,6858.467047357238,0.06608602436564581,12.0,7.070129197966396,2998170.0
169,ALB,2006,7347.330123046253,0.06885304438690376,12.5,7.0068763698499446,2979310.0
170,ALB,2007,7866.157747150179,0.06823272944301806,13.3,7.0326242610280065,2956880.0
171,ALB,2008,8522.129841288606,0.08009656286110278,13.3,7.004337376828381,2934270.0
172,ALB,2009,8859.47159720472,0.03882083272383596,13.1,7.265359790738802,2914570.0
173,ALB,2010,9222.972752077756,0.04021028620757505,13.0,7.292677485858972,2900130.0
174,ALB,2011,9484.0,0.02790875829875894,12.8,6.698391351076299,2892350.0
175,ALB,2012,9634.33370462354,0.01572697762623143,13.3,7.005335607321001,2887570.0
176,ALB,2013,9748.72726226394,0.011803593455944394,13.3,7.046995346073642,2882280.0
177,ALB,2014,9942.276115372832,0.019659240619963825,13.5,7.284203438019809,2876320.0
178,ALB,2015,10192.529179769423,0.02485903866863204,13.4,7.001700891824665,2867950.0
179,ALB,2016,10547.255209677502,0.03421063779932254,13.3,7.088992915213054,2863370.0
180,ALB,2017,10958.306302701956,0.03823207877993795,13.2,6.9871208343628775,2860750.0
181,ALB,2018,11426.92010466293,0.041874249183575074,13.9,6.900227012561346,2853700.0
182,ALB,2019,11715.30631847037,0.024924234824503344,13.8,7.158046962215359,2841560.0
183,ALB,2020,11372.54142130636,-0.029694416471864216,13.6,6.961864604629169,2825290.0
184,ALB,2021,12455.916553679139,0.09099393253269206,13.2,7.092074838438765,2799230.0
185,ALB,2022,12978.100729433238,0.04106764249963568,13.8,6.862653305069717,2787080.0
186,ARE,1961,36949.0,0.032764563098897526,27.2,4.198704577546343,108989.0
187,ARE,1962,38654.0,0.04511167913475056,27.8,3.4372078191851885,115827.0
188,ARE,1963,39889.0,0.03145033410022435,27.7,4.048300623720694,123751.0
189,ARE,1964,40927.0,0.025689395283539085,26.6,4.515245478460105,132980.0
190,ARE,1965,41705.0,0.018831033746534942,27.6,4.143134726391533,143798.0
191,ARE,1966,42213.0,0.012107204780653191,27.8,3.933784497209659,156574.0
192,ARE,1967,42416.0,0.004797419072442466,26.9,3.6270040503958487,171745.0
193,ARE,1968,42040.0,-0.008904103537918928,27.1,4.389498649512583,190974.0
194,ARE,1969,40639.0,-0.033893349340477386,27.8,4.212127597878484,217858.0
195,ARE,1970,39135.0,-0.03771098941147244,27.8,3.459466289786131,249369.0
196,ARE,1971,39540.0,0.010295610485670181,27.1,3.629660094453965,288136.0
197,ARE,1972,39540.0,0.0,26.4,4.670021158307708,336325.0
198,ARE,1973,39669.0,0.0032572085003241824,27.3,3.4372078191851885,391337.0
199,ARE,1974,45347.0,0.1337739959802544,27.0,4.215086179918229,453222.0
200,ARE,1975,40591.0,-0.11079765506571704,27.0,4.180522258463153,522571.0
201,ARE,1976,40803.0,0.005209240961393746,26.9,5.126342101808226,598023.0
202,ARE,1977,41915.0,0.026888149971094677,27.8,4.375757021660286,683672.0
203,ARE,1978,35936.0,-0.15390417953378943,27.6,4.001863709427935,778736.0
204,ARE,1979,39534.0,0.09542148260370631,27.8,4.481871969643598,884040.0
205,ARE,1980,44168.0,0.11083948382200504,27.8,4.207673247529104,1000285.0
206,ARE,1981,42456.0,-0.03953229945615,27.8,3.9646154555473165,1069722.0
207,ARE,1982,36635.0,-0.1474641779136654,26.8,5.025852259901116,1137549.0
208,ARE,1983,32737.0,-0.11249813089969507,26.9,4.409155302062135,1209100.0
209,ARE,1984,32135.0,-0.018560157888982687,27.3,3.8979240810486444,1284385.0
210,ARE,1985,29562.0,-0.08345602603336921,27.4,3.3843902633457743,1363482.0
211,ARE,1986,21949.0,-0.29776817239306297,27.3,4.135166556742356,1446574.0
212,ARE,1987,21487.0,-0.021273479301227027,27.7,4.472780997942346,1530444.0
213,ARE,1988,20215.0,-0.06102319800285727,27.7,4.354141431184346,1622747.0
214,ARE,1989,21072.0,0.04152024190819148,27.0,4.365643155423357,1722063.0
215,ARE,1990,22254.0,0.05457662273458297,27.7,4.08260930600368,1826250.0
216,ARE,1991,23305.153201008306,0.04615273580748713,27.4,4.255612709818223,1928840.0
217,ARE,1992,24405.956939088155,0.04615273580748536,26.6,4.412798293340635,2039660.0
218,ARE,1993,25558.756425031963,0.04615273580748536,27.5,4.570578741218473,2157760.0
219,ARE,1994,28334.582020910093,0.10310306301936656,27.9,3.6788291182604347,2281820.0
220,ARE,1995,31239.91710043245,0.0976136331553068,27.5,4.365643155423357,2408580.0
221,ARE,1996,34042.74127285471,0.08592016006002012,27.9,4.560172820057356,2577670.0
222,ARE,1997,38168.4666465487,0.11439286286642236,27.5,4.684905154006945,2748950.0
223,ARE,1998,39667.794786420614,0.038529949773725036,28.6,4.1713056033582285,2923330.0
224,ARE,1999,42372.43926258263,0.0659584894602876,28.8,4.084294226368599,3101330.0
225,ARE,2000,48888.03214746027,0.1430344916729478,28.3,4.001863709427935,3283640.0
226,ARE,2001,51263.37656760322,0.04744396499341974,28.4,3.242592351485517,3458060.0
227,ARE,2002,54077.466856988634,0.05344099981599548,28.2,3.765840495250065,3613240.0
228,ARE,2003,59823.267258640735,0.1009770799000016,28.3,3.824284091120139,3753510.0
229,ARE,2004,64925.67142036073,0.08184842909636458,28.5,3.8199077165203406,3882100.0
230,ARE,2005,65599.05791372634,0.010318235803854492,28.0,4.012772908528289,4000260.0
231,ARE,2006,67830.92617117109,0.03345689438912203,28.5,4.2017030805426,4531540.0
232,ARE,2007,65412.80102471114,-0.036300255532310644,28.5,3.8815637979434374,5623000.0
233,ARE,2008,63862.08484077144,-0.02399213982627657,28.3,3.572345637857985,7276500.0
234,ARE,2009,58860.53593328092,-0.08155498582179987,28.5,4.4953553199808844,8164240.0
235,ARE,2010,60112.401929710366,0.021045327172171113,29.1,3.5610460826040513,8152210.0
236,ARE,2011,65307.0,0.08288305293032394,28.4,3.716008121502189,8438150.0
237,ARE,2012,66006.99739382941,0.010661529438303674,28.6,3.7954891891721947,8747480.0
238,ARE,2013,66825.30350523994,0.012321046281300596,28.5,3.937690752176724,9077220.0
239,ARE,2014,67791.38692844106,0.014353346616351459,28.2,4.398146016553765,9320630.0
240,ARE,2015,71319.60611268003,0.050736119739664076,28.5,4.08260930600368,9460830.0
241,ARE,2016,74292.95204289131,0.040844818958120754,28.7,4.163559631243574,9587250.0
242,ARE,2017,73973.29234281687,-0.0043119753479743395,28.5,4.310799125385514,9699450.0
243,ARE,2018,74206.48493843887,0.0031474306738381586,28.8,4.104294893075269,9796020.0
244,ARE,2019,74396.14386267077,0.002552566246510679,28.3,4.3425058765115985,9879310.0
245,ARE,2020,70188.27272782834,-0.058222868775665404,28.2,4.291828366755733,9952510.0
246,ARE,2021,72460.0406882181,0.031854005076024094,29.0,4.001863709427935,10018000.0
247,ARE,2022,77203.67024077299,0.06341175088618911,28.6,4.146304301152812,10099280.0
248,ARG,1961,9344.0,0.053074801020706275,15.2,6.422597401964724,20950583.0
249,ARG,1962,9049.0,-0.03208017171687594,15.0,6.094246741751008,21283783.0
250,ARG,1963,8695.0,-0.039906106562749954,14.9,6.478202375344883,21616403.0
251,ARG,1964,9446.0,0.08284322366768038,14.5,6.261109932073611,21949244.0
252,ARG,1965,10155.0,0.0723748235584214,15.1,6.358015561716921,22283100.0
253,ARG,1966,10076.0,-0.007809836541984083,14.8,6.436951329565632,22611604.0
254,ARG,1967,10200.0,0.012231361799861062,15.2,6.308644740348575,22934225.0
255,ARG,1968,10485.0,0.02755794406365908,15.3,6.285625585657472,23260514.0
256,ARG,1969,11217.0,0.06748482030920222,15.4,6.315177153343887,23600026.0
257,ARG,1970,11639.0,0.036931043296753785,15.4,6.277770673379832,23962313.0
258,ARG,1971,12003.0,0.030795090583367823,14.8,6.307369578503503,24363816.0
259,ARG,1972,12170.0,0.013817288456229093,15.0,6.435188367333237,24779799.0
260,ARG,1973,12691.0,0.04191917382859067,14.7,6.4752786216271225,25209829.0
261,ARG,1974,13284.0,0.04566722268647361,14.7,6.326328348032599,25646371.0
262,ARG,1975,12946.0,-0.025773443391182482,15.0,6.3846883687937925,26081880.0
263,ARG,1976,12696.0,-0.019499876899210733,14.5,6.44778118537358,26531280.0
264,ARG,1977,13236.0,0.04165340683525898,15.4,6.508769136971682,26983828.0
265,ARG,1978,12444.0,-0.061701811023976205,15.2,6.464744054800002,27440272.0
266,ARG,1979,13114.0,0.05244178280603684,15.0,6.42745886025097,27901971.0
267,ARG,1980,13080.0,-0.0025960158123741195,15.4,6.439030831234781,28369799.0
268,ARG,1981,12125.0,-0.07581490920550671,15.3,6.4496802206016755,28848000.0
269,ARG,1982,11550.0,-0.0485839998557438,15.3,6.473582006737229,29330000.0
270,ARG,1983,11775.0,0.019293202934678177,15.0,6.4355091371836215,29784000.0
271,ARG,1984,11837.0,0.005251579069275536,14.4,6.5986452591167355,30231000.0
272,ARG,1985,10895.0,-0.08292625057517355,15.4,6.486922693742851,30672000.0
273,ARG,1986,11515.0,0.05534656487606604,15.4,6.521062856197256,31145000.0
274,ARG,1987,11633.0,0.01019535356198098,15.3,6.475124502801203,31625000.0
275,ARG,1988,11244.0,-0.034011233790344875,14.9,6.201928045264817,32099000.0
276,ARG,1989,10393.0,-0.07870215043799966,15.7,6.274008441703639,32572000.0
277,ARG,1990,10254.0,-0.013464629244776205,15.3,6.5093650845459345,33036000.0
278,ARG,1991,11223.984636540246,0.09038510063338734,15.3,6.497378126512952,33504850.0
279,ARG,1992,12267.083586781191,0.08886656998711295,14.9,6.592633490771575,33967310.0
280,ARG,1993,12926.794665217649,0.052382719014614665,15.3,6.415914955127227,34407620.0
281,ARG,1994,13571.379431200985,0.04866085868317427,15.8,6.397596099759307,34847360.0
282,ARG,1995,13086.036451554311,-0.03641737969782177,15.2,6.226536669287466,35274320.0
283,ARG,1996,13715.226818707739,0.046960920273591,15.3,6.452994879149095,35683440.0
284,ARG,1997,14722.645940036533,0.07088018625299952,15.6,6.494661143709481,36102640.0
285,ARG,1998,15185.958688486142,0.03098438191041808,15.3,6.448572888367985,36518410.0
286,ARG,1999,14577.832273029322,-0.040869193010863114,15.0,6.455512979315044,36923910.0
287,ARG,2000,14368.942737362304,-0.014432914320201107,14.7,6.577583154909404,37336150.0
288,ARG,2001,13651.98098793502,-0.05118448466565617,15.4,6.571582997369922,37713740.0
289,ARG,2002,12094.7728377935,-0.12111127603367144,15.1,6.627115021319402,38079140.0
290,ARG,2003,13088.565010832575,0.0789655866830703,15.5,6.3894013887953545,38438450.0
291,ARG,2004,14183.225137776999,0.08032098889166583,15.5,6.34948858061601,38799800.0
292,ARG,2005,15344.157134056737,0.078674820874582,15.2,6.344583174843937,39171290.0
293,ARG,2006,16490.47358157608,0.0720480966405539,15.7,6.383844415667491,39555980.0
294,ARG,2007,17891.943410848908,0.08156766726849618,14.7,6.377746835799372,39946760.0
295,ARG,2008,18520.30408357946,0.03451712553603237,15.6,6.268527940411622,40342610.0
296,ARG,2009,17328.975752420036,-0.06648764887452074,15.7,6.282266746896006,40736440.0
297,ARG,2010,18979.99170299205,0.09100535662843257,15.2,6.319148277696116,41400710.0
298,ARG,2011,20003.0,0.05249690626821035,15.4,6.332391134078575,41880850.0
299,ARG,2012,19573.963185451754,-0.021681988091458493,15.8,6.433904258007508,42359710.0
300,ARG,2013,19821.64247991229,0.012574121078701594,15.7,6.254213353014551,42836430.0
301,ARG,2014,19112.23290002307,-0.03644579928077896,15.7,6.560464734925045,43310000.0
302,ARG,2015,19423.666977703655,0.01616367383095252,15.8,6.472809865551464,43779410.0
303,ARG,2016,18819.642886952533,-0.031591111053824505,15.2,6.494207594680617,44244690.0
304,ARG,2017,19150.520483421602,0.01742873575954107,15.8,6.453309988652254,44705950.0
305,ARG,2018,18460.86900858157,-0.03667659136044321,15.5,6.393423515886859,45162390.0
306,ARG,2019,17912.635765177303,-0.030146930708307096,15.5,6.382830730836645,45613270.0
307,ARG,2020,15975.838772553547,-0.11442886827009069,15.8,6.206979071257701,46057940.0
308,ARG,2021,17470.682415187282,0.08944668129084121,15.7,6.28711478920894,46496420.0
309,ARG,2022,18292.31782465981,0.045956995208019435,15.4,6.168982920395917,46736250.0
310,ARM,1980,9291.0,-0.053948253569865656,8.2,6.169192234891709,3115289.0
311,ARM,1981,9548.0,0.027285518817407706,8.7,6.465055484263747,3166098.0
312,ARM,1982,9809.0,0.026968623105595668,7.1,6.496624149247346,3218691.0
313,ARM,1983,9865.0,0.005692807892399898,7.8,6.3980956418561155,3270153.0
314,ARM,1984,10181.0,0.03153009865047984,7.7,6.226734278220032,3322394.0
315,ARM,1985,10485.0,0.02942242622882496,7.7,6.175451383220998,3373532.0
316,ARM,1986,10394.0,-0.008716947767632988,8.0,6.390408438225881,3421978.0
317,ARM,1987,9789.0,-0.059969410306957016,7.9,6.3597468640884305,3468857.0
318,ARM,1988,9301.0,-0.051137385018963144,7.4,6.552365223506279,3515614.0
319,ARM,1989,10525.0,0.12363145830811462,8.2,6.097624742936373,3325992.0
320,ARM,1990,9669.0,-0.0848284880670338,7.8,6.194813471094013,3376783.0
321,ARM,1991,8141.671123568718,-0.17192943482194423,8.0,6.268148865350222,3434160.0
322,ARM,1992,4699.61095270265,-0.5495157274102915,6.3,6.408364032841809,3357250.0
323,ARM,1993,4130.1472172755,-0.12916667710211271,6.9,6.308280574284827,3184660.0
324,ARM,1994,4392.979876584909,0.06169473202503539,8.1,6.407869595254481,3059800.0
325,ARM,1995,4703.130733517876,0.06822061628322018,8.3,6.193997144518067,2994930.0
326,ARM,1996,4811.489547018747,0.022778312837159476,8.6,6.192566967545312,2985180.0
327,ARM,1997,4836.044220565851,0.0050903634358654415,7.8,6.324538157794388,2978100.0
328,ARM,1998,4994.053039773923,0.03215073575246308,9.0,6.168145224011851,2971930.0
329,ARM,1999,5000.452449359477,0.0012805857112283547,9.1,6.208791213100627,2969870.0
330,ARM,2000,5139.825500062924,0.02749073127464463,8.6,6.045005314036012,2966020.0
331,ARM,2001,5457.510062027403,0.05997352365993258,9.3,6.178566327074926,2965480.0
332,ARM,2002,6082.14618880966,0.10836497212512874,8.1,6.501439809419134,2962460.0
333,ARM,2003,6743.240978250471,0.10318304138484002,8.3,6.571862874225933,2955370.0
334,ARM,2004,7229.648226319801,0.06964971360286043,8.4,6.436791188641277,2953250.0
335,ARM,2005,8006.960425531473,0.10212083633494906,8.4,6.450944243522384,2950750.0
336,ARM,2006,8798.750189147131,0.09429847084286003,8.8,6.3447587828872365,2947900.0
337,ARM,2007,9713.21328027296,0.09887746497031813,8.1,6.581748092208688,2945510.0
338,ARM,2008,10080.81283336882,0.03714674521560113,8.3,6.229102544572644,2943460.0
339,ARM,2009,8399.086872960954,-0.1825109032826706,8.5,6.5276654772052005,2941360.0
340,ARM,2010,8330.81117545937,-0.00816216289574534,10.3,6.524296251136588,2939170.0
341,ARM,2011,8465.0,0.01597918414034538,7.9,6.519884479274924,2936860.0
342,ARM,2012,9076.433081469568,0.06974126741195619,8.8,6.250747145038065,2934420.0
343,ARM,2013,9395.086636007347,0.03450557132743626,8.6,6.310826956162734,2931620.0
344,ARM,2014,9745.135587230588,0.03658139205600186,9.2,6.2656813686061925,2928260.0
345,ARM,2015,10076.35190972202,0.03342303703809968,9.0,6.418038618426381,2924160.0
346,ARM,2016,10113.050506422302,0.0036354356966530332,8.5,6.517818972491599,2919230.0
347,ARM,2017,10894.956738487193,0.07447327850587193,8.8,6.15209419303295,2913440.0
348,ARM,2018,11490.36868672189,0.05320918134197328,10.0,6.345987176478571,2906810.0
349,ARM,2019,12399.231837035535,0.07612534310283792,9.2,6.070275727532271,2899300.0
350,ARM,2020,11546.175309736025,-0.0712802819519478,8.9,6.3454609068409535,2890860.0
351,ARM,2021,12242.47747221923,0.05855742434953903,9.7,6.213207117506563,2881410.0
352,ARM,2022,13837.577589310598,0.12247624073243202,9.3,6.168773562078393,2870570.0
353,AUS,1961,13793.0,-0.01582425309469926,21.7,6.0090588555089335,10598814.0
354,AUS,1962,14389.0,0.04230280868789826,21.6,6.22633902129789,10794968.0
355,AUS,1963,14983.0,0.0404521992797271,21.5,6.29360410464869,11001483.0
356,AUS,1964,15699.0,0.046680790997173816,21.4,6.256517501499402,11218304.0
357,AUS,1965,16182.0,0.030302497327467037,21.8,6.015181073725298,11439384.0
358,AUS,1966,16324.0,0.008736904157910175,21.1,6.120077614575958,11655083.0
359,AUS,1967,17108.0,0.04690977282110431,21.5,6.168564159920785,11872264.0
360,AUS,1968,17770.0,0.03796545180189703,21.2,6.393423515886859,12101660.0
361,AUS,1969,18428.0,0.03635960490711021,21.6,6.178358965747071,12379384.0
362,AUS,1970,19166.0,0.039266628847899554,21.5,6.118317438103905,12660160.0
363,AUS,1971,19590.0,0.021881356034880284,21.4,6.3286508144628515,12937200.0
364,AUS,1972,19772.0,0.0092475634882625,21.8,6.062155975230515,13177000.0
365,AUS,1973,20527.0,0.037474297290328806,22.1,6.586447478880696,13380400.0
366,AUS,1974,20698.0,0.008295984510940713,21.0,6.684736719856078,13599100.0
367,AUS,1975,20993.0,0.014151971576202627,21.4,6.486770359215936,13771400.0
368,AUS,1976,21613.0,0.029105936679597377,21.0,6.397096307995467,13915500.0
369,AUS,1977,21592.0,-0.0009721097860779793,21.6,6.294712342663853,14074100.0
370,AUS,1978,21948.0,0.0163531434810249,21.4,6.3695584584200144,14248600.0
371,AUS,1979,22826.0,0.03922421793467912,21.9,6.238715173765425,14421900.0
372,AUS,1980,22972.0,0.006375845870641328,22.3,6.205970905026528,14615900.0
373,AUS,1981,23368.0,0.01709148208339073,21.9,6.408858226081421,14923260.0
374,AUS,1982,22972.0,-0.01709148208339073,21.7,6.128178370423804,15162000.0
375,AUS,1983,22697.0,-0.012043325838716257,22.0,6.305727691789675,15348000.0
376,AUS,1984,24009.0,0.056196002889686625,21.2,6.406549898593137,15510000.0
377,AUS,1985,24927.0,0.03752279329793495,21.8,6.149109116189496,15695000.0
378,AUS,1986,25116.0,0.00755353990090768,21.8,6.140961558253893,15900000.0
379,AUS,1987,25971.0,0.03347543764988359,21.8,6.253059284796445,16137000.0
380,AUS,1988,26702.0,0.02775793806615745,22.3,6.261491684321042,16400000.0
381,AUS,1989,27407.0,0.026059986250634992,21.6,6.282453645317259,16681000.0
382,AUS,1990,27373.0,-0.00124132911156849,22.0,6.180016653652572,16956000.0
383,AUS,1991,26861.27495928565,-0.01887146929976069,22.2,6.261491684321042,17173500.0
384,AUS,1992,27560.178277338375,0.025686258016106578,21.7,6.232055012025913,17366860.0
385,AUS,1993,28622.475758458215,0.03782036005209832,21.9,6.2865565977347755,17522060.0
386,AUS,1994,29844.171324434927,0.041797280383336854,21.8,5.976604684200958,17691670.0
387,AUS,1995,30690.062439852092,0.027949347904941746,21.7,6.342297459563081,17889790.0
388,AUS,1996,31740.469747404717,0.033653611680275475,22.0,6.268717424069224,18108290.0
389,AUS,1997,32857.993780602534,0.034602542359086996,21.7,6.3428253962229455,18305220.0
390,AUS,1998,34337.13943209703,0.04403249345980598,22.3,6.3989276578788195,18488640.0
391,AUS,1999,35551.01950597368,0.03474128326164028,21.8,6.436470829836679,18692030.0
392,AUS,2000,36603.04499594468,0.029162599632684305,21.5,6.547072313645866,18907150.0
393,AUS,2001,37275.991248909515,0.018218019601455637,21.5,6.281705841954686,19151470.0
394,AUS,2002,38567.06548833767,0.03404923341718913,22.2,5.9417489548620495,19370560.0
395,AUS,2003,39523.65519744592,0.024500671840833377,22.1,6.223567839793664,19594620.0
396,AUS,2004,40887.72533639703,0.03393054556434372,22.0,6.292864596387959,19805270.0
397,AUS,2005,41904.44587071131,0.024562024017720674,22.4,6.107245580093692,20047810.0
398,AUS,2006,42650.98593084963,0.01765846245605296,21.8,6.211603589401893,20320250.0
399,AUS,2007,44033.58376177127,0.031902219636103624,22.0,6.239105570022579,20694450.0
400,AUS,2008,44421.64047072811,0.008774138596846726,21.7,6.246494287284514,21113350.0
401,AUS,2009,44686.54138346301,0.005945619977536509,22.1,6.274008441703639,21553020.0
402,AUS,2010,45400.22339879672,0.01584465704826954,21.5,6.543767950320282,21890950.0
403,AUS,2011,46132.0,0.015989826650153915,21.5,6.409516770721618,22197180.0
404,AUS,2012,47045.129467942694,0.01960049009343301,21.8,6.253251722014396,22588160.0
405,AUS,2013,47260.95483154365,0.004577132896605107,22.7,6.209394531369305,22980240.0
406,AUS,2014,47753.84577656612,0.010375128153226498,22.5,6.22455842927536,23325620.0
407,AUS,2015,48145.53099929047,0.008168716292409783,22.3,6.191953407857386,23663740.0
408,AUS,2016,48675.135328357836,0.010940011698645336,22.4,6.294712342663853,24036240.0
409,AUS,2017,49001.900439710065,0.006690750344395369,22.5,6.249782173429845,24444620.0
410,AUS,2018,49614.385976276884,0.012421749679342398,22.5,6.207180582593395,24822980.0
411,AUS,2019,49814.66995597035,0.004028686558569916,22.8,6.0340449946431,25203530.0
412,AUS,2020,48268.94507651192,-0.03152112328704959,22.5,6.272499576837969,25529040.0
413,AUS,2021,50704.93485344902,0.04923484545473933,22.0,6.296925140911405,25573550.0
414,AUS,2022,52049.427952178994,0.026170564400587182,22.0,6.3638898011379466,25826440.0
415,AUT,1961,10882.0,0.04617000119322512,7.1,6.917408536010275,7086299.0
416,AUT,1962,11078.0,0.01785111154717889,5.4,7.012295458256061,7129864.0
417,AUT,1963,11454.0,0.03337785436075258,5.6,6.847686752516018,7175811.0
418,AUT,1964,12062.0,0.05172100105713007,6.2,7.029972911706386,7223801.0
419,AUT,1965,12328.0,0.02181308298901996,5.6,7.154380954443551,7270889.0
420,AUT,1966,12930.0,0.047677094765949946,6.8,7.15500590563958,7322066.0
421,AUT,1967,13225.0,0.022558784960597933,6.8,6.92726374537018,7376998.0
422,AUT,1968,13742.0,0.038347858864520745,6.4,6.8909142617861106,7415403.0
423,AUT,1969,14555.0,0.05747774058870192,6.0,6.870780042857242,7441055.0
424,AUT,1970,15537.0,0.06528969891227732,5.9,7.093238499113671,7467086.0
425,AUT,1971,16259.0,0.04542232550355507,6.4,6.687357953335953,7500482.0
426,AUT,1972,17169.0,0.05445883048165712,6.2,6.974665984264764,7544201.0
427,AUT,1973,17908.0,0.04214210828364351,6.2,6.9065545584056185,7586115.0
428,AUT,1974,18583.0,0.036999643912794866,6.9,7.018938807942752,7599038.0
429,AUT,1975,18564.0,-0.001022962912584191,6.9,6.966307165931752,7578903.0
430,AUT,1976,19448.0,0.04652001563489172,6.4,6.880589610909367,7565525.0
431,AUT,1977,20350.0,0.045336674874782545,6.9,6.922151159265869,7568430.0
432,AUT,1978,20293.0,-0.002804912893772382,5.8,6.840225622188537,7562305.0
433,AUT,1979,21436.0,0.05479575263777292,6.3,7.131858369791047,7549425.0
434,AUT,1980,21932.0,0.022875005909197554,5.6,6.961769867288376,7549433.0
435,AUT,1981,21866.0,-0.003013838529508206,6.5,6.975507381032956,7564629.0
436,AUT,1982,22254.0,0.017588848723214312,6.9,6.906954958811368,7574613.0
437,AUT,1983,22944.0,0.030534696681701945,7.2,6.826002777109878,7552896.0
438,AUT,1984,23016.0,0.003133161832037601,6.1,6.860349156584867,7554132.0
439,AUT,1985,23514.0,0.021406362196302098,5.8,7.017864501662167,7559776.0
440,AUT,1986,24039.0,0.02208152301849431,6.3,6.876470988942371,7568242.0
441,AUT,1987,24409.0,0.015274405284783299,6.1,7.052461499981396,7578903.0
442,AUT,1988,25112.0,0.028393902790824654,7.1,7.006332842343131,7599791.0
443,AUT,1989,26078.0,0.03774622746162848,7.4,6.941576827457648,7627861.0
444,AUT,1990,26930.0,0.03214885982222704,7.4,6.987213200316853,7722953.0
445,AUT,1991,27689.771273580795,0.02782217007175447,6.5,6.966118522279052,7800450.0
446,AUT,1992,28072.440346497853,0.013725247586997114,7.7,6.9444728619172995,7886770.0
447,AUT,1993,28101.228637165088,0.0010249746441157725,6.9,6.9394477257146265,7952070.0
448,AUT,1994,28780.760389788396,0.023893822754789795,8.2,6.9023406462806385,7982740.0
449,AUT,1995,29621.68192417161,0.028799468741768308,7.0,7.026693203053651,7994970.0
450,AUT,1996,30413.15669357546,0.026368710137282036,5.9,7.053585727193677,8005770.0
451,AUT,1997,31173.048774493767,0.0246785994162515,7.0,6.962148762812469,8014850.0
452,AUT,1998,32376.329513091037,0.03787368504147004,7.3,6.9849014881587905,8023650.0
453,AUT,1999,33608.29654662761,0.03734537230182511,7.3,7.038344848685739,8039270.0
454,AUT,2000,34796.25948255403,0.034736937350114516,8.2,7.0397479884406335,8058630.0
455,AUT,2001,35272.223953775974,0.013585902501507263,7.1,6.950239890588293,8089530.0
456,AUT,2002,35823.58737416037,0.015510744278897093,7.9,7.086487066925534,8129600.0
457,AUT,2003,36063.12048965238,0.006664208422249018,7.5,6.7722791394196875,8165940.0
458,AUT,2004,36957.11224961447,0.024487361874006908,7.0,6.964041089992729,8217430.0
459,AUT,2005,37642.76215001923,0.018382583447483114,6.7,7.015622649851144,8273600.0
460,AUT,2006,38866.849338781125,0.032000989811857394,7.4,6.94389432559801,8316520.0
461,AUT,2007,40305.27430677966,0.03634065128198216,8.0,7.047604174098535,8343920.0
462,AUT,2008,40964.79335236901,0.016230662600799306,7.9,6.97166860472579,8370420.0
463,AUT,2009,39463.65695690543,-0.03733282775263902,7.7,7.093736796607579,8390480.0
464,AUT,2010,40288.349293900224,0.02068215641238602,6.5,7.034564125845833,8410180.0
465,AUT,2011,41446.0,0.028329047366890237,8.0,6.836903538010186,8437810.0
466,AUT,2012,41540.94193797778,0.0022881185204060017,7.8,7.004700485038616,8475810.0
467,AUT,2013,41301.94214704149,-0.005769969422278365,7.3,7.036500234872699,8527030.0
468,AUT,2014,41250.50597395657,-0.0012461454726491183,8.6,7.096141740338342,8594120.0
469,AUT,2015,41255.71666478465,0.00012631025075116042,8.5,6.960252847939891,8680210.0
470,AUT,2016,41545.49870225668,0.006999491958938009,7.9,7.183339466235782,8791150.0
471,AUT,2017,42216.919697346675,0.016031900431679347,7.9,7.124317218930792,8846730.0
472,AUT,2018,43032.21640387139,0.01912797248188447,8.7,6.984160610184542,8889620.0
473,AUT,2019,43488.66812050347,0.010551347316885895,8.6,7.048125731829413,8929790.0
474,AUT,2020,40503.0408055729,-0.07112334826781996,8.5,7.1365627599207855,8969230.0
475,AUT,2021,42184.696121489615,0.040680451205506785,7.4,6.976628143268512,9004100.0
476,AUT,2022,43792.856399897166,0.037413204069460804,8.8,6.838405200847344,9106860.0
477,AZE,1980,7165.0,0.013630506822684296,12.5,6.159518132104232,6173361.0
478,AZE,1981,7490.0,0.044360736248993504,13.4,6.347214062970213,6270531.0
479,AZE,1982,7831.0,0.04452141823967182,11.8,6.446988855088883,6369133.0
480,AZE,1983,8010.0,0.022600545311467712,12.8,6.03667688992953,6470276.0
481,AZE,1984,8360.0,0.042767666016342076,12.1,6.21999357069853,6578901.0
482,AZE,1985,8558.0,0.0234080908980161,12.4,6.055143323771165,6681687.0
483,AZE,1986,8663.0,0.012194564913377448,12.6,6.007829901194246,6776473.0
484,AZE,1987,8995.0,0.03760778449449376,12.3,6.193792958708272,6873978.0
485,AZE,1988,9328.0,0.03635176220563885,12.5,6.3447587828872365,6975798.0
486,AZE,1989,8421.0,-0.10229204356028099,13.1,5.908626268798978,7101735.0
487,AZE,1990,7394.0,-0.13005972553341394,12.8,6.125558281588681,7199838.0
488,AZE,1991,7319.136465234125,-0.010176508730449285,12.7,6.078330080129564,7299580.0
489,AZE,1992,5638.997906821178,-0.2607859781558268,11.5,6.2176036074019905,7411830.0
490,AZE,1993,4315.356714259613,-0.26752638408328977,11.5,6.156978985585555,7528100.0
491,AZE,1994,3453.3638218242895,-0.22283121270702289,12.3,6.268527940411622,7636640.0
492,AZE,1995,2999.3190451259916,-0.14096349889272908,13.4,6.002157176646725,7731180.0
493,AZE,1996,3074.2197345703435,0.024665846259512847,12.9,6.083131735633806,7815440.0
494,AZE,1997,3347.612645669422,0.08519632449779735,12.7,6.153370788951002,7897250.0
495,AZE,1998,3550.36406585758,0.05880270328931303,13.5,5.985949366419872,7979030.0
496,AZE,1999,3959.781476924773,0.1091386891572732,13.6,6.113018242660559,8055640.0
497,AZE,2000,4214.888860748278,0.06243438240041499,13.3,6.074656137994746,8127310.0
498,AZE,2001,4498.794376997406,0.06518622110807826,13.8,6.045242252788453,8193790.000000001
499,AZE,2002,4880.399890089719,0.08141771654077701,13.1,6.285252937991523,8256540.000000001
500,AZE,2003,5408.522989622949,0.10274887952763301,12.6,6.3157195997906035,8319209.999999999
501,AZE,2004,5971.474603100572,0.09901785837296906,13.5,6.299316826349146,8391140.0
502,AZE,2005,7553.626395956173,0.23503386619177746,13.3,6.2357823336535985,8475290.0
503,AZE,2006,10160.346002499395,0.2964647316439102,13.4,6.186208623900494,8565300.0
504,AZE,2007,12699.497776711472,0.2230699506072078,13.2,6.1781515614115765,8657370.0
505,AZE,2008,14072.62657724293,0.10266908542599396,13.0,6.068194079966656,8749610.0
506,AZE,2009,15384.293038791626,0.0891155234206682,13.2,6.206777519307003,8841500.0
507,AZE,2010,16153.836568386087,0.048810523481682466,14.6,6.23519473203058,8932650.0
508,AZE,2011,16176.0,0.0013710824079833372,12.7,6.281705841954686,9024510.0
509,AZE,2012,16364.532216261734,0.01158766086451557,13.5,6.058422015232863,9117060.0
510,AZE,2013,17146.22348332883,0.04666162116691375,13.6,6.141176820336309,9209840.0
511,AZE,2014,17451.1004237186,0.017624763881748606,13.6,6.059123195581797,9302130.0
512,AZE,2015,17463.75738662594,0.0007250187602387825,13.7,6.205567353770043,9392990.0
513,AZE,2016,16770.85049020451,-0.04048543742297639,13.4,6.295266001439646,9481380.0
514,AZE,2017,16647.016593173557,-0.007411272750580622,13.6,6.008321664174405,9566620.0
515,AZE,2018,16753.20969120899,0.006358846491451686,14.2,6.111467339502679,9648570.0
516,AZE,2019,17029.906373504993,0.01638113365106797,13.9,5.84267447352282,9727200.0
517,AZE,2020,16189.511046633794,-0.05060743063612527,13.6,6.090630918602481,9802490.0
518,AZE,2021,16971.724514572026,0.04718512916413431,14.2,6.203951518233663,9874340.0
519,AZE,2022,17682.94019914657,0.04105164879124601,14.1,6.09807428216624,9917500.0
520,BDI,1961,615.0,-0.1755234340801337,19.6,7.147873934502308,2894153.0
521,BDI,1962,657.0,0.0660617506780925,19.3,7.20481821323967,2961915.0
522,BDI,1963,673.0,0.024061311160117782,19.2,7.307068167605103,3008458.0
523,BDI,1964,695.0,0.03216651592006414,19.3,7.079100145062459,3088827.0
524,BDI,1965,703.0,0.011445046245873058,19.3,7.056520052247249,3170653.0
525,BDI,1966,716.0,0.018323275149980667,19.6,7.091742115095153,3253610.0
526,BDI,1967,764.0,0.06488762220587496,19.3,7.1604576325378915,3330989.0
527,BDI,1968,740.0,-0.03191760296830548,19.0,7.194812156039999,3400775.0
528,BDI,1969,717.0,-0.031574345598595066,19.7,7.02108396428914,3460144.0
529,BDI,1970,893.0,0.21951074027687856,19.4,7.148031229036648,3521913.0
530,BDI,1971,902.0,0.010027939186125323,19.2,7.143459612341205,3596811.0
531,BDI,1972,866.0,-0.040729611500188945,19.5,7.113304961895299,3529983.0
532,BDI,1973,921.0,0.06157512769287177,19.7,7.0482126316773925,3540066.0
533,BDI,1974,904.0,-0.01863067586313072,19.3,7.05168244778878,3594958.0
534,BDI,1975,883.0,-0.023504159788216406,19.4,7.088241819830362,3676308.0
535,BDI,1976,956.0,0.07943271244744121,19.6,6.968379900798572,3749077.0
536,BDI,1977,1020.0,0.06479999322691565,19.7,7.20228882638302,3834415.0
537,BDI,1978,1042.0,0.021339316034995726,19.5,7.1808311990445555,3929974.0
538,BDI,1979,1011.0,-0.03020200329284073,19.5,7.155474362862388,4119788.9999999995
539,BDI,1980,952.0,-0.060130184229106654,19.6,7.086737934510577,4287693.0
540,BDI,1981,1014.0,0.06309314935976396,19.6,7.142669285895262,4454149.0
541,BDI,1982,985.0,-0.029016542979039883,19.7,7.218323455220619,4550618.0
542,BDI,1983,991.0,0.006072893157899273,20.0,7.075132388390269,4658600.0
543,BDI,1984,968.0,-0.023482447053411626,19.6,6.932740531676045,4757485.0
544,BDI,1985,1057.0,0.0879578985936611,19.5,7.101428824112316,4848532.0
545,BDI,1986,1078.0,0.019672765598704345,19.6,7.090993082560445,4930967.0
546,BDI,1987,1095.0,0.015646890781659373,20.1,7.08145645348248,5040126.0
547,BDI,1988,1119.0,0.021681066061323584,19.9,7.132816989452251,5156273.0
548,BDI,1989,1111.0,-0.0071749186722946945,19.5,7.088241819830362,5263204.0
549,BDI,1990,1124.0,0.011633240814005852,19.8,7.102746238876755,5375310.0
550,BDI,1991,1149.7976162526245,0.022692189549046837,19.8,7.080867896690782,5493167.0
551,BDI,1992,1128.3474181200982,-0.01883184057801568,19.8,6.9910848865691415,5652020.0
552,BDI,1993,1075.61540247435,-0.04786113524186675,19.7,6.9505273708260065,5433427.0
553,BDI,1994,1057.641368768207,-0.016851660146702585,19.8,7.091242822416061,5446215.0
554,BDI,1995,934.2030527012049,-0.12410276825644662,20.1,7.06296254328452,5812000.0
555,BDI,1996,824.5115934290852,-0.12490261271562275,19.9,6.987674902158011,5815000.0
556,BDI,1997,800.2720178455298,-0.029839510883673093,20.1,7.152503754048731,5820000.0
557,BDI,1998,808.3240934671277,0.010011391695470273,20.0,7.146614686736349,5955000.0
558,BDI,1999,772.3171699988276,-0.045567776256109305,20.0,7.031476205971896,6128000.0
559,BDI,2000,739.7609163408081,-0.04306825965097083,20.2,6.9817489588904635,6282000.0
560,BDI,2001,730.4278155325185,-0.01269663681108657,20.2,7.205709412704522,6466000.0
561,BDI,2002,737.2860250789121,0.009345499472651397,20.4,7.130258625408923,6670000.0
562,BDI,2003,703.5615336749859,-0.0468205699905333,20.5,7.099201743553092,6897000.0
563,BDI,2004,709.7372126795278,0.008739437896585045,20.1,6.847899111828771,7167000.0
564,BDI,2005,691.619745779627,-0.025858474267780984,20.2,6.9346892802222175,7439000.0
565,BDI,2006,703.3609864382432,0.01683394997129195,20.0,7.2031078577381376,7709000.0
566,BDI,2007,700.9587235336076,-0.003421251201953801,20.1,7.137914165190252,7991000.0
567,BDI,2008,708.6785900445112,0.01095309214065221,19.9,7.050556077613808,8318000.0
568,BDI,2009,709.0325962292508,0.0004994052322144782,20.3,7.103322062526113,8741000.0
569,BDI,2010,717.6115064587852,0.012026844846809048,20.4,7.153833801578843,9140000.0
570,BDI,2011,719.0,0.0019330124634517887,20.0,7.295802913053232,9440000.0
571,BDI,2012,727.0,0.011065119812472268,19.9,6.880692359432448,9748000.0
572,BDI,2013,738.0,0.015017347066953235,20.1,7.114281524472909,10069000.0
573,BDI,2014,748.0,0.013459153374005162,19.9,7.10002716662926,10380000.0
574,BDI,2015,694.0,-0.07493101746767294,20.0,7.126569472135118,10577000.0
575,BDI,2016,704.6350269200744,0.015208015944581987,20.2,7.152895128168243,10721000.0
576,BDI,2017,715.0945372986091,0.014734777500382101,20.4,7.021708769057982,10955000.0
577,BDI,2018,730.9045976805135,0.02186818795194334,20.0,7.065698757048091,11229000.0
578,BDI,2019,738.9830779492221,0.010992080202099075,20.2,7.169965685460248,11601590.529128186
579,BDI,2020,720.4459743972841,-0.025404592965098338,20.0,7.26549965087889,11986544.020443214
580,BDI,2021,723.1920741092595,0.003804420404382114,20.1,7.152033902826306,12384270.690582607
581,BDI,2022,717.2284287075476,-0.008280470134073958,20.0,7.1976598797870155,12795194.3676216
582,BEL,1961,11561.0,0.042405434738995496,10.2,6.9018378052181,9165800.0
583,BEL,1962,12087.0,0.044493130184136476,8.4,6.746059539981839,9218400.0
584,BEL,1963,12532.0,0.0361548782126242,8.1,6.606379879398354,9283100.0
585,BEL,1964,13295.0,0.05910265160503769,9.4,6.636733647423464,9367000.0
586,BEL,1965,13643.0,0.025838544885754544,8.8,7.01211529430638,9448100.0
587,BEL,1966,13989.0,0.02504473691355713,9.7,7.035268599281097,9507800.0
588,BEL,1967,14461.0,0.033184064138360725,10.0,6.672032945461067,9556500.0
589,BEL,1968,15009.0,0.03719465054152238,9.3,6.689723639554104,9589800.0
590,BEL,1969,15969.0,0.06199932168455291,9.3,6.688603748937465,9612700.0
591,BEL,1970,16914.0,0.057492338501299756,9.2,6.74770389083391,9637800.0
592,BEL,1971,17486.0,0.03325887939866945,9.7,6.4783560205783415,9672500.0
593,BEL,1972,18336.0,0.047465779773629535,9.1,6.619539730924212,9709100.0
594,BEL,1973,19399.0,0.05635517781663957,9.6,6.595780513961311,9738400.0
595,BEL,1974,20153.0,0.03813164233638311,10.0,6.950910549296065,9767800.0
596,BEL,1975,19831.0,-0.01610679078165944,10.0,6.580500431410533,9794800.0
597,BEL,1976,20916.0,0.05326804642219152,10.1,6.318247133181678,9811000.0
598,BEL,1977,21025.0,0.005197789533127661,9.8,6.78105762593618,9821800.0
599,BEL,1978,21605.0,0.02721256352488588,9.0,6.634896135421995,9829700.0
600,BEL,1979,22094.0,0.022381309066185295,8.9,6.806829360392176,9837200.0
601,BEL,1980,23060.0,0.042793436390830664,9.1,6.837869151517971,9846800.0
602,BEL,1981,22760.0,-0.013094905582782701,9.5,6.963662910920433,9852400.0
603,BEL,1982,23071.0,0.01357180832534155,10.3,6.760182914515001,9856303.0
604,BEL,1983,23071.0,0.0,10.3,6.739336627357174,9855520.0
605,BEL,1984,23644.0,0.024532965378650573,9.5,6.8736812986483855,9855300.0
606,BEL,1985,23873.0,0.009638730262292228,8.7,6.646909860483916,9858200.0
607,BEL,1986,24221.0,0.014471912239773843,9.2,6.835722076082305,9861800.0
608,BEL,1987,24772.0,0.022493957611626314,8.9,6.87688361531505,9870200.0
609,BEL,1988,25905.0,0.044722017190936825,10.4,6.915425785286357,9884000.0
610,BEL,1989,26690.0,0.02985296314968089,10.9,6.62459629525794,9937697.0
611,BEL,1990,27412.0,0.026691910307144795,10.9,6.655826376236174,9969310.0
612,BEL,1991,27848.304164473633,0.0157911990353643,9.7,6.618605463255322,10007310.0
613,BEL,1992,28199.57377624236,0.012534790753257141,10.6,6.789984743247629,10048320.0
614,BEL,1993,27857.249440123524,-0.012213627955368622,9.9,6.838405200847344,10087330.0
615,BEL,1994,28706.500573956673,0.030030362396031407,11.0,6.8121250479668864,10117330.0
616,BEL,1995,29370.087081695692,0.022853112241207896,10.5,6.732210706467206,10138330.0
617,BEL,1996,29820.299488270775,0.015212642293658263,8.7,6.459747947608298,10158330.0
618,BEL,1997,30894.28279758947,0.035381791565422205,10.4,6.662238298691035,10182340.0
619,BEL,1998,31480.74344858214,0.018804895754103157,10.4,6.939253946041508,10204340.0
620,BEL,1999,32571.67449971978,0.034066990493363036,11.0,6.864012356034218,10227340.0
621,BEL,2000,33719.76983855418,0.0346412771440896,11.1,6.911846896885391,10252350.0
622,BEL,2001,33923.34204475072,0.006019025888202023,10.4,6.945725210233766,10288350.0
623,BEL,2002,34419.693751854655,0.014525560021439787,10.9,6.907655273981804,10334360.0
624,BEL,2003,34588.476021026705,0.0048916702554322455,10.8,6.557914074621969,10377360.0
625,BEL,2004,35740.35246260941,0.03275980792540345,10.4,6.76365393500788,10422370.0
626,BEL,2005,36338.38311504945,0.016594197186229565,10.6,6.75448754257892,10480380.0
627,BEL,2006,37051.902245853424,0.019445124370802702,10.9,6.759023225181737,10549390.0
628,BEL,2007,38082.87333574846,0.02744496922984041,11.2,6.870572487854421,10627400.0
629,BEL,2008,38117.34841552228,0.0009048551653449977,10.7,6.8158592642776,10711410.0
630,BEL,2009,36998.64926229877,-0.029788111933909178,10.6,6.746999500102743,10797420.0
631,BEL,2010,37739.327492898185,0.019821314750087637,9.3,6.7763929607853095,10897430.0
632,BEL,2011,38130.0,0.010298653565893545,11.2,6.6509256700131205,11039450.0
633,BEL,2012,38173.23391642716,0.0011332133340804518,10.5,6.865160881349716,11108460.0
634,BEL,2013,38169.830165153755,-8.916988901574996e-05,10.0,6.739573285741901,11160470.0
635,BEL,2014,38599.42407791561,0.011191938783685629,11.7,6.768148324595719,11210470.0
636,BEL,2015,39160.32302813663,0.014426710461030723,11.2,6.715262166866686,11275480.0
637,BEL,2016,39456.86337267277,0.0075439420940810464,10.8,6.819798000222995,11332490.0
638,BEL,2017,39940.823394286126,0.012190934902655215,11.1,6.752503993710846,11376490.0
639,BEL,2018,40471.914597792296,0.013209323276058171,11.7,6.602316484941097,11428500.0
640,BEL,2019,41155.526780402,0.016749959423215444,11.5,6.744176965005318,11490510.0
641,BEL,2020,38763.44257492726,-0.05988062545417705,11.9,6.710401299354221,11545520.0
642,BEL,2021,40970.805783304124,0.05538215820656589,10.5,6.865995344733905,11593520.0
643,BEL,2022,41872.39284922108,0.021766968882214854,12.0,6.59222227837458,11694540.0
644,BEN,1961,1482.0,0.009491596681571401,27.2,6.897300821078278,2113243.0
645,BEN,1962,1400.0,-0.05692029025268219,27.4,7.180298332591114,2164627.0
646,BEN,1963,1430.0,0.0212022076506031,27.7,7.219788442297749,2216898.0
647,BEN,1964,1492.0,0.04244305750975297,27.4,6.979424565672496,2271339.0
648,BEN,1965,1532.0,0.02645656953683062,27.3,6.9637574690974215,2327816.0
649,BEN,1966,1549.0,0.011035490116332092,27.6,6.953015410387001,2386650.0
650,BEN,1967,1525.0,-0.015615151375356184,27.4,7.006332842343131,2447705.0
651,BEN,1968,1545.0,0.013029500290333118,27.6,7.185614262485156,2511079.0
652,BEN,1969,1551.0,0.0038759738446936254,28.0,7.021441043385954,2577121.0
653,BEN,1970,1543.0,-0.005171310813378405,27.9,6.945821479788593,2645694.0
654,BEN,1971,1535.0,-0.005198192341863361,27.2,6.864430154243763,2717178.0
655,BEN,1972,1640.0,0.06616586079694642,27.4,6.886327331568516,2791434.0
656,BEN,1973,1666.0,0.015729301908543825,27.8,6.825460036255307,2868577.0
657,BEN,1974,1733.0,0.0394284669888183,27.1,6.961769867288376,2949028.0
658,BEN,1975,1570.0,-0.09877839137325228,26.9,6.9845311177841864,3032648.0
659,BEN,1976,1548.0,-0.014111844192680856,26.9,6.849066282633458,3119892.0
660,BEN,1977,1570.0,0.014111844192680856,27.5,6.747938577528252,3210600.0
661,BEN,1978,1519.0,-0.03302339574658042,27.3,6.987674902158011,3304940.0
662,BEN,1979,1594.0,0.048194356754387435,27.5,7.0519421992946345,3402968.0
663,BEN,1980,1691.0,0.05907348954841929,27.7,6.912842318030695,3510052.0
664,BEN,1981,1733.0,0.02453394081702598,28.0,6.856461984594587,3621538.0
665,BEN,1982,1862.0,0.07179716812140668,27.9,6.807603397031696,3736658.0
666,BEN,1983,1728.0,-0.07468650847301195,28.3,6.628438122861984,3855535.0
667,BEN,1984,1809.0,0.04580953603129423,28.2,6.820562067279759,3978703.0
668,BEN,1985,1886.0,0.041683977798108174,28.0,6.881924518947615,4107519.0
669,BEN,1986,1867.0,-0.01012531965168062,27.9,6.833785758781962,4240544.0
670,BEN,1987,1782.0,-0.046596535510968096,28.2,6.862548686144057,4376709.0
671,BEN,1988,1780.0,-0.001122964744623367,27.7,7.05695084534399,4517238.0
672,BEN,1989,1715.0,-0.03720028368609096,27.3,6.985826814402293,4663657.0
673,BEN,1990,1811.0,0.05446609828337312,28.0,6.8239387928890265,4816993.0
674,BEN,1991,1812.4214692423927,0.0007846005922198529,27.6,7.081624548961108,4977069.0
675,BEN,1992,1790.5300658099543,-0.012152077326714306,27.5,6.8560408432954585,5143543.0
676,BEN,1993,1791.963217413003,0.0008000861780876889,27.8,6.834646807161499,5392889.0
677,BEN,1994,1731.8034170712542,-0.03414848518252622,27.5,7.012925776587677,5604889.0
678,BEN,1995,1835.574590644367,0.058194257746268185,27.9,6.998418313879379,5720531.0
679,BEN,1996,1840.4858440770583,0.002672021552407422,27.9,6.967626676019528,5873704.0
680,BEN,1997,1867.6058933198424,0.014627757206498337,27.9,6.903345570493437,6054757.0
681,BEN,1998,1862.755734870101,-0.0026003705089197027,28.4,6.999696152680494,6252794.0
682,BEN,1999,1881.6971786275503,0.010117155034531145,27.9,7.03852034886169,6460886.0
683,BEN,2000,1908.9366209261182,0.014372219855876445,27.9,6.85940501804109,6677134.0
684,BEN,2001,1928.0966305352738,0.009986970455642563,28.1,6.738981534733451,6901575.0
685,BEN,2002,1934.3967492016125,0.0032622058520734853,28.2,6.9367313872186545,7130417.0
686,BEN,2003,1919.615102673918,-0.007670821770631164,28.3,7.085315518674381,7359670.0
687,BEN,2004,1923.719295390708,0.002135746646938941,28.2,6.942543104467801,7589367.0
688,BEN,2005,1875.9193239365795,-0.025161599871905693,28.5,6.892641641172089,7838059.0
689,BEN,2006,1870.5325006773598,-0.0028756953104682736,28.3,6.891320972518712,8088622.0
690,BEN,2007,1904.5495815675115,0.018022390449595527,28.3,7.02313543002221,8335294.0
691,BEN,2008,1920.3060557800882,0.008239036888093132,27.9,7.072761113566404,8602647.0
692,BEN,2009,1888.7757792278874,-0.016555694046556546,28.5,6.9874902470009905,8884101.0
693,BEN,2010,1854.6655707280884,-0.018224488857526033,28.7,7.023758954738443,9178580.0
694,BEN,2011,1836.0,-0.010115102285961797,28.4,6.867662185415693,9485969.0
695,BEN,2012,1867.0,0.01674357236128632,28.1,6.899924699866949,9805000.0
696,BEN,2013,1939.0,0.037839511700929584,28.3,6.850549805211358,10134821.0
697,BEN,2014,2008.0,0.034966825568967685,28.5,6.932642994489916,10479670.0
698,BEN,2015,2055.0,0.02313664611871502,28.4,6.7982751783633155,10841707.0
699,BEN,2016,2061.9035813843857,0.003353776797909269,28.6,6.852136855219125,11220072.0
700,BEN,2017,2115.586819735045,0.02570260540779934,28.5,6.943701405755606,11612983.0
701,BEN,2018,2192.261006100744,0.0356012039695921,28.5,7.0297073897328834,12017978.0
702,BEN,2019,2276.103867963354,0.0375317172870524,28.4,7.068682943088419,12370003.089624938
703,BEN,2020,2297.769732867594,0.009473819717520371,28.5,7.018312269546781,12724965.068186967
704,BEN,2021,2395.166213335109,0.041513657466649256,28.7,6.9403192698554,13081027.122008845
705,BEN,2022,2477.090227847233,0.03363194750957188,28.1,6.976628143268512,13439300.397556147
706,BFA,1961,1004.0,0.03342083196034906,28.1,6.736373662226517,4890688.0
707,BFA,1962,1060.0,0.054276886854438544,28.4,6.82078026496773,4919632.0
708,BFA,1963,1039.0,-0.020010196006885472,28.8,6.815310988590857,4952695.0
709,BFA,1964,1055.0,0.015282054810939805,28.4,6.860873293082006,4989961.0
710,BFA,1965,1087.0,0.029880841211042508,28.3,6.771362654076582,5031519.0
711,BFA,1966,1082.0,-0.00461042771478315,28.7,6.72850898870511,5077473.0
712,BFA,1967,1165.0,0.07390990659337415,28.4,6.707595564058303,5127935.0
713,BFA,1968,1189.0,0.020391530690980986,28.8,6.7906595071058895,5183033.0
714,BFA,1969,1199.0,0.008375258336732472,29.4,6.7690677592082436,5242904.0
715,BFA,1970,1188.0,-0.009216655104923532,29.1,6.639614361737191,5303777.0
716,BFA,1971,1219.0,0.025759629558680608,28.8,6.584515111129642,5366018.0
717,BFA,1972,1253.0,0.027509825414797184,28.9,6.578417531261524,5433886.0
718,BFA,1973,1172.0,-0.06682898475911081,29.3,6.509216130944706,5507594.0
719,BFA,1974,1132.0,-0.03472571137382907,28.4,6.6806037062703885,5587373.0
720,BFA,1975,1068.0,-0.05819823924298806,28.3,6.64678004935892,5673472.0
721,BFA,1976,1039.0,-0.027529028420913093,28.2,6.700115914203892,5764606.0
722,BFA,1977,1090.0,0.047918984123962005,28.7,6.57702651698799,5891063.0
723,BFA,1978,1189.0,0.0869349214675923,28.8,6.667592722498332,6025544.0
724,BFA,1979,1173.0,-0.013548048037305804,28.9,6.663643421231731,6168269.0
725,BFA,1980,1165.0,-0.006843482653675181,29.2,6.595643892607181,6318189.0
726,BFA,1981,1186.0,0.01786521355787052,28.9,6.582025138892826,6474370.0
727,BFA,1982,1183.0,-0.0025327155792842504,28.8,6.542616042345538,6637227.0
728,BFA,1983,1140.0,-0.037025322589845366,29.2,6.385363018844681,6807281.0
729,BFA,1984,1129.0,-0.009695977238879827,29.3,6.360092765164173,6985039.0
730,BFA,1985,1243.0,0.09619552736104975,29.1,6.508023702721733,7170932.0
731,BFA,1986,1400.0,0.11894442409263828,28.9,6.598100225719949,7371099.0
732,BFA,1987,1336.0,-0.04679216150675902,29.7,6.452679670320638,7591809.0
733,BFA,1988,1403.0,0.048932726005870286,28.9,6.6804781963863205,7833491.0
734,BFA,1989,1342.0,-0.04445176257083361,28.7,6.605027248325085,8091541.0
735,BFA,1990,1286.0,-0.04262441273406292,29.3,6.474816193873218,8361039.000000001
736,BFA,1991,1331.2303122712003,0.03456693564655122,29.0,6.718046503754165,8646020.0
737,BFA,1992,1264.9919818312696,-0.05103777777588814,28.6,6.632923618509176,8942780.0
738,BFA,1993,1240.1421651241892,-0.019839761347172136,29.2,6.543192162194399,9249820.0
739,BFA,1994,1189.1213235421612,-0.04201137153291601,28.6,6.860244296311086,9587390.0
740,BFA,1995,1191.3073618922276,0.001836676711191032,29.0,6.608000625296087,9924430.0
741,BFA,1996,1255.7749222331158,0.05270152242651083,29.2,6.633450003571995,10269400.0
742,BFA,1997,1268.2632022470239,0.009895557281105916,29.2,6.542471960506805,10507480.0
743,BFA,1998,1293.5734035475664,0.019760061816424646,29.6,6.727671217128374,10759320.0
744,BFA,1999,1318.719761313887,0.01925291912873739,29.0,6.74770389083391,11074910.0
745,BFA,2000,1275.481908179445,-0.033337313771625965,29.1,6.536836514626557,11405080.0
746,BFA,2001,1283.3821812485476,0.006174847819403695,29.3,6.582579002102776,11827970.0
747,BFA,2002,1255.5570908786879,-0.021919551012688387,29.5,6.491936758794481,12379550.0
748,BFA,2003,1277.5808607676336,0.017388965987455762,29.5,6.818924065275521,12829120.0
749,BFA,2004,1268.6866270397757,-0.006986123763267571,29.6,6.574796861660721,13177750.0
750,BFA,2005,1309.9836441120772,0.032032438295239274,29.8,6.684736719856078,13540360.0
751,BFA,2006,1322.6371966277084,0.009612968006385003,29.4,6.6356840540445035,13916680.0
752,BFA,2007,1308.5203168313224,-0.010730650053015545,29.5,6.739454963550437,14309450.0
753,BFA,2008,1315.453716068977,0.005284667673443266,29.0,6.671906355170373,14721630.0
754,BFA,2009,1287.3678283724919,-0.021581946639960492,29.8,6.724072796548841,15152190.0
755,BFA,2010,1326.1975172646494,0.029716147172464957,29.8,6.760182914515001,15599740.0
756,BFA,2011,1344.0,0.013334404217151707,29.7,6.558197802812269,16063830.0
757,BFA,2012,1387.617055381043,0.0319376852176223,29.3,6.795146334599483,16562910.0
758,BFA,2013,1424.2131997801678,0.026031593411188325,29.5,6.651959395392677,17072150.0
759,BFA,2014,1443.2962589266474,0.013310045630709588,29.6,6.716473700816671,17575370.0
760,BFA,2015,1456.9302901374822,0.009402114915597615,29.6,6.687607236647726,18093580.0
761,BFA,2016,1500.0235020185057,0.029149094721684143,29.8,6.78094411211575,18620830.0
762,BFA,2017,1548.4810122146737,0.03179368230759927,29.7,6.664919094322191,19157020.0
763,BFA,2018,1605.358822499288,0.03607283870971312,29.7,6.7982751783633155,19698410.0
764,BFA,2019,1651.1173258771164,0.02810492892141614,29.5,6.760414691083428,20242080.0
765,BFA,2020,1638.8278864191693,-0.007470943025559507,29.8,6.8237212833721275,20787680.0
766,BFA,2021,1706.963253766437,0.04073463387789289,30.1,6.702451645796258,21336010.0
767,BFA,2022,1704.9658849384389,-0.0011708150872813405,29.5,6.808597707448919,21889260.0
768,BGD,1961,899.0,0.0339399092062278,25.1,8.004332164288176,55708888.0
769,BGD,1962,877.0,-0.024776042099436957,25.1,7.771362276570849,56803220.0
770,BGD,1963,947.0,0.0767921008138952,25.1,7.833758689710084,58186081.0
771,BGD,1964,939.0,-0.008483613977815274,25.3,7.9355873855892,59358570.0
772,BGD,1965,969.0,0.03144913268250349,25.0,7.904519395006169,60284264.0
773,BGD,1966,963.0,-0.006211200092640645,25.4,7.821562930562486,61496046.0
774,BGD,1967,921.0,-0.04459337554281895,24.9,7.807388033960149,62765415.0
775,BGD,1968,987.0,0.06921000317817505,24.9,7.954653131963568,64071965.0
776,BGD,1969,980.0,-0.0071174677688645716,25.3,7.847528135003496,65416782.0
777,BGD,1970,1004.0,0.024194728587056957,25.2,7.997259548619519,67331349.0
778,BGD,1971,934.0,-0.0722708620228314,24.6,7.745738463587531,69149652.0
779,BGD,1972,807.0,-0.1461527699588938,25.1,7.559194656142292,70676996.0
780,BGD,1973,792.0,-0.018762276455523086,25.3,7.918883351617127,72382694.0
781,BGD,1974,872.0,0.09622803209455366,25.0,8.00600083374492,74584661.0
782,BGD,1975,843.0,-0.03382246590712423,25.1,7.81177097998068,76152535.0
783,BGD,1976,862.0,0.022288312661837395,25.2,7.860686474951284,77821374.0
784,BGD,1977,843.0,-0.022288312661837395,24.9,7.853138685059564,80313516.0
785,BGD,1978,878.0,0.04067963563326149,25.0,7.805026277019038,82812761.0
786,BGD,1979,894.0,0.018059181538396807,25.7,7.82344583078426,85361165.0
787,BGD,1980,875.0,-0.02148188881589963,25.3,7.805433874644311,87937333.0
788,BGD,1981,878.0,0.0034227072775028233,25.0,7.95549523727649,90517443.0
789,BGD,1982,869.0,-0.010303468369724733,25.1,7.789702982433746,92626498.0
790,BGD,1983,891.0,0.025001302205416742,25.1,7.9855864618000245,94788100.0
791,BGD,1984,918.0,0.029852963149681777,25.2,8.050097330511573,96954796.0
792,BGD,1985,925.0,0.007596346891934225,25.5,7.823085549761168,99154171.0
793,BGD,1986,944.0,0.020332428633075494,25.3,7.862189220634332,101438048.0
794,BGD,1987,960.0,0.016807118316381597,25.6,7.9884411791167915,103815665.0
795,BGD,1988,964.0,0.004158010148663571,25.7,8.01832907604949,106283666.0
796,BGD,1989,966.0,0.0020725396019720677,25.4,7.698800197818542,108842396.0
797,BGD,1990,1006.0,0.040573516447167,25.3,7.946440619069898,111436651.0
798,BGD,1991,1031.429949157621,0.024964067919367672,25.2,7.960986585609905,113756210.0
799,BGD,1992,1062.4603996336396,0.029641210591895728,24.9,7.56429034104535,116169160.0
800,BGD,1993,1095.65638403607,0.03076627096463813,25.0,7.973706625410686,118565770.0
801,BGD,1994,1136.4184653484454,0.03652799869909806,25.3,7.597346143339305,120934910.0
802,BGD,1995,1182.951400412447,0.04013088265354536,25.6,7.866568957936183,123279000.0
803,BGD,1996,1234.0840637944411,0.04231654366691817,25.4,7.770138776787381,125622620.0
804,BGD,1997,1291.512569507904,0.04548501982111741,24.9,7.791026828399058,128012400.0
805,BGD,1998,1348.1499270396002,0.04291916215076341,25.6,7.944456702310496,130475570.0
806,BGD,1999,1412.9813212476863,0.046968656254049,25.8,7.960602822282502,132906850.0
807,BGD,2000,1485.3092204579693,0.04992109544364354,25.0,7.877700515391784,135207060.0
808,BGD,2001,1551.196476715421,0.04340357377276405,25.6,7.8361326719914395,137419600.0
809,BGD,2002,1621.2669713879343,0.044181371066541075,25.5,7.84690279299922,139573130.0
810,BGD,2003,1710.7313512497274,0.05371304518835718,25.5,7.789247505313597,141650470.0
811,BGD,2004,1812.624661427313,0.057854914229816146,25.4,7.819395212640865,143644050.0
812,BGD,2005,1925.6061696222878,0.06046492738147169,25.7,7.712175461951511,145546030.0
813,BGD,2006,2057.698392171004,0.06634726133749069,26.0,7.657944199909279,147376030.0
814,BGD,2007,2194.4223378870124,0.06433076726687226,25.7,7.903115937839772,149047210.0
815,BGD,2008,2321.050458754316,0.05610102706242781,25.5,7.78351564047625,150561730.0
816,BGD,2009,2448.8868784386295,0.05361371883557009,26.2,7.6838639802564295,152188830.0
817,BGD,2010,2599.2083634666005,0.05957333709166868,26.1,7.806330005050512,153926800.0
818,BGD,2011,2772.0,0.06436215825209324,25.5,7.733158038662553,155634450.0
819,BGD,2012,2914.048779489979,0.04997436600668337,25.2,7.716950657904749,157326340.0
820,BGD,2013,3057.4698265978836,0.04804427254460375,25.0,7.7142311448490855,158999200.0
821,BGD,2014,3216.8923341097284,0.05082806002482698,25.4,7.586347041532884,160650010.0
822,BGD,2015,3402.3213512440807,0.05604216911625315,25.2,7.942859626393865,162272960.0
823,BGD,2016,3598.510338838519,0.056062016038282536,25.6,7.751991313904939,163938020.0
824,BGD,2017,3808.872854306307,0.05681334154663453,25.4,8.008797945221955,165654740.0
825,BGD,2018,4056.6465158311466,0.06302334437579304,25.1,7.604396348796338,167358030.0
826,BGD,2019,4242.751699683921,0.04485539353744272,25.4,7.714677473800927,169044680.0
827,BGD,2020,4418.9642546993055,0.04069329259551502,25.2,7.904445577924863,170709310.0
828,BGD,2021,4684.003010247773,0.05824775128762205,25.5,7.757093912716993,172354380.0
829,BGD,2022,4925.721185547546,0.05031760911609773,25.5,7.578145472419466,174216900.0
830,BGR,1961,4897.0,0.053477464867935254,11.1,6.4454023086669245,7943118.0
831,BGR,1962,5252.0,0.06998618372037058,10.8,6.453152446312425,8012946.0
832,BGR,1963,5448.0,0.03663961240666147,10.4,6.497830240151879,8078145.0
833,BGR,1964,5829.0,0.06759689021620119,10.1,6.428266810525186,8144339.0
834,BGR,1965,6137.0,0.05149056434354726,9.9,6.305545093414294,8201400.0
835,BGR,1966,6575.0,0.06893855465686727,11.5,6.718409107251218,8258057.000000001
836,BGR,1967,6886.0,0.04621578685250505,10.7,6.334876930813136,8310226.000000001
837,BGR,1968,6963.0,0.011120051044077428,10.8,6.378086567414666,8369602.999999999
838,BGR,1969,7246.0,0.039839176512474594,10.1,6.529272842203859,8434172.0
839,BGR,1970,7608.0,0.0487507327702037,10.8,6.483565961875693,8489574.0
840,BGR,1971,7814.0,0.026716671389790392,10.6,6.602859225795668,8536395.0
841,BGR,1972,8145.0,0.041487245421128804,10.6,6.4817302569086115,8576200.0
842,BGR,1973,8423.0,0.03356181727921914,10.3,6.48402436206708,8620997.0
843,BGR,1974,8630.0,0.024278445762108802,10.7,6.3695584584200144,8678745.0
844,BGR,1975,9295.0,0.0742321160780719,11.0,6.5739594575643325,8720742.0
845,BGR,1976,9535.0,0.0254926178789745,9.8,6.472964341492144,8755037.0
846,BGR,1977,9398.0,-0.014472338371758653,10.8,6.415587837034679,8797022.0
847,BGR,1978,9594.0,0.020641002399248265,10.0,6.516488890273786,8803281.0
848,BGR,1979,9954.0,0.03683657735649071,10.9,6.632528647797702,8811589.0
849,BGR,1980,9634.0,-0.03267597222833274,9.7,6.561030665896573,8843528.0
850,BGR,1981,9860.0,0.023187660406513544,10.8,6.478048706500939,8869441.0
851,BGR,1982,10154.0,0.029381547910659833,10.6,6.3373565636812454,8892098.0
852,BGR,1983,9942.0,-0.021099508852723048,10.9,6.3377102955561755,8910284.0
853,BGR,1984,10249.0,0.030411932176946266,10.5,6.386037214049723,8928271.0
854,BGR,1985,9924.0,-0.03222407401987226,9.8,6.128178370423804,8943573.0
855,BGR,1986,10170.0,0.024486144230914775,10.7,6.255174060168853,8958770.0
856,BGR,1987,10173.0,0.0002949417511430852,9.9,6.470799503782602,8971958.0
857,BGR,1988,10098.0,-0.007399767374888455,10.5,6.38130827431319,8982025.0
858,BGR,1989,9908.0,-0.01899487280961054,11.2,6.279271611747914,8990055.0
859,BGR,1990,8922.0,-0.1048223749210404,11.4,6.1870313306519575,8894028.0
860,BGR,1991,8319.67292857707,-0.06989719411477324,10.2,6.475894859514441,8772370.0
861,BGR,1992,7846.11595075794,-0.058604316585588734,10.7,6.23519473203058,8658510.0
862,BGR,1993,7959.1636575086,0.014305300178349967,10.3,6.20979654142497,8441870.0
863,BGR,1994,8212.29648627268,0.031308676348251296,11.8,6.348264483234865,8363160.0
864,BGR,1995,8566.602745481097,0.04223863905592218,10.8,6.63948360005018,8284000.0
865,BGR,1996,7901.123625103636,-0.08086626120335438,10.3,6.432940092739179,8241389.999999999
866,BGR,1997,7927.429113727844,0.0033238051862518603,10.2,6.5495076704830835,8191370.0
867,BGR,1998,8322.082003741638,0.04858367879130299,10.9,6.590438401400665,8136890.0
868,BGR,1999,7921.765283340932,-0.04929839406150904,11.7,6.5203265333600715,8091390.0
869,BGR,2000,8410.794977581298,0.059901926871800626,11.8,6.056549793763916,8051530.0
870,BGR,2001,8832.290564320296,0.04889839086074055,11.4,6.2972934650407995,7798390.0
871,BGR,2002,9471.765661435968,0.06990094966658056,11.7,6.534660550904423,7754630.0
872,BGR,2003,10080.783023822281,0.06231560286091842,10.8,6.403739747144695,7709950.0
873,BGR,2004,10853.785153427416,0.07388294065432355,11.2,6.439350371100098,7668170.0
874,BGR,2005,11758.084065296945,0.08002712836474224,10.9,6.684861696423135,7627500.0
875,BGR,2006,12706.18160283958,0.07754760584590947,11.0,6.502790045915623,7587220.0
876,BGR,2007,13785.227603269834,0.08150893985075314,12.2,6.529856698591778,7548530.0
877,BGR,2008,14761.714726754342,0.06843943104731309,12.0,6.217404185724193,7512700.0
878,BGR,2009,14363.25842683027,-0.027363538497699125,11.9,6.6047565024184625,7474980.0
879,BGR,2010,14686.46106311002,0.02225260544747165,11.7,6.656855050622885,7424880.0
880,BGR,2011,15112.0,0.028563076925429698,11.0,6.267769646536424,7241620.0
881,BGR,2012,15314.524722925016,0.013312576167809453,11.9,6.484635235635252,7199800.0
882,BGR,2013,15314.154750552516,-2.415855850657067e-05,11.9,6.402911726893694,7159620.0
883,BGR,2014,15550.345646997524,0.015305318672425017,12.0,6.841508633163211,7119040.0
884,BGR,2015,16186.40946316018,0.04008910163823565,12.1,6.61136876590021,7073750.0
885,BGR,2016,16795.82328500534,0.03695827339268298,12.1,6.527080339681191,7024310.0
886,BGR,2017,17386.270794902262,0.034550618481114626,11.9,6.621538798691966,6973200.0
887,BGR,2018,17982.423293048745,0.03371393711285897,12.4,6.56187896228563,6923030.0
888,BGR,2019,18840.76273269419,0.04662795597312552,12.8,6.30609278854437,6874460.0
889,BGR,2020,18203.832972092798,-0.034390578307633035,12.6,6.422597401964724,6833330.0
890,BGR,2021,19753.9944646969,0.08172354750281485,11.9,6.696663808692069,6777860.0
891,BGR,2022,20592.455194814112,0.041569033755578744,12.4,6.25459774663835,6720430.0
892,BHR,1961,4594.0,0.013587761101145901,26.4,4.6839813664123815,164334.0
893,BHR,1962,4672.0,0.01683614125902011,27.3,2.990719731730447,171863.0
894,BHR,1963,4772.0,0.021178258709744213,26.9,3.8877303128591016,179108.0
895,BHR,1964,4898.0,0.02606145429430562,25.9,5.235377566774162,185691.0
896,BHR,1965,5058.0,0.032144189717797644,26.9,4.169761201506855,191378.0
897,BHR,1966,5233.0,0.034013579142296635,27.1,3.716008121502189,196706.0
898,BHR,1967,5423.0,0.03566444046885309,25.9,3.6988297849671046,202182.0
899,BHR,1968,5611.0,0.03407978890991181,26.4,4.557029810660157,207811.0
900,BHR,1969,5812.0,0.03519578893920183,27.0,5.141078590121546,213596.0
901,BHR,1970,6038.0,0.03814808557661031,27.0,3.126760535960395,219543.0
902,BHR,1971,6349.0,0.05022448890366604,26.4,3.703768066607687,225375.0
903,BHR,1972,6692.0,0.052615462936264734,25.7,4.791649752930709,230800.0
904,BHR,1973,6975.0,0.04141954458285113,26.6,3.2846635654062037,238977.0
905,BHR,1974,7291.0,0.04430838311686358,26.3,4.446174454497633,248343.0
906,BHR,1975,6252.0,-0.15373929826506227,26.4,4.416428061391214,258789.0
907,BHR,1976,6875.0,0.09499023099340498,26.2,5.41565585896527,273661.0
908,BHR,1977,7084.0,0.029947076367951908,27.1,4.746669748261791,297410.0
909,BHR,1978,7037.0,-0.00665677693617539,26.9,3.6913763343125234,322535.0
910,BHR,1979,6730.0,-0.04460679932777545,27.3,4.61512051684126,336070.0
911,BHR,1980,6994.0,0.03847749498454789,27.1,4.579852378003801,347568.0
912,BHR,1981,6875.0,-0.017160995088548958,27.2,3.933784497209659,363427.0
913,BHR,1982,7036.0,0.023148183322676985,26.1,5.35517017814082,377967.0
914,BHR,1983,7240.0,0.0285813795223131,26.1,4.5612182984589085,393022.0
915,BHR,1984,7264.0,0.0033094349013662594,26.6,4.210645017918261,408282.0
916,BHR,1985,6972.0,-0.0410285136412174,26.6,4.186619838331271,423950.0
917,BHR,1986,6880.0,-0.013283475712523085,26.6,4.638604962074329,439556.0
918,BHR,1987,6786.0,-0.013756985583212256,26.9,4.001863709427935,454612.0
919,BHR,1988,6802.0,0.002355020222964299,26.9,4.859812404361672,469484.0
920,BHR,1989,6751.0,-0.007526044525270947,26.2,4.684905154006945,484791.0
921,BHR,1990,6542.0,-0.03144771294354065,26.8,4.3134800921387715,500476.0
922,BHR,1991,7059.956872278351,0.07619601362785744,26.5,4.696837374513915,517150.0
923,BHR,1992,7993.892756332573,0.12423890193502451,25.8,4.447346100794524,532490.0
924,BHR,1993,9102.066123852352,0.12982358964973884,26.7,4.772378104971998,546960.0
925,BHR,1994,9935.003930290826,0.0875628372753745,27.1,3.879499813722586,561670.0
926,BHR,1995,10695.392433585437,0.07374876343937231,26.7,4.785823685681349,576090.0
927,BHR,1996,11640.821353114172,0.08470496775259839,27.2,4.882801922586371,590340.0
928,BHR,1997,12528.389518937362,0.07347922783814909,26.5,4.864452783918174,604570.0
929,BHR,1998,13776.008281637318,0.09493131821503553,27.8,4.713127327493184,618790.0
930,BHR,1999,15263.757491334565,0.10255267810816804,28.0,4.6210435351443815,633390.0
931,BHR,2000,17021.722379400082,0.10900908844716639,27.4,4.562262684976814,648130.0
932,BHR,2001,18152.962657798398,0.06434346381993983,27.5,3.295836866004329,665180.0
933,BHR,2002,19487.841231923445,0.07095696530352136,27.4,4.540098189244376,707490.0
934,BHR,2003,21391.61192554835,0.09320813456500687,27.5,4.389498649512583,772980.0
935,BHR,2004,23389.602406732047,0.08929270292888525,27.5,4.617098756853365,839410.0
936,BHR,2005,25230.900052167748,0.07577785388158809,27.1,4.42484663185681,906560.0
937,BHR,2006,26840.12427010602,0.06182850622290026,27.6,4.403054001865957,974280.0
938,BHR,2007,28884.697367103305,0.07341400988732083,27.5,3.9318256327243257,1042750.0
939,BHR,2008,30612.497813355865,0.05809639883466389,27.4,3.8732821771117156,1095920.0
940,BHR,2009,31729.566318699268,0.03584058678995028,27.6,4.75960653929251,1132610.0
941,BHR,2010,34057.71322744991,0.07080759580748186,28.5,3.4719664525503626,1167960.0
942,BHR,2011,36372.0,0.0657427144177305,27.5,4.464758032271346,1202220.0
943,BHR,2012,36711.391662135604,0.009287858546127126,27.9,4.11414718951828,1235510.0
944,BHR,2013,37704.2118257463,0.026684701319828363,27.7,3.708682081410116,1268130.0
945,BHR,2014,38364.829470910976,0.017369332977082763,27.8,4.76473475565943,1300520.0
946,BHR,2015,38369.65989222884,0.00012589961474418487,28.3,4.174387269895637,1332670.0
947,BHR,2016,38805.39065484862,0.011292131060603339,28.3,3.1654750481410856,1364590.0
948,BHR,2017,39553.23971113629,0.019088433791260684,28.3,5.119788607992779,1396250.0
949,BHR,2018,39501.17592248429,-0.0013171635198840903,28.7,4.065602093356446,1427590.0
950,BHR,2019,39499.70707668937,-3.718555386456046e-05,28.2,5.245443876940969,1458580.0
951,BHR,2020,36890.502952537754,-0.06833911073903565,28.1,4.241326752570746,1489200.0
952,BHR,2021,37323.10392430031,0.01165839769337218,29.1,3.1135153092103742,1511240.0
953,BHR,2022,38651.60104817371,0.034975655395145466,28.7,4.437934266612178,1520500.0
954,BLR,1980,9487.0,0.12873932715126557,5.0,6.5739594575643325,9643706.0
955,BLR,1981,9844.0,0.0369396921180698,6.5,6.47497036021901,9712761.0
956,BLR,1982,10217.0,0.0371908670804757,6.6,6.359919829582246,9778781.0
957,BLR,1983,10667.0,0.043101864034060355,7.4,6.3377102955561755,9845174.0
958,BLR,1984,10957.0,0.026823657779910803,6.3,6.375535762528473,9914262.0
959,BLR,1985,11000.0,0.003916751375113492,4.7,6.537995095494749,9981744.0
960,BLR,1986,11230.0,0.020693495951981333,6.0,6.390408438225881,10044184.0
961,BLR,1987,11297.0,0.005948434994440532,4.4,6.445561076627883,10097446.0
962,BLR,1988,11198.0,-0.008802012818090788,6.5,6.465522446681758,10149612.0
963,BLR,1989,11893.0,0.060214800818407355,8.1,6.496171489865795,10184084.0
964,BLR,1990,11467.0,-0.03647664668894102,7.7,6.580084198313993,10201000.0
965,BLR,1991,11170.761076510915,-0.0261735985297733,6.9,6.331679770008029,10205710.0
966,BLR,1992,9960.843147824904,-0.11463802511670984,7.2,6.352629396319567,10228130.0
967,BLR,1993,9077.439997808402,-0.09286950711598863,6.1,6.486922693742851,10250710.0
968,BLR,1994,7932.001039288072,-0.1348868726114354,6.7,6.4165688704684944,10238610.0
969,BLR,1995,6993.622120912842,-0.12590673353803794,6.9,6.412310757254448,10205490.0
970,BLR,1996,7128.354653886732,0.019081835821159743,5.5,6.362683216487555,10171230.0
971,BLR,1997,7885.01962037309,0.10088426476270484,6.3,6.517523551514562,10129090.0
972,BLR,1998,8481.967108913179,0.07297768456545839,6.5,6.675066314824396,10092290.0
973,BLR,1999,8689.713251926989,0.024197547962570454,7.7,6.3846883687937925,10064200.0
974,BLR,2000,9110.979461261824,0.047340279193822,7.9,6.453624998892692,10033950.0
975,BLR,2001,9462.373906917526,0.037843072667911315,7.0,6.502190165873639,10000040.0
976,BLR,2002,9870.308515825362,0.042207817774722045,7.6,6.317345175873304,9955440.0
977,BLR,2003,10492.987004400124,0.0611760187805892,6.6,6.4165688704684944,9905460.0
978,BLR,2004,11615.685585132174,0.10164926064730473,6.8,6.541318557841451,9856190.0
979,BLR,2005,12629.558047952214,0.08368355318521026,6.9,6.45833828334479,9807000.0
980,BLR,2006,13792.553571309354,0.0880889067410866,7.0,6.403905268952571,9764250.0
981,BLR,2007,14856.955773777863,0.07433930761044749,7.8,6.460686621018898,9733870.0
982,BLR,2008,16223.996807883905,0.08802327279882505,8.0,6.523415452488921,9712590.0
983,BLR,2009,16088.725028100594,-0.008372712810007954,7.2,6.71295620067707,9696870.0
984,BLR,2010,17172.460341933234,0.06518823986330524,6.7,6.58727449477897,9680610.0
985,BLR,2011,17918.0,0.0424988364660539,7.5,6.350187392664015,9661810.0
986,BLR,2012,18245.00752051267,0.018085687908756753,6.9,6.649761450232181,9643210.0
987,BLR,2013,18456.410667499407,0.011520289704657571,7.6,6.510555915291006,9624460.0
988,BLR,2014,18805.178759987022,0.018720526070078236,7.8,6.351234695954017,9605220.0
989,BLR,2015,18122.864046120045,-0.03695794979380196,8.5,6.290642784698189,9585120.0
990,BLR,2016,17701.959316898497,-0.023499018741658162,7.7,6.5771657055190795,9564170.0
991,BLR,2017,18193.273100172584,0.027376586556135507,7.6,6.634370511231181,9542350.0
992,BLR,2018,18809.49500085152,0.03330987969667376,7.9,6.389065480159345,9519360.0
993,BLR,2019,19130.393987789008,0.016916582948171666,8.7,6.3597468640884305,9495020.0
994,BLR,2020,19053.15702050917,-0.004045567820831764,9.0,6.407209964623703,9469350.0
995,BLR,2021,19541.914363354965,0.025328802624709823,7.2,6.535241271013659,9442370.0
996,BLR,2022,18699.798236612733,-0.04404887901189447,7.8,6.54405572010644,9399770.0
997,BOL,1961,2555.0,-0.001955034835803282,21.6,6.972043768864499,3512782.0
998,BOL,1962,2636.0,0.03121039298459305,21.1,6.869637956869009,3593918.0
999,BOL,1963,2742.0,0.03942496449986166,21.7,6.875025454359218,3677637.0
1000,BOL,1964,2809.0,0.024140966981984313,21.2,7.008685997560578,3764067.0
1001,BOL,1965,2879.0,0.02461446350793217,21.4,6.982120360937444,3853315.0
1002,BOL,1966,3014.0,0.04582508857426415,21.6,6.933910236458988,3945474.0
1003,BOL,1967,3127.0,0.036805978271400974,21.7,6.921263629006929,4040665.0
1004,BOL,1968,3314.0,0.05808184052866672,21.3,6.983048263017569,4139069.0000000005
1005,BOL,1969,3379.0,0.019423888727782668,21.9,6.931471805599453,4240872.0
1006,BOL,1970,3469.0,0.026286560255458724,21.7,6.957877888385347,4346218.0
1007,BOL,1971,3513.0,0.012604005296077858,21.0,6.987951820976414,4454684.0
1008,BOL,1972,3602.0,0.025018873470074254,21.5,7.069533934544762,4565872.0
1009,BOL,1973,3757.0,0.04213151983806718,21.5,7.093902840609621,4679923.0
1010,BOL,1974,3854.0,0.025490803400343154,20.9,7.0593598631140315,4796240.0
1011,BOL,1975,4010.0,0.03967967132630257,21.1,7.087406607220212,4914316.0
1012,BOL,1976,4219.0,0.05080689182372389,20.8,7.048386408721883,4955744.0
1013,BOL,1977,4289.0,0.016455472392541637,21.2,7.156644546714762,5079716.0
1014,BOL,1978,4328.0,0.009051936009438322,21.1,7.132257906333978,5204622.0
1015,BOL,1979,4227.0,-0.02361301995952836,21.0,7.143064527195218,5326981.0
1016,BOL,1980,4100.0,-0.03050554787439097,21.2,7.108816807150144,5441298.0
1017,BOL,1981,4060.0,-0.009804000096620413,20.9,7.246154229725626,5545224.0
1018,BOL,1982,3816.0,-0.06198022002760162,21.2,7.245940333607025,5642224.0
1019,BOL,1983,3585.0,-0.062444279534455305,21.6,7.111919863698544,5737434.0
1020,BOL,1984,3561.0,-0.006717069755943328,21.3,7.24658188475709,5834293.0
1021,BOL,1985,3476.0,-0.024159196892496126,21.5,7.100687014888107,5934935.0
1022,BOL,1986,3306.0,-0.05014320800431271,21.6,7.088492247645854,6041350.0
1023,BOL,1987,3330.0,0.007233304593519563,22.0,7.033241899023553,6156369.0
1024,BOL,1988,3386.0,0.016676979718591056,21.7,7.024204091625384,6283164.0
1025,BOL,1989,3408.0,0.006476325256127069,21.1,6.939641467844459,6423135.0
1026,BOL,1990,3502.0,0.027208624896589484,21.3,7.081372395145945,6573900.0
1027,BOL,1991,3610.05176589269,0.03038787796078246,21.5,7.06373286043649,6731480.0
1028,BOL,1992,3592.136728477069,-0.004974897388144939,21.3,7.089076335442508,6893450.0
1029,BOL,1993,3670.2744123593734,0.021519216594960255,21.4,7.046908340374713,7049120.0
1030,BOL,1994,3765.169484651678,0.025526445051156088,21.8,7.042460981834428,7205290.0
1031,BOL,1995,3865.437890859615,0.02628209601020437,21.5,6.79794041297493,7361890.0
1032,BOL,1996,3959.445248904976,0.024028954700078486,21.0,7.018938807942752,7518770.0
1033,BOL,1997,4079.537865918379,0.02987978705079186,21.6,7.08799132928507,7677670.0
1034,BOL,1998,4205.694130849294,0.030455638693089426,21.6,7.075216972869067,7840310.0
1035,BOL,1999,4146.470466698207,-0.014181870117981887,21.1,7.070129197966396,8006590.0
1036,BOL,2000,4173.5494556271815,0.006509379736508336,21.2,7.116881038528143,8176790.0
1037,BOL,2001,4166.491663823036,-0.0016925080794827352,21.2,7.122221289102659,8351139.999999999
1038,BOL,2002,4193.754879231691,0.006522131114717666,21.5,7.03816931770407,8529380.0
1039,BOL,2003,4230.372476124638,0.008693559812588347,21.1,7.0575536440705315,8710720.0
1040,BOL,2004,4330.555773329363,0.023405842892422868,21.5,7.074370805954474,8894520.0
1041,BOL,2005,4445.347739995699,0.02616220973064287,21.3,6.9513893160021984,9080520.0
1042,BOL,2006,4581.902166317692,0.03025613443525721,21.4,7.137119442109403,9268470.0
1043,BOL,2007,4713.4483939791435,0.02830555117642497,21.1,7.095893221097532,9457490.0
1044,BOL,2008,4924.032322864974,0.04370798941411813,20.8,7.069278713138808,9646690.0
1045,BOL,2009,5011.33827045302,0.01757522662572697,21.3,7.152895128168243,9835720.0
1046,BOL,2010,5141.758880655595,0.025692216334384455,21.4,6.998144278709818,10024100.0
1047,BOL,2011,5331.0,0.03614362222871925,21.3,7.080783788864499,10211410.0
1048,BOL,2012,5503.90836808894,0.03191961441218005,21.4,7.054190557211683,10397210.0
1049,BOL,2013,5775.751435644671,0.0482099144166952,21.1,7.095644640079555,10581190.0
1050,BOL,2014,5988.277547315212,0.036135449400770625,21.6,7.134811167116262,10762990.0
1051,BOL,2015,6176.26705563787,0.03091023659135317,21.8,6.999787364428631,10942240.0
1052,BOL,2016,6337.798612927752,0.025817433556332148,21.4,6.897805948128469,11118040.0
1053,BOL,2017,6503.38722488086,0.025791666472311903,21.6,7.037291200331171,11289480.0
1054,BOL,2018,6679.438373851693,0.02671075555301705,21.2,7.151485463904735,11456220.0
1055,BOL,2019,6730.809061873835,0.00766144540535052,21.6,6.904851065834747,11620830.0
1056,BOL,2020,6062.06482775822,-0.10464488094974556,21.9,6.884281922796495,11775350.0
1057,BOL,2021,6355.615210539723,0.04728823458032494,21.4,7.008143453013405,11917270.0
1058,BOL,2022,6481.39044234345,0.01959635450288566,21.3,6.797828799603533,12059960.0
1059,BRA,1961,3585.0,0.05357145080184367,24.9,7.431477384483148,73832902.0
1060,BRA,1962,3711.0,0.03454290802687687,24.6,7.47255759360486,76039390.0
1061,BRA,1963,3623.0,-0.023998970165521882,25.0,7.409257575287244,78316598.0
1062,BRA,1964,3637.0,0.003856754091913217,24.5,7.551659692963631,80666939.0
1063,BRA,1965,3617.0,-0.005514213034892634,24.7,7.5059872017457945,83092908.0
1064,BRA,1966,3747.0,0.03531056684158962,24.8,7.478226221674568,85557441.0
1065,BRA,1967,3795.0,0.012728891036044132,24.7,7.459742039753069,88049823.0
1066,BRA,1968,4050.0,0.06503247027085379,24.3,7.470338089520966,90569084.0
1067,BRA,1969,4313.0,0.06291683654725766,25.0,7.440557635551497,93114241.0
1068,BRA,1970,4635.0,0.07200248135211318,24.8,7.467885220432271,95684297.0
1069,BRA,1971,5024.0,0.0805902301480792,24.4,7.498980469816699,98265000.0
1070,BRA,1972,5480.0,0.08687867179402708,24.8,7.510977752014095,100874000.0
1071,BRA,1973,6086.0,0.10488595051485383,25.0,7.566776744812707,103513000.0
1072,BRA,1974,6416.0,0.05280381908943532,24.4,7.56734567601324,106182000.0
1073,BRA,1975,6582.0,0.025543779956933577,24.5,7.534922900608107,108879000.0
1074,BRA,1976,7079.0,0.07279400427090543,24.4,7.4833006574619025,111603000.0
1075,BRA,1977,7248.0,0.02359291394862595,24.9,7.515834647152018,114373000.0
1076,BRA,1978,7425.0,0.02412711594808492,24.7,7.509390059035975,117207000.0
1077,BRA,1979,7736.0,0.04103207346222959,24.7,7.4703950614623,120101000.0
1078,BRA,1980,8249.0,0.06420722272760138,25.0,7.466799475018602,123020000.0
1079,BRA,1981,7709.0,-0.06770350340146969,24.8,7.414813816178884,125992000.0
1080,BRA,1982,7587.0,-0.01595222112118755,24.9,7.4634777836304105,129028000.0
1081,BRA,1983,7203.0,-0.0519386504487116,25.1,7.450428346187247,131960000.0
1082,BRA,1984,7438.0,0.032104389595652094,24.9,7.501468789826597,134699000.0
1083,BRA,1985,7862.0,0.05543903149679075,24.8,7.578196622006445,137382000.0
1084,BRA,1986,8281.0,0.051922707051893724,24.9,7.482344123417947,140196000.0
1085,BRA,1987,8402.0,0.014506038695627055,25.3,7.4261323189009625,143027000.0
1086,BRA,1988,8230.0,-0.020683758058211765,25.1,7.496208388427417,145873000.0
1087,BRA,1989,8333.0,0.012437520711092276,24.8,7.590346945602565,148659000.0
1088,BRA,1990,7842.0,-0.06072963152993083,25.1,7.424821390337582,151170000.0
1089,BRA,1991,7888.048527824129,0.005854865518791996,25.0,7.458993213359389,153788380.0
1090,BRA,1992,7812.794255396262,-0.009586090344987142,24.9,7.444774826830603,156388150.0
1091,BRA,1993,8166.235562539795,0.044245360184845595,25.0,7.432424634568778,158974200.0
1092,BRA,1994,8615.688661235072,0.053576765018267025,25.2,7.525316472585487,161540650.0
1093,BRA,1995,8951.694356675776,0.038258023717208545,25.3,7.484649502717833,164084600.0
1094,BRA,1996,9124.516069039399,0.01912203656803335,25.1,7.510649470564521,166624170.0
1095,BRA,1997,9409.946484829306,0.030802401995609685,25.3,7.481668371618384,169178010.0
1096,BRA,1998,9419.107907290403,0.0009731155896908206,25.7,7.460777951447916,171744070.0
1097,BRA,1999,9441.758898994258,0.0024019047296430784,25.2,7.5116339917839,174320070.0
1098,BRA,2000,9834.424436663196,0.04074664133551842,25.1,7.58049564976442,176901860.0
1099,BRA,2001,9953.30948413253,0.012016179155414974,25.4,7.47896078873684,179388870.0
1100,BRA,2002,10245.068917282939,0.028891401248845483,25.7,7.499921229687969,181720820.0
1101,BRA,2003,10354.595358498154,0.010633908577462492,25.5,7.460432766770688,183969780.0
1102,BRA,2004,10949.660119887378,0.055877999336606976,25.4,7.514418216320305,186165410.0
1103,BRA,2005,11305.771724073142,0.03200495085943622,25.6,7.518227122873174,188329880.0
1104,BRA,2006,11766.605732758886,0.03995212937813086,25.5,7.536630569521942,190437710.0
1105,BRA,2007,12500.006368400022,0.0604636570414705,25.6,7.470338089520966,192450050.0
1106,BRA,2008,13164.01134257424,0.051757538936437086,25.3,7.561121589530238,194457640.0
1107,BRA,2009,13180.890928022674,0.0012814310400433016,25.5,7.5816176981302155,196463840.0
1108,BRA,2010,14215.61258144751,0.07557271443454283,25.7,7.4812739720865515,198408090.0
1109,BRA,2011,14831.0,0.042378746568674686,25.4,7.544490825616119,200152050.0
1110,BRA,2012,14985.498339853082,0.010363371368619312,25.6,7.417340133311995,201894140.0
1111,BRA,2013,15305.414025936685,0.021123667581360195,25.5,7.517792552819076,203613880.0
1112,BRA,2014,15251.889609739119,-0.0035032194970980868,25.7,7.463707220364237,205358160.0
1113,BRA,2015,14583.981967466183,-0.04477960329719011,26.0,7.366508357455018,207148030.0
1114,BRA,2016,13990.646772827104,-0.04153478222547058,25.8,7.386284957947306,208859270.0
1115,BRA,2017,14062.749639064205,0.005140413228257756,25.8,7.41119368431411,210537170.0
1116,BRA,2018,14197.549718513385,0.00953996276530944,25.6,7.491924296972337,212257830.0
1117,BRA,2019,14257.871306763853,0.0042397319340459205,25.9,7.432424634568778,213939880.0
1118,BRA,2020,13685.925743510985,-0.040941139828291284,25.9,7.455992287746274,215577480.0
1119,BRA,2021,14292.935059037914,0.04339737657715226,25.5,7.488237553884615,216720020.0
1120,BRA,2022,14640.076122577277,0.023997344782722863,25.5,7.449672510225802,217718330.0
1121,BRB,1961,5683.0,0.06675812146398563,25.6,7.362772165919549,230000.0
1122,BRB,1962,5923.0,0.041363814979844094,25.7,7.381626419754362,229000.0
1123,BRB,1963,6033.0,0.018401322163796863,25.8,7.426668112930747,231000.0
1124,BRB,1964,6355.0,0.05199750518279167,25.5,7.343232161158273,233000.0
1125,BRB,1965,6468.0,0.01762503707344365,25.6,7.321849713788356,235000.0
1126,BRB,1966,6873.0,0.0607337504246086,25.7,7.744006636510534,236000.0
1127,BRB,1967,7492.0,0.08623509244237226,25.5,7.490026763196146,238000.0
1128,BRB,1968,8429.0,0.11784235643350449,25.5,7.315151853940049,240000.0
1129,BRB,1969,9247.0,0.09262103358015494,26.1,7.565482514310822,239000.0
1130,BRB,1970,10197.0,0.09779438478658875,25.9,7.648024566610817,239000.0
1131,BRB,1971,10514.0,0.030614143015167627,25.6,7.341548659077159,241000.0
1132,BRB,1972,10567.0,0.005028235061637076,25.8,7.416378479192928,242000.0
1133,BRB,1973,10635.0,0.006414511193305827,25.9,7.138787631716584,244000.0
1134,BRB,1974,10080.0,-0.053597186008977005,25.5,7.2640301428995295,246000.0
1135,BRB,1975,9825.0,-0.025623104887898762,25.5,7.425417480007116,247000.0
1136,BRB,1976,10222.0,0.03961210259076431,25.5,7.373876380963647,248000.0
1137,BRB,1977,10541.0,0.03073015492696385,25.9,7.299797366758161,249000.0
1138,BRB,1978,11014.0,0.04389477556723698,26.1,7.355896661370738,250000.0
1139,BRB,1979,11837.0,0.07206302813146692,26.2,7.5274711814562,251000.0
1140,BRB,1980,12318.0,0.03983138829309496,26.4,7.489523871558693,252000.0
1141,BRB,1981,12065.0,-0.020752908187855468,26.5,7.54723793495639,252000.0
1142,BRB,1982,11424.0,-0.05459229347976802,26.3,7.513436433760806,253000.0
1143,BRB,1983,11419.0,-0.0004377708777170142,26.6,7.346784103928442,255000.0
1144,BRB,1984,11772.0,0.03044519565171555,26.1,7.555172607835908,256000.0
1145,BRB,1985,11848.0,0.0064352465942718595,26.0,7.488908882581157,257000.0
1146,BRB,1986,12404.0,0.04585992427270469,26.2,7.484312461932707,258000.0
1147,BRB,1987,12683.0,0.02224351284708881,26.7,7.4836380393814315,259000.0
1148,BRB,1988,13087.0,0.031356856988052684,26.4,7.580036266860698,260000.0
1149,BRB,1989,13498.0,0.03092215524787001,26.0,7.4013533570815015,261000.0
1150,BRB,1990,12994.0,-0.03805381386287543,26.3,7.4388540075876834,262000.0
1151,BRB,1991,12298.506043316776,-0.05500991734976246,26.3,7.4226127638614985,263000.0
1152,BRB,1992,11427.266535386669,-0.07347549416249599,26.3,7.5504509160459845,265000.0
1153,BRB,1993,11343.597356449796,-0.0073488257522260625,26.5,7.46353514774917,266000.0
1154,BRB,1994,11405.559831534867,0.005447465838001264,26.2,7.423568444259167,267000.0
1155,BRB,1995,11473.859014208198,0.005970377658021775,26.6,7.530909087721548,268000.0
1156,BRB,1996,11760.82543058844,0.024702810993311175,26.5,7.578656850594762,269000.0
1157,BRB,1997,12124.508840340635,0.030454798306742248,26.6,7.319931152781743,270000.0
1158,BRB,1998,12384.761673771563,0.021237891631121997,27.1,7.682804975161717,271000.0
1159,BRB,1999,12237.948549252023,-0.011925158768981703,26.5,7.431181184723866,273000.0
1160,BRB,2000,12600.02258991168,0.02915694595388807,26.4,7.505162187261247,274000.0
1161,BRB,2001,12112.181084984173,-0.03948695934877122,26.7,7.387028314235021,275000.0
1162,BRB,2002,12025.473265975561,-0.0071844754019387835,26.8,7.296277666359989,276000.0
1163,BRB,2003,12094.819238859292,0.0057500267821470885,26.9,7.541364746825886,278000.0
1164,BRB,2004,12078.735444927359,-0.0013306935215506854,26.6,7.813793634391941,279000.0
1165,BRB,2005,12379.450180872047,0.024591349070041346,27.0,7.7123543848362255,280000.0
1166,BRB,2006,12889.87670111237,0.0404043970510628,26.7,7.432483807917119,281000.0
1167,BRB,2007,12917.438978136508,0.0021360057625638973,26.7,7.453156227387818,282000.0
1168,BRB,2008,12786.107370240148,-0.010219037405477138,26.4,7.5672939683682525,283000.0
1169,BRB,2009,12094.323952832177,-0.05562297205798927,26.8,7.350773043142886,285000.0
1170,BRB,2010,11954.32197476552,-0.01164336321741466,27.2,7.747769535351635,286000.0
1171,BRB,2011,11870.0,-0.007078675897055575,26.7,7.769547585519793,287000.0
1172,BRB,2012,11860.0,-0.0008428150519979027,26.7,7.59448189173916,288000.0
1173,BRB,2013,11809.0,-0.004309440950434507,26.7,7.436558335978781,289000.0
1174,BRB,2014,11780.0,-0.0024587743957038555,26.7,7.440792391113347,290000.0
1175,BRB,2015,11849.0,0.00584029761116156,27.0,7.190751389443204,291000.0
1176,BRB,2016,12124.693618121464,0.023000692061149408,27.0,7.539292977910391,291000.0
1177,BRB,2017,12157.312126680112,0.002686641995031991,26.7,7.60324970261043,292336.0
1178,BRB,2018,12029.747514768047,-0.010548268090527557,26.3,7.462042610158663,293131.0
1179,BRB,2019,12040.277666500744,0.0008749598162172134,26.7,7.160535299424653,293646.6476216356
1180,BRB,2020,10487.386403230721,-0.1380842615165463,26.7,7.43384382941404,294184.304592975
1181,BRB,2021,10386.52617137221,-0.009663834361575141,26.5,7.306128633276545,294715.67317868484
1182,BRB,2022,11545.847277090235,0.10581642346925868,26.4,7.477208237195751,295171.5811368381
1183,BWA,1961,575.0,0.019315789299291453,21.4,6.144400203378695,504585.0
1184,BWA,1962,582.0,0.012100406934087538,21.6,5.954541193003384,512764.0
1185,BWA,1963,591.0,0.015345569674660275,21.0,6.117656572345742,521236.99999999994
1186,BWA,1964,604.0,0.021758180528716586,21.2,5.538907831465967,529966.0
1187,BWA,1965,612.0,0.013158084577510998,21.3,5.407620101438487,538100.0
1188,BWA,1966,663.0,0.08004270767353638,21.6,6.128396401603126,545965.0
1189,BWA,1967,719.0,0.0810863675351845,21.0,6.277019358543589,553541.0
1190,BWA,1968,781.0,0.08271379211863916,21.2,6.046189446797229,561941.0
1191,BWA,1969,843.0,0.07639180816216928,21.6,6.050912005751402,571874.0
1192,BWA,1970,907.0,0.07317549211328078,21.9,5.674696893761104,583999.0
1193,BWA,1971,1113.0,0.2046719011604088,21.3,6.018593214496234,599647.0
1194,BWA,1972,1361.0,0.20116065137592098,21.2,6.09852361940139,619351.0
1195,BWA,1973,1589.0,0.15488516388525042,21.5,6.156131168663216,643076.0
1196,BWA,1974,1656.0,0.0413001684084886,20.8,6.504587529922656,671769.0
1197,BWA,1975,1712.0,0.03325722175648238,21.0,6.157614376902071,704591.0
1198,BWA,1976,1801.0,0.05067978847426868,20.6,6.326328348032599,741273.0
1199,BWA,1977,1889.0,0.04770552232555314,21.5,6.363372871687304,781472.0
1200,BWA,1978,2005.0,0.05959647223916065,21.1,6.28711478920894,822247.0
1201,BWA,1979,2184.0,0.0855139971241261,21.5,5.879135362134062,862602.0
1202,BWA,1980,2348.0,0.07240584408319073,21.2,6.03667688992953,900476.0
1203,BWA,1981,2528.0,0.07386457431876181,20.9,6.132095676847728,934438.0
1204,BWA,1982,2640.0,0.043350440873613394,21.7,5.763622475012218,970651.0
1205,BWA,1983,2848.0,0.07583807639150475,22.3,5.874649792516147,1007017.0
1206,BWA,1984,3124.0,0.0924972384277094,21.9,5.6736668507515775,1043396.0
1207,BWA,1985,3301.0,0.05511122089361642,21.8,5.8009091853869235,1079692.0
1208,BWA,1986,3432.0,0.03891772875465982,21.7,5.918087077303206,1115756.0
1209,BWA,1987,3601.0,0.048068403041023444,22.2,5.829533679961761,1152012.0
1210,BWA,1988,3920.0,0.0848800691356324,21.5,6.231071824452857,1188941.0
1211,BWA,1989,5066.0,0.25645989777711264,21.4,6.055612366931734,1226517.0
1212,BWA,1990,5267.0,0.038909388921767984,21.9,5.717685379825192,1264612.0
1213,BWA,1991,5616.011230180464,0.06416072589626687,21.7,6.149536101678477,1302530.0
1214,BWA,1992,5733.630021255006,0.02072717530821855,22.5,5.488524417615982,1343390.0
1215,BWA,1993,5787.114500569631,0.009284966515290094,22.0,5.792708683850602,1387030.0
1216,BWA,1994,5946.427132097851,0.02715674897462783,21.5,5.713072521563293,1430310.0
1217,BWA,1995,6318.476423748566,0.060687549708855926,22.2,5.84354441703136,1472970.0
1218,BWA,1996,6647.767552670595,0.05080298503593106,21.6,6.0879104453762345,1514710.0
1219,BWA,1997,7152.147433659421,0.07313156004428123,21.8,6.130574102812182,1555160.0
1220,BWA,1998,7185.2722538997405,0.00462075881164381,22.4,5.976604684200958,1593900.0
1221,BWA,1999,7876.1385178022865,0.09180433715473946,22.2,5.9367443349077496,1630440.0
1222,BWA,2000,8044.14204336772,0.021106382103706522,21.4,6.170656210893009,1664690.0
1223,BWA,2001,8082.823833508784,0.004797165767909561,21.8,6.0888180923638915,1698060.0
1224,BWA,2002,8604.067001306265,0.062493702780040294,22.0,5.901266279189834,1730050.0
1225,BWA,2003,9042.519733428748,0.04970286853687078,22.3,5.905634290502789,1760820.0
1226,BWA,2004,9329.509213978536,0.031244543332659802,22.3,6.084043728401075,1792270.0
1227,BWA,2005,9798.087064279385,0.049004758628205636,22.8,5.955319100471629,1824300.0
1228,BWA,2006,10665.679526507864,0.08484389635873413,21.8,6.08541015995051,1856800.0
1229,BWA,2007,11602.068246578401,0.0841523138788709,22.1,5.923988381983068,1889670.0
1230,BWA,2008,12385.149725257235,0.06531477277174602,22.2,6.046662707572744,1922820.0
1231,BWA,2009,11494.756543029303,-0.07460717349878188,22.3,6.03667688992953,1956150.0
1232,BWA,2010,12544.727363329708,0.08740946827523999,22.4,6.266631126489344,1989590.0
1233,BWA,2011,13376.0,0.064161609456038,21.9,6.201117508239693,2023110.0
1234,BWA,2012,13134.406319556276,-0.01822683258518687,22.1,6.026590349083357,2056800.0000000002
1235,BWA,2013,14355.759692061336,0.08891601018925144,22.0,6.049733455231958,2090750.0
1236,BWA,2014,14929.677419847656,0.03919977119897844,22.1,6.024657514463746,2124910.0
1237,BWA,2015,13980.036370330421,-0.06572066674579702,22.6,5.903725632799975,2159170.0
1238,BWA,2016,14752.188606549675,0.053761113484060985,22.7,5.982423802455833,2193520.0
1239,BWA,2017,15121.661834310446,0.024736822504724643,22.2,6.149536101678477,2227940.0
1240,BWA,2018,15515.622556302098,0.025719148797950453,22.3,5.993213017642099,2262350.0
1241,BWA,2019,15747.324471006235,0.014823052798199399,23.0,5.971771913762246,2296670.0
1242,BWA,2020,14162.685190820179,-0.1060597735767832,22.1,6.043345168984971,2330810.0
1243,BWA,2021,15612.077773651687,0.09743412855666378,21.8,6.029482614295503,2364770.0
1244,BWA,2022,16351.910361085182,0.04629990120998606,22.0,6.086320078120661,2403020.0
1245,CAF,1961,1597.0,0.01896390585899166,25.1,7.22190886863971,1495000.0
1246,CAF,1962,1525.0,-0.04613245917350017,25.2,7.379070547652669,1523000.0
1247,CAF,1963,1492.0,-0.021876908277806528,25.4,7.248148390346587,1553000.0
1248,CAF,1964,1486.0,-0.004029555486001257,25.1,7.280352783464685,1585000.0
1249,CAF,1965,1466.0,-0.013550342831107898,25.3,7.196162088748375,1628000.0
1250,CAF,1966,1427.0,-0.026963264969760203,25.3,7.349037879955695,1685000.0
1251,CAF,1967,1452.0,0.017367577907904774,24.7,7.177935076297776,1734000.0
1252,CAF,1968,1435.0,-0.011777067191019341,25.1,7.235475038465449,1763000.0
1253,CAF,1969,1476.0,0.028170876966695957,25.5,7.335959874059791,1795000.0
1254,CAF,1970,1508.0,0.02144854340748381,25.5,7.23237179922698,1839000.0
1255,CAF,1971,1427.0,-0.0552099310910652,24.6,7.145432700073384,1884000.0
1256,CAF,1972,1368.0,-0.0422245192943409,24.9,7.163404741852606,1927000.0
1257,CAF,1973,1403.0,0.025262981919965455,25.2,7.138470095792665,1965000.0
1258,CAF,1974,1333.0,-0.05118075992375193,24.6,7.222127966686963,2006000.0
1259,CAF,1975,1323.0,-0.0075301560637530685,24.6,7.233672001663833,2058000.0
1260,CAF,1976,1345.0,0.016492127920983535,24.7,7.249215057114389,2112000.0
1261,CAF,1977,1417.0,0.05214794765474107,24.9,7.158825232937186,2168000.0
1262,CAF,1978,1398.0,-0.013499316896925073,24.8,7.194812156039999,2225000.0
1263,CAF,1979,1326.0,-0.0528757520479477,25.1,7.221251286326898,2285000.0
1264,CAF,1980,1234.0,-0.07190596628047441,25.2,7.212663132098986,2349000.0
1265,CAF,1981,1219.0,-0.012230074984062256,25.1,7.217076526537399,2413000.0
1266,CAF,1982,1208.0,-0.009064750986510717,25.1,7.223514474005809,2478000.0
1267,CAF,1983,1105.0,-0.08912076454290752,25.4,7.100274660752538,2543000.0
1268,CAF,1984,1146.0,0.036432283322832326,25.0,7.077835549353738,2629000.0
1269,CAF,1985,1148.0,0.0017436796048260206,25.1,7.162939985841142,2714000.0
1270,CAF,1986,1162.0,0.012121360532344916,25.2,7.067234593527459,2775000.0
1271,CAF,1987,1079.0,-0.07410797215372167,25.6,7.114281524472909,2841000.0
1272,CAF,1988,1073.0,-0.005576222627436067,25.3,7.22983877815125,2917000.0
1273,CAF,1989,1070.0,-0.0027998151747468114,24.9,7.161001174112791,3000000.0
1274,CAF,1990,1023.0,-0.04491916150432562,25.5,7.153677417185686,3085000.0
1275,CAF,1991,1006.99580160323,-0.015768042454038955,25.2,7.212146964996865,3174000.0
1276,CAF,1992,965.1933763497116,-0.042398252234294276,25.0,7.182428096840278,3267000.0
1277,CAF,1993,933.0601746632378,-0.03385877660800496,25.0,7.19315975968986,3367000.0
1278,CAF,1994,952.0174177414631,0.02011363591562354,25.0,7.183794839649844,3466000.0
1279,CAF,1995,978.5566147479784,0.02749531330171795,25.2,7.221251286326898,3544000.0
1280,CAF,1996,885.8864005963782,-0.09948991751910263,25.1,7.230345895922107,3622000.0
1281,CAF,1997,917.47997639614,0.03504202924564925,25.6,7.261576153937963,3707000.0
1282,CAF,1998,936.2382621382116,0.020239242051619755,25.8,7.265359790738802,3798000.0
1283,CAF,1999,967.8432036294957,0.033200096784054445,25.1,7.233888537808171,3889000.0
1284,CAF,2000,963.9461805550577,-0.0040346306825505,25.3,7.1683487457431845,3980000.0
1285,CAF,2001,952.5118090677155,-0.01193295885694301,25.3,7.211851892702013,4054000.0
1286,CAF,2002,928.7716385131732,-0.02523961060109503,25.5,7.152582041127489,4128000.0
1287,CAF,2003,845.5055450884124,-0.09392816762300793,25.6,7.20057413553907,4215000.0
1288,CAF,2004,853.1820215903408,0.009038187962650213,25.8,7.160224595678174,4289000.0
1289,CAF,2005,858.5237000174835,0.006241371632984993,25.9,7.202214335712942,4363000.0
1290,CAF,2006,881.4851651169623,0.02639388629381756,25.7,7.21170432389779,4449000.0
1291,CAF,2007,897.4783070138916,0.017980777051557872,25.7,7.218396755568828,4544000.0
1292,CAF,2008,901.8513453751751,0.004860751297669275,25.6,7.181896080867251,4641000.0
1293,CAF,2009,898.7004801806556,-0.0034998919399118478,26.0,7.205412434455996,4742000.0
1294,CAF,2010,910.3103788607568,0.012835808058951237,26.0,7.227444610068898,4845000.0
1295,CAF,2011,909.0,-0.0014405228514942081,25.6,7.205857868761802,4950000.0
1296,CAF,2012,916.0,0.007671270496651061,25.5,7.242511758819846,5057000.0
1297,CAF,2013,567.0,-0.47965706094637817,25.7,7.250493557181996,5167000.0
1298,CAF,2014,561.0,-0.010638398205055744,25.6,7.211630531328668,5278000.0
1299,CAF,2015,576.0,0.026386755173195553,25.7,7.216709486709457,5392000.0
1300,CAF,2016,592.9234516186858,0.02895764332303763,25.9,7.247365444294277,5507000.0
1301,CAF,2017,608.2856446716945,0.025579277936212286,25.6,7.23164873339649,5625118.0
1302,CAF,2018,619.1874635098058,0.017763493845723843,25.5,7.1864470595957854,5745062.0
1303,CAF,2019,623.5598233502932,0.0070366323513386675,25.8,7.20213983949359,5874226.042751207
1304,CAF,2020,613.7893419743613,-0.015792930121297566,25.7,7.207637624515236,6024986.587691716
1305,CAF,2021,606.8591051512815,-0.011355130634133737,25.8,7.2751030649771735,6153688.299307919
1306,CAF,2022,596.3929987333512,-0.017396803788120252,25.6,7.237993840847831,6291248.726525581
1307,CAN,1961,14080.0,0.009132483563272231,-0.8000000000000003,7.3351123335064,18634977.0
1308,CAN,1962,14787.0,0.04899306566145434,-0.7500000000000002,7.332892286887765,18985849.0
1309,CAN,1963,15248.0,0.03069993052049469,-0.44999999999999973,7.367803264860593,19342841.0
1310,CAN,1964,15938.0,0.04425784806371169,-1.1,7.416919523421462,19711053.0
1311,CAN,1965,16694.0,0.04634317845298774,-1.0,7.401292312610585,20071104.0
1312,CAN,1966,17448.0,0.044175655470782615,-1.05,7.374064592639601,20448496.0
1313,CAN,1967,17658.0,0.011963909580062548,-1.0,7.4293427853921585,20819767.0
1314,CAN,1968,18297.0,0.03554817350303807,-0.9000000000000001,7.223769673700954,21143100.0
1315,CAN,1969,18988.0,0.037070088706643745,-0.6499999999999999,7.345074288204207,21448073.0
1316,CAN,1970,19207.0,0.01146759523364338,-0.8499999999999999,7.3114855497965845,21749986.0
1317,CAN,1971,20024.0,0.041656758206757516,-0.7000000000000002,7.270243294235161,22026400.0
1318,CAN,1972,20837.0,0.039798698458589854,-1.5,7.3600721658675345,22284500.0
1319,CAN,1973,22058.0,0.056945095295892756,-0.30000000000000027,7.164372290353885,22559500.0
1320,CAN,1974,22643.0,0.026175405506428717,-0.8999999999999999,7.153911984605347,22874700.0
1321,CAN,1975,22819.0,0.007742768873903572,-0.8500000000000001,7.358161884793771,23209200.0
1322,CAN,1976,23754.0,0.040157415087760384,-0.6000000000000001,7.25130952175055,23517500.0
1323,CAN,1977,24265.0,0.021284045505131743,-0.15000000000000036,7.328108999584052,23796400.0
1324,CAN,1978,24994.0,0.029600813206412724,-1.0000000000000002,7.172961654668733,24036300.0
1325,CAN,1979,25775.0,0.030769233839430754,-0.6499999999999999,7.1568394442967005,24276900.0
1326,CAN,1980,25784.0,0.00034911461011333245,-0.19999999999999973,7.2638900770683605,24593300.0
1327,CAN,1981,26256.0,0.01814038983459909,0.5,7.200611442707647,24900000.0
1328,CAN,1982,25151.0,-0.04299687716104117,-1.0,7.201096309285597,25201900.0
1329,CAN,1983,25625.0,0.01867078027187752,-0.3500000000000001,7.113386378545049,25456300.0
1330,CAN,1984,26836.0,0.04617583224206889,-0.19999999999999973,7.2289325705677125,25701800.0
1331,CAN,1985,28025.0,0.04335269925758212,-0.25,7.20500394530313,25941600.0
1332,CAN,1986,28472.0,0.015824179249667836,-0.25,7.219898229858928,26203800.0
1333,CAN,1987,29246.0,0.02682166398179575,0.5,7.2056722952463215,26549700.0
1334,CAN,1988,30275.0,0.03457947724946919,-0.20000000000000018,7.275553133360543,26894800.0
1335,CAN,1989,30458.0,0.0060263959903430475,-0.5499999999999998,7.176369204341104,27379300.0
1336,CAN,1990,30082.0,-0.01242169919647651,-0.40000000000000036,7.070129197966396,27790600.0
1337,CAN,1991,29151.69684885993,-0.03141386419212111,-0.050000000000000266,7.214725140341202,28138130.0
1338,CAN,1992,29141.192329285826,-0.0003604048396255166,-0.3999999999999999,7.097300680865411,28473170.0
1339,CAN,1993,29657.57435681402,0.0175648345328554,-0.09999999999999964,7.073015447847797,28787790.0
1340,CAN,1994,30745.822846121897,0.036036590888441467,-0.20000000000000018,7.1464571692122,29104830.0
1341,CAN,1995,31330.720086352954,0.01884494600184894,-0.25,7.077033810804136,29407560.0
1342,CAN,1996,31594.24180943492,0.008375794143727688,-0.1499999999999999,7.115460266607156,29716570.0
1343,CAN,1997,32709.691602793333,0.03469653051370791,0.25,7.163753167167294,30013370.0
1344,CAN,1998,33785.74631608327,0.032367593639115455,0.8500000000000001,7.187127923562778,30263490.0
1345,CAN,1999,35345.720956298894,0.04513833018238245,0.75,7.081624548961108,30510480.0
1346,CAN,2000,36942.562294285686,0.04418699894074152,0.30000000000000027,7.041105405178893,30795950.0
1347,CAN,2001,37307.205933239486,0.009822160505866151,0.44999999999999996,7.1091438984933175,31132320.0
1348,CAN,2002,38123.98642394115,0.02165715242266586,0.04999999999999982,7.152347161502217,31472720.0
1349,CAN,2003,38559.97590268697,0.011371195839203097,0.10000000000000009,7.040361243530159,31757690.0
1350,CAN,2004,39491.57003054623,0.02387238737041031,-0.44999999999999973,7.242762156775046,32055380.0
1351,CAN,2005,40485.01924036267,0.024844778202423257,0.15000000000000013,7.238568677394522,32359570.0
1352,CAN,2006,41247.14929668085,0.018649992048707986,0.6999999999999997,7.095810367623852,32688160.0
1353,CAN,2007,41806.865205809154,0.013478562984952092,-0.10000000000000009,7.000835701998149,33007160.000000004
1354,CAN,2008,41896.42558694811,0.0021399496834213494,-0.40000000000000036,7.0595746720423165,33366540.0
1355,CAN,2009,40312.621651062866,-0.03853590284952446,-0.2999999999999998,6.990164415222855,33749680.0
1356,CAN,2010,41209.4261814782,0.022002408747209046,0.7000000000000002,7.033682835579928,34127030.0
1357,CAN,2011,42197.0,0.02368210746812416,0.1499999999999999,7.016295733271588,34462670.0
1358,CAN,2012,42476.34505066868,0.006598205467659213,0.3999999999999999,7.110777752300125,34838910.0
1359,CAN,2013,43008.83001074117,0.012458109764114766,-0.25,7.095105835797533,35208970.0
1360,CAN,2014,43800.63917397715,0.01824296658977076,-0.25,7.0665096313429965,35564720.0
1361,CAN,2015,43761.52709036398,-0.000893355838098131,0.1499999999999999,6.9183489671930065,35831150.0
1362,CAN,2016,43702.07959843087,-0.0013593654169543612,0.4500000000000002,7.06373286043649,36239190.0
1363,CAN,2017,44493.65111599596,0.017950818408941416,0.20000000000000018,6.8665686346518875,36676500.0
1364,CAN,2018,45087.886790366465,0.013267117410618923,0.0,7.021262519775732,37198220.0
1365,CAN,2019,45284.213482154024,0.004344858646566863,0.0,7.1452355663964,37736290.0
1366,CAN,2020,42493.630617386254,-0.06360428662731366,0.20000000000000018,7.041717828645104,38173830.0
1367,CAN,2021,44379.594870856665,0.04342559194766338,0.40000000000000036,7.046951844170426,38383480.0
1368,CAN,2022,45529.64560835027,0.025583876800514105,0.3500000000000001,7.097342046767504,38684590.0
1369,CHE,1961,17307.56274695578,0.05640451372455679,6.7,6.974665984264764,5512000.0
1370,CHE,1962,17793.97648999769,0.027716441606274955,4.9,6.903144666424454,5666000.0
1371,CHE,1963,18437.83891354983,0.03554501509325547,4.8,7.077498053569231,5789000.0
1372,CHE,1964,19195.446462746044,0.04026807182445502,5.9,6.934202448996985,5887000.0
1373,CHE,1965,19802.51249138296,0.031135735646973473,4.9,7.293901642703902,5943000.0
1374,CHE,1966,20224.538197575424,0.021087806282293897,6.0,7.201469123665637,5996000.0
1375,CHE,1967,20742.252540723617,0.025276175988135918,6.1,7.018580834071022,6063000.0
1376,CHE,1968,21395.386375518945,0.031002503431125206,5.5,7.1830357687161746,6132000.0
1377,CHE,1969,22307.67292655504,0.04175538785306898,5.3,6.99613238959955,6212000.0
1378,CHE,1970,23478.991767022973,0.05117535725325695,5.3,7.2004995170261825,6267000.0
1379,CHE,1971,24486.9781291002,0.042035417354917115,5.7,6.889285762698476,6343293.0
1380,CHE,1972,25356.910902043855,0.03490984097610905,5.3,6.92912530471833,6401400.0
1381,CHE,1973,26003.71517495672,0.025188106864687754,5.4,7.046037866782144,6441100.0
1382,CHE,1974,25718.27037296807,-0.01103777037921816,6.1,7.107097820110394,6460000.0
1383,CHE,1975,24467.99170304896,-0.0498358464924582,6.0,7.068086817884477,6403500.0
1384,CHE,1976,24752.90730888385,0.011577146855300313,5.8,6.930397009462962,6333313.0
1385,CHE,1977,25430.567445403256,0.02700894405854548,6.1,7.205486687286919,6316424.0
1386,CHE,1978,26158.800298873663,0.02823377220244616,5.2,7.102087748442227,6332568.0
1387,CHE,1979,26641.094951816107,0.018269281219840394,5.7,7.21890970761906,6350840.0
1388,CHE,1980,27405.730236248284,0.028297177616188662,5.0,7.070809065418435,6385229.0
1389,CHE,1981,27729.584967225976,0.011747768354089416,5.7,7.272953793861746,6425450.0
1390,CHE,1982,27660.948497324916,-0.002478275645225736,6.4,7.134412649596143,6468126.0
1391,CHE,1983,28009.329084104094,0.012516019310211846,6.5,7.057725805558432,6501073.0
1392,CHE,1984,28315.0825944092,0.010856980288073359,5.4,7.05858616868472,6529684.0
1393,CHE,1985,29416.752244610027,0.03816969976050899,5.3,6.9910848865691415,6563770.0
1394,CHE,1986,30847.994256707087,0.04750741594144259,5.7,7.143143556712784,6603192.0
1395,CHE,1987,31774.37115930647,0.029588294208879873,5.5,7.161078798797479,6649942.0
1396,CHE,1988,32482.9076702734,0.022054006698056128,6.5,7.1814398417900644,6704112.0
1397,CHE,1989,33315.58677040572,0.02531132550395121,6.9,6.913240209212707,6763653.0
1398,CHE,1990,34250.0,0.027661206049627296,6.9,7.1225440259135935,6836626.0
1399,CHE,1991,34128.641907102545,-0.0035495943451024914,6.0,6.952154866278821,6920930.0
1400,CHE,1992,34356.802094625935,0.0066630518344474865,6.8,7.105950184932382,6984310.0
1401,CHE,1993,34625.5336467752,0.007791354372390202,6.2,7.1233504125390175,7030350.0
1402,CHE,1994,35423.82782842484,0.02279331963575082,7.5,7.1465359310757455,7078630.0
1403,CHE,1995,36004.22989374643,0.016251732396662888,6.4,7.206228912512117,7142010.0
1404,CHE,1996,36720.49047276632,0.019698494162179614,5.4,7.074963197966044,7174430.0
1405,CHE,1997,38165.47735261598,0.03859645000927436,6.8,6.996315455961617,7195430.0
1406,CHE,1998,39890.53757516586,0.04420776949202576,6.6,7.047604174098535,7219390.0
1407,CHE,1999,41091.6368773432,0.029665476227908272,6.7,7.3147525460683775,7257600.0
1408,CHE,2000,43251.103753602714,0.051218134872993204,7.4,7.159447413700763,7295660.0
1409,CHE,2001,44398.63878146871,0.026186057526416562,6.6,7.226863341433771,7331760.0
1410,CHE,2002,44934.31674605356,0.011992984717187127,7.2,7.2786979530518785,7384160.0
1411,CHE,2003,45441.599280362556,0.011226173613696488,7.0,6.826219790999619,7437940.0
1412,CHE,2004,47263.59672625452,0.03931240472252817,6.5,7.012295458256061,7487680.0
1413,CHE,2005,49273.90235938695,0.04165420303255196,6.3,6.943315454380688,7532090.0
1414,CHE,2006,51862.96477059079,0.051210370232182,7.0,7.111675235328588,7579110.0
1415,CHE,2007,54509.539659857444,0.049770778770634294,7.1,7.164488333289902,7646970.0
1416,CHE,2008,56054.8838155727,0.027955552935205574,6.8,7.1301785709718635,7737760.0
1417,CHE,2009,55171.50070768471,-0.015884750485930965,6.9,7.045166634805097,7825370.0
1418,CHE,2010,57219.49831206226,0.03644819144977873,5.8,7.081288329743012,7884370.0
1419,CHE,2011,58686.0,0.02530647765539662,7.5,6.956259688041752,7959370.0
1420,CHE,2012,58750.93843338053,0.0011059286944217206,6.9,7.174800876583475,8044330.0
1421,CHE,2013,59120.06144481311,0.0062631897322038554,6.4,7.136164939968847,8137370.0
1422,CHE,2014,59775.53927219261,0.01102621904191281,7.8,7.086905144610457,8237260.0
1423,CHE,2015,60070.86539299293,0.004928420162420011,7.7,6.899823908655857,8331570.0
1424,CHE,2016,60647.64025932316,0.009555771952552305,7.1,7.162707526810999,8423050.0
1425,CHE,2017,60903.22121100031,0.0042053396454004854,7.2,7.121575502835463,8502010.0
1426,CHE,2018,62185.47798901128,0.020835432875305315,8.0,6.8927431588616335,8564880.0
1427,CHE,2019,62448.5993632049,0.0042223085482184786,7.7,7.11550088811625,8626190.0
1428,CHE,2020,60521.26266021757,-0.031349055966543915,8.1,6.974759507762611,8689450.0
1429,CHE,2021,62595.310039377604,0.033695603578383526,6.7,7.152425460840627,8756220.0
1430,CHE,2022,63323.25280180889,0.011562248736163738,8.4,6.942446518772067,8833800.0
1431,CHL,1961,6923.0,0.020724617994183347,8.8,6.97176240895643,7773314.0
1432,CHL,1962,7071.0,0.0211527109262164,9.2,6.796041289352136,7961258.0
1433,CHL,1963,7336.0,0.036791822332059354,8.8,7.088742612762955,8147349.0
1434,CHL,1964,7320.0,-0.0021834069809436585,8.6,6.823068470814943,8330423.000000001
1435,CHL,1965,7208.0,-0.015418807667183287,8.9,7.149602815090119,8509950.0
1436,CHL,1966,7844.0,0.08455738802806323,8.7,7.0241150800983325,8685954.0
1437,CHL,1967,7933.0,0.011282365985765708,8.9,6.966872883465226,8858908.0
1438,CHL,1968,8053.0,0.015013418493541764,9.2,6.865265227361185,9029621.0
1439,CHL,1969,8187.0,0.016502837580903318,9.2,6.999148707411348,9199122.0
1440,CHL,1970,8195.0,0.0009766818014824707,9.0,6.976814814913632,9368558.0
1441,CHL,1971,8773.0,0.06815461095045272,8.5,7.039485049660032,9540298.0
1442,CHL,1972,8520.0,-0.02926248230502182,8.8,7.1284157500025405,9717524.0
1443,CHL,1973,7911.0,-0.07416214480196537,8.6,6.961201254687763,9896635.0
1444,CHL,1974,7857.0,-0.006849341845574841,8.6,6.885202874511625,10076544.0
1445,CHL,1975,6731.0,-0.15468113316510745,8.7,7.004518947414445,10251542.0
1446,CHL,1976,6868.0,0.020149222006653034,8.5,7.0547086919383,10432214.0
1447,CHL,1977,7438.0,0.07972905246764839,9.1,7.167809184316444,10599793.0
1448,CHL,1978,7936.0,0.06480737447969354,9.2,6.996223926969745,10759823.0
1449,CHL,1979,8475.0,0.06571128328394238,9.0,7.0502092467770705,10922822.0
1450,CHL,1980,9024.0,0.06276704148918988,9.1,7.169426996001687,11093718.0
1451,CHL,1981,9427.0,0.04369021765830894,9.1,7.014454897641193,11282304.0
1452,CHL,1982,8016.0,-0.1621383680715045,9.1,7.092407451114374,11487112.0
1453,CHL,1983,7667.0,-0.04451413976575047,9.2,6.881308628967154,11686845.0
1454,CHL,1984,7992.0,0.041515636769494435,8.4,6.97886590644009,11879139.0
1455,CHL,1985,8024.0,0.003996009313382842,9.2,6.977374620862194,12068000.0
1456,CHL,1986,8325.0,0.03682598520687286,9.1,7.006423450778838,12261000.0
1457,CHL,1987,8721.0,0.04647087437834152,9.5,6.961011645282569,12465000.0
1458,CHL,1988,9199.0,0.05336087225017039,8.9,6.784457062637643,12679000.0
1459,CHL,1989,10005.0,0.08399018554067617,9.4,6.835184586147301,12902000.0
1460,CHL,1990,10203.0,0.01959682665747131,9.1,6.98961172545197,13129000.0
1461,CHL,1991,10746.491564155878,0.051897540486455895,8.9,7.003247260441357,13371310.0
1462,CHL,1992,11773.30070914546,0.09125498086030248,8.8,7.04377108289958,13613620.0
1463,CHL,1993,12296.925646305868,0.043514967641566926,9.2,7.001700891824665,13855930.0
1464,CHL,1994,12692.551132186198,0.03166601268525504,9.4,7.007962539399163,14098250.0
1465,CHL,1995,13715.932995478925,0.0775428530863067,9.0,6.93166709902845,14340560.0
1466,CHL,1996,14433.319774238738,0.05098125745765181,9.1,6.865369562485699,14540370.0
1467,CHL,1997,15079.8311950225,0.043818761642425486,9.3,7.107261660530193,14740180.0
1468,CHL,1998,15259.540847553473,0.011846768223605864,9.5,6.7782159076271515,14940000.0
1469,CHL,1999,14846.417528318425,-0.02744634451629757,9.1,6.826002777109878,15139810.0
1470,CHL,2000,15211.623295604435,0.024301233865267946,8.6,7.035444640123027,15339620.0
1471,CHL,2001,15448.008813317989,0.015420289515489571,8.9,6.96659006470303,15512860.0
1472,CHL,2002,15509.82477517235,0.003993563944577616,8.8,7.206451472697018,15686110.0
1473,CHL,2003,15809.17776845465,0.019116963227824968,9.3,6.9626221804229775,15859340.0
1474,CHL,2004,16478.97278670518,0.041494548821262356,9.5,6.958163181525983,16029280.0
1475,CHL,2005,17137.486041466447,0.039183038750916666,9.0,7.056347683031964,16221790.0
1476,CHL,2006,17920.803131219684,0.044693993747111804,9.4,7.131778443323355,16364130.0
1477,CHL,2007,18487.900735147177,0.031154279674362684,8.6,6.75343791859778,16535650.000000002
1478,CHL,2008,18804.029363329544,0.016954670900398483,9.4,7.004700485038616,16700270.0
1479,CHL,2009,18184.481377662123,-0.03350261591309689,9.3,6.970542267080901,16863840.0
1480,CHL,2010,18909.847276205317,0.03911424749234094,8.9,6.828062510072889,16999470.0
1481,CHL,2011,19705.0,0.041189604360070575,9.2,6.914631582921569,17188980.0
1482,CHL,2012,20690.79623024789,0.04881656419058622,9.4,6.9244157198752445,17377600.0
1483,CHL,2013,21171.061311926045,0.02294624187859462,9.5,6.838512376239977,17545370.0
1484,CHL,2014,21337.759460089786,0.007843031147226398,9.3,6.895783907200917,17720430.0
1485,CHL,2015,21574.0177869608,0.011011462552339424,9.5,6.920967610454272,17903540.0
1486,CHL,2016,21715.713791676244,0.006546425934645939,9.5,6.703188113240863,18098520.0
1487,CHL,2017,21709.42713934853,-0.0002895397567783675,9.6,6.9749465285224606,18349610.0
1488,CHL,2018,22175.66501492856,0.021248920551647288,9.3,6.839476438228843,18680570.0
1489,CHL,2019,21924.407579229286,-0.011394999583654197,9.3,6.781171126872684,19035040.0
1490,CHL,2020,20205.86869447819,-0.08162742592030447,9.7,6.822524134619476,19384810.0
1491,CHL,2021,22324.961433086897,0.09973230759849727,9.7,6.617269279197622,19604030.0
1492,CHL,2022,22740.72142369102,0.01845181345587399,9.3,6.82001636467413,19715210.0
1493,CHN,1961,874.0,-0.1901096102147024,7.3,6.494358800547692,660330000.0
1494,CHN,1962,926.0,0.057793858990644154,7.0,6.418691146997659,665770000.0
1495,CHN,1963,1034.0,0.11031582042219501,7.2,6.3597468640884305,682335000.0
1496,CHN,1964,1152.0,0.1080647861874624,6.9,6.4853983032037545,698355000.0
1497,CHN,1965,1253.0,0.08404111364023148,6.9,6.386205691853171,715185000.0
1498,CHN,1966,1261.0,0.006364381068851621,7.1,6.363717521010033,735400000.0
1499,CHN,1967,1237.0,-0.019215963572432493,6.6,6.410174881966167,754550000.0
1500,CHN,1968,1178.0,-0.04887100818095558,6.9,6.398761310045116,774510000.0
1501,CHN,1969,1264.0,0.07046321049527116,6.5,6.431653091274532,796025000.0
1502,CHN,1970,1398.0,0.10076134808695247,6.7,6.47497036021901,818315000.0
1503,CHN,1971,1446.0,0.03375847992495462,7.0,6.381138969309823,841105000.0
1504,CHN,1972,1431.0,-0.010427623162259536,7.0,6.400091318553725,862030000.0
1505,CHN,1973,1513.0,0.05572093423190516,7.3,6.529126824827532,881940000.0
1506,CHN,1974,1519.0,0.003957788807417373,6.8,6.438391445023741,900350000.0
1507,CHN,1975,1594.0,0.048194356754387435,7.3,6.48768401848461,916395000.0
1508,CHN,1976,1519.0,-0.048194356754387435,6.7,6.400423544470402,930685000.0
1509,CHN,1977,1583.0,0.04126955728523907,7.1,6.427620502536943,943455000.0
1510,CHN,1978,1744.0,0.0968595445879128,7.3,6.354543938719709,956165000.0
1511,CHN,1979,1859.0,0.0638573832525191,7.3,6.397096307995467,969005000.0
1512,CHN,1980,1930.0,0.037481294177487356,7.2,6.425840998710567,981235000.0
1513,CHN,1981,1962.0,0.016444358226376465,7.2,6.443176906381466,993861000.0
1514,CHN,1982,2128.0,0.08121821033622734,7.4,6.427297191832543,1000281000.0
1515,CHN,1983,2227.0,0.04547281679583204,7.2,6.516932447610842,1023288000.0
1516,CHN,1984,2444.0,0.09298065303411818,6.7,6.419669142185636,1036825000.0
1517,CHN,1985,2619.0,0.06915652421622642,7.0,6.446037229323174,1051040000.0
1518,CHN,1986,2748.0,0.04808080883452792,7.1,6.33806390234911,1066790000.0
1519,CHN,1987,2931.0,0.06447028736865246,7.5,6.447305862541213,1084035000.0
1520,CHN,1988,3045.0,0.03815723943310445,7.5,6.392252065665035,1101630000.0
1521,CHN,1989,3022.0,-0.007582037311312462,7.5,6.411325535499879,1118650000.0
1522,CHN,1990,2982.0,-0.013324647507999998,7.8,6.499787040655854,1135185000.0
1523,CHN,1991,3051.3151251535655,0.02297846991663377,7.3,6.399260270554429,1149978850.0
1524,CHN,1992,3227.744141541462,0.05621079878327073,7.1,6.403739747144695,1163362820.0
1525,CHN,1993,3506.4800947744798,0.08282922727135045,7.1,6.4768185049003035,1176726930.0
1526,CHN,1994,3730.164094416436,0.06183951351538752,7.7,6.466455717864757,1189961970.0
1527,CHN,1995,3999.729180990004,0.06977442824613078,7.5,6.418364935936212,1202581430.0
1528,CHN,1996,4219.644172416151,0.05352415108485964,7.2,6.437431598525476,1215171100.0
1529,CHN,1997,4310.828198416168,0.02137923790074936,7.6,6.4224349456245085,1227452970.0
1530,CHN,1998,4309.847175568261,-0.00022759767873914427,8.3,6.541318557841451,1238722120.0
1531,CHN,1999,4466.736250214565,0.03575555119146934,8.0,6.4165688704684944,1248899100.0
1532,CHN,2000,4730.354351202304,0.057342118811732234,7.5,6.434707019550176,1258400920.0
1533,CHN,2001,4995.144724820601,0.05446627023344597,7.9,6.395094639270416,1267177950.0
1534,CHN,2002,5343.112257824781,0.06734191739713147,8.1,6.482036441846705,1275379100.0
1535,CHN,2003,5649.4632391271925,0.05575223570501997,7.8,6.416405431716803,1283063960.0
1536,CHN,2004,6067.591161370288,0.07140114432045053,8.0,6.370072201046264,1290619750.0
1537,CHN,2005,6626.591821130525,0.08812893485708528,7.7,6.429719478039138,1298245040.0
1538,CHN,2006,7271.035651970811,0.09280811906789665,8.2,6.390911582890583,1305115740.0
1539,CHN,2007,7895.712892697418,0.08242120339646064,8.5,6.391414474528037,1311877230.0
1540,CHN,2008,8190.112094505943,0.03660764416129503,7.9,6.453467506176404,1318559280.0
1541,CHN,2009,8734.04062380443,0.06430052175397982,8.1,6.364578624998487,1324993120.0
1542,CHN,2010,9658.41859928433,0.10060182246673932,7.8,6.496171489865795,1331357450.0
1543,CHN,2011,10221.0,0.05661449860204293,7.6,6.308462673893816,1339548680.0
1544,CHN,2012,10946.83397149056,0.06860585208428738,7.4,6.509811812272819,1349537020.0
1545,CHN,2013,11731.294597488408,0.06920974351153575,8.0,6.456141514847992,1357519740.0
1546,CHN,2014,12515.198304795971,0.06468374718467373,8.0,6.455198563340122,1366654200.0
1547,CHN,2015,13325.431748191117,0.06273060076474657,8.3,6.482342533064276,1373405760.0
1548,CHN,2016,14138.954637273522,0.05925935737186272,8.2,6.545205971850804,1382401210.0
1549,CHN,2017,15030.447422313575,0.061144243674764454,8.4,6.471418507206885,1390135720.0
1550,CHN,2018,15977.007798620576,0.06107270422195654,8.0,6.486618001479677,1395397960.0
1551,CHN,2019,16879.53970153226,0.054951543768670064,8.3,6.457240502320248,1400034690.0
1552,CHN,2020,17225.968276942745,0.02031580885583928,8.2,6.499636653408409,1402060160.0
1553,CHN,2021,18666.604569482603,0.08031804664136999,8.5,6.514416350671813,1402536740.0
1554,CHN,2022,19238.17878269338,0.030160707466405867,8.4,6.433100851520974,1401692800.0
1555,CIV,1961,2114.0,0.054435206555017324,26.3,7.108489608783217,3705211.0
1556,CIV,1962,2128.0,0.006600684031352166,26.3,7.356279876550748,3842850.0
1557,CIV,1963,2378.0,0.11107722678919174,26.6,7.419560422861628,4001575.0
1558,CIV,1964,2691.0,0.12365307347617893,26.2,7.242082359256962,4171037.9999999995
1559,CIV,1965,2520.0,-0.06565397022143671,26.2,7.173115052429426,4356370.0
1560,CIV,1966,2595.0,0.029327615094519643,26.6,7.251557726698194,4563607.0
1561,CIV,1967,2509.0,-0.033702249233567017,26.2,7.096638593611233,4790271.0
1562,CIV,1968,2758.0,0.09462151198682545,26.5,7.4567433638424765,5038277.0
1563,CIV,1969,2737.0,-0.0076433493125680485,26.8,7.182731978936364,5299106.0
1564,CIV,1970,2882.0,0.05162206751878795,26.7,7.135368824967799,5579014.0
1565,CIV,1971,2874.0,-0.00277970992049692,26.0,7.211851892702013,5873709.0
1566,CIV,1972,2887.0,0.004513113023964621,26.3,7.142115685501512,6171630.0
1567,CIV,1973,2974.0,0.029689947357165458,26.7,7.135050201418823,6465220.0
1568,CIV,1974,2931.0,-0.014564186309208083,26.1,7.160690615104083,6749048.0
1569,CIV,1975,2812.0,-0.04144768778033647,25.9,7.166034287064601,7030905.0
1570,CIV,1976,3017.0,0.0703669862285059,25.8,7.135528098680009,7334543.0
1571,CIV,1977,3033.0,0.0052892685295198305,26.4,7.049949044685312,7642397.0
1572,CIV,1978,3202.0,0.05422338586807918,26.2,7.120767683096888,7954372.0
1573,CIV,1979,3139.0,-0.019871336714707866,26.4,7.27897394836171,8270975.0
1574,CIV,1980,3253.0,0.035673369631398444,26.5,7.209783945140839,8593262.0
1575,CIV,1981,3242.0,-0.00338722417773063,26.6,7.108325969443955,8922474.0
1576,CIV,1982,3131.0,-0.034837980969214755,26.3,7.102334733171594,9259826.0
1577,CIV,1983,2901.0,-0.07629693720500175,26.8,6.824808358161211,9606456.0
1578,CIV,1984,2703.0,-0.07069323784495651,26.7,7.1924829916074815,9963431.0
1579,CIV,1985,2735.0,0.011769168579633948,26.6,7.182352111885263,10331684.0
1580,CIV,1986,2718.0,-0.006235120144992834,26.4,7.0140953147534635,10712062.0
1581,CIV,1987,2579.0,-0.05249458882974434,27.2,7.193911187437871,11105274.0
1582,CIV,1988,2444.0,-0.05376568558985895,26.7,7.158980814423303,11511744.0
1583,CIV,1989,2343.0,-0.04220388178369028,26.5,7.221251286326898,11930647.0
1584,CIV,1990,2083.0,-0.11762299724682368,26.7,7.05600285544234,12490877.0
1585,CIV,1991,2036.2988172831845,-0.022675307521257793,26.6,7.078088596464025,13245630.0
1586,CIV,1992,2011.5693546476862,-0.012218663875064983,26.4,7.01301578963963,13654480.0
1587,CIV,1993,1983.2335614586175,-0.014186566405345324,26.6,7.089326554385387,14182680.0
1588,CIV,1994,1951.5408073289057,-0.01610940630711699,26.5,7.151485463904735,14873800.0
1589,CIV,1995,2035.1681626694372,0.041959232528803625,26.8,7.189318670425741,15435830.0
1590,CIV,1996,2179.0357131070136,0.06830399480670213,26.8,7.195937226475569,15886710.0
1591,CIV,1997,2288.8086332209255,0.049148989183128045,26.8,7.0482126316773925,16303870.0
1592,CIV,1998,2393.498952102205,0.04472485735183174,27.3,7.04656024185932,16676550.0
1593,CIV,1999,2417.4575450712673,0.009960094649565043,26.7,7.213768308118642,17105620.0
1594,CIV,2000,2352.8563380719256,-0.027086333601835655,26.7,7.143854541456562,17552110.0
1595,CIV,2001,2342.8275486775547,-0.0042714990552044085,26.8,7.230997526832469,18009930.0
1596,CIV,2002,2298.45658483479,-0.019120706424643252,27.0,7.1515638307399305,18438090.0
1597,CIV,2003,2263.092566697592,-0.0155055773757109,27.0,7.236627278258781,18895190.0
1598,CIV,2004,2280.7880489612885,0.007788748524808042,27.0,7.158124816549939,19432140.0
1599,CIV,2005,2312.8426340106744,0.0139563267301126,27.2,7.124639280125202,19967690.0
1600,CIV,2006,2343.9269394541516,0.013350356566540711,26.9,7.207489432458059,20512460.0
1601,CIV,2007,2380.1153940089757,0.015321269331603382,27.0,7.139501719103615,21096920.0
1602,CIV,2008,2435.270518395371,0.022908874828370784,26.7,7.1873547752405615,21698880.0
1603,CIV,2009,2508.8221257613322,0.029755524181675597,27.0,7.200797957676014,22284500.0
1604,CIV,2010,2555.0162890729384,0.018245228610560993,27.3,7.346332738540504,22845250.0
1605,CIV,2011,2444.0,-0.044422557697009424,27.0,7.181896080867251,23343360.0
1606,CIV,2012,2648.7743754976227,0.08046099189053812,26.7,7.122705355267819,23878670.0
1607,CIV,2013,2821.876227550647,0.06330495943564252,27.0,7.039222041724443,24492100.0
1608,CIV,2014,2995.150119095287,0.0595923609129132,27.0,7.258412150595307,25104430.0
1609,CIV,2015,3182.1076827529632,0.0605494170116998,27.2,7.017506142941256,25719030.0
1610,CIV,2016,3328.9795027085474,0.0451220308220055,27.4,7.112653389954997,26347760.0
1611,CIV,2017,3450.2200128125105,0.03577219945749732,27.3,7.045166634805097,26983570.0
1612,CIV,2018,3497.8928081418226,0.013722731531323973,27.2,7.2805594448507405,27614170.0
1613,CIV,2019,3703.087528638841,0.05700620650471144,27.1,7.265289853332751,28251600.0
1614,CIV,2020,3682.135289488492,-0.0056741132611417555,27.3,7.1808311990445555,28895370.0
1615,CIV,2021,3853.162676998033,0.045401460004553584,27.5,7.212736848511979,29545710.0
1616,CIV,2022,4011.712273194948,0.04032386535723376,26.9,7.237778191923443,30279340.0
1617,CMR,1961,1321.0,-0.00377786622348264,24.6,7.341289407017894,5699165.0
1618,CMR,1962,1339.0,0.013534041168846933,24.7,7.522562468090831,5793633.0
1619,CMR,1963,1366.0,0.019963694439563362,25.0,7.412220719595445,5892378.0
1620,CMR,1964,1390.0,0.017416985994001877,24.6,7.47550929013402,5995682.0
1621,CMR,1965,1393.0,0.0021559476550683243,24.7,7.427560465528704,6103788.0
1622,CMR,1966,1431.0,0.026913805776644928,24.8,7.497151758548155,6216951.0
1623,CMR,1967,1443.0,0.008350779217420445,24.5,7.4226127638614985,6335506.0
1624,CMR,1968,1508.0,0.044059989794030585,24.7,7.419320629083128,6459744.0
1625,CMR,1969,1551.0,0.02811561460863743,25.0,7.551344500693738,6590041.0
1626,CMR,1970,1565.0,0.008985939797714337,24.9,7.414994479212708,6726733.0
1627,CMR,1971,1578.0,0.008272398431565797,24.3,7.425059868845837,6870244.0
1628,CMR,1972,1612.0,0.02131742166075412,24.5,7.3587672020462715,7021028.0
1629,CMR,1973,1599.0,-0.008097210232619112,24.7,7.374629015218945,7179499.0
1630,CMR,1974,1632.0,0.02042782269009802,24.1,7.43413924166398,7346174.0
1631,CMR,1975,1677.0,0.02720022629915686,24.1,7.426072768506423,7521530.0
1632,CMR,1976,1664.0,-0.007782140442055052,24.0,7.4273820587011965,7721125.0
1633,CMR,1977,1706.0,0.0249271066704706,24.4,7.293901642703902,7962216.0
1634,CMR,1978,1744.0,0.022029876417300365,24.3,7.465712549480399,8212691.999999999
1635,CMR,1979,1785.0,0.0232370897448142,24.7,7.3880185971654875,8461756.0
1636,CMR,1980,1900.0,0.062435470940792825,24.6,7.426072768506423,8762486.0
1637,CMR,1981,2153.0,0.12500833220983054,24.4,7.3727463664043285,9047915.0
1638,CMR,1982,2257.0,0.04717427945317265,24.3,7.418120796915671,9282553.0
1639,CMR,1983,2345.0,0.038248904062844424,24.7,7.204074939829503,9562721.0
1640,CMR,1984,2450.0,0.04380262265839274,24.5,7.343620259481384,9867132.0
1641,CMR,1985,2585.0,0.05363748340375718,24.4,7.440557635551497,10191372.0
1642,CMR,1986,2683.0,0.0372100634830943,24.5,7.309279297857039,10530147.0
1643,CMR,1987,2471.0,-0.08231264443701392,24.9,7.282829905766233,10867102.0
1644,CMR,1988,2287.0,-0.07738201196582928,24.7,7.416258207378482,11200976.0
1645,CMR,1989,2021.0,-0.12364847661915945,24.5,7.346655163176539,11540121.0
1646,CMR,1990,1930.0,-0.04607243550468976,24.8,7.415656631230881,11884495.0
1647,CMR,1991,1833.3544517711455,-0.05137268026492592,24.6,7.360612749392902,12257590.0
1648,CMR,1992,1754.2467380350993,-0.044107766967438344,24.4,7.370482499257096,12637160.0
1649,CMR,1993,1677.1400261498939,-0.04494957832680058,24.5,7.412522588164164,13026100.0
1650,CMR,1994,1615.5972736793544,-0.03738526014923771,24.5,7.371992313333536,13422890.0
1651,CMR,1995,1648.6415582778313,0.02024693359472174,24.7,7.371363501139013,13824410.0
1652,CMR,1996,1710.105975302545,0.03660369165229227,24.6,7.424403916050917,14231040.0
1653,CMR,1997,1780.4966966802663,0.040337026002109866,24.7,7.443195463512047,14642550.0
1654,CMR,1998,1847.2189118450954,0.036788848662718365,25.2,7.371174780350858,15059740.0
1655,CMR,1999,1902.2660063357869,0.02936459334166841,24.6,7.422373700986824,15483380.0
1656,CMR,2000,1961.0878622527102,0.030453540568952775,24.7,7.391600174416353,15913470.0
1657,CMR,2001,2028.5473842742197,0.0338206116282338,24.7,7.413487955682118,16353510.0
1658,CMR,2002,2084.9206379621032,0.0274108285397201,24.9,7.419200710627534,16815160.0
1659,CMR,2003,2143.980043224328,0.027933143768816393,24.9,7.414934261827931,17288720.0
1660,CMR,2004,2198.236020142642,0.024991294749785453,25.0,7.3688442908382985,17764350.0
1661,CMR,2005,2222.910853393813,0.011162302523437972,25.0,7.334851407216596,18249290.0
1662,CMR,2006,2269.517951969696,0.020749920741256034,24.9,7.422792023519593,18746120.0
1663,CMR,2007,2315.6068767610554,0.02010434998963362,24.9,7.442258366102484,19278260.0
1664,CMR,2008,2352.7994599899716,0.01593407576785033,24.7,7.384113673865881,19842900.0
1665,CMR,2009,2370.130510015936,0.0073391424085631485,25.0,7.343167463458253,20418920.0
1666,CMR,2010,2420.132849614199,0.020877414048475984,25.2,7.389193285853536,21001570.0
1667,CMR,2011,2494.0,0.030065412061216712,24.9,7.33204214133089,21586300.0
1668,CMR,2012,2536.546816995786,0.01691578791785009,24.8,7.406892862952937,22181010.0
1669,CMR,2013,2590.710065452772,0.021128359507184946,24.9,7.356535271776246,22800320.0
1670,CMR,2014,2657.4030077562184,0.025417338333282302,24.9,7.343684927894121,23512660.0
1671,CMR,2015,2718.305430542134,0.022659349667280004,25.0,7.287834200699885,24273080.0
1672,CMR,2016,2758.0290075926746,0.014507614251166423,25.2,7.4414376848910555,24995010.0
1673,CMR,2017,2779.5482382746604,0.007772113344947762,25.0,7.394738928262557,25679720.0
1674,CMR,2018,2815.316204314165,0.012786173356907682,25.0,7.3453002805537135,26373180.0
1675,CMR,2019,2832.0767416446974,0.00593568986624593,25.0,7.426430017691526,27114250.0
1676,CMR,2020,2769.2867887504317,-0.02242046344175641,25.3,7.397071219260245,27878490.0
1677,CMR,2021,2791.7901002835106,0.008093193031540658,25.3,7.419200710627534,28662860.0
1678,CMR,2022,2812.214739145369,0.007289333212424864,25.0,7.4089547193534955,29417310.0
1679,COG,1961,2020.0,0.010450455894850386,24.3,7.504776947444699,1024608.9999999999
1680,COG,1962,2039.0,0.009361980179204643,24.5,7.48487413348196,1047924.0
1681,COG,1963,2059.0,0.009760936453334423,24.7,7.484480996524831,1072198.0
1682,COG,1964,2079.0,0.009666580830224092,24.4,7.420758529995902,1097474.0
1683,COG,1965,2099.0,0.009574031962619856,24.5,7.369348640867902,1123795.0
1684,COG,1966,2157.0,0.027257326568522977,24.8,7.524237374606597,1151207.0
1685,COG,1967,2216.0,0.026985401478018645,24.4,7.346268241136502,1179760.0
1686,COG,1968,2275.0,0.02627628351787603,24.5,7.395168969737469,1209505.0
1687,COG,1969,2335.0,0.02603183871794723,24.7,7.469083884921234,1240372.0
1688,COG,1970,2396.0,0.02578878913234206,24.7,7.451938306402124,1272408.0
1689,COG,1971,2546.0,0.060722819882012224,24.2,7.369915730766847,1305794.0
1690,COG,1972,2582.0,0.014040792289235604,24.3,7.27337014249034,1340458.0
1691,COG,1973,2950.0,0.13324087792727735,24.5,7.3783837129967145,1376455.0
1692,COG,1974,2848.0,-0.035188176801998594,23.9,7.384299968771254,1414408.0
1693,COG,1975,2745.0,-0.03683591858823565,24.0,7.413126052065164,1453650.0
1694,COG,1976,2794.0,0.017693185873276285,23.8,7.41728005701508,1494470.0
1695,COG,1977,2517.0,-0.10440654468159138,24.2,7.428570836777475,1536889.0
1696,COG,1978,2595.0,0.030518800464673035,24.2,7.281867309432279,1580962.0
1697,COG,1979,2807.0,0.07852978076189387,24.6,7.384113673865881,1626730.0
1698,COG,1980,3075.0,0.09118860387873617,24.4,7.452286435213299,1674288.0
1699,COG,1981,3625.0,0.16454938704815625,24.6,7.4236281439696405,1723743.0
1700,COG,1982,4355.0,0.1834703219978273,24.3,7.3882041660894116,1775157.0
1701,COG,1983,4473.0,0.02673471414624551,24.8,7.251983077619112,1828563.0
1702,COG,1984,4664.0,0.04181412459747946,24.7,7.4131863784308205,1883981.0
1703,COG,1985,4484.0,-0.03935794383827762,24.5,7.474828902286714,1941765.0
1704,COG,1986,4058.0,-0.09982526380628975,24.5,7.36827659283838,2002137.0
1705,COG,1987,3953.0,-0.02621545708907469,25.0,7.359531289953551,2064973.0
1706,COG,1988,3908.0,-0.01144905013401143,24.7,7.437206366871292,2130061.0
1707,COG,1989,3865.0,-0.011064052141151137,24.5,7.3938167876015095,2197165.0
1708,COG,1990,3794.0,-0.01854081052656298,24.7,7.451125534223854,2266001.0
1709,COG,1991,3862.5743339812216,0.017913015569538615,24.5,7.339862318036722,2332560.0
1710,COG,1992,3940.971729102639,0.02009343757080906,24.3,7.31959999405434,2400510.0
1711,COG,1993,3874.1697846146362,-0.01709593393419162,24.3,7.347364131657139,2474020.0
1712,COG,1994,3635.9891702434397,-0.06345019288908382,24.4,7.423807221719709,2549270.0
1713,COG,1995,3763.5958011865696,0.03449363268241967,24.6,7.377446359389572,2621110.0
1714,COG,1996,3988.8773046344804,0.058134983510850446,24.3,7.318207928601341,2692170.0
1715,COG,1997,3899.762685426077,-0.022594112629743535,24.5,7.4226127638614985,2750140.0
1716,COG,1998,4042.7782813495755,0.036016447630242254,25.2,7.38374097990542,2812030.0
1717,COG,1999,3925.686438296262,-0.029390924342642677,24.5,7.527793987721444,2885990.0
1718,COG,2000,4159.222737395878,0.05778699016287092,24.5,7.406285624653976,2998670.0
1719,COG,2001,4256.655371170816,0.023155512927706567,24.7,7.323104709164278,3112610.0
1720,COG,2002,4458.634223688346,0.04635876349047585,24.8,7.447459862298504,3180560.0
1721,COG,2003,4467.903964405697,0.0020768956238370606,24.8,7.359467638255621,3273980.0
1722,COG,2004,4560.512514183643,0.020515623786035775,24.9,7.31794255342563,3399650.0
1723,COG,2005,4820.707288005168,0.05548564687529911,24.9,7.306061489891822,3542760.0
1724,COG,2006,5016.05763935475,0.039723636816782815,24.9,7.396028498277616,3701680.0
1725,COG,2007,4844.970239602897,-0.03470319153698753,24.8,7.415837142077065,3859480.0
1726,COG,2008,5081.13158781301,0.047592887463968836,24.7,7.481161257929534,3989280.0
1727,COG,2009,5379.004176901912,0.056969269519948185,24.8,7.428095495116713,4145510.0
1728,COG,2010,5738.162993098017,0.06463586325241089,25.1,7.387275976919712,4323520.0
1729,COG,2011,5875.0,0.02356693696685319,24.7,7.406467834864325,4467930.0
1730,COG,2012,6300.049233682046,0.06985138820689407,24.8,7.386161011492017,4580930.0
1731,COG,2013,6140.18659900545,-0.02570231582235394,24.8,7.374942445718299,4666730.0
1732,COG,2014,6428.496067039417,0.04588548532655068,24.8,7.325544136779134,4756840.0
1733,COG,2015,6079.457489405721,-0.055825154460521276,24.9,7.305524180455831,4851330.0
1734,COG,2016,5315.170143980847,-0.13435043996146767,25.3,7.450486463759112,4950580.0
1735,COG,2017,4977.342380273524,-0.06566893330879786,24.9,7.464681739630791,5054880.0
1736,COG,2018,4637.726027591177,-0.07067192416146639,25.1,7.393016910616853,5164370.0
1737,COG,2019,4583.337145566191,-0.01179679864504024,25.0,7.497927983914253,5279270.0
1738,COG,2020,4203.110203911664,-0.08660259122698477,25.4,7.46014502182582,5400040.0
1739,COG,2021,4168.024358496841,-0.00838262737393869,25.3,7.397867861150586,5527180.0
1740,COG,2022,4187.506998858619,0.004663419915914346,25.1,7.419440533160009,5654680.0
1741,COL,1961,4049.0,0.0171881177536779,24.7,7.794781965169766,16476124.0
1742,COL,1962,4135.0,0.02101739142563197,24.7,7.858524729272535,17009885.0
1743,COL,1963,4140.0,0.0012084593615675487,24.9,7.860030724575802,17546017.0
1744,COL,1964,4264.0,0.02951189902632123,24.6,7.842553682412031,18090000.0
1745,COL,1965,4286.0,0.005146210187840339,24.7,7.752721852602262,18646175.0
1746,COL,1966,4383.0,0.022379524385288008,24.8,7.827280773366222,19201732.0
1747,COL,1967,4438.0,0.012470403073729486,24.4,7.815812205929189,19764027.0
1748,COL,1968,4581.0,0.03171349039420335,24.4,7.8289141422531525,20321665.0
1749,COL,1969,4744.0,0.03496334679081947,25.0,7.82464583092826,20869140.0
1750,COL,1970,4932.0,0.03886392360667301,24.7,7.899709914777282,21429658.0
1751,COL,1971,5091.0,0.03172968961810163,24.1,7.946334437534767,21992579.0
1752,COL,1972,5348.0,0.04924838431949752,24.7,7.854846760009004,22542890.0
1753,COL,1973,5577.0,0.041928338167720014,24.7,7.925157512224703,23069231.0
1754,COL,1974,5767.0,0.033501017225859187,24.2,7.840116191033786,23598000.0
1755,COL,1975,5772.0,0.0008666262783485479,24.1,7.9752896120793855,24125000.0
1756,COL,1976,5918.0,0.024979913066392356,24.4,7.786468746500926,24638000.0
1757,COL,1977,6046.0,0.02139834237924987,24.9,7.762893749862786,25119000.0
1758,COL,1978,6443.0,0.06359737379923835,24.8,7.823405805968869,25575000.0
1759,COL,1979,6658.0,0.03282486899632708,24.8,7.897593826151451,26072000.0
1760,COL,1980,6786.0,0.01904252720920674,25.0,7.737616282857904,26631000.0
1761,COL,1981,6782.0,-0.0005896226585928588,24.7,7.985075832182624,27215000.0
1762,COL,1982,6698.0,-0.012463069331433374,24.9,7.857983561883989,27826000.0
1763,COL,1983,6655.0,-0.00644052252493843,25.4,7.767771911777115,28455000.0
1764,COL,1984,6741.0,0.012839830024226728,24.6,7.9298104449280915,29096000.0
1765,COL,1985,6809.0,0.010036984629527623,24.6,7.786219525315835,29748000.0
1766,COL,1986,7071.0,0.037756646121275494,24.7,7.855234552312309,30400000.0
1767,COL,1987,7296.0,0.03132434014992569,25.3,7.802699792836694,31042000.0
1768,COL,1988,7442.0,0.019813377152400946,24.9,7.9229859587111955,31673000.0
1769,COL,1989,7533.0,0.012153738919126411,24.7,7.77863014732581,32307000.0
1770,COL,1990,7693.0,0.02101745563324009,25.1,7.784930892127723,32957000.0
1771,COL,1991,7713.022025638145,0.0025992481222445463,25.0,7.694119541253216,33633470.0
1772,COL,1992,7888.105490293178,0.022445918127736775,25.1,7.649216319820633,34300110.0
1773,COL,1993,8180.870530143386,0.03644257600340062,25.0,7.749451766645321,34962700.0
1774,COL,1994,8447.857240159066,0.0321142614355292,25.0,7.80024500067034,35587270.0
1775,COL,1995,8735.883323055887,0.03352623487034734,25.2,7.855777209017746,36184290.0
1776,COL,1996,8770.583203638625,0.00396424098178727,24.9,7.885366860837876,36759680.0
1777,COL,1997,8952.472967538566,0.020526499324743597,25.2,7.696348993686096,37307810.0
1778,COL,1998,8863.261374059754,-0.010015005548437372,25.6,7.87940502897657,37837720.0
1779,COL,1999,8382.139863389892,-0.05581156227086659,24.7,7.965510850304939,38365280.0
1780,COL,2000,8496.791861442363,0.013585428663484223,24.7,7.892489398071075,38910640.0
1781,COL,2001,8528.03353336023,0.00367013537723615,25.1,7.764635651524684,39410810.0
1782,COL,2002,8630.542429754663,0.011948557525359504,25.3,7.887546493418191,39918430.0
1783,COL,2003,8855.21744466881,0.025699469989483248,25.3,7.864304646719854,40415630.0
1784,COL,2004,9211.279112500377,0.03942189655265871,25.1,7.853721311166042,40898580.0
1785,COL,2005,9524.722706754064,0.03346208480568791,25.2,7.884990581483647,41374020.0
1786,COL,2006,10039.683117326105,0.05265474330898634,25.1,7.892190522587848,41862260.0
1787,COL,2007,10602.304878412586,0.054525867094573854,25.0,7.923637920051251,42323940.0
1788,COL,2008,10846.737686887882,0.02279294191466974,24.7,7.994564855531095,42781410.0
1789,COL,2009,10894.102287540152,0.0043572075084235,25.3,7.773468249887321,43264380.0
1790,COL,2010,11191.68640656952,0.026949649279469412,25.4,7.97800238609335,43770900.0
1791,COL,2011,11788.0,0.0519108473321328,25.1,8.03145034801771,44224910.0
1792,COL,2012,12129.80917304497,0.028583926138542992,25.3,7.775611783333895,44660440.0
1793,COL,2013,12633.481540068431,0.04068456374130136,25.5,7.782265223507725,45081370.0
1794,COL,2014,12981.56496608596,0.02717971674804076,25.6,7.748977577607445,45846400.0
1795,COL,2015,13237.290998867446,0.019507650734295723,25.9,7.618889714556469,46289750.0
1796,COL,2016,13367.445694441525,0.009784403088156424,25.8,7.7678565392049155,46796160.0
1797,COL,2017,13380.642413719188,0.0009867412052066982,25.3,7.862997456991232,47385340.0
1798,COL,2018,13485.702556470871,0.007820987811552271,25.2,7.811365957698918,48221680.0
1799,COL,2019,13603.993309076192,0.008733320967248659,25.5,7.770982729913683,49325840.0
1800,COL,2020,12377.134949809795,-0.09451256053835877,25.4,7.802413710729178,50283480.0
1801,COL,2021,13553.399428283312,0.09078658140518314,25.1,7.8711967366426245,50978000.0
1802,COL,2022,14468.963898271351,0.06536853846645485,24.9,7.9421489953235955,51331730.0
1803,COM,1961,671.0,-0.01185199058701425,25.1,7.696621646600627,187000.0
1804,COM,1962,714.0,0.06211382536790211,24.7,7.47164762368482,192000.0
1805,COM,1963,846.0,0.16963639726663882,24.5,7.46353514774917,196000.0
1806,COM,1964,888.0,0.04845238338594715,24.5,7.476529004702325,201000.0
1807,COM,1965,870.0,-0.020478531343540496,24.4,7.692569648067906,206000.0
1808,COM,1966,937.0,0.07419007058979243,24.9,7.35698205652917,212000.0
1809,COM,1967,952.0,0.015881752552942885,24.9,7.481048531066603,217000.0
1810,COM,1968,928.0,-0.025533302005164238,24.5,7.596291846984399,223000.0
1811,COM,1969,918.0,-0.010834342165709998,25.1,7.611199265019451,230000.0
1812,COM,1970,961.0,0.04577701834980186,24.7,7.4645098346365275,237000.0
1813,COM,1971,974.0,0.013436894672242516,24.1,7.551502109246956,244000.0
1814,COM,1972,966.0,-0.008247469430017418,24.5,7.54628786626886,252000.0
1815,COM,1973,1006.0,0.040573516447167,24.5,7.6849218650456566,259000.0
1816,COM,1974,1004.0,-0.0019900504080103687,24.1,7.728019574601547,267000.0
1817,COM,1975,1038.0,0.03330376347415953,24.3,7.437500787600639,276000.0
1818,COM,1976,1009.0,-0.028336043372225284,24.4,7.575328208422652,284000.0
1819,COM,1977,966.0,-0.04355118614109088,24.8,7.536470599382693,309000.0
1820,COM,1978,964.0,-0.0020725396019720677,24.7,7.575533368191541,319000.0
1821,COM,1979,1023.0,0.05940347134108048,24.7,7.55888183027947,329000.0
1822,COM,1980,1065.0,0.04023531219189902,24.6,7.6031499320825615,340000.0
1823,COM,1981,1081.0,0.01491173949568303,24.6,7.533693709848633,348000.0
1824,COM,1982,1124.0,0.039007212814428094,24.7,7.5249389207350434,356000.0
1825,COM,1983,1149.0,0.021998247395119463,24.8,7.621587050734915,365000.0
1826,COM,1984,1168.0,0.016400885539416876,24.2,7.528922989749918,374000.0
1827,COM,1985,1162.0,-0.005150225976316314,24.4,7.482569272580218,383000.0
1828,COM,1986,1157.0,-0.004312210218179402,24.5,7.490194337557661,392000.0
1829,COM,1987,1149.0,-0.00693844934492116,25.0,7.3792577843516085,401000.0
1830,COM,1988,1152.0,0.002607563407081237,24.9,7.550608665487616,411000.0
1831,COM,1989,1108.0,-0.03894297394860757,24.4,7.739881486823533,421000.0
1832,COM,1990,1092.0,-0.01454571100237878,24.8,7.564134735349867,430000.0
1833,COM,1991,1101.0035873777495,0.008211238702938495,24.6,7.643482907077201,440000.0
1834,COM,1992,1185.5141209147469,0.07395442178459444,24.7,7.559507384175697,451000.0
1835,COM,1993,1210.6352955664295,0.02096872167256425,24.6,7.484087704950247,461000.0
1836,COM,1994,1136.7435364022251,-0.06297763180878402,24.9,7.518715788554135,472000.0
1837,COM,1995,1166.9368473129186,0.02621460875300574,24.8,7.412160334945205,483000.0
1838,COM,1996,1141.6015868511531,-0.02195005922372406,24.6,7.62476545980661,494000.0
1839,COM,1997,1177.5825242030514,0.031031451498217066,24.9,7.299189073677324,506000.0
1840,COM,1998,1179.8440566653692,0.0019186456744266778,25.2,7.334720918536304,518000.0
1841,COM,1999,1189.2566885002002,0.007946206071511419,24.8,7.467942332285852,531000.0
1842,COM,2000,1204.4023923591456,0.012655023525345754,24.8,7.509773526130981,545000.0
1843,COM,2001,1217.4992213772307,0.010815432475705933,24.9,7.462100056661623,559000.0
1844,COM,2002,1229.855923579943,0.010098090774076418,24.9,7.516487708399718,574000.0
1845,COM,2003,1240.051336707094,0.00825575210761098,25.0,7.382932999501602,590000.0
1846,COM,2004,1247.274948374711,0.005808350934477069,24.8,7.337587743538596,606000.0
1847,COM,2005,1265.686703682588,0.014653693386655675,25.1,7.409378691983329,623000.0
1848,COM,2006,1388.0026343029185,0.09225093634424208,24.9,7.541576993457268,640000.0
1849,COM,2007,1382.539089341962,-0.003944031592538089,25.2,7.265429723253953,657000.0
1850,COM,2008,1419.3670960848094,0.02628933687072088,24.9,7.529352750702007,674000.0
1851,COM,2009,1455.282338335449,0.024988863490962743,25.2,7.394493107219038,690000.0
1852,COM,2010,1432.5624208792208,-0.01573518532252205,25.2,7.508622683422787,706000.0
1853,COM,2011,1479.0,0.03190144028646191,25.2,7.6473565639139665,722000.0
1854,COM,2012,1509.0,0.020080996057049383,25.1,7.588829878307813,737000.0
1855,COM,2013,1619.0,0.07036149490978616,25.2,7.240936391505136,752000.0
1856,COM,2014,1647.0,0.017146776500005068,25.1,7.483075672928639,767000.0
1857,COM,2015,1696.0,0.02931708617420803,25.4,7.547185177036095,781000.0
1858,COM,2016,1705.7402718094625,0.005726656152549303,25.2,7.613522490898185,795000.0
1859,COM,2017,1764.7028589171616,0.0339831308019356,25.4,7.48683750325411,808080.0
1860,COM,2018,1801.691113768483,0.020743407165999983,25.2,7.554282438906856,821164.0
1861,COM,2019,1832.435694921335,0.016920331224642204,25.5,7.388080457299744,836684.7234350062
1862,COM,2020,1869.9440308890576,0.02026243769789371,25.5,7.387214066998628,852741.738479196
1863,COM,2021,1886.060818175428,0.008581930455395792,25.3,7.39283223272535,869093.872574593
1864,COM,2022,1900.3982544914195,0.007573040966720512,25.1,7.593928195804746,885118.096613093
1865,CRI,1961,4340.0,0.002768806568132831,24.9,7.9180462421434825,1296587.0
1866,CRI,1962,4439.0,0.022554777739584253,24.7,7.997360458490272,1345187.0
1867,CRI,1963,4653.0,0.047083047010612944,25.0,7.950114626099448,1393441.0
1868,CRI,1964,4720.0,0.014296626734953577,24.9,7.927901394370814,1440184.0
1869,CRI,1965,4983.0,0.05422331970180316,25.0,7.873521654316818,1487605.0
1870,CRI,1966,5193.0,0.04127944556291396,25.1,8.09428686568813,1538442.0
1871,CRI,1967,5338.0,0.027539486120151224,24.8,7.9893570388168405,1588717.0
1872,CRI,1968,5574.0,0.04326187807742343,24.6,8.035635065330816,1638476.0
1873,CRI,1969,5773.0,0.035078947019039575,25.1,8.054871976709862,1687100.0
1874,CRI,1970,5984.0,0.03589736459337978,24.8,8.221667101608064,1735523.0
1875,CRI,1971,6199.0,0.03529874804760702,24.6,8.017142640818205,1785636.0
1876,CRI,1972,6564.0,0.05721218450806198,25.1,7.954091334195983,1834796.0
1877,CRI,1973,6884.0,0.0475997051214474,25.0,8.102979929550363,1886035.0
1878,CRI,1974,7061.0,0.025386806184917177,24.6,8.04738154374086,1937413.0
1879,CRI,1975,7007.0,-0.0076770351458126385,24.4,8.080949237115489,1991580.0
1880,CRI,1976,7182.0,0.024668246415494366,24.6,7.87237892764693,2048556.9999999998
1881,CRI,1977,7602.0,0.05683347476316669,24.9,7.801227640775612,2108457.0
1882,CRI,1978,7763.0,0.02095748685648502,25.0,7.916625192149385,2192367.0
1883,CRI,1979,7905.0,0.018126613237892997,25.1,8.019217979629067,2259714.0
1884,CRI,1980,7828.0,-0.009788421127606028,25.2,8.022700128937807,2299124.0
1885,CRI,1981,7461.0,-0.04801759604445266,25.0,8.091474354280805,2357285.0
1886,CRI,1982,6751.0,-0.09999881142964462,25.2,7.871387507165342,2424367.0
1887,CRI,1983,6743.0,-0.0011857123072882558,25.6,7.8899086549559945,2494353.0
1888,CRI,1984,7065.0,0.04664808638404594,24.8,7.985416280897314,2567516.0
1889,CRI,1985,6918.0,-0.021026305621512975,25.0,7.806370719176283,2643808.0
1890,CRI,1986,7087.0,0.024135409313140954,25.1,7.840431040105615,2723111.0
1891,CRI,1987,7221.0,0.018731327640926665,25.7,7.91553070097847,2799811.0
1892,CRI,1988,7270.0,0.0067628440763822795,25.4,8.064447778726771,2875267.0
1893,CRI,1989,7489.0,0.029678985721803386,25.2,7.912093517544772,2951454.0
1894,CRI,1990,7567.0,0.010361410445154817,25.6,7.954969004564246,3027175.0
1895,CRI,1991,7552.362230313143,-0.0019362952004531309,25.6,7.9115072866262866,3097380.0
1896,CRI,1992,8038.767757585438,0.06241541495090708,25.6,7.804618513190194,3166610.0
1897,CRI,1993,8363.482969201788,0.0395991559807225,25.6,7.990712328039674,3236540.0
1898,CRI,1994,8479.568660683775,0.013784619581153734,25.6,7.7999582153272025,3331610.0
1899,CRI,1995,8576.422396551394,0.011357273420045999,25.6,8.065108062672847,3428520.0
1900,CRI,1996,8446.781244562675,-0.015231405446527901,25.1,8.096726114389726,3515600.0
1901,CRI,1997,8683.948462750068,0.02769086626391193,25.6,7.949761942171126,3607520.0
1902,CRI,1998,9053.851624503342,0.041713943778079354,25.8,8.020894866930785,3694980.0
1903,CRI,1999,9183.895044964813,0.014261150440850301,24.9,7.956091299775511,3784670.0
1904,CRI,2000,9319.766188847343,0.014686129868191955,25.1,7.848114038189992,3867380.0
1905,CRI,2001,9451.615274232789,0.014048114040017268,25.5,7.864919204065872,3950540.0
1906,CRI,2002,9591.553317847405,0.01469719305386974,25.7,7.991626110995211,4020870.0
1907,CRI,2003,9831.249602339949,0.02468319893272053,25.7,8.061549956363793,4079300.0
1908,CRI,2004,10086.783665353472,0.02565997159001121,25.6,8.022995225420104,4145050.0
1909,CRI,2005,10308.374061873204,0.02173056166729559,25.4,7.984121958702927,4211570.0
1910,CRI,2006,10880.476701230988,0.054013474286167096,25.6,7.939230116662755,4278260.0
1911,CRI,2007,11584.67665985994,0.06271319233465888,25.4,8.012846533747956,4337890.0
1912,CRI,2008,11935.157785616684,0.029805232861352948,25.4,8.153234643459799,4399990.0
1913,CRI,2009,11638.001894427154,-0.025212711101453067,25.8,7.879859075675505,4467300.0
1914,CRI,2010,12031.570909467451,0.033258335113130144,25.6,8.128054085906847,4543800.0
1915,CRI,2011,12366.0,0.02741666700933898,25.5,7.972983123630663,4586730.0
1916,CRI,2012,12800.047524360542,0.03449811262296976,25.5,7.672432110681004,4647570.0
1917,CRI,2013,12952.746484152802,0.011858965617991046,25.6,7.762510974738495,4707370.0
1918,CRI,2014,13241.992080830492,0.02208514909089132,25.7,7.918264686095274,4767640.0
1919,CRI,2015,13557.923026599548,0.023578103182604337,25.8,7.875917138266182,4826600.0
1920,CRI,2016,13959.341886190665,0.029177851749118133,25.7,7.840588427475604,4884880.0
1921,CRI,2017,14372.67961374453,0.0291802020798535,25.6,7.867794917786307,4941670.0
1922,CRI,2018,14583.144009609705,0.01453718637324819,25.2,8.11474353226853,4997760.0
1923,CRI,2019,14775.292070224961,0.013089989110053324,25.5,8.052296499538647,5052040.0
1924,CRI,2020,13996.389360173924,-0.05415693745522532,25.6,8.057440837834248,5105300.0
1925,CRI,2021,14931.956023204828,0.06470422240248475,25.5,8.008964193497512,5157780.0
1926,CRI,2022,15496.820570794214,0.03713126250904608,25.3,7.914252278742441,5184670.0
1927,CUB,1961,3068.0,0.024415597507573494,25.3,7.044730734009215,7134000.0
1928,CUB,1962,2974.0,-0.031118035467047278,25.0,6.979331477471359,7254000.0
1929,CUB,1963,2958.0,-0.005394483749355139,24.9,7.2743409490293836,7415000.0
1930,CUB,1964,3158.0,0.06542555154484209,25.4,7.204595289218684,7612000.0
1931,CUB,1965,3088.0,-0.02241528367092016,25.2,6.987859523223799,7810000.0
1932,CUB,1966,3185.0,0.030928656861597403,24.8,7.405981867171612,7985000.0
1933,CUB,1967,3489.0,0.09116287318050986,25.1,7.00397413672268,8139000.0
1934,CUB,1968,3229.0,-0.07744267042849984,24.4,7.301957194811591,8284000.0
1935,CUB,1969,3137.0,-0.02890556256759602,24.8,7.490641065284545,8421000.0
1936,CUB,1970,2976.0,-0.05268681223769622,24.8,7.1331363252365385,8543000.0
1937,CUB,1971,3161.0,0.060308316262635664,25.1,7.04088659158532,8669000.0
1938,CUB,1972,3253.0,0.028689214257733298,25.5,7.322444381617833,8830000.0
1939,CUB,1973,3486.0,0.0691772996066149,25.2,7.210227436906553,9000000.0
1940,CUB,1974,3609.0,0.03467577856282311,25.4,6.92912530471833,9151000.0
1941,CUB,1975,3733.0,0.033781474271794565,25.6,6.901938393660572,9287000.0
1942,CUB,1976,3786.0,0.014097852854684234,24.7,7.032006241319994,9418000.0
1943,CUB,1977,3913.0,0.03299429044114355,24.8,7.269686385066573,9534000.0
1944,CUB,1978,4114.0,0.050091448002490324,25.0,7.3474929810323975,9630000.0
1945,CUB,1979,4183.0,0.016632901229296948,25.2,7.291588086963188,9705000.0
1946,CUB,1980,4106.0,-0.01857937386331976,25.2,7.289951760150947,9648000.0
1947,CUB,1981,4420.0,0.07369037749286456,25.0,7.027935439238242,9706000.0
1948,CUB,1982,4487.0,0.015044630904240464,25.8,7.196461826480106,9792000.0
1949,CUB,1983,4705.0,0.04744144604349643,25.1,7.24358445173924,9887000.0
1950,CUB,1984,5051.0,0.07096047044857201,25.1,7.156254637558655,9983000.0
1951,CUB,1985,5120.0,0.013568195565500929,25.3,7.1564106194650705,10084000.0
1952,CUB,1986,5075.0,-0.008827914123566316,25.6,7.020458768895222,10183000.0
1953,CUB,1987,4887.0,-0.03774790663983296,25.4,7.190223784381031,10279000.0
1954,CUB,1988,4994.0,0.0216585735695638,25.4,7.313220387090301,10382000.0
1955,CUB,1989,4991.0,-0.0006009013701095967,25.6,7.030326831370318,10489000.0
1956,CUB,1990,4713.0,-0.05731164254587817,26.1,7.134412649596143,10597000.0
1957,CUB,1991,3982.26572455253,-0.16847371309646597,26.0,7.158124816549939,10697000.0
1958,CUB,1992,3399.964724510602,-0.15808587842077415,25.4,7.0482126316773925,10780000.0
1959,CUB,1993,2657.465975694371,-0.24639202839770213,25.5,7.171963995248276,10850000.0
1960,CUB,1994,2683.0984798078575,0.009599247852372983,26.1,7.141799204764635,10893000.0
1961,CUB,1995,2860.7572707254844,0.06411409387865241,25.7,7.337782909918554,10921000.0
1962,CUB,1996,3249.6353174357732,0.1274564102681932,25.2,7.257707677160043,10963000.0
1963,CUB,1997,3425.5617843578816,0.05272270286778813,25.7,7.128014675116484,11014000.0
1964,CUB,1998,3415.5452394865824,-0.002928342443466292,25.9,7.109470882882726,11064000.0
1965,CUB,1999,3623.5953800357993,0.05912959139670804,25.5,7.145748033146552,11108000.0
1966,CUB,2000,4009.3398762914,0.10115987654161707,25.4,7.1048012311744735,11147000.0
1967,CUB,2001,4231.323833386835,0.053888298682585045,25.6,7.2911111015022,11179000.0
1968,CUB,2002,4369.040301048368,0.03202846717434582,25.9,7.25749623831794,11210000.0
1969,CUB,2003,4506.675854070209,0.031016446324230174,25.8,7.244798780971642,11241000.0
1970,CUB,2004,4561.016721751893,0.011985743400018123,25.6,7.010311867307229,11260000.0
1971,CUB,2005,4713.7063043150765,0.032928935742727816,25.5,7.418120796915671,11268000.0
1972,CUB,2006,5416.141191618224,0.13890910491118902,25.7,7.127051438567453,11266000.0
1973,CUB,2007,5635.688254102669,0.03973567455840232,25.9,7.431951121686299,11261000.0
1974,CUB,2008,6004.893861824534,0.0634555012269562,25.6,7.279456756937492,11258000.0
1975,CUB,2009,6248.304392736064,0.039735349369376394,25.7,7.073862761913064,11260000.0
1976,CUB,2010,6578.19058371151,0.05144959046505804,24.9,7.3277805384216315,11262000.0
1977,CUB,2011,6928.0,0.05181145101672868,25.9,7.238496840894365,11264000.0
1978,CUB,2012,7138.0,0.029861453807834337,25.7,7.2909747781429814,11262000.0
1979,CUB,2013,7379.0,0.03320550300826142,25.9,7.2440846482554395,11250000.0
1980,CUB,2014,7628.0,0.03318755966194331,25.8,7.1994542727918525,11238000.0
1981,CUB,2015,7889.0,0.03364369637477971,26.6,7.0496020032103734,11214000.0
1982,CUB,2016,7928.049886767947,0.00493770537323357,26.2,7.168425802187068,11180000.0
1983,CUB,2017,8075.464782421154,0.018423336160694248,26.2,7.325214831938669,11147407.0
1984,CUB,2018,8262.988493292847,0.022955899513148026,26.0,7.186295693516635,11116396.0
1985,CUB,2019,8257.785032917569,-0.0006299294084612939,26.5,7.198931240688173,11105064.938927164
1986,CUB,2020,7364.105587639862,-0.11453879412939294,26.6,7.344977418703493,11089365.134120347
1987,CUB,2021,7485.820787915659,0.016393067941613992,26.2,7.050902788200622,11045868.068812078
1988,CUB,2022,7648.704164323107,0.021525573641939744,26.3,7.089076335442508,11002513.291877896
1989,CYP,1961,3845.0,0.09515414516431875,18.0,6.394092300395986,578700.0
1990,CYP,1962,4211.0,0.09092654622218355,19.1,6.295634937064565,576000.0
1991,CYP,1963,4423.0,0.04911804970639899,18.6,6.140961558253893,582300.0
1992,CYP,1964,3971.0,-0.10780024673707622,17.6,6.113682179832232,586500.0
1993,CYP,1965,4825.0,0.19479278264183542,18.1,6.246494287284514,590800.0
1994,CYP,1966,5083.0,0.05209090367381641,19.2,6.305727691789675,595000.0
1995,CYP,1967,5732.0,0.12016287150115978,17.4,6.3638898011379466,599400.0
1996,CYP,1968,5947.0,0.03682238075853128,18.3,6.5044378629314314,604300.0
1997,CYP,1969,6446.0,0.08057289266878875,18.5,6.3473892096560105,609400.0
1998,CYP,1970,6590.0,0.022093565121169334,18.6,6.109025335847127,614600.0
1999,CYP,1971,7382.0,0.11349125609339161,18.1,6.113239604033903,619800.0
2000,CYP,1972,7809.0,0.05623231007273155,17.7,5.758270659940271,626300.0
2001,CYP,1973,7913.0,0.013230061946517324,18.0,5.718014056902925,633900.0
2002,CYP,1974,6503.0,-0.19624336774004014,17.9,6.105685691198005,640700.0
2003,CYP,1975,5528.0,-0.1624375224216461,17.8,6.373831603970169,610500.0
2004,CYP,1976,6652.0,0.1850914748653114,17.6,6.332568896055757,598600.0
2005,CYP,1977,7704.0,0.14682211316514326,18.1,6.026107490551522,598400.0
2006,CYP,1978,8257.0,0.06932165093946807,18.1,6.399260270554429,601000.0
2007,CYP,1979,9011.0,0.08738472781760898,18.5,6.211402967473243,605100.0
2008,CYP,1980,9451.0,0.04767450276001739,17.8,6.13880638500591,611000.0
2009,CYP,1981,9631.0,0.018866506565808905,18.2,6.487379558138218,617900.0
2010,CYP,1982,10131.0,0.05061296749281219,17.4,5.914313487919567,624300.0
2011,CYP,1983,10544.0,0.03995694768861213,17.4,6.256901010612443,631800.0
2012,CYP,1984,11330.0,0.07189709727976279,17.8,6.230481447578482,639900.0
2013,CYP,1985,11725.0,0.034269239292427756,18.0,6.142467420644509,647300.0
2014,CYP,1986,12121.0,0.033216171156032814,18.2,6.033805387597507,650000.0
2015,CYP,1987,12792.0,0.05388049004327833,17.7,6.350012735428395,659400.0
2016,CYP,1988,13748.0,0.07207338345593328,17.9,6.479123892842133,664217.0
2017,CYP,1989,14712.0,0.06777012831443407,17.9,5.885826215084985,670912.0
2018,CYP,1990,15560.0,0.05604003144822478,18.2,5.706445592075685,681349.0
2019,CYP,1991,15417.124367832934,-0.009224655176323537,17.9,6.440627510481866,700710.0
2020,CYP,1992,16570.39730741184,0.07213894509138719,17.0,6.082218910376446,721060.0
2021,CYP,1993,16439.239293047358,-0.007946691820292173,17.9,5.9207738064852125,740520.0
2022,CYP,1994,17210.986459556367,0.04587681071056515,18.7,6.445084697103193,758310.0
2023,CYP,1995,18751.486548501765,0.08572510430490077,18.3,5.802420444553201,774890.0
2024,CYP,1996,18875.288568756372,0.006580551568672988,18.5,6.24436105657154,787330.0
2025,CYP,1997,19264.787794686876,0.020425379518840714,17.7,6.133398042996649,798590.0
2026,CYP,1998,20212.73897509997,0.04803408501953399,18.9,6.14010004624713,808470.0
2027,CYP,1999,21147.525071642056,0.045209832788364324,19.0,5.731721843345443,817580.0
2028,CYP,2000,22326.798043224357,0.05426478221368036,18.3,6.251325681357355,826270.0
2029,CYP,2001,23095.73595406818,0.03386034678622707,19.1,6.2675799831882975,835200.0
2030,CYP,2002,23828.073148758296,0.031216419871558543,18.5,6.125120931920655,844850.0
2031,CYP,2003,24347.07540799384,0.021547306239989794,18.6,6.423246963533519,855210.0
2032,CYP,2004,25355.240184048194,0.04057368618225787,18.4,6.277770673379832,866720.0
2033,CYP,2005,26164.20955007925,0.03140700711678157,18.4,6.015181073725298,879300.0
2034,CYP,2006,27142.01758224129,0.03669056227981926,18.4,5.9796449703026395,894090.0
2035,CYP,2007,28109.996129331383,0.035042255775010744,18.8,6.132529987386585,913330.0
2036,CYP,2008,28736.97452004266,0.022059357186940076,18.9,5.665388086668889,936550.0
2037,CYP,2009,27735.032918020177,-0.03548826402515104,18.8,6.4446080905328875,962040.0
2038,CYP,2010,27630.1039230086,-0.00379044021666175,20.0,6.097849537811996,987530.0
2039,CYP,2011,27272.0,-0.013045365330745184,18.3,6.278896588304554,1013050.0
2040,CYP,2012,25933.49468340088,-0.050325170613751524,19.2,6.59959835334097,1028609.9999999999
2041,CYP,2013,24281.811791416196,-0.06580778008076038,19.1,5.890815138958052,1026210.0
2042,CYP,2014,24114.58618055048,-0.006910691018255477,19.3,6.164366881985445,1014970.0
2043,CYP,2015,25081.50298693859,0.03931374855516623,18.8,6.254981992560465,1009210.0
2044,CYP,2016,26607.555421689172,0.05906457218774719,19.4,6.041444479413003,1013860.0
2045,CYP,2017,27872.81269312518,0.046456544427663005,19.0,5.912421339767529,1023330.0
2046,CYP,2018,29089.975508621013,0.04274187229588122,19.9,6.347564325670818,1035890.0000000001
2047,CYP,2019,30284.79481465153,0.0402521346729543,19.4,6.48494053253886,1050040.0
2048,CYP,2020,28634.45661240419,-0.05603499593996908,19.6,6.203344906143481,1062000.0
2049,CYP,2021,30252.325663827,0.05496229364817218,19.7,6.132964109381682,1071940.0
2050,CYP,2022,31523.497231570513,0.041160148642676475,19.1,6.173160908508018,1086650.0
2051,CZE,1971,9177.0,0.04787525102235435,7.6,6.408034434948252,9824749.0
2052,CZE,1972,9626.0,0.047767417044042304,7.2,6.444766984630307,9862158.0
2053,CZE,1973,10026.0,0.04071394796039307,7.4,6.311916280889189,9912080.0
2054,CZE,1974,10444.0,0.040845931995571405,8.0,6.631738238060859,9975770.0
2055,CZE,1975,10954.0,0.04767703552464653,8.2,6.473582006737229,10042019.0
2056,CZE,1976,11317.0,0.03260133362227613,7.4,6.431331081933479,10105143.0
2057,CZE,1977,11634.0,0.027625825504765444,7.8,6.641704226656651,10161915.0
2058,CZE,1978,12055.0,0.035547666144564616,6.9,6.392084603552947,10212894.0
2059,CZE,1979,12164.0,0.009001258181983829,7.2,6.565968947537155,10259670.0
2060,CZE,1980,12336.0,0.014041047005854068,6.5,6.512190995551235,10288726.0
2061,CZE,1981,12306.0,-0.002434868502675158,7.5,6.650279048587422,10297904.0
2062,CZE,1982,12109.0,-0.016137970546068914,8.0,6.252866810539282,10303704.0
2063,CZE,1983,12301.0,0.015731582114419496,8.4,6.37519516307014,10306888.0
2064,CZE,1984,12573.0,0.02187109772439655,7.2,6.435348765120091,10309224.0
2065,CZE,1985,12855.0,0.022181183106807723,6.7,6.532479842037031,10310162.0
2066,CZE,1986,13211.0,0.027316975178363734,7.2,6.51025834052315,10308836.0
2067,CZE,1987,13514.0,0.022676369233765925,6.6,6.598917664457565,10311597.0
2068,CZE,1988,13791.0,0.02029002036221783,8.1,6.512042462316651,10313782.0
2069,CZE,1989,14027.0,0.016967838245333766,8.6,6.334699578680012,10314343.0
2070,CZE,1990,14178.0,0.010707423695292206,8.7,6.3373565636812454,10309514.0
2071,CZE,1991,12724.540854498873,-0.10815898780840527,7.5,6.346337869100086,10255730.0
2072,CZE,1992,12810.431670604981,0.006727333655957679,8.6,6.37519516307014,10264810.0
2073,CZE,1993,12974.197268474312,0.012702746302730716,7.7,6.444290226575984,10277550.0
2074,CZE,1994,13517.581905253153,0.04102864187382593,8.9,6.414114479970247,10283070.0
2075,CZE,1995,14550.104626676957,0.07360698297161683,8.0,6.579528951214775,10277700.0
2076,CZE,1996,15386.320667717478,0.05588066191690899,6.4,6.499937405290376,10262370.0
2077,CZE,1997,15494.316947697736,0.00699446181210206,7.8,6.522533877351015,10250720.0
2078,CZE,1998,15657.425612746994,0.010471976346266842,8.2,6.531897515626631,10242060.0
2079,CZE,1999,16102.507638253432,0.028029729286988214,8.5,6.448414597904655,10229960.0
2080,CZE,2000,17056.159501864193,0.0575363858060296,9.2,6.481270803649897,10219740.0
2081,CZE,2001,17868.567585214038,0.04653176884709964,8.0,6.632923618509176,10171670.0
2082,CZE,2002,18431.027165920306,0.030992335049919717,8.7,6.660959199002699,10148370.0
2083,CZE,2003,19344.090163967343,0.04835145144955888,8.3,6.22633902129789,10149250.0
2084,CZE,2004,20555.035565163547,0.060718995648828766,8.0,6.450154416453444,10154490.0
2085,CZE,2005,22128.580114997705,0.07376404031865036,7.9,6.554930058198152,10181520.0
2086,CZE,2006,23888.163965408407,0.07651311378603332,8.4,6.504288173536645,10213920.0
2087,CZE,2007,25382.80753138417,0.06068897130527162,9.2,6.599189995613932,10269670.0
2088,CZE,2008,26186.045378781564,0.031154573742412595,9.0,6.445084697103193,10376120.0
2089,CZE,2009,25093.862877004325,-0.04260334039582503,8.6,6.615127664137342,10437600.0
2090,CZE,2010,25922.394050569572,0.032483920932168786,7.3,6.76573077895272,10463230.0
2091,CZE,2011,26725.0,0.030492226630142838,8.8,6.38839332419386,10442760.0
2092,CZE,2012,26483.3804690022,-0.009082072774205585,8.6,6.498432740546668,10455310.0
2093,CZE,2013,26467.62843467866,-0.0005949663704001296,8.2,6.591810896812385,10456730.0
2094,CZE,2014,27030.189743937062,0.021031962250713576,9.6,6.575912310744586,10470720.0
2095,CZE,2015,28437.602968494746,0.050757937557541766,9.5,6.321307717081248,10488790.0
2096,CZE,2016,29097.504379879432,0.022940092783477084,9.0,6.577861357721047,10511010.0
2097,CZE,2017,30531.383574611275,0.04810271388810605,8.9,6.557062406720952,10535140.0
2098,CZE,2018,31405.089152710418,0.02821483046222717,9.8,6.321307717081248,10571850.0
2099,CZE,2019,32226.552410735898,0.02582076706762315,9.8,6.422109953746444,10614520.0
2100,CZE,2020,30365.368243472636,-0.05948796526578448,9.6,6.568218350988079,10645200.0
2101,CZE,2021,31452.556354545497,0.03517750646614992,8.5,6.5536484631491145,10642360.0
2102,CZE,2022,32247.395241658513,0.02495700930282574,9.7,6.4105037752432645,10635490.0
2103,DEU,1961,12675.0,0.03149677357004066,9.1,6.640659840138745,73123148.0
2104,DEU,1962,13106.0,0.033438591140058094,7.4,6.4752786216271225,73739117.0
2105,DEU,1963,13367.0,0.01971884237203092,7.3,6.4355091371836215,74340260.0
2106,DEU,1964,14062.0,0.05068714078763392,8.2,6.392084603552947,74954262.0
2107,DEU,1965,14642.0,0.04041798744747993,7.6,6.768033335807,75638851.0
2108,DEU,1966,14964.0,0.021753205261449082,8.5,6.778329731541679,76206173.0
2109,DEU,1967,14979.0,0.0010019037006827602,9.1,6.623002246036236,76368453.0
2110,DEU,1968,15723.0,0.048475388301556066,8.4,6.6301555418718685,76584401.0
2111,DEU,1969,16641.0,0.056744921253068625,7.9,6.477433794875106,77143888.0
2112,DEU,1970,17277.0,0.03750660745143897,7.8,6.679724806094533,77783164.0
2113,DEU,1971,17657.0,0.021756168128014508,8.6,6.312823145919147,78354709.0
2114,DEU,1972,18301.0,0.035823397842484894,8.1,6.417059026511312,78717088.0
2115,DEU,1973,19074.0,0.041370447993575254,8.4,6.457397401983236,78950220.0
2116,DEU,1974,19228.0,0.008041398874993888,9.0,6.659934739955487,78966137.0
2117,DEU,1975,19193.0,-0.0018219208079734983,9.1,6.415424237852311,78682325.0
2118,DEU,1976,20218.0,0.052027667508124154,8.5,6.284507225801859,78298957.0
2119,DEU,1977,20837.0,0.030156955856197598,8.7,6.611637727709255,78160773.0
2120,DEU,1978,21447.0,0.02885452286476209,8.0,6.5564942248874845,78066074.0
2121,DEU,1979,22305.0,0.03922609312740377,7.9,6.605839046502531,78081292.0
2122,DEU,1980,22497.0,0.008571098407132993,7.7,6.633976111699347,78297904.0
2123,DEU,1981,22553.0,0.0024861278066108383,8.3,6.774795151725907,78401830.0
2124,DEU,1982,22380.0,-0.007700391910193005,9.1,6.44635453854367,78335266.0
2125,DEU,1983,22840.0,0.020345681904030855,9.3,6.557630265907138,78121655.0
2126,DEU,1984,23564.0,0.0312067388716315,8.2,6.588100827287083,77855422.0
2127,DEU,1985,24133.0,0.02386007481403496,7.6,6.505784060128229,77684907.0
2128,DEU,1986,24657.0,0.02148063736099637,8.1,6.619005970569933,77713485.0
2129,DEU,1987,25027.0,0.014894406253292303,7.6,6.687233288372879,77718298.0
2130,DEU,1988,25759.0,0.02882883851910023,9.2,6.659934739955487,78030572.0
2131,DEU,1989,26393.0,0.024314742871375472,9.7,6.430203231979072,78644914.0
2132,DEU,1990,25391.0,-0.03870404295236973,9.8,6.577722265989826,79380394.0
2133,DEU,1991,26769.960305852994,0.05288559422056949,8.7,6.3894013887953545,79989520.0
2134,DEU,1992,27385.055559779423,0.022717072327040455,9.6,6.5720027832852725,80516630.0
2135,DEU,1993,27250.70055747773,-0.0049182177633930735,8.6,6.6596784611227156,80962720.0
2136,DEU,1994,28140.05587535537,0.03211480799448729,9.8,6.6565979812127285,81163760.0
2137,DEU,1995,28868.946166083264,0.025572452970507698,9.1,6.629891515467694,81324800.0
2138,DEU,1996,29349.982835455772,0.016525471176219497,7.4,6.3989276578788195,81482830.0
2139,DEU,1997,30186.94444075555,0.028117566173277098,9.1,6.473736363455911,81526840.0
2140,DEU,1998,31129.584397656625,0.030749106198751264,9.2,6.683736344631973,81462820.0
2141,DEU,1999,32087.603958850836,0.03031115222378844,9.7,6.612444179365865,81438820.0
2142,DEU,2000,33367.28380906572,0.039106107211097196,10.1,6.597554895099754,81473830.0
2143,DEU,2001,34260.28763277704,0.026410995188534514,9.1,6.671526488119272,81533840.0
2144,DEU,2002,34590.93016148603,0.009604625192691785,9.7,6.7906595071058895,81594850.0
2145,DEU,2003,34716.44054621595,0.0036218520671056353,9.4,6.320048610880189,81565850.0
2146,DEU,2004,35528.713472379015,0.023127834055802765,9.1,6.579251212010101,81472830.0
2147,DEU,2005,36205.57498422705,0.018871912300951976,9.2,6.554787739831727,81353800.0
2148,DEU,2006,38014.13685310267,0.04874500092995859,9.7,6.523562306149512,81189770.0
2149,DEU,2007,39752.20673719779,0.04470724196735887,10.1,6.773194785586442,81008730.0
2150,DEU,2008,40715.43417294671,0.02394188361147087,9.8,6.556920391525088,80780680.0
2151,DEU,2009,38962.93870266321,-0.04399633392923796,9.5,6.594002978797172,80499630.0
2152,DEU,2010,41109.581818875464,0.05363032396697065,8.1,6.652346767080652,80300580.0
2153,DEU,2011,43189.0,0.049344604586982754,9.9,6.504886796721238,80291580.0
2154,DEU,2012,43288.31991990925,0.0022970176150529653,9.4,6.5543606631649745,80442610.0
2155,DEU,2013,43359.13650623272,0.001634591597079904,9.0,6.5807778239227135,80662660.0
2156,DEU,2014,44132.75624401914,0.01768483629850337,10.6,6.550937467695494,80999730.0
2157,DEU,2015,44405.1667158815,0.006153551435374993,10.2,6.4760488596687455,81703870.0
2158,DEU,2016,45030.46826166678,0.013983502998822672,9.8,6.534370064337384,82366010.0
2159,DEU,2017,46065.10011064793,0.02271628266443315,9.8,6.694809552644373,82674070.0
2160,DEU,2018,46377.39085284696,0.0067564585709938285,10.6,6.314815358839217,82923130.0
2161,DEU,2019,46761.9460555775,0.008257679315832434,10.5,6.494661143709481,83110160.0
2162,DEU,2020,44996.4296207847,-0.03848660883064525,10.7,6.474662003756499,83178180.0
2163,DEU,2021,46159.05188091431,0.02550993728509887,9.4,6.624463554831649,83213190.0
2164,DEU,2022,46647.79191665137,0.010532511049367699,10.7,6.38856140554563,83811310.0
2165,DJI,1961,4114.0,0.006584586648624935,27.9,5.914043400139397,117000.0
2166,DJI,1962,4057.0,-0.013952007006455602,27.8,5.153869462182164,123000.0
2167,DJI,1963,4092.0,0.008590063865071329,28.1,5.22305488204749,129000.0
2168,DJI,1964,4055.0,-0.009083160522004974,27.7,5.683579767338681,135000.0
2169,DJI,1965,4047.0,-0.0019748216736470425,27.9,4.5031374604229395,142000.0
2170,DJI,1966,4063.0,0.003945751111860574,28.1,4.666265285347902,149000.0
2171,DJI,1967,4055.0,-0.001970929438213531,27.6,5.788123623089952,157000.0
2172,DJI,1968,4028.0,-0.0066807127110593,27.7,5.408516158846112,164000.0
2173,DJI,1969,4018.0,-0.002485708463574099,28.3,4.96563792816552,172000.0
2174,DJI,1970,4774.0,0.17240026152389554,28.3,5.388615004528817,180000.0
2175,DJI,1971,4846.0,0.014969094477695677,27.8,5.226284163648205,188000.0
2176,DJI,1972,4787.0,-0.012249711983962186,28.2,5.195730777772936,197000.0
2177,DJI,1973,4801.0,0.0029203191384326033,28.7,4.793308128103486,206000.0
2178,DJI,1974,4414.0,-0.08404292171425887,28.0,5.113191882421348,216000.0
2179,DJI,1975,4691.0,0.060864471511775875,28.2,5.160204064418402,227000.0
2180,DJI,1976,4878.0,0.03908952044740843,28.3,5.19295685089021,237000.0
2181,DJI,1977,4036.0,-0.18948119730236712,28.3,5.185148668442399,252000.0
2182,DJI,1978,3419.0,-0.1659059918341974,28.4,5.085742766583061,275000.0
2183,DJI,1979,3308.0,-0.03300433349571996,28.5,4.984291318756654,299000.0
2184,DJI,1980,3167.0,-0.043559009604942744,28.9,4.622027303054514,327000.0
2185,DJI,1981,3091.0,-0.024290104406523128,27.9,5.083265985131163,345000.0
2186,DJI,1982,3043.0,-0.01565079223514587,28.2,5.540478923698008,356000.0
2187,DJI,1983,2963.0,-0.026641602323405067,28.3,5.27658287440203,370000.0
2188,DJI,1984,2944.0,-0.006433067724798569,27.9,4.499809670330265,375000.0
2189,DJI,1985,2880.0,-0.02197890671877456,28.2,5.0330488889331555,382000.0
2190,DJI,1986,2743.0,-0.048738082192389065,28.2,5.318610069815799,397000.0
2191,DJI,1987,2670.0,-0.026973739543307396,28.5,4.9890711161804155,409000.0
2192,DJI,1988,2652.0,-0.006764400088542288,28.4,5.19351225218191,417000.0
2193,DJI,1989,2436.0,-0.08495672247596531,27.9,5.537334267018537,442000.0
2194,DJI,1990,2308.0,-0.05397600120179735,28.5,4.861361591348501,499000.0
2195,DJI,1991,2013.3426862406834,-0.13658497989424667,28.4,5.003274939689963,552000.0
2196,DJI,1992,2141.6341353721896,0.061772783536718556,28.1,5.502889532276811,547000.0
2197,DJI,1993,2290.7846335490713,0.06732524132953177,28.1,5.428468051013081,534000.0
2198,DJI,1994,2175.3618733293793,-0.05169936437434153,28.3,5.185708422165383,547000.0
2199,DJI,1995,2262.4287151931067,0.03924385975509992,28.4,5.372960909543803,553000.0
2200,DJI,1996,2081.9954648378903,-0.08311209708011802,28.5,5.285232126999381,568000.0
2201,DJI,1997,2080.513413466037,-0.0007120952664889657,28.5,5.173887288169859,592000.0
2202,DJI,1998,1974.5656764721496,-0.05226623312982781,28.9,5.408068230507156,621000.0
2203,DJI,1999,1930.5077921269688,-0.02256539048236661,28.2,5.633360010359655,646000.0
2204,DJI,2000,1880.9987505422425,-0.025980186973006525,28.6,5.511006459958388,669000.0
2205,DJI,2001,1845.6990820171227,-0.018944774098816453,28.6,5.340897814083155,693000.0
2206,DJI,2002,1824.4550865003716,-0.011576752257759892,29.1,5.111987788356544,716000.0
2207,DJI,2003,1945.665482683428,0.06432270931996253,28.8,5.14574876790343,691000.0
2208,DJI,2004,2097.1233787101582,0.07496251697674072,28.7,5.287256419188612,657000.0
2209,DJI,2005,2126.8051447305543,0.01405433563882319,28.8,5.121580188047982,666000.0
2210,DJI,2006,2342.219160584773,0.09647791753961688,28.7,5.436338664445412,679000.0
2211,DJI,2007,2396.018083066779,0.022709388229156247,28.6,5.1515559851526325,694000.0
2212,DJI,2008,2463.444917893156,0.02775251604902973,28.5,5.116795489924646,709000.0
2213,DJI,2009,2521.5047154699196,0.02329508917439771,29.3,5.121580188047982,725000.0
2214,DJI,2010,2543.8732949978316,0.008832006174205098,28.8,5.3003153692107094,741000.0
2215,DJI,2011,2590.0,0.017970036899282782,28.7,5.2548878086207,757000.0
2216,DJI,2012,2654.0,0.024410060198569283,28.7,5.334167019441734,774000.0
2217,DJI,2013,2724.0,0.0260334523772503,29.1,5.5053315359323625,792000.0
2218,DJI,2014,2823.0,0.03569876098408642,28.8,5.291796149557771,810000.0
2219,DJI,2015,2941.0,0.0409495103005062,29.3,5.101085197018328,828000.0
2220,DJI,2016,3084.5424532242337,0.04765367340647231,29.3,5.332235584751498,847000.0
2221,DJI,2017,3197.9793568169052,0.036115826383488425,28.9,5.348059458442851,865267.0
2222,DJI,2018,3308.116995375578,0.033859984579164504,28.6,5.378975269565491,884017.0
2223,DJI,2019,3436.95012252388,0.03820534189935465,28.7,5.2663105704129505,898061.6250673949
2224,DJI,2020,3426.6960805341964,-0.002987930704788866,28.6,5.461286194826176,911576.1065117413
2225,DJI,2021,3541.5712415907765,0.03297392709299807,28.7,5.0530560099802075,924454.2483706931
2226,DJI,2022,3623.060244174469,0.02274855780296825,28.9,5.162497643405501,937241.2456635371
2227,DMA,1961,1176.0,-0.05701668044023567,25.8,7.556637043244067,60000.0
2228,DMA,1962,1333.0,0.12531319172013689,25.9,7.591811259530302,61000.0
2229,DMA,1963,1372.0,0.028837488107121168,26.0,7.539452497225859,62000.0
2230,DMA,1964,1419.0,0.033682868874212346,25.8,7.524129400736169,63000.0
2231,DMA,1965,1203.0,-0.16513396118536416,25.8,7.507964463882813,64000.0
2232,DMA,1966,1323.0,0.09508344814027758,26.0,7.818872652082295,65000.0
2233,DMA,1967,1325.0,0.0015105743053664966,25.8,7.728107633777371,66000.0
2234,DMA,1968,1288.0,-0.028321831756023208,25.8,7.535243310735808,68000.0
2235,DMA,1969,1388.0,0.07477323440245076,26.4,7.725065102162505,69000.0
2236,DMA,1970,1492.0,0.07225363969695575,26.2,7.817826711042375,70000.0
2237,DMA,1971,1578.0,0.056040720642113406,25.8,7.530801831862593,71000.0
2238,DMA,1972,1674.0,0.059057749643601554,26.1,7.665565972867804,72000.0
2239,DMA,1973,1793.0,0.0686742225557122,26.1,7.2570732264673,73000.0
2240,DMA,1974,1894.0,0.054800800140890615,25.7,7.532516546675618,73000.0
2241,DMA,1975,1940.0,0.023996978311350503,25.8,7.674803267381616,74000.0
2242,DMA,1976,2066.0,0.06292639762220986,25.7,7.589993169034046,74000.0
2243,DMA,1977,2117.0,0.02438562145528156,26.1,7.576148595075853,74000.0
2244,DMA,1978,2365.0,0.11077802979116758,26.4,7.571679600865179,74000.0
2245,DMA,1979,1932.0,-0.20222228615357007,26.5,7.778169597588765,74000.0
2246,DMA,1980,2219.0,0.13850090816013072,26.7,7.674710386686802,74000.0
2247,DMA,1981,2499.0,0.11883400790235843,26.8,7.7641261406440965,74000.0
2248,DMA,1982,2592.0,0.03653912663721304,26.4,7.781639428205799,74000.0
2249,DMA,1983,2644.0,0.01986314349941143,26.9,7.548239806958777,74000.0
2250,DMA,1984,2802.0,0.05804052592537534,26.3,7.767644957205523,74000.0
2251,DMA,1985,2872.0,0.024675203271162793,26.2,7.665519102628054,73000.0
2252,DMA,1986,3107.0,0.07864897922493252,26.3,7.770138776787381,72000.0
2253,DMA,1987,3370.0,0.08125511395335927,27.0,7.771277945317636,72000.0
2254,DMA,1988,3687.0,0.08990037488773872,26.6,7.8127423646849,71000.0
2255,DMA,1989,3714.0,0.00729634367850629,26.2,7.682436362523345,71000.0
2256,DMA,1990,3939.0,0.05881742105825438,26.5,7.661009300274201,70000.0
2257,DMA,1991,4083.9959706276213,0.036149029689171996,26.5,7.700883531905396,70000.0
2258,DMA,1992,4271.690132860365,0.044933650906404665,26.6,7.865341493263464,70000.0
2259,DMA,1993,4339.8169539814435,0.01582260613654185,26.7,7.66105638236183,70000.0
2260,DMA,1994,4459.365266500701,0.02717426825497604,26.5,7.561121589530238,71000.0
2261,DMA,1995,4606.733655494353,0.032512632303500766,26.8,7.6768908055414204,71000.0
2262,DMA,1996,4894.841879438699,0.06066290171736988,26.7,7.804740859798287,71000.0
2263,DMA,1997,5170.80795096273,0.05484698009561839,26.8,7.4945414435506725,70000.0
2264,DMA,1998,5462.697093719311,0.05491368790852391,27.2,7.876069038923444,70000.0
2265,DMA,1999,5584.023848597831,0.021966995330775063,26.7,7.633901937805191,70000.0
2266,DMA,2000,5696.955223607937,0.02002222449168478,26.6,7.596291846984399,71000.0
2267,DMA,2001,5799.816229107313,0.01789437159039764,27.0,7.578247768977276,71000.0
2268,DMA,2002,5771.374838417473,-0.004915906720473373,26.9,7.567552479860528,72000.0
2269,DMA,2003,6321.955684692586,0.0911182783781257,27.0,7.67684446311724,72000.0
2270,DMA,2004,6602.70000484951,0.04345005294968729,26.7,7.9893570388168405,72000.0
2271,DMA,2005,6697.5345115596,0.014260818304046907,27.0,7.931392553057174,72000.0
2272,DMA,2006,7133.781255069998,0.06310194883001508,26.8,7.703504173202802,72000.0
2273,DMA,2007,7698.773584910761,0.07621961733202909,26.8,7.622663951323595,72000.0
2274,DMA,2008,8454.062653751644,0.09358607176690548,26.5,7.82176340769874,73000.0
2275,DMA,2009,8511.85813036361,0.0068131521907695,26.9,7.518498633287266,73000.0
2276,DMA,2010,8768.4774130931,0.029702912764483003,27.2,7.89744516042606,73000.0
2277,DMA,2011,8944.0,0.0198197382034202,26.7,7.923094648456425,73000.0
2278,DMA,2012,8823.0,-0.01362096817277525,26.8,7.744179954245705,73000.0
2279,DMA,2013,9145.0,0.03584533360286102,26.8,7.622761793894976,73000.0
2280,DMA,2014,9507.0,0.03882108753406399,26.8,7.622223541245766,73000.0
2281,DMA,2015,9319.0,-0.0199730425733744,27.1,7.365306700288633,74000.0
2282,DMA,2016,9567.251383368406,0.02629062563890905,27.1,7.824485914084677,74000.0
2283,DMA,2017,8877.881429508374,-0.0747830016606148,26.8,7.805841306201446,73897.0
2284,DMA,2018,9153.232417678071,0.030544135812164086,26.5,7.669401875966774,74027.0
2285,DMA,2019,9575.093023772615,0.04505816370205373,26.9,7.504061108092527,74659.3699222004
2286,DMA,2020,7974.306806519906,-0.18294052621550527,26.9,7.643195371732334,75252.02074184941
2287,DMA,2021,8419.473004250714,0.054322513646164694,26.8,7.424165281042028,75687.88563037432
2288,DMA,2022,8879.645784360697,0.05321442933322551,26.6,7.648072264018472,76027.58848114313
2289,DNK,1961,14843.0,0.05519071590579827,8.5,6.5841005460715385,4609817.0
2290,DNK,1962,15537.0,0.04569590246723543,6.9,6.56512411504534,4646899.0
2291,DNK,1963,15513.0,-0.001545894027669803,6.7,6.540741357248225,4683579.0
2292,DNK,1964,16832.0,0.08160345447310569,7.5,6.408199247474377,4720171.0
2293,DNK,1965,17459.0,0.036573438447337736,6.9,6.57702651698799,4758100.0
2294,DNK,1966,17789.0,0.01872501374049662,7.0,6.674182532177388,4797500.0
2295,DNK,1967,18230.0,0.024488299947437397,8.3,6.7181673861961375,4838800.0
2296,DNK,1968,18868.0,0.03439877673144487,7.8,6.589476532552888,4867300.0
2297,DNK,1969,19974.0,0.056964062398927595,7.3,6.418691146997659,4890687.0
2298,DNK,1970,20221.0,0.012290240532649932,6.8,6.5852056712012805,4928757.0
2299,DNK,1971,20617.0,0.01939430983483703,8.1,6.396929655216146,4963126.0
2300,DNK,1972,21579.0,0.04560464136489806,7.9,6.402248816693747,4991596.0
2301,DNK,1973,22228.0,0.029632135864346765,8.1,6.403408621313855,5021861.0
2302,DNK,1974,21919.0,-0.013998914816459873,8.5,6.571862874225933,5045297.0
2303,DNK,1975,21712.0,-0.009488737508702272,9.0,6.25344412220739,5059861.0
2304,DNK,1976,23059.0,0.06019104567367428,7.6,6.236760903063325,5072596.0
2305,DNK,1977,23360.0,0.012969009193838588,7.7,6.530731844505276,5088419.0
2306,DNK,1978,23632.0,0.011576567828997852,7.4,6.431008968869009,5104247.0
2307,DNK,1979,24409.0,0.032350190959803626,6.6,6.582025138892826,5116800.0
2308,DNK,1980,24272.0,-0.005628494142650098,7.1,6.6509256700131205,5123027.0
2309,DNK,1981,24063.0,-0.008648031553279978,7.2,6.6823591926146335,5121572.0
2310,DNK,1982,24807.0,0.030450480355241893,8.0,6.528542542018038,5117810.0
2311,DNK,1983,25450.0,0.025589871588392654,8.4,6.537995095494749,5114297.0
2312,DNK,1984,26581.0,0.04348093185325297,8.0,6.5771657055190795,5111619.0
2313,DNK,1985,27710.0,0.04159668402510164,6.3,6.62459629525794,5113691.0
2314,DNK,1986,28681.0,0.034441523752162695,7.0,6.486618001479677,5120534.0
2315,DNK,1987,28728.0,0.0016373742967328297,6.4,6.569341158123582,5127024.0
2316,DNK,1988,29049.0,0.011111802373720892,8.4,6.689226065218673,5129516.0
2317,DNK,1989,29108.0,0.002028991187337681,9.2,6.371098895181625,5132593.0
2318,DNK,1990,29412.0,0.010389703849135401,9.4,6.644180281873589,5140954.0
2319,DNK,1991,29915.44761677369,0.0169722353502344,8.2,6.45378246680893,5154960.0
2320,DNK,1992,30573.573321505366,0.021761029197898907,8.9,6.524002737779623,5171960.0
2321,DNK,1993,30649.53798738687,0.0024815695655160397,7.6,6.571582997369922,5189960.0
2322,DNK,1994,32359.29623614676,0.054283755550265766,8.5,6.698514632836919,5206970.0
2323,DNK,1995,33356.14136557561,0.030340560303237396,8.2,6.473582006737229,5230970.0
2324,DNK,1996,34325.4425056305,0.028644938912359308,6.8,6.251132873104564,5262980.0
2325,DNK,1997,35499.063328550095,0.033619467808524206,8.4,6.3863741412766295,5285980.0
2326,DNK,1998,36361.22944713951,0.023996770893267794,8.0,6.726712903686563,5303980.0
2327,DNK,1999,37523.42416941417,0.03146230056961308,8.8,6.739809888132689,5321990.0
2328,DNK,2000,39021.177552135625,0.03913913042324069,9.2,6.625392368007956,5338990.0
2329,DNK,2001,39425.86522315358,0.010317565753513946,8.1,6.568499170984308,5357990.0
2330,DNK,2002,39709.369288746384,0.007165083422774998,8.9,6.675570983015779,5377000.0
2331,DNK,2003,39983.14335353886,0.006870787047240867,8.5,6.398761310045116,5391000.0
2332,DNK,2004,41178.562625217965,0.02945984717734973,8.5,6.607595685019244,5404000.0
2333,DNK,2005,42264.63025038973,0.026032775669472485,8.6,6.422597401964724,5420010.0
2334,DNK,2006,44025.4826886383,0.040818046310478806,9.2,6.6292311443151215,5438010.0
2335,DNK,2007,44481.46877196547,0.010304052060643443,9.2,6.713563549617695,5461010.0
2336,DNK,2008,44246.39868820777,-0.005298687784881295,9.4,6.6082704944112045,5494020.0
2337,DNK,2009,42090.17328831228,-0.0499596827008606,8.7,6.541895425466332,5524030.0
2338,DNK,2010,42932.39714496129,0.01981241927074784,6.9,6.585067597331541,5548030.0
2339,DNK,2011,43575.0,0.014856872271471033,9.0,6.663388091216301,5571030.0
2340,DNK,2012,43509.61238198567,-0.0015017034241502358,8.3,6.607190580699342,5592040.0
2341,DNK,2013,43743.60932858168,0.005363641662501806,8.4,6.487227293196927,5614040.0
2342,DNK,2014,44215.63376122426,0.010732901905420533,9.9,6.688603748937465,5644050.0
2343,DNK,2015,44940.887673488316,0.016269587426320342,9.2,6.698021414577845,5683050.0
2344,DNK,2016,46018.98340380225,0.023705975074189922,9.0,6.472655365744282,5730060.0
2345,DNK,2017,47022.01152968533,0.02156182844606569,8.8,6.810913927532582,5766070.0
2346,DNK,2018,47717.45861212463,0.01468151707296883,9.4,6.352455165114317,5795080.0
2347,DNK,2019,48238.65786899667,0.010863390509685544,9.4,6.699254004404797,5818080.0
2348,DNK,2020,47171.08707284589,-0.02237958719631905,10.0,6.56582819167796,5831080.0
2349,DNK,2021,49258.74965876333,0.043305867001963705,8.8,6.552079835376488,5855090.0
2350,DNK,2022,50689.67988728573,0.028635327473761407,9.5,6.429235489968062,5907100.0
2351,DOM,1961,1964.0,-0.054977943750387226,24.7,7.355577203169126,3340557.0
2352,DOM,1962,2222.0,0.12342448128516459,24.8,7.176865965848482,3453434.0
2353,DOM,1963,2291.0,0.03058071225391945,24.9,7.321915805457525,3569217.0
2354,DOM,1964,2365.0,0.03178961847253792,24.7,7.149445767582925,3687001.0
2355,DOM,1965,2007.0,-0.16413695212969515,24.5,7.368907348504555,3805881.0
2356,DOM,1966,2206.0,0.09453985101710938,24.7,7.319997371369325,3926395.0
2357,DOM,1967,2211.0,0.0022639810439990526,24.6,6.879561544611355,4049146.0
2358,DOM,1968,2150.0,-0.027977059735738052,24.6,7.214798704912538,4173328.0000000005
2359,DOM,1969,2316.0,0.07437371757117717,25.1,7.40184157874383,4298133.0
2360,DOM,1970,2488.0,0.07163761516618461,24.8,7.489747410175919,4422755.0
2361,DOM,1971,2678.0,0.07359107239204743,24.3,7.260522598089852,4546974.0
2362,DOM,1972,2928.0,0.08924934883008451,24.8,7.266687672962084,4671329.0
2363,DOM,1973,3196.0,0.08758043180496333,24.9,7.100274660752538,4796148.0
2364,DOM,1974,3295.0,0.030506140050441388,24.4,7.280697195384741,4921761.0
2365,DOM,1975,3365.0,0.021021795142221578,24.4,7.179917539775881,5048499.0
2366,DOM,1976,3504.0,0.0404772099774533,24.3,7.033682835579928,5175585.0
2367,DOM,1977,3586.0,0.023132202108795852,24.7,7.2602414622994145,5302800.0
2368,DOM,1978,3583.0,-0.0008369368601233163,24.7,7.33374171031105,5431308.0
2369,DOM,1979,3649.0,0.018252719131494288,24.7,7.706432960751546,5562270.0
2370,DOM,1980,3781.0,0.035535367454484046,25.4,7.250564537059231,5696855.0
2371,DOM,1981,3846.0,0.017045122257792755,25.2,7.645828022895075,5831508.0
2372,DOM,1982,3826.0,-0.00521377614852625,24.9,7.277524122432028,5969000.0
2373,DOM,1983,3905.0,0.0204379122735876,25.4,7.272745554524583,6106000.0
2374,DOM,1984,3830.0,-0.01939298009909507,24.7,7.290702075659699,6242000.0
2375,DOM,1985,3653.0,-0.04731605537940986,24.6,7.295192184570911,6379000.0
2376,DOM,1986,3682.0,0.007907334997740989,24.8,7.340705844025162,6517000.0
2377,DOM,1987,3877.0,0.05160557587790571,25.3,7.549819669312766,6657000.0
2378,DOM,1988,3821.0,-0.014549490224029071,25.1,7.436558335978781,6799000.0
2379,DOM,1989,4219.0,0.09908596467743891,24.8,7.186749723036352,6942000.0
2380,DOM,1990,3939.0,-0.06867124915343226,25.0,7.235402979376965,7083000.0
2381,DOM,1991,3969.568673803786,0.00773055841085224,24.9,7.260171166000486,7210980.0
2382,DOM,1992,4185.4059382209525,0.05294625521793428,25.2,7.272398392570047,7334920.0
2383,DOM,1993,4490.016220777019,0.07025261677529748,25.1,7.258975372237906,7451170.0
2384,DOM,1994,4597.150817602258,0.023580409724758056,25.2,7.199230149672614,7565090.0
2385,DOM,1995,4851.628765525665,0.0538777523976357,25.3,7.393755281312472,7683340.0
2386,DOM,1996,5198.566649164177,0.06906846668373312,25.2,7.194511923357417,7805770.0
2387,DOM,1997,5616.889921651133,0.07739517280324648,25.8,7.122786010185797,7928080.0
2388,DOM,1998,6012.692550266255,0.06809454390917224,26.0,7.59729596394797,8051310.0
2389,DOM,1999,6419.781092878582,0.06551135952666876,25.4,7.166729187297174,8175450.0
2390,DOM,2000,6788.0838992463005,0.05578468779363632,25.3,7.3162158960701,8300570.0
2391,DOM,2001,6917.030381053836,0.018817834606943862,25.5,7.315617511690023,8426810.0
2392,DOM,2002,7327.365957521444,0.05762955852583396,25.5,7.258059975913026,8553010.0
2393,DOM,2003,7324.697348047655,-0.0003642639876240139,25.6,7.453330095074946,8677890.0
2394,DOM,2004,7441.447629239874,0.015813567363675674,25.2,7.307202314764738,8801440.0
2395,DOM,2005,8156.430953222604,0.09174128637205392,25.2,7.369348640867902,8923590.0
2396,DOM,2006,9059.884425319084,0.10504967327363701,25.3,7.337132207136614,9044310.0
2397,DOM,2007,9866.45803030943,0.08528456347536384,25.2,7.347428558420038,9163580.0
2398,DOM,2008,10225.528842460606,0.03574649426386145,24.9,7.313620307111628,9281350.0
2399,DOM,2009,10365.674874801924,0.013612433573872096,25.1,7.34478365154642,9397510.0
2400,DOM,2010,11276.46081199416,0.08421758433637727,25.1,7.325741667643973,9511920.0
2401,DOM,2011,11679.0,0.035074918260729504,24.8,7.373750886830334,9626960.0
2402,DOM,2012,11854.365826170415,0.014903866582601566,25.2,7.339602628364419,9742240.0
2403,DOM,2013,12290.142145664599,0.03610126559334681,25.5,7.254460691883379,9854900.0
2404,DOM,2014,13011.521729436818,0.057037762348604915,25.5,7.174877437468557,9964780.0
2405,DOM,2015,13765.118895315249,0.05630252424556659,25.7,7.2453697201821265,10071710.0
2406,DOM,2016,14530.099909490285,0.054084577575299164,25.7,7.645158550796619,10176820.0
2407,DOM,2017,15053.832397607177,0.03541024949594629,25.5,7.337717858690689,10281190.0
2408,DOM,2018,15944.744353560543,0.0574966641797392,25.3,7.181135566723058,10384550.0
2409,DOM,2019,16587.236485078345,0.03950424585911527,25.7,7.054536010190332,10486620.0
2410,DOM,2020,15325.654565559918,-0.07910531999506887,25.8,7.288176045984041,10587150.0
2411,DOM,2021,17046.64602563451,0.10642527715816996,25.6,7.151250326544244,10686380.0
2412,DOM,2022,17713.520299462227,0.03837473637511657,25.4,7.321188556739478,10793020.0
2413,DZA,1961,2868.0,-0.14875660022158854,22.9,4.249922794040544,11121645.0
2414,DZA,1962,2284.0,-0.22768663094361052,22.7,4.674696248636701,11000948.0
2415,DZA,1963,2818.0,0.21009912168272482,22.7,4.663439094112067,11272878.0
2416,DZA,1964,2879.0,0.021415598153550874,22.7,4.551769409260976,11612858.0
2417,DZA,1965,2981.0,0.0348158030658956,22.6,4.4942386252808095,11963091.0
2418,DZA,1966,2750.0,-0.08065790301745501,22.7,4.489759334476764,12339140.0
2419,DZA,1967,2907.0,0.05552070989825886,22.6,4.558078578454241,12760499.0
2420,DZA,1968,3151.0,0.08059824119839831,22.7,4.4520190064939165,13146267.0
2421,DZA,1969,3355.0,0.06273190764850867,22.7,4.74406218485471,13528304.0
2422,DZA,1970,3585.0,0.066306703627939,22.7,4.251348311031766,13931846.0
2423,DZA,1971,3188.0,-0.11736471312361552,22.3,4.6443908991413725,14335388.0
2424,DZA,1972,3746.0,0.16129484309392694,22.3,4.705015520957808,14760787.0
2425,DZA,1973,3757.0,0.00293216256993567,22.5,4.5736795188967205,15197724.0
2426,DZA,1974,3870.0,0.029633740449858337,22.3,4.509760001183433,15653200.0
2427,DZA,1975,4020.0,0.03802739558923918,22.4,4.55597994179732,16140252.0
2428,DZA,1976,4157.0,0.03351175763957137,22.2,4.875960390769654,16634617.999999998
2429,DZA,1977,4398.0,0.056356231862068284,22.7,4.368181227851829,17152804.0
2430,DZA,1978,4812.0,0.08996290597986345,22.7,4.35799005684564,17685768.0
2431,DZA,1979,5088.0,0.05577202792538927,22.9,4.719391330078114,18229932.0
2432,DZA,1980,5024.0,-0.012658396871923827,22.7,4.627909672957581,18806061.0
2433,DZA,1981,4991.0,-0.006590138678426172,22.9,4.198704577546343,19407036.0
2434,DZA,1982,5145.0,0.03038907879854058,22.9,4.71492104994721,20033753.0
2435,DZA,1983,5243.0,0.01886848430438448,23.1,4.041295341132285,20680982.0
2436,DZA,1984,5361.0,0.02225667125500408,22.7,4.5217885770490405,21340546.0
2437,DZA,1985,5469.0,0.019945259519234426,23.0,4.511957804265912,22008450.0
2438,DZA,1986,5262.0,-0.038584601746533664,22.8,4.719391330078114,22642538.0
2439,DZA,1987,5088.0,-0.033626356580279904,23.3,4.446174454497633,23254956.0
2440,DZA,1988,4850.0,-0.04790612108842929,23.0,4.4520190064939165,23880766.0
2441,DZA,1989,4889.0,0.008009078647116752,23.1,4.330733340286331,24496305.0
2442,DZA,1990,4697.0,-0.04006377655165139,23.3,4.622027303054514,25089032.0
2443,DZA,1991,4708.231913419727,0.0023884405749132753,22.6,4.541164856012179,25722000.0
2444,DZA,1992,4850.223330744767,0.029712303845704113,22.6,4.59511985013459,26386970.0
2445,DZA,1993,4816.923590117468,-0.006889286488881652,22.8,4.2626798770413155,27045430.0
2446,DZA,1994,4856.985389312913,0.008282490211378501,23.2,4.514150787600923,27646750.0
2447,DZA,1995,5142.3840043761675,0.057098830831565195,23.3,4.507557357121091,28207670.0
2448,DZA,1996,5451.634442085514,0.058398675325680216,23.0,4.679349584162343,28721500.0
2449,DZA,1997,5638.480167133529,0.033699093937636704,23.4,4.624972813284271,29200150.0
2450,DZA,1998,6069.777316724308,0.07370736323823124,23.2,4.350277936359301,29649010.0
2451,DZA,1999,6421.508468348999,0.05633113549837532,23.4,4.662495252607361,30083240.0
2452,DZA,2000,6834.553879767644,0.06233814405811877,23.3,4.182050142641207,30514670.0
2453,DZA,2001,7218.24576822021,0.05462075691500168,23.5,4.30406509320417,30952160.0
2454,DZA,2002,7814.838160308776,0.07941229981278397,23.4,4.355425952876702,31396800.0
2455,DZA,2003,8590.177526274332,0.09459514759824117,23.5,4.76473475565943,31846680.0
2456,DZA,2004,9182.294183891243,0.06665768210548073,23.3,4.663439094112067,32320200.0
2457,DZA,2005,9969.62260937367,0.08226564612773757,23.2,4.389498649512583,32785040.0
2458,DZA,2006,10385.77910832959,0.04089474634515078,23.5,4.61512051684126,33286410.000000004
2459,DZA,2007,10974.742286661307,0.05515899985037365,23.3,4.598145571051127,33865510.0
2460,DZA,2008,11475.002405825062,0.04457448877219505,23.2,4.507557357121091,34480040.0
2461,DZA,2009,11907.021496636984,0.03695730224096039,23.5,4.628886712605407,35126140.0
2462,DZA,2010,12587.744251355978,0.055595394289444044,23.7,4.637637376125593,35805130.0
2463,DZA,2011,13204.0,0.04779615185599795,23.5,4.673762977453703,36506260.0
2464,DZA,2012,13392.944701940112,0.014208239527752298,23.5,4.546481189639412,37214940.0
2465,DZA,2013,13508.26444943762,0.008573626058892003,23.2,4.603168183317418,37930360.0
2466,DZA,2014,13760.38379007982,0.01849204425955797,23.6,4.4331949212482815,38650340.0
2467,DZA,2015,14007.893506456534,0.017827268780020944,23.5,4.463606621666305,39372210.0
2468,DZA,2016,14198.272761200371,0.013499328056537863,23.7,4.31748811353631,40087300.0
2469,DZA,2017,14149.914954507996,-0.0034117068846430953,23.5,4.443827035579329,40787440.0
2470,DZA,2018,14083.772737051351,-0.0046853488767073515,23.2,4.6434288981051814,41470740.0
2471,DZA,2019,14000.27914797286,-0.005945996354961736,23.4,4.462453883786496,42135240.0
2472,DZA,2020,13086.292801166823,-0.06751193721368942,23.5,4.203198967134183,42779110.0
2473,DZA,2021,13337.261833898425,0.018996428247385566,23.6,4.2017030805426,43401250.0
2474,DZA,2022,13506.44438931578,0.012605174123757834,23.8,4.117409835153096,44113760.0
2475,ECU,1961,3633.0,-0.0043944042152457286,21.4,7.461180516366945,4546197.0
2476,ECU,1962,3716.0,0.02258906771252711,21.4,7.412582950944492,4681707.0
2477,ECU,1963,3698.0,-0.004855687986660584,21.6,7.502352035812805,4822279.0
2478,ECU,1964,3843.0,0.03846117861777465,21.0,7.5151811591366044,4967705.0
2479,ECU,1965,4090.0,0.06229165847200413,21.9,7.705397600871531,5117779.0
2480,ECU,1966,4074.0,-0.003919652250097272,21.4,7.536950433049565,5272639.0
2481,ECU,1967,4163.0,0.021610650408224075,21.0,7.471818306130545,5432424.0
2482,ECU,1968,4264.0,0.023971718650706464,21.0,7.476868678618635,5596925.0
2483,ECU,1969,4366.0,0.02363957126420857,22.0,7.728283728869175,5765935.0
2484,ECU,1970,4535.0,0.0379778254393468,21.3,7.6346756696490035,5939246.0
2485,ECU,1971,4658.0,0.02676108789504994,21.0,7.676983483947418,6116773.0
2486,ECU,1972,4801.0,0.030238058086654362,22.3,7.955109360366435,6298651.0
2487,ECU,1973,5244.0,0.08826033635264885,21.2,7.753194269884341,6485013.0
2488,ECU,1974,5392.0,0.027831807708553313,20.9,7.630461261783627,6675986.0
2489,ECU,1975,5514.0,0.022373938991599118,20.8,7.922369826911989,6871698.0
2490,ECU,1976,5877.0,0.06375611502890877,21.7,7.685105730824157,7072687.0
2491,ECU,1977,6073.0,0.032806289284923906,21.7,7.459223681210144,7278866.0
2492,ECU,1978,6314.0,0.03891667322036163,21.5,7.38044280335703,7489432.0
2493,ECU,1979,6472.0,0.024715789620390893,21.7,7.325478284485803,7703577.0
2494,ECU,1980,6582.0,0.016853470764957024,21.6,7.43307534889858,7920499.0
2495,ECU,1981,6664.0,0.012381254343393877,21.5,7.539824610033492,8141078.0
2496,ECU,1982,6558.0,-0.016034226442084076,22.2,7.5836545661325285,8365850.0
2497,ECU,1983,6252.0,-0.047784265863226594,22.7,7.913447861718553,8593494.0
2498,ECU,1984,6336.0,0.013346241952893578,21.5,7.67103468172246,8825829.0
2499,ECU,1985,6433.0,0.015193337916739935,21.3,7.2955993783328985,9061664.0
2500,ECU,1986,6452.0,0.002949167834097821,21.6,7.420219559416636,9301083.0
2501,ECU,1987,5893.0,-0.09062495440718621,22.3,7.6839099985256905,9545158.0
2502,ECU,1988,6357.0,0.0757913620984958,21.4,7.613374361037403,9794122.0
2503,ECU,1989,6207.0,-0.023878880522756774,21.3,7.566466282220954,10048223.0
2504,ECU,1990,6221.0,0.0022529781013673755,21.9,7.447459862298504,10318036.0
2505,ECU,1991,6513.33684307474,0.04592123126837322,21.9,7.4151149031049535,10429920.0
2506,ECU,1992,6715.474338995894,0.03056256939782287,22.1,7.806696372521179,10553810.0
2507,ECU,1993,6770.178561599522,0.00811299579818403,22.0,7.626862561211614,10753680.0
2508,ECU,1994,6940.090264709554,0.02478731887916652,21.7,7.635207263234073,11012550.0
2509,ECU,1995,6985.15549349466,0.006472472643370253,21.9,7.5116339917839,11265610.0
2510,ECU,1996,6993.643845856553,0.00121446101330136,21.2,7.480541102870898,11526480.0
2511,ECU,1997,7181.100892942844,0.02645098448145866,22.4,7.838855802509772,11792470.0
2512,ECU,1998,7307.1694453508735,0.017403282981087287,22.6,8.009196894660407,12050630.0
2513,ECU,1999,6884.79262151431,-0.059540970600636456,21.3,7.76497518127924,12268310.0
2514,ECU,2000,6908.242975560693,0.00340032133986945,21.3,7.644919344958857,12445840.0
2515,ECU,2001,7131.193975132238,0.031763345614619354,21.4,7.497595389676153,12629120.0
2516,ECU,2002,7359.707232942879,0.031541475467355085,22.0,7.691063039250039,12827210.0
2517,ECU,2003,7468.503537609323,0.014674495621903816,21.8,7.660020064025171,13073910.0
2518,ECU,2004,7958.920703386422,0.06359875119754399,21.7,7.49969995403292,13367800.0
2519,ECU,2005,8256.7776955984,0.036741001292362796,21.6,7.33726238157054,13661290.0
2520,ECU,2006,8521.55980047244,0.03156499732916629,21.8,7.509335266016592,13915490.0
2521,ECU,2007,8633.584399572856,0.013060361388310682,21.3,7.55924678427325,14132750.0
2522,ECU,2008,9103.871687452474,0.053040022553766164,21.5,7.781138509845015,14351560.0
2523,ECU,2009,9081.370487059394,-0.0024746672780295853,22.0,7.457609289715606,14569420.0
2524,ECU,2010,9327.212764773541,0.02671111526777281,21.8,7.822925383187589,14786120.0
2525,ECU,2011,9985.0,0.06814773567812793,21.6,7.698165277162293,15002030.0
2526,ECU,2012,10398.947800827204,0.040620661163831784,21.9,7.773678603492505,15217570.0
2527,ECU,2013,10761.350509926448,0.03425643090099584,21.6,7.59890045687141,15432560.0
2528,ECU,2014,11016.160646700579,0.02340228542123768,22.1,7.60698392985795,15646810.0
2529,ECU,2015,10878.765277324404,-0.012550594906054258,22.7,7.852283552267532,15860110.0
2530,ECU,2016,10603.805877018236,-0.025599767769280746,22.4,7.585128705426041,16071880.0
2531,ECU,2017,10715.150129738131,0.0104456583236896,22.1,7.84208237334239,16281500.0
2532,ECU,2018,10716.90381207436,0.00016365042239030458,22.0,7.480653886945906,16488669.999999998
2533,ECU,2019,10586.936861661216,-0.012201420842231414,22.1,7.777625037935556,16693090.0
2534,ECU,2020,9646.065160433589,-0.09307079278178243,22.1,7.6327886484044045,16894460.0
2535,ECU,2021,9937.6964730908,0.02978517386149626,21.8,7.607580114295323,17093160.0
2536,ECU,2022,10124.076562210608,0.018581154438932046,21.5,7.597897950521784,17288380.0
2537,EGY,1961,1643.0,0.039098992016254996,21.7,3.6584202466292277,27522861.0
2538,EGY,1962,1712.0,0.041138438664419574,22.8,2.9231615807191558,28173309.0
2539,EGY,1963,1785.0,0.04175613751205187,22.8,3.169685580677429,28820665.0
2540,EGY,1964,1859.0,0.04062029350770491,21.6,3.414442608412176,29533070.0
2541,EGY,1965,1934.0,0.03955168829179545,22.0,3.367295829986474,30265148.0
2542,EGY,1966,1900.0,-0.017736510858707533,22.7,3.520460802488973,30986381.0
2543,EGY,1967,1835.0,-0.0348094046658618,21.5,3.417726683613366,31681188.0
2544,EGY,1968,1827.0,-0.004369204110663993,22.2,3.2809112157876537,32337877.0
2545,EGY,1969,1914.0,0.0465200156348935,22.6,3.484312288372662,32966239.0
2546,EGY,1970,1999.0,0.043451762487499934,22.0,3.077312260546414,33574026.0
2547,EGY,1971,2045.0,0.02275073397650207,21.9,3.462606009790799,34183988.0
2548,EGY,1972,2047.0,0.000977517184387544,22.1,3.295836866004329,34807417.0
2549,EGY,1973,2063.0,0.007785927409962312,22.0,2.9856819377004897,35480414.0
2550,EGY,1974,2099.0,0.017299806749381474,22.1,3.8088822465086327,36216313.0
2551,EGY,1975,2265.0,0.07611371809650169,21.9,3.299533727885655,36952499.0
2552,EGY,1976,2560.0,0.1224324995564734,22.0,2.990719731730447,37736990.0
2553,EGY,1977,2817.0,0.09566523040276476,22.1,3.391147045808654,38783863.0
2554,EGY,1978,2939.0,0.04239689854254447,22.2,3.2809112157876537,40020461.0
2555,EGY,1979,3076.0,0.04556066420661686,22.7,3.3105430133940246,41257718.0
2556,EGY,1980,3298.0,0.06968617249400921,22.2,3.2228678461377385,42634215.0
2557,EGY,1981,3309.0,0.003329804802069347,22.1,2.7343675094195836,44196104.0
2558,EGY,1982,3543.0,0.06832779694385849,21.7,3.572345637857985,45681811.0
2559,EGY,1983,3701.0,0.04362922752068421,21.5,3.32862668882732,47093025.0
2560,EGY,1984,3810.0,0.029026135734591563,22.0,2.9806186357439426,48550155.0
2561,EGY,1985,3939.0,0.03329769485015888,22.4,3.5890591188317256,50052381.0
2562,EGY,1986,3921.0,-0.00458016067857514,22.3,3.417726683613366,51593433.0
2563,EGY,1987,3929.0,0.002038217266129294,22.1,3.3214324131932926,52793544.0
2564,EGY,1988,4001.0,0.018159389298775253,22.5,3.713572066704308,54015071.0
2565,EGY,1989,4030.0,0.007222046083493083,22.2,3.4111477125153233,55251811.0
2566,EGY,1990,4022.0,-0.001987084608131795,22.4,3.299533727885655,56683220.0
2567,EGY,1991,4180.132604072728,0.03856367814540285,22.4,3.754198920234579,57731020.0
2568,EGY,1992,4338.953753212038,0.03729027886577185,21.7,3.5263605246161616,58583490.0
2569,EGY,1993,4542.632472525336,0.04587343541279232,22.5,3.299533727885655,59433580.0
2570,EGY,1994,4746.588238758654,0.04391941067136251,22.7,3.673765816303888,60299270.0
2571,EGY,1995,5001.066691482316,0.052225133531395684,22.4,2.856470206220483,61182790.0
2572,EGY,1996,5293.100503977333,0.05675295281159798,22.7,3.077312260546414,62093830.0
2573,EGY,1997,5594.597152884716,0.05539715711116777,22.3,3.342861804649192,63365290.0
2574,EGY,1998,5884.8017830892995,0.05057172052700132,23.1,3.250374491927572,64666820.0
2575,EGY,1999,6211.015802157991,0.05395139936819682,23.0,2.653241964607215,66001390.0
2576,EGY,2000,6593.531793090701,0.05976467934262253,22.4,3.481240089335692,67376680.0
2577,EGY,2001,6914.9367688433,0.04759468387977428,23.1,2.9338568698359038,68790070.0
2578,EGY,2002,7142.686391865963,0.032405129930790366,23.1,3.339321977944068,70269400.0
2579,EGY,2003,7365.802725390693,0.030759084933478675,23.0,3.126760535960395,71784500.0
2580,EGY,2004,7661.859858686246,0.03940671979426824,22.9,3.2386784521643803,73297860.0
2581,EGY,2005,8021.883480428561,0.04591848656361641,22.8,3.242592351485517,74832480.0
2582,EGY,2006,8509.614357973966,0.05902338298198373,22.9,3.0252910757955354,76431650.0
2583,EGY,2007,9130.597908654292,0.07043455559298373,23.1,2.995732273553991,78139720.0
2584,EGY,2008,9698.016638328141,0.06029021351232444,23.3,3.095577608523707,79944560.0
2585,EGY,2009,10159.002193951934,0.04643883374380131,23.2,2.624668592163159,81840230.0
2586,EGY,2010,10719.291292162377,0.05368481458070029,24.5,2.653241964607215,83844300.0
2587,EGY,2011,10737.0,0.001650677800505207,22.7,3.0155349008501706,85969340.0
2588,EGY,2012,10774.529912485224,0.0034892869745206667,23.4,3.1135153092103742,88197560.0
2589,EGY,2013,10871.144909874585,0.008927015655411097,23.3,3.299533727885655,90566050.0
2590,EGY,2014,11135.727124261874,0.02404657628227369,23.5,3.242592351485517,93008910.0
2591,EGY,2015,11312.847990951546,0.01578047081978795,23.3,3.261935314328648,95432340.0
2592,EGY,2016,11458.447735785956,0.012788181298839518,23.7,3.005682604407159,97882250.0
2593,EGY,2017,11545.593430310772,0.007576591502033381,23.1,2.5572273113676265,100303240.0
2594,EGY,2018,11895.311918349673,0.029840523070189917,23.9,3.6609942506244004,102617050.0
2595,EGY,2019,12300.201070600773,0.03347124339301821,23.3,3.370738174177447,104815640.0
2596,EGY,2020,12234.503481702748,-0.005355495174796943,23.1,3.4781584227982836,106892620.0
2597,EGY,2021,12868.26141909637,0.050503810338272004,23.7,3.3178157727231046,108871400.0
2598,EGY,2022,13205.40639831306,0.025862396757352357,23.1,3.3945083935113587,110593140.0
2599,ESP,1961,5581.437566911612,0.10371498844086702,14.0,6.509514015963292,30903894.0
2600,ESP,1962,6075.909555034676,0.08488532732141962,13.2,6.590575735741333,31158061.0
2601,ESP,1963,6631.572696635345,0.08751028620082657,12.9,6.747351757489113,31429834.0
2602,ESP,1964,6938.491843635209,0.045242452091727614,13.5,6.338417384148478,31740862.0
2603,ESP,1965,7411.984782945171,0.06601381808602191,13.1,6.51129946503156,32084511.0
2604,ESP,1966,7872.849372810183,0.06032179650667757,13.4,6.509514015963292,32451975.0
2605,ESP,1967,8207.074373638408,0.04157645892821549,13.1,6.343704671756601,32850275.0
2606,ESP,1968,8598.88130808511,0.04663560351667151,13.3,6.44778118537358,33239301.0
2607,ESP,1969,9299.070162620286,0.0782822983036322,12.8,6.7644621091556605,33566084.0
2608,ESP,1970,9502.939890629283,0.021686800257779026,13.2,6.340888264332522,33876479.0
2609,ESP,1971,9885.877304701884,0.039505990887905185,12.8,6.643789733147672,34195056.0
2610,ESP,1972,10787.692665989698,0.08729871257261301,12.5,6.71635261345199,34513161.0
2611,ESP,1973,11629.701737238698,0.07515640385553901,13.0,6.290828124333601,34836716.0
2612,ESP,1974,12379.949716151497,0.06251588532748542,13.0,6.390408438225881,35184287.0
2613,ESP,1975,12613.324117916534,0.018675519358147596,13.0,6.462717395754149,35563535.0
2614,ESP,1976,13044.985993676577,0.033650119989102834,13.0,6.562867732759577,35996780.0
2615,ESP,1977,13335.21213888847,0.022004221040271332,13.1,6.651959395392677,36439000.0
2616,ESP,1978,13568.676117616169,0.017355843654316416,13.2,6.488900933754956,36861034.0
2617,ESP,1979,13678.09341878673,0.008031622919938641,13.3,6.6368647691701925,37200014.0
2618,ESP,1980,14005.934595454468,0.023685606960714978,13.1,6.344407535957036,37488360.0
2619,ESP,1981,13895.314484184273,-0.007929443629354438,13.6,6.309918278226516,37750800.0
2620,ESP,1982,14046.104162293825,0.010793377665846648,13.7,6.431170038370847,37983310.0
2621,ESP,1983,14240.944745992354,0.013776174798080021,13.7,6.2869287600018176,38184166.0
2622,ESP,1984,14313.326648327431,0.005069788429898026,13.0,6.492845712045973,38362861.0
2623,ESP,1985,14696.9656773837,0.026450019238399847,13.6,6.332035515298156,38534853.0
2624,ESP,1986,15242.980691686094,0.036478058605158736,13.4,6.356801864125367,38707556.0
2625,ESP,1987,16273.085083913356,0.06539340661903204,13.8,6.5793900912548215,38880702.0
2626,ESP,1988,17275.507552334802,0.059777228767545765,13.7,6.407704728384105,39053881.0
2627,ESP,1989,18360.350662690114,0.06090373431991836,14.4,6.607595685019244,39214523.0
2628,ESP,1990,19214.999999999996,0.04549773973178972,14.2,6.295819353847015,39350769.0
2629,ESP,1991,19958.05964269484,0.037941829851252606,13.5,6.366126746061101,39420560.0
2630,ESP,1992,20329.167740836685,0.018423635444646536,13.6,6.3784261836515865,39512730.0
2631,ESP,1993,20056.539615511396,-0.01350142337832061,13.2,6.397762641520038,39599120.0
2632,ESP,1994,20673.954415535798,0.030319401291986736,14.1,6.305179796606579,39670120.0
2633,ESP,1995,21522.096788725685,0.04020549774112503,14.4,6.321487460049288,39727550.0
2634,ESP,1996,22185.06675997645,0.030339229098265363,13.7,6.7548371725574246,39892940.0
2635,ESP,1997,23113.615070459808,0.04100244682540222,14.5,6.690842277418564,40058700.0
2636,ESP,1998,24284.861317461928,0.04943132426482855,14.0,6.238129293463538,40222830.0
2637,ESP,1999,25549.53964290926,0.05076613344134806,13.9,6.403408621313855,40378470.0
2638,ESP,2000,26994.86012029174,0.05502718336997603,14.0,6.496322399094181,40563230.0
2639,ESP,2001,28153.55361296604,0.042027103122238785,14.1,6.425517112068059,40774930.0
2640,ESP,2002,28753.322752068387,0.021079749460632513,14.1,6.569621663034258,41432550.0
2641,ESP,2003,29371.86492785975,0.02128390635843047,14.4,6.606650186198215,42205420.0
2642,ESP,2004,30088.09263524994,0.024092259065163546,14.0,6.3875524934035495,42868510.0
2643,ESP,2005,30885.602039559926,0.026160621927592942,13.8,6.16709711575114,43672120.0
2644,ESP,2006,31907.423509758653,0.03254857272086831,14.5,6.451575656329472,44370190.0
2645,ESP,2007,32735.433097933867,0.02561937760741806,13.9,6.362855674882395,45245870.0
2646,ESP,2008,32844.326112024,0.0033209366877926527,13.9,6.546928872492353,45993190.0
2647,ESP,2009,31669.69062082153,-0.0364189172551157,14.4,6.435669483532077,46377650.0
2648,ESP,2010,31786.404048037002,0.003678561040873163,13.9,6.7156257811970965,46572630.0
2649,ESP,2011,31600.0,-0.005881532110345589,14.6,6.3202285802858755,46746440.0
2650,ESP,2012,30645.215366245026,-0.030680575902250595,14.1,6.2865565977347755,46776590.0
2651,ESP,2013,30327.451849054178,-0.010423240728083982,13.8,6.552222539622182,46603390.0
2652,ESP,2014,30842.182876356037,0.016830022913756792,14.7,6.483260244967167,46465240.0
2653,ESP,2015,32057.098255641897,0.038635306403552505,14.6,6.221385082701215,46420260.0
2654,ESP,2016,33002.67434707953,0.02906996572360221,14.6,6.472346294500901,46459990.0
2655,ESP,2017,33924.13541909865,0.02753812132564093,14.8,6.16688736221078,46543010.0
2656,ESP,2018,34553.62592797743,0.018385771642195792,14.3,6.689972333910023,46738990.0
2657,ESP,2019,34957.465528221546,0.01161955985573293,14.5,6.352455165114317,47115620.0
2658,ESP,2020,30834.51319742432,-0.12549743084645115,14.9,6.47881681468833,47366010.0
2659,ESP,2021,32553.051028163532,0.05423647686543198,14.6,6.423571586162567,47341860.0
2660,ESP,2022,34123.386709528146,0.04711187863032684,15.3,6.3211279417998645,47625400.0
2661,EST,1980,15044.0,0.08638311483867156,4.6,6.4768185049003035,1482196.0
2662,EST,1981,15478.0,0.028440420240178454,5.0,6.693075806080056,1493318.0
2663,EST,1982,15927.0,0.028596121421376353,5.5,6.341593110176681,1504043.0
2664,EST,1983,16361.0,0.026884671731295384,6.1,6.501289670540389,1514671.0
2665,EST,1984,16660.0,0.01811018273775744,5.9,6.443972261549457,1526128.0
2666,EST,1985,16541.0,-0.007168489478612372,3.5,6.524883019526607,1538224.0
2667,EST,1986,16866.0,0.019457613892365444,4.9,6.51426814763338,1550072.0
2668,EST,1987,16898.0,0.0018955105782030301,3.3,6.5039887275095545,1562224.0
2669,EST,1988,17661.0,0.04416354698358127,5.7,6.515749190558129,1569187.0
2670,EST,1989,18779.0,0.061380405511835434,7.1,6.446513155404975,1570926.0
2671,EST,1990,17247.0,-0.08510100891680672,6.7,6.666956792429207,1569322.0
2672,EST,1991,15350.634870336899,-0.11648138250027529,6.1,6.489052944091952,1559550.0
2673,EST,1992,13214.387635358005,-0.14985062442965535,6.4,6.384350873009287,1528720.0
2674,EST,1993,12207.18423909829,-0.07928155789999636,5.4,6.450154416453444,1491430.0
2675,EST,1994,12070.060563027124,-0.01129659773317826,5.5,6.4224349456245085,1467540.0
2676,EST,1995,12881.278503808462,0.0650469257218802,6.1,6.452679670320638,1446510.0
2677,EST,1996,13547.660907137322,0.050438927176420734,4.8,6.336471686179032,1423630.0
2678,EST,1997,15074.7754666063,0.1068089424370573,6.0,6.508023702721733,1404460.0
2679,EST,1998,15593.0050531936,0.03379957158926139,5.4,6.5738198220128945,1391570.0
2680,EST,1999,15335.106288821029,-0.016677691002334072,6.4,6.398262100449925,1377680.0
2681,EST,2000,16806.974619718145,0.09164922752299098,7.1,6.4752786216271225,1399760.0
2682,EST,2001,17696.610116415002,0.05157914619966242,5.9,6.612444179365865,1391170.0
2683,EST,2002,18589.149478156778,0.0492049467171789,6.2,6.238715173765425,1381980.0
2684,EST,2003,19771.742979817005,0.061675747051916474,5.8,6.3959291548825625,1373690.0
2685,EST,2004,20803.75759258693,0.05087982772095856,5.9,6.5543606631649745,1364800.0
2686,EST,2005,22518.54124166039,0.07920540116706931,6.2,6.429074108542713,1357410.0
2687,EST,2006,24578.81620039129,0.08754591683921475,6.6,6.289901082457623,1349220.0
2688,EST,2007,26177.871675225328,0.06302951946172364,6.7,6.527080339681191,1341420.0
2689,EST,2008,24429.022210386796,-0.06914260101529912,7.2,6.635027498312167,1336930.0
2690,EST,2009,20538.04809037838,-0.1734926900287821,6.0,6.537705576094927,1334230.0
2691,EST,2010,20713.425563726647,0.008502897688268618,4.7,6.584791392385716,1331840.0
2692,EST,2011,21997.0,0.060124012430240015,6.9,6.494661143709481,1328240.0
2693,EST,2012,22784.30001021475,0.035165622302448796,5.6,6.722268718845026,1323740.0
2694,EST,2013,23204.110748860647,0.018257747701277083,6.7,6.363545211196563,1318750.0
2695,EST,2014,23982.82757600065,0.033008606149056874,7.0,6.4253551293998505,1314350.0
2696,EST,2015,24473.65989948074,0.020259376489503822,7.4,6.355412975013213,1311860.0
2697,EST,2016,25196.153773217105,0.029093921755718455,6.6,6.497378126512952,1314450.0
2698,EST,2017,26661.62675119852,0.05653397649197345,6.3,6.634239062003256,1314150.0
2699,EST,2018,27596.41037351653,0.03446037402058266,7.0,6.255366090894359,1317680.0
2700,EST,2019,28505.604119981013,0.03241499839898232,7.3,6.532479842037031,1323360.0
2701,EST,2020,28261.582572042505,-0.008597327618581119,8.2,6.500238066747841,1327430.0
2702,EST,2021,30499.15705657188,0.07619566962744884,6.4,6.488900933754956,1328610.0
2703,EST,2022,30067.39540974229,-0.014257670060677796,7.0,6.3578422665081,1330340.0
2704,ETH,1961,722.0,0.029517251858235838,22.1,6.965646757397915,25104991.61704906
2705,ETH,1962,736.0,0.01920497983605074,22.2,6.670639570101044,25604349.189336535
2706,ETH,1963,818.0,0.10563221787387,22.5,6.852031130209776,26120727.949531015
2707,ETH,1964,840.0,0.0265395552346126,22.0,6.865056524449022,26653618.904524636
2708,ETH,1965,872.0,0.03738753207162038,22.4,6.664026294058819,27203637.047866113
2709,ETH,1966,888.0,0.018182319083190457,22.5,6.795258247754991,27771342.940445334
2710,ETH,1967,907.0,0.021170707122966093,22.0,7.0315645647084235,28343769.194998544
2711,ETH,1968,902.0,-0.0055279300525121755,22.0,6.84609261859003,28943210.282625206
2712,ETH,1969,917.0,0.016492952193840615,22.6,6.702328848473085,29574495.43061693
2713,ETH,1970,948.0,0.033247029998556776,22.6,6.7459419828195335,30204361.509643793
2714,ETH,1971,968.0,0.020877585021555234,22.2,6.758675055967984,30852811.089381512
2715,ETH,1972,995.0,0.027510649882016125,22.6,6.787732236382407,31542827.166315608
2716,ETH,1973,1004.0,0.009004563093081508,23.0,6.663898686070386,32264255.66217997
2717,ETH,1974,993.0,-0.011016636206501396,22.4,6.70857236511277,33022361.26553671
2718,ETH,1975,972.0,-0.02137485958473384,22.4,6.81783057145415,33802590.402345076
2719,ETH,1976,974.0,0.002055499182096021,22.7,6.8493843656558075,34659311.7491709
2720,ETH,1977,977.0,0.0030753484002472575,22.7,6.9111495120501525,35458046.08005814
2721,ETH,1978,952.0,-0.025921617251417395,22.8,6.67089305552699,36053801.026228294
2722,ETH,1979,999.0,0.048189743857188994,22.9,6.679096546979817,36499554.844050094
2723,ETH,1980,1033.0,0.033467690471084666,23.2,6.558765017801951,36866378.44171494
2724,ETH,1981,1009.0,-0.02350744876603006,22.5,6.7039240387003005,38541539.69687756
2725,ETH,1982,980.0,-0.029162448688991205,22.7,6.882232321751051,40289702.78718106
2726,ETH,1983,999.0,0.0192022069839366,22.8,6.775023566528179,41502418.497444525
2727,ETH,1984,956.0,-0.04399686559715299,22.7,6.48768401848461,42507413.451920524
2728,ETH,1985,880.0,-0.08283600557914905,22.6,6.729585093310658,43134174.004518226
2729,ETH,1986,920.0,0.0444517625708345,22.8,6.590163676124212,43916858.34072676
2730,ETH,1987,980.0,0.06317890162153095,23.0,6.6555690422151965,45099104.1765205
2731,ETH,1988,969.0,-0.011287959773850886,22.8,6.722870439785018,46482374.596108645
2732,ETH,1989,956.0,-0.013506698839365505,22.3,6.761109698640652,47870384.47684932
2733,ETH,1990,915.0,-0.04383384777587995,22.9,6.662238298691035,49214120.551836826
2734,ETH,1991,810.7901023841508,-0.12091485799449497,22.9,6.638044091851593,51120280.0
2735,ETH,1992,708.3693502681477,-0.13504356844592014,22.6,6.676075396645641,52875460.0
2736,ETH,1993,699.227263435479,-0.012989822926330774,22.7,6.7804899279362605,54165910.0
2737,ETH,1994,731.7509294010663,0.045464379769780905,22.7,6.728748223156012,55636210.0
2738,ETH,1995,744.1417588870834,0.016791357143383756,22.9,6.619673126509016,57288950.0
2739,ETH,1996,782.9941471639609,0.05089366825454178,23.0,6.799613120362434,58915210.0
2740,ETH,1997,815.1454566534962,0.040241350661184505,22.9,6.811684810231403,60449430.0
2741,ETH,1998,786.2790024837228,-0.03605487730161361,23.2,6.784909448983291,61980650.0
2742,ETH,1999,761.9032748433058,-0.03149208270762305,22.7,6.648855007955808,63575380.0
2743,ETH,2000,771.7314860703663,0.012817061823314546,23.0,6.767688290085019,65213050.0
2744,ETH,2001,783.8963906541608,0.015640183287596088,23.1,6.71901315438526,66889110.0
2745,ETH,2002,793.9148975989551,0.012699416798112928,23.5,6.612309815912522,68649400.0
2746,ETH,2003,764.5282753360359,-0.03771726355524052,23.3,6.666575040181776,70490580.0
2747,ETH,2004,771.4651960833974,0.0090325486922751,23.3,6.741818751437505,72388730.0
2748,ETH,2005,829.2431992891461,0.0722219179809338,23.3,6.769182629118197,74326540.0
2749,ETH,2006,880.6544436234008,0.06015184025515463,23.3,6.79592946379988,76326330.0
2750,ETH,2007,936.3743524245542,0.0613500286801969,23.1,6.765269630685382,78410720.0
2751,ETH,2008,989.9803876030172,0.05566978673962897,23.0,6.7655002314012656,80563720.0
2752,ETH,2009,1043.531853284843,0.052681119049657,23.7,6.673550780308503,82787150.0
2753,ETH,2010,1106.383085139077,0.05848524055683857,23.4,6.774452431667717,85095870.0
2754,ETH,2011,1199.0,0.08039166299061673,23.2,6.766767585681159,87530130.0
2755,ETH,2012,1291.776901119979,0.07453083725289833,23.2,6.805390272304109,90066040.0
2756,ETH,2013,1385.1579124559821,0.06979543605537764,23.5,6.83238497195736,92632260.0
2757,ETH,2014,1488.9333469822898,0.07224583973467347,23.3,6.840974245291786,95337070.0
2758,ETH,2015,1601.2637835740684,0.07273319311221726,23.7,6.755652500772179,98114470.0
2759,ETH,2016,1722.3091963076836,0.07287276419518207,23.7,6.84609261859003,100858150.0
2760,ETH,2017,1840.3696721833746,0.06630051384101154,23.4,6.843323418822748,103653990.0
2761,ETH,2018,1936.8275667246005,0.051084899432866315,23.1,6.818377467830921,106465630.0
2762,ETH,2019,2030.6775319000071,0.04731813725541478,23.2,6.921460926038249,109266630.0
2763,ETH,2020,2121.8590445605028,0.04392311531142923,23.1,6.8593000587127335,112099900.0
2764,ETH,2021,2190.675179037729,0.03191718500746532,23.2,6.835936991191665,114964460.0
2765,ETH,2022,2289.40903790425,0.044083924967948995,23.3,6.8414017784321155,117924420.0
2766,FIN,1961,10613.0,0.06641848685846341,2.9,6.443654195389016,4461004.0
2767,FIN,1962,10869.0,0.02383503580136548,0.9,6.412474866551609,4491443.0
2768,FIN,1963,11148.0,0.025345409038651567,1.2,6.213006817055218,4523309.0
2769,FIN,1964,11647.0,0.043788526500812,1.8,6.206575926724928,4548544.0
2770,FIN,1965,12226.0,0.0485161954860196,0.9,6.3218468490917905,4563732.0
2771,FIN,1966,12471.0,0.019841117332076053,-0.3,6.366470447731438,4580869.0
2772,FIN,1967,12667.0,0.015594237562885027,2.0,6.416241966248519,4605744.0
2773,FIN,1968,12900.0,0.018227124866131206,0.5,6.306275286948016,4626469.0
2774,FIN,1969,14151.0,0.09255798160260831,0.5,6.131443857161423,4623785.0
2775,FIN,1970,15266.0,0.07584284040604494,1.1,6.297661653557477,4606307.0
2776,FIN,1971,15565.0,0.01939667051729188,0.9,6.24280675278087,4612124.0
2777,FIN,1972,16654.0,0.06762562392005655,2.7,6.255366090894359,4639657.0
2778,FIN,1973,17669.0,0.05916126382088471,1.6,6.252481750850273,4666081.0
2779,FIN,1974,18109.0,0.024597360624692755,3.2,6.5392968965030684,4690574.0
2780,FIN,1975,18237.0,0.0070434451754906036,3.0,6.245525201056913,4711439.0
2781,FIN,1976,18104.0,-0.007319589103460089,0.4,6.081076705797669,4725664.0
2782,FIN,1977,18100.0,-0.0002209700594555386,1.1,6.406714955950943,4738902.0
2783,FIN,1978,18425.0,0.017796499803619525,0.1,6.137078895912954,4752528.0
2784,FIN,1979,19657.0,0.0647250709002627,1.3,6.370927852677146,4764690.0
2785,FIN,1980,20640.0,0.04879743163770023,0.8,6.263398262591624,4779535.0
2786,FIN,1981,20935.0,0.014191458857744976,0.9,6.57702651698799,4799964.0
2787,FIN,1982,21495.0,0.02639795047713811,1.8,6.305545093414294,4826933.0
2788,FIN,1983,21944.0,0.0206734036870575,2.0,6.452364362104247,4855787.0
2789,FIN,1984,22486.0,0.024399139692265592,2.3,6.3818160174060985,4881788.0
2790,FIN,1985,23148.0,0.02901549038402429,-0.6,6.332035515298156,4901783.0
2791,FIN,1986,23621.0,0.02022776316397845,1.1,6.376726947898627,4917386.0
2792,FIN,1987,24519.0,0.03731218032653061,-0.2,6.355065451117447,4931729.0
2793,FIN,1988,25644.0,0.04486129892290869,1.8,6.40968133914131,4946633.0
2794,FIN,1989,27012.0,0.05197158558758552,3.6,6.361820478102579,4962441.0
2795,FIN,1990,26884.0,-0.004749897604876097,2.9,6.308462673893816,4986431.0
2796,FIN,1991,25174.89903403125,-0.06568388607593256,2.3,6.396929655216146,5013730.0
2797,FIN,1992,24219.760625310748,-0.03867857330371116,2.7,6.46412090475647,5042030.0
2798,FIN,1993,23943.74494354966,-0.01146173644166204,1.7,6.290086559598097,5066430.0
2799,FIN,1994,24797.65941273949,0.035042151912021424,1.7,6.293788896296633,5088330.0
2800,FIN,1995,25761.624219563422,0.038136681051708976,2.3,6.33930054237951,5107830.0
2801,FIN,1996,26637.265654373976,0.03342524855255924,1.5,6.30645775205207,5124630.0
2802,FIN,1997,28239.874533728987,0.05842376995584608,2.2,6.251132873104564,5139830.0
2803,FIN,1998,29715.34143018029,0.05092848915661641,1.3,6.549364578259901,5153530.0
2804,FIN,1999,30986.88831647531,0.04190069856515777,2.3,6.338947372677799,5165530.0
2805,FIN,2000,32689.768891566222,0.053497993532616306,3.4,6.47327322180348,5176230.0
2806,FIN,2001,33481.67865983225,0.02393623253397159,2.0,6.3768970014659105,5188030.0
2807,FIN,2002,33986.554080491376,0.014966594630228869,2.2,6.215008018443519,5200630.0
2808,FIN,2003,34607.219326032944,0.01809733316335027,2.3,6.288787496596443,5213030.0
2809,FIN,2004,35888.61319340034,0.036357752598801696,2.4,6.487075005067492,5228230.0
2810,FIN,2005,36787.25740946176,0.02473145522442799,3.1,6.432296799053438,5246130.0
2811,FIN,2006,38160.70259066114,0.036654738951828136,2.9,6.236956502085953,5266330.0
2812,FIN,2007,39998.52538605329,0.04703632997017593,3.0,6.461468176353717,5288730.0
2813,FIN,2008,40129.653338281205,0.0032729576878391953,3.2,6.543480097698835,5313430.0
2814,FIN,2009,36662.61331080379,-0.09035802082891209,2.4,6.310826956162734,5338930.0
2815,FIN,2010,37615.11338414859,0.02564839639632943,1.0,6.341240749355558,5363430.0
2816,FIN,2011,38432.0,0.02148452455659111,3.4,6.455041318273362,5388330.0
2817,FIN,2012,37715.01099099154,-0.018832261169734466,1.8,6.582163633457136,5414030.0
2818,FIN,2013,37203.14501381203,-0.013664883640283065,3.3,6.295634937064565,5439030.0
2819,FIN,2014,36907.92240943773,-0.007967073642943134,3.5,6.315177153343887,5462530.0
2820,FIN,2015,36986.69846443775,0.0021321196025088085,3.7,6.4548840484767025,5480530.0
2821,FIN,2016,37924.151065413025,0.025029793373008147,3.1,6.466455717864757,5495330.0
2822,FIN,2017,39043.19293181558,0.029080403943765987,2.6,6.4355091371836215,5508230.0
2823,FIN,2018,39430.90682442678,0.009881401598153872,3.3,6.1909299710676144,5516230.0
2824,FIN,2019,39874.802181849154,0.011194654173893426,2.9,6.468164456144597,5521630.0
2825,FIN,2020,38871.701847820725,-0.025478073163094805,4.4,6.469095266016332,5530730.0
2826,FIN,2021,39977.85488818355,0.028059146037223925,2.5,6.439350371100098,5541530.0
2827,FIN,2022,40701.466002620546,0.017938438510190835,3.4,6.3690444517266105,5556430.0
2828,FRA,1961,12302.0,0.04234051533919647,11.4,6.677461223639086,47128000.0
2829,FRA,1962,12859.0,0.04428210450212511,9.9,6.647818066838915,48089000.0
2830,FRA,1963,13330.0,0.03597317890231544,9.5,6.798944373123957,48799000.0
2831,FRA,1964,14057.0,0.053103358159011904,10.6,6.606379879398354,49357000.0
2832,FRA,1965,14609.0,0.0385172848007489,10.0,6.909553660923517,49802000.0
2833,FRA,1966,15213.0,0.04051254833061435,10.9,6.875128776155043,50254000.0
2834,FRA,1967,15792.0,0.037353157210134214,10.8,6.61472560020376,50650000.0
2835,FRA,1968,16365.0,0.035641425262017634,10.4,6.826436757804549,51034000.0
2836,FRA,1969,17352.0,0.05856286557142987,10.3,6.744530217879171,51470000.0
2837,FRA,1970,18187.0,0.04699927962030692,10.4,6.718409107251218,51918000.0
2838,FRA,1971,18881.0,0.03744907227151373,10.5,6.66721121298776,52432000.0
2839,FRA,1972,19549.0,0.03476800881158759,10.2,6.764115828780526,52894000.0
2840,FRA,1973,20441.0,0.04461855358985822,10.5,6.576748081791982,53333000.0
2841,FRA,1974,20902.0,0.022302160354470857,10.8,6.8074928570437425,53690000.0
2842,FRA,1975,20653.0,-0.01198426086679838,10.7,6.7151409327027505,53955000.0
2843,FRA,1976,21465.0,0.03856311437101034,11.0,6.633713092234391,54159000.0
2844,FRA,1977,22177.0,0.03263201410936922,10.7,6.909354000345834,54378000.0
2845,FRA,1978,22698.0,0.02322109909305503,10.2,6.719616836866618,54602000.0
2846,FRA,1979,23326.0,0.027291803389910996,10.4,6.899622295751948,54836000.0
2847,FRA,1980,23537.0,0.00900503279096121,10.0,6.743941393743922,55110000.0
2848,FRA,1981,23655.0,0.0050008580232923094,10.7,6.865995344733905,55399000.0
2849,FRA,1982,24120.0,0.019466862775873395,11.4,6.830226076472899,55697000.0
2850,FRA,1983,24300.0,0.00743497848751673,11.2,6.704046640306535,55929000.0
2851,FRA,1984,24519.0,0.008971976855599806,10.5,6.829253050827179,56246000.0
2852,FRA,1985,24755.0,0.009579161611284803,10.2,6.5766088351162715,56490000.0
2853,FRA,1986,25238.0,0.019323306417332375,10.4,6.782758788807452,56725000.0
2854,FRA,1987,25756.0,0.020316814445218156,10.3,6.795705775173514,56989000.0
2855,FRA,1988,26763.0,0.038352726923818636,11.3,6.801839053390588,57255000.0
2856,FRA,1989,27576.0,0.029925492614808036,11.8,6.514564531749361,57821000.0
2857,FRA,1990,28129.0,0.019855243419620194,11.8,6.6542813778600935,58168000.0
2858,FRA,1991,28294.26379228097,0.005858018617772132,10.8,6.581886625145115,58459560.0
2859,FRA,1992,28619.804052963773,0.01143983634570489,11.3,6.771133401439172,58750120.0
2860,FRA,1993,28336.160318360813,-0.009960188810596904,10.9,6.795370148387346,59005730.0
2861,FRA,1994,28907.977358135435,0.01997885139465616,12.1,6.875128776155043,59225400.0
2862,FRA,1995,29418.864086617075,0.017518514002025753,11.6,6.786152457222888,59440080.0
2863,FRA,1996,29736.64477865526,0.010744012012201765,10.5,6.763769428453755,59651760.0
2864,FRA,1997,30341.805869105512,0.020146377017912442,11.8,6.6904695371520875,59864430.0
2865,FRA,1998,31323.077638975665,0.0318286374162291,11.4,6.712713157778802,60085100.0
2866,FRA,1999,32284.611622135646,0.030235565706963285,11.8,6.9023406462806385,60395630.0
2867,FRA,2000,33409.68148293087,0.03425502640133793,12.0,6.877914436971116,60811000.0
2868,FRA,2001,33920.097406561574,0.015161959836895278,11.5,6.798052013890174,61255330.0
2869,FRA,2002,34152.77445600494,0.006836143362688674,11.9,6.871195023670334,61702650.0
2870,FRA,2003,34292.030131448904,0.004069143550985643,11.9,6.604214790595898,62140990.0
2871,FRA,2004,35093.824134976705,0.023112194931277585,11.4,6.667719859997709,62600290.0
2872,FRA,2005,35495.46472917733,0.011379769792199568,11.4,6.532334292222349,63072580.0
2873,FRA,2006,36166.15968100972,0.018718931965116425,12.0,6.711375364937142,63512910.0
2874,FRA,2007,36845.68508689428,0.018614651623311218,11.8,6.723592027308811,63906320.0
2875,FRA,2008,36761.792064608555,-0.0022794711042379845,11.5,6.842896706633641,64263780.0
2876,FRA,2009,35534.92715160096,-0.033942970466275924,11.8,6.709182381602132,64594280.0
2877,FRA,2010,36086.726618151486,0.015409037788540303,10.7,6.74770389083391,64912800.0
2878,FRA,2011,36691.0,0.016606379359815904,12.3,6.600414568867172,65231310.0
2879,FRA,2012,36625.926898328944,-0.0017751185575090034,11.6,6.778557340510455,65551830.0
2880,FRA,2013,36647.2178013021,0.0005811379778943859,11.2,6.847580555946067,65891320.00000001
2881,FRA,2014,36818.53947084249,0.004663995484778027,12.6,6.847155656853207,66211830.0
2882,FRA,2015,37077.88969561081,0.007019318593867396,12.3,6.5869988988009265,66480420.0
2883,FRA,2016,37343.840237178665,0.007147151078296332,11.9,6.700485076824218,66730050.0
2884,FRA,2017,38037.33518797257,0.01840020437492207,12.1,6.609753474123501,67014619.99999999
2885,FRA,2018,38555.46543208852,0.013529682780687224,12.7,6.779921907472252,67347110.0
2886,FRA,2019,39084.65542048323,0.013632080364263999,12.5,6.744412480785964,67659640.0
2887,FRA,2020,35913.81936941929,-0.08460778339997255,12.8,6.72202792905335,67901270.0
2888,FRA,2021,38242.13474775759,0.0628157495427697,11.7,6.719737529643301,68113950.0
2889,FRA,2022,39065.70958246763,0.021307177813701728,13.2,6.493753839851686,68386540.0
2890,GAB,1961,4415.0,0.10322362841391985,24.9,7.674245853766291,450485.0
2891,GAB,1962,4497.0,0.01840267373264659,25.0,7.656100620006844,455661.0
2892,GAB,1963,4599.0,0.022428380769216716,25.3,7.633030773293604,461357.0
2893,GAB,1964,4616.0,0.0036896406480106947,25.0,7.506591780070841,467592.0
2894,GAB,1965,4626.0,0.002164034603449494,24.9,7.479130227612171,474386.0
2895,GAB,1966,4761.0,0.028765166403134756,25.3,7.598800251450212,481519.0
2896,GAB,1967,4882.0,0.025097241758386346,25.0,7.528009134021757,489004.0
2897,GAB,1968,4927.0,0.009175311591057778,25.0,7.535403477309386,496853.0
2898,GAB,1969,5252.0,0.06387867287872417,25.2,7.530640926501416,503763.0
2899,GAB,1970,5587.0,0.06183351403646142,25.2,7.672990535936337,514578.99999999994
2900,GAB,1971,6027.0,0.07580690402389578,24.6,7.491366572473775,525930.0
2901,GAB,1972,6559.0,0.08458877781069063,24.6,7.46754248079679,538009.0
2902,GAB,1973,6935.0,0.055742901455197114,24.8,7.5477653611289535,560658.0
2903,GAB,1974,9083.0,0.26982348075328133,24.3,7.506811536142487,597135.0
2904,GAB,1975,9985.0,0.09467943234770182,24.4,7.578298913332229,647436.0
2905,GAB,1976,12747.0,0.24421198293300606,24.1,7.61288043630149,687762.0
2906,GAB,1977,10849.0,-0.16122303996047194,24.6,7.600102139371313,706489.0
2907,GAB,1978,8013.0,-0.30300768704437964,24.6,7.383119514469969,726421.0
2908,GAB,1979,8091.0,0.009687110029769741,25.0,7.504556743755398,722911.0
2909,GAB,1980,8402.0,0.03771743992148657,24.9,7.5466046561342335,713827.0
2910,GAB,1981,8625.0,0.02619519017023464,24.9,7.510594746510549,730836.0
2911,GAB,1982,8099.0,-0.0629243656505718,24.7,7.4960418189259075,754241.0
2912,GAB,1983,8281.0,0.022223136784710107,25.0,7.233166568243925,779018.0
2913,GAB,1984,8612.0,0.039192845450553904,25.1,7.602201615273702,805260.0
2914,GAB,1985,8131.0,-0.057472662276415676,24.8,7.619086129975711,833036.0
2915,GAB,1986,7818.0,-0.039255149854938054,24.8,7.4999765409521215,859448.0
2916,GAB,1987,6320.0,-0.21270955921199608,25.3,7.4821189235521155,880916.0
2917,GAB,1988,6982.0,0.09961620052407838,25.1,7.6676260915849905,899743.0
2918,GAB,1989,7422.0,0.06111315395556005,25.0,7.572348652124021,918835.0
2919,GAB,1990,7646.0,0.029734072635816844,25.1,7.600152178151379,938084.0
2920,GAB,1991,8296.57394557838,0.08166001667103018,25.0,7.500474204707589,961200.0
2921,GAB,1992,8194.49945140058,-0.012379521370780466,24.7,7.438265876064526,969700.0
2922,GAB,1993,8551.058722616317,0.04259197191482755,24.8,7.477151652105907,1015630.0
2923,GAB,1994,9192.562985022798,0.07233968346434061,24.8,7.5839088831655115,1031900.0000000001
2924,GAB,1995,9833.989038864813,0.06744986841933986,25.1,7.536683887215431,1041380.0000000001
2925,GAB,1996,10389.209794751403,0.054923093442736715,24.8,7.528439287808367,1060980.0
2926,GAB,1997,11202.838782070135,0.07539946105392659,24.9,7.515507956525134,1085800.0
2927,GAB,1998,11758.160121036553,0.04838026906809212,25.6,7.5676558657484465,1110900.0
2928,GAB,1999,10648.08948927691,-0.09916699255295747,25.0,7.625838944832114,1142990.0
2929,GAB,2000,10637.7997208308,-0.000966816010931737,25.0,7.585890339421579,1178630.0
2930,GAB,2001,11104.553042695374,0.04294153886858254,25.1,7.468798618908745,1207440.0
2931,GAB,2002,11141.462673616905,0.0033183168851955713,25.3,7.610902294120415,1233760.0
2932,GAB,2003,11665.83226434033,0.045990724936588734,25.3,7.526178913346146,1261560.0
2933,GAB,2004,12022.507183126563,0.030116241578907577,25.3,7.450312100909581,1297370.0
2934,GAB,2005,12437.959684036836,0.03397256967915396,25.3,7.4109518755836366,1339630.0
2935,GAB,2006,12342.77933006674,-0.00768183886444973,25.3,7.487733761436444,1384120.0
2936,GAB,2007,13455.612483816918,0.08632508159298347,25.3,7.71539118602678,1433970.0
2937,GAB,2008,13330.254768915609,-0.009360057596047966,25.1,7.592668654614979,1486930.0
2938,GAB,2009,13617.896101733826,0.02134857109635746,25.2,7.577787352036031,1542220.0
2939,GAB,2010,14926.69964035508,0.09176671399461434,25.5,7.486669365380657,1600180.0
2940,GAB,2011,16403.0,0.09431271338461755,25.1,7.56164174558878,1656150.0
2941,GAB,2012,16682.30789929275,0.01688450569588973,25.2,7.629246932551225,1713930.0
2942,GAB,2013,16964.44609774818,0.01677099737155885,25.2,7.582738488914411,1778410.0
2943,GAB,2014,17098.142681877256,0.00785009451687202,25.2,7.527847778636171,1842760.0
2944,GAB,2015,17179.999279600695,0.004776032108999573,25.4,7.371363501139013,1905120.0
2945,GAB,2016,16995.237847239205,-0.010812696443235126,25.6,7.521696901361107,1966100.0
2946,GAB,2017,16576.176036350756,-0.02496669220615999,25.3,7.55841240792113,2025340.0
2947,GAB,2018,16253.897340665051,-0.0196337696060489,25.5,7.485435489733369,2082909.9999999998
2948,GAB,2019,16449.71435497889,0.011975396253419035,25.4,7.652308247601982,2138690.0
2949,GAB,2020,15745.748639609883,-0.04373771143084326,25.7,7.50999258418224,2192660.0
2950,GAB,2021,15597.771065444127,-0.009442377563937399,25.7,7.492983117322588,2246310.0
2951,GAB,2022,15720.901058150084,0.007863080952256851,25.5,7.4673710669175595,2292190.0
2952,GBR,1961,14118.0,0.024232313387768656,8.8,7.05617528410041,52807000.0
2953,GBR,1962,14131.0,0.0009203866273281847,7.8,6.98988810852066,53292000.0
2954,GBR,1963,14583.0,0.031485501130818605,7.7,6.961296045910167,53625000.0
2955,GBR,1964,15251.0,0.04478860794261941,8.5,6.9013347111792145,53991000.0
2956,GBR,1965,15545.0,0.01909396883666936,7.9,7.089076335442508,54350000.0
2957,GBR,1966,15757.0,0.013545667469191613,8.4,7.135209525883432,54643000.0
2958,GBR,1967,16018.0,0.01642837892158333,8.6,7.147952584862174,54959000.0
2959,GBR,1968,16593.0,0.03526782977916021,8.4,7.037291200331171,55214000.0
2960,GBR,1969,16820.0,0.013587734864151102,8.3,6.978400118551469,55461000.0
2961,GBR,1970,17162.0,0.020128982840127208,8.5,7.078931624671093,55632000.0
2962,GBR,1971,17440.0,0.016068781095903262,9.0,6.9071550989101045,55907000.0
2963,GBR,1972,18002.0,0.03171644435406051,8.3,6.935759475391735,56079000.0
2964,GBR,1973,19168.0,0.06275935909814478,8.6,6.9191896566078,56210000.0
2965,GBR,1974,18903.0,-0.013921582305009395,8.6,7.108735017594625,56224000.0
2966,GBR,1975,18884.0,-0.001005636943988364,9.0,6.892844666246383,56215000.0
2967,GBR,1976,19311.0,0.02235987905454806,8.9,6.956640676711948,56206000.0
2968,GBR,1977,19740.0,0.021972152266746647,8.5,7.057983992228828,56179000.0
2969,GBR,1978,20448.0,0.035238044189789264,8.4,7.025627199577026,56167000.0
2970,GBR,1979,20988.0,0.02606576762934054,7.8,7.121656248929415,56228000.0
2971,GBR,1980,20612.0,-0.01807741535848706,8.5,7.123027935915777,56314000.0
2972,GBR,1981,20319.0,-0.01431702156510184,8.3,7.123269803131856,56382597.0
2973,GBR,1982,20650.0,0.01615891050616547,8.8,7.158358343192497,56339704.0
2974,GBR,1983,21366.0,0.03408555411665404,8.9,7.042635761175955,56382623.0
2975,GBR,1984,21869.0,0.02326923538249126,8.7,7.073693356525568,56462228.0
2976,GBR,1985,22579.0,0.03195016185500421,8.0,7.085231784112892,56620240.0
2977,GBR,1986,23498.0,0.039895040384189784,7.8,7.138787631716584,56796260.0
2978,GBR,1987,24536.0,0.04322611566657031,8.2,7.042111331481216,56981620.0
2979,GBR,1988,25679.0,0.04553211044162708,8.9,7.132098110871829,57159603.0
2980,GBR,1989,26164.0,0.018710882845388355,9.4,7.020011961327804,57324472.0
2981,GBR,1990,26189.0,0.000955055179273856,9.5,7.185008155943379,57493307.0
2982,GBR,1991,25792.012779108438,-0.015274613486232269,8.7,6.9957661563048505,57695200.0
2983,GBR,1992,25790.184687995672,-7.088069928329332e-05,8.9,7.165879799191592,57841850.0
2984,GBR,1993,26349.341965887485,0.021449320751225187,8.5,7.120606040810914,57971430.0
2985,GBR,1994,27277.542761025838,0.03462045233188249,9.0,7.179231747086985,58120090.0
2986,GBR,1995,27861.21578257752,0.02117185222502016,9.4,7.050729447933244,58283820.0
2987,GBR,1996,28472.248239067303,0.021694260477492122,8.4,6.9328380593496,58423440.0
2988,GBR,1997,29259.763819527383,0.027283456894569014,9.6,7.026870759872299,58574110.0
2989,GBR,1998,30077.38451998016,0.027560220729753837,9.3,7.223149790000454,58735820.0
2990,GBR,1999,30932.53623756816,0.028035038107308452,9.5,7.188941297690216,58945760.0
2991,GBR,2000,31946.036339441373,0.032239532284261685,9.2,7.243512974665482,59148660.0
2992,GBR,2001,32660.441370022447,0.022116486641960975,9.0,7.008143453013405,59376670.0
2993,GBR,2002,33271.302547788306,0.01853063854801995,9.6,7.24608293610281,59630800.0
2994,GBR,2003,34232.42666000616,0.028478102729387444,9.6,6.868702551718436,59903010.0
2995,GBR,2004,34865.78267808615,0.0183325664267322,9.5,7.105047546705913,60217400.0
2996,GBR,2005,35623.6255859275,0.021503148560107377,9.5,7.036412311190399,60682470.0
2997,GBR,2006,36214.06879467632,0.016438626266944922,9.7,7.078594498667058,61098320.0
2998,GBR,2007,36816.677075128326,0.016503239841178186,9.7,7.0964730032813295,61592510.0
2999,GBR,2008,36264.790557788256,-0.015103610436266734,9.2,7.192031558299085,62099760.0
3000,GBR,2009,34402.357978781125,-0.05272220554731177,9.3,7.177095157186053,62538710.0
3001,GBR,2010,34754.472260543975,0.01018315395006475,8.2,6.974104659523671,63039940.0
3002,GBR,2011,34971.0,0.006210884730750266,9.5,7.085064293952548,63567280.0
3003,GBR,2012,35243.64214254814,0.00776600163438701,9.0,7.227081356768379,63989150.0
3004,GBR,2013,35660.55716703867,0.011760088498952825,8.9,7.056692391756508,64391940.0
3005,GBR,2014,36521.86116460704,0.023865780575341944,9.9,7.24358445173924,64885130.0
3006,GBR,2015,37101.22493847404,0.015738968963388444,9.2,7.183718958479719,65400420.0
3007,GBR,2016,37593.90658353903,0.013191992036572842,9.4,7.086988739176858,65940820.00000001
3008,GBR,2017,38283.93671698943,0.0181884230293754,9.6,7.0967213784947605,66334570.00000001
3009,GBR,2018,38704.602674613714,0.010928123780605148,9.5,7.042985228242241,66732330.0
3010,GBR,2019,39113.01173266413,0.010496667394162884,9.6,7.16703787691222,67094940.0
3011,GBR,2020,34651.183049111096,-0.12112332463404307,9.7,7.214651570357722,67380210.0
3012,GBR,2021,37134.328380219384,0.06920996717627936,9.4,7.065869522075829,67651420.0
3013,GBR,2022,38406.531948777076,0.03368571289974298,10.1,7.07021420667984,68093380.0
3014,GEO,1980,10519.0,0.10653368509339423,7.3,7.0486470176796185,5045697.0
3015,GEO,1981,11053.0,0.0495187385716811,8.4,7.05987532704297,5073148.0
3016,GEO,1982,11611.0,0.049251040316050876,6.8,7.108489608783217,5101213.0
3017,GEO,1983,12234.0,0.05226603617550474,7.6,7.1113489710516316,5130925.0
3018,GEO,1984,13128.0,0.07052839296741631,7.3,6.906454433249089,5161724.0
3019,GEO,1985,13868.0,0.05483667403498593,6.8,6.979331477471359,5192957.0
3020,GEO,1986,13839.0,-0.00209333457898353,7.6,6.868702551718436,5218973.0
3021,GEO,1987,13707.0,-0.009584041994548542,6.7,7.152738596900803,5239970.0
3022,GEO,1988,14665.0,0.06755705118017019,7.0,7.235763222905484,5320248.0
3023,GEO,1989,14161.0,-0.034971995188492144,7.9,7.079184394609668,5398106.0
3024,GEO,1990,12140.0,-0.1539859216095696,7.8,6.981470316804418,5426207.0
3025,GEO,1991,9535.050580849726,-0.241531241836908,7.4,6.917705609835305,5425500.0
3026,GEO,1992,5286.924817015394,-0.5897377869911367,6.3,7.2492861277942096,5366290.0
3027,GEO,1993,3792.6176781327476,-0.33218029587269626,6.5,7.016519993773526,5263780.0
3028,GEO,1994,3463.476082884932,-0.09078372794962597,7.5,6.876574161498562,5141150.0
3029,GEO,1995,3610.8407582132795,0.04166790925949293,8.1,7.091742115095153,5036810.0
3030,GEO,1996,4030.884662956275,0.11004522897125568,7.7,6.97709475706075,4961310.0
3031,GEO,1997,4480.8978596311945,0.10583757023098528,7.3,7.073608643068784,4912170.0
3032,GEO,1998,4619.90479030964,0.030550655280491057,8.2,6.963189985870238,4878190.0
3033,GEO,1999,4763.350556595302,0.030577222344192023,8.5,6.982306010246433,4847710.0
3034,GEO,2000,4891.664053707681,0.026581223813124666,8.1,6.887960651653957,4814410.0
3035,GEO,2001,5125.127370325453,0.04662283458154981,8.5,7.065527962854679,4788880.0
3036,GEO,2002,5406.953326799791,0.05353040090493444,7.9,7.21081845347222,4770540.0
3037,GEO,2003,6013.009152625263,0.10623953582883594,7.5,7.047517221357296,4746330.0
3038,GEO,2004,6342.7081698624315,0.05338051917780007,8.1,7.2094881746565775,4738530.0
3039,GEO,2005,6849.7890467790885,0.0769120223356321,8.2,7.178164022763461,4785640.0
3040,GEO,2006,7398.052642396951,0.07699895343627006,8.1,7.080447286800249,4826380.0
3041,GEO,2007,8300.143880428972,0.11505604049819596,8.4,7.111430547100949,4820030.0
3042,GEO,2008,8461.91734250787,0.019302934526519877,8.0,6.947648842643813,4819390.0
3043,GEO,2009,8062.0837862263115,-0.04840372679469951,8.3,7.2213974531034495,4851460.0
3044,GEO,2010,8443.4360888918,0.04621728791856938,9.5,7.095893221097532,4898460.0
3045,GEO,2011,8946.0,0.057817159716520905,7.5,7.155942600735778,4933830.0
3046,GEO,2012,9497.121233192605,0.05978221958856267,8.4,6.950910549296065,4945750.0
3047,GEO,2013,9856.67887601039,0.03716055928520312,8.4,7.088742612762955,4937650.0
3048,GEO,2014,10307.60308643207,0.04473250277358787,8.7,7.010763029056366,4931380.0
3049,GEO,2015,10629.593978290002,0.030760209132877137,8.6,7.028290080610875,4926750.0
3050,GEO,2016,10945.465518138997,0.029283266772742067,8.3,7.212589410251484,4923610.0
3051,GEO,2017,11479.42531534166,0.04763106743553713,8.5,7.0068763698499446,4921950.0
3052,GEO,2018,12035.715188215598,0.047322165163260266,9.2,6.992280234051825,4921810.0
3053,GEO,2019,12631.663683427927,0.048328157262002236,8.9,6.876161407390958,4923240.0
3054,GEO,2020,11770.782278923916,-0.07058626956104064,8.9,6.947648842643813,4926160.0
3055,GEO,2021,12994.772421799053,0.09892677232558356,9.0,7.058156079649662,4929170.0
3056,GEO,2022,14360.35973277849,0.09992445914647696,8.9,6.979889876741336,4911340.0
3057,GHA,1961,2212.0,0.006804290257615975,26.8,7.01678904000626,7153508.0
3058,GHA,1962,2257.0,0.02013941417530951,26.9,7.279594659440641,7355248.0
3059,GHA,1963,2270.0,0.005743333657912686,27.2,7.407378388240134,7563839.0
3060,GHA,1964,2254.0,-0.0070734158757259635,26.9,7.093155425385689,7781813.0
3061,GHA,1965,2220.0,-0.015199219733396774,26.9,7.156878419255294,8009602.0
3062,GHA,1966,2158.0,-0.02832532904824525,27.3,7.11550088811625,8245481.0
3063,GHA,1967,2134.0,-0.01118371395638107,26.9,7.068682943088419,8490213.0
3064,GHA,1968,2101.0,-0.015584731016698328,27.2,7.453735668822503,8744302.0
3065,GHA,1969,2112.0,0.005221943981151611,27.5,7.121090889305261,9009048.0
3066,GHA,1970,2270.0,0.07214446564929577,27.4,7.01211529430638,8788945.0
3067,GHA,1971,2377.0,0.04605935688474627,26.7,7.140136035648829,9065186.0
3068,GHA,1972,2235.0,-0.0615979603125254,27.0,7.04141166379481,9353659.0
3069,GHA,1973,2227.0,-0.0035858397903014705,27.4,7.062619989543053,9649467.0
3070,GHA,1974,2319.0,0.04048066999816413,26.7,7.151015133881171,9904862.0
3071,GHA,1975,1988.0,-0.15400695003901177,26.5,7.081036091123942,10117862.0
3072,GHA,1976,1878.0,-0.056921727448311366,26.5,7.035532648923963,10332930.0
3073,GHA,1977,1882.0,0.002127660377116314,27.1,6.860768487757801,10538035.0
3074,GHA,1978,2008.0,0.06480416066629502,26.9,7.055053966003016,10720781.0
3075,GHA,1979,1929.0,-0.04013746790589057,27.2,7.249570360013846,10878796.0
3076,GHA,1980,1844.0,-0.04506460878918972,27.2,7.117854116775538,11016641.0
3077,GHA,1981,1820.0,-0.01310062404569834,27.5,7.038783541388542,11177979.0
3078,GHA,1982,1661.0,-0.09141667045754609,27.2,6.988320926821705,11402289.0
3079,GHA,1983,1487.0,-0.11065916315313995,27.7,6.733401891837359,12152304.0
3080,GHA,1984,1530.0,0.02850706792632618,27.6,7.106852009137794,12832613.0
3081,GHA,1985,1559.0,0.018776854671295418,27.5,7.104472716059824,13228425.0
3082,GHA,1986,1575.0,0.010210682201956978,27.3,7.0037016200293465,13781213.0
3083,GHA,1987,1605.0,0.018868484304382704,27.9,7.100439622811638,14174699.0
3084,GHA,1988,1648.0,0.026438674905301163,27.3,7.070639141883617,14576594.0
3085,GHA,1989,1685.0,0.022203132317044627,27.0,7.178240326605397,14987051.0
3086,GHA,1990,1693.0,0.004736539346673396,27.5,6.9307879780927095,15413800.0
3087,GHA,1991,1742.627555797661,0.028891960575673004,27.3,7.18924320727059,15833220.0
3088,GHA,1992,1771.6003862853463,0.016489247383418615,27.0,6.8494903708501615,16255800.0
3089,GHA,1993,1791.112655265993,0.010953710753013546,27.3,6.982769982787583,16751310.000000002
3090,GHA,1994,1813.6117444642,0.012483274101372288,27.1,7.0431599159883405,17230730.0
3091,GHA,1995,1856.5727820195764,0.023411901790879597,27.4,7.089159748713608,17625680.0
3092,GHA,1996,1907.9348395859256,0.027289223527159123,27.4,7.100109671476466,18019730.0
3093,GHA,1997,1964.9124281809677,0.02942625723441239,27.4,7.110451195027242,18432090.0
3094,GHA,1998,2017.989552947675,0.026654066467330928,27.9,6.952154866278821,18872790.0
3095,GHA,1999,2066.7412019192193,0.02387132319311913,27.4,7.1771715426270255,19327320.0
3096,GHA,2000,2100.293070545185,0.016103824217241325,27.5,7.006604643024306,19792180.0
3097,GHA,2001,2143.1062392256526,0.020179397868326454,27.6,6.968379900798572,20280240.0
3098,GHA,2002,2192.020266142103,0.02256732428286945,27.8,7.085817778855708,20805640.0
3099,GHA,2003,2256.8172967289725,0.02913193040243023,27.8,7.151328711807855,21349900.0
3100,GHA,2004,2329.515674312796,0.03170483592061579,27.7,7.0594457922225695,21899810.0
3101,GHA,2005,2411.287649073024,0.034500518170538896,28.0,7.041499149031733,22468540.0
3102,GHA,2006,2503.957697065865,0.03771165991271985,27.8,7.040448820707603,23057770.0
3103,GHA,2007,2553.1658623989833,0.019461544842430456,27.8,7.180678980458373,23660570.0
3104,GHA,2008,2725.7884260838214,0.06542361314557255,27.5,7.206451472697018,24270400.0
3105,GHA,2009,2793.8709448780382,0.024670352734093903,27.9,7.125604841835237,24899080.0
3106,GHA,2010,2946.039343235952,0.05303360307540217,28.1,7.190826738876234,25558590.0
3107,GHA,2011,3283.0,0.10829596576983835,27.9,7.086821543055419,26244370.0
3108,GHA,2012,3467.104258740002,0.054562099476308745,27.6,7.117043284005906,26945210.0
3109,GHA,2013,3621.6009278249753,0.04359643533582158,27.8,6.998326977166524,27663860.0
3110,GHA,2014,3627.8382692928258,0.0017207794526878928,27.9,7.139422401237224,28405020.0
3111,GHA,2015,3610.6459671994958,-0.004750258164621712,27.9,6.99365770798284,29145610.0
3112,GHA,2016,3640.7790248286738,0.00831098194052693,28.2,7.077160443842865,29879330.0
3113,GHA,2017,3841.8795606389676,0.053764039205017156,28.1,7.030149887195743,30617070.0
3114,GHA,2018,3983.1216335908125,0.03610412615301861,28.0,7.158669627241704,31362330.0
3115,GHA,2019,4143.3772788327215,0.039445381195266194,27.9,7.272953793861746,32111430.0
3116,GHA,2020,4069.2519024115472,-0.01805204831498486,28.1,7.100274660752538,32864430.0
3117,GHA,2021,4190.578296752464,0.029379567929908035,28.3,7.091492499917254,33622190.0
3118,GHA,2022,4242.41066928283,0.01229291902596863,27.7,7.107015889833015,34280480.0
3119,GIN,1961,703.0,0.04658775483898303,25.1,7.542478539404365,3072827.0
3120,GIN,1962,741.0,0.05264373348542151,25.2,7.6455411611604625,3126146.0
3121,GIN,1963,689.0,-0.07275935428242786,25.5,7.544437922560956,3180665.0
3122,GIN,1964,720.0,0.04400994099644251,25.2,7.5962416146598875,3236427.0
3123,GIN,1965,756.0,0.04879016416943216,25.0,7.546921345675569,3293441.0
3124,GIN,1966,759.0,0.003960401216096976,25.4,7.612336837167746,3351686.0
3125,GIN,1967,767.0,0.010485023971625651,25.0,7.574199076707533,3411147.0
3126,GIN,1968,776.0,0.011665718815963011,25.4,7.458474466409805,3471858.0
3127,GIN,1969,784.0,0.010256500167188598,25.9,7.627057417018934,3533907.0
3128,GIN,1970,795.0,0.01393309430392442,25.7,7.43307534889858,3597353.0
3129,GIN,1971,822.0,0.03339828040184756,25.3,7.458647411961211,3662129.0
3130,GIN,1972,826.0,0.0048543784647980814,25.5,7.398663868907769,3728194.0
3131,GIN,1973,821.0,-0.006071664068549865,25.8,7.4004372985118385,3795610.0
3132,GIN,1974,848.0,0.03235752633947531,25.1,7.4801462584062826,3864444.0
3133,GIN,1975,854.0,0.007050557996667095,24.9,7.486501199232107,3934764.0
3134,GIN,1976,905.0,0.058003749911355484,24.9,7.563356343468112,4006591.0
3135,GIN,1977,858.0,-0.053330844211963324,25.5,7.321849713788356,4079950.0
3136,GIN,1978,897.0,0.04445176257083361,25.4,7.5036754437809785,4154890.0000000005
3137,GIN,1979,869.0,-0.031712736793403806,25.6,7.41860090254813,4231470.0
3138,GIN,1980,872.0,0.0034462986435874754,26.0,7.345106575952623,4309756.0
3139,GIN,1981,859.0,-0.015020501924724705,25.7,7.480653886945906,4389818.0
3140,GIN,1982,858.0,-0.0011648224962925724,25.4,7.398419010924175,4471714.0
3141,GIN,1983,850.0,-0.009367750003599795,26.1,7.295870748755188,4555484.0
3142,GIN,1984,824.0,-0.03106581957489052,25.8,7.292337176173877,4760634.0
3143,GIN,1985,821.0,-0.003647420457044248,25.7,7.373185968257736,5015682.0
3144,GIN,1986,819.0,-0.0024390255993580467,25.3,7.362327961197329,5164494.0
3145,GIN,1987,826.0,0.008510689667907911,26.2,7.334916645172062,5279172.0
3146,GIN,1988,856.0,0.0356756026207643,25.7,7.400315093941235,5397044.0
3147,GIN,1989,869.0,0.015072749123650198,25.5,7.435083974847142,5518192.0
3148,GIN,1990,861.0,-0.009248620837661647,25.9,7.3401219402878075,5806512.0
3149,GIN,1991,827.006899123684,-0.040281467088553846,25.8,7.371237691237607,6215029.0
3150,GIN,1992,833.2267623324658,0.007492791469955407,25.6,7.4264895468161685,6435916.0
3151,GIN,1993,862.7312853610053,0.03479744108903304,25.9,7.372495078552774,6601538.0
3152,GIN,1994,882.4944267995689,0.02264920364806411,25.3,7.598098532209348,6796459.0
3153,GIN,1995,906.2643896713406,0.026578610754627974,25.7,7.461065514354283,7008664.0
3154,GIN,1996,927.1294796986199,0.022762147561497414,26.0,7.454546323180736,7236079.0
3155,GIN,1997,976.4966259571524,0.05187806320739874,25.9,7.43396200478643,7295772.0
3156,GIN,1998,1010.7919026315359,0.034518069560927955,26.4,7.457089824176235,7387802.0
3157,GIN,1999,1031.382545338989,0.020166093572654198,25.5,7.582127304215748,7610461.0
3158,GIN,2000,1046.567062726806,0.014615164502701283,25.7,7.470452030158017,7780073.0
3159,GIN,2001,1090.6519969179155,0.04126033599940104,26.0,7.403365736941647,7821148.0
3160,GIN,2002,1148.5446784790645,0.05171996425963599,26.3,7.349488026260843,7905703.0
3161,GIN,2003,1146.3352913076974,-0.001925493170072734,26.1,7.514363698124844,8120753.0
3162,GIN,2004,1159.8250346752704,0.011699010752601602,26.3,7.482175228273281,8316554.0
3163,GIN,2005,1186.6047934322464,0.022826952904923203,26.3,7.4674282081421115,8477819.0
3164,GIN,2006,1188.484575919068,0.0015829154924276168,26.0,7.538548217795107,8649520.0
3165,GIN,2007,1253.4077187176185,0.05318698705038649,26.2,7.37174083590231,8860380.0
3166,GIN,2008,1290.4037004352026,0.02908909847676977,26.0,7.490194337557661,9090759.0
3167,GIN,2009,1255.2418552976146,-0.027626848088511125,26.1,7.438030526569441,9327011.0
3168,GIN,2010,1291.6962284092601,0.02862799298424168,26.5,7.588981688646388,9570543.0
3169,GIN,2011,1347.0,0.04192363704252333,26.2,7.425417480007116,9824572.0
3170,GIN,2012,1397.0,0.0364471828465982,25.8,7.488629217059296,10083976.0
3171,GIN,2013,1421.0,0.01703376884013874,26.1,7.497927983914253,10351174.0
3172,GIN,2014,1399.0,-0.015603153431618999,26.1,7.4299955075633815,10631955.0
3173,GIN,2015,1364.0,-0.02533613626207387,26.3,7.5161068078373665,10924395.0
3174,GIN,2016,1472.9530188948288,0.0768476827065987,26.5,7.464739034729211,11224776.0
3175,GIN,2017,1583.5482417882856,0.07239880969562229,26.4,7.410649532421847,11534306.0
3176,GIN,2018,1642.1047920266644,0.03631077691862483,26.4,7.459799618564082,11855411.0
3177,GIN,2019,1690.8837251385635,0.029272477804008545,26.1,7.472671281645001,12160109.222491698
3178,GIN,2020,1726.50825466548,0.020849712446150193,26.5,7.455876687491824,12469471.284824992
3179,GIN,2021,1769.8623247193907,0.024800741923823644,26.9,7.469026838228501,12778020.314944552
3180,GIN,2022,1809.2665668339273,0.02201979054722969,26.2,7.593877844605118,13087213.349674758
3181,GMB,1961,1318.0,0.12167908277589667,28.0,6.861501894464675,363000.0
3182,GMB,1962,1262.0,-0.043417671961294424,28.0,6.795593912093807,374000.0
3183,GMB,1963,1232.0,-0.024058899007693313,28.0,6.823830044044376,386000.0
3184,GMB,1964,1274.0,0.033522692038643775,27.8,7.0092282479127705,399000.0
3185,GMB,1965,1368.0,0.07118826205038697,27.3,6.930103682645899,412000.0
3186,GMB,1966,1545.0,0.1216740911493499,27.9,7.058930106779255,426000.0
3187,GMB,1967,1548.0,0.0019398648178272637,27.2,7.0572953462517125,440000.0
3188,GMB,1968,1519.0,-0.018911551553899564,27.6,6.463185450993212,454000.0
3189,GMB,1969,1629.0,0.06991410600627201,28.6,7.040010858102608,469000.0
3190,GMB,1970,1422.0,-0.13590199823885918,28.4,6.4990348781533,485000.0
3191,GMB,1971,1376.0,-0.03288359186989709,27.4,6.833247226807075,501000.0
3192,GMB,1972,1334.0,-0.030998792017720156,27.8,6.4050631551128685,517000.0
3193,GMB,1973,1411.0,0.05611672537724566,28.0,6.468009236897099,534000.0
3194,GMB,1974,1452.0,0.02864324353192682,27.0,6.6369958737262635,550000.0
3195,GMB,1975,1497.0,0.03052118903488754,27.3,6.915822650059896,566000.0
3196,GMB,1976,1436.0,-0.0416016348114594,27.2,6.663260401756892,582000.0
3197,GMB,1977,1417.0,-0.013319509917488759,28.1,6.433261584463537,599000.0
3198,GMB,1978,1446.0,0.020259163028029548,27.8,6.866724929424145,616000.0
3199,GMB,1979,1360.0,-0.06131642398861281,28.3,6.805611805313434,634000.0
3200,GMB,1980,1325.0,-0.02607224030977484,28.0,6.487075005067492,652000.0
3201,GMB,1981,1521.0,0.13795555383897007,28.1,6.647428936540211,671000.0
3202,GMB,1982,1581.0,0.038689544950179844,27.5,6.5289807861270175,691000.0
3203,GMB,1983,1482.0,-0.06466503135344048,28.7,6.227919112481864,711000.0
3204,GMB,1984,1462.0,-0.013587165546308455,28.0,6.538863151104813,741000.0
3205,GMB,1985,1451.0,-0.007552387425535656,27.8,6.633713092234391,773000.0
3206,GMB,1986,1422.0,-0.02018864252100183,27.7,6.74664711858738,805000.0
3207,GMB,1987,1406.0,-0.011315537992575564,28.5,6.693819208418841,839000.0
3208,GMB,1988,1417.0,0.007793167320070182,28.0,6.889082013716516,875000.0
3209,GMB,1989,1407.0,-0.007082182576291451,27.9,6.81695491465564,912000.0
3210,GMB,1990,1400.0,-0.004987541511039417,28.5,6.460373827772681,951000.0
3211,GMB,1991,1390.7049751233394,-0.006661441701339754,28.2,6.468785092316574,991000.0
3212,GMB,1992,1391.4054544916785,0.00050355972623084,28.1,6.682985405923343,1034000.0
3213,GMB,1993,1385.590811150798,-0.004187727517292572,28.3,6.618605463255322,1077000.0
3214,GMB,1994,1345.0349874728968,-0.029706601422339496,27.8,6.810142450115136,1120000.0
3215,GMB,1995,1317.2424957301541,-0.02087949253694088,28.1,6.732449057082087,1161000.0
3216,GMB,1996,1336.8473241266922,0.014773565555197266,28.5,6.5641375742000525,1202000.0
3217,GMB,1997,1308.4866719431436,-0.02144284154081788,28.7,6.65260493153284,1242000.0
3218,GMB,1998,1324.9244963565134,0.01248421674875555,29.1,6.667719859997709,1282000.0
3219,GMB,1999,1385.6317768709796,0.04480071828439325,27.9,6.9765347943769624,1320000.0
3220,GMB,2000,1440.8619216741897,0.039085299025414244,28.2,6.766767585681159,1357000.0
3221,GMB,2001,1495.0918361570011,0.036946142581060215,28.7,6.615797411667567,1393000.0
3222,GMB,2002,1473.400674350363,-0.01461452087390569,28.7,6.35749558597074,1431000.0
3223,GMB,2003,1478.9562284600831,0.003763474979408876,28.6,6.848960232471631,1469000.0
3224,GMB,2004,1585.7992199155708,0.06975193200845808,28.7,6.571722945589309,1508000.0
3225,GMB,2005,1541.6115978708276,-0.028260158579204386,28.8,6.943218943257706,1548000.0
3226,GMB,2006,1530.6844003257575,-0.007113405497572778,28.5,6.765154310383115,1589000.0
3227,GMB,2007,1557.8473660349152,0.01759001890350831,28.6,6.667846981335197,1630000.0
3228,GMB,2008,1618.444482445715,0.038160517175398034,28.7,6.915723448631314,1671000.0
3229,GMB,2009,1692.6423491144506,0.04482533615630313,28.3,6.874198495453294,1713000.0
3230,GMB,2010,1772.7268528838883,0.04622812784064578,29.1,6.959683371842496,1755000.0
3231,GMB,2011,1669.0,-0.06029431125687523,28.5,6.644310430894402,1798000.0
3232,GMB,2012,1725.0,0.03300240580362512,28.5,6.960727163748243,1840000.0
3233,GMB,2013,1767.0,0.02405614285423674,28.7,6.790996718371941,1883000.0
3234,GMB,2014,1743.0,-0.013675426799675705,28.6,6.700977081754192,1926000.0
3235,GMB,2015,1786.0,0.024370715916423258,28.8,6.787281125514262,1968000.0
3236,GMB,2016,1770.36448958669,-0.008793030748319275,29.0,6.792793260512456,2010000.0
3237,GMB,2017,1805.88121666396,0.019863229621867262,29.0,6.780603493321654,2051362.9999999998
3238,GMB,2018,1886.053205208154,0.04343771309427602,28.4,6.67101977414846,2092731.0000000002
3239,GMB,2019,1952.3260558544303,0.034535116430346235,28.3,6.731733834736662,2147483.6883856133
3240,GMB,2020,1914.1968567045412,-0.01972337216769926,29.3,6.815749633186113,2203216.4419329744
3241,GMB,2021,1964.493669936666,0.02593639910022638,29.2,6.767228043845161,2259641.660734357
3242,GMB,2022,2010.5322346934486,0.023164942614225303,28.7,7.070129197966396,2316199.55211222
3243,GNB,1961,851.0,0.06180040090544736,27.2,7.607778763481514,622070.0
3244,GNB,1962,899.0,0.0548709058982455,27.2,7.57486644499124,627820.0
3245,GNB,1963,932.0,0.03604978021397098,27.4,7.52396741806796,633939.0
3246,GNB,1964,1027.0,0.09706439524296684,27.1,7.599000652252486,610284.0
3247,GNB,1965,1097.0,0.0659372503466722,26.7,7.704631645304559,603780.0
3248,GNB,1966,1165.0,0.06014190572457068,27.1,7.532463006319562,598111.0
3249,GNB,1967,1232.0,0.05591777809366416,26.6,7.630267068171986,601287.0
3250,GNB,1968,1270.0,0.030378035359172273,27.0,7.198033977281184,611160.0
3251,GNB,1969,1333.0,0.048415140726072003,27.9,7.664252775042844,615749.0
3252,GNB,1970,1395.0,0.045462374076756795,27.6,7.476698856082776,620020.0
3253,GNB,1971,1333.0,-0.045462374076756795,26.7,7.401292312610585,623282.0
3254,GNB,1972,1412.0,0.05757509787447823,27.1,7.182124122371793,625361.0
3255,GNB,1973,1411.0,-0.0007084662003729036,27.3,7.328634313142655,633266.0
3256,GNB,1974,1458.0,0.03276696071578922,26.5,7.402146596284703,640043.0
3257,GNB,1975,1479.0,0.014300550142196222,26.6,7.582993038998515,680919.0
3258,GNB,1976,1443.0,-0.024641903936928777,26.5,7.598800251450212,732707.0
3259,GNB,1977,1317.0,-0.09136785703059047,27.2,7.092906162786251,745228.0
3260,GNB,1978,1465.0,0.10649881970788666,27.0,7.569824503971221,758113.0
3261,GNB,1979,1468.0,0.002045687723293277,27.4,7.3031700512368,771376.0
3262,GNB,1980,1207.0,-0.19576298807692893,27.5,7.113142108707088,788956.0
3263,GNB,1981,1173.0,-0.028573372444055778,27.4,7.434434566671295,807179.0
3264,GNB,1982,1195.0,0.01858161571213479,26.9,7.284889497322239,825975.0
3265,GNB,1983,1129.0,-0.0568139002159489,27.9,7.120606040810914,845311.0
3266,GNB,1984,1162.0,0.02881037326219449,27.3,7.225627022596975,865184.0
3267,GNB,1985,1184.0,0.018755878032094664,27.2,7.243512974665482,885606.0
3268,GNB,1986,1146.0,-0.0326209181692656,27.0,7.280766063536691,906596.0
3269,GNB,1987,1183.0,0.03177596670370164,27.7,7.371300598166826,928188.0
3270,GNB,1988,1235.0,0.04301738508369102,27.3,7.439030379615537,950432.0
3271,GNB,1989,1259.0,0.019246784982269283,27.2,7.442844154883807,972126.0
3272,GNB,1990,1270.0,0.008699145408289866,27.7,7.243798852311796,993559.0
3273,GNB,1991,1282.7287925732994,0.00997277745030889,27.5,7.34141904144898,1014019.0
3274,GNB,1992,1287.2764782376373,0.003539051427319251,27.4,7.417760566364225,1036220.0
3275,GNB,1993,1280.3420316640393,-0.005401474873902856,27.6,7.3468485680702855,1062762.0
3276,GNB,1994,1284.9269702677093,0.0035746297814407413,27.1,7.564912521808927,1088105.0
3277,GNB,1995,1310.1873248410675,0.019468238796314985,27.5,7.336025039743565,1105764.0
3278,GNB,1996,1337.4675813593324,0.02060783820627954,27.8,7.318141591409369,1122655.0
3279,GNB,1997,1388.1026857943027,0.037159879209698765,27.8,7.381128225697476,1144911.0
3280,GNB,1998,1130.8126857095724,-0.2050012753441237,28.4,7.362327961197329,1163292.0
3281,GNB,1999,1256.082491687944,0.10506117886095634,27.3,7.657849739983832,1182537.0
3282,GNB,2000,1230.6406294399242,-0.02046287324592111,27.5,7.473523530212252,1207665.0
3283,GNB,2001,1233.0719850069206,0.001973733739919936,27.8,7.40098703434708,1233497.0
3284,GNB,2002,1196.2325065611392,-0.030331564365044805,28.0,7.11126738834712,1260374.0
3285,GNB,2003,1181.94349571599,-0.012016926235268954,27.8,7.499312603780449,1288445.0
3286,GNB,2004,1194.6707917770177,0.010710545498487711,28.0,7.3283716908576455,1317452.0
3287,GNB,2005,1226.5608858641476,0.026343566067490443,28.1,7.549451257951003,1347728.0
3288,GNB,2006,1233.8132378735418,0.005895341642612628,27.8,7.538441778199477,1379383.0
3289,GNB,2007,1252.573945375853,0.0150910233713617,27.9,7.356024416081866,1412264.0
3290,GNB,2008,1270.7227556518212,0.014385247075123786,27.9,7.596392304064196,1446297.0
3291,GNB,2009,1292.0292935725613,0.01662824061360535,27.6,7.492593156035231,1481090.0
3292,GNB,2010,1329.3724093189558,0.028492880027035206,28.3,7.576660995169048,1516078.0
3293,GNB,2011,1413.0,0.06100814552819678,27.8,7.336871807421582,1551450.0
3294,GNB,2012,1361.0,-0.03749538003306174,27.8,7.554072872185285,1587244.0
3295,GNB,2013,1378.0,0.012413448922138137,27.9,7.47862182483325,1624345.0
3296,GNB,2014,1355.0,-0.016831718259802564,27.9,7.419440533160009,1663186.0
3297,GNB,2015,1393.0,0.02765824046600418,28.1,7.4892443779992,1703302.0
3298,GNB,2016,1443.4240208380827,0.035558388564207455,28.2,7.446118245741216,1745203.0
3299,GNB,2017,1492.0391837283307,0.03312568062733856,28.3,7.4918127769543785,1788610.0
3300,GNB,2018,1511.8668326852383,0.013201436268543532,27.9,7.350387711431741,1833247.0
3301,GNB,2019,1543.4176040184275,0.02065398071728186,27.6,7.431003422746685,1876581.2104069968
3302,GNB,2020,1531.309512560488,-0.007875921073753567,28.5,7.461180516366945,1919790.66186794
3303,GNB,2021,1593.8185780472504,0.04000949846055679,28.6,7.39762280815665,1962544.8860295438
3304,GNB,2022,1625.3875971486987,0.01961355030044576,27.9,7.719618393247067,2005253.39698954
3305,GNQ,1961,1191.0,0.0785744326326201,24.5,7.902653843434906,248000.0
3306,GNQ,1962,1310.0,0.09523384683989722,24.5,8.024911232851476,249000.0
3307,GNQ,1963,1486.0,0.1260608090825075,24.9,7.899524472032198,250000.0
3308,GNQ,1964,1690.0,0.1286405826394148,24.5,8.025042107915056,252000.0
3309,GNQ,1965,1898.0,0.11607217125275415,24.5,7.993231668257106,253000.0
3310,GNQ,1966,1953.0,0.028565951706805315,24.9,7.9848885359731225,256000.0
3311,GNQ,1967,2058.0,0.05236798551731603,24.5,7.895547732545003,260000.0
3312,GNQ,1968,2102.0,0.021154635042901937,24.5,7.902136044070586,263000.0
3313,GNQ,1969,2015.0,-0.04227007705611374,24.799999999999997,8.008149312732664,267000.0
3314,GNQ,1970,1934.0,-0.04102879836754347,24.700000000000003,7.967176187400085,270000.0
3315,GNQ,1971,1989.0,0.02804160284073287,24.200000000000003,8.00014826783633,274000.0
3316,GNQ,1972,2007.0,0.0090090699423655,24.3,7.814096680002624,278000.0
3317,GNQ,1973,2204.0,0.09363282147646679,24.55,7.837475431167953,271000.0
3318,GNQ,1974,2466.0,0.11232351345148484,24.05,7.851369306505182,250000.0
3319,GNQ,1975,3080.0,0.22233219224333034,24.0,7.865207147861233,213000.0
3320,GNQ,1976,3453.0,0.1143138214223729,23.8,7.88365364512792,191000.0
3321,GNQ,1977,3668.0,0.0604031359863626,24.3,7.8606286319179794,193000.0
3322,GNQ,1978,3451.0,-0.06098251027835211,24.200000000000003,7.885310427960066,195000.0
3323,GNQ,1979,2882.0,-0.18017954653853607,24.6,7.895994510168876,221000.0
3324,GNQ,1980,2613.0,-0.09798551103885433,24.55,7.859683388447423,256000.0
3325,GNQ,1981,2603.0,-0.0038343605260475755,24.4,7.837554360881084,272000.0
3326,GNQ,1982,2533.0,-0.027260254992889976,24.200000000000003,7.8507658355556735,285000.0
3327,GNQ,1983,2534.0,0.00039471087940867733,24.5,7.645828022895075,300000.0
3328,GNQ,1984,2437.0,-0.03903130725587811,24.6,7.859297317868927,315000.0
3329,GNQ,1985,2662.0,0.08830994532985059,24.299999999999997,7.929882413262056,325000.0
3330,GNQ,1986,2534.0,-0.04927863807397248,24.25,7.864112520069376,334000.0
3331,GNQ,1987,2579.0,0.01760264500026043,24.85,7.7912748545257475,342000.0
3332,GNQ,1988,2577.0,-0.0007757952289795256,24.6,7.984360512387156,352000.0
3333,GNQ,1989,2479.0,-0.038770678617174426,24.450000000000003,7.810129625596445,361000.0
3334,GNQ,1990,2474.0,-0.0020189790827576104,24.6,7.910755675668713,371000.0
3335,GNQ,1991,2427.8802495120503,-0.018817722618649668,24.5,7.789351041059406,381000.0
3336,GNQ,1992,2690.63309412509,0.10275796554727545,24.299999999999997,7.7397509413608905,392000.0
3337,GNQ,1993,2880.2040081888463,0.06808461091685203,24.4,7.859393849487934,403000.0
3338,GNQ,1994,3081.152504204578,0.0674425888550223,24.4,7.852672339644616,414000.0
3339,GNQ,1995,3364.6325804428425,0.08801505188871062,24.65,7.902690818846262,426000.0
3340,GNQ,1996,4426.337826101144,0.27425379778897785,24.45,7.941935707490858,438000.0
3341,GNQ,1997,8445.644996727055,0.6460783571613824,24.450000000000003,7.9229859587111955,451000.0
3342,GNQ,1998,9712.22621077315,0.13973460241958513,25.1,7.969323151310865,464000.0
3343,GNQ,1999,11690.135158536285,0.18535981138129465,24.6,7.939568716111756,478000.0
3344,GNQ,2000,12914.851292130696,0.09963257481774335,24.7,7.886250560399949,491000.0
3345,GNQ,2001,21167.74135396339,0.4941004764413517,24.75,7.968475305048997,506000.0
3346,GNQ,2002,24845.04222607092,0.16017983606323227,24.9,8.00227587474699,521000.0
3347,GNQ,2003,27571.159043602554,0.10411203954808457,24.9,8.01832907604949,536000.0
3348,GNQ,2004,33419.88579447368,0.19238084169939107,24.799999999999997,7.985858691018707,551000.0
3349,GNQ,2005,35569.70762362731,0.062343260299822845,24.85,7.72263324811323,567000.0
3350,GNQ,2006,36615.705703717555,0.028982899770237935,24.85,7.906805026024057,583000.0
3351,GNQ,2007,41277.75565366894,0.11984648488973804,24.9,8.144737236915018,600000.0
3352,GNQ,2008,47562.31952890182,0.14171709037544744,24.700000000000003,7.9396221687037745,616000.0
3353,GNQ,2009,47161.28473806681,-0.008467523804309707,24.85,7.815207062189088,633000.0
3354,GNQ,2010,42037.897403604875,-0.11500178683986029,25.05,7.862612664005109,651000.0
3355,GNQ,2011,43841.0,0.04199792202696351,24.75,7.817323465095465,668000.0
3356,GNQ,2012,46255.0,0.05360011362469308,24.75,8.004215253082105,686000.0
3357,GNQ,2013,43209.0,-0.06812075933826023,24.799999999999997,7.7995278830425665,704000.0
3358,GNQ,2014,41907.0,-0.030595929471498806,24.85,7.826443135456014,722000.0
3359,GNQ,2015,37822.0,-0.10256193350844178,25.0,7.653732073186615,741000.0
3360,GNQ,2016,33206.63589743496,-0.1301412115265066,25.1,7.819957664947686,759000.0
3361,GNQ,2017,30206.871657457876,-0.09468029555424984,25.0,7.835065077338725,778358.0
3362,GNQ,2018,27353.844810174716,-0.09921233976796096,25.05,7.923637920051251,797457.0
3363,GNQ,2019,25006.34078387603,-0.08972767299211704,24.95,7.952087360737176,824500.9404669891
3364,GNQ,2020,23300.297648989497,-0.07066328893944451,25.1,7.864054874875528,847339.1075460808
3365,GNQ,2021,22537.54059330532,-0.03328374545199431,25.200000000000003,7.867737484480717,867734.6132571195
3366,GNQ,2022,22707.220253154966,0.007500557066320468,24.950000000000003,7.867737484480717,889205.1872729416
3367,GRC,1961,5408.0,0.07544591732676409,15.5,6.47126379226885,8398050.0
3368,GRC,1962,5577.0,0.030771658666754576,15.9,6.799613120362434,8448233.0
3369,GRC,1963,6122.0,0.09323784311580319,15.6,6.611099731731247,8479625.0
3370,GRC,1964,6601.0,0.07533231218341285,14.8,6.391917113392602,8510429.0
3371,GRC,1965,7187.0,0.08505268577967229,14.9,6.53058604002882,8550333.0
3372,GRC,1966,7570.0,0.05191922896305279,16.1,6.643138479461352,8613651.0
3373,GRC,1967,7892.0,0.04165652071101,15.0,6.436150368369428,8716441.0
3374,GRC,1968,8394.0,0.06166757675103085,15.4,6.676075396645641,8740765.0
3375,GRC,1969,9191.0,0.0907075794645742,15.2,6.543192162194399,8772764.0
3376,GRC,1970,9900.0,0.07431001276457039,15.5,6.393088955830208,8792806.0
3377,GRC,1971,10559.0,0.06444381968383439,15.0,6.5710230085550645,8831036.0
3378,GRC,1972,11795.0,0.11069713603525955,15.0,6.537415972849347,8888628.0
3379,GRC,1973,12202.0,0.03392415987002373,15.0,6.517671272912275,8929086.0
3380,GRC,1974,11716.0,-0.0406444437641742,14.9,6.50413846173159,8962023.0
3381,GRC,1975,12309.0,0.04937527316267243,15.0,6.504886796721238,9046542.0
3382,GRC,1976,12919.0,0.04836839385000502,14.5,6.634633357861686,9167190.0
3383,GRC,1977,13158.0,0.018330842685641002,15.4,6.198681947871933,9308479.0
3384,GRC,1978,13860.0,0.05197705509795192,14.9,6.650149674112825,9429959.0
3385,GRC,1979,14193.0,0.023741891555363992,15.4,6.6569835605504535,9548258.0
3386,GRC,1980,14300.0,0.007510651948740232,14.7,6.610157541742979,9642505.0
3387,GRC,1981,14180.0,-0.008427016161880019,15.2,6.625922731319248,9729350.0
3388,GRC,1982,14153.0,-0.0019059053522791913,14.8,6.5543606631649745,9786480.0
3389,GRC,1983,14132.0,-0.0014848862548042518,14.7,6.462092981122559,9840526.0
3390,GRC,1984,14453.0,0.02246027596980582,14.9,6.45661265737732,9887169.0
3391,GRC,1985,14850.0,0.027097859782005074,15.1,6.378765684588475,9923253.0
3392,GRC,1986,15047.0,0.013178770528032402,15.3,6.427782118698911,9951370.0
3393,GRC,1987,14944.0,-0.006868754290254131,14.8,6.519884479274924,9974490.0
3394,GRC,1988,15596.0,0.04270458963386403,15.2,6.515749190558129,9982723.0
3395,GRC,1989,16117.0,0.032860144420229886,15.1,6.069582326371934,10030765.0
3396,GRC,1990,15964.0,-0.009538428354094464,15.6,6.243778475721972,10129603.0
3397,GRC,1991,16409.689413848526,0.027535791097067275,14.6,6.414278293550759,10215350.0
3398,GRC,1992,16545.963766056062,0.008270212590588244,14.7,6.110136076825481,10290120.0
3399,GRC,1993,16331.314704388997,-0.013057778596644809,14.9,6.273631438871653,10346870.0
3400,GRC,1994,16724.28805618853,0.02377762518882598,16.0,6.585619778460977,10393810.0
3401,GRC,1995,17148.197198638813,0.025031011007273563,15.3,6.438551329906966,10421530.0
3402,GRC,1996,17719.55738038829,0.03277591785797718,15.0,6.612712852124064,10467570.0
3403,GRC,1997,18588.295487953197,0.04786314146984161,14.8,6.43068675201428,10519360.0
3404,GRC,1998,19378.709926951826,0.04164292920875923,15.7,6.516488890273786,10577830.0
3405,GRC,1999,20076.559375082434,0.03537789726954621,16.3,6.4355091371836215,10618420.0
3406,GRC,2000,20965.331806698097,0.0433172729145479,15.9,6.078100853767529,10661930.0
3407,GRC,2001,21913.79768092266,0.044246262334278086,16.2,6.426973776564523,10717530.0
3408,GRC,2002,22893.95911786512,0.043756612252206395,15.8,6.688852721925182,10756860.0
3409,GRC,2003,24380.066327361783,0.06289276283314038,15.5,6.615127664137342,10782590.0
3410,GRC,2004,25780.385093078436,0.05584809045348038,15.7,6.432940092739179,10809300.0
3411,GRC,2005,26091.524171942994,0.011996582150402446,15.3,6.557630265907138,10841060.0
3412,GRC,2006,27731.110923369015,0.060944403755621934,15.3,6.516784617024425,10873660.0
3413,GRC,2007,28822.915641555985,0.038615831779869936,16.2,6.4454023086669245,10901400.0
3414,GRC,2008,28907.92502567267,0.0029450271146576057,16.1,6.264920912295781,10930370.0
3415,GRC,2009,27839.897516969475,-0.03764562555182138,16.0,6.772851516517336,10959140.0
3416,GRC,2010,26517.46507965097,-0.04866657879886738,16.6,6.525762527059115,10973310.0
3417,GRC,2011,24349.0,-0.08531279459374908,15.3,6.464432528317732,10957080.0
3418,GRC,2012,22746.20629506483,-0.06809240569278785,16.3,6.597282118229541,10897950.0
3419,GRC,2013,22335.270364176395,-0.01823131554459323,16.3,6.491481972157369,10819220.0
3420,GRC,2014,22591.596909369513,0.01141095928112712,16.3,6.738270970989674,10747350.0
3421,GRC,2015,22696.202299403438,0.004619591938233469,15.9,6.55933191124117,10676840.0
3422,GRC,2016,22679.809820485447,-0.0007225174212219798,16.5,6.441106017548975,10632500.0
3423,GRC,2017,22972.889616020842,0.012839714870215957,16.1,6.497830240151879,10611500.0
3424,GRC,2018,23403.612065299094,0.01857556386156034,16.9,6.548075826023106,10589990.0
3425,GRC,2019,23869.792849390768,0.019723389814309655,16.9,6.712470055796324,10578820.0
3426,GRC,2020,21767.220165271887,-0.09220858601324089,16.8,6.446037229323174,10556140.0
3427,GRC,2021,23732.20107260401,0.08642764497968436,16.8,6.5267876424743605,10498740.0
3428,GRC,2022,25283.906880841605,0.06333528067822414,16.5,6.271555378863942,10437180.0
3429,GTM,1961,3532.0,0.01024482494842438,23.4,7.848231177644647,4232000.0
3430,GTM,1962,3543.0,0.0031095431416208186,23.2,7.694757035013707,4367000.0
3431,GTM,1963,3762.0,0.05997690499550501,23.2,7.656195245290791,4506000.0
3432,GTM,1964,3814.0,0.013727776299388594,23.4,7.6760099320288875,4650000.0
3433,GTM,1965,3900.0,0.02229804595737228,23.2,7.608175943508581,4746000.0
3434,GTM,1966,4033.0,0.03353396275563014,23.0,7.716015266642587,4843000.0
3435,GTM,1967,4114.0,0.019885275339534658,23.1,7.564186606605423,4942000.0
3436,GTM,1968,4385.0,0.0637938345933815,23.0,7.695257638023228,5045000.0
3437,GTM,1969,4497.0,0.02522088196442418,23.6,7.860107894001314,5151000.0
3438,GTM,1970,4653.0,0.034101665073940524,23.3,7.683449720509648,5264000.0
3439,GTM,1971,4801.0,0.03131205668629278,23.4,7.511141852334459,5385000.0
3440,GTM,1972,5037.0,0.047986437214708744,23.8,7.585331864551124,5510000.0
3441,GTM,1973,5255.0,0.042369337565402176,23.7,7.730701897076926,5639000.0
3442,GTM,1974,5461.0,0.03845191884110122,23.2,7.5552772815158065,5773000.0
3443,GTM,1975,5439.0,-0.004036702729193209,23.5,7.5766097669730375,5910000.0
3444,GTM,1976,5705.0,0.04774776287321636,23.1,7.592466980720981,6051000.0
3445,GTM,1977,6005.0,0.051249472217907766,23.5,7.509883061154913,6197000.0
3446,GTM,1978,6156.0,0.024834760444685244,23.4,7.67915895750785,6346000.0
3447,GTM,1979,6298.0,0.022804906702200256,23.5,7.779508790088556,6496000.0
3448,GTM,1980,6384.0,0.013562737468674868,23.7,7.747855872498246,6650000.0
3449,GTM,1981,6256.0,-0.02025385690449788,23.5,7.76395624597838,6829000.0
3450,GTM,1982,5903.0,-0.058080306984457764,23.8,7.72766726033358,6983000.0
3451,GTM,1983,5585.0,-0.05537626373738824,23.9,7.71186226985034,7189000.0
3452,GTM,1984,5469.0,-0.020988648156528456,23.3,7.805882040228621,7380000.0
3453,GTM,1985,5292.0,-0.03289953811192525,23.6,7.6412283310136475,7581000.0
3454,GTM,1986,5136.0,-0.029921679865049455,23.6,7.494374596132249,7820000.0
3455,GTM,1987,5098.0,-0.007426260433737397,23.8,7.398663868907769,8160000.0
3456,GTM,1988,5086.0,-0.0023566389539944055,23.8,7.7381394778471675,8496000.0
3457,GTM,1989,5144.0,0.011339319935389724,23.6,7.699208148326206,8731000.0
3458,GTM,1990,5165.0,0.004074115636283793,23.8,7.709263469212147,8966000.0
3459,GTM,1991,5166.549866012667,0.00030002585176269747,23.9,7.563200592358071,9218240.0
3460,GTM,1992,5303.598547425432,0.026180432950386745,23.7,7.679621214253473,9478430.0
3461,GTM,1993,5382.978712103502,0.01485632354436106,23.6,7.684646002974942,9750500.0
3462,GTM,1994,5414.541153569243,0.005846255761563057,23.9,7.511305925730326,10031430.0
3463,GTM,1995,5501.042226782372,0.015849429385305314,24.0,7.820118307518312,10319050.0
3464,GTM,1996,5511.904705680813,0.001972674977482214,23.6,7.686070471911961,10609830.0
3465,GTM,1997,5601.207505205031,0.016071955384180825,24.1,7.683725912741195,10900270.0
3466,GTM,1998,5730.645753626605,0.02284602091817156,24.3,7.774225315872336,11192910.0
3467,GTM,1999,5824.883284869329,0.016310740973903393,23.6,7.742054739297966,11487060.0
3468,GTM,2000,5860.271852571701,0.006057031418002623,23.8,7.66439355732328,11728400.0
3469,GTM,2001,5882.7197059354185,0.0038231962604946546,24.0,7.684829919477369,11967650.0
3470,GTM,2002,5980.242007724151,0.01644184666554338,24.2,7.63065541769143,12257690.0
3471,GTM,2003,6004.144673120455,0.0039889729408102426,24.3,7.533426294417168,12556060.0
3472,GTM,2004,6070.1942309616525,0.010940593466877147,24.2,7.6213911259693985,12873210.0
3473,GTM,2005,6130.482337567918,0.009882828540414224,24.2,7.763361387239786,13199770.0
3474,GTM,2006,6305.818591459861,0.028199361489564367,24.1,7.781389000390307,13517370.0
3475,GTM,2007,6545.752353261084,0.03734355049712512,24.0,7.647690621040842,13827580.0
3476,GTM,2008,6604.682423043075,0.00896251192527231,24.0,7.730701897076926,14139400.0
3477,GTM,2009,6488.646238166217,-0.01772493852721624,24.4,7.575328208422652,14451980.0
3478,GTM,2010,6526.457569591022,0.005810393579837481,23.8,7.80954132465341,14769160.0
3479,GTM,2011,6650.0,0.018752544092318857,24.2,7.795481913731539,15088000.0
3480,GTM,2012,6718.332239117085,0.010223090363050247,24.3,7.586904949898229,15404530.0
3481,GTM,2013,6813.411605682604,0.014053019684478585,24.2,7.8897962975093865,15718920.0
3482,GTM,2014,6978.10584290415,0.023884546020262576,24.1,7.689508397876107,16029990.0
3483,GTM,2015,7126.992528560714,0.021111829454840247,24.6,7.5822801354139875,16337360.0
3484,GTM,2016,7186.659993070903,0.00833718857391652,24.7,7.631771083204549,16635599.999999998
3485,GTM,2017,7279.739953937346,0.0128686121932855,24.5,7.6416124477898695,16928720.0
3486,GTM,2018,7399.198034153791,0.016276479616665895,24.0,7.597095221199129,17222860.0
3487,GTM,2019,7565.846022916714,0.022272554242164233,24.5,7.472216451914037,17517580.0
3488,GTM,2020,7309.368193308424,-0.03448733525403114,24.8,7.72457920423568,17812400.0
3489,GTM,2021,7764.696116345891,0.06043048122363537,24.5,7.614460137474148,18106110.0
3490,GTM,2022,7969.431184869257,0.026025799942097194,24.2,7.808648068676195,18348190.0
3491,HKG,1961,5169.0,0.015794420176080237,22.9,7.8272010285495925,3120636.9556704345
3492,HKG,1962,5780.0,0.11172443647038399,22.4,7.485154850997769,3207752.644972937
3493,HKG,1963,6381.0,0.09892114220192383,22.9,6.853826936956581,3288345.183593467
3494,HKG,1964,6664.0,0.04339507997833181,22.8,7.661197615325838,3365900.072962032
3495,HKG,1965,7414.0,0.10665019986399926,22.8,7.719396353589872,3443020.019417109
3496,HKG,1966,7412.0,-0.00026979630542811606,23.3,7.657377306470061,3521106.1746731545
3497,HKG,1967,7474.0,0.008330022640180346,22.4,7.386161011492017,3599678.90990091
3498,HKG,1968,7696.0,0.02927038230011192,22.5,7.680729759401637,3677324.1641213642
3499,HKG,1969,8534.0,0.10335747140240414,22.3,7.498149651967252,3751814.5926885037
3500,HKG,1970,9250.0,0.08056536675852577,22.3,7.640699929416148,3822059.859257555
3501,HKG,1971,9787.0,0.05643142291934744,22.6,7.396457985660357,3886283.4504216006
3502,HKG,1972,10632.0,0.08281334696726184,22.8,7.7878798278722305,3946458.4976169434
3503,HKG,1973,11717.0,0.09717245727507517,23.1,8.011355109161286,4009611.6128432252
3504,HKG,1974,11719.0,0.000170677590446644,22.7,7.756880040996435,4085275.7914645723
3505,HKG,1975,11456.0,-0.022697846058175486,22.8,7.989696033362275,4179577.9690431356
3506,HKG,1976,12929.0,0.12095924005412684,22.4,7.675081857716334,4296139.690796933
3507,HKG,1977,13986.0,0.07858397900925773,23.2,7.317743475817886,4431255.99779851
3508,HKG,1978,14689.0,0.04904208506760277,22.8,7.832688556237634,4574873.552020117
3509,HKG,1979,15903.0,0.0794088563245019,22.9,7.7771640249561615,4712754.4276772905
3510,HKG,1980,17086.0,0.07175164405564693,23.1,7.410830949288067,4834759.886992144
3511,HKG,1981,18301.0,0.06869628843371878,22.9,7.443195463512047,4936986.366967137
3512,HKG,1982,18527.0,0.012273424404730449,22.8,8.019612794400267,5022736.653287798
3513,HKG,1983,19349.0,0.04341161098591684,22.7,7.948102659518271,5097877.510184469
3514,HKG,1984,21042.0,0.08387970183230387,22.2,7.480484706062943,5171490.108761827
3515,HKG,1985,20883.0,-0.007585009531457132,22.5,7.726300868936416,5250120.439169908
3516,HKG,1986,22823.0,0.08883336856710145,22.7,7.761872690425002,5335942.222955801
3517,HKG,1987,25414.0,0.10753140386060167,23.4,7.781639428205799,5426563.27409532
3518,HKG,1988,27063.0,0.06286727806026882,22.6,7.437677398439116,5518602.3582952535
3519,HKG,1989,27377.0,0.011535763486079986,22.9,7.523265189814929,5606863.993082153
3520,HKG,1990,27960.0,0.021071672536917774,23.3,7.501082124259871,5687959.0
3521,HKG,1991,29008.69888272773,0.036820829114786235,23.1,7.488629217059296,5735820.0
3522,HKG,1992,30202.539384048287,0.04033025992994865,22.3,7.8469418883331965,5784690.0
3523,HKG,1993,31242.198945436776,0.03384370486235433,22.6,7.823485853997729,5884400.0
3524,HKG,1994,32219.357339097583,0.030797720252921934,23.1,7.717618259238043,6018030.0
3525,HKG,1995,31941.908676268977,-0.00864853234421048,22.4,7.6282257551909725,6138690.0
3526,HKG,1996,32261.80367248706,0.009965082445189566,22.5,7.574455809527099,6417900.0
3527,HKG,1997,33385.8193558232,0.03424725801568229,22.8,7.952861300127106,6470750.0
3528,HKG,1998,30866.42845238891,-0.0784621042132354,23.6,7.689965896282842,6525600.0
3529,HKG,1999,31134.166298431835,0.008636675547355921,23.2,7.602850560760098,6587420.0
3530,HKG,2000,32894.01076870469,0.05498478671857754,23.1,7.768194977316276,6646260.0
3531,HKG,2001,32734.200466940052,-0.004870180510161859,23.2,7.886720295384113,6695120.0
3532,HKG,2002,33038.150049321375,0.009242538657090904,23.5,7.721304285394378,6725030.0
3533,HKG,2003,33594.31626064747,0.01669393790896656,23.5,7.520071941627534,6712070.0
3534,HKG,2004,36052.99121829005,0.07063294069298287,23.0,7.380879035564116,6764920.0
3535,HKG,2005,38191.8984279571,0.05763357563811233,22.9,7.805759833168974,6793840.0
3536,HKG,2006,40172.8543686446,0.05056809298769238,23.3,7.814359245266748,6837720.0
3537,HKG,2007,42230.88634988074,0.04996035428677992,23.4,7.45633900835073,6896550.0
3538,HKG,2008,42635.48025605869,0.009534919135772313,22.7,7.656337166430183,6938430.0
3539,HKG,2009,41076.234343140764,-0.037257062061408774,23.2,7.492760300922379,6953390.0
3540,HKG,2010,43170.55153428085,0.049728870924342417,22.9,7.700747794511798,7004250.0
3541,HKG,2011,44532.0,0.031049446511312695,22.5,7.33726238157054,7052110.0
3542,HKG,2012,44795.11029492749,0.005890956395194991,22.9,7.461180516366945,7129890.0
3543,HKG,2013,45997.88881359396,0.026496511817562407,22.9,7.846980982138788,7158810.0
3544,HKG,2014,46941.584477114244,0.02030844514494845,23.4,7.637282603634833,7208670.0
3545,HKG,2015,47653.696401574525,0.015056255877293978,23.8,7.635207263234073,7270500.0
3546,HKG,2016,48385.115024602404,0.01523202450675143,23.7,7.903078978144316,7316370.0
3547,HKG,2017,49841.456072608664,0.02965486338421819,23.7,7.74122945963336,7372210.0
3548,HKG,2018,50847.72135557016,0.019988221398191897,23.6,7.69471151322014,7432040.0
3549,HKG,2019,49631.06158931615,-0.024218430947176017,24.1,7.769927677168688,7486890.0
3550,HKG,2020,46550.256038765154,-0.06408437543979062,24.2,7.612435695355756,7459960.0
3551,HKG,2021,50006.34792486015,0.07161745186314583,24.3,7.6289552739841175,7392150.0
3552,HKG,2022,48289.38231234516,-0.03493824727572559,23.7,7.736307096548285,7386520.0
3553,HND,1961,2130.0,-0.007949539175310605,24.1,7.656100620006844,2018693.0
3554,HND,1962,2174.0,0.020446808977684583,23.9,7.609217791145796,2090161.9999999998
3555,HND,1963,2177.0,0.001378993553392327,23.9,7.516542110924009,2165930.0
3556,HND,1964,2209.0,0.014592142185569479,24.1,7.521209690632833,2246099.0
3557,HND,1965,2314.0,0.04643770433350536,24.0,7.47164762368482,2329159.0
3558,HND,1966,2364.0,0.02137747077236618,23.9,7.735214797149676,2413644.0
3559,HND,1967,2410.0,0.01927164795871228,23.8,7.391969951321836,2500689.0
3560,HND,1968,2463.0,0.021753371635837127,23.7,7.651215273415671,2591112.0
3561,HND,1969,2396.0,-0.02757943888519776,24.3,7.7496672328071945,2685322.0
3562,HND,1970,2391.0,-0.002088991777015714,24.0,7.638439063070808,2760666.0
3563,HND,1971,2404.0,0.005422328196774018,23.9,7.33875817087814,2855882.0
3564,HND,1972,2448.0,0.018137347977118523,24.4,7.303506694902662,2965146.0
3565,HND,1973,2544.0,0.03846628082779624,24.4,7.461410480723483,3077805.0
3566,HND,1974,2797.0,0.09480976874194624,23.8,7.442961271473505,2765159.0
3567,HND,1975,2764.0,-0.011868508314399229,24.2,7.3851068458904106,2857841.0
3568,HND,1976,2954.0,0.06648127820376537,24.0,7.438207043883306,2954846.0
3569,HND,1977,3153.0,0.06519419645373592,24.4,7.3917234485782455,3056115.0
3570,HND,1978,3346.0,0.05941122200170845,24.2,7.6962580928588356,3168948.0
3571,HND,1979,3382.0,0.01070164791175543,24.3,7.827679402088713,3280016.0
3572,HND,1980,3282.0,-0.030014257808488765,24.6,7.756409362140481,3403436.0
3573,HND,1981,3231.0,-0.015661305825538818,24.3,7.81083918336901,3544237.0
3574,HND,1982,3076.0,-0.04916163519896344,24.5,7.665565972867804,3671436.0
3575,HND,1983,2947.0,-0.042842347887839693,24.7,7.550818959374095,3797761.0
3576,HND,1984,2968.0,0.00710062154957658,24.1,7.6294413243485035,3934859.0
3577,HND,1985,2982.0,0.004705891037413146,24.3,7.399031043503412,4079440.0
3578,HND,1986,2898.0,-0.028573372444056666,24.4,7.388266014745769,4229325.0
3579,HND,1987,2970.0,0.02454110891611805,24.7,7.390551730026625,4375959.0
3580,HND,1988,3009.0,0.013045844833299292,24.6,7.70070254461926,4517983.0
3581,HND,1989,3045.0,0.011893103513951786,24.4,7.510211594257578,4659331.0
3582,HND,1990,2960.0,-0.028311632825890776,24.5,7.603648685210108,4797664.0
3583,HND,1991,2993.1240094653144,0.011128392842087997,24.6,7.45807081043454,4937206.0
3584,HND,1992,3094.547750180062,0.03332411156103987,24.6,7.708051375059125,5084214.0
3585,HND,1993,3216.880474563878,0.03877032051107143,24.6,7.627252234864865,5237339.0
3586,HND,1994,3105.972043854534,-0.035085369254927556,24.6,7.380567460549911,5394923.0
3587,HND,1995,3163.826279834214,0.018455419167109355,24.8,7.610109940292996,5556324.0
3588,HND,1996,3210.2702916527714,0.014572993441793969,24.3,7.588273043141941,5718801.0
3589,HND,1997,3303.2674734599764,0.028556985472295793,24.8,7.557420680930122,5881443.0
3590,HND,1998,3332.9067162957103,0.008932688947416167,25.0,7.595236437915456,6045973.0
3591,HND,1999,3215.1847327603577,-0.03595999533949268,24.3,7.529137893312772,6198223.0
3592,HND,2000,3335.7153697540925,0.036802344354990524,24.4,7.531605970539426,6367242.0
3593,HND,2001,3365.232992745498,0.00881004070359559,24.8,7.541789195049576,6535344.0
3594,HND,2002,3431.251226302898,0.019427782925156123,24.9,7.4643952148874195,6698324.0
3595,HND,2003,3527.121790685213,0.02755719794659406,25.0,7.48189367295988,6862657.0
3596,HND,2004,3686.666861186227,0.04424057857436914,24.9,7.550030129168325,7028058.0
3597,HND,2005,3851.055431267789,0.04362448853330392,24.8,7.532891248925538,7194127.0
3598,HND,2006,4045.2976250507822,0.049207877585836,24.9,7.751518327849209,7359013.0
3599,HND,2007,4237.30196547177,0.04637161149432956,24.8,7.459684457626545,7521702.0
3600,HND,2008,4358.762942315819,0.02826155047311829,24.6,7.6624678152002375,7682066.0
3601,HND,2009,4200.160537818666,-0.0370655404266671,25.0,7.48358181696554,7838603.0
3602,HND,2010,4305.892041781792,0.024861579200109674,24.6,7.5414178127071905,7991283.0
3603,HND,2011,4421.0,0.02638158779500621,24.7,7.590498525826689,8140864.0
3604,HND,2012,4518.0,0.021703503201706553,24.9,7.52385941504377,8287669.0
3605,HND,2013,4561.0,0.00947247968375109,24.9,7.5962416146598875,8429445.0
3606,HND,2014,4620.0,0.012852807364083674,24.9,7.500474204707589,8546438.0
3607,HND,2015,4706.0,0.018443585211525004,25.3,7.494318974139299,8660816.0
3608,HND,2016,4803.28043081604,0.020460817268137532,25.3,7.54300848112318,8770113.0
3609,HND,2017,4949.025285961729,0.029891537690668102,25.1,7.614706740518479,8877729.0
3610,HND,2018,5052.2056964208305,0.02063427423483688,24.7,7.480428306074208,9001592.0
3611,HND,2019,5099.814302392386,0.009379208272948247,25.2,7.3277805384216315,9154159.969341714
3612,HND,2020,4567.885690671236,-0.11015367966477463,25.3,7.578452330704491,9303928.9733526
3613,HND,2021,5062.118729298094,0.10273466875828241,25.1,7.534335215269969,9447859.21618732
3614,HND,2022,5186.530263450101,0.02427981405037194,24.9,7.617907058357906,9589889.471718654
3615,HRV,1961,5404.0,0.06439049360417926,11.8,7.0096798987040625,4055443.0
3616,HRV,1962,5509.0,0.01924369839262674,10.4,7.066637604042329,4076557.0
3617,HRV,1963,6059.0,0.09516165147227262,10.6,7.048299523974445,4098506.0000000005
3618,HRV,1964,6591.0,0.08416031210773056,10.8,7.129698109719828,4113553.0
3619,HRV,1965,6741.0,0.022503199800718576,10.4,7.137834721297459,4133313.0
3620,HRV,1966,7184.0,0.0636480491285969,11.5,7.223295679562314,4155830.0
3621,HRV,1967,7382.0,0.027188273607908542,11.5,6.969602682308217,4174366.0
3622,HRV,1968,7667.0,0.037880799968950996,11.2,6.968756300539536,4189903.0000000005
3623,HRV,1969,8209.0,0.06830570878937081,10.7,7.118421308785234,4200551.0
3624,HRV,1970,8751.0,0.06393686618756611,10.8,7.056347683031964,4205389.0
3625,HRV,1971,9414.0,0.07302996342525603,11.1,6.804281870505861,4215869.0
3626,HRV,1972,9631.0,0.022789119599776697,11.0,7.0575536440705315,4225310.0
3627,HRV,1973,9969.0,0.03449321546183981,10.9,6.7912214627261855,4234664.0
3628,HRV,1974,10786.0,0.07876871887446768,11.4,7.147637946300623,4245822.0
3629,HRV,1975,11053.0,0.024452887413783486,11.5,6.9444728619172995,4255000.0
3630,HRV,1976,11469.0,0.036945859053567176,10.8,7.1284157500025405,4286311.0
3631,HRV,1977,12385.0,0.07683831955893794,11.5,6.979517645209028,4318673.0
3632,HRV,1978,13265.0,0.06864292464837973,10.4,7.046037866782144,4349242.0
3633,HRV,1979,13994.0,0.053499678734000966,11.2,7.12068686521993,4379909.0
3634,HRV,1980,14193.0,0.01412021899341731,10.3,7.107834890697795,4383000.0
3635,HRV,1981,14182.0,-0.0007753304353173007,11.2,7.0693637941785505,4390829.0
3636,HRV,1982,14123.0,-0.0041688807948769835,11.5,6.96574112818079,4413368.0
3637,HRV,1983,13841.0,-0.020169472172362646,11.8,6.7349483145567675,4430941.0
3638,HRV,1984,14104.0,0.018823243181005367,10.8,7.137596351744068,4441854.0
3639,HRV,1985,14067.0,-0.0026268163200118266,10.7,6.898512697615204,4457874.0
3640,HRV,1986,14416.0,0.02450707209042413,11.0,6.954638864880987,4471752.0
3641,HRV,1987,14362.0,-0.00375287117785561,10.9,7.021173246017693,4484310.0
3642,HRV,1988,14207.0,-0.01085102879818578,11.7,6.891015954977839,4493676.0
3643,HRV,1989,13959.0,-0.017610339359320548,11.8,6.835399616789997,4501397.0
3644,HRV,1990,12948.0,-0.07518312546662287,12.1,6.859614903654202,4508347.0
3645,HRV,1991,10296.1907490574,-0.2291673394210587,11.0,6.971387139226911,4540640.0
3646,HRV,1992,9331.89265228301,-0.09833614573433458,12.3,6.993932975223189,4490680.0
3647,HRV,1993,8739.540239430573,-0.06558026680895424,11.6,7.020011961327804,4478370.0
3648,HRV,1994,9352.583982835995,0.06779508282069813,12.8,6.9375082371314845,4499270.0
3649,HRV,1995,10180.251534007484,0.08479705254191039,11.6,7.1770187659099,4480940.0
3650,HRV,1996,11030.079309403567,0.08017630411307408,10.8,7.17250132015086,4419900.0
3651,HRV,1997,11997.593091916227,0.0840800304210294,11.6,6.9765347943769624,4398390.0
3652,HRV,1998,12476.046525867669,0.03910447397177563,11.9,7.053326402301356,4395690.0
3653,HRV,1999,12579.876775136643,0.008287927957029595,12.0,7.117205503164344,4376740.0
3654,HRV,2000,13244.540749737042,0.05148699271618895,12.9,6.925005632388665,4333770.0
3655,HRV,2001,13817.680764867187,0.04236353831188033,11.9,6.9734493821775,4170979.9999999995
3656,HRV,2002,14683.83770312071,0.06079842598615848,12.6,7.131618571220696,4175819.9999999995
3657,HRV,2003,15740.498559112391,0.06948950420594358,12.1,6.72202792905335,4175930.0000000005
3658,HRV,2004,16628.57444367401,0.05488565041727078,11.6,7.122624693844101,4178580.0
3659,HRV,2005,17581.358351181756,0.05571658855714645,11.2,7.116475309630623,4181859.9999999995
3660,HRV,2006,18707.490861564835,0.06208486836204763,11.9,6.880178511211903,4183160.0
3661,HRV,2007,19984.037431196295,0.06600980195792516,12.8,6.967438281143311,4182910.0
3662,HRV,2008,20717.315738830694,0.036036033275086865,12.7,7.0239370332715465,4181090.0
3663,HRV,2009,19501.588594766195,-0.06047393106505439,12.5,7.075893391259617,4176670.0
3664,HRV,2010,19511.3503059546,0.0005004345566970159,11.6,7.268711047104344,4167000.0
3665,HRV,2011,19813.0,0.015341924705664312,12.6,6.678593655342365,4153979.9999999995
3666,HRV,2012,19413.892436251732,-0.02034937316222596,12.7,6.946975992135418,4140529.9999999995
3667,HRV,2013,19402.938024373812,-0.0005644155918318461,12.4,7.179917539775881,4126390.0000000005
3668,HRV,2014,19403.59466246813,3.384162659791912e-05,13.2,7.304650436407234,4108529.9999999995
3669,HRV,2015,20025.753464687557,0.03156077766353782,13.0,7.015083856734662,4081300.0
3670,HRV,2016,20915.22731890756,0.043458355089148526,12.6,7.112245941797137,4046820.0
3671,HRV,2017,21852.020568061376,0.043815918239564766,12.6,6.9708239704491195,4005510.0
3672,HRV,2018,22678.03435094451,0.03710341449707144,13.4,7.004791241493732,3967710.0
3673,HRV,2019,23590.277456647196,0.039437848697762234,13.4,7.172194312703518,3944760.0
3674,HRV,2020,21672.47793772927,-0.08479149719618384,13.1,7.028201432058005,3925410.0
3675,HRV,2021,25059.94666497539,0.1452276633970122,12.4,6.97166860472579,3838570.0
3676,HRV,2022,26986.75134468592,0.07407523346599909,13.5,6.768263300163538,3790180.0
3677,HTI,1961,1702.0,-0.060970176261974984,24.7,7.359976738432074,3771000.0
3678,HTI,1962,1828.0,0.07141844288077515,24.7,7.121575502835463,3848000.0
3679,HTI,1963,1675.0,-0.08740930775492828,24.8,7.401292312610585,3928000.0
3680,HTI,1964,1604.0,-0.043312655832706604,24.8,7.183339466235782,4010000.0
3681,HTI,1965,1588.0,-0.010025146619379477,24.4,7.237346754511128,4094000.0
3682,HTI,1966,1546.0,-0.026804412659713783,24.6,7.398969857099012,4179000.0
3683,HTI,1967,1482.0,-0.04227842329133491,24.4,6.887654607275135,4267000.0
3684,HTI,1968,1510.0,0.01871712395293823,24.4,7.0964730032813295,4356000.0
3685,HTI,1969,1527.0,0.011195375409662311,24.8,7.4551249599287415,4447000.0
3686,HTI,1970,1567.0,0.025857937137388376,24.5,7.417520340550807,4541000.0
3687,HTI,1971,1651.0,0.0522182015641075,24.5,7.309814593955469,4585000.0
3688,HTI,1972,1635.0,-0.00973836058877442,24.7,7.424582854943762,4677000.0
3689,HTI,1973,1678.0,0.025959803695797312,24.9,7.1365627599207855,4771000.0
3690,HTI,1974,1742.0,0.03743127038529703,24.4,7.276418080566197,4866000.0
3691,HTI,1975,1726.0,-0.009227285769075166,24.5,6.968568118378649,4963000.0
3692,HTI,1976,1835.0,0.06123788884529713,24.4,6.946013991099227,5064000.0
3693,HTI,1977,1808.0,-0.014823219536548748,24.7,7.190977420711825,5167000.0
3694,HTI,1978,1859.0,0.02781744676932263,24.7,7.280214985476317,5270000.0
3695,HTI,1979,1959.0,0.052395430223096895,24.7,7.669168400212171,5375000.0
3696,HTI,1980,2063.0,0.05172709512671059,25.2,7.431299675155903,5483000.0
3697,HTI,1981,1964.0,-0.04917802415684047,25.0,7.483356895687039,5595000.0
3698,HTI,1982,1855.0,-0.05709851387287568,24.8,7.179841363809362,5709000.0
3699,HTI,1983,1835.0,-0.010840214552865213,25.2,7.283516907716859,5827000.0
3700,HTI,1984,1803.0,-0.017592537285352705,24.6,7.26073339807658,5950000.0
3701,HTI,1985,1776.0,-0.015088299651202064,24.5,7.311952917523336,6076000.0
3702,HTI,1986,1729.0,-0.026820437868824598,24.6,7.2668971774846565,6205000.0
3703,HTI,1987,1682.0,-0.027559645150397216,25.1,7.46993919502327,6335000.0
3704,HTI,1988,1701.0,0.011232751862968016,25.0,7.355193718567724,6459000.0
3705,HTI,1989,1619.0,-0.04940763871822629,24.8,7.091658916958743,6586000.0
3706,HTI,1990,1602.0,-0.010555826049331252,25.0,7.240219494205811,6725000.0
3707,HTI,1991,1628.7187828396118,0.016540834296828066,25.0,6.978493293487479,6850000.0
3708,HTI,1992,1535.970673148007,-0.058631141402387676,25.1,7.014185222597984,6983000.0
3709,HTI,1993,1443.1808409183943,-0.06231294671936016,25.1,7.345687577227803,7139000.0
3710,HTI,1994,1262.337056938873,-0.13388478479411337,25.3,7.092324308316571,7300000.0
3711,HTI,1995,1378.5416903588186,0.08806138427533128,25.3,7.373562616096463,7464000.0
3712,HTI,1996,1426.4125543445498,0.03413639464493823,24.9,7.269268499561119,7629000.0
3713,HTI,1997,1456.233862680955,0.020690967902267765,25.5,7.130818827096176,7792000.0
3714,HTI,1998,1480.5769214979248,0.01657826679238461,25.7,7.411677126431333,7957000.0
3715,HTI,1999,1513.3318271761614,0.021881904484552628,25.2,6.820998415055855,8121000.0
3716,HTI,2000,1520.7292353637617,0.0048762517912299685,25.1,7.241223006583051,8279000.0
3717,HTI,2001,1501.1024655367003,-0.01299016474855108,25.2,7.416077772530009,8430000.0
3718,HTI,2002,1494.183677303327,-0.004619792706784587,25.4,7.175336679726915,8580000.0
3719,HTI,2003,1495.8921279730891,0.0011427475200900261,25.4,7.42684664716516,8739000.0
3720,HTI,2004,1439.2076587890158,-0.03863004478266063,25.2,7.130098510125578,8900000.0
3721,HTI,2005,1461.800049352979,0.015575861626007992,25.1,7.566362773267338,9061000.0
3722,HTI,2006,1493.0381883452285,0.02114450966603698,25.2,7.21118766152515,9216000.0
3723,HTI,2007,1541.7674392197964,0.03211634964844734,25.1,7.645397699428633,9364000.0
3724,HTI,2008,1555.4931929743498,0.008863215104204514,24.8,7.234032869193281,9508000.0
3725,HTI,2009,1604.112720904786,0.030778120608825787,25.0,7.160768263898625,9652000.0
3726,HTI,2010,1556.5504333413041,-0.030098669717657067,25.0,7.430173448783935,9553000.0
3727,HTI,2011,1648.0,0.05709031935148268,24.7,7.419140746006642,9670000.0
3728,HTI,2012,1674.0,0.015653540580003344,25.1,7.3147525460683775,9793000.0
3729,HTI,2013,1722.0,0.028270433938255124,25.3,6.900227012561346,9922000.0
3730,HTI,2014,1749.0,0.015557790030926277,25.5,7.283242163570615,10047000.0
3731,HTI,2015,1742.0,-0.00401031760615389,25.8,7.1325774206749015,10254000.0
3732,HTI,2016,1748.726927372147,0.0038541746972997615,25.6,7.604446173165448,10486000.0
3733,HTI,2017,1767.9230045060708,0.01091736065201765,25.5,7.377008626837169,10646714.0
3734,HTI,2018,1773.109548514298,0.0029293984958007613,25.4,7.138628876358258,10788440.0
3735,HTI,2019,1719.4462228532534,-0.030732536748840467,25.6,7.2271540179854865,10933446.490714442
3736,HTI,2020,1641.7617050038757,-0.046232399873368024,25.7,7.188337204943611,11076832.62204015
3737,HTI,2021,1591.760015319581,-0.030929543740062293,25.5,7.172884946963406,11214737.549750414
3738,HTI,2022,1546.42219420341,-0.028896330929172542,25.4,7.1572680853164155,11349369.42986833
3739,HUN,1961,6083.0,0.04488525510734931,10.9,6.1516682986483175,10029000.0
3740,HUN,1962,6315.0,0.03742976046388691,9.5,6.319148277696116,10063000.0
3741,HUN,1963,6644.0,0.05078643594859322,9.6,6.428912701069197,10091000.0
3742,HUN,1964,6994.0,0.05133844689013678,9.6,6.47327322180348,10124000.0
3743,HUN,1965,7029.0,0.004991809552583604,9.3,6.672412620210929,10152934.0
3744,HUN,1966,7406.0,0.052246034297652955,10.8,6.605433229790841,10184561.0
3745,HUN,1967,7801.0,0.05196144811475456,10.5,6.268527940411622,10223422.0
3746,HUN,1968,7865.0,0.008170605904066264,10.4,6.2858118574285236,10263542.0
3747,HUN,1969,8069.0,0.025607022356126663,9.7,6.442221644407853,10302814.0
3748,HUN,1970,8015.0,-0.006714772804851776,9.9,6.519737084477693,10337004.0
3749,HUN,1971,8349.0,0.04082698515034622,10.2,6.1349153295129435,10364869.0
3750,HUN,1972,8505.0,0.018512454635962072,10.3,6.426812029698016,10394091.0
3751,HUN,1973,8920.0,0.04764172074409245,10.0,6.193180151008571,10425984.0
3752,HUN,1974,9111.0,0.02118652813980404,10.6,6.572981598996505,10471272.0
3753,HUN,1975,9253.0,0.01546534853517123,10.7,6.418364935936212,10531820.0
3754,HUN,1976,9231.0,-0.00238043825887857,9.9,6.414278293550759,10588729.0
3755,HUN,1977,9765.0,0.056237179320627106,10.5,6.348439446055712,10637171.0
3756,HUN,1978,9967.0,0.020475071656678168,9.4,6.336471686179032,10673300.0
3757,HUN,1979,9964.0,-0.00030103858538588213,10.4,6.446830313669605,10698234.0
3758,HUN,1980,10052.0,0.008793022281411211,9.1,6.5156011849336455,10711122.0
3759,HUN,1981,10123.0,0.007038442935270339,10.4,6.367672474149028,10711848.0
3760,HUN,1982,10493.0,0.03589830555915796,10.4,6.299500565440154,10705535.0
3761,HUN,1983,10401.0,-0.008806412804776897,10.9,6.161840032883536,10689463.0
3762,HUN,1984,10696.0,0.027967884428646173,9.9,6.401585466752341,10668095.0
3763,HUN,1985,10452.0,-0.023076492141276717,9.3,6.4165688704684944,10648713.0
3764,HUN,1986,10678.0,0.021392202419628248,10.1,6.168773562078393,10630563.0
3765,HUN,1987,10861.0,0.01699284121990452,9.8,6.442221644407853,10612740.0
3766,HUN,1988,11207.0,0.03136019177199323,10.6,6.3561076606958915,10442500.0
3767,HUN,1989,11003.0,-0.018370620182116326,10.9,6.3431771992169,10397959.0
3768,HUN,1990,10296.0,-0.06641249259394932,11.1,6.271555378863942,10371878.0
3769,HUN,1991,9255.90961746882,-0.10649324520068504,9.9,6.439510102751265,10352870.0
3770,HUN,1992,9153.920824393477,-0.011079932189735686,11.2,6.240470757947919,10330850.0
3771,HUN,1993,9294.464013631381,0.015236662662388767,10.4,6.275703197782002,10300830.0
3772,HUN,1994,9772.223487554455,0.050125067764092535,11.8,6.333457232260573,10267810.0
3773,HUN,1995,10134.833886895496,0.036434366394914264,10.6,6.522533877351015,10335820.0
3774,HUN,1996,10359.18141128738,0.021894829630237922,9.7,6.4600609366562365,10318080.0
3775,HUN,1997,10942.325887995117,0.05476515906325474,10.3,6.252674299228648,10297310.0
3776,HUN,1998,11663.028515253676,0.06378550422063789,10.8,6.535241271013659,10273380.0
3777,HUN,1999,12316.723995874505,0.05453413068049073,10.9,6.590987625635259,10244320.0
3778,HUN,2000,13129.273107833118,0.06388631229243202,11.9,6.140530895025876,10217740.0
3779,HUN,2001,13933.561262454807,0.05945608366633515,10.8,6.38839332419386,10194340.0
3780,HUN,2002,14899.306265101266,0.06701424320012528,11.7,6.399426535414734,10165350.0
3781,HUN,2003,15829.899936480215,0.06058590026261257,10.9,6.156343190290216,10136270.0
3782,HUN,2004,16999.005514218454,0.07125429044052645,10.6,6.520179203709713,10113850.0
3783,HUN,2005,18140.61741786459,0.06499863719228038,10.3,6.5564942248874845,10093760.0
3784,HUN,2006,19253.063137393667,0.0595166917216261,10.9,6.385194398997726,10078050.0
3785,HUN,2007,19763.790665712164,0.026181337135641414,12.0,6.464276728675756,10062450.0
3786,HUN,2008,20380.631763897556,0.030733517293001,11.9,6.432940092739179,10044850.0
3787,HUN,2009,19461.070328242917,-0.04616894982733655,11.7,6.472655365744282,10029300.0
3788,HUN,2010,20036.334653663314,0.029131281277669174,10.7,6.800281420676904,10006650.0
3789,HUN,2011,20886.0,0.04153172008302164,11.3,6.095148658384864,9978340.0
3790,HUN,2012,20731.670063284007,-0.0074165922263951245,11.7,6.263398262591624,9926940.0
3791,HUN,2013,21163.564092773035,0.020618542361738434,11.5,6.429558174707874,9899640.0
3792,HUN,2014,22118.75004819955,0.044144639098062655,12.4,6.590850347853453,9873010.0
3793,HUN,2015,22993.37507631797,0.03878046698676485,12.2,6.3473892096560105,9849560.0
3794,HUN,2016,23568.925742708747,0.024723004317822372,11.6,6.6131157259628575,9820530.0
3795,HUN,2017,24641.19805653534,0.04449062131226178,11.7,6.436791188641277,9794460.0
3796,HUN,2018,25995.509005591048,0.05350403264004022,12.6,6.3875524934035495,9782040.0
3797,HUN,2019,27272.312084521,0.047948185626735196,12.7,6.428589807944015,9777620.0
3798,HUN,2020,26091.400329999437,-0.044266207411308045,12.1,6.47095429056412,9756620.0
3799,HUN,2021,28085.962226124888,0.07366411584591148,11.4,6.321487460049288,9716330.0
3800,HUN,2022,29451.85578718789,0.04748703634834328,12.4,6.224954390476336,9689890.0
3801,IDN,1961,1690.0,0.046632729791910243,25.6,7.782306929273553,97610345.99999999
3802,IDN,1962,1653.0,-0.022136710096095413,25.6,7.937267547565947,99620499.58352166
3803,IDN,1963,1557.0,-0.05983092598702555,25.7,7.753795205645225,101674261.04845963
3804,IDN,1964,1583.0,0.016560888047013833,25.7,7.945697111450099,103771569.20080167
3805,IDN,1965,1567.0,-0.01015881752499137,25.6,7.729207719695006,105913384.33811489
3806,IDN,1966,1535.0,-0.020632582334723537,25.8,7.871120418242221,108102688.76090498
3807,IDN,1967,1470.0,-0.043267980248515414,25.6,7.77384685452344,110339487.29659167
3808,IDN,1968,1580.0,0.07216244624823087,25.7,7.919137985037319,112622807.83642146
3809,IDN,1969,1739.0,0.09588538833327043,25.9,7.837001722016508,114955701.88564754
3810,IDN,1970,1882.0,0.07902480579104143,25.8,7.951559331155252,117338245.12731525
3811,IDN,1971,1946.0,0.03344094260062569,25.6,7.9357662604667,119766538.0
3812,IDN,1972,2117.0,0.0842240083889152,25.8,7.661385894921593,122564573.7153568
3813,IDN,1973,2375.0,0.11499744533387624,26.0,8.00363049194036,125431887.37362334
3814,IDN,1974,2439.0,0.02659068174717838,25.6,7.883182467079869,128369315.80137843
3815,IDN,1975,2386.0,-0.02196979555805889,25.7,7.993822540147952,131218748.080617
3816,IDN,1976,2536.0,0.060969712899255235,25.5,7.787091527862526,134314127.14082944
3817,IDN,1977,2670.0,0.05149043583717905,25.6,7.856822930370229,137487451.4026981
3818,IDN,1978,2727.0,0.021123631451293257,25.7,7.959520514417403,140738776.47517675
3819,IDN,1979,2810.0,0.029982379482202504,25.8,7.824525895693143,144073216.9077831
3820,IDN,1980,2981.0,0.059074331350280396,25.8,7.853682479984598,147489948.0
3821,IDN,1981,3119.0,0.04525362292973156,25.9,7.921100123670543,150656806.8859295
3822,IDN,1982,2941.0,-0.05876277805380781,25.8,7.684048040628752,153895174.1816136
3823,IDN,1983,2994.0,0.01786062642557873,26.0,7.870280531195827,157207776.2126701
3824,IDN,1984,3134.0,0.0456998579363912,25.6,7.979681302387741,160595383.50988582
3825,IDN,1985,3143.0,0.002867613881601727,25.8,7.895994510168876,164060812.0
3826,IDN,1986,3269.0,0.039306369926643825,25.9,7.89510075522166,166997314.0479714
3827,IDN,1987,3370.0,0.030428616622195648,26.1,7.783224016336037,169990207.98971546
3828,IDN,1988,3500.0,0.03785022413109829,26.0,7.94435030989972,173040696.40067902
3829,IDN,1989,3747.0,0.06819255131618185,25.9,7.919828806233008,176152010.3215942
3830,IDN,1990,4007.0,0.06708731184245842,26.1,7.825125428075856,179323409.99999997
3831,IDN,1991,4310.777914335127,0.07307554674018135,26.0,7.760424402558967,182435760.0
3832,IDN,1992,4536.40989932572,0.05101754976106676,26.0,7.837199128101204,185560930.0
3833,IDN,1993,4837.131347219098,0.06418592000351175,26.0,7.803598375587187,188686760.0
3834,IDN,1994,5140.024967063988,0.06073608870195457,26.0,7.788708946566606,191866830.0
3835,IDN,1995,5494.9037123421485,0.06676312806465745,26.0,7.9425754345624675,195127040.0
3836,IDN,1996,5851.295543955146,0.06284203230478091,26.0,7.912972220050694,198465700.0
3837,IDN,1997,6055.848459302033,0.03436139535907934,26.1,7.684370064783345,201698330.0
3838,IDN,1998,5203.579443214507,-0.15167774934479894,26.3,7.932398047450072,204871590.0
3839,IDN,1999,5186.713407904092,-0.0032465013962106326,26.0,7.946086636765317,208105300.0
3840,IDN,2000,5384.386660454885,0.037403164493310825,26.0,7.951101479878477,211407570.0
3841,IDN,2001,5526.147336168685,0.02598748215833524,26.1,7.9187014308976735,214475080.0
3842,IDN,2002,5720.28186272957,0.03452719237874646,26.2,7.811365957698918,217515500.0
3843,IDN,2003,5938.877796230632,0.03750211145420046,26.1,7.923022189938894,220548610.0
3844,IDN,2004,6180.909971145314,0.039945312819259726,26.1,7.8247657517806415,224472830.0
3845,IDN,2005,6482.0120838929315,0.047565463788449946,26.1,7.871273049218974,227533560.0
3846,IDN,2006,6782.62453186025,0.04533315720267872,26.0,7.84290701849721,230738540.0
3847,IDN,2007,7157.313201750369,0.05377053325282688,26.0,7.911177380646498,233918420.0
3848,IDN,2008,7633.165795995926,0.06436801413237703,25.9,7.9586118682376,237056440.0
3849,IDN,2009,7935.844291513395,0.038887075736644405,26.2,7.8740925283404275,240140490.0
3850,IDN,2010,8386.43318624644,0.05522555403377538,26.3,8.054840221101024,243170650.0
3851,IDN,2011,8849.0,0.05368915498637783,26.1,7.9355873855892,246150360.0
3852,IDN,2012,9272.009119772563,0.04669563133378141,26.2,7.912606187835772,249086270.0
3853,IDN,2013,9676.147241246144,0.04266372017362485,26.2,7.934513463882263,251947060.0
3854,IDN,2014,10050.716853723687,0.037980150897416465,26.2,7.820118307518312,254701560.0
3855,IDN,2015,10432.30479116771,0.03726326101221211,26.3,7.770813996259355,257350980.0
3856,IDN,2016,10849.669581175413,0.0392274044726193,26.4,7.947006730255098,259905600.0
3857,IDN,2017,11292.258408524542,0.03998276816676949,26.2,7.973465516307649,262379070.0
3858,IDN,2018,11768.467550581036,0.04130631884305558,26.2,7.893795929044396,264788840.00000003
3859,IDN,2019,12250.278163963407,0.040124930810556236,26.4,7.779383316950099,267142330.00000003
3860,IDN,2020,11895.075330697577,-0.029424167288748748,26.4,7.952192933203975,269436930.0
3861,IDN,2021,12233.968593294914,0.028091916944884332,26.2,7.99033980657305,271674270.0
3862,IDN,2022,12801.67093446864,0.0453593105097152,26.1,8.011554094337546,273409140.0
3863,IND,1961,1208.0,0.006644542718668767,24.950000000000003,7.494235535348556,444000000.0
3864,IND,1962,1208.0,0.0,25.0,7.426430017691526,454000000.0
3865,IND,1963,1242.0,0.027756883998663717,25.15,7.3869044598875755,464000000.0
3866,IND,1964,1309.0,0.05254050341647609,25.05,7.455761073872411,474000000.0
3867,IND,1965,1229.0,-0.06306265634386587,25.05,7.398663868907769,485000000.0
3868,IND,1966,1215.0,-0.011456753791385665,25.299999999999997,7.414994479212707,495000000.0
3869,IND,1967,1286.0,0.05679254902291575,25.0,7.462128778675613,506000000.0
3870,IND,1968,1290.0,0.0031055925581533472,25.049999999999997,7.269164000893381,518000000.0
3871,IND,1969,1347.0,0.04323767905464582,25.4,7.522454313212941,529000000.0
3872,IND,1970,1384.0,0.027097959767250934,25.15,7.4227621491413505,541000000.0
3873,IND,1971,1364.0,-0.014556297774206861,24.700000000000003,7.562265575927165,554000000.0
3874,IND,1972,1329.0,-0.025994779690162062,25.049999999999997,7.312386706341724,567000000.0
3875,IND,1973,1360.0,0.023057920016851696,25.200000000000003,7.595311861228837,580000000.0
3876,IND,1974,1344.0,-0.011834457647002417,24.9,7.36191530862906,593000000.0
3877,IND,1975,1430.0,0.06202420217085791,24.700000000000003,7.4434296007175185,607000000.0
3878,IND,1976,1417.0,-0.009132483563272231,24.8,7.384424146096634,620000000.0
3879,IND,1977,1494.0,0.05291512600208215,24.95,7.534922900608107,634000000.0
3880,IND,1978,1540.0,0.030325329714911753,24.950000000000003,7.573967960801878,648000000.0
3881,IND,1979,1427.0,-0.07620807793083806,25.4,7.428422316778985,664000000.0
3882,IND,1980,1495.0,0.04655186834795,25.3,7.551186867296149,679000000.0
3883,IND,1981,1557.0,0.04063468600921194,25.15,7.365749584102142,692000000.0
3884,IND,1982,1570.0,0.008314726508355186,25.049999999999997,7.45633900835073,708000000.0
3885,IND,1983,1663.0,0.05754758085057432,25.049999999999997,7.683794948881642,723000000.0
3886,IND,1984,1690.0,0.01610532872419146,25.0,7.587639899308504,739000000.0
3887,IND,1985,1720.0,0.017595761890379258,25.2,7.413518108405666,755000000.0
3888,IND,1986,1755.0,0.020144566092467286,25.1,7.471106936999575,771000000.0
3889,IND,1987,1793.0,0.021421337705167076,25.5,7.451154573179616,788000000.0
3890,IND,1988,1938.0,0.07776631884557883,25.35,7.558725380642897,805000000.0
3891,IND,1989,2024.0,0.04341923795664471,24.85,7.395383921143925,822000000.0
3892,IND,1990,2087.0,0.030651876669844036,25.35,7.448479453093991,839000000.0
3893,IND,1991,2062.3101938964883,-0.011900820304830084,25.35,7.404613815519512,857530330.0
3894,IND,1992,2115.257442888654,0.025349719706420082,25.2,7.393386164113572,875407180.0
3895,IND,1993,2176.4277546796197,0.02850836061535844,25.4,7.431477384483148,893369390.0
3896,IND,1994,2254.8988565309332,0.03542023085707413,25.3,7.409741954080923,911360860.0
3897,IND,1995,2355.963213949457,0.04384453292478252,25.4,7.467999440877855,929359120.0
3898,IND,1996,2475.56805896638,0.049520236565675724,25.4,7.4943467855225,947349690.0
3899,IND,1997,2514.0217106960536,0.015413857588506552,25.15,7.457522730862745,965307790.0
3900,IND,1998,2611.781380479922,0.03814876373152032,25.7,7.4761042499917805,983180710.0
3901,IND,1999,2707.7406339436475,0.03608206296695293,25.3,7.424582854943762,1000964740.0
3902,IND,2000,2753.08550705882,0.01660771252434934,25.4,7.503289630675082,1018667410.0
3903,IND,2001,2837.8555311499513,0.030326387009162126,25.5,7.400681662860296,1036256260.0
3904,IND,2002,2870.9236333256918,0.011585129175862185,25.799999999999997,7.323104709164278,1053662560.0
3905,IND,2003,3035.9225160240767,0.05588153602060153,25.65,7.433341428221352,1070881820.0000001
3906,IND,2004,3212.5110336341645,0.05653754733323346,25.7,7.369001927549062,1087941160.0
3907,IND,2005,3396.6487023021523,0.055736384921063475,25.55,7.458791510409521,1104803030.0
3908,IND,2006,3629.4110758938496,0.0662811273381756,25.65,7.5199635170367305,1121354320.0
3909,IND,2007,3870.6989456960296,0.06436469978840087,25.6,7.423896748570363,1137576240.0
3910,IND,2008,4030.654378070055,0.040493642611872716,25.45,7.438618796484635,1153546770.0
3911,IND,2009,4270.707793828763,0.0578508337135375,26.0,7.434700284628011,1169239120.0
3912,IND,2010,4525.745476807693,0.05800273665577649,26.1,7.653328861720459,1184638230.0
3913,IND,2011,4768.0,0.05214461992448882,25.6,7.395537429579515,1199809730.0
3914,IND,2012,4982.083174923584,0.043921182024609706,25.65,7.35224877405778,1214838720.0
3915,IND,2013,5224.144726688181,0.04744298399264579,25.6,7.480794849154172,1229765160.0
3916,IND,2014,5524.114583596415,0.05583188241845072,25.75,7.512344432560291,1244577000.0
3917,IND,2015,5869.846531869248,0.06070551081382902,25.799999999999997,7.463793245569676,1259235840.0
3918,IND,2016,6326.064423371508,0.07484981972219629,26.05,7.530909087721548,1273693250.0
3919,IND,2017,6638.727716492645,0.04824202743226991,25.85,7.525046807238547,1287901850.0
3920,IND,2018,7046.436408458912,0.05960167888463097,25.75,7.626594572465537,1301821410.0
3921,IND,2019,7293.989586302366,0.03452864962640767,25.9,7.620484474269805,1315530100.0
3922,IND,2020,6730.546822014761,-0.08039427290838574,25.8,7.710339654240458,1329061880.0
3923,IND,2021,7315.121362710703,0.08328723350265221,25.8,7.6290281966011,1339912270.0
3924,IND,2022,7765.592962073302,0.05975919184782441,25.9,7.773215767138967,1349059740.0
3925,IRL,1961,7186.0,0.05154234762030363,9.6,7.0192966537150445,2818300.0
3926,IRL,1962,7390.0,0.027993046268784738,8.7,6.98988810852066,2830000.0
3927,IRL,1963,7685.0,0.03914264203044837,8.5,6.976161311646197,2850000.0
3928,IRL,1964,7948.0,0.03364994769901131,9.4,7.0317412587631285,2864000.0
3929,IRL,1965,8051.0,0.012875982628273164,8.8,7.130578779085422,2876000.0
3930,IRL,1966,8097.0,0.0056973153861328285,9.3,7.148031229036648,2884000.0
3931,IRL,1967,8531.0,0.05221296522258001,9.3,7.048386408721883,2900100.0
3932,IRL,1968,9197.0,0.07517075599400336,9.3,7.069533934544762,2912500.0
3933,IRL,1969,9706.0,0.053866907062463554,9.1,6.8748187787358725,2925600.0
3934,IRL,1970,9881.0,0.017869470229802786,9.3,7.020369423351272,2950100.0
3935,IRL,1971,10128.0,0.024690144188994623,9.8,6.760646413943925,2978300.0
3936,IRL,1972,10621.0,0.04752930793758203,9.0,7.002155954403621,3024400.0
3937,IRL,1973,10946.0,0.03014091938232255,9.6,6.962906123446985,3073200.0
3938,IRL,1974,11225.0,0.02516934090659184,9.3,7.092490587000027,3124200.0
3939,IRL,1975,11662.0,0.03819225917164637,9.8,6.858775096760419,3177300.0
3940,IRL,1976,11639.0,-0.0019741648401243594,9.7,6.947168281338972,3227800.0
3941,IRL,1977,12425.0,0.06534904402285235,9.3,7.0866543189747615,3271900.0
3942,IRL,1978,13150.0,0.05671118664108121,9.3,7.026249173029926,3314000.0
3943,IRL,1979,13335.0,0.013970399010204915,8.6,7.11175678476798,3368200.0
3944,IRL,1980,13614.0,0.02070651739178153,9.3,7.13918440988312,3401000.0
3945,IRL,1981,13893.0,0.02028644114096423,9.3,7.081540504753805,3443400.0
3946,IRL,1982,14061.0,0.012019891441955366,9.6,7.179231747086985,3480000.0
3947,IRL,1983,13931.0,-0.009288434884592078,9.8,7.042023899787171,3504000.0
3948,IRL,1984,14435.0,0.035539240390811244,9.5,7.031122692932421,3529000.0
3949,IRL,1985,14834.0,0.027266030199468716,8.8,7.0769071617274495,3540000.0
3950,IRL,1986,14768.0,-0.004459165553869937,8.5,7.155240161682505,3540500.0
3951,IRL,1987,15458.0,0.04566399092418294,9.1,6.95129358099662,3539900.0
3952,IRL,1988,16313.0,0.0538356672694853,9.7,7.126167655920446,3529600.0
3953,IRL,1989,17343.0,0.06122663081428392,10.1,6.97307474510278,3513200.0
3954,IRL,1990,18838.0,0.082687139632176,10.2,7.080615551986579,3508200.0
3955,IRL,1991,19253.943451180472,0.021839787960105994,9.6,6.98434588114385,3528210.0
3956,IRL,1992,20032.718690376718,0.03965097702884002,9.6,7.03816931770407,3557230.0
3957,IRL,1993,20627.07857240413,0.029237835021362457,9.4,7.120040086961471,3576240.0
3958,IRL,1994,22004.813915300332,0.06465653734285048,9.7,7.190449934922871,3588250.0
3959,IRL,1995,24266.142215191514,0.09782081053586467,10.3,7.06373286043649,3603560.0
3960,IRL,1996,26562.90898441493,0.09043378933677992,9.3,7.057467552210464,3628380.0
3961,IRL,1997,29455.920349476623,0.10337907680973579,10.4,7.0558303970475,3666600.0
3962,IRL,1998,31908.647904032827,0.07998214678555726,10.2,7.193385247307787,3716510.0
3963,IRL,1999,35377.16219328252,0.10318940894539352,10.3,7.147795277956077,3757140.0
3964,IRL,2000,38806.50135741528,0.0925213171835022,9.9,7.1676549704214665,3806640.0
3965,IRL,2001,40966.33297006363,0.05416278895613935,9.8,6.888674391169345,3866220.0
3966,IRL,2002,43012.8146170694,0.0487475033398006,10.2,7.2909747781429814,3934320.0
3967,IRL,2003,44372.75640648108,0.031127601016882167,10.2,6.9175075704248155,3999500.0
3968,IRL,2004,47028.86473517585,0.05813586983941299,10.2,7.024649030453636,4069900.0
3969,IRL,2005,49223.383055229664,0.04560721944280033,10.2,7.009589584863405,4162620.0
3970,IRL,2006,51296.19441464795,0.041247790529046924,10.4,7.109552612276748,4272500.0
3971,IRL,2007,52322.23125306971,0.019804786039184563,10.5,7.008776393040865,4402940.0
3972,IRL,2008,49583.14152629393,-0.05377046514100314,9.9,7.219495616526989,4498850.0
3973,IRL,2009,47375.73453925263,-0.04554071930415304,9.9,7.239573846922003,4542010.0
3974,IRL,2010,48623.81051558438,0.02600317116623785,8.9,6.964985912436409,4562630.0
3975,IRL,2011,48980.0,0.007298712289054876,10.0,7.070129197966396,4581410.0
3976,IRL,2012,47360.089597748025,-0.033632169105718646,9.7,7.1067700587177525,4600320.0
3977,IRL,2013,48181.235981012556,0.01718976784354176,9.7,7.034828361545613,4622940.0
3978,IRL,2014,50732.345955199584,0.05159404418996871,10.4,7.216342312113814,4655380.0
3979,IRL,2015,53196.599376056205,0.047430778350015856,9.7,7.22802554102707,4698720.0
3980,IRL,2016,53686.843511572435,0.009173498911142275,10.0,7.034387929915503,4751970.0
3981,IRL,2017,55465.65182610588,0.03259597143430426,10.2,7.076738271336911,4805290.0
3982,IRL,2018,58083.44769518441,0.04611678675044395,9.9,7.1091438984933175,4863700.0
3983,IRL,2019,59733.91176779393,0.028019165540737134,10.1,7.171963995248276,4930260.0
3984,IRL,2020,55134.85649890633,-0.0801177749534947,10.1,7.220081182346678,4983460.0
3985,IRL,2021,57278.42345862671,0.038141878370822724,10.2,7.05695084534399,5021780.0
3986,IRL,2022,60257.083715207715,0.050696138640573096,10.6,7.054190557211683,5117920.0
3987,IRN,1961,3622.0,0.05242736159352468,17.5,5.4174328474381985,22180698.0
3988,IRN,1962,3586.0,-0.009988984278281876,17.5,5.31762967758041,22836593.0
3989,IRN,1963,3867.0,0.07544163744221954,18.0,5.520260197285728,23512274.0
3990,IRN,1964,4026.0,0.04029431459244037,16.6,5.319589501823576,24217713.0
3991,IRN,1965,4388.0,0.08610021519538336,17.5,5.363168338867653,24948906.0
3992,IRN,1966,4686.0,0.06570579767262075,18.1,5.221436322212079,25707838.0
3993,IRN,1967,5062.0,0.07718232203732711,17.1,5.352805551832106,26476539.0
3994,IRN,1968,5659.0,0.11148553603745448,17.3,5.607271574275357,27254009.0
3995,IRN,1969,6212.0,0.09323570712605544,17.1,5.693058511293225,28046226.0
3996,IRN,1970,6677.0,0.07218587958928957,18.1,5.2235938203521,28854184.0
3997,IRN,1971,7296.0,0.08865746789629902,17.7,5.280662431309316,29677875.0
3998,IRN,1972,8247.0,0.12252324507918821,16.1,5.775482788821392,30522278.0
3999,IRN,1973,8706.0,0.054162945278887875,17.5,4.983606621708336,31392368.0
4000,IRN,1974,9210.0,0.05627740713710949,16.7,5.630853294633443,32306077.0
4001,IRN,1975,9377.0,0.01797003217027182,17.2,5.47058858748849,33265379.999999996
4002,IRN,1976,10665.0,0.12870746948582656,17.0,5.7407570774475625,34259296.0
4003,IRN,1977,10205.0,-0.04408955566150574,18.0,5.615679593101228,35350260.0
4004,IRN,1978,8710.0,-0.15840600539739746,17.8,5.43415858945945,36510133.0
4005,IRN,1979,7678.0,-0.12611269428580485,17.9,5.557599964478119,37838548.0
4006,IRN,1980,6334.0,-0.19242714846215847,18.0,5.451896454476337,39421764.0
4007,IRN,1981,5887.0,-0.07318541807032375,18.1,5.454893673590133,41141318.0
4008,IRN,1982,6535.0,0.10442581703006226,17.0,5.835395361458093,42885170.0
4009,IRN,1983,7108.0,0.08404856321621956,17.7,5.382198850528739,44631806.0
4010,IRN,1984,6951.0,-0.02233537617405723,17.2,5.4289069362516384,46409020.0
4011,IRN,1985,6853.0,-0.01419902151466168,17.8,5.180096735160606,48209267.0
4012,IRN,1986,5984.0,-0.13559727193151083,17.3,5.62293388679288,50027034.0
4013,IRN,1987,5713.0,-0.04634496092985074,18.1,5.387243575742438,51607119.0
4014,IRN,1988,5249.0,-0.08470669747216242,18.2,5.500849963958122,52997297.0
4015,IRN,1989,5303.0,0.010235115884830392,17.5,5.2988172415896875,54479330.0
4016,IRN,1990,5620.0,0.05805896575060743,18.1,5.195730777772936,56668726.0
4017,IRN,1991,6380.549889731056,0.1269226193500046,17.7,5.572914199451162,58973460.0
4018,IRN,1992,7036.31509003198,0.09783032516844514,16.8,5.635860458170742,60398760.0
4019,IRN,1993,6914.766598101254,-0.017425396863053777,17.5,5.583120298248974,60738150.0
4020,IRN,1994,6884.7061961862,-0.004356753321225426,18.0,5.428468051013081,60930480.0
4021,IRN,1995,7093.734930216464,0.029909532064877453,18.1,5.372960909543803,61683460.0
4022,IRN,1996,7746.409015083896,0.08801739278708354,17.8,5.579729825986222,62412850.0
4023,IRN,1997,8113.724178576165,0.04632758784091173,18.1,5.457455587886334,63193710.0
4024,IRN,1998,8458.386358180955,0.04160144668905019,18.7,5.411199523604709,63971980.0
4025,IRN,1999,8714.626643387242,0.029844419742669714,18.9,5.340418542566672,64703750.0
4026,IRN,2000,9104.762991179769,0.04379484485364493,18.6,5.27709373009641,65411320.0
4027,IRN,2001,9620.626663182067,0.05511172204089476,19.1,5.095588999976419,66167229.99999999
4028,IRN,2002,10467.370641552168,0.0843534564724493,18.8,5.320078858329549,66689110.0
4029,IRN,2003,11502.852158609781,0.09433215767966985,18.5,5.453610250954072,67806630.0
4030,IRN,2004,12404.323660768203,0.07545007574443119,18.8,5.547518452181536,68479510.0
4031,IRN,2005,13110.142347710525,0.05534106151014129,18.5,5.348535082708654,69324650.0
4032,IRN,2006,14185.753313532063,0.07885201753211746,18.8,5.444147814759576,70158080.0
4033,IRN,2007,15467.10742416923,0.08647749421266937,18.5,5.323497665078335,71040080.0
4034,IRN,2008,15739.983881581285,0.017488551536501973,18.6,4.982235819574558,71941990.0
4035,IRN,2009,16575.071120040935,0.051695607917702446,18.7,5.481888142742423,72888280.0
4036,IRN,2010,17751.330795081885,0.06856066061721044,19.6,4.9924713234685845,73825850.0
4037,IRN,2011,18024.0,0.01524371564814686,18.4,5.422744944923089,74625460.0
4038,IRN,2012,17556.53301880436,-0.026278070702849377,18.4,5.394081988532416,75446030.0
4039,IRN,2013,16842.896925218112,-0.041497111969635014,19.0,5.297817241506355,76417710.0
4040,IRN,2014,17449.937473101483,0.03540704498120384,18.6,5.313205979041787,77521020.0
4041,IRN,2015,16922.88101385683,-0.030669453068760788,19.1,5.333201768401539,78651630.0
4042,IRN,2016,17738.059459515636,0.047045970676814264,19.2,5.2278949022514904,79700020.0
4043,IRN,2017,18416.47870783314,0.03753326272144264,19.0,5.266826699456666,80724900.0
4044,IRN,2018,18154.532900416267,-0.014325569659376924,19.5,5.3831179682405015,81721030.0
4045,IRN,2019,17400.414329628675,-0.042426258124176996,18.9,5.6222108209623896,82685070.0
4046,IRN,2020,17296.263711327592,-0.006003510249337651,18.6,5.574432802628352,83613650.0
4047,IRN,2021,18052.368971167973,0.04278641337181277,19.7,4.879006851617819,84505420.0
4048,IRN,2022,18473.065452494615,0.023036828606899817,19.5,5.165928178502291,85108180.0
4049,IRQ,1961,4720.0,0.07933674223652254,21.7,5.471009374366148,7026278.0
4050,IRQ,1962,4809.0,0.018680362698061614,22.7,5.241217774507464,7240260.0
4051,IRQ,1963,4578.0,-0.049226940765151994,22.1,5.591360045241914,7468223.0
4052,IRQ,1964,4965.0,0.08115107596676197,21.0,5.168208681201016,7711071.0
4053,IRQ,1965,5241.0,0.054099022322892765,21.7,5.358941988364472,7970746.0
4054,IRQ,1966,5338.0,0.018338731162304,22.7,5.2663105704129505,8240450.999999999
4055,IRQ,1967,5043.0,-0.05684990788774513,20.8,5.581238121898107,8519282.0
4056,IRQ,1968,5745.0,0.13032876820613026,21.7,5.6153154933338705,8807547.0
4057,IRQ,1969,5745.0,0.0,21.9,5.717027701406222,9105567.0
4058,IRQ,1970,5536.0,-0.03705769298534989,22.4,5.163070217140011,9413671.0
4059,IRQ,1971,5686.0,0.02673479491343933,21.6,5.489763831118992,9732199.0
4060,IRQ,1972,5297.0,-0.07086639066641887,20.5,5.631928370888217,10061506.0
4061,IRQ,1973,5982.0,0.12161433764536689,21.5,4.9684234452869465,10401956.0
4062,IRQ,1974,6097.0,0.019041886717923617,21.1,5.608738925969307,10753925.0
4063,IRQ,1975,6878.0,0.12053106508439448,21.4,5.462983988103271,11117804.0
4064,IRQ,1976,8007.0,0.15198824708042302,21.2,5.488524417615982,11493995.0
4065,IRQ,1977,7957.0,-0.006264114695099465,21.8,5.424509391785796,11882916.0
4066,IRQ,1978,9075.0,0.13147133575551706,22.0,5.255931650051599,12317137.0
4067,IRQ,1979,10769.0,0.17114825619582952,22.5,5.352805551832106,12768376.0
4068,IRQ,1980,10165.0,-0.057721189266434436,21.8,5.46721590300985,13232839.0
4069,IRQ,1981,8035.0,-0.23514344789083275,22.1,5.463407986413629,13703103.0
4070,IRQ,1982,7704.0,-0.04206732469365271,20.9,5.61349300330874,14173318.0
4071,IRQ,1983,6805.0,-0.12408203839239462,21.2,5.2574953720277815,14652218.0
4072,IRQ,1984,6593.0,-0.03164915597226603,21.6,5.362699625477305,15160546.0
4073,IRQ,1985,6268.0,-0.050551155637389655,21.9,5.332235584751498,15693620.0
4074,IRQ,1986,5992.0,-0.04503207827885625,21.9,5.470167623474696,16247340.0
4075,IRQ,1987,6052.0,0.009963549711191177,22.2,5.465102184192863,16543188.999999998
4076,IRQ,1988,4635.0,-0.26675259690829023,21.8,5.578974824062853,17038084.0
4077,IRQ,1989,4098.0,-0.12313714920110996,21.7,5.1328529268205045,17568414.0
4078,IRQ,1990,3918.0,-0.04491773029435997,22.0,5.128121989551922,18134702.0
4079,IRQ,1991,1518.7420827848096,-0.9476989044104096,22.0,5.462135451777431,17473890.0
4080,IRQ,1992,2046.1808843965366,0.29809265730562995,20.7,5.483966713434666,17862850.0
4081,IRQ,1993,2132.382324701761,0.04126474459209373,21.6,5.573673789309181,18404040.0
4082,IRQ,1994,2108.538005938978,-0.011244997860223371,22.5,5.5556690891919835,18967600.0
4083,IRQ,1995,1996.927799657097,-0.054384919772402895,22.2,5.113793386198882,19555020.0
4084,IRQ,1996,2337.5226534014655,0.15748177405145292,22.6,5.535758222563071,20162660.0
4085,IRQ,1997,2337.9478790562657,0.0001818964115036792,21.9,5.376666332959013,20785050.0
4086,IRQ,1998,2794.7864918705027,0.17848214453637823,23.1,5.216564864675778,21421740.0
4087,IRQ,1999,3157.11246136115,0.12190211742251211,23.1,5.19794439240125,22076270.0
4088,IRQ,2000,3649.492947483389,0.14493040764774712,22.6,5.245970886175828,22748150.0
4089,IRQ,2001,4147.648519530656,0.12795331240533692,23.2,5.285232126999381,23439670.0
4090,IRQ,2002,4631.652538346694,0.11037217229478813,22.6,5.425390449111513,24212060.0
4091,IRQ,2003,3782.4526380147104,-0.20254107888919926,22.7,5.443283136798223,24978660.0
4092,IRQ,2004,6061.554618446105,0.4715936596208756,22.6,5.384953673207583,25725620.0
4093,IRQ,2005,6441.4102161774845,0.060781188933031416,22.6,5.263208189434469,26530790.0
4094,IRQ,2006,7117.6135054778115,0.09982499361152719,22.7,5.489350863944013,26705980.0
4095,IRQ,2007,7587.6056734255835,0.06394359617049616,22.7,5.2192741592075835,26428550.0
4096,IRQ,2008,8587.264719996962,0.1237641756171417,22.8,4.960744524482791,26968790.0
4097,IRQ,2009,9268.7091555216,0.07636386099695436,22.8,5.251225759014186,28023930.0
4098,IRQ,2010,10274.330304873407,0.10300446090931992,24.2,5.113793386198882,28956360.0
4099,IRQ,2011,11484.0,0.1113061811419147,22.4,5.25227342804663,29973940.0
4100,IRQ,2012,12521.541228183441,0.08649569712940064,23.0,5.245443876940969,31321330.0
4101,IRQ,2013,12877.204591609185,0.028008202919574288,22.6,5.367376902479531,32779449.999999996
4102,IRQ,2014,12559.503483328872,-0.02498103363122972,23.1,5.232177564043492,33856660.0
4103,IRQ,2015,12574.507434070307,0.0011939162892069533,23.3,5.182906515036709,34674180.0
4104,IRQ,2016,14173.762245477823,0.11972098129246156,23.1,5.44673737166631,35437310.0
4105,IRQ,2017,13403.637262845936,-0.05586641860804953,23.1,5.204006687076795,36199690.0
4106,IRQ,2018,13724.742070997776,0.023674086927501392,23.9,5.5782192516808555,37015400.0
4107,IRQ,2019,14203.61758637821,0.03429649718791339,23.2,5.462135451777431,37845870.0
4108,IRQ,2020,11717.375296314593,-0.19242388352386008,23.2,5.443283136798223,38673150.0
4109,IRQ,2021,12355.586949059647,0.05303553707645747,24.0,5.038898759369115,39491120.0
4110,IRQ,2022,13071.940065372299,0.056359607826603764,23.6,5.1298987149230735,40364270.0
4111,ISL,1961,10728.0,-0.021303890501878087,2.1,7.07326971745971,178905.0
4112,ISL,1962,11435.0,0.0638216814953676,1.6,6.904650464028658,182053.0
4113,ISL,1963,12366.0,0.07827194366163148,1.6,6.8560408432954585,185481.0
4114,ISL,1964,13386.0,0.07925861354207342,2.5,6.934591932935697,188847.0
4115,ISL,1965,14100.0,0.05196541270567323,1.3,6.68110558833864,192288.0
4116,ISL,1966,15058.0,0.06573461404380687,0.8,6.825460036255307,195610.0
4117,ISL,1967,14642.0,-0.028015300203479754,0.9,6.9276559406884735,198676.0
4118,ISL,1968,13648.0,-0.07030112047512738,0.9,6.882745115977969,201245.0
4119,ISL,1969,13880.0,0.016855964329336004,0.6,6.9874902470009905,202920.0
4120,ISL,1970,14830.0,0.0662032010711826,1.0,6.980168959491182,204104.0
4121,ISL,1971,16606.0,0.11311191968999701,1.3,7.017506142941256,206092.0
4122,ISL,1972,17366.0,0.04475019579861517,2.5,7.175872195939078,209275.0
4123,ISL,1973,18277.0,0.05112916713385118,1.0,7.046734306263588,212364.0
4124,ISL,1974,19054.0,0.04163361451228198,2.3,7.115419643447887,215324.0
4125,ISL,1975,18935.0,-0.006264991930828856,1.3,7.00397413672268,218031.0
4126,ISL,1976,19877.0,0.048551223054703385,2.1,7.032359442206668,220133.0
4127,ISL,1977,21465.0,0.07686041726806181,1.5,6.836581459527612,221823.0
4128,ISL,1978,22579.0,0.05059656908466792,1.7,6.911846896885391,223587.0
4129,ISL,1979,23443.0,0.037551672106189926,-0.1,6.858775096760419,225749.0
4130,ISL,1980,24528.0,0.045243379262077,1.6,6.806276110032283,228161.0
4131,ISL,1981,25284.0,0.03035646248059365,0.5,6.909653476265217,230803.0
4132,ISL,1982,25477.0,0.007604299758629196,1.3,6.993474154384675,233997.0
4133,ISL,1983,24605.0,-0.03482641005073894,0.7,7.090243488555412,237041.0
4134,ISL,1984,25357.0,0.030105151723528678,2.0,7.037466885503794,239498.0
4135,ISL,1985,25990.0,0.024657022611927815,1.4,6.811024090022365,241403.0
4136,ISL,1986,27439.0,0.054253510391530924,1.4,6.972325049631437,242999.0
4137,ISL,1987,29576.0,0.07499786258940055,2.6,6.871609832345784,244676.0
4138,ISL,1988,28934.0,-0.021945847426930953,1.1,6.961769867288376,249885.0
4139,ISL,1989,28652.0,-0.009794125455194092,1.3,7.1195547285956895,252746.0
4140,ISL,1990,28760.0,0.003762284100641722,1.6,7.036236440630677,254719.0
4141,ISL,1991,28258.016773918625,-0.017608335910473727,2.4,7.1223019830708285,257930.0
4142,ISL,1992,26859.281947711668,-0.05076573935012618,1.7,7.175948674850056,261029.99999999997
4143,ISL,1993,26833.80124049222,-0.000949124453999417,1.6,7.0136456542395695,263730.0
4144,ISL,1994,27457.806857299725,0.022988197198497318,1.5,7.0155328711555685,265930.0
4145,ISL,1995,27235.833297278037,-0.008117023410404656,1.0,6.925496960458294,267330.0
4146,ISL,1996,28277.78713527553,0.037543082641439796,2.1,6.931959967678955,268830.0
4147,ISL,1997,29939.14278341433,0.05709015786533733,2.1,7.056520052247249,270830.0
4148,ISL,1998,31444.61598472512,0.04906102820363678,1.5,6.967720860149571,273730.0
4149,ISL,1999,32186.931121894468,0.02333272874812664,1.7,7.0162508751354355,277120.0
4150,ISL,2000,33108.29099103723,0.028223229745385936,2.0,6.92195399838195,281120.0
4151,ISL,2001,33794.45145581882,0.020512896771419875,2.3,6.974104659523671,285020.0
4152,ISL,2002,33470.49477312857,-0.009632333202453935,2.5,7.1252830915107115,287520.0
4153,ISL,2003,33920.70867149926,0.01336140544429476,3.2,7.107425474110705,289220.0
4154,ISL,2004,36209.24391769578,0.06528873993261364,2.8,7.1223019830708285,292520.0
4155,ISL,2005,37884.05696917531,0.04521592006589081,2.0,6.978772766217417,295820.0
4156,ISL,2006,38707.21313863168,0.021495605537143803,2.6,7.121090889305261,304220.0
4157,ISL,2007,41111.15433172196,0.06025351093447817,2.5,7.1499953259873354,311320.0
4158,ISL,2008,40810.229086209285,-0.00734671672947762,2.3,6.967249850767777,319310.0
4159,ISL,2009,37701.851081884684,-0.07922356932034802,2.5,7.10052209363763,319110.0
4160,ISL,2010,36272.68701148201,-0.03864415943209387,2.7,6.839262282536836,317910.0
4161,ISL,2011,36740.0,0.012801045655246313,2.4,7.169888747587542,318910.0
4162,ISL,2012,36933.89395710618,0.0052635850869187095,2.5,7.0054263061555835,320610.0
4163,ISL,2013,38245.497349293546,0.03489617211119267,2.1,7.06544255481773,323710.0
4164,ISL,2014,38463.028443709096,0.005671642761642559,3.2,7.1277739529488215,327310.0
4165,ISL,2015,39756.52712742219,0.033076552336980924,1.9,7.095230201016887,330710.0
4166,ISL,2016,41682.867768726086,0.047316167426487254,3.1,7.134492365806477,335310.0
4167,ISL,2017,42419.38447995987,0.017515239383387282,2.8,7.0896600822797495,343310.0
4168,ISL,2018,43321.06283185401,0.021033517376231714,2.5,7.229548881062685,352600.0
4169,ISL,2019,43136.606957372525,-0.004266970294185768,2.7,6.998600962281714,360500.0
4170,ISL,2020,39368.39939902689,-0.09140853719246778,2.3,7.073778062806589,366400.0
4171,ISL,2021,40412.61674476612,0.02617858309232446,2.7,7.045428084107209,372400.0
4172,ISL,2022,42145.593546320735,0.04198810490865945,2.5,7.128255339350929,380100.0
4173,ISR,1961,7964.0,0.06900184045879243,18.6,6.220391343177919,2217050.0
4174,ISR,1962,8396.0,0.05282401575643725,19.9,5.628699668531845,2310904.0
4175,ISR,1963,8915.0,0.05997984935671674,19.5,6.0553778728516345,2406662.0
4176,ISR,1964,9430.0,0.05616084533026289,18.2,6.276267478808919,2498199.0
4177,ISR,1965,9997.0,0.05838895133967803,18.9,6.137078895912954,2578184.0
4178,ISR,1966,9867.0,-0.013089192110014025,19.6,6.1167747380734285,2641123.0
4179,ISR,1967,9918.0,0.005155432191910947,18.0,6.279271611747914,2693585.0
4180,ISR,1968,11210.0,0.12245494901712739,18.9,6.155494833929685,2746986.0
4181,ISR,1969,12310.0,0.09360570311229388,19.2,6.1092475827643655,2817051.0
4182,ISR,1970,12913.0,0.04782261566815116,18.9,5.986954391630096,2903434.0
4183,ISR,1971,13885.0,0.07257456489424818,18.5,6.297477576244487,2996919.0
4184,ISR,1972,15108.0,0.08441528409144894,18.3,5.906723318652891,3095893.0
4185,ISR,1973,15374.0,0.017453366076729537,18.6,5.819786150412507,3197411.0
4186,ISR,1974,15980.0,0.03866016941118744,18.5,6.4577111274760055,3285761.0
4187,ISR,1975,16176.0,0.01219072193998727,18.4,5.967427969279741,3354242.0
4188,ISR,1976,16053.0,-0.007632914280838676,18.4,5.934100229718411,3423635.0
4189,ISR,1977,15721.0,-0.02089834978789895,18.6,6.2166061010848646,3495918.0
4190,ISR,1978,16139.0,0.026241304844308644,18.8,5.80302430930585,3569780.0
4191,ISR,1979,16761.0,0.0378160560914349,19.3,6.205970905026528,3653480.0
4192,ISR,1980,17508.0,0.043603160183527834,18.7,6.230678278599687,3737473.0
4193,ISR,1981,18103.0,0.033419751065157044,18.7,5.911067610035953,3801338.0
4194,ISR,1982,18155.0,0.002868334472493572,18.0,6.129485845005356,3858421.0
4195,ISR,1983,18468.0,0.017093499778443544,17.9,6.1870313306519575,3926893.0
4196,ISR,1984,18305.0,-0.008865258072543014,18.5,5.964607092938099,3997337.0
4197,ISR,1985,18605.0,0.01625611522638515,19.0,5.9417489548620495,4068470.0
4198,ISR,1986,19160.0,0.029394410744128407,18.8,6.330255521948153,4139683.0
4199,ISR,1987,20196.0,0.052659792453955134,18.8,6.000672027858895,4210377.0
4200,ISR,1988,20256.0,0.0029664809650959967,18.8,6.316623023828922,4282043.0
4201,ISR,1989,20091.0,-0.00817909236574188,18.8,5.794536837924666,4355345.0
4202,ISR,1990,20829.0,0.03607429284322272,19.1,5.768320995793772,4477808.0
4203,ISR,1991,20912.94059462437,0.004021888133499019,19.0,6.490116369942264,4649530.0
4204,ISR,1992,21531.596141653485,0.029153309757120383,18.0,6.465989191147641,4823610.0
4205,ISR,1993,21484.9793858044,-0.0021673865725588826,18.9,5.79727281774354,4999960.0
4206,ISR,1994,22128.804684392304,0.029526081489096967,19.5,6.458181531247909,5177510.0
4207,ISR,1995,23378.15952818054,0.05492209377509916,19.1,5.575570243509278,5356270.0
4208,ISR,1996,23979.995274983416,0.025417719537955463,19.6,5.931714542702208,5494090.0
4209,ISR,1997,24226.731187719328,0.010236665521375699,18.8,6.18826412308259,5635490.0
4210,ISR,1998,24506.160735323432,0.011467926444066023,20.0,5.771752601095469,5775050.0
4211,ISR,1999,24644.204273032487,0.0056172075491041085,19.9,5.376666332959013,5927170.0
4212,ISR,2000,26058.840587072566,0.05581532849762105,19.3,6.089044875446846,6088390.0
4213,ISR,2001,25427.319382366648,-0.024532918319168928,20.0,5.981414211254481,6236090.0
4214,ISR,2002,24823.552894204004,-0.024031246298065412,19.8,6.194201288644529,6365650.0
4215,ISR,2003,24545.245047545737,-0.011274764890798039,19.8,6.317345175873304,6484470.0
4216,ISR,2004,25210.87875613714,0.02675744697169513,19.6,5.941223330671235,6602960.0
4217,ISR,2005,25686.405701767577,0.018686292895935708,19.5,5.8805329864007,6723300.0
4218,ISR,2006,26571.255443271046,0.0338681181296181,19.4,5.855358414110991,6846150.0
4219,ISR,2007,27624.88310216695,0.03888691917235576,19.7,5.797879798035317,6971860.0
4220,ISR,2008,27857.61866769685,0.008389561508229448,19.9,5.664348405410794,7099880.0
4221,ISR,2009,27644.69749458088,-0.007672552511639452,19.8,5.831002324666921,7226380.0
4222,ISR,2010,28575.531463220977,0.03311687116600304,21.3,5.872399439949042,7360410.0
4223,ISR,2011,29370.0,0.027422936814739174,19.3,5.992963423231718,7497800.0
4224,ISR,2012,29580.83529937477,0.007152950327064644,20.1,6.149109116189496,7637020.0
4225,ISR,2013,30316.601574343185,0.024568773675634148,19.9,6.105462651161393,7780740.0
4226,ISR,2014,30906.148225450244,0.01925966659564793,20.1,5.922114468973189,7931430.0
4227,ISR,2015,31050.40794692868,0.004656810871701111,19.9,6.054908719664517,8090840.0
4228,ISR,2016,31822.87480265819,0.02457341792620049,20.3,5.948557046096705,8251430.0
4229,ISR,2017,32549.81845035535,0.022586426470198262,19.9,5.2235938203521,8412100.0
4230,ISR,2018,33227.12511661866,0.020594772849914733,20.6,6.181051314893349,8576020.0
4231,ISR,2019,33951.890251752986,0.021577966046375963,20.0,6.121615231573027,8741760.0
4232,ISR,2020,32730.94254137353,-0.03662364439930421,20.1,6.319508508247561,8899460.0
4233,ISR,2021,34969.01406308376,0.06614147131158354,20.4,5.971516909298286,9047250.0
4234,ISR,2022,36648.91695538968,0.046921519997914274,19.8,6.19072515795886,9187790.0
4235,ITA,1961,10158.0,0.07436547573368735,14.2,6.545062262717842,50523200.0
4236,ITA,1962,10882.0,0.06884847568468011,13.3,6.593592329280758,50843200.0
4237,ITA,1963,11576.0,0.06182394126544821,13.3,6.760182914515001,51198300.0
4238,ITA,1964,11934.0,0.030457479770708673,13.7,6.70857236511277,51600200.0
4239,ITA,1965,12111.0,0.014722661439023454,13.1,6.638436890547314,51987100.0
4240,ITA,1966,12659.0,0.044254294115777526,13.8,6.7580945044277305,52331600.0
4241,ITA,1967,13476.0,0.06254190088961487,13.7,6.472037127702952,52667100.0
4242,ITA,1968,14513.0,0.07413447394391959,13.6,6.636471352339992,52986600.0
4243,ITA,1969,15248.0,0.04940354742361919,13.3,6.71210529197685,53317000.0
4244,ITA,1970,15492.0,0.015875414740660787,13.4,6.4760488596687455,53661100.0
4245,ITA,1971,15683.0,0.012253561499781185,13.5,6.563714472860972,54005500.0
4246,ITA,1972,16035.0,0.02219650999283118,13.4,6.775137754367298,54365564.0
4247,ITA,1973,16950.0,0.055494000681340694,13.4,6.61324998118223,54796843.0
4248,ITA,1974,17607.0,0.03802871641784833,13.5,6.585481761760737,55226259.0
4249,ITA,1975,17123.0,-0.02787396123747321,13.6,6.694933276739799,55571894.0
4250,ITA,1976,18147.0,0.05808266878605295,13.2,6.893047650109863,55838536.0
4251,ITA,1977,18599.0,0.024602558040102807,13.8,6.565546620508988,56059245.0
4252,ITA,1978,19230.0,0.033363743767697684,13.1,6.751569195792809,56240143.0
4253,ITA,1979,20275.0,0.05291704040078926,13.7,6.847686752516018,56367710.0
4254,ITA,1980,20959.0,0.03317954838954584,13.0,6.7191339200396545,56451247.0
4255,ITA,1981,21041.0,0.003904766866151377,13.5,6.555072356312942,56502489.0
4256,ITA,1982,21123.0,0.003889578947932293,14.2,6.685985783221071,56535636.0
4257,ITA,1983,21345.0,0.01045502600481818,14.0,6.513081731952171,56630129.0
4258,ITA,1984,21868.0,0.024206860822827636,13.3,6.8033942636573945,56696963.0
4259,ITA,1985,22469.0,0.027112200391341545,13.7,6.578417531261524,56731215.0
4260,ITA,1986,23106.0,0.02795574263673295,13.9,6.680227129350103,56733833.0
4261,ITA,1987,23824.0,0.030601151880826905,13.8,6.675823221634848,56729703.0
4262,ITA,1988,24743.0,0.03784914478675461,14.2,6.556636300614086,56734027.0
4263,ITA,1989,25454.0,0.02833028084144651,14.2,6.500388363584376,56737529.0
4264,ITA,1990,26003.0,0.02133901441071906,14.5,6.629495345109261,56742886.0
4265,ITA,1991,26570.36300367689,0.02158450586104621,13.6,6.615797411667567,56799210.0
4266,ITA,1992,26960.610843483308,0.014580521345044062,14.3,6.6237995882711695,56820820.0
4267,ITA,1993,26902.398223124954,-0.0021615072767673382,14.0,6.597554895099754,56855530.0
4268,ITA,1994,27668.257997101344,0.02807039953201418,15.0,6.563150059130735,56867140.0
4269,ITA,1995,28666.35229534556,0.03543820564192046,14.1,6.662877235521921,56868040.0
4270,ITA,1996,29231.2756037388,0.019515177310818643,13.7,6.896390948903087,56884040.0
4271,ITA,1997,29960.69977713035,0.024647297028671744,14.5,6.582440565056801,56914160.0
4272,ITA,1998,30649.629116416458,0.022734046279371256,14.3,6.584376941872082,56930460.0
4273,ITA,1999,31340.481406663963,0.022290035881423975,14.6,6.636077780672072,56940070.0
4274,ITA,2000,32716.980050789483,0.04298361315456134,14.9,6.5998704992128365,56965880.0
4275,ITA,2001,33511.43329684468,0.023992462308449092,14.6,6.559615237493242,57003590.0
4276,ITA,2002,33780.05399122097,0.007983836650401699,14.8,6.7576298204044996,57113640.0
4277,ITA,2003,33917.79936684082,0.004069421964743469,14.8,6.578695502076378,57423170.0
4278,ITA,2004,34472.12756983194,0.016211169324154895,14.3,6.704291798434754,57852350.0
4279,ITA,2005,34872.12660694891,0.011536744562162582,14.0,6.691835572757247,58190990.0
4280,ITA,2006,35713.80418293189,0.02384944028954017,14.7,6.497830240151879,58424290.0
4281,ITA,2007,36310.7349426204,0.01657614016047937,14.8,6.56625039983285,58780740.0
4282,ITA,2008,35942.93934612822,-0.010180763175810625,14.7,6.726712903686563,59235930.0
4283,ITA,2009,34055.22557284515,-0.05394917437094726,14.8,6.749462699987544,59580370.0
4284,ITA,2010,34765.93789539188,0.02065462288543074,14.2,6.811904953325303,59844380.0
4285,ITA,2011,35151.0,0.011014956016845545,15.0,6.535676589891606,60051870.0
4286,ITA,2012,34010.03518715312,-0.03299743372358854,14.9,6.542183734535649,60216340.0
4287,ITA,2013,33317.24412503938,-0.020580529085055588,14.5,6.664281461194676,60336790.0
4288,ITA,2014,33310.70502999905,-0.0001962868479132851,15.3,6.7448833460094955,60345890.0
4289,ITA,2015,33620.74085374743,0.009264346142053625,15.2,6.529126824827532,60254750.0
4290,ITA,2016,34120.422176858934,0.014752932003288421,15.1,6.566531772935438,60140300.0
4291,ITA,2017,34754.7701679821,0.01842073776815134,14.9,6.463185450993212,60027360.0
4292,ITA,2018,35149.822737797,0.01130274161147149,15.5,6.5543606631649745,59902200.0
4293,ITA,2019,35407.241128719455,0.007296775658096166,15.3,6.713563549617695,59754040.0
4294,ITA,2020,32385.32709510664,-0.08921089809275529,15.3,6.555925720039882,59463720.0
4295,ITA,2021,34827.13496942706,0.07269137065364006,14.9,6.535676589891606,59157890.0
4296,ITA,2022,36224.29371800584,0.03933316748767268,15.8,6.317164686747284,58966210.0
4297,JAM,1961,4307.0,0.018039613013785427,25.7,7.621342138779538,1647918.0
4298,JAM,1962,4339.0,0.007402300744240975,25.6,7.2850266527195195,1665128.0
4299,JAM,1963,4395.0,0.012823624320926541,25.6,7.940690620974377,1697847.0
4300,JAM,1964,4629.0,0.05187333091199342,25.7,7.515507956525134,1738997.0
4301,JAM,1965,4894.0,0.05566910297134697,25.6,7.335959874059791,1777397.0
4302,JAM,1966,4988.0,0.019025062797309644,25.6,7.71552495037878,1820082.0
4303,JAM,1967,5066.0,0.015516523761693435,25.6,6.993382364949574,1861096.0
4304,JAM,1968,5235.0,0.032815292743016755,25.5,7.346977483888435,1893477.0
4305,JAM,1969,5547.0,0.05789039675059726,26.0,7.745824976261692,1919615.0
4306,JAM,1970,6135.0,0.100752837089777,25.6,7.685565247420791,1943787.0
4307,JAM,1971,6062.0,-0.01197029952726325,25.5,7.4413203897176174,1967012.0
4308,JAM,1972,6150.0,0.014412303182815833,25.9,7.540568420502383,1997616.0
4309,JAM,1973,6583.0,0.06803848666731227,26.0,7.655343295220328,2036377.0
4310,JAM,1974,6229.0,-0.055274762213731066,25.6,7.610456672346894,2071146.0000000002
4311,JAM,1975,6129.0,-0.016184201768414397,25.7,7.354682176897896,2104879.0
4312,JAM,1976,5681.0,-0.07590433092860494,25.7,7.073608643068784,2133388.0
4313,JAM,1977,5501.0,-0.03219737968166747,26.0,7.435614995303907,2156814.0
4314,JAM,1978,5482.0,-0.0034598960127283362,26.0,7.571473648851271,2179441.0
4315,JAM,1979,5318.0,-0.03037270505976508,25.9,7.881144422896169,2207245.0
4316,JAM,1980,4975.0,-0.06667192221027207,26.2,7.632885505395133,2228803.0
4317,JAM,1981,5040.0,0.012980711472721396,26.0,7.604047508686155,2258368.0
4318,JAM,1982,5019.0,-0.004175371410481077,26.0,7.216562633048866,2298309.0
4319,JAM,1983,5117.0,0.019337619150158858,26.1,7.32409438364218,2306556.0
4320,JAM,1984,5059.0,-0.011399494513156583,25.7,7.5230490203372185,2313362.0
4321,JAM,1985,4814.0,-0.049640495948919394,25.7,7.277524122432028,2318652.0
4322,JAM,1986,4884.0,0.014436216887578013,25.7,7.538122391419375,2323182.0
4323,JAM,1987,5254.0,0.07302513501489116,26.4,7.734733807175603,2326606.0
4324,JAM,1988,5397.0,0.026853552373157896,26.1,7.627836460782163,2330226.0
4325,JAM,1989,5748.0,0.06300872458027129,25.9,7.37041954084111,2337517.0
4326,JAM,1990,6035.0,0.048723886332716404,26.1,7.471988959448744,2347922.0
4327,JAM,1991,6116.583318077087,0.013427804717723646,26.1,7.398725074036778,2380600.0
4328,JAM,1992,6292.028858163386,0.028279912403258223,26.2,7.216342312113814,2413420.0
4329,JAM,1993,6414.47499695309,0.01927358313427341,26.3,7.7437032581737535,2446470.0
4330,JAM,1994,6517.051589697604,0.015864908686879176,26.5,7.33849819427457,2479700.0
4331,JAM,1995,6656.283221580563,0.021139190441191502,26.4,7.662326761529082,2513040.0
4332,JAM,1996,6648.933156931844,-0.0011048396639754543,25.9,7.6599257999915435,2546420.0
4333,JAM,1997,6523.636361939611,-0.01902446957676851,26.6,7.299527059958299,2579390.0
4334,JAM,1998,6432.652956466898,-0.01404490110426515,26.9,7.5932734323775914,2611520.0
4335,JAM,1999,6485.322820069727,0.008154552443523144,26.3,7.614262811243919,2642780.0
4336,JAM,2000,6531.284758137969,0.007062074939756968,26.3,7.394800374082724,2670450.0
4337,JAM,2001,6615.192956377066,0.012765295690748246,26.4,7.528976719970493,2694390.0
4338,JAM,2002,6660.763022472471,0.00686507926686275,26.7,7.414211370230185,2707310.0
4339,JAM,2003,6908.666752574545,0.036542628600011895,26.6,7.703819993548769,2709360.0
4340,JAM,2004,7004.984536464446,0.013845297758097175,26.5,7.357173474618764,2710510.0
4341,JAM,2005,7073.770270170164,0.009771642731680075,26.4,7.96227634613728,2710710.0
4342,JAM,2006,7286.966682587152,0.029693751487821274,26.6,7.320063585572296,2709940.0
4343,JAM,2007,7402.178408572077,0.01568696991942531,26.3,7.990780044308533,2708170.0
4344,JAM,2008,7353.1071268786445,-0.006651374178838765,26.0,7.61218853155905,2705410.0
4345,JAM,2009,7115.373072990181,-0.03286529736572419,26.2,7.198183577101943,2701680.0
4346,JAM,2010,7025.930177209058,-0.012650048859612184,26.0,8.105126339673511,2697010.0
4347,JAM,2011,7141.0,0.01624520654540973,25.9,7.825564856825562,2691540.0
4348,JAM,2012,7119.505553796556,-0.0030145442459765803,26.2,7.628177101676963,2686140.0
4349,JAM,2013,7147.53380579895,0.003929096619671668,26.6,7.447576439589381,2681600.0
4350,JAM,2014,7198.430289774914,0.00709561200351061,26.7,7.4085911711187595,2677950.0
4351,JAM,2015,7268.231183366261,0.009649971472184049,27.0,7.080699673963495,2675280.0
4352,JAM,2016,7381.332418247254,0.015441208377774629,26.8,7.36562306588335,2673750.0
4353,JAM,2017,7433.147104870266,0.006995169533524859,26.7,7.9441374911141125,2673140.0
4354,JAM,2018,7569.062750933488,0.018119912483365752,26.7,7.312820307068962,2673100.0
4355,JAM,2019,7641.0816460298365,0.009469921051842078,26.8,7.382311031575095,2673590.0
4356,JAM,2020,6880.488352713083,-0.10484953893769067,26.9,7.813834045779875,2674600.0
4357,JAM,2021,7193.106273759636,0.04443347445949364,26.6,7.5959904151810616,2676070.0
4358,JAM,2022,7481.66835778115,0.03933270421554802,26.6,7.330994815189466,2675770.0
4359,JOR,1961,4280.0,0.14184354666319088,18.3,4.916324614625014,886800.0
4360,JOR,1962,4176.0,-0.024599159013368066,19.6,4.065602093356446,933559.0
4361,JOR,1963,4222.0,0.010955098845791156,19.1,4.853591544486569,974549.0
4362,JOR,1964,4752.0,0.11825663263421582,17.9,4.792479284293085,1017180.0
4363,JOR,1965,5074.0,0.06556387911674655,18.6,4.897839799950911,1061463.0
4364,JOR,1966,5000.0,-0.014691548742989724,19.3,4.8496837630384935,1107384.0
4365,JOR,1967,4876.0,-0.02511270081507533,17.6,4.9621450849358215,1255058.0
4366,JOR,1968,4262.0,-0.13458667794260037,18.5,4.852811208902689,1382539.0
4367,JOR,1969,4420.0,0.036401162413181254,18.8,4.804021044733257,1453541.0
4368,JOR,1970,3818.0,-0.14641297078605042,18.5,4.513054897080286,1502959.0
4369,JOR,1971,3771.0,-0.01238650702733679,18.1,5.071416766356115,1556226.0
4370,JOR,1972,3754.0,-0.004518280111902584,17.9,4.8064770426931265,1613551.0
4371,JOR,1973,3806.0,0.01375683070964051,18.2,4.3489867805956814,1674258.0
4372,JOR,1974,3995.0,0.04846481034427974,18.2,5.173887288169859,1737593.0
4373,JOR,1975,4117.0,0.03008116356953039,18.1,4.703203926259457,1802960.0
4374,JOR,1976,4935.0,0.1812279300976769,18.0,4.603168183317418,1869657.0
4375,JOR,1977,5072.0,0.02738254424948039,18.2,4.869071729774468,1937652.0
4376,JOR,1978,5926.0,0.15561423201644864,18.5,4.2626798770413155,2006908.0
4377,JOR,1979,6247.0,0.052751899360059085,19.0,4.963543686562405,2077386.0
4378,JOR,1980,7141.0,0.1337514740555399,18.4,5.0682750735426705,2162807.0
4379,JOR,1981,7176.0,0.004889302189521771,18.4,4.378269585796169,2253579.0
4380,JOR,1982,7401.0,0.030873001458834537,17.7,4.997212273764115,2347031.0
4381,JOR,1983,7262.0,-0.018959853223185164,17.6,4.832305758571839,2439504.0
4382,JOR,1984,7599.0,0.045361386695503825,18.1,4.626931677769604,2532511.0
4383,JOR,1985,7578.0,-0.002767347091237937,18.7,4.799914262780603,2627750.0
4384,JOR,1986,7973.0,0.050811520923948805,18.5,4.906015244966153,2724221.0
4385,JOR,1987,7911.0,-0.007806637481099443,18.5,4.6141299273595635,2820042.0
4386,JOR,1988,7571.0,-0.04392903691808847,18.5,5.2278949022514904,2916505.0
4387,JOR,1989,6540.0,-0.14638799365206268,18.5,4.422448549172797,3018990.0
4388,JOR,1990,6044.0,-0.07887112105861505,18.7,4.637637376125593,3262054.0
4389,JOR,1991,5900.509320292871,-0.02402737175128067,18.6,5.052416828111211,3631310.0
4390,JOR,1992,6456.12314842036,0.08999033316064242,17.6,4.991792206294776,3868760.0
4391,JOR,1993,6460.662824138845,0.0007029110670480065,18.5,4.673762977453703,3986500.0
4392,JOR,1994,6538.173254234838,0.011925890641071746,19.1,5.094363509626968,4085830.0
4393,JOR,1995,6760.108465082189,0.03338112752867772,18.8,4.350277936359301,4173720.0000000005
4394,JOR,1996,6783.22904950219,0.003414314507907079,19.3,4.688591794127164,4276030.0
4395,JOR,1997,6942.458967216002,0.023202780240991316,18.4,4.9037921984782065,4379330.0
4396,JOR,1998,7120.493691528883,0.02532103191239443,19.7,4.525044141508807,4484220.0
4397,JOR,1999,7340.493689376685,0.030429038779681505,19.6,4.189654742026425,4591300.0
4398,JOR,2000,7621.840619610805,0.03761179116217939,19.0,4.56954300834494,4700340.0
4399,JOR,2001,7982.74070250386,0.04626390726674323,19.7,4.676560182074764,4811120.0
4400,JOR,2002,8394.055084111911,0.050241928283060844,19.5,4.848116364598481,4923410.0
4401,JOR,2003,8669.624649470688,0.0323017696203749,19.5,4.90527477843843,5037030.0
4402,JOR,2004,9288.616596052056,0.06896413167264726,19.3,4.578826210648489,5160830.0
4403,JOR,2005,9860.808145249524,0.05977849874606456,19.2,4.528289141652134,5295470.0
4404,JOR,2006,10404.5617208557,0.05367620973528098,19.1,4.574710978503383,5764570.0
4405,JOR,2007,10938.804383314186,0.05007216549210902,19.3,4.58700621536042,6242510.0
4406,JOR,2008,11378.256259399659,0.03938768595765296,19.6,4.252771798816619,6397170.0
4407,JOR,2009,11651.249751167961,0.023709260602808868,19.4,4.377014092850337,6537710.0
4408,JOR,2010,11601.087537414785,-0.004314602093375086,21.1,4.659658371272161,6679880.0
4409,JOR,2011,11615.0,0.0011985192791996724,19.0,4.688591794127164,6839600.0
4410,JOR,2012,11704.65707101586,0.00768943664209587,19.7,4.605170185988092,6952070.0
4411,JOR,2013,10834.426020005507,-0.07725814389813124,19.5,4.778282803696737,7706490.0
4412,JOR,2014,9765.810696665814,-0.10384107743181836,19.7,4.77912349311153,8839090.0
4413,JOR,2015,9307.248097850334,-0.04809411956253484,19.7,4.65586330030361,9506080.0
4414,JOR,2016,9149.412159168985,-0.017103829647910018,20.0,4.681204872264089,9862890.0
4415,JOR,2017,9186.47642490901,0.004042816474663979,19.6,3.9646154555473165,10066120.0
4416,JOR,2018,9174.501423959839,-0.0013043970474377886,20.3,4.809742351716865,10272680.0
4417,JOR,2019,9166.066669962705,-0.0009197920749901556,19.7,4.7535901911063645,10480270.0
4418,JOR,2020,8896.382551027444,-0.02986352050415242,19.8,4.945207488773801,10628440.0
4419,JOR,2021,9019.89487021807,0.01378793964798497,20.1,4.497584975308154,10716460.0
4420,JOR,2022,9151.478800964958,0.01448280500036958,19.6,4.874433672915854,10848720.0
4421,JPN,1961,7055.0,0.10465204945745299,12.0,7.443605167652863,94943293.0
4422,JPN,1962,7614.0,0.07625207265552802,11.4,7.407621062511786,95831757.0
4423,JPN,1963,8176.0,0.07121437550104304,11.2,7.4885173289472915,96811940.0
4424,JPN,1964,9035.0,0.09990289058284318,11.6,7.419560422861628,97826267.0
4425,JPN,1965,9459.0,0.045860745186841356,10.9,7.48605261786314,98882534.0
4426,JPN,1966,10370.0,0.091950353010402,11.3,7.550082737212108,99790308.0
4427,JPN,1967,11400.0,0.09469633315901405,11.5,7.337132207136614,100825279.0
4428,JPN,1968,12725.0,0.10995520703613693,11.3,7.383803105212184,101960672.0
4429,JPN,1969,14145.0,0.10579264231694374,11.1,7.371048946702774,103171831.0
4430,JPN,1970,15484.0,0.09044602796187107,11.1,7.396457985660357,104344973.0
4431,JPN,1971,16004.0,0.033031458279587866,11.1,7.393509218319105,105696786.0
4432,JPN,1972,17110.0,0.06682439690911224,11.6,7.618987927088467,107188273.0
4433,JPN,1973,18226.0,0.06318605816983336,11.5,7.2949206299188685,108706797.0
4434,JPN,1974,17765.0,-0.025618916600944175,11.0,7.4067107301776405,110162302.0
4435,JPN,1975,18082.0,0.017686738842183303,11.6,7.454256879200598,111573116.0
4436,JPN,1976,18600.0,0.028244612403982572,10.9,7.465369064246887,112774841.0
4437,JPN,1977,19230.0,0.03330997888153142,11.5,7.323698631377929,113872473.0
4438,JPN,1978,20060.0,0.042256222933101384,11.8,7.164101471124065,114912911.0
4439,JPN,1979,20982.0,0.04493714477550448,12.1,7.487285732755115,115890431.0
4440,JPN,1980,21404.0,0.01991289313976452,11.0,7.60060241453308,116807309.0
4441,JPN,1981,21924.0,0.024004106734810904,10.9,7.424642494126723,117648092.0
4442,JPN,1982,22440.0,0.023263153470626463,11.6,7.3857890799231365,118454974.0
4443,JPN,1983,22805.0,0.01613472950916872,11.4,7.425417480007116,119269949.0
4444,JPN,1984,23548.0,0.03206108100235028,11.0,7.134811167116262,120034697.0
4445,JPN,1985,24437.0,0.03705748601219838,11.6,7.45054457795352,120754335.0
4446,JPN,1986,24992.0,0.022457396479062197,11.0,7.289610521451167,121491913.0
4447,JPN,1987,25904.0,0.035841623278004775,11.8,7.3562160175513975,122091325.0
4448,JPN,1988,27393.0,0.05589010936703254,11.2,7.37938258934397,122613000.0
4449,JPN,1989,28601.0,0.043154175947197615,12.2,7.535350091301846,123107500.0
4450,JPN,1990,29949.0,0.04605425277288688,12.8,7.508951630794174,123537399.0
4451,JPN,1991,30837.43073704086,0.029233300767835146,12.2,7.514581753075555,124027110.0
4452,JPN,1992,30977.814490431163,0.004542050887911486,11.9,7.3632161734115416,124492830.0
4453,JPN,1993,30920.659268311716,-0.0018467414426410755,11.4,7.604495995052212,124863610.0
4454,JPN,1994,31135.427225745778,0.0069217647145638495,12.6,7.128576134926702,125041500.0
4455,JPN,1995,31887.277635764545,0.02386080009533842,11.9,7.33810810259808,125361310.0
4456,JPN,1996,32784.158185979286,0.027738306536475577,11.5,7.259678953495382,125636150.0
4457,JPN,1997,33038.29300139854,0.007721866129653421,12.1,7.413307020245419,125935970.0
4458,JPN,1998,32558.186616065806,-0.014638436737913096,12.8,7.590043716207206,126273770.0
4459,JPN,1999,32394.51549054036,-0.0050397124872869625,12.5,7.487173694213739,126511630.0
4460,JPN,2000,33210.80781599041,0.0248862260867746,12.3,7.366950709511269,126755480.0
4461,JPN,2001,33246.39206634778,0.0010708923584221708,12.0,7.390119697926092,127056300.0
4462,JPN,2002,33195.400475895716,-0.0015349254892829123,12.3,7.387523578282785,127324140.0
4463,JPN,2003,33619.94807056829,0.012708256937632001,12.0,7.488461380196333,127558000.0
4464,JPN,2004,34313.55688470585,0.02042093715556703,12.9,7.471306171371008,127657940.0
4465,JPN,2005,34857.755819604856,0.015735140536492054,12.0,7.2716342117693715,127678930.0
4466,JPN,2006,35333.11309237394,0.0135449111178918,12.2,7.527363556207212,127761880.0
4467,JPN,2007,35892.7127732509,0.01571371588226711,12.7,7.3178098394241085,127903800.0
4468,JPN,2008,35496.22745171,-0.011107866203589722,12.3,7.342066961647881,127968760.0
4469,JPN,2009,33590.01094460268,-0.055197692415163147,12.4,7.439441793415457,127957770.0
4470,JPN,2010,35011.4025017665,0.04144506474416687,12.7,7.514854254916629,127966760.0
4471,JPN,2011,34979.0,-0.0009259127801310996,12.2,7.49103178840637,127754890.0
4472,JPN,2012,35537.438764156825,0.015838872425135264,12.0,7.497318143285512,127476050.0
4473,JPN,2013,36312.34651581893,0.021571054001821466,12.4,7.468113648278619,127257180.0
4474,JPN,2014,36440.2154003201,0.003515175625452116,12.2,7.487677768827454,127186230.0
4475,JPN,2015,37053.174046739085,0.01668103388061226,12.7,7.517575196952329,127034320.0
4476,JPN,2016,37384.55705421662,0.008903688809182242,12.8,7.552867010503525,126857420.0
4477,JPN,2017,38078.9622718879,0.018404252128810583,12.2,7.355257642881359,126630560.0
4478,JPN,2018,38403.68119500713,0.008491361163894595,12.7,7.537962659768208,126367710.0
4479,JPN,2019,38332.93526364285,-0.0018438642377756054,12.9,7.381999902485127,126091780.0
4480,JPN,2020,36826.638969213906,-0.04008798688503923,13.0,7.516650907094491,125633550.0
4481,JPN,2021,37678.275798449475,0.022862221267205385,13.0,7.522021576688634,125427270.0
4482,JPN,2022,38268.788301490815,0.015550947502497081,12.9,7.401475434845189,124762110.0
4483,KAZ,1980,11899.0,-0.021203970740145905,6.2,5.499624223253072,14966718.0
4484,KAZ,1981,11604.0,-0.02510449671386006,7.3,5.605802066295998,15136447.0
4485,KAZ,1982,11322.0,-0.024602130644689524,6.7,5.459585514144159,15303467.0
4486,KAZ,1983,11735.0,0.03582809368851869,8.1,5.508173023535311,15466787.0
4487,KAZ,1984,11553.0,-0.015630685802104693,5.5,5.298317366548036,15630279.0
4488,KAZ,1985,11545.0,-0.000692700694422399,6.0,5.494706180553427,15789549.0
4489,KAZ,1986,11576.0,0.0026815465227230106,6.2,5.39906726964818,15946119.0
4490,KAZ,1987,11389.0,-0.01628601203696789,5.9,5.674010316322531,16109358.0
4491,KAZ,1988,12256.0,0.07336763570602045,6.8,5.572154032177765,16206749.0
4492,KAZ,1989,12153.0,-0.008439560109572142,7.1,5.483551344789026,16265063.0
4493,KAZ,1990,11888.0,-0.022046564913258848,7.3,5.631211781821365,16398131.000000002
4494,KAZ,1991,10557.11546438078,-0.1187294037935196,7.2,5.286244785313768,16522460.0
4495,KAZ,1992,10012.611157722837,-0.052954669954116795,6.3,5.542830943598439,16583480.0
4496,KAZ,1993,9173.637280947605,-0.08751155655541609,5.5,5.689007189074046,16522640.0
4497,KAZ,1994,8178.790803694124,-0.11478954149394305,6.1,5.508578292031233,16288690.0
4498,KAZ,1995,7674.063238419553,-0.0636980837804142,7.9,5.309257306586371,16021620.0
4499,KAZ,1996,7826.857651200674,0.01971487536787997,5.6,5.334649295795427,15871750.0
4500,KAZ,1997,8093.795999765463,0.03353673448649275,7.4,5.404927101606295,15691720.0
4501,KAZ,1998,8088.648031706908,-0.0006362411292393233,6.8,5.455321115357702,15484890.0
4502,KAZ,1999,8421.348060463917,0.04030831650898392,7.6,5.519859636495273,15356530.0
4503,KAZ,2000,9309.419465185802,0.10025681566385991,7.4,5.552571912887299,15334800.0
4504,KAZ,2001,10589.102835279045,0.1287987046246002,7.4,5.5506312951620265,15383370.0
4505,KAZ,2002,11640.180095676627,0.09463747640019626,7.8,5.6577385361547945,15447100.0
4506,KAZ,2003,12726.286825699914,0.08920676879469269,6.7,5.654592230465429,15525670.0
4507,KAZ,2004,13929.729757013873,0.09035570441727891,8.0,5.5819914176022785,15629390.0
4508,KAZ,2005,15233.840763004664,0.08949393162623487,7.6,5.413430173648541,15758320.0
4509,KAZ,2006,16786.554765093286,0.09705893522835041,7.5,5.527442989539794,15913640.0
4510,KAZ,2007,18181.05982153986,0.07980212867715508,7.8,5.484381909620826,16085790.0
4511,KAZ,2008,18665.76533203543,0.02631073205294676,7.7,5.378975269565491,16271340.0
4512,KAZ,2009,18750.540283577073,0.00453145200795646,7.1,5.564137192142683,16480180.0
4513,KAZ,2010,19964.529922988575,0.0627346280581964,7.6,5.457029057702858,16696700.0
4514,KAZ,2011,21302.0,0.06484376983739537,6.4,5.5345745570076295,16911320.0
4515,KAZ,2012,22089.923718804268,0.03632059920473907,6.9,5.418320158942733,17123680.0
4516,KAZ,2013,23110.025408993835,0.04514495954044939,8.3,5.66608060747219,17333360.0
4517,KAZ,2014,23819.74787260592,0.030248455411685526,6.6,5.477717994914328,17540030.0
4518,KAZ,2015,23782.56175517557,-0.0015623664181561026,8.0,5.663307642090483,17743130.0
4519,KAZ,2016,23731.51139526774,-0.0021488530099382785,8.0,5.787204082795274,17941330.0
4520,KAZ,2017,24396.7787940787,0.02764734719831985,7.7,5.442850517280335,18132900.0
4521,KAZ,2018,25142.706513208348,0.030116748064877186,6.7,5.485211785187126,18316330.0
4522,KAZ,2019,26026.063990443567,0.03453064205078604,8.0,5.41920668382349,18490910.0
4523,KAZ,2020,25124.48654506269,-0.035255566910720404,8.3,5.390440655423842,18656430.0
4524,KAZ,2021,25936.38276048782,0.0318037926157313,8.1,5.349010480863555,18813390.0
4525,KAZ,2022,26491.8568103925,0.021190672826261192,8.2,5.518255786913298,19010900.0
4526,KEN,1961,1093.0,-0.056904239017137925,24.7,6.961864604629169,8411966.0
4527,KEN,1962,1117.0,0.02172031089266202,24.5,6.543767950320282,8678557.0
4528,KEN,1963,1138.0,0.018625815617075325,24.5,6.820125529021163,8957178.0
4529,KEN,1964,1208.0,0.059693763808484235,24.4,6.57507584059962,9247518.0
4530,KEN,1965,1184.0,-0.02006756305080959,24.5,6.402746040537586,9549179.0
4531,KEN,1966,1294.0,0.08883965961689455,24.7,6.576051654436026,9863639.0
4532,KEN,1967,1317.0,0.01761822668243518,24.4,6.799724534768432,10191512.0
4533,KEN,1968,1366.0,0.0365303383874549,24.0,6.935467717548673,10532389.0
4534,KEN,1969,1404.0,0.027438544455020697,24.8,6.457083578035894,10887934.0
4535,KEN,1970,1458.0,0.03774032798284743,24.9,6.500238066747841,11247182.0
4536,KEN,1971,1500.0,0.028399474521697776,24.4,6.458024754575957,11633030.0
4537,KEN,1972,1524.0,0.015873349156290573,25.0,6.546498425538293,12044785.0
4538,KEN,1973,1546.0,0.014332492900774874,25.2,6.218400896660888,12482054.0
4539,KEN,1974,1564.0,0.011575691957889767,24.7,6.373490423482384,12944287.0
4540,KEN,1975,1502.0,-0.04044908878117681,24.6,6.36199308533525,13433414.0
4541,KEN,1976,1503.0,0.0006655574288947363,24.9,6.2373475853916815,13951436.0
4542,KEN,1977,1580.0,0.04996173626803824,24.9,6.779808264651515,14500404.0
4543,KEN,1978,1656.0,0.04698020892419219,24.8,6.734591659972948,15079690.0
4544,KEN,1979,1651.0,-0.0030238910250766082,24.8,6.685111602709578,15690251.0
4545,KEN,1980,1675.0,0.014432000339038353,25.0,6.217404185724193,16330543.0
4546,KEN,1981,1647.0,-0.016857714081526254,24.9,6.615261649533134,16987225.0
4547,KEN,1982,1680.0,0.019838342219664185,24.8,6.7852486044893405,17659971.0
4548,KEN,1983,1627.0,-0.03205596517826681,25.3,6.385868707856721,18347988.0
4549,KEN,1984,1594.0,-0.020491247868877238,24.9,6.283760957110508,19050214.0
4550,KEN,1985,1604.0,0.006253929076299514,24.7,6.512784907966614,19761488.0
4551,KEN,1986,1658.0,0.033111547268780406,24.9,6.520473841307601,20477115.0
4552,KEN,1987,1698.0,0.023839031176051684,25.3,6.393590753950631,21195780.0
4553,KEN,1988,1741.0,0.02500857289689673,25.2,6.665046572173087,21915872.0
4554,KEN,1989,1761.0,0.011422168728016935,24.6,6.640921039043194,22634772.0
4555,KEN,1990,1780.0,0.010731534789925057,25.0,6.622204267539311,23354478.0
4556,KEN,1991,1777.7837805486379,-0.001245842847524159,25.1,6.391414474528037,24104610.0
4557,KEN,1992,1724.8744312691024,-0.03021326708990646,25.0,6.454569434662561,24986230.0
4558,KEN,1993,1698.2541462243673,-0.015553503811482905,24.9,6.45661265737732,25764600.0
4559,KEN,1994,1729.717161151452,0.018357153924651648,25.0,6.6082704944112045,26399450.0
4560,KEN,1995,1789.894544052528,0.034198799700302374,25.2,6.48188336109631,27091500.0
4561,KEN,1996,1851.2813821524276,0.033721334147824855,25.1,6.267959273919186,27812890.0
4562,KEN,1997,1846.373835766398,-0.0026544115004307756,25.0,6.913439095450435,28575590.0
4563,KEN,1998,1889.9731036684593,0.02333897127961393,25.3,6.590301048196686,29375160.0
4564,KEN,1999,1920.8339449326857,0.016196839950697317,24.9,6.405724202897641,30191650.0
4565,KEN,2000,1914.8863918102004,-0.003101142610435481,25.1,6.19766537769188,31024770.0
4566,KEN,2001,1972.3811061400118,0.029583200752774097,25.4,6.435348765120091,31919020.0
4567,KEN,2002,1961.8949398416116,-0.005330683971964234,25.5,6.6904695371520875,32865230.000000004
4568,KEN,2003,1997.776820025734,0.01812416007032791,25.5,6.472964341492144,33846160.0
4569,KEN,2004,2066.210198119626,0.03368113481110857,25.3,6.487836213903822,34880300.0
4570,KEN,2005,2157.841569544736,0.04339234162112504,25.3,6.3080984415095305,35961320.0
4571,KEN,2006,2255.2585651583754,0.04415618069207028,25.4,6.657368991274053,37092530.0
4572,KEN,2007,2380.7763326176305,0.05416199524766352,25.3,6.552793153047079,38248170.0
4573,KEN,2008,2357.2325411299603,-0.009938345790880376,25.2,6.544631011363498,39440820.0
4574,KEN,2009,2404.629579916276,0.019907591990937057,25.8,6.516636764580894,40668420.0
4575,KEN,2010,2579.5309176535393,0.07021169666976501,25.6,6.490571777919774,41899930.0
4576,KEN,2011,2712.0,0.050078802537917966,25.4,6.567234859514355,43197680.0
4577,KEN,2012,2754.7645339718642,0.01564560026132522,25.2,6.695798917058491,44470150.0
4578,KEN,2013,2786.1372064414063,0.011324152348688443,25.4,6.616868075581408,45639360.0
4579,KEN,2014,2852.933016462436,0.023691470985925278,25.4,6.426812029698016,46808260.0
4580,KEN,2015,2921.342653418094,0.023695729739000804,25.5,6.677335318697152,47983120.0
4581,KEN,2016,2975.479467174077,0.01836186803541473,25.8,6.53813982376767,49095320.0
4582,KEN,2017,3020.9817782496148,0.01517667924290933,25.5,6.960252847939891,50201100.0
4583,KEN,2018,3120.4313827317205,0.032389385268498216,25.1,6.713684975153634,51357340.0
4584,KEN,2019,3207.2622939310386,0.02744644934898055,25.6,7.023669903578493,52522240.0
4585,KEN,2020,3129.5852831150996,-0.02451720694270243,25.6,6.6547966425887415,53691290.0
4586,KEN,2021,3292.7584367959853,0.05082514576154118,25.5,6.913041283411374,54866580.0
4587,KEN,2022,3403.923807340963,0.033203183060550145,25.5,6.826002777109878,55924330.0
4588,KGZ,1980,5848.0,-0.015777746926126213,2.6,6.06425021683363,3622728.0
4589,KGZ,1981,5789.0,-0.010140157350610579,2.4,6.278709023828715,3690194.0
4590,KGZ,1982,5726.0,-0.010942358420944487,1.9,5.874649792516147,3762646.0
4591,KGZ,1983,5992.0,0.045408039538994416,2.9,5.941486177301741,3841789.0
4592,KGZ,1984,5952.0,-0.006697948684125876,1.0,5.950902935351859,3923781.0
4593,KGZ,1985,5616.0,-0.05810763080728165,1.7,5.970496240671785,4005552.0
4594,KGZ,1986,5413.0,-0.03681619890866905,2.1,6.018349875889364,4089478.0
4595,KGZ,1987,5241.0,-0.03229114799481181,2.2,6.416405431716803,4175598.0
4596,KGZ,1988,5679.0,0.08026284107526571,2.5,6.155706990502031,4243665.0
4597,KGZ,1989,5719.0,0.007018804037883797,1.9,5.914313487919567,4301702.0
4598,KGZ,1990,5742.0,0.004013616765693229,2.7,6.060290738037835,4382486.0
4599,KGZ,1991,5161.904116044311,-0.10650205553732306,2.3,6.048317358700765,4445700.0
4600,KGZ,1992,4362.11265416902,-0.16834903245035449,2.2,6.085865222529466,4488850.0
4601,KGZ,1993,3764.9421123625634,-0.14722400778004285,1.3,6.369387152209746,4479710.0
4602,KGZ,1994,2993.827819366951,-0.22917971014886795,1.9,6.0112671744041615,4472460.0
4603,KGZ,1995,2776.0303102192483,-0.07553081453045785,2.7,5.69608626802173,4516180.0
4604,KGZ,1996,2901.554193957308,0.044224561132767626,1.6,6.024899323194219,4580160.0
4605,KGZ,1997,3114.6749563452076,0.07087827652744583,3.0,5.82452409235233,4643690.0
4606,KGZ,1998,3105.961049913123,-0.00280161453683192,2.4,6.381985207830324,4708410.0
4607,KGZ,1999,3144.4611549683736,0.01231935722454125,3.1,6.243001172923409,4773360.0
4608,KGZ,2000,3246.3830690680416,0.031898933181597755,2.9,6.024657514463746,4826160.0
4609,KGZ,2001,3357.9930090418734,0.03380200199032046,3.1,5.983180327520285,4864970.0
4610,KGZ,2002,3299.2459997492856,-0.017649519330348085,3.2,6.351583553449269,4901270.0
4611,KGZ,2003,3464.82014694552,0.0489667682099757,2.3,6.428266810525186,4945640.0
4612,KGZ,2004,3632.147095515402,0.0471632341342314,3.6,6.202333067546579,4998610.0
4613,KGZ,2005,3554.1856553323405,-0.021697993000916682,3.0,6.169610732491456,5048180.0
4614,KGZ,2006,3594.565237588054,0.011297081772788431,3.3,5.992464047441065,5095600.0
4615,KGZ,2007,3831.494819860611,0.06383197088269732,3.3,6.022236205774735,5137440.0
4616,KGZ,2008,4046.7207864801944,0.054651851357983006,3.0,5.902906520126191,5179600.0
4617,KGZ,2009,4075.833939994029,0.007168502808529098,2.9,6.144400203378695,5237750.0
4618,KGZ,2010,3977.648892565457,-0.02438445937146483,3.4,6.2656813686061925,5288840.0
4619,KGZ,2011,4142.0,0.040487848738250065,2.6,6.1837364347551045,5328180.0
4620,KGZ,2012,4103.819897525385,-0.009260540686453211,2.2,5.891091572961195,5373020.0
4621,KGZ,2013,4509.751501507293,0.09432383026555868,3.6,6.110580027998144,5423060.0
4622,KGZ,2014,4644.326135023042,0.029404235997144923,2.1,5.950642552587727,5477820.0
4623,KGZ,2015,4772.759897971902,0.027278443991741952,3.6,6.159729436912202,5537020.0
4624,KGZ,2016,4925.409447470012,0.031482675169151264,3.8,6.435669483532077,5598060.0
4625,KGZ,2017,5104.140189948135,0.03564460463737973,3.1,6.140746249823736,5658090.0
4626,KGZ,2018,5226.480546487255,0.02368610354399081,2.8,6.069351085765053,5716780.0
4627,KGZ,2019,5412.708154201197,0.03501143474823998,3.7,6.035959786994534,5774070.0
4628,KGZ,2020,4899.061185204598,-0.09970595873640953,2.9,6.133831788394904,5829740.0
4629,KGZ,2021,5035.927289811476,0.027554086090630037,3.8,5.80302430930585,5883520.0
4630,KGZ,2022,5304.840702135427,0.05202206574805324,4.2,6.163946183619964,5976240.0
4631,KHM,1961,1031.0,-0.037129443438991494,26.7,7.646926897853362,5919487.0
4632,KHM,1962,1084.0,0.05012869798263164,26.6,7.481781028634219,6083619.0
4633,KHM,1963,1135.0,0.04597474791591161,26.6,7.5693085879509034,6253990.0
4634,KHM,1964,1074.0,-0.05524265484669311,26.6,7.518227122873174,6426971.0
4635,KHM,1965,1095.0,0.01936436718179113,26.8,7.445534372308385,6602402.0
4636,KHM,1966,1116.0,0.018996500690654727,27.2,7.601702139712646,6780293.0
4637,KHM,1967,1143.0,0.02390552085355413,26.5,7.392216393316799,6960524.0
4638,KHM,1968,1164.0,0.018205964496572413,26.9,7.415656631230881,7143204.0
4639,KHM,1969,1151.0,-0.011231219569499906,27.0,7.536257266048551,7328687.0
4640,KHM,1970,1031.0,-0.11010192470492264,26.8,7.566362773267338,7395691.0
4641,KHM,1971,980.0,-0.05073191235234287,26.2,7.452924356770583,7388311.0
4642,KHM,1972,920.0,-0.06317890162153095,26.9,7.577736181510243,7452240.0
4643,KHM,1973,1239.0,0.2976862115860559,27.0,7.366697960868447,7535673.0
4644,KHM,1974,1049.0,-0.16646727323284516,26.5,7.604296692610098,7610236.0
4645,KHM,1975,925.0,-0.1257988708838722,26.7,7.544437922560956,7491268.0
4646,KHM,1976,1025.0,0.10265415406008405,26.6,7.546129433694791,7227154.0
4647,KHM,1977,1143.0,0.10896377222230136,27.0,7.342584995720205,6991474.0
4648,KHM,1978,1291.0,0.12176072705183216,27.1,7.549030050131371,6767162.0
4649,KHM,1979,1325.0,0.02599534757368005,27.4,7.487061643118323,6733638.0
4650,KHM,1980,1320.0,-0.0037807228399060477,27.1,7.576558536152565,6888021.0
4651,KHM,1981,1301.0,-0.014498537067911599,26.4,7.4770384723196965,7080110.0
4652,KHM,1982,1358.0,0.04287982960613679,26.5,7.479751257977932,7293842.0
4653,KHM,1983,1412.0,0.03899410993454566,26.9,7.636076534549736,7520615.0
4654,KHM,1984,1476.0,0.04432858710723053,26.5,7.58263665073519,7676468.0
4655,KHM,1985,1540.0,0.04244669024725667,26.6,7.528546797349942,7822120.0
4656,KHM,1986,1578.0,0.024375805998144706,26.6,7.535456860467013,8079132.0
4657,KHM,1987,1490.0,-0.057382102466314144,27.4,7.453330095074946,8380011.0
4658,KHM,1988,1473.0,-0.011474982476874729,27.2,7.611199265019451,8691850.0
4659,KHM,1989,1455.0,-0.01229523685703704,27.3,7.44038153270698,9013993.0
4660,KHM,1990,1404.0,-0.035680595019837114,27.6,7.554177661035847,9344566.0
4661,KHM,1991,1425.045553471786,0.014878474954671539,27.6,7.446935096244656,9682910.0
4662,KHM,1992,1427.2857310323895,0.0015707698705096362,27.3,7.377633900414722,10116790.0
4663,KHM,1993,1384.292501749733,-0.030585370368678255,27.3,7.284683728948113,10595540.0
4664,KHM,1994,1416.463739162818,0.022974261003950502,27.4,7.6098126456718385,10944130.0
4665,KHM,1995,1439.2865435327358,0.01598409386497135,27.2,7.527686397210823,11203530.0
4666,KHM,1996,1450.5251233663794,0.007778109987270021,26.8,7.540355959674049,11453510.0
4667,KHM,1997,1466.3666982038446,0.010862062469992217,27.3,7.407621062511786,11690240.0
4668,KHM,1998,1476.2960083316154,0.006748546335129113,27.9,7.520505522470053,11912660.0
4669,KHM,1999,1586.2104587694364,0.07181155852461263,26.7,7.590599566546185,12122150.0
4670,KHM,2000,1659.0890898348373,0.04492089844557423,27.0,7.615938844368196,12317240.0
4671,KHM,2001,1726.471284318923,0.03981089470920818,27.2,7.569772924345162,12503660.0
4672,KHM,2002,1770.9571137654855,0.025440537276892883,27.3,7.518987166340815,12690540.0
4673,KHM,2003,1850.2042883747308,0.043775916464494635,27.2,7.479073751176949,12881400.0
4674,KHM,2004,1965.8786389334944,0.06064323073511435,27.2,7.432602144110382,13076050.0
4675,KHM,2005,2144.844986180705,0.08712799237640212,27.3,7.468570347493042,13275770.0
4676,KHM,2006,2286.3846663963645,0.06390453947758434,27.3,7.632304222681614,13460680.0
4677,KHM,2007,2422.7565010500275,0.05793412023266775,27.1,7.7100258865604365,13630070.0
4678,KHM,2008,2482.006831285139,0.024161497145478883,26.8,7.486108701540001,13807930.0
4679,KHM,2009,2433.306125136748,-0.01981656113639385,27.1,7.531873873131646,13990170.0
4680,KHM,2010,2426.686966284998,-0.0027239392402407248,27.7,7.44938165190084,14161690.0
4681,KHM,2011,2496.0,0.028162511774350918,26.7,7.655390644826152,14321600.0
4682,KHM,2012,2649.3060781211075,0.0596082978875474,27.6,7.5200177308016185,14479590.0
4683,KHM,2013,2813.6703885181205,0.06019207071412325,27.2,7.643674551385951,14636780.0
4684,KHM,2014,2982.72858537496,0.05834869514873198,27.3,7.522292058960171,14793430.0
4685,KHM,2015,3149.874166498582,0.05452399063874225,27.7,7.406224880538543,14994060.0
4686,KHM,2016,3312.0814919050836,0.05021433636779271,27.9,7.461640392208575,15238380.0
4687,KHM,2017,3488.595142985761,0.051922276083686825,27.4,7.613818684808629,15479640.0
4688,KHM,2018,3692.4299528391257,0.0567856477776143,27.4,7.479356101462587,15717460.0
4689,KHM,2019,3896.797803857532,0.05387037480874213,27.9,7.44798435311737,15943720.0
4690,KHM,2020,3728.1984161734877,-0.04423002130462095,27.8,7.499423290592229,16148800.0
4691,KHM,2021,3796.4843887752886,0.018150359028753726,27.3,7.651928218145126,16338210.0
4692,KHM,2022,3944.2467702969593,0.0381825256584758,27.2,7.679944666882036,16514330.000000002
4693,KOR,1961,1605.8467768315745,0.03688656220867159,12.7,7.388389700583898,25613842.0
4694,KOR,1962,1620.4901655138297,0.009077470515721053,11.9,7.150779885889496,26420307.0
4695,KOR,1963,1720.8241206727103,0.06007464121681494,11.5,7.362327961197329,27211316.0
4696,KOR,1964,1834.9778125413961,0.06422907417486456,12.5,7.248717420876202,27984000.0
4697,KOR,1965,1917.4283186799933,0.0439524806889624,11.6,7.115419643447887,28705000.0
4698,KOR,1966,2093.8879813279277,0.08803774508528406,12.0,7.232010331664759,29436000.0
4699,KOR,1967,2232.0535060559173,0.063899400529424,12.0,6.99191258698886,30131000.0
4700,KOR,1968,2468.4835845801817,0.100682012258269,11.8,6.980633924394709,30838000.0
4701,KOR,1969,2764.1533662615707,0.11313036269882737,11.4,7.391230260725329,31544000.0
4702,KOR,1970,2974.8072732956584,0.07344486337754397,11.6,7.3674560152319755,32241000.0
4703,KOR,1971,3221.6744937750714,0.07972199869707453,11.7,7.098292990547432,32883000.0
4704,KOR,1972,3387.8905346118213,0.05030621302034177,11.9,7.425298290495652,33505000.0
4705,KOR,1973,3822.045799463185,0.12057836232960462,12.2,6.968944447294559,34073000.0
4706,KOR,1974,4112.601325032374,0.07326992523304554,11.4,7.269407814133649,34692000.0
4707,KOR,1975,4362.006746706523,0.05887646038478245,12.4,7.222274005387478,35281000.0
4708,KOR,1976,4855.940724881614,0.10727063263121828,11.5,7.051076098426359,35860000.0
4709,KOR,1977,5367.794887355466,0.10021434157543574,12.1,6.967249850767777,36436000.0
4710,KOR,1978,5856.49651833948,0.08713437234736787,12.6,7.15445909470536,37019000.0
4711,KOR,1979,6265.886205249983,0.06756847066388083,12.5,7.29871570088742,37534000.0
4712,KOR,1980,6064.040092821813,-0.03274377176509269,11.2,7.357556200910353,38124000.0
4713,KOR,1981,6398.8511360217,0.053742204323860676,11.4,7.186068601429818,38723000.0
4714,KOR,1982,6821.474936083777,0.0639572505059629,12.3,6.940416061221685,39326000.0
4715,KOR,1983,7611.734139861028,0.1096153076126214,12.2,7.1722710734020785,39910000.0
4716,KOR,1984,8303.518986307037,0.08698837683096983,11.7,7.172194312703518,40406000.0
4717,KOR,1985,8859.355336346227,0.06479460163030915,12.0,7.478508811328016,40806000.0
4718,KOR,1986,9756.205450692703,0.09642953820349653,11.5,7.17579571117863,41214000.0
4719,KOR,1987,10864.97413160522,0.1076406937747354,12.2,7.376320374033526,41622000.0
4720,KOR,1988,12039.9457868355,0.10268570430274693,12.1,6.838619540147275,42031000.0
4721,KOR,1989,12759.489612075165,0.058045340946978996,12.7,7.329552948377861,42449000.0
4722,KOR,1990,13874.0,0.08374130690011938,13.1,7.415415899404971,42869000.0
4723,KOR,1991,15056.160326567746,0.08177064650598354,12.3,7.272814972455262,43296000.0
4724,KOR,1992,15712.0022092603,0.042637660752751216,12.5,7.094068857045629,43748000.0
4725,KOR,1993,16503.433857817592,0.049143579627273226,11.9,7.319268725624505,44195000.0
4726,KOR,1994,17720.395308373292,0.07114778167792757,13.3,6.885816371463383,44642000.0
4727,KOR,1995,19089.299125574842,0.07441166931844201,12.3,6.997961546868286,45093000.0
4728,KOR,1996,20204.56136547132,0.056780466242239314,12.2,7.093238499113671,45525000.0
4729,KOR,1997,21055.94615644955,0.04127460889240986,12.8,7.239214973779806,45954000.0
4730,KOR,1998,19624.6915876868,-0.07039444971225706,13.6,7.491868538517947,46287000.0
4731,KOR,1999,21540.692575222503,0.09315527592501205,12.8,7.4972626847823225,46617000.0
4732,KOR,2000,23108.017536761676,0.07023581263018741,12.7,7.184250005793341,47008000.0
4733,KOR,2001,23804.43768515713,0.029692383832880864,12.9,7.088492247645854,47370000.0
4734,KOR,2002,25250.637414954017,0.058979378903375235,12.9,7.297700575432264,47645000.0
4735,KOR,2003,25679.246561200725,0.01683173931490778,12.6,7.618791492377822,47892000.0
4736,KOR,2004,26646.503286459843,0.03697479436575435,13.2,7.3403166127520025,48083000.0
4737,KOR,2005,27443.283376883013,0.02946351905135458,12.4,7.179460396910777,48185000.0
4738,KOR,2006,28516.483775556775,0.03836084587682187,12.8,7.370986023940444,48438000.0
4739,KOR,2007,29716.570420277818,0.04122251866597715,13.2,7.264310215720293,48684000.0
4740,KOR,2008,30117.728576767182,0.013409170795950942,12.9,7.116231793252942,49055000.0
4741,KOR,2009,29967.563070262888,-0.004998421911095008,12.8,7.195937226475569,49308000.0
4742,KOR,2010,31537.772927179314,0.051070402263178494,12.7,7.342066961647881,49554000.0
4743,KOR,2011,32225.0,0.021556580843066442,12.3,7.3328269167292195,49937000.0
4744,KOR,2012,32826.48165051375,0.018493008212823625,12.3,7.4188408689539855,50200000.0
4745,KOR,2013,33711.65548677562,0.02660808066611864,12.8,7.113630588729827,50429000.0
4746,KOR,2014,34573.08841234377,0.025231950171942685,12.8,7.1829598299228055,50747000.0
4747,KOR,2015,35357.51986279728,0.022435507806633836,13.1,7.074201486617802,51015000.0
4748,KOR,2016,36255.23836314979,0.025072781747493167,13.5,7.23741867367402,51218000.0
4749,KOR,2017,37296.045713096246,0.02830343054600526,13.0,6.916913216766902,51362000.0
4750,KOR,2018,38214.32540521402,0.024323147945054302,13.1,7.315750516943926,51585000.0
4751,KOR,2019,38935.992061269324,0.01870861271802049,13.5,7.208156123841693,51765000.0
4752,KOR,2020,38606.98332035484,-0.00848589349661033,13.2,7.446176614338927,51836000.0
4753,KOR,2021,40277.95211820309,0.042371050258347864,13.7,7.267176448588895,51745000.0
4754,KOR,2022,41320.89777310909,0.025564145940291993,13.3,7.1048012311744735,51730690.0
4755,KWT,1961,41622.0,-0.09846785220732635,24.9,5.278114659230517,325342.0
4756,KWT,1962,42150.0,0.012605810816644691,25.7,4.6210435351443815,358266.0
4757,KWT,1963,40377.0,-0.04297436852817604,25.5,4.471638793363569,394128.0
4758,KWT,1964,40333.0,-0.0010903234880164092,24.5,3.9180050771056933,433233.0
4759,KWT,1965,37511.0,-0.07253576913578463,25.5,4.525044141508807,476123.0
4760,KWT,1966,38335.0,0.02172909371497056,26.0,4.28771595520264,523259.0
4761,KWT,1967,35720.0,-0.07065256100255901,24.6,4.937347498326424,575003.0
4762,KWT,1968,35546.0,-0.004883123670499145,25.1,4.724729421045731,631802.0
4763,KWT,1969,33415.0,-0.06182273137476635,25.6,5.0401940963378005,690445.0
4764,KWT,1970,48927.0,0.38132449037985694,25.8,4.594109238628667,747502.0
4765,KWT,1971,49302.0,0.007635256834216619,25.2,4.835487941050301,793314.0
4766,KWT,1972,48283.0,-0.020885116347162835,24.3,5.38081858805978,841934.0
4767,KWT,1973,42542.0,-0.12658770858848456,25.4,3.8501476017100584,893534.0
4768,KWT,1974,34962.0,-0.1962300658524665,25.0,5.1670690799380825,948296.0
4769,KWT,1975,28950.0,-0.18869155336998844,25.0,5.09252245356844,1006892.0
4770,KWT,1976,28956.0,0.00020723241189024577,24.9,5.272486606513515,1071549.0
4771,KWT,1977,26168.0,-0.10124014619481159,25.8,4.817050545023591,1140357.0
4772,KWT,1978,26363.0,0.007424221723708158,25.6,4.664382045619937,1213584.0
4773,KWT,1979,28174.0,0.06643805487832388,26.1,4.794963757620747,1291514.0
4774,KWT,1980,21154.0,-0.28657055393225406,25.8,4.9890711161804155,1369769.0
4775,KWT,1981,16402.0,-0.25442573429164206,25.9,4.544358046591334,1432188.0
4776,KWT,1982,13845.0,-0.16947912199129433,24.9,5.117993812416755,1497494.0
4777,KWT,1983,14292.0,0.0317757835382384,25.1,4.515245478460105,1565822.0
4778,KWT,1984,14384.0,0.006416537568101788,25.3,4.73356340075649,1637314.0
4779,KWT,1985,13015.0,-0.10001393928273572,25.7,4.534747721691546,1732824.0
4780,KWT,1986,13509.0,0.03725359154101504,25.4,5.20839265902005,1811489.0
4781,KWT,1987,12416.0,-0.08437016654668028,26.1,4.543294782270004,1891487.0
4782,KWT,1988,12317.0,-0.008005541481516332,26.0,4.574710978503383,1973148.0
4783,KWT,1989,12701.0,0.030700308562835232,25.4,4.581901559048737,2056779.0
4784,KWT,1990,9757.0,-0.2636957543963696,26.0,4.440295542797857,2142011.0
4785,KWT,1991,6310.906841937073,-0.43570559485321425,25.4,5.08821342874163,945720.0
4786,KWT,1992,12965.066926616888,0.719979199803964,24.5,4.857484114602081,1409840.0
4787,KWT,1993,19955.314329145524,0.4312369091991233,25.4,5.017941869278694,1495600.0
4788,KWT,1994,24532.413492222786,0.20649975256460706,26.0,4.973971309724664,1583330.0
4789,KWT,1995,27552.960982288823,0.11611476365452766,25.5,4.894850261102546,1672800.0
4790,KWT,1996,29612.660098999528,0.072091969442317,26.0,5.0770470596155075,1749580.0
4791,KWT,1997,31511.19130335695,0.06214078626929265,25.6,5.203457085524077,1810880.0
4792,KWT,1998,33331.29862444811,0.056154091983900756,26.6,4.679349584162343,1869290.0
4793,KWT,1999,33351.194990545264,0.0005967493298157933,26.8,5.090678001769792,1926060.0
4794,KWT,2000,35844.74752408508,0.07210344021364534,26.3,4.706823839714591,1982270.0
4795,KWT,2001,37225.869410475396,0.03780689011694527,26.9,4.881285622068407,2038030.0
4796,KWT,2002,39943.14816272846,0.07045321333228216,26.7,5.01926462079431,2093880.0
4797,KWT,2003,48809.71276230893,0.2004721778863665,26.7,4.897093252697127,2150680.0
4798,KWT,2004,55911.79359991091,0.1358460095817957,26.6,5.096812990337308,2208440.0
4799,KWT,2005,62959.60142173128,0.11871793877927495,26.3,5.096201182425903,2268120.0
4800,KWT,2006,68546.14288731133,0.08501386385128562,26.6,4.940927881671436,2328650.0
4801,KWT,2007,73096.87097345167,0.06427842381709858,26.6,4.679349584162343,2387870.0
4802,KWT,2008,75138.1196927745,0.027542454682430773,26.6,4.079230924412053,2445570.0
4803,KWT,2009,70072.72938394904,-0.06979432191042356,26.8,4.625952725170619,2501720.0
4804,KWT,2010,68865.3096214215,-0.017381131448034992,27.8,3.754198920234579,2556250.0
4805,KWT,2011,77126.0,0.11328788568302528,26.4,4.532599493153256,2609090.0
4806,KWT,2012,80657.13443775402,0.04476681427331819,26.7,4.719391330078114,2660150.0
4807,KWT,2013,80098.63837776096,-0.006948407478530427,26.4,4.508659285607248,2709530.0
4808,KWT,2014,79103.41717825482,-0.012502780323671914,26.6,4.26689632742025,2757310.0
4809,KWT,2015,78261.19827106388,-0.010704146500406964,27.0,4.61512051684126,2803510.0
4810,KWT,2016,79289.1733374591,0.013049663342577844,27.1,4.8543712716215905,2848130.0
4811,KWT,2017,74427.02713451623,-0.06328244760885404,27.1,4.579852378003801,2891160.0
4812,KWT,2018,75163.98076945363,0.00985299326877076,27.5,5.0447146077491185,2932580.0
4813,KWT,2019,73748.43881057002,-0.019012310753408812,27.0,4.52720864451838,2972370.0
4814,KWT,2020,66365.99082465029,-0.10547508743124112,26.9,4.86830338551846,3010530.0
4815,KWT,2021,66418.20573419507,0.0007864627506783961,27.9,3.6686767467964168,3047510.0
4816,KWT,2022,71533.5138641709,0.07419486361048833,27.6,4.539030383483547,3060960.0
4817,LAO,1961,779.0,0.010322672307419012,23.2,7.643530821597706,2359000.0
4818,LAO,1962,787.0,0.010217202546654924,22.9,7.485996531040724,2409000.0
4819,LAO,1963,794.0,0.008855212829733006,23.0,7.60115242829729,2460000.0
4820,LAO,1964,802.0,0.010025146619378589,23.0,7.622174594817622,2512000.0
4821,LAO,1965,810.0,0.00992563979996941,23.2,7.464108608024089,2565000.0
4822,LAO,1966,818.0,0.009828088936262525,23.7,7.589993169034046,2619000.0
4823,LAO,1967,826.0,0.009732436918231002,22.9,7.418120796915671,2674000.0
4824,LAO,1968,834.0,0.009638628837769225,23.2,7.446351699693484,2730000.0
4825,LAO,1969,842.0,0.009546611883579637,23.4,7.452228422160346,2787000.0
4826,LAO,1970,850.0,0.00945633524203604,23.2,7.585839581865036,2845000.0
4827,LAO,1971,875.0,0.028987536873251507,22.6,7.598248942076519,2904000.0
4828,LAO,1972,886.0,0.01249306424746699,23.3,7.587969184130183,2964000.0
4829,LAO,1973,944.0,0.06340921554041934,23.5,7.424224945133212,3027000.0
4830,LAO,1974,958.0,0.014721611825359915,22.9,7.630364169691702,3092000.0
4831,LAO,1975,999.0,0.041907000677693595,23.2,7.611248751596227,3161000.0
4832,LAO,1976,1023.0,0.02373998730307214,23.0,7.482625551951029,3176000.0
4833,LAO,1977,993.0,-0.029764101906453178,23.2,7.4337847364904,3208000.0
4834,LAO,1978,991.0,-0.0020161297151846114,23.4,7.640411592636795,3248000.0
4835,LAO,1979,966.0,-0.025550700117470626,23.8,7.365306700288633,3268000.0
4836,LAO,1980,1054.0,0.08718389488879019,23.7,7.563148669930166,3293000.0
4837,LAO,1981,1199.0,0.1288954259262063,23.1,7.576148595075853,3337000.0
4838,LAO,1982,1256.0,0.04644419200062977,23.1,7.522670611272509,3411000.0
4839,LAO,1983,1283.0,0.021269017587492556,23.2,7.530640926501416,3495000.0
4840,LAO,1984,1344.0,0.04644915646745851,23.1,7.594330914159044,3577000.0
4841,LAO,1985,1382.0,0.027881483244520666,23.0,7.518552926525057,3657000.0
4842,LAO,1986,1409.0,0.01934850757106421,23.1,7.6498354706512615,3762000.0
4843,LAO,1987,1350.0,-0.0427756404662043,23.9,7.416739207868757,3869000.0
4844,LAO,1988,1286.0,-0.04856796663491103,23.6,7.465827018344993,3980000.0
4845,LAO,1989,1428.0,0.10473823810196503,23.5,7.443312538967311,4094000.0
4846,LAO,1990,1481.0,0.03644267136826951,23.8,7.664956488332188,4210000.0
4847,LAO,1991,1512.4798702285682,0.021033066608842965,23.9,7.460490305825338,4331000.0
4848,LAO,1992,1563.9057366520678,0.03343576772944257,23.4,7.477434545541837,4454000.0
4849,LAO,1993,1622.5545160828326,0.036815399458744125,23.6,7.273161989844316,4581000.0
4850,LAO,1994,1718.1158562984879,0.057226488933491915,23.8,7.610010851906074,4712000.0
4851,LAO,1995,1801.5440155534436,0.047415825615996,23.5,7.53031903808662,4846000.0
4852,LAO,1996,1899.895867309289,0.053154994358952656,23.2,7.647022395155635,4948000.0
4853,LAO,1997,2002.2359892027025,0.052465472679608105,23.6,7.504501685255728,5055000.0
4854,LAO,1998,2050.8838106292883,0.02400627670721356,24.4,7.458474466409805,5168000.0
4855,LAO,1999,2167.7796233975246,0.055432601308373464,23.5,7.669961995473577,5286000.0
4856,LAO,2000,2262.235649025405,0.04265012086950204,23.5,7.540090320145325,5397000.0
4857,LAO,2001,2365.1033363545753,0.044468165452358654,23.7,7.678465171489873,5499000.0
4858,LAO,2002,2486.9891913870906,0.05025110375903985,23.8,7.70156194264126,5578000.0
4859,LAO,2003,2625.348218633138,0.0541407231958857,23.8,7.410105084267084,5654000.0
4860,LAO,2004,2784.680091441686,0.0589194563951585,23.5,7.487901720454839,5746000.0
4861,LAO,2005,2948.699618236258,0.05723126743178408,23.9,7.591256082490277,5836000.0
4862,LAO,2006,2896.1354787623054,-0.017987011020223598,23.9,7.582432943258421,5931000.0
4863,LAO,2007,3389.364066917482,0.15726505814535763,23.6,7.564808851893844,6035000.0
4864,LAO,2008,3614.4768268870844,0.06430480936936256,23.1,7.71262270915249,6145000.0
4865,LAO,2009,3843.8297499386563,0.061522078024422555,23.8,7.436852947535576,6257000.0
4866,LAO,2010,4114.010276081498,0.06792908875082837,24.2,7.511251237589436,6368000.0
4867,LAO,2011,4401.0,0.06743349876914984,23.1,7.721570219267056,6477000.0
4868,LAO,2012,4670.0,0.05932728385185193,24.1,7.613719963252697,6586000.0
4869,LAO,2013,4961.0,0.060448261638105905,23.7,7.700204660615944,6695000.0
4870,LAO,2014,5251.0,0.05681120133681006,23.9,7.367645439068375,6804000.0
4871,LAO,2015,5559.0,0.05699970131561116,24.3,7.403852977343515,6912000.0
4872,LAO,2016,5859.663318233265,0.05267391174062652,24.2,7.602151678942514,7019000.0
4873,LAO,2017,6168.17039874989,0.05131011442393785,23.8,7.669728650471935,7126706.0
4874,LAO,2018,6454.777867001544,0.04541834902241071,23.8,7.574301777744903,7234171.0
4875,LAO,2019,6706.006344744449,0.038182983014785066,24.5,7.307336443931327,7343164.054057519
4876,LAO,2020,6824.144154116059,0.017463340370547087,24.3,7.394677478666568,7452461.543766325
4877,LAO,2021,6961.121418225251,0.01987365013194875,24.0,7.504831990791349,7560040.346587603
4878,LAO,2022,7168.190637426723,0.02931268626653072,23.7,7.635979986154778,7666356.606908566
4879,LBN,1961,6027.0,0.03632462879287068,15.9,6.587963152612122,1835620.0
4880,LBN,1962,6089.0,0.010234490125530016,17.2,6.376556865408209,1886848.0
4881,LBN,1963,5973.0,-0.01923455087626813,16.4,6.732210706467206,1940191.0
4882,LBN,1964,6156.0,0.03017790222646255,15.5,6.63620898843976,1996143.0
4883,LBN,1965,6572.0,0.06539098419838929,16.0,6.688728243179767,2057945.0000000002
4884,LBN,1966,6811.0,0.03572075208415981,16.9,6.502190165873639,2121579.0
4885,LBN,1967,6295.0,-0.07878328476287066,14.8,6.923727048491836,2186894.0
4886,LBN,1968,6876.0,0.08828142002429296,15.9,6.864638987908509,2253719.0
4887,LBN,1969,6824.0,-0.0075912773312261095,16.3,6.886940139268217,2320495.0
4888,LBN,1970,7084.0,0.03739290973121001,16.4,6.5530783377060775,2383029.0
4889,LBN,1971,7533.0,0.06145464892296992,15.7,6.775936704361289,2529477.0
4890,LBN,1972,8228.0,0.0882496029471529,15.1,6.208388798608275,2680396.0
4891,LBN,1973,8397.0,0.020331527410716532,15.7,6.29156913955832,2825848.0
4892,LBN,1974,8383.0,-0.0016686535457068885,15.7,6.628041376179533,2988248.0
4893,LBN,1975,5742.0,-0.37839826395684817,15.5,6.539730453847818,3098996.0
4894,LBN,1976,2442.0,-0.8549902060103589,15.2,6.658396080849515,3119581.0
4895,LBN,1977,4417.0,0.5926433569258771,15.8,6.722389092001957,3116929.0
4896,LBN,1978,4218.0,-0.046099650557806626,16.1,6.631870016409867,3110678.0
4897,LBN,1979,4536.0,0.07268448436886743,16.6,6.588788916490589,3100870.0
4898,LBN,1980,4608.0,0.01574835696813892,15.8,6.719254671111467,3087467.0
4899,LBN,1981,4549.0,-0.012886494805723459,16.1,6.719375407604218,3083231.0
4900,LBN,1982,2823.0,-0.4771072793165141,15.1,6.478202375344883,3088741.0
4901,LBN,1983,3402.0,0.18656334470231695,15.3,6.588651336522016,3091782.0
4902,LBN,1984,4828.0,0.3500688092616162,15.7,6.543480097698835,3092361.0
4903,LBN,1985,5895.0,0.19967223075404839,16.1,6.327400925897314,3090440.0
4904,LBN,1986,5400.0,-0.08770558041910448,16.1,6.558339636724995,3089133.0
4905,LBN,1987,6202.0,0.1384728671080282,16.0,6.689723639554104,3091699.0
4906,LBN,1988,4385.0,-0.346682194854111,15.7,6.818486811223955,3098338.0
4907,LBN,1989,2488.0,-0.5667104509472134,16.0,5.988460038087683,3109210.0
4908,LBN,1990,3086.0,0.21539657906403686,16.1,6.061223791522835,3149674.0
4909,LBN,1991,4326.299404533239,0.3378367816742127,16.1,6.814323334189584,3211110.0
4910,LBN,1992,4618.005428583986,0.0652503508434954,14.8,6.762845107186329,3250740.0
4911,LBN,1993,5053.280309316094,0.09007471215298679,15.8,6.21999357069853,3286190.0
4912,LBN,1994,5585.666968395444,0.10016624815721187,16.7,6.86484777797086,3319740.0
4913,LBN,1995,6095.39700691427,0.08733005053433551,16.1,6.1796024892233765,3351310.0
4914,LBN,1996,6567.400634391225,0.0745842152613303,16.6,6.556778356158042,3381010.0
4915,LBN,1997,6581.053121520845,0.0020766688295807967,15.6,6.484635235635252,3408980.0
4916,LBN,1998,6994.156938647532,0.06088029603556322,17.1,6.453152446312425,3435410.0
4917,LBN,1999,7147.55479752894,0.021695234425969545,17.0,5.966403116512611,3460180.0
4918,LBN,2000,7405.707026321809,0.03548061089052901,16.4,6.562161567911363,3499460.0
4919,LBN,2001,7836.826603495309,0.05658305971232558,17.0,6.56343230581621,3554350.0
4920,LBN,2002,8248.10023107528,0.05114891634953622,16.6,6.6309472030822345,3609520.0
4921,LBN,2003,8671.187789419218,0.050022882533783175,16.6,6.875748482847051,3664840.0
4922,LBN,2004,9491.610652176805,0.09040253786710117,16.5,6.58423875352114,3720550.0
4923,LBN,2005,9933.081890460695,0.045462472273067434,16.5,6.463341420735398,3776510.0
4924,LBN,2006,10236.86827626687,0.030124948957285014,16.4,6.426650256665227,3852950.0
4925,LBN,2007,11276.506686752524,0.09672576677576927,16.6,6.4050631551128685,3954210.0
4926,LBN,2008,12479.10771337445,0.10133435584440775,16.8,6.108135853911675,4035670.0
4927,LBN,2009,14039.34617129224,0.11780796545755656,16.7,6.5793900912548215,4081720.0
4928,LBN,2010,15622.367105111432,0.10683984763397092,18.3,6.260919001285442,4097090.0
4929,LBN,2011,16230.0,0.038157705375510886,16.2,6.674435121216367,4114729.9999999995
4930,LBN,2012,16284.7630230297,0.003368505240104014,17.1,6.822415231815122,4206040.0
4931,LBN,2013,15145.569358256791,-0.0725218491837456,16.9,6.4863132163508315,4695520.0
4932,LBN,2014,13586.273768366233,-0.10864803624640196,17.3,6.370585679876545,5364500.0
4933,LBN,2015,12982.721189076505,-0.04544066726584006,17.0,6.571722945589309,5639770.0
4934,LBN,2016,13073.556155530463,0.006972241907465815,17.3,6.528834726096085,5687730.0
4935,LBN,2017,13209.283911936904,0.010328333057843864,17.1,6.076265148800447,5680120.0
4936,LBN,2018,13236.691613816594,0.0020727321376714514,17.8,6.702083208579932,5561510.0
4937,LBN,2019,12854.796577078958,-0.0292756250011017,17.2,6.784909448983291,5330730.0
4938,LBN,2020,10182.636876101324,-0.23303301343404215,17.4,6.708328254285243,4986190.0
4939,LBN,2021,10573.861131356725,0.037701021960074854,17.6,6.517523551514562,4801710.0
4940,LBN,2022,10341.159377973654,-0.022253036374474178,17.0,6.51796665025898,4713370.0
4941,LBR,1961,3663.0,-0.002998502996256036,25.1,7.768871510111636,1083000.0
4942,LBR,1962,3612.0,-0.014020848241939277,25.1,7.92847809565554,1113000.0
4943,LBR,1963,3598.0,-0.0038835000263972574,25.3,8.031807868132024,1144000.0
4944,LBR,1964,3679.0,0.022262840594295952,24.9,7.793298101907512,1176000.0
4945,LBR,1965,3639.0,-0.010932057492613723,24.8,7.829709940480731,1209000.0
4946,LBR,1966,4208.0,0.14527855680538515,25.3,8.008465365732393,1244000.0
4947,LBR,1967,4065.0,-0.034573732435633886,24.9,7.682067613959591,1280000.0
4948,LBR,1968,4136.0,0.017315394206352863,25.2,8.018131434570488,1318000.0
4949,LBR,1969,4309.0,0.04097672142757425,25.5,7.844632644464681,1357000.0
4950,LBR,1970,4457.0,0.03377003533071665,25.4,7.7216145347043454,1397000.0
4951,LBR,1971,4544.0,0.019331787454431648,24.6,7.747553659867775,1440000.0
4952,LBR,1972,4568.0,0.005267790934858851,24.9,7.792885526606668,1484000.0
4953,LBR,1973,4603.0,0.007632792481395256,25.3,7.763361387239786,1529000.0
4954,LBR,1974,4616.0,0.002820264370694048,24.8,7.712756844316225,1577000.0
4955,LBR,1975,4326.0,-0.06488520167493128,24.7,7.688959123362365,1618000.0
4956,LBR,1976,4415.0,0.02036450652505728,24.4,7.761191404471463,1661000.0
4957,LBR,1977,4339.0,-0.017363927239710364,25.0,7.759528822824502,1706000.0
4958,LBR,1978,4463.0,0.028177278830918695,24.8,7.740186026644468,1754000.0
4959,LBR,1979,4546.0,0.018426539783218843,25.1,7.849128791223755,1804000.0
4960,LBR,1980,4138.0,-0.09403514610700014,25.1,7.729691374374999,1858000.0
4961,LBR,1981,3862.0,-0.06902739531702906,25.1,7.700249933042781,1913000.0
4962,LBR,1982,3813.0,-0.012768903130895737,24.8,7.675267541497389,1972000.0
4963,LBR,1983,3572.0,-0.06529061786117296,25.4,7.558725380642897,2033000.0
4964,LBR,1984,3443.0,-0.03678247865786588,25.2,7.712846257764067,2096000.0
4965,LBR,1985,3269.0,-0.05185905661431356,25.1,7.7303505267289685,2163000.0
4966,LBR,1986,3129.0,-0.043770663055328285,24.9,7.5764560666371565,2233000.0
4967,LBR,1987,3084.0,-0.014486008985661769,25.8,7.710429284069325,2306000.0
4968,LBR,1988,3070.0,-0.004549894101977259,25.4,7.702375428472716,2382000.0
4969,LBR,1989,3054.0,-0.005225354802666615,25.2,7.757692510306271,2462000.0
4970,LBR,1990,1690.0,-0.5917236778614576,25.3,7.647261098520099,2178000.0
4971,LBR,1991,1568.4043286983122,-0.07466977755738569,25.3,7.720372959518249,1907000.0
4972,LBR,1992,915.120585248132,-0.5387581866109485,25.1,7.72475592170908,2009000.0
4973,LBR,1993,560.3330147474942,-0.4905245675732939,25.2,7.698573486715529,2084000.0
4974,LBR,1994,418.12158214497464,-0.2927590195686207,25.1,7.753752293636293,2069000.0
4975,LBR,1995,377.58008600533714,-0.101989562059563,25.4,7.777122104144569,2075000.0
4976,LBR,1996,391.0859171717719,0.035144578311621544,25.4,7.860570785538664,2130000.0
4977,LBR,1997,701.7853850108825,0.5847003650674747,25.4,7.650739694389254,2317000.0
4978,LBR,1998,772.6764682845994,0.09623278266639712,25.9,7.7500118821299235,2584000.0
4979,LBR,1999,848.4211681365946,0.09351675244251645,25.3,7.833283216208774,2741000.0
4980,LBR,2000,971.9330161461147,0.1359097156205591,25.3,7.76802577257814,2847000.0
4981,LBR,2001,1097.2495869058737,0.12127506343107797,25.3,7.828436359157585,2917000.0
4982,LBR,2002,1342.758761250616,0.20191960153349253,25.5,7.797784167667366,2978000.0
4983,LBR,2003,851.9109502106338,-0.45499955078569343,25.5,7.82974971377297,2983000.0
4984,LBR,2004,760.8757761095105,-0.1130118959988291,25.5,7.806330005050512,3005000.0
4985,LBR,2005,755.2235910448753,-0.007456254350485025,25.7,7.783682244666731,3138000.0
4986,LBR,2006,769.2929535293048,0.01845799834995976,25.6,7.850376306102322,3311000.0
4987,LBR,2007,768.2070408451428,-0.0014125695853008935,25.6,7.7523781361649355,3469000.0
4988,LBR,2008,811.1580337845761,0.054403616748320616,25.2,7.776199401399072,3603000.0
4989,LBR,2009,838.4520362621203,0.033094479794672615,25.4,7.783473985091244,3708000.0
4990,LBR,2010,854.2349728657374,0.018648922021232472,25.9,7.897556661792067,3817000.0
4991,LBR,2011,820.0,-0.0409019595560256,25.5,7.856435753657943,3984000.0
4992,LBR,2012,853.0,0.03945520723338092,25.3,7.674338777615264,4141000.0
4993,LBR,2013,900.0,0.053635215832631644,25.5,7.76963206281657,4244000.0
4994,LBR,2014,884.0,-0.017937700686667668,25.5,7.8767523064872265,4348000.0
4995,LBR,2015,865.0,-0.021727555705764345,25.7,7.717662750150781,4460000.0
4996,LBR,2016,843.5262300831839,-0.025138508709510177,26.0,7.839092246394858,4576000.0
4997,LBR,2017,848.2952239989679,0.00563771849055783,25.9,7.716638958024679,4689021.0
4998,LBR,2018,842.3757235618091,-0.007002574492400271,25.6,7.7841818907611495,4809768.0
4999,LBR,2019,807.3494040129257,-0.04246960109478426,25.5,7.775023819770697,4904104.315435603
5000,LBR,2020,768.4054462244039,-0.04943902250996679,25.8,7.774183271683888,5004733.456684483
5001,LBR,2021,790.2841169364428,0.028075003881419924,25.9,7.77030762440281,5108841.998418208
5002,LBR,2022,811.2146171951392,0.026140129402156376,25.5,7.771193606952064,5216327.634261199
5003,LBY,1961,1400.0,0.05657035148839373,21.6,4.012772908528289,1388517.0
5004,LBY,1962,1788.0,0.24462544013010934,22.1,4.089332020398556,1441863.0
5005,LBY,1963,2322.0,0.26133120652437736,22.3,3.824284091120139,1498607.0
5006,LBY,1964,3156.0,0.30687651970792906,21.7,3.703768066607687,1560361.0
5007,LBY,1965,3889.0,0.20884665218998144,21.7,3.681351187693145,1623770.0
5008,LBY,1966,4417.0,0.12730867744078012,22.1,3.8110970868381857,1693925.0
5009,LBY,1967,4733.0,0.0690985183097208,21.5,3.7328963395307104,1759224.0
5010,LBY,1968,6071.0,0.2489640852241859,22.0,3.6216707044204863,1833726.0
5011,LBY,1969,6539.0,0.07426091243084265,22.4,3.9531649487593215,1922974.0
5012,LBY,1970,6591.0,0.007920833491443346,21.8,3.265759410767051,1999162.0
5013,LBY,1971,6008.0,-0.09261316760874827,21.7,3.7062280924485496,2077380.9999999998
5014,LBY,1972,6237.0,0.03740738308215086,22.0,3.9627161197436642,2183877.0
5015,LBY,1973,6005.0,-0.03790684201203831,21.6,3.5115454388310208,2312369.0
5016,LBY,1974,6923.0,0.14225674616394102,21.7,3.910021002757473,2451375.0
5017,LBY,1975,6872.0,-0.007394017013933052,21.7,3.92395157629342,2569606.0
5018,LBY,1976,8142.0,0.16958066539883276,21.7,4.174387269895637,2666160.0
5019,LBY,1977,8682.0,0.06421606679661451,21.9,3.7727609380946383,2721783.0
5020,LBY,1978,8730.0,0.005513452974108546,21.9,4.130354999745133,2796747.0
5021,LBY,1979,9086.0,0.0399693974857005,22.3,3.8199077165203406,2928575.0
5022,LBY,1980,8741.0,-0.038710167738861045,21.9,3.8394523125933104,3065365.0
5023,LBY,1981,6760.0,-0.2570017095434771,22.0,3.765840495250065,3204071.0
5024,LBY,1982,6661.0,-0.014753266623831252,22.0,4.037774210733707,3344074.0
5025,LBY,1983,6237.0,-0.06577032588705656,21.7,3.9852734671677386,3484531.0
5026,LBY,1984,5695.0,-0.09091070064483908,21.9,3.7977338590260183,3624920.0
5027,LBY,1985,6092.0,0.0673878381337687,22.2,3.756538102587751,3675422.0
5028,LBY,1986,5370.0,-0.12614852651214115,22.0,4.007333185232471,3699538.0
5029,LBY,1987,4465.0,-0.18455869419231163,22.1,3.6375861597263857,3799845.0
5030,LBY,1988,4670.0,0.0448898573523433,22.4,4.177459468932607,3913314.0
5031,LBY,1989,4873.0,0.04255069218056384,22.1,3.7184382563554808,4026847.0
5032,LBY,1990,4921.0,0.009801998022471281,22.4,3.7909846770510898,4139825.0
5033,LBY,1991,5977.336924783058,0.19446337658587431,22.2,3.960813169597578,4247590.0
5034,LBY,1992,6113.3535083834295,0.022500339856820872,21.7,3.754198920234579,4354040.0
5035,LBY,1993,6190.681383145807,0.012569680364459046,22.3,3.673765816303888,4458630.0
5036,LBY,1994,6645.076570544713,0.07083105643938303,22.5,4.037774210733707,4562710.0
5037,LBY,1995,6898.952376397879,0.03749335543801635,22.4,4.014579593753238,4630200.0
5038,LBY,1996,7543.935430735358,0.08937441570377835,22.5,3.8416005411316,4667560.0
5039,LBY,1997,8422.214675783796,0.11012883302441523,22.4,3.885679030088544,4747360.0
5040,LBY,1998,8545.48067270692,0.014529747614798083,22.8,3.8264651170664994,4870130.0
5041,LBY,1999,9064.067319389056,0.05891538390380191,23.1,3.6428355156125294,4993030.0
5042,LBY,2000,9770.980438899314,0.07509886219017936,22.4,3.7184382563554808,5115500.0
5043,LBY,2001,10354.482576624625,0.05800271213641217,23.0,3.756538102587751,5236930.0
5044,LBY,2002,10787.674732527088,0.040984728821600314,22.9,3.6635616461296463,5356650.0
5045,LBY,2003,12870.574526176919,0.17653940737687535,22.9,3.835141961092188,5475690.0
5046,LBY,2004,14193.259007830184,0.09782347279437431,22.8,3.6000482404073204,5595300.0
5047,LBY,2005,16538.556629333652,0.1529272861956077,22.7,3.7796338173824005,5715320.0
5048,LBY,2006,18657.06165054426,0.12053029487311129,22.7,4.00369019395397,5835480.0
5049,LBY,2007,20731.717782800333,0.10544007239400699,22.9,3.6635616461296463,5967490.0
5050,LBY,2008,25140.598828815706,0.19281923504302156,23.0,3.8133070324889884,6114680.0
5051,LBY,2009,26403.78804299887,0.04902346369592436,22.9,3.459466289786131,6270300.0
5052,LBY,2010,29157.142083381335,0.09919240788655337,23.9,3.449987545831587,6431650.0
5053,LBY,2011,12893.0,-0.8160153657941542,22.4,3.8308129500026027,6143650.0
5054,LBY,2012,25302.51626186175,0.674219319349838,22.8,3.8264651170664994,5848660.0
5055,LBY,2013,20190.090227968107,-0.22571194652033455,22.8,3.711130063048756,6010440.0
5056,LBY,2014,15154.098245791236,-0.28692089461105397,22.8,3.7773481021015445,6162580.0
5057,LBY,2015,14720.547614873803,-0.029026691940995164,22.5,3.7232808808312687,6290600.0
5058,LBY,2016,14219.171598320956,-0.034653148123585,22.9,3.4436180975461075,6415310.0
5059,LBY,2017,18455.95253043557,0.2607957822458893,22.5,3.756538102587751,6548550.0
5060,LBY,2018,19504.555642363055,0.055261112140996715,23.0,3.937690752176724,6688550.0
5061,LBY,2019,16971.502279517455,-0.13911246003644528,22.6,3.914021008090819,6826220.0
5062,LBY,2020,11741.864485139677,-0.36837498439494354,22.5,3.6270040503958487,6960230.0
5063,LBY,2021,14797.097464611928,0.23127042774254747,22.9,3.563882963939251,7088090.0
5064,LBY,2022,12755.20378686715,-0.14849171579627019,22.7,3.824284091120139,7169190.0
5065,LKA,1961,2050.0,-0.006806054469000067,26.7,7.715078999604354,10190590.0
5066,LKA,1962,2067.0,0.008258487549314353,26.6,7.445767962592091,10465387.0
5067,LKA,1963,2058.0,-0.004363643287772945,26.7,7.80339422312542,10735234.0
5068,LKA,1964,2104.0,0.022105657463606043,27.0,7.217076526537399,10995616.0
5069,LKA,1965,2118.0,0.006631952303751021,26.9,7.5687924056238485,11260675.0
5070,LKA,1966,2047.0,-0.03409694050006262,27.1,7.429639530104861,11533482.0
5071,LKA,1967,2181.0,0.06340818054033992,26.7,7.609118614313423,11806781.0
5072,LKA,1968,2291.0,0.04920491625186596,26.7,7.1731917424865985,12085281.0
5073,LKA,1969,2329.0,0.016450587430846042,27.0,7.564860688194817,12356460.0
5074,LKA,1970,2389.0,0.02543587744146869,26.8,7.453388044253534,12618720.0
5075,LKA,1971,2322.0,-0.028445985067973467,26.4,7.3869044598875755,12869417.0
5076,LKA,1972,2327.0,0.002151001044455647,26.8,7.4960418189259075,13116399.0
5077,LKA,1973,2378.0,0.021679913948434937,27.1,7.46353514774917,13351662.0
5078,LKA,1974,2418.0,0.01668095392401092,26.7,7.146772179452637,13562004.0
5079,LKA,1975,2434.0,0.0065952423727342335,26.7,7.473182717939712,13779193.0
5080,LKA,1976,2464.0,0.01225005110593802,26.9,7.191579921106613,14013106.0
5081,LKA,1977,2582.0,0.046778246753177655,27.0,7.5864485025719315,14249606.0
5082,LKA,1978,2694.0,0.042462785563721184,27.1,7.389563953677635,14511088.0
5083,LKA,1979,2815.0,0.04393518360348203,27.3,7.446468406235018,14796646.0
5084,LKA,1980,2917.0,0.03559342929393061,27.4,7.142352980341463,15055970.0
5085,LKA,1981,3049.0,0.04425797712053292,27.1,7.426370485022957,15315491.0
5086,LKA,1982,3151.0,0.03290619476901924,27.2,7.274548856442032,15575466.0
5087,LKA,1983,3268.0,0.03645831422261914,27.5,7.198557478770161,15784464.0
5088,LKA,1984,3387.0,0.035766396837878744,26.9,7.624277130858533,15976917.0
5089,LKA,1985,3484.0,0.02823648515462196,27.1,7.441789487885009,16188110.0
5090,LKA,1986,3607.0,0.034695342931145845,27.2,7.352569297154213,16423789.0
5091,LKA,1987,3590.0,-0.004724199421215047,27.6,7.194511923357417,16663116.000000002
5092,LKA,1988,3633.0,0.011906550738878252,27.4,7.514309176956987,16903079.0
5093,LKA,1989,3677.0,0.012038449080069569,27.1,7.291042942145598,17142293.0
5094,LKA,1990,3864.0,0.04960571403113612,27.4,7.535937180689723,17365080.0
5095,LKA,1991,4214.981900863511,0.08694238111176844,27.4,7.321849713788356,17511000.0
5096,LKA,1992,4020.974175499325,-0.04712109197505576,27.2,7.2477214048576055,17716450.0
5097,LKA,1993,4247.023034623755,0.05469406956943601,27.2,7.5536011864240695,17969630.0
5098,LKA,1994,4500.8195552981315,0.05804122853698601,27.3,7.448974308067921,18237520.0
5099,LKA,1995,4702.294694659047,0.04379111888188092,27.4,7.342002188515753,18476690.0
5100,LKA,1996,5187.708829550781,0.09824151857021235,27.3,7.425596237642033,18692690.0
5101,LKA,1997,5628.53029882429,0.0815562188608947,27.5,7.5694633907067015,18915800.0
5102,LKA,1998,5440.2210189103525,-0.03402867138768961,27.9,7.374064592639601,19124200.0
5103,LKA,1999,5488.515373190962,0.008838106604835971,27.2,7.462042610158663,19353930.0
5104,LKA,2000,5841.094138774196,0.06226033669812914,27.4,7.4517641965383605,19609640.0
5105,LKA,2001,5620.96581354052,-0.03841462973794307,27.5,7.277593209447151,19838150.0
5106,LKA,2002,5721.308690943176,0.01769406926198691,27.6,7.425953657077541,20060270.0
5107,LKA,2003,5963.569712578056,0.041471675498971905,27.6,7.387647355978202,20297120.0
5108,LKA,2004,6191.966443165941,0.03758347004271023,27.4,7.5485559791698735,20528700.0
5109,LKA,2005,6491.198233887651,0.04719442450466893,27.5,7.4198001591528575,20703160.0
5110,LKA,2006,6904.036139768964,0.06165904698847946,27.5,7.635448803294666,20917430.0
5111,LKA,2007,7283.6321055447,0.053523465007843996,27.4,7.3487805624888525,21119850.0
5112,LKA,2008,7622.408932412526,0.04546279921323837,27.4,7.5741477222332625,21315430.0
5113,LKA,2009,7796.647424034445,0.02260137126444839,27.7,7.332892286887765,21502540.0
5114,LKA,2010,8319.70286162119,0.06493271658183808,27.8,7.50928046999477,21712650.0
5115,LKA,2011,8918.0,0.06944516575737225,27.6,7.337847956915032,21917650.0
5116,LKA,2012,9599.044793971574,0.07359188669002847,27.8,7.411858356987301,22120310.0
5117,LKA,2013,9898.523366371355,0.030721998208546708,27.5,7.29871570088742,22320260.0
5118,LKA,2014,10437.810557761173,0.05304925266746885,27.7,7.497429051065806,22517080.0
5119,LKA,2015,10784.184599999484,0.03264582820458628,27.6,7.732237692372104,22710510.0
5120,LKA,2016,11236.11952335734,0.04105287474575725,28.0,7.236267345922173,22898680.0
5121,LKA,2017,11868.201665106862,0.05472914790386163,27.7,7.40507004072018,23079820.0
5122,LKA,2018,12051.54682423908,0.015330324229541503,27.7,7.4635925085774755,23253730.0
5123,LKA,2019,11939.549660268758,-0.009336628497333521,28.0,7.577940847904736,23420220.0
5124,LKA,2020,11447.249328773152,-0.04210692251305481,28.0,7.365053535730318,23579310.0
5125,LKA,2021,11751.948619091754,0.026269598918263526,27.7,7.60150227961405,23732100.0
5126,LKA,2022,10705.481483137308,-0.09326316832619064,27.5,7.488237553884615,23796090.0
5127,LSO,1961,813.0,0.0,11.5,6.78094411211575,875000.0
5128,LSO,1962,918.0,0.12146628107268054,11.7,6.620473126551683,893000.0
5129,LSO,1963,995.0,0.08054534653810208,11.2,6.889489470175245,912000.0
5130,LSO,1964,1054.0,0.05760499194271507,11.2,6.825242857407673,932000.0
5131,LSO,1965,1054.0,0.0,11.4,6.434225439959843,952000.0
5132,LSO,1966,1025.0,-0.027899837528798876,11.7,6.583685809077966,974000.0
5133,LSO,1967,1113.0,0.08236645970303602,11.0,6.862548686144057,996000.0
5134,LSO,1968,1084.0,-0.02640116927595315,11.0,6.460999316456092,1019000.0
5135,LSO,1969,1074.0,-0.0092679069307815,11.8,6.670639570101044,1043000.0
5136,LSO,1970,1073.0,-0.0009315324381118373,11.8,6.5699020892839926,1067000.0
5137,LSO,1971,952.0,-0.11964870783933357,11.3,6.645351013714625,1092000.0
5138,LSO,1972,1108.0,0.1517468325158644,11.5,6.671779748852549,1117000.0
5139,LSO,1973,1364.0,0.2078649710961784,11.4,6.630683385642372,1142000.0
5140,LSO,1974,1414.0,0.036001008053109906,11.2,6.869326252362355,1169000.0
5141,LSO,1975,1270.0,-0.10740566700388054,11.2,6.934202448996985,1195000.0
5142,LSO,1976,1447.0,0.1304755471788468,10.9,7.063818414613725,1223000.0
5143,LSO,1977,1658.0,0.13611960906375664,11.8,6.778557340510455,1255000.0
5144,LSO,1978,1934.0,0.15397834031799906,11.5,6.830118009254985,1289000.0
5145,LSO,1979,1678.0,-0.14198778898608833,11.9,6.712348482639527,1323000.0
5146,LSO,1980,1589.0,-0.05449772049043489,11.5,6.462561328644976,1359000.0
5147,LSO,1981,1564.0,-0.01585824543145975,11.0,6.8191426206255334,1395000.0
5148,LSO,1982,1576.0,0.0076433493125680485,11.9,6.510555915291006,1433000.0
5149,LSO,1983,1561.0,-0.009563349902392382,12.5,6.640398572991602,1471000.0
5150,LSO,1984,1589.0,0.017778246021284083,12.0,6.495567625113146,1511000.0
5151,LSO,1985,1600.0,0.006898741691156118,12.2,6.685611228001011,1552000.0
5152,LSO,1986,1645.0,0.027736754971599886,12.1,6.717199917261079,1587000.0
5153,LSO,1987,1621.0,-0.014697141463796193,12.2,6.835077053484151,1616000.0
5154,LSO,1988,1736.0,0.06854037348461972,11.6,6.981470316804418,1645000.0
5155,LSO,1989,1804.0,0.03842280540227261,11.4,6.761341260526601,1674000.0
5156,LSO,1990,1882.0,0.04232861952275613,11.9,6.546498425538293,1703000.0
5157,LSO,1991,1853.5429790111668,-0.015236109794691366,11.9,6.849066282633458,1732000.0
5158,LSO,1992,1914.623820451812,0.032422233561197444,12.7,6.318247133181678,1762000.0
5159,LSO,1993,1903.676222578414,-0.005734294187658584,12.3,6.686734473048906,1791000.0
5160,LSO,1994,1924.0946524523515,0.010668675952718587,11.5,6.480351263355219,1819000.0
5161,LSO,1995,1888.699020483546,-0.018567303594621443,12.0,6.668101175540937,1848000.0
5162,LSO,1996,1931.6607745291021,0.022491894731902384,11.4,6.922151159265869,1869000.0
5163,LSO,1997,1940.3105805192445,0.00446791548083425,11.7,6.834324000896254,1884000.0
5164,LSO,1998,1922.6793812805745,-0.00912832901018934,12.3,6.8955814780504285,1897000.0
5165,LSO,1999,1923.9032325474286,0.0006363317422337644,12.6,6.690345259515688,1908000.0
5166,LSO,2000,1967.4332743614511,0.022373730768936007,11.4,6.844282856026563,1916000.0
5167,LSO,2001,1997.3576095514159,0.015095324973890989,11.8,6.895176496775277,1922000.0
5168,LSO,2002,1959.0278939923892,-0.019376734033197174,11.9,6.687607236647726,1926000.0
5169,LSO,2003,2003.0899192660602,0.022242570216097768,12.3,6.500688889506999,1926000.0
5170,LSO,2004,2004.060178121236,0.0004842638037292346,12.4,6.650149674112825,1925000.0
5171,LSO,2005,2013.807757097969,0.004852124687976911,12.5,6.5156011849336455,1922000.0
5172,LSO,2006,2056.3296635696347,0.02089534048026387,11.9,6.947168281338972,1919000.0
5173,LSO,2007,2106.8401402624795,0.024266584219180487,12.3,6.682985405923343,1917000.0
5174,LSO,2008,2177.8573505655204,0.033152265595928654,12.4,6.6934475763303265,1915000.0
5175,LSO,2009,2199.394858486537,0.00984073144511921,12.2,6.7784435425017975,1916000.0
5176,LSO,2010,2313.882128366408,0.05074443079518165,12.5,6.875541956617486,1920000.0
5177,LSO,2011,2346.0,0.013785061233262397,11.9,6.862130100955861,1925000.0
5178,LSO,2012,2456.0,0.04582226005361267,12.2,6.637258031284457,1930000.0
5179,LSO,2013,2559.0,0.04108254689275537,12.1,6.465833633863357,1936000.0
5180,LSO,2014,2644.0,0.03267636481178826,12.3,6.60934924316738,1942000.0
5181,LSO,2015,2710.0,0.02465571290217028,12.8,6.277770673379832,1948000.0
5182,LSO,2016,2774.5995649959696,0.023557800992057842,12.9,6.528834726096085,1953000.0
5183,LSO,2017,2654.4136349031955,-0.044282658725218305,12.5,6.576887309080756,1958042.0
5184,LSO,2018,2582.512009291792,-0.027461204899409175,12.8,6.440787038279923,1962461.0
5185,LSO,2019,2514.224368021087,-0.026798218650432304,13.4,6.599326133385567,1987179.0675968386
5186,LSO,2020,2297.3830274590377,-0.09019369262369814,12.5,6.830766237454001,2012533.7247619105
5187,LSO,2021,2311.89088424953,0.0062950933176812995,12.1,6.970917853939778,2036956.2648032298
5188,LSO,2022,2312.9582259665026,0.0004615682416817535,12.5,6.767343125265392,2058715.4855148979
5189,LTU,1980,12734.0,0.05082222583836682,5.1,6.712348482639527,3435289.0
5190,LTU,1981,13190.0,0.03518338513439012,6.3,6.673171537525372,3462341.0
5191,LTU,1982,13654.0,0.03457355226686509,6.6,6.319328409192595,3491974.0
5192,LTU,1983,13718.0,0.004676320081040686,7.4,6.560323202124582,3523380.0
5193,LTU,1984,13796.0,0.005669855997465945,6.5,6.4444491711841225,3555054.0
5194,LTU,1985,13287.0,-0.037592581465423436,4.8,6.596190266067024,3587032.0
5195,LTU,1986,13667.0,0.0281980543734921,5.9,6.575354741730978,3619593.0
5196,LTU,1987,13831.0,0.011928281659907114,4.5,6.5359666972333565,3653339.0
5197,LTU,1988,14851.0,0.07115475340623689,6.6,6.466922027036182,3673950.0
5198,LTU,1989,14693.0,-0.01069601315499824,8.0,6.534370064337384,3681250.0
5199,LTU,1990,13809.0,-0.062050636390594605,7.8,6.690345259515688,3694836.0
5200,LTU,1991,12999.308856948019,-0.06042436230513104,7.0,6.427135497273212,3676100.0
5201,LTU,1992,10240.939230175538,-0.23850285409607075,7.4,6.466766614804926,3628510.0
5202,LTU,1993,8621.09647172474,-0.17218105961961783,6.2,6.5391523356065395,3565240.0
5203,LTU,1994,7830.005134689356,-0.0962491117085893,6.7,6.512042462316651,3532750.0
5204,LTU,1995,8299.469932459284,0.058228483430259104,6.9,6.549936824341326,3520290.0
5205,LTU,1996,8793.700797853546,0.057843997534027025,5.5,6.312097719699449,3493610.0
5206,LTU,1997,9592.639654615079,0.08696045502464678,6.6,6.539730453847818,3468010.0
5207,LTU,1998,10382.117408001002,0.0790887443821493,6.6,6.661343100728573,3442880.0
5208,LTU,1999,10336.395162425892,-0.004413668176601604,7.6,6.467543434544138,3418540.0
5209,LTU,2000,10806.873896077643,0.044511225558617085,8.0,6.443176906381466,3394580.0
5210,LTU,2001,11606.72892967804,0.07140260654862196,7.0,6.633581556555148,3366760.0
5211,LTU,2002,12490.621163017631,0.0733930456529972,7.7,6.417875419731609,3339840.0
5212,LTU,2003,13917.50766002349,0.10816953573474386,6.7,6.444925853484402,3312810.0
5213,LTU,2004,14995.766976190702,0.07462036822529683,6.8,6.542039590391256,3275830.0
5214,LTU,2005,16417.948426279625,0.09060719294128816,6.8,6.469095266016332,3222880.0
5215,LTU,2006,17916.05915944606,0.08732231775518784,7.2,6.413622878157807,3171870.0
5216,LTU,2007,20138.472410122522,0.11693456547473424,7.7,6.619673126509016,3134410.0
5217,LTU,2008,20879.802470177132,0.03615026686935785,8.1,6.525469443821378,3102340.0
5218,LTU,2009,17983.34904192825,-0.14933602618495811,7.1,6.595643892607181,3068090.0
5219,LTU,2010,18663.760946132526,0.037137449805987544,6.3,6.746059539981839,3004420.0
5220,LTU,2011,20243.0,0.08122532842927832,7.6,6.490268195646648,2937330.0
5221,LTU,2012,21305.002988915698,0.05113287246417464,6.7,6.67228607797729,2898190.0
5222,LTU,2013,22285.684320715773,0.04500258636643828,7.5,6.527080339681191,2869010.0
5223,LTU,2014,23273.172142362593,0.043356773380583746,7.8,6.479891175930494,2844450.0
5224,LTU,2015,23968.847156078493,0.02945366501654334,8.4,6.357148785204302,2817810.0
5225,LTU,2016,24886.84008424979,0.03758420107978999,7.7,6.632660322035828,2782230.0
5226,LTU,2017,26318.023027791838,0.05591483762318816,7.4,6.731376031643812,2743600.0
5227,LTU,2018,27631.460432687294,0.048701003603081716,8.0,6.363545211196563,2717540.0
5228,LTU,2019,28986.052459000013,0.04785977029018085,8.6,6.39241949973826,2710360.0
5229,LTU,2020,28971.84423726417,-0.0004902946045444168,9.0,6.429880755355832,2711090.0
5230,LTU,2021,30557.03005861456,0.05327030563091917,7.2,6.513823406687646,2724180.0
5231,LTU,2022,30863.32101606195,0.009973681071203444,7.9,6.490723534502507,2748060.0
5232,LUX,1961,16349.0,0.029736198854957152,9.1,6.9975959829819265,316845.0
5233,LUX,1962,16370.0,0.001283657989768372,7.2,6.826870550241673,320750.0
5234,LUX,1963,16766.0,0.023902634832621672,7.0,6.681857939471306,324100.0
5235,LUX,1964,17864.0,0.06343448832219067,8.4,6.650020282898308,327750.0
5236,LUX,1965,18002.0,0.007695348297037441,7.6,7.144328250608008,331500.0
5237,LUX,1966,18084.0,0.004544706597465975,8.6,7.117529862557393,333895.0
5238,LUX,1967,18066.0,-0.00099585070470809,8.7,6.85940501804109,335012.0
5239,LUX,1968,18774.0,0.038441215187148714,8.0,6.815091594118718,335867.0
5240,LUX,1969,20516.0,0.08873213561222215,8.1,6.7338779689708455,337500.0
5241,LUX,1970,20763.0,0.011967487000813293,8.1,6.930201467811967,339174.0
5242,LUX,1971,21117.0,0.01690584676626905,8.5,6.53029436728357,342400.0
5243,LUX,1972,22236.0,0.051634193797118755,8.0,6.704536896475197,346600.0
5244,LUX,1973,23820.0,0.06881296683592986,8.4,6.681857939471306,350450.0
5245,LUX,1974,24503.0,0.02826999510685546,8.8,6.984716320118266,355050.0
5246,LUX,1975,22643.0,-0.0789448056436246,8.8,6.6235338781593365,358950.0
5247,LUX,1976,23100.0,0.019981864137363914,9.0,6.441903020858877,360750.0
5248,LUX,1977,23417.0,0.013629636792128252,8.7,6.9013347111792145,361450.0
5249,LUX,1978,24331.0,0.03828900315166628,7.8,6.767228043845161,362100.0
5250,LUX,1979,24836.0,0.0205429560311039,7.9,6.946591302767335,363000.0
5251,LUX,1980,24951.0,0.004619688052013515,7.9,6.959588427622155,364400.0
5252,LUX,1981,25136.0,0.007387179958605827,8.4,7.1067700587177525,365400.0
5253,LUX,1982,25005.0,-0.005225276642399024,9.1,6.900629954039548,365718.0
5254,LUX,1983,25738.0,0.02889269420060714,9.1,6.907455233973135,365885.0
5255,LUX,1984,27303.0,0.05902808719185515,8.3,6.999422467507961,366272.0
5256,LUX,1985,28032.0,0.02635012849065177,7.6,6.73268735089949,367169.0
5257,LUX,1986,30051.0,0.06954922354375626,8.0,6.940416061221685,369019.0
5258,LUX,1987,30533.0,0.015912127624078565,7.8,6.994208166712336,371660.0
5259,LUX,1988,33351.0,0.08827969099777278,9.2,7.028024111373082,375624.0
5260,LUX,1989,36442.0,0.08863419870809786,9.6,6.792456654618674,377621.0
5261,LUX,1990,36706.0,0.007218273808593523,9.7,6.843643333514893,382966.0
5262,LUX,1991,39198.2989972173,0.06569312349050627,8.6,6.6368647691701925,388180.0
5263,LUX,1992,39231.59350188635,0.0008490259417222035,9.4,6.8277375709961055,393500.0
5264,LUX,1993,40179.49453548041,0.02387440043617417,8.8,6.924907337799702,399110.0
5265,LUX,1994,40990.712825112685,0.01998874528023009,10.0,6.860139425040474,404930.0
5266,LUX,1995,40838.56460274642,-0.0037186787536533927,9.5,6.9163185096426245,410640.0
5267,LUX,1996,40687.90296279235,-0.003696022064083593,7.8,6.570042272924791,415610.0
5268,LUX,1997,42311.34295374878,0.03912438127290763,9.3,6.804725378662593,421010.0
5269,LUX,1998,44142.560310701294,0.04236919842669451,9.3,6.935856709093012,426380.0
5270,LUX,1999,47061.111056692476,0.06402258891822399,9.8,6.960252847939891,432530.0
5271,LUX,2000,50063.824076531,0.06185168056385493,10.0,7.004246579170898,438190.0
5272,LUX,2001,50527.66394141982,0.009222314164556877,9.4,7.076653815443951,443080.0
5273,LUX,2002,51709.73585396883,0.023125091062153658,9.9,7.018938807942752,447890.0
5274,LUX,2003,51717.03305825775,0.00014110861970806354,9.7,6.644440562978651,453510.0
5275,LUX,2004,52624.16248290635,0.01738819026649807,9.2,6.829901839777273,459780.0
5276,LUX,2005,53262.093930996925,0.012049517815869493,9.5,6.704536896475197,466990.0
5277,LUX,2006,54920.81002465592,0.03066743508772163,9.8,6.830009930357284,474240.0
5278,LUX,2007,58369.70148034947,0.06090461497221433,10.0,6.971480969862681,482030.0
5279,LUX,2008,56383.190819386706,-0.0346258659721137,9.5,6.90755525897947,490580.0
5280,LUX,2009,52731.389494684634,-0.0669601746478623,9.6,6.870780042857242,499600.0
5281,LUX,2010,54086.33729664133,0.02537070429129784,8.3,6.918299492857808,508940.0
5282,LUX,2011,54031.0,-0.0010236526880369468,10.1,6.702328848473085,520870.0
5283,LUX,2012,53675.45980204135,-0.006602045782997834,9.4,6.902441184158368,532970.0
5284,LUX,2013,53973.39435153653,0.005535317817496832,8.9,6.855303418979712,546840.0
5285,LUX,2014,54100.08638349217,0.002344554633177509,10.6,6.835507114774513,559870.0
5286,LUX,2015,54251.44801924006,0.0027939010747086712,10.1,6.717804695023691,570980.0
5287,LUX,2016,55516.09603164462,0.023043313630070728,9.7,6.891829128431878,585750.0
5288,LUX,2017,55037.18671363309,-0.008663918462341158,10.0,6.825460036255307,598630.0
5289,LUX,2018,54625.962158566785,-0.007499811683540969,10.7,6.7067400797409285,610490.0
5290,LUX,2019,54751.602331303264,0.002297367446095322,10.4,6.819033348921333,623220.0
5291,LUX,2020,53489.33174392858,-0.02332440723126261,10.9,6.733282837131582,632840.0
5292,LUX,2021,55346.675082632995,0.03413435921358321,9.4,6.951963533646458,642810.0
5293,LUX,2022,55484.778101286385,0.0024921281127774364,11.0,6.69728113076859,651140.0
5294,LVA,1980,13739.0,0.09402997479670461,4.8,6.631342798788587,2524543.0
5295,LVA,1981,13970.0,0.016673669327058604,5.7,6.699254004404797,2536976.0
5296,LVA,1982,14190.0,0.015625317903081637,6.1,6.3286508144628515,2552229.0
5297,LVA,1983,14376.0,0.013022658309306934,6.8,6.5433361403099735,2569826.0
5298,LVA,1984,14682.0,0.021062104207331345,6.1,6.450628387550081,2587996.0
5299,LVA,1985,14273.0,-0.028252613040958607,4.2,6.61338421837956,2606405.0
5300,LVA,1986,14539.0,0.018465053301657264,5.4,6.5703225812658,2626695.0
5301,LVA,1987,14360.0,-0.012388130329210156,3.9,6.516193076042964,2648965.0
5302,LVA,1988,14875.0,0.03523538781161584,6.2,6.528104105766952,2664068.0
5303,LVA,1989,15661.0,0.05149159405260306,7.6,6.491026978595262,2667309.0
5304,LVA,1990,15806.0,0.009216069298487284,7.3,6.738981534733451,2663590.0
5305,LVA,1991,13774.934038170124,-0.1375390482728669,6.6,6.520915634997138,2651030.0
5306,LVA,1992,9411.194969327687,-0.38095063167352805,6.9,6.446671747110961,2613310.0
5307,LVA,1993,8439.330349110962,-0.10899697189870672,5.8,6.508172834032128,2560650.0
5308,LVA,1994,8704.266153240394,0.0309103049759063,6.2,6.491936758794481,2516970.0
5309,LVA,1995,8709.070051213881,0.0005517493074229662,6.5,6.520768392119746,2480440.0
5310,LVA,1996,8947.268137286272,0.026983232414345082,5.1,6.362855674882395,2452650.0
5311,LVA,1997,9773.499502588302,0.08832634088166458,6.3,6.587963152612122,2428330.0
5312,LVA,1998,10429.766635807433,0.06498930392199753,6.1,6.619406317542652,2405540.0
5313,LVA,1999,10707.70573751051,0.026299750220504237,7.1,6.440627510481866,2386060.0
5314,LVA,2000,11309.740390128512,0.054700691193431794,7.6,6.476664623235,2363210.0
5315,LVA,2001,12103.828171716055,0.06785744454060172,6.6,6.6689903467649705,2333360.0
5316,LVA,2002,13015.474503405067,0.07261721558316836,7.0,6.356801864125367,2306090.0
5317,LVA,2003,14142.124547396872,0.08301890408189294,6.2,6.457397401983236,2283840.0
5318,LVA,2004,15371.181326608299,0.08333651378418949,6.4,6.534224789404319,2258800.0
5319,LVA,2005,17069.6571716176,0.10480803908392389,6.5,6.437911636937767,2234590.0
5320,LVA,2006,19128.689244258694,0.11388680984332034,6.9,6.380969635637417,2214540.0
5321,LVA,2007,21042.36647070566,0.09534859361806092,7.2,6.580500431410533,2196940.0
5322,LVA,2008,20342.198290255565,-0.033840394407246066,7.7,6.576330283582437,2173680.0
5323,LVA,2009,17582.111669833408,-0.1458154591994294,6.6,6.603537237890257,2138010.0
5324,LVA,2010,17140.226514886952,-0.025453874128128717,5.6,6.705761486390662,2093389.9999999998
5325,LVA,2011,18428.0,0.07244311842036133,7.2,6.466611178416954,2055010.0000000002
5326,LVA,2012,19970.030413494103,0.08036142331203777,6.2,6.702451645796258,2029870.0
5327,LVA,2013,20581.917289477988,0.030180218434848527,7.0,6.459591416340857,2009070.0
5328,LVA,2014,21168.53600006688,0.028103039474233427,7.4,6.5036891917876805,1990550.0
5329,LVA,2015,22179.420213778216,0.04664891323970721,7.9,6.352977767686964,1973640.0
5330,LVA,2016,22913.023038341264,0.03254059901251516,7.1,6.5647014309953695,1955700.0
5331,LVA,2017,23893.83156269365,0.041914891467421,6.9,6.7067400797409285,1937550.0
5332,LVA,2018,25039.86567851188,0.04684884992639482,7.5,6.332213340496455,1922670.0
5333,LVA,2019,25858.601683899466,0.03217411739255205,8.0,6.493602542476407,1909640.0
5334,LVA,2020,25453.065151316023,-0.015807125423282997,8.6,6.4577111274760055,1897330.0
5335,LVA,2021,26738.61446244282,0.04927258125456291,6.8,6.48432984549698,1879510.0
5336,LVA,2022,27220.30360627796,0.017854395790651623,7.4,6.445084697103193,1882730.0
5337,MAR,1961,2138.0,0.009398565423638594,17.9,5.62618122863265,12736342.0
5338,MAR,1962,2158.0,0.009311054233089422,17.3,6.053499938027435,13056604.0
5339,MAR,1963,2179.0,0.009684189126540232,16.9,6.332746626439233,13385360.0
5340,MAR,1964,2201.0,0.010045746581841541,17.4,5.825705078613006,13722483.0
5341,MAR,1965,2222.0,0.009495888673114017,16.9,6.083131735633806,14066154.0
5342,MAR,1966,2289.0,0.029707349752991163,17.0,5.518255786913298,14414636.0
5343,MAR,1967,2359.0,0.030122759455108117,16.8,6.009795503792706,14770296.0
5344,MAR,1968,2429.0,0.029241849594497715,17.0,5.984439932171018,15137266.0
5345,MAR,1969,2503.0,0.030010362429601756,16.7,6.192362489474872,15517155.0
5346,MAR,1970,2576.0,0.028747795792469333,17.1,5.931183616223052,15909275.0
5347,MAR,1971,2654.0,0.029830127667908712,16.3,6.118977867406942,16313391.0
5348,MAR,1972,2660.0,0.0022581868835924723,16.2,6.027796476355372,16660669.999999998
5349,MAR,1973,2700.0,0.014925650216675024,16.8,5.830121396699219,16998378.0
5350,MAR,1974,2791.0,0.03314818154390231,16.8,5.683579767338681,17335236.0
5351,MAR,1975,2919.0,0.0448411373177926,16.7,5.812337881210547,17687376.0
5352,MAR,1976,3175.0,0.08406654047267725,16.6,6.180430646620605,18042963.0
5353,MAR,1977,3268.0,0.028870544653100794,16.9,5.928790952579924,18396941.0
5354,MAR,1978,3298.0,0.009138047139650496,17.2,5.827768454437193,18758283.0
5355,MAR,1979,3382.0,0.025151026338981808,17.0,5.949078830611544,19125959.0
5356,MAR,1980,3622.0,0.06855910898483408,17.2,5.838313367613807,19487272.0
5357,MAR,1981,3457.0,-0.046625198521734745,17.5,5.287256419188612,19846221.0
5358,MAR,1982,3725.0,0.07466569089203468,17.2,5.821861762721802,20198730.0
5359,MAR,1983,3606.0,-0.032467727050397244,17.6,5.385870263555899,20750247.0
5360,MAR,1984,3657.0,0.01404401438611913,16.9,5.367376902479531,21315514.0
5361,MAR,1985,3784.0,0.0341385120223876,17.6,5.801211619987747,21885901.0
5362,MAR,1986,3977.0,0.04974611503592108,17.1,5.666426688112432,22457811.0
5363,MAR,1987,3790.0,-0.04816174713121768,17.8,5.977619140285929,23029460.0
5364,MAR,1988,4077.0,0.07299540474278032,17.5,5.932245187448011,23600498.0
5365,MAR,1989,4073.0,-0.000981595170840066,17.9,6.067267510523482,24169813.0
5366,MAR,1990,4130.0,0.013897578306666603,17.8,5.7242384832235835,24734809.0
5367,MAR,1991,4353.7296889409035,0.052755470526975046,17.1,5.898252165385803,25205990.0
5368,MAR,1992,4194.446909789483,-0.037271391376895835,17.2,5.638710477912486,25668240.0
5369,MAR,1993,4097.280627699567,-0.023437994004691376,16.8,5.72194977861165,26132610.0
5370,MAR,1994,4461.062591096579,0.08506349466162,17.7,5.462559809942086,26597090.0
5371,MAR,1995,4156.925051450954,-0.07061135615214731,18.2,5.678464666671911,27011650.0
5372,MAR,1996,4603.651958431055,0.10207426189890789,17.4,6.385700173264597,27371210.0
5373,MAR,1997,4469.189823566713,-0.029642747852776097,18.1,5.943061807879815,27721240.0
5374,MAR,1998,4729.182939040482,0.05654530274803271,17.8,5.5154428455366835,28061720.0
5375,MAR,1999,4720.771347617782,-0.001780240070814898,17.5,5.781669013313272,28399780.0
5376,MAR,2000,4753.638253651218,0.006938065643923963,17.8,5.62293388679288,28744150.0
5377,MAR,2001,5042.0731098194365,0.05890705582804756,18.1,5.595825999817554,29093760.0
5378,MAR,2002,5140.872532311595,0.019405489605491155,17.9,5.905634290502789,29447490.0
5379,MAR,2003,5386.850380083709,0.04673805062821579,18.1,5.985697952213645,29805900.0
5380,MAR,2004,5584.153849676644,0.035972047899884174,17.8,5.746203190540153,30168740.0
5381,MAR,2005,5708.031140956663,0.021941238311644184,17.7,5.5436137225033795,30551820.0
5382,MAR,2006,6076.952533670616,0.06262918703826337,18.1,5.896879104618114,30953200.0
5383,MAR,2007,6228.431666892243,0.024621219939595207,17.7,5.6458001921178536,31354080.0
5384,MAR,2008,6530.978071948748,0.04743215113517074,17.7,5.983432375410718,31754080.0
5385,MAR,2009,6741.460269991847,0.03171984534485084,18.2,5.943061807879815,32153760.0
5386,MAR,2010,6931.55829013224,0.02780809068896062,18.3,6.26625133157403,32553120.0
5387,MAR,2011,7226.0,0.041600983310248196,18.1,5.974318388273011,32950910.000000004
5388,MAR,2012,7355.325972853022,0.017739040244293847,18.0,5.848748244906387,33345930.0
5389,MAR,2013,7599.724309025034,0.0326872985363007,17.8,5.691372454579519,33737170.0
5390,MAR,2014,7714.631888235978,0.015006799397053072,18.2,5.804833718725929,34123690.0
5391,MAR,2015,7959.5277682139,0.03125090159209343,18.3,5.506550305126492,34510840.0
5392,MAR,2016,7912.222090693927,-0.005961008460808159,18.4,5.741720313996593,34898050.0
5393,MAR,2017,8222.670232146993,0.03848633804272161,18.6,5.473949935191195,35278970.0
5394,MAR,2018,8385.94955729587,0.019662631544370868,17.5,6.11787690946242,35652660.0
5395,MAR,2019,8540.803443894769,0.018297449835106505,18.0,5.485626464853031,36018270.0
5396,MAR,2020,7849.207931212453,-0.08444245723554822,18.5,5.493884150092012,36375130.0
5397,MAR,2021,8391.294664532728,0.0667821927864356,18.3,5.642970335259443,36723460.0
5398,MAR,2022,8400.126970931335,0.001052002314624545,18.9,5.62293388679288,37101220.0
5399,MDA,1980,9078.0,0.05968873031152988,8.7,6.489356895462073,3996278.0
5400,MDA,1981,9538.0,0.04942991584175793,10.2,6.390576181243971,4026204.0
5401,MDA,1982,10026.0,0.04989789896527874,9.9,6.021023349349527,4055086.0
5402,MDA,1983,10378.0,0.03450646210423791,10.5,6.104569993213254,4082711.0
5403,MDA,1984,10508.0,0.01244869087774525,9.6,6.380122536899765,4113243.0000000005
5404,MDA,1985,9398.0,-0.11163997114267055,8.3,6.284507225801859,4148171.9999999995
5405,MDA,1986,9937.0,0.055768263568602094,9.7,5.948557046096705,4183283.0000000005
5406,MDA,1987,9852.0,-0.008590683990934878,8.4,6.167935690223761,4216682.0
5407,MDA,1988,9731.0,-0.012357814418438196,9.6,6.374002150572442,4289659.0
5408,MDA,1989,10288.0,0.05566150165541117,10.9,6.2075834834852275,4359496.0
5409,MDA,1990,9835.0,-0.04503071565424044,11.0,6.0068456491462845,4394000.0
5410,MDA,1991,7957.688345154006,-0.21180890306181333,9.9,6.275515033325713,4400570.0
5411,MDA,1992,5546.366403875545,-0.36099553743621904,10.2,6.114345676483797,4402350.0
5412,MDA,1993,5383.858205235667,-0.029737755670613097,9.4,6.236369590203704,4400800.0
5413,MDA,1994,3662.2087632454704,-0.385338803058751,10.8,5.972026853215507,4391940.0
5414,MDA,1995,3558.826698727752,-0.02863554108184374,10.1,6.3578422665081,4374990.0
5415,MDA,1996,3305.4966522157943,-0.07384417653287478,9.3,6.341593110176681,4353790.0
5416,MDA,1997,3322.478992532379,0.005124453797014539,9.3,6.435027943814805,4324040.0
5417,MDA,1998,3078.0096314989737,-0.07642802424216377,10.1,6.276267478808919,4285700.0
5418,MDA,1999,2949.9066108079396,-0.04250965205637591,11.1,6.175659348283617,4244180.0
5419,MDA,2000,2989.534798311321,0.013344276951421818,11.1,6.093569770045136,4199330.0
5420,MDA,2001,3150.631434393432,0.05248509866324014,10.5,6.320768294250582,4154000.0
5421,MDA,2002,3373.7091597677427,0.06840989187176305,11.0,6.251903883165888,4107590.0
5422,MDA,2003,3575.268010479867,0.05802736131860087,9.8,6.051618469927729,4059430.0
5423,MDA,2004,3813.4311340442496,0.06448920269182956,10.4,6.320768294250582,4012880.0
5424,MDA,2005,4073.673609345101,0.06601585507447005,10.4,6.3265071909196005,3966310.0
5425,MDA,2006,4243.070448307113,0.040741970432714325,10.2,6.196647773045199,3918920.0
5426,MDA,2007,4342.745574660048,0.023219599480061248,11.6,6.132312855695361,3873070.0
5427,MDA,2008,4652.45725879469,0.06888875379262593,11.2,6.197461939587221,3829190.0
5428,MDA,2009,4342.527899279536,-0.06893887895706996,11.2,6.0874563127617085,3787940.0
5429,MDA,2010,4615.324044361896,0.06092543713581833,10.9,6.4731187935736925,3748220.0
5430,MDA,2011,4892.0,0.05821913687206681,10.4,5.9740640324278145,3709190.0
5431,MDA,2012,4914.037958167865,0.00449478073911358,11.0,6.253828811575473,3670770.0
5432,MDA,2013,5414.350535415374,0.09695693663766924,11.2,6.271366432240801,3632880.0
5433,MDA,2014,5744.251779820272,0.059146729117722785,11.1,6.310100079881413,3595450.0
5434,MDA,2015,5784.491679479232,0.006980823749749732,11.7,6.060524083039477,3558370.0
5435,MDA,2016,6102.694537539031,0.05354991304264445,11.3,6.283014131086252,3521540.0
5436,MDA,2017,6425.865449026022,0.051600920835708664,11.2,6.247075288559693,3484900.0
5437,MDA,2018,6760.111395337349,0.050708046571767085,11.4,6.234802805707711,3448410.0
5438,MDA,2019,7078.229925539575,0.04598449741147981,12.2,5.941223330671235,3411990.0
5439,MDA,2020,6560.747769686751,-0.07591928018955052,12.3,6.105016421792097,3375580.0
5440,MDA,2021,7557.3855325458735,0.14142071560923952,10.8,6.376386753984817,3339070.0
5441,MDA,2022,6674.871287709826,-0.12417537999017192,11.6,5.939118066735773,3569740.0
5442,MDG,1961,1795.0,0.0011148273172461032,23.2,7.428511431425036,5590111.0
5443,MDG,1962,1800.0,0.0027816429618772176,22.6,7.117529862557393,5703324.0
5444,MDG,1963,1747.0,-0.029886633750200176,22.4,7.26010086475964,5821158.0
5445,MDG,1964,1779.0,0.018151377531778756,22.3,7.289473993360301,5943744.0
5446,MDG,1965,1734.0,-0.025620530325348057,22.2,7.445651174270791,6070004.0
5447,MDG,1966,1733.0,-0.0005768676248809612,22.8,7.356471429084617,6200000.0
5448,MDG,1967,1790.0,0.032361609119194945,23.0,7.396335293800808,6334556.0
5449,MDG,1968,1871.0,0.0442574274392884,22.3,7.345687577227803,6473179.0
5450,MDG,1969,1900.0,0.015380838880442838,23.2,7.312953684861757,6615873.0
5451,MDG,1970,1954.0,0.02802466744819565,22.7,7.178469203203764,6765644.0
5452,MDG,1971,1986.0,0.016244012002390562,22.3,7.420159655861342,6920494.0
5453,MDG,1972,1916.0,-0.03588288607431256,22.5,7.45298232946546,7082430.0
5454,MDG,1973,1824.0,-0.049207787896529354,22.6,7.509773526130981,7250455.0
5455,MDG,1974,1816.0,-0.00439561147303813,22.2,7.435614995303907,7423573.0
5456,MDG,1975,1795.0,-0.011631258238859132,22.3,7.3654332585372355,7603790.0
5457,MDG,1976,1694.0,-0.0579124257103798,22.5,7.322774599895113,7807400.0
5458,MDG,1977,1691.0,-0.001772526313419398,22.9,7.2525499308901535,8011695.0
5459,MDG,1978,1604.0,-0.052819560472119775,22.8,7.243155512642015,8224285.0
5460,MDG,1979,1714.0,0.06632931073126525,22.7,7.283173465738004,8453131.0
5461,MDG,1980,1680.0,-0.02003602676042071,22.7,7.250067572085033,8691245.0
5462,MDG,1981,1492.0,-0.11867629163359883,22.6,7.343038055499483,8938764.0
5463,MDG,1982,1423.0,-0.0473501826738536,22.7,7.529674950253715,9195873.0
5464,MDG,1983,1395.0,-0.019872903834386335,23.0,7.271564711821469,9463017.0
5465,MDG,1984,1305.0,-0.06669137449867168,22.4,7.448683246564571,9740535.0
5466,MDG,1985,1296.0,-0.0069204428445743815,22.6,7.284820912568604,10028632.0
5467,MDG,1986,1267.0,-0.02263069659108119,22.5,7.3150853136998135,10327391.0
5468,MDG,1987,1258.0,-0.007128743060753173,23.0,7.318539548567902,10636882.0
5469,MDG,1988,1240.0,-0.014411778661302499,22.9,7.269616749608169,10957343.0
5470,MDG,1989,1251.0,0.008831851867828533,22.6,7.512890582218869,11289164.0
5471,MDG,1990,1262.0,0.008754532634246637,22.8,7.056347683031964,11632868.0
5472,MDG,1991,1160.670533644055,-0.08369987976024884,22.8,7.233166568243925,11988690.0
5473,MDG,1992,1152.6460623318474,-0.006937661288318964,22.8,7.313153718201314,12356540.0
5474,MDG,1993,1154.1894836927775,0.001338128843984876,22.7,7.334198793475493,12736240.0
5475,MDG,1994,1132.1717646415016,-0.019260648095091426,23.0,7.229983695186501,13127690.0
5476,MDG,1995,1129.8485481073742,-0.0020541083012455275,23.0,7.310817502473991,13531150.0
5477,MDG,1996,1132.4437234951688,0.0022942893442516876,22.8,7.332696163590958,13946650.0
5478,MDG,1997,1152.1545829273098,0.017255854977979546,23.0,7.355193718567724,14374000.0
5479,MDG,1998,1174.2272274808554,0.018976512650558774,23.3,7.4119187598745775,14813090.0
5480,MDG,1999,1206.8937614601625,0.02743966707636769,22.9,7.259467931091055,15259210.0
5481,MDG,2000,1238.7764128262836,0.026074209027958872,23.0,7.241223006583051,15706790.0
5482,MDG,2001,1290.1064455092514,0.0406006022727583,23.0,7.321651412568154,16161780.0
5483,MDG,2002,1110.821697808672,-0.14962472111106084,23.1,7.37994401913321,16630790.0
5484,MDG,2003,1198.4432505746915,0.07592341363859578,23.2,7.291656209174461,17113620.0
5485,MDG,2004,1239.896974885536,0.034004867999974486,23.0,7.3334150943758205,17610280.0
5486,MDG,2005,1276.486788139317,0.02908331618323068,23.2,7.290361092944218,18119860.0
5487,MDG,2006,1322.4795193682357,0.03539679075167612,23.1,7.307872780763706,18640920.0
5488,MDG,2007,1384.1850036771834,0.04560312310877812,23.2,7.297971376327562,19173150.0
5489,MDG,2008,1458.7853395069988,0.05249260876913464,22.9,7.337392539061287,19716710.0
5490,MDG,2009,1367.6862572519497,-0.0644836814254015,23.2,7.336546212393798,20271500.0
5491,MDG,2010,1349.6198337375167,-0.013297500629473546,23.5,7.262137596860986,20837290.0
5492,MDG,2011,1347.0,-0.001943050725203399,23.3,7.236051324319173,21413240.0
5493,MDG,2012,1350.638040004712,0.0026972055971175024,23.3,7.242297082086402,21998580.0
5494,MDG,2013,1345.350945044516,-0.003922198323072834,23.2,7.333349758385467,22592990.0
5495,MDG,2014,1354.1408001073978,0.006512252643886995,23.4,7.366571562587296,23195820.0
5496,MDG,2015,1360.7545006851938,0.004872168483902151,23.5,7.248077238758097,23806040.0
5497,MDG,2016,1379.3698342593648,0.013587427205376201,23.3,7.152347161502217,24422510.0
5498,MDG,2017,1398.0183426717206,0.013429011342267927,23.6,7.217883540263748,25044460.0
5499,MDG,2018,1407.442425894754,0.006718410591609825,23.4,7.318207928601341,25671330.0
5500,MDG,2019,1434.2703140960969,0.01888205299731549,23.6,7.3468485680702855,26302330.0
5501,MDG,2020,1300.5428364114239,-0.09787448418542954,23.4,7.220520131801381,26936340.0
5502,MDG,2021,1343.4438578473782,0.03245461643795622,23.4,7.2075635312317585,27572940.0
5503,MDG,2022,1367.0937832263344,0.017450800309397607,23.2,7.2531872569748215,28236680.0
5504,MEX,1961,4807.0,0.017628997997842788,20.9,6.600278579202176,39836230.0
5505,MEX,1962,4881.0,0.015276927993186362,21.3,6.494812281018014,41121485.0
5506,MEX,1963,5118.0,0.04741362083258771,21.1,6.56159627677138,42434264.0
5507,MEX,1964,5555.0,0.08193468535399617,20.8,6.502640109638261,43774575.0
5508,MEX,1965,5737.0,0.0322380025281408,20.9,6.578000430108449,45142399.0
5509,MEX,1966,5950.0,0.03645479393780349,20.6,6.676453539966464,46537832.0
5510,MEX,1967,6132.0,0.03012974145202918,20.9,6.686484972049608,47995559.0
5511,MEX,1968,6432.0,0.0477645708670984,20.5,6.647818066838915,49518803.0
5512,MEX,1969,6629.0,0.030168431382588068,21.1,6.651442666276413,51110928.0
5513,MEX,1970,6873.0,0.036146728880215306,20.7,6.597145701886651,52775158.0
5514,MEX,1971,6912.0,0.005658339362286213,20.8,6.632396956219188,54406901.0
5515,MEX,1972,7256.0,0.04856968131108097,21.2,6.630815303062258,55984294.0
5516,MEX,1973,7597.0,0.04592471970824796,20.7,6.718529945871388,57557303.0
5517,MEX,1974,7801.0,0.026498498085091526,20.8,6.566391096280496,59122839.0
5518,MEX,1975,8011.0,0.02656366662680476,20.6,6.559190218006784,60678045.0
5519,MEX,1976,8131.0,0.014868319992720203,20.3,6.710157634635666,62219964.0
5520,MEX,1977,8177.0,0.005641417954139527,21.1,6.467232779058571,63759976.0
5521,MEX,1978,8690.0,0.06084760409746082,20.9,6.717078917805429,65295990.0
5522,MEX,1979,9307.0,0.06859386592627281,20.6,6.526641261737804,66825878.0
5523,MEX,1980,9929.0,0.06469296284788406,21.2,6.557772180332977,68347479.0
5524,MEX,1981,10538.0,0.05952800373563605,21.2,6.754604099487962,69969263.0
5525,MEX,1982,10240.0,-0.028686152175732005,21.2,6.4692503167957724,71640904.0
5526,MEX,1983,9656.0,-0.05872213581613117,20.9,6.687981045137532,73362881.0
5527,MEX,1984,9777.0,0.01245320472830258,20.9,6.759371273215879,75080138.0
5528,MEX,1985,9785.0,0.0008179123245053432,21.0,6.634501943182477,76767225.0
5529,MEX,1986,9283.0,-0.05266583043024298,21.3,6.566391096280496,78442430.0
5530,MEX,1987,9256.0,-0.002912780526420633,20.9,6.4559844179974615,80122492.0
5531,MEX,1988,9193.0,-0.006829665009757235,21.0,6.620473126551683,81781816.0
5532,MEX,1989,9392.0,0.021415938204123464,21.3,6.565968947537155,83366836.0
5533,MEX,1990,9699.0,0.032164524325663635,21.4,6.675318680756335,84913652.0
5534,MEX,1991,10008.55074402065,0.03141701461685287,21.3,6.599734435534826,86440960.0
5535,MEX,1992,10262.210680323855,0.02502848042342265,21.1,6.638698670653521,87905840.0
5536,MEX,1993,10357.829066512122,0.009274382856611751,21.3,6.635421483477155,89337570.0
5537,MEX,1994,10721.008231258847,0.03446253733520521,21.7,6.466922027036182,90755640.0
5538,MEX,1995,9944.95271764715,-0.07514004473326352,21.7,6.610696044717759,92155180.0
5539,MEX,1996,10386.499120858674,0.04344164343967272,21.6,6.558197802812269,93507910.0
5540,MEX,1997,11030.343186999262,0.06014314539333121,21.2,6.581609540078228,94803100.0
5541,MEX,1998,11510.877396985583,0.04264250218913723,21.8,6.655440350367647,96051470.0
5542,MEX,1999,11894.202848912393,0.03275867693271017,21.5,6.651442666276413,97242300.0
5543,MEX,2000,12613.396051909382,0.05870830204108479,21.7,6.5638555265321274,98402890.0
5544,MEX,2001,12565.465172055608,-0.0038072363419558997,21.5,6.512487995850418,99598600.0
5545,MEX,2002,12645.503583245143,0.006349512457903828,21.6,6.57242239305435,100862570.0
5546,MEX,2003,12793.95561894545,0.011671138103880097,21.7,6.632660322035828,102132400.0
5547,MEX,2004,13287.599901797117,0.0378584199933627,21.5,6.705761486390662,103333960.0
5548,MEX,2005,13655.801157462844,0.027333162448289983,21.8,6.568779912142806,104508000.0
5549,MEX,2006,14287.558268468327,0.04522468282795877,22.0,6.680101572190042,105737620.0
5550,MEX,2007,14684.727956137704,0.027418931794832346,21.6,6.6388295350128,107082630.0
5551,MEX,2008,14808.089963376902,0.008365611384888894,21.6,6.6542813778600935,108554110.0
5552,MEX,2009,14026.988962508145,-0.05419039371283674,22.0,6.506232390106597,110060750.0
5553,MEX,2010,14697.29811084571,0.046680418045257355,21.3,6.692827882439268,111467530.0
5554,MEX,2011,15210.0,0.03428943136345097,22.1,6.522680860521707,112826320.0
5555,MEX,2012,15547.994521281404,0.021978554344221024,22.3,6.5473591342415505,114162630.0
5556,MEX,2013,15614.78168757982,0.004286349079189122,21.7,6.810583367229864,115471310.0
5557,MEX,2014,15883.876915366996,0.017086554574776258,21.9,6.738744736247855,116756830.0
5558,MEX,2015,16235.004341326458,0.02186510869077196,22.1,6.607190580699342,118017140.0
5559,MEX,2016,16705.0464647827,0.0285411843342267,22.4,6.657882667925903,117443950.0
5560,MEX,2017,16900.131009812096,0.011610516664481096,22.6,6.653636923368497,118799050.0
5561,MEX,2018,17055.116395989793,0.009128866631330723,22.2,6.635552777378742,120288770.0
5562,MEX,2019,16802.014276655613,-0.014951463948129629,22.3,6.562867732759577,121872370.0
5563,MEX,2020,15253.691313136262,-0.09667724955841628,22.6,6.519442229691538,123260430.0
5564,MEX,2021,15853.37632930669,0.03856096817647803,22.3,6.706862336602747,124461880.0
5565,MEX,2022,16235.455392709897,0.023814959960407833,22.2,6.595507252585106,125246730.0
5566,MKD,1961,3634.0,0.013296594791038174,10.6,6.323462503334274,1381753.0
5567,MKD,1962,3666.0,0.008767179443534445,10.2,6.527372951241436,1401167.0
5568,MKD,1963,4261.0,0.1504027251002622,10.1,6.584376941872082,1422470.0
5569,MKD,1964,5450.0,0.24611173415737753,9.7,6.4703349996324215,1444676.0
5570,MKD,1965,4933.0,-0.09966828642355097,9.6,6.249975242259483,1469729.0
5571,MKD,1966,5308.0,0.07326779421835994,10.8,6.505784060128229,1489836.0
5572,MKD,1967,5485.0,0.03280197725723255,10.1,6.4355091371836215,1511816.0
5573,MKD,1968,5606.0,0.021820359015402246,10.3,6.452837287154442,1532751.0
5574,MKD,1969,6129.0,0.08919415176099754,9.8,6.482036441846705,1553615.0
5575,MKD,1970,6545.0,0.06566979485826963,10.1,6.444766984630307,1574407.0
5576,MKD,1971,6884.0,0.05049847898742854,9.9,6.473890696352274,1596091.0
5577,MKD,1972,7127.0,0.034690510170442224,10.0,6.553363441057973,1617701.0
5578,MKD,1973,7471.0,0.04713847047393038,9.7,6.526055524424235,1639236.0
5579,MKD,1974,7803.0,0.043479416140959515,10.0,6.475740835640436,1661657.0
5580,MKD,1975,8064.0,0.03290143619438801,10.1,6.324179734851483,1684000.0
5581,MKD,1976,8319.0,0.031132343972737786,9.4,6.5841005460715385,1706445.0
5582,MKD,1977,8738.0,0.049139275227494394,10.4,6.193997144518067,1727797.0
5583,MKD,1978,9341.0,0.0667319823614676,9.5,6.47126379226885,1747113.0
5584,MKD,1979,9891.0,0.05721193986699191,10.3,6.601909235902685,1768203.0
5585,MKD,1980,9899.0,0.0008084891799668981,9.3,6.552365223506279,1792000.0
5586,MKD,1981,9937.0,0.003831422311554533,10.1,6.454254721835416,1808103.0
5587,MKD,1982,9977.0,0.004017279682145158,10.1,6.430847873419607,1823791.0
5588,MKD,1983,9728.0,-0.025274118707558912,10.0,6.442062345323486,1831444.0
5589,MKD,1984,10007.0,0.028276522884507216,9.8,6.224162311227003,1837295.0
5590,MKD,1985,9894.0,-0.011356335302801668,9.6,6.191748804276109,1844740.0
5591,MKD,1986,10551.0,0.06429212935443829,10.2,6.350362019399812,1850679.0
5592,MKD,1987,10385.0,-0.015858184831879285,9.8,6.498432740546668,1856378.0
5593,MKD,1988,10034.0,-0.034383131266015,10.2,6.25344412220739,1858920.0
5594,MKD,1989,10206.0,0.01699645657971871,10.2,6.267959273919186,1863007.0
5595,MKD,1990,9173.0,-0.10671139611426206,10.8,6.194813471094013,1861361.0
5596,MKD,1991,8615.759144166695,-0.0626714015480676,9.6,6.444290226575984,1867710.0
5597,MKD,1992,7991.597871797595,-0.07520226124074902,10.4,6.304083104849794,1889360.0
5598,MKD,1993,7317.834723748325,-0.08807624229037181,10.1,6.0888180923638915,1917560.0
5599,MKD,1994,7154.067121350195,-0.02263345830296082,11.3,6.352280903547264,1935030.0
5600,MKD,1995,7039.1197988162685,-0.016197889369376384,10.2,6.53116913042435,1954050.0
5601,MKD,1996,7095.166536780963,0.007930648975053245,9.7,6.4157514094567345,1971100.0
5602,MKD,1997,7179.026197617261,0.011749964038099137,9.9,6.248816269751929,1984860.0
5603,MKD,1998,7411.548004951359,0.03187557825149767,10.5,6.441106017548975,1995470.0
5604,MKD,1999,7732.047103206161,0.042334328269058474,11.0,6.452048954437226,2005700.0
5605,MKD,2000,8083.789724815248,0.04448713461371767,11.3,6.0068456491462845,2017370.0
5606,MKD,2001,7835.026934522752,-0.0312564744030599,10.9,6.1735777488642,2025860.0
5607,MKD,2002,7964.077765660317,0.016336837282375782,11.2,6.557630265907138,2011210.0
5608,MKD,2003,8160.412847626555,0.024353610965325956,10.6,6.439829489531367,2017790.0
5609,MKD,2004,8561.383654725681,0.047967057230151156,10.6,6.426812029698016,2023530.0
5610,MKD,2005,8984.545176004136,0.04824407958923871,10.2,6.500238066747841,2027830.0
5611,MKD,2006,9466.264087390893,0.05222843102751007,10.6,6.498583308942647,2031190.0
5612,MKD,2007,10099.407044287385,0.06474238402244481,11.5,6.537271139769218,2034500.0
5613,MKD,2008,10674.208359304781,0.05535368434847143,11.4,6.291383937224241,2037830.0
5614,MKD,2009,10657.877939419719,-0.0015310666614105628,11.3,6.596463340891223,2041580.0
5615,MKD,2010,11038.289575823977,0.035070767795543745,11.0,6.598917664457565,2045890.0
5616,MKD,2011,11321.0,0.025289308975962044,10.7,6.063552623502236,2049420.0
5617,MKD,2012,11255.701047434053,-0.005784648032996387,11.4,6.386879319362645,2051909.9999999998
5618,MKD,2013,11568.168643775136,0.027382483720122863,11.4,6.296188085414615,2054880.0
5619,MKD,2014,11968.066277744645,0.03398471534684511,11.6,6.7259935654466965,2058310.0
5620,MKD,2015,12412.940670794598,0.03649757178997959,11.4,6.540163823302054,2061060.0
5621,MKD,2016,12752.585075157189,0.02699447112602904,11.4,6.591948042804508,2063310.0
5622,MKD,2017,12878.02101779952,0.009788059138868377,11.3,6.4775875582336,2065310.0
5623,MKD,2018,13238.033916924547,0.027571982596899858,11.9,6.417059026511312,2067020.0
5624,MKD,2019,13751.227996277217,0.038034085163225484,12.0,6.458024754575957,2067690.0
5625,MKD,2020,13125.830528042297,-0.04654604414221453,11.8,6.447622769531664,2064650.0
5626,MKD,2021,13692.045849554457,0.04223298449781687,11.3,6.5641375742000525,2057080.0
5627,MKD,2022,14050.995220494258,0.02587815816946204,11.8,6.361129751084959,2047560.0
5628,MLI,1961,840.0,-0.013010236736015202,28.1,5.797879798035317,4585151.0
5629,MLI,1962,827.0,-0.015597196813668113,28.2,5.8188952817567055,4678528.0
5630,MLI,1963,866.0,0.04608021353874392,28.6,5.765504533284198,4774976.0
5631,MLI,1964,888.0,0.025086834429735028,28.3,5.886104031450156,4874607.0
5632,MLI,1965,881.0,-0.00791411705599021,28.1,5.82982758150686,4977536.0
5633,MLI,1966,899.0,0.02022540853544008,28.6,5.7623657987550985,5083886.0
5634,MLI,1967,910.0,0.012161565039275679,28.1,5.818300928098793,5193779.0
5635,MLI,1968,923.0,0.014184634991956102,28.5,5.648269764725942,5307348.0
5636,MLI,1969,899.0,-0.02634620003123178,29.1,5.7407570774475625,5424728.0
5637,MLI,1970,934.0,0.03819340375722291,28.8,5.647212123167807,5546065.0
5638,MLI,1971,945.0,0.011708489264900201,28.6,5.662265794453267,5671505.0
5639,MLI,1972,971.0,0.02714154079758213,28.7,5.476463551931511,5801204.0
5640,MLI,1973,926.0,-0.047452233645145725,28.9,5.473530384104697,5935323.0
5641,MLI,1974,883.0,-0.04754903404221977,28.1,5.7242384832235835,6074032.0
5642,MLI,1975,982.0,0.10626610775050604,28.1,5.713732805509369,6217503.0
5643,MLI,1976,1090.0,0.10434166686872359,28.0,5.720311776607412,6365926.0
5644,MLI,1977,1148.0,0.05184360165632196,28.7,5.583496308781699,6454823.0
5645,MLI,1978,1101.0,-0.041802440156831544,28.8,5.709101636133801,6550200.0
5646,MLI,1979,1345.0,0.2001751553132598,28.9,5.631928370888217,6651246.0
5647,MLI,1980,1168.0,-0.14110112864776703,29.2,5.628699668531845,6758153.0
5648,MLI,1981,1111.0,-0.05003237374854219,28.8,5.614951260949585,6871186.0
5649,MLI,1982,1030.0,-0.07570170841594859,28.6,5.493472881322077,6988555.0
5650,MLI,1983,1057.0,0.02587590464655598,29.2,5.35800036870921,7108978.0
5651,MLI,1984,1084.0,0.025223196129354086,29.0,5.384495062789089,7233025.0
5652,MLI,1985,1089.0,0.004601940933368631,28.9,5.531411248715415,7361326.0
5653,MLI,1986,1138.0,0.044012491753315786,28.6,5.5626028611934215,7494408.0
5654,MLI,1987,1138.0,0.0,29.6,5.408516158846112,7632679.0
5655,MLI,1988,1116.0,-0.019521471745020058,28.8,5.746203190540153,7777037.0
5656,MLI,1989,1205.0,0.0767287029834991,28.7,5.646506406836471,7927759.0
5657,MLI,1990,1191.0,-0.011686276569455423,29.2,5.46763811116474,8084632.0
5658,MLI,1991,1186.7576821061425,-0.0035683387144525014,28.8,5.648622063478926,8653430.0
5659,MLI,1992,1115.4059709719274,-0.0620065134883836,28.6,5.580484258311707,8960980.0
5660,MLI,1993,1115.100172601165,-0.0002741963957904048,29.1,5.5649034757050835,9191580.0
5661,MLI,1994,1111.7853665954442,-0.002977080227642759,28.4,5.8547853481927286,9462970.0
5662,MLI,1995,1100.2432497144953,-0.010435870085466092,28.9,5.619675965359201,9758430.0
5663,MLI,1996,1130.5096649594223,0.027137270516484513,29.3,5.593595515621446,10075070.0
5664,MLI,1997,1160.9516652043324,0.026571507833592634,29.2,5.597310230145684,10158190.0
5665,MLI,1998,1167.4325780704648,0.005566890105827227,29.4,5.705780477318874,10286320.0
5666,MLI,1999,1192.3168188946438,0.021091361073834136,28.8,5.875211590283732,10596340.0
5667,MLI,2000,1153.0461453554185,-0.03349105851428025,29.1,5.597310230145684,10832500.0
5668,MLI,2001,1309.2558397068744,0.12705165203576652,29.2,5.6222108209623896,10889690.0
5669,MLI,2002,1321.3388265733836,0.009186570624491353,29.4,5.485211785187126,11007420.0
5670,MLI,2003,1391.2634712829354,0.051566821286441744,29.4,5.836855428880563,11306840.0
5671,MLI,2004,1366.9830665779407,-0.01760613604603023,29.5,5.667809814197383,11579460.0
5672,MLI,2005,1414.7927385625292,0.03437687547509327,29.5,5.685279003091641,11804000.0
5673,MLI,2006,1438.2079327040642,0.016414801535309387,29.1,5.689345426858432,12043060.0
5674,MLI,2007,1441.205936709517,0.0020823717775666495,29.3,5.6577385361547945,12336650.0
5675,MLI,2008,1460.495980038843,0.013295871220915245,28.9,5.731073334892105,12657420.0
5676,MLI,2009,1477.4183743876558,0.011520132624257329,29.5,5.726847747587197,12986360.0
5677,MLI,2010,1504.9956122694277,0.01849375975029588,29.7,5.8988008622445625,13325440.0
5678,MLI,2011,1500.0,-0.003324874652828491,29.5,5.585749407744609,13679130.0
5679,MLI,2012,1449.195949731137,-0.034456222904131195,29.0,5.8090429853136945,14040310.0
5680,MLI,2013,1444.187901831615,-0.003461727276871329,29.2,5.718671087149952,14412340.0
5681,MLI,2014,1505.6677272326094,0.04168931445990687,29.2,5.703782474656201,14803270.0
5682,MLI,2015,1555.804568664512,0.03275634693631524,29.3,5.731397641689174,15210440.0
5683,MLI,2016,1602.781914597663,0.029747996762700346,29.5,5.725543966437714,15628650.0
5684,MLI,2017,1642.5181485559388,0.024489704578626537,29.4,5.629058928460265,16059600.0
5685,MLI,2018,1673.8774703125134,0.01891225297244592,29.3,5.772686453303412,16506640.0
5686,MLI,2019,1706.0105060362946,0.01901483369959056,29.1,5.758270659940271,16967460.0
5687,MLI,2020,1638.9304502976336,-0.040113742705043975,29.4,5.818003618746224,17442210.0
5688,MLI,2021,1643.0143721173124,0.002488721869838173,29.8,5.675040005790547,17930390.0
5689,MLI,2022,1651.941309062707,0.0054185607643875144,29.2,5.865901324132636,18494050.0
5690,MLT,1961,2361.0,-0.009274940013228594,19.4,5.5675808534758,328854.0
5691,MLT,1962,2260.0,-0.043720444819181914,19.1,5.931183616223052,329011.0
5692,MLT,1963,2263.0,0.001326553367205996,19.1,5.760477818332746,328116.0
5693,MLT,1964,2343.0,0.03474079287425802,19.1,6.081305251107771,323591.0
5694,MLT,1965,2539.0,0.08033814319688304,19.0,6.074195944705447,319164.0
5695,MLT,1966,2828.0,0.10779944531178476,19.2,5.940171252720432,317482.0
5696,MLT,1967,3014.0,0.06369835216997721,19.1,5.6736668507515775,318573.0
5697,MLT,1968,3309.0,0.09337792873517259,19.2,5.582744146279145,319254.0
5698,MLT,1969,3483.0,0.05124796244438912,18.8,6.13361493921266,322749.0
5699,MLT,1970,3889.0,0.11025806378974501,19.1,5.667809814197383,325569.0
5700,MLT,1971,3987.0,0.024887013225608712,18.8,6.054908719664517,325468.0
5701,MLT,1972,4299.0,0.07534336911492545,18.8,6.101215411067101,319430.0
5702,MLT,1973,4442.0,0.032722287958090845,19.1,6.263207768258254,321838.0
5703,MLT,1974,4863.0,0.09055080594941423,18.9,5.435467204695271,323524.0
5704,MLT,1975,5738.0,0.16545518613752463,18.8,6.061223791522835,327842.0
5705,MLT,1976,6684.0,0.15260589317397333,18.5,6.3377102955561755,329354.0
5706,MLT,1977,7438.0,0.10688538476973086,19.6,5.565669172526567,332066.0
5707,MLT,1978,8080.0,0.08278987703012675,18.8,5.8027224225111045,339786.0
5708,MLT,1979,8745.0,0.07909023593756004,19.4,6.100767281998432,346876.0
5709,MLT,1980,8920.0,0.019813838121352845,18.7,5.894127314219024,364001.0
5710,MLT,1981,9224.0,0.033512836374839594,19.3,5.410305868496084,363652.0
5711,MLT,1982,9526.0,0.03221611941191149,19.9,6.356801864125367,360222.0
5712,MLT,1983,9586.0,0.006278798358771098,19.6,5.915932484495545,355773.0
5713,MLT,1984,9797.0,0.02177251562506477,19.1,6.0105316098252075,351379.0
5714,MLT,1985,10176.0,0.0379557902352623,19.7,5.867883485336628,347039.0
5715,MLT,1986,10584.0,0.039311420214888315,19.7,6.168564159920785,346625.0
5716,MLT,1987,10943.0,0.033356555623651474,19.9,5.528635121610247,349047.0
5717,MLT,1988,11765.0,0.07242903974301917,20.1,5.992713766508414,351951.0
5718,MLT,1989,12607.0,0.06912319306980663,19.8,5.8738065036397495,355323.0
5719,MLT,1990,13259.0,0.05042435188344996,20.1,6.104569993213254,359107.0
5720,MLT,1991,13834.927031726535,0.042519771912893134,19.3,6.0428703351678825,362700.0
5721,MLT,1992,14341.301596372025,0.035947258839019725,19.5,6.050676406739828,366150.0
5722,MLT,1993,14840.319300841204,0.034204155852460616,19.8,5.757954953544594,370390.0
5723,MLT,1994,15539.059462853587,0.046009065745021616,20.7,5.767695800399854,374120.0
5724,MLT,1995,16417.17321677853,0.05497111483635564,19.9,6.07073772800249,377550.0
5725,MLT,1996,16932.04784205388,0.030880213876978146,19.7,6.075116119603592,379770.0
5726,MLT,1997,17694.789590346605,0.044062074621365355,20.2,6.047135744478443,382550.0
5727,MLT,1998,18488.66584927667,0.043887664720884345,20.0,5.685957889743649,385030.0
5728,MLT,1999,19254.364806360405,0.04057989068143364,20.6,5.912150740388256,387240.0
5729,MLT,2000,20434.549470482267,0.059489291599584604,20.4,5.68561850402853,389720.0
5730,MLT,2001,20413.05002831469,-0.0010526662235559314,20.6,5.618950539139504,392860.0
5731,MLT,2002,20873.984135075105,0.022329201769736073,20.2,5.734311679691024,395690.0
5732,MLT,2003,21273.134299891713,0.01894137076711644,20.5,6.254789888055024,398320.0
5733,MLT,2004,21233.001014352474,-0.0018883531597673198,20.0,5.812337881210547,400910.0
5734,MLT,2005,21905.215301151515,0.031168127104226784,19.8,5.92479041383999,403550.0
5735,MLT,2006,22233.7176167616,0.01488519813998046,20.4,6.066572019594787,405000.0
5736,MLT,2007,23048.263432463526,0.0359804792326095,20.4,6.008567455007644,406490.0
5737,MLT,2008,23674.59430565875,0.026812075495771026,20.4,5.628699668531845,409130.0
5738,MLT,2009,22927.655023136584,-0.03205867806695473,20.2,6.084043728401075,412200.0
5739,MLT,2010,23632.624639066184,0.03028433247911977,20.4,5.802118375377063,414210.0
5740,MLT,2011,23871.0,0.010036175706646944,20.1,5.988961416889864,416010.0
5741,MLT,2012,24629.777369544292,0.031291840032727336,20.6,5.792403666309729,419800.0
5742,MLT,2013,25611.12142374041,0.03907051466648248,20.3,5.928790952579924,425810.0
5743,MLT,2014,27007.890967294632,0.05310239359049618,20.7,5.878855602725328,434610.0
5744,MLT,2015,28906.48112712545,0.06793674907672376,20.5,5.968195920168628,445080.0
5745,MLT,2016,29207.270281846828,0.010351830108389137,20.8,5.763622475012218,455390.0
5746,MLT,2017,31495.494385106358,0.075426839669273,20.3,6.040968742011071,468210.0
5747,MLT,2018,32292.822622605316,0.025000495502288445,20.6,5.968963281761469,484930.0
5748,MLT,2019,33220.28456962831,0.02831567465254814,20.5,5.982928216085695,504430.0
5749,MLT,2020,29703.76200401182,-0.11188696577359991,20.6,5.848171377281505,515559.99999999994
5750,MLT,2021,33031.18172471114,0.10617831148876888,20.9,5.674353663965389,518360.0
5751,MLT,2022,34496.338374992985,0.04340116826891638,21.1,5.4860409726309864,530350.0
5752,MMR,1961,904.0,0.00554632592055615,23.3,7.8003269242357,23232014.0
5753,MMR,1962,966.0,0.06633447382034152,23.2,7.5769683092464515,23637928.0
5754,MMR,1963,977.0,0.011322817830264675,23.2,7.718729938655285,24057245.0
5755,MMR,1964,976.0,-0.0010240656296902628,23.3,7.685289562802247,24490203.0
5756,MMR,1965,983.0,0.007146533734074367,23.2,7.748373738900291,24937268.0
5757,MMR,1966,925.0,-0.06081538263474151,23.7,7.692158979813635,25398927.0
5758,MMR,1967,934.0,0.009682700716417969,23.2,7.660773856579473,25875687.0
5759,MMR,1968,976.0,0.043986148184249174,23.3,7.74296609880555,26368073.0
5760,MMR,1969,998.0,0.02229068989837213,23.6,7.668233951702367,26873709.0
5761,MMR,1970,1023.0,0.024741489640161873,23.4,7.7778764100094415,27392973.0
5762,MMR,1971,1036.0,0.012627656867802095,22.9,7.726609572164817,27926302.0
5763,MMR,1972,1023.0,-0.012627656867802095,23.4,7.60324970261043,28474102.0
5764,MMR,1973,1001.0,-0.02173998663640564,23.6,7.781597694591453,29234935.0
5765,MMR,1974,1033.0,0.031467689804418164,23.1,7.772457936183197,29798623.0
5766,MMR,1975,1057.0,0.02296751675059916,23.3,7.705127330599615,30335029.0
5767,MMR,1976,1103.0,0.042599033383265095,23.2,7.665237835046977,30871589.0
5768,MMR,1977,1148.0,0.039987557626008474,23.2,7.615741809738722,31407912.0
5769,MMR,1978,1205.0,0.048458269045243973,23.5,7.668514377952103,31863413.0
5770,MMR,1979,1240.0,0.028631812674327684,23.9,7.554282438906856,32405341.0
5771,MMR,1980,1320.0,0.06252035698133351,23.7,7.703819993548769,33061428.0
5772,MMR,1981,1369.0,0.036448809708032215,23.3,7.6706150719533825,33669419.0
5773,MMR,1982,1417.0,0.03446141440223194,23.2,7.553443908382381,34306454.0
5774,MMR,1983,1451.0,0.023711013193507213,23.3,7.6780949553719875,34980263.0
5775,MMR,1984,1492.0,0.027864527879517986,23.3,7.546710230458656,35670645.0
5776,MMR,1985,1506.0,0.009339627596133049,23.4,7.618103666861857,36345622.0
5777,MMR,1986,1465.0,-0.027601886908671602,23.4,7.484368643286131,36997574.0
5778,MMR,1987,1382.0,-0.05832351712355166,23.9,7.542531546215753,37625379.0
5779,MMR,1988,1207.0,-0.135393783230084,23.9,7.734646329591678,38196363.0
5780,MMR,1989,1234.0,0.02212298336780183,23.6,7.596191379811963,38721319.0
5781,MMR,1990,1253.0,0.015279750430734929,23.8,7.598950555816837,39242996.0
5782,MMR,1991,1205.0714613849889,-0.039001806675796225,23.8,7.644919344958857,39884710.0
5783,MMR,1992,1283.8254830248727,0.06330541014483426,23.4,7.645875825184813,40419180.0
5784,MMR,1993,1321.8101935535624,0.02915787651438162,23.5,7.534922900608107,41003150.0
5785,MMR,1994,1373.9628865796824,0.03869702631505856,23.8,7.6924327773876735,41732020.0
5786,MMR,1995,1423.6504850766937,0.03552515477749818,23.8,7.682205910606117,42463260.0
5787,MMR,1996,1469.0317370745163,0.03137916451203626,23.6,7.734208826850307,43143130.0
5788,MMR,1997,1505.9804638374535,0.024840655572131887,23.6,7.635062311188787,43782220.0
5789,MMR,1998,1547.0283397327264,0.026891733504021964,24.3,7.625741402889001,44407000.0
5790,MMR,1999,1667.661226356314,0.07508629102566555,23.8,7.7259920703809035,45018420.0
5791,MMR,2000,1843.494517527998,0.10024078313649287,23.5,7.6882721056789896,45616380.0
5792,MMR,2001,1996.3736867825307,0.07966941345286482,23.9,7.679621214253473,46171260.0
5793,MMR,2002,2175.8834327673317,0.08610237986537062,23.9,7.731623657265092,46689770.0
5794,MMR,2003,2410.569762054218,0.1024283772923944,23.8,7.610902294120415,47201050.0
5795,MMR,2004,2664.941253862452,0.1003188784451412,23.7,7.6644404803460695,47699220.0
5796,MMR,2005,2947.0989157758963,0.10063925430153375,24.1,7.619626073540185,48196250.0
5797,MMR,2006,3246.693421759015,0.0968158016430154,24.0,7.750098025903935,48673710.0
5798,MMR,2007,3542.588426898593,0.0872205842521332,23.8,7.752034301545998,49151450.0
5799,MMR,2008,3585.7652216670704,0.01211424823461904,23.6,7.678742743660419,49504890.0
5800,MMR,2009,3673.4366566972276,0.024155740391249125,24.1,7.630169957222651,49896470.0
5801,MMR,2010,3772.998541225463,0.026742411728340798,24.5,7.704135714183734,50284710.0
5802,MMR,2011,3884.0,0.028995496082160344,23.6,7.809500739414256,50813360.0
5803,MMR,2012,4091.201818102005,0.051973219518940184,24.0,7.559298909687007,51368720.0
5804,MMR,2013,4371.002736462297,0.06615367198244648,23.8,7.700566782655027,51878330.0
5805,MMR,2014,4684.643122007296,0.06929729626025782,24.0,7.465140008528082,52374250.0
5806,MMR,2015,4984.668832386767,0.06207723019521083,24.0,7.618496767943033,52900210.0
5807,MMR,2016,5252.832208764598,0.052400431092980426,24.2,7.7474241122048495,53416380.0
5808,MMR,2017,5503.631896954114,0.046640819728500205,23.9,7.814722683395408,53913680.0
5809,MMR,2018,5803.431070384382,0.053041087299410705,23.7,7.670241937620695,54403340.0
5810,MMR,2019,6140.884701072777,0.056519513395130616,24.3,7.5708040117180495,54884200.0
5811,MMR,2020,6282.811713203451,0.02284878541160218,24.1,7.646210377246624,55355100.0
5812,MMR,2021,5113.336847752783,-0.20596541073781793,24.1,7.6696352972231745,55814800.0
5813,MMR,2022,5177.432821804038,0.01245714460190861,23.9,7.6838179598693905,56210310.0
5814,MNE,1961,2922.0,0.1806801940947249,10.0,7.05712311063296,468013.0
5815,MNE,1962,2847.0,-0.026002505032607814,8.9,7.203628710460207,474528.0
5816,MNE,1963,3217.0,0.12218343996098913,9.0,7.297226497335952,480046.0
5817,MNE,1964,3732.0,0.14849503472820835,8.9,7.239071388453979,486538.0
5818,MNE,1965,3802.0,0.018582961081140326,8.5,7.102828519701255,491051.0
5819,MNE,1966,3948.0,0.03768187750499763,9.5,7.3266629627867905,496539.0
5820,MNE,1967,3995.0,0.011834457647001528,9.4,7.118259286749883,501035.0
5821,MNE,1968,4160.0,0.04047149505493408,9.3,7.249854511468482,505522.0
5822,MNE,1969,4546.0,0.08873265115717999,8.9,7.344396004558751,510001.0
5823,MNE,1970,4857.0,0.06617323793325625,8.9,7.287629037423392,514472.0
5824,MNE,1971,4994.0,0.027816228493973583,9.1,7.087907818491252,519914.0
5825,MNE,1972,5206.0,0.041574614714791736,9.2,7.184022448618619,527678.0
5826,MNE,1973,5137.0,-0.013342555087241692,8.9,7.127212042438352,534461.0
5827,MNE,1974,5394.0,0.04881797323240633,9.4,7.278283817209405,542221.0
5828,MNE,1975,5512.0,0.021640308993820412,9.5,6.943797870329067,549000.0
5829,MNE,1976,5740.0,0.04053167662011781,8.7,7.353145979962621,554552.0
5830,MNE,1977,6298.0,0.09277291234735685,9.5,7.088241819830362,560073.0
5831,MNE,1978,6583.0,0.044258445806907076,8.5,7.301889770747917,565561.0
5832,MNE,1979,6523.0,-0.009156175671780176,9.4,7.401902589695315,571018.0
5833,MNE,1980,7992.0,0.20310664853229277,8.2,7.292677485858972,560000.0
5834,MNE,1981,7635.0,-0.045698102675656216,9.1,7.2707998934285465,560090.0
5835,MNE,1982,7790.0,0.02009792121206111,9.6,7.0704691894698835,562548.0
5836,MNE,1983,7610.0,-0.023377688009063036,9.6,6.9266751638346475,565705.0
5837,MNE,1984,7828.0,0.02824387766023584,8.8,7.2194223966843785,558389.0
5838,MNE,1985,7804.0,-0.0030706267729652126,8.9,7.131538625583686,560562.0
5839,MNE,1986,8021.0,0.027426679623923533,9.3,7.154380954443551,564558.0
5840,MNE,1987,7592.0,-0.0549680410771618,9.0,7.194436851100335,569473.0
5841,MNE,1988,7299.0,-0.03935770883813028,9.5,7.066637604042329,574401.0
5842,MNE,1989,7278.0,-0.0028812532795274848,9.7,6.957211887694729,578981.0
5843,MNE,1990,6605.0,-0.09702916121567995,10.0,6.9266751638346475,583202.0
5844,MNE,1991,6068.215155121114,-0.08476241977956711,9.0,7.173575104576783,590872.0
5845,MNE,1992,4605.298853657336,-0.2758569529477537,10.0,7.0184913205768025,621621.0
5846,MNE,1993,2981.804595717488,-0.4346788789798772,9.5,7.06527171685712,622526.0
5847,MNE,1994,3073.9207262323207,0.03042517004323919,10.6,6.971574791695091,623015.0
5848,MNE,1995,3571.072375996292,0.14991207980768095,9.4,7.3114855497965845,623521.0
5849,MNE,1996,4663.160068685614,0.2668274085231648,9.0,7.400864896942348,623970.0
5850,MNE,1997,5121.728205681126,0.09379857762846733,9.5,7.036500234872699,623786.0
5851,MNE,1998,5522.104394005713,0.07526709616750082,9.8,7.1783166246255,623492.0
5852,MNE,1999,5142.729068401965,-0.07117513271272635,10.1,7.33719729647175,623269.0
5853,MNE,2000,6046.14222843826,0.16183653474223902,10.7,7.013555697868348,622985.0
5854,MNE,2001,6429.561141850434,0.061485863797390294,9.9,7.143617602704121,622684.0
5855,MNE,2002,6897.724960376603,0.07028535708348471,10.6,7.199304862960407,621991.0
5856,MNE,2003,7445.050118255445,0.07635775656637911,10.0,7.012925776587677,620914.0
5857,MNE,2004,8193.749691552164,0.09582223297167936,9.6,7.354170373419255,620511.0
5858,MNE,2005,9002.218204676312,0.09409938326883882,9.2,7.3409004028636105,620641.0
5859,MNE,2006,10307.646972987597,0.13541503018227985,9.9,7.095147292589197,620482.0
5860,MNE,2007,12027.429376495935,0.1543037784018093,10.7,7.185538519254671,620495.0
5861,MNE,2008,13550.356381549685,0.11922302546270025,10.6,7.201394571908045,621000.0
5862,MNE,2009,13459.499158641718,-0.006727734287501619,10.6,7.3474929810323975,621968.0
5863,MNE,2010,14509.765564414824,0.07513679602310575,9.7,7.5360438871935855,622553.0
5864,MNE,2011,15747.0,0.08182796100144962,10.3,6.832061434612937,622433.0
5865,MNE,2012,15421.0,-0.020919654062751647,10.6,7.1252830915107115,622079.0
5866,MNE,2013,16064.0,0.04085052663379862,10.5,7.346139233847411,621602.0
5867,MNE,2014,16437.0,0.022954147715068984,11.1,7.4559344892894766,620896.0
5868,MNE,2015,17249.0,0.04821927955810423,11.0,7.120282677833157,619722.0
5869,MNE,2016,17777.416928555278,0.03017476914034667,10.6,7.2875606403097235,618125.0
5870,MNE,2017,18640.19586379621,0.047391376993790146,10.6,7.073947453846208,616289.0
5871,MNE,2018,19617.215109901575,0.05108718575459825,11.3,7.1223019830708285,614249.0
5872,MNE,2019,20448.54809589768,0.041504379541509095,11.4,7.339148009100217,613218.8558234554
5873,MNE,2020,17355.623874323574,-0.16399528573042588,11.0,7.109470882882726,611907.5863711587
5874,MNE,2021,19656.557287798227,0.12449439037974308,10.4,7.248077238758097,610750.9844581166
5875,MNE,2022,20941.804623317003,0.06333639554116033,11.3,7.012205380338601,609995.1562945895
5876,MNG,1961,939.0,0.029175489133931976,-0.5,5.549853992363464,982000.0
5877,MNG,1962,966.0,0.0283483550042547,-0.4,5.492238059185343,1010000.0
5878,MNG,1963,996.0,0.03058342337208053,0.3,5.471009374366148,1031000.0
5879,MNG,1964,1027.0,0.03064995234395962,-1.0,5.735604086979157,1061000.0
5880,MNG,1965,1057.0,0.02879277594167995,0.0,5.345677937907874,1090000.0
5881,MNG,1966,1087.0,0.02798690125097192,-0.8,5.535363823031238,1119000.0
5882,MNG,1967,1122.0,0.03169119896143169,-1.0,5.611667185748395,1150000.0
5883,MNG,1968,1154.0,0.028121360985403854,-1.1,5.4608612957333165,1181000.0
5884,MNG,1969,1189.0,0.029878449622736447,-1.8,5.491001710377538,1214000.0
5885,MNG,1970,1226.0,0.03064421980537535,-1.4,5.4680601411351315,1248000.0
5886,MNG,1971,1246.0,0.016181582851241494,-0.8,5.49141399650995,1283000.0
5887,MNG,1972,1256.0,0.007993647680745397,-0.3,5.329816033607408,1321000.0
5888,MNG,1973,1328.0,0.055741983008235074,0.0,5.670570340450087,1360000.0
5889,MNG,1974,1342.0,0.010486987495248457,-1.1,5.481888142742423,1403000.0
5890,MNG,1975,1387.0,0.03298210278320379,0.0,5.513025439041145,1446000.0
5891,MNG,1976,1401.0,0.010043126022175386,-1.0,5.577084821610244,1487000.0
5892,MNG,1977,1470.0,0.048076133435775326,-0.4,5.4638318050256105,1528000.0
5893,MNG,1978,1537.0,0.04457006376581418,0.1,5.312220271717028,1572000.0
5894,MNG,1979,1556.0,0.01228596119974057,0.4,5.472690753492817,1617000.0
5895,MNG,1980,1618.0,0.039072392880100004,-0.5,5.276071757600717,1655000.0
5896,MNG,1981,1714.0,0.05763900153928869,-0.7,5.414766179191283,1694000.0
5897,MNG,1982,1814.0,0.056704531517356216,0.3,5.402677381872279,1734000.0
5898,MNG,1983,1876.0,0.03360749889108838,-0.3,5.501258210544727,1774000.0
5899,MNG,1984,1940.0,0.033546122491204144,-1.4,5.611667185748395,1816000.0
5900,MNG,1985,2004.0,0.03245721014738123,-1.1,5.4823042026610525,1859000.0
5901,MNG,1986,2142.0,0.06659478880293879,-0.4,5.545177444479562,1903000.0
5902,MNG,1987,2168.0,0.012065111551843088,-0.4,5.540478923698008,1947000.0
5903,MNG,1988,2227.0,0.02685030469783012,-0.2,5.5020742040620565,1992000.0
5904,MNG,1989,2232.0,0.00224265624383424,0.6,5.43153621033426,2070000.0
5905,MNG,1990,2123.0,-0.05006786179794531,0.6,5.714392653768217,2121000.0
5906,MNG,1991,1976.0231202514672,-0.07174388293177447,-0.2,5.575570243509278,2170000.0
5907,MNG,1992,1841.01246368828,-0.07077062749707341,0.1,5.465102184192863,2210000.0
5908,MNG,1993,1846.2255538827221,0.002827641526293334,-0.3,5.69204721843778,2242000.0
5909,MNG,1994,1955.4772619808953,0.05749097360079869,0.6,5.715052066914432,2272000.0
5910,MNG,1995,2147.828702490129,0.09382313860318447,0.9,5.420977379283924,2306000.0
5911,MNG,1996,2271.7987112750016,0.05611447552202975,-0.1,5.441118165179708,2341000.0
5912,MNG,1997,2445.0126790429244,0.07347840707143938,0.9,5.454466049037968,2372000.0
5913,MNG,1998,2620.4890571996657,0.06931065479091636,1.6,5.665734407018671,2403000.0
5914,MNG,1999,2801.861814692823,0.06692316662254694,1.1,5.43153621033426,2433000.0
5915,MNG,2000,2936.0627786972627,0.046785362884264714,0.2,5.439382806826639,2461000.0
5916,MNG,2001,3133.5559121507085,0.06509894096395996,0.8,5.378975269565491,2489000.0
5917,MNG,2002,3401.9464532370725,0.08217932018287222,1.3,5.308267697401205,2519000.0
5918,MNG,2003,3775.4379347429303,0.1041686311152894,0.3,5.607638614103299,2547000.0
5919,MNG,2004,4334.231383759123,0.13802790455177139,1.2,5.2332453698043215,2574000.0
5920,MNG,2005,4822.233569068163,0.10669292707230227,-0.2,5.330300412401088,2602000.0
5921,MNG,2006,5426.853605469195,0.1181223026953031,1.0,5.312713246831769,2633000.0
5922,MNG,2007,6196.589225016245,0.13263949618414728,2.3,5.305789381386738,2666000.0
5923,MNG,2008,6982.146430012929,0.11935736528610263,1.2,5.453182077108952,2702000.0
5924,MNG,2009,7126.8087057500925,0.02050716641249828,0.5,5.37989735354046,2741000.0
5925,MNG,2010,7830.06414593609,0.09410715492016664,-0.6,5.461710913456472,2783000.0
5926,MNG,2011,9484.0,0.19163546590500147,-0.1,5.41565585896527,2827000.0
5927,MNG,2012,10493.0,0.1011021999726136,-0.7,5.635146682266063,2870000.0
5928,MNG,2013,11545.0,0.09554407463068593,0.9,5.666426688112432,2912000.0
5929,MNG,2014,12283.0,0.061963749750498565,1.2,5.442417710521793,2953000.0
5930,MNG,2015,12398.0,0.0093189767227706,1.6,5.323497665078335,2993000.0
5931,MNG,2016,12313.543593575492,-0.0068354075042762474,0.7,5.637286483367837,3031000.0
5932,MNG,2017,12728.355138058001,0.03313243098092755,1.8,5.277604324950495,3068243.0
5933,MNG,2018,13419.57770121529,0.052882470424318484,1.1,5.643324505619087,3103428.0
5934,MNG,2019,13871.330127961977,0.03310946618473487,1.3,5.476463551931511,3170556.9864263204
5935,MNG,2020,12990.328563230378,-0.06561900545157862,1.3,5.641552398120067,3231277.042311435
5936,MNG,2021,12992.166560057296,0.0001414796247445338,1.8,5.694405312843604,3283700.9955767896
5937,MNG,2022,13442.906241343515,0.0341049463754981,0.9,5.333684510385328,3333316.75047369
5938,MOZ,1961,2131.0,0.0075365406182390515,24.1,6.964419126099679,7627642.0
5939,MOZ,1962,2232.0,0.04630669140258448,23.9,7.076062424390513,7788944.0
5940,MOZ,1963,2106.0,-0.05810763080728076,23.4,7.01678904000626,7957010.0
5941,MOZ,1964,2150.0,0.020677428427787525,23.6,6.757978353663909,8127242.0
5942,MOZ,1965,2153.0,0.0013943762426542605,23.4,6.934883946370389,8301446.0
5943,MOZ,1966,2174.0,0.009706570316792451,24.0,6.827087375914682,8486381.0
5944,MOZ,1967,2271.0,0.043651474424403425,23.8,6.9910848865691415,8680909.0
5945,MOZ,1968,2469.0,0.0835929472396213,23.7,6.844389403360317,8883626.0
5946,MOZ,1969,2699.0,0.08906812367282502,24.2,6.952633037760223,9092797.0
5947,MOZ,1970,2778.0,0.028849910296284698,24.2,6.767343125265392,9304375.0
5948,MOZ,1971,2895.0,0.04125386669280573,23.8,6.932350325837517,9539059.0
5949,MOZ,1972,2906.0,0.0037924541231326714,23.8,6.903144666424454,9809596.0
5950,MOZ,1973,2986.0,0.027157133968906955,24.0,6.82567716794653,10087915.0
5951,MOZ,1974,2684.0,-0.10662648000756203,23.4,7.093321565940981,10370281.0
5952,MOZ,1975,2238.0,-0.18172560921970238,23.6,6.796264902948774,10432604.0
5953,MOZ,1976,2064.0,-0.0809367622704169,23.6,6.998874872349621,10769649.0
5954,MOZ,1977,2013.0,-0.025019700961662394,24.1,6.907055033867744,11127868.0
5955,MOZ,1978,1969.0,-0.022100347000665543,23.8,7.128896827625674,11466483.0
5956,MOZ,1979,1937.0,-0.016385415232130107,23.9,6.863071671355497,11828029.0
5957,MOZ,1980,1945.0,0.004121592645550898,23.8,6.856882948608381,12102619.0
5958,MOZ,1981,1940.0,-0.0025740039951722693,23.5,6.882745115977969,12363234.0
5959,MOZ,1982,1852.0,-0.04642183685124923,23.8,6.8995214740550335,12587333.0
5960,MOZ,1983,1694.0,-0.08917353999412558,24.7,6.748055900224462,12772841.0
5961,MOZ,1984,1629.0,-0.03912626660995411,24.1,6.9678150354098,12922824.0
5962,MOZ,1985,1466.0,-0.10542872615544852,23.9,7.018401799069201,13062600.0
5963,MOZ,1986,1479.0,0.00882858026420319,23.9,6.968474014016842,13143017.0
5964,MOZ,1987,1562.0,0.054600867688831656,24.5,6.681231019508449,12894849.0
5965,MOZ,1988,1701.0,0.08524926199623017,24.1,6.873267348523464,12523013.0
5966,MOZ,1989,1776.0,0.0431473311562538,23.9,7.062448668658617,12482096.0
5967,MOZ,1990,1776.0,0.0,24.3,6.712591614174885,12666573.0
5968,MOZ,1991,1719.0991199089242,-0.03256325845353647,24.3,6.9018378052181,12856790.0
5969,MOZ,1992,1482.4166253755861,-0.1481267750152062,24.8,6.539874931201244,13005630.0
5970,MOZ,1993,1439.2897045371517,-0.029523879944513,24.5,6.897906942927323,13398380.0
5971,MOZ,1994,1312.372021709233,-0.0923135276963798,24.2,6.723592027308811,14312760.0
5972,MOZ,1995,1165.810160021586,-0.11841994180502802,24.7,6.740519359606223,15118360.0
5973,MOZ,1996,1325.5953686560965,0.12844543169699385,24.2,6.955211220138432,15519740.0
5974,MOZ,1997,1323.6936143948903,-0.0014356716840051575,24.3,7.048733872241709,15860950.0
5975,MOZ,1998,1335.6607344147017,0.00900007989123619,24.8,6.879252918509425,16200160.0
5976,MOZ,1999,1301.576300184304,-0.02585003301996558,24.2,7.0430725759297665,16522200.0
5977,MOZ,2000,1196.0148794494119,-0.08458097207730919,24.1,7.0948155901232655,16840860.0
5978,MOZ,2001,1219.3810190487925,0.019348272096120667,24.4,7.0453409419347,17175660.0
5979,MOZ,2002,1199.7331227106677,-0.01624423423958632,24.5,6.767688290085019,17525040.0
5980,MOZ,2003,1155.7036946054413,-0.037389716469548695,24.6,6.840974245291786,17888500.0
5981,MOZ,2004,1125.8321178410647,-0.026186995303566718,24.5,6.995033287089198,18263580.0
5982,MOZ,2005,1107.5338041693162,-0.016386677122367743,25.1,6.720461380561624,18652460.0
5983,MOZ,2006,1099.341782650686,-0.007424124127867415,24.5,6.823830044044376,19058650.0
5984,MOZ,2007,1067.966456225928,-0.028955289278845164,24.6,6.898512697615204,19479580.0
5985,MOZ,2008,1031.3622064849947,-0.034875872980345335,24.5,6.882540029841073,19928360.0
5986,MOZ,2009,991.7452353145683,-0.039169482956577184,24.6,6.8128949979581765,20418490.0
5987,MOZ,2010,956.5304846939823,-0.03615359560314957,24.9,6.824591037721368,20950310.0
5988,MOZ,2011,925.0,-0.03351892194624373,24.4,6.909553660923517,21534730.0
5989,MOZ,2012,964.582332241387,0.04190145380436938,24.6,6.865473886725531,22149890.0
5990,MOZ,2013,1003.728694676223,0.03978184799160811,24.4,6.92195399838195,22768380.0
5991,MOZ,2014,1049.1934887179698,0.044300002715735864,24.5,6.8766773234112755,23393390.0
5992,MOZ,2015,1090.3977532633162,0.03852077788588204,24.9,6.787506706385962,24022700.0
5993,MOZ,2016,1102.8173101812074,0.011325555689887246,24.8,6.74547161592469,24660450.0
5994,MOZ,2017,1114.3684227710373,0.010419710831633289,24.6,7.051336007459661,25317810.0
5995,MOZ,2018,1122.5855707920687,0.0073467626107959205,24.7,6.933130585313365,25998050.0
5996,MOZ,2019,1118.630328232767,-0.0035295543522968487,24.9,7.0327125183865205,26693960.0
5997,MOZ,2020,1076.6940425279995,-0.03820974096810126,24.8,6.751335359710835,27401140.0
5998,MOZ,2021,1073.569964381188,-0.0029057644409657968,24.7,6.763538428221728,28120630.0
5999,MOZ,2022,1087.8360020802634,0.013200893391386082,24.6,7.051769039121042,28903000.0
6000,MRT,1961,1055.0,0.1445601653151991,28.3,4.73444252169223,1132000.0
6001,MRT,1962,1019.0,-0.03471901268744215,28.1,4.836281906951478,1147000.0
6002,MRT,1963,944.0,-0.0764508670772246,28.1,4.757032535297338,1162000.0
6003,MRT,1964,1208.0,0.24659521234926007,28.1,4.873669439023098,1178000.0
6004,MRT,1965,1358.0,0.11704692962388119,27.7,5.040841136153322,1195000.0
6005,MRT,1966,1345.0,-0.009619016082702103,28.2,4.876722876509988,1212000.0
6006,MRT,1967,1372.0,0.0198755162498907,27.6,4.9883896851489355,1231000.0
6007,MRT,1968,1471.0,0.06967291231560768,27.9,4.520701029361642,1249000.0
6008,MRT,1969,1425.0,-0.031770627898686676,28.5,5.067645548813036,1269000.0
6009,MRT,1970,1548.0,0.08279196144692147,28.5,4.641502115235482,1289000.0
6010,MRT,1971,1533.0,-0.009737175277858334,27.6,4.443827035579329,1311000.0
6011,MRT,1972,1511.0,-0.014454916599074608,27.7,4.275276264727001,1333000.0
6012,MRT,1973,1473.0,-0.025470545810109435,28.2,4.417635062141249,1356000.0
6013,MRT,1974,1570.0,0.06377448187972323,27.5,4.6709579265260945,1380000.0
6014,MRT,1975,1699.0,0.07896422332957886,27.7,4.6913478822291435,1404000.0
6015,MRT,1976,1779.0,0.04601156599390244,27.4,4.751000634199631,1430000.0
6016,MRT,1977,1742.0,-0.021017530253386596,28.3,4.183575695950044,1456000.0
6017,MRT,1978,1581.0,-0.09697632020297586,28.3,4.706823839714591,1484000.0
6018,MRT,1979,1706.0,0.07609389084215223,28.5,4.601162164590552,1514000.0
6019,MRT,1980,1682.0,-0.014167887518730993,28.4,4.450852825603734,1545000.0
6020,MRT,1981,1714.0,0.01884625862483169,28.4,4.590056548178043,1578000.0
6021,MRT,1982,1548.0,-0.10186604500805263,28.0,4.2456340097683265,1612000.0
6022,MRT,1983,1553.0,0.003224768999014138,28.9,3.9852734671677386,1648000.0
6023,MRT,1984,1486.0,-0.044100597870982305,28.3,4.215086179918229,1685000.0
6024,MRT,1985,1502.0,0.010709607046375247,28.2,4.4942386252808095,1723000.0
6025,MRT,1986,1553.0,0.03339099082460706,27.9,4.564348191467836,1764000.0
6026,MRT,1987,1551.0,-0.0012886599721477765,29.1,4.461299815568389,1805000.0
6027,MRT,1988,1533.0,-0.011673284304724696,28.3,4.620058798481842,1849000.0
6028,MRT,1989,1559.0,0.016817990185962195,28.3,4.736198448394496,1886000.0
6029,MRT,1990,1511.0,-0.0312729067850368,28.7,4.3054155323020415,1925000.0
6030,MRT,1991,1547.5434702826892,0.02389713254264869,28.3,4.3528552573736015,1973000.0
6031,MRT,1992,1559.9048586606198,0.0079560155302838,28.2,4.430816798843313,2043000.0
6032,MRT,1993,1668.7220858563026,0.06743328408623217,28.4,4.611152257665639,2119000.0
6033,MRT,1994,1732.9970409786945,0.03779418782621047,28.0,4.657762636107262,2183000.0
6034,MRT,1995,1686.1977262538564,-0.02737617521437219,28.5,4.715816706075155,2235000.0
6035,MRT,1996,1873.0508680719656,0.1050924536391209,28.7,4.45898767581001,2271000.0
6036,MRT,1997,1799.8251812544347,-0.039879043040522255,28.8,4.571613402459248,2315000.0
6037,MRT,1998,1841.207484819557,0.022732059477990063,29.1,4.653007515402251,2374000.0
6038,MRT,1999,1954.2294307256677,0.05957436451889109,28.3,4.814620410170298,2437000.0
6039,MRT,2000,1934.7420357703168,-0.010021959909935596,28.5,4.638604962074329,2501000.0
6040,MRT,2001,1964.4456268968715,0.015236079053087437,29.0,4.581901559048737,2566000.0
6041,MRT,2002,1967.4483087341594,0.001527346602000712,28.9,4.507557357121091,2632000.0
6042,MRT,2003,2076.2331265156,0.05381782660612089,28.8,4.876722876509988,2699000.0
6043,MRT,2004,2185.9502589616172,0.05149538012370769,28.9,4.576770711466393,2768000.0
6044,MRT,2005,2371.0066770341646,0.08126398807299129,29.0,4.829113417472866,2838000.0
6045,MRT,2006,2807.1989381020244,0.1688725438051728,28.8,4.604169685654508,2909000.0
6046,MRT,2007,2875.034723800106,0.02387758500966175,28.8,4.579852378003801,2981000.0
6047,MRT,2008,2895.6649916028105,0.007150036117002934,28.8,4.808111029984782,3055000.0
6048,MRT,2009,2855.574604756298,-0.013941702667860767,28.9,4.745801315727837,3129000.0
6049,MRT,2010,2982.7488004864113,0.04357220615443058,29.4,4.976733742420574,3205000.0
6050,MRT,2011,3104.0,0.03984631069750755,28.9,4.547541073151455,3282000.0
6051,MRT,2012,3213.0,0.03451347781274805,28.6,4.796616650559047,3359000.0
6052,MRT,2013,3319.0,0.03245845260411606,29.0,4.784152841516532,3438000.0
6053,MRT,2014,3459.0,0.04131599721719503,28.7,4.620058798481842,3517000.0
6054,MRT,2015,3424.0,-0.010170071675537073,29.0,4.804021044733257,3597000.0
6055,MRT,2016,3376.7524621543976,-0.01389502067187287,29.0,4.653007515402251,3677000.0
6056,MRT,2017,3495.2229707538154,0.03448273311153649,29.0,4.532599493153256,3758571.0
6057,MRT,2018,3567.1013704552147,0.020356154220763756,28.5,4.677490847567717,3840429.0
6058,MRT,2019,3659.10314894174,0.025464751173085887,28.4,4.633757642840004,3942167.2150266743
6059,MRT,2020,3532.2977351312065,-0.03526950045427846,29.1,4.8064770426931265,4045360.413232266
6060,MRT,2021,3527.427831896272,-0.0013796298343713431,29.1,4.704110133842995,4150005.8968729326
6061,MRT,2022,3680.3662462241155,0.04244332483481905,28.9,4.890349128221754,4258963.274421454
6062,MUS,1961,5254.0,0.1782946547219737,23.55,7.43014379411258,681284.0
6063,MUS,1962,5144.0,-0.021158704328030353,22.799999999999997,7.5491090401128496,701016.0
6064,MUS,1963,5745.0,0.11049892436539999,22.700000000000003,7.179003044970493,715140.0
6065,MUS,1964,5196.0,-0.1004408124923657,22.65,7.275449289403303,736182.0
6066,MUS,1965,5227.0,0.005948400922433095,22.65,7.607381425639791,755528.0
6067,MUS,1966,4921.0,-0.06032573784694506,23.05,7.126730153424127,774160.0
6068,MUS,1967,5035.0,0.022901764286684667,23.25,7.395445327345971,789309.0
6069,MUS,1968,4602.0,-0.08992253455735089,22.700000000000003,7.489495925717731,804177.0
6070,MUS,1969,4758.0,0.03333642026759165,23.55,7.225554250337729,816027.0
6071,MUS,1970,4662.0,-0.020382871267200287,23.35,7.40400519129574,829511.0
6072,MUS,1971,4804.0,0.030004363604170692,22.9,7.153168998942075,841079.0
6073,MUS,1972,5128.0,0.06526681540063173,23.35,7.811021559733539,851334.0
6074,MUS,1973,5668.0,0.10012060221006536,23.25,7.531579176332332,861239.0
6075,MUS,1974,6038.0,0.06323650945621395,22.65,7.171464792043008,873292.0
6076,MUS,1975,6030.0,-0.0013258205455528582,23.15,7.101511213401754,885461.0
6077,MUS,1976,7264.0,0.1861836305598974,23.45,7.36928561102325,897811.0
6078,MUS,1977,7610.0,0.04653253057460205,23.75,7.344622150229833,913025.0
6079,MUS,1978,7763.0,0.01990568554994887,23.45,7.153090757802844,929367.0
6080,MUS,1979,7889.0,0.01610052668941009,23.45,7.58289122674023,946640.0
6081,MUS,1980,6970.0,-0.12385415934052091,23.45,7.712399110555758,963701.0
6082,MUS,1981,7264.0,0.0413154165265599,23.45,7.2874580358668615,979050.0
6083,MUS,1982,7563.0,0.04033729557490062,23.35,7.844240718141811,992040.0
6084,MUS,1983,7516.0,-0.006233855322673065,23.25,7.074582414817443,1002175.0
6085,MUS,1984,7798.0,0.03683320900918652,22.95,7.195524847606016,1012042.0
6086,MUS,1985,8265.0,0.05816244071258225,23.1,7.483413130749615,1020544.0
6087,MUS,1986,9001.0,0.08530595100195981,23.25,7.334198793475493,1028233.0
6088,MUS,1987,9840.0,0.08912002878921399,23.75,7.7284157798410416,1036271.9999999999
6089,MUS,1988,10418.0,0.057079368258838414,23.6,7.187316970201146,1044942.0
6090,MUS,1989,10806.0,0.03656645609887299,23.25,7.43487739071502,1053403.0
6091,MUS,1990,11489.0,0.06128852044935407,23.25,7.093446153245695,1061598.0
6092,MUS,1991,11643.398201006123,0.01334928549258052,23.65,7.218726540661867,1071720.0
6093,MUS,1992,12002.380150241945,0.030365634609749392,23.200000000000003,7.106811034767257,1084810.0
6094,MUS,1993,12228.814079767333,0.018690000893583303,23.299999999999997,7.4980942395604,1098640.0
6095,MUS,1994,12381.066574186869,0.012373439682137999,23.5,7.369789738578196,1111300.0
6096,MUS,1995,12567.928192990208,0.014979770908263745,23.35,7.486641339653038,1123120.0
6097,MUS,1996,12841.930530846641,0.021567452372089235,23.15,7.2212878300240275,1135340.0
6098,MUS,1997,13198.294920247428,0.02737200871065326,23.45,7.364926929412494,1148350.0
6099,MUS,1998,13607.884650004664,0.030561729886297684,23.75,7.403761637849777,1160660.0
6100,MUS,1999,13572.680281248277,-0.0025904088845223328,23.4,6.9007810152448,1173130.0
6101,MUS,2000,14272.30092371748,0.05026169097503974,23.299999999999997,7.182731978936364,1186450.0
6102,MUS,2001,14347.610817617318,0.005262774281108662,23.75,7.109552612276748,1199080.0
6103,MUS,2002,14196.040774451008,-0.010620327768787519,23.75,7.326531401149974,1210670.0
6104,MUS,2003,14623.308505073224,0.02965362162685281,23.9,7.46132425028696,1221980.0
6105,MUS,2004,14854.61368792551,0.01569377439510511,23.75,7.363691677058103,1232850.0
6106,MUS,2005,14725.164159799027,-0.008752625202422593,23.6,7.542107413031577,1243230.0
6107,MUS,2006,15042.54139763051,0.021324402304200518,23.8,7.448333860897476,1252890.0
6108,MUS,2007,15519.41864738926,0.03120977561356142,23.9,7.298681879969179,1261220.0
6109,MUS,2008,15957.960224953567,0.027865722633094947,23.8,7.387245022438274,1268900.0
6110,MUS,2009,16029.263886274308,0.004458266161277535,24.3,7.338628191024834,1275680.0
6111,MUS,2010,16269.320153638684,0.014865090525693958,24.3,7.420997979263733,1281610.0
6112,MUS,2011,16483.0,0.013048411662433423,24.25,7.287834200699885,1285620.0
6113,MUS,2012,17021.246228047617,0.03213279510485556,24.15,7.297802134361921,1288490.0
6114,MUS,2013,17555.554165873356,0.030908034677556984,24.1,7.300000048919446,1291250.0
6115,MUS,2014,18192.18747429924,0.035621865738932,24.5,7.270104096016674,1293750.0
6116,MUS,2015,18828.000901176238,0.03435292913195198,24.45,7.4620713338226565,1296200.0
6117,MUS,2016,19525.31519052267,0.03636666711343395,24.2,7.118583304573698,1298180.0
6118,MUS,2017,20259.8873394489,0.03693109955116647,24.65,7.257531481229713,1300380.0
6119,MUS,2018,21040.637996962865,0.03781277239222547,24.4,7.693458851149786,1302300.0
6120,MUS,2019,21624.842214480148,0.027387045891758888,24.75,7.432187906154344,1303750.0
6121,MUS,2020,18445.97490973305,-0.15899657173945947,24.1,7.148974477023577,1305310.0
6122,MUS,2021,19069.04830968499,0.03322032865234448,24.25,7.258588191437236,1306840.0
6123,MUS,2022,20643.093950299542,0.07931431680819756,23.85,7.262418200159916,1307390.0
6124,MWI,1961,644.0,0.02515855963615543,22.3,7.265080011762366,3532056.0
6125,MWI,1962,626.0,-0.028348355004255588,22.0,7.211113830818926,3628608.0
6126,MWI,1963,599.0,-0.04408877298464908,21.6,7.268780745658128,3726394.0
6127,MWI,1964,572.0,-0.046122606735651495,21.8,6.865578200082951,3816197.0
6128,MWI,1965,633.0,0.101331430764378,21.6,7.0986235417445585,3914095.0
6129,MWI,1966,679.0,0.07015070541452051,22.3,6.951867853600458,4023000.0
6130,MWI,1967,725.0,0.06555052729597843,22.1,7.140056768081112,4151575.0
6131,MWI,1968,697.0,-0.03938624409415059,22.0,7.084896775734549,4272708.0
6132,MWI,1969,722.0,0.035239728132301806,22.4,7.099119163760321,4392979.0
6133,MWI,1970,713.0,-0.012543718478529975,22.4,7.09115958272733,4508062.0
6134,MWI,1971,794.0,0.1076020408328402,22.0,7.0587581525186645,4630328.0
6135,MWI,1972,851.0,0.06932866732623832,22.1,7.04009846596985,4760666.0
6136,MWI,1973,896.0,0.05152828440155588,22.2,6.8988154374126625,4900549.0
6137,MWI,1974,928.0,0.03509131981127034,21.6,7.306934002447593,5072873.0
6138,MWI,1975,934.0,0.006444705442642196,21.9,6.968191647785968,5317309.0
6139,MWI,1976,942.0,0.008528836347520219,21.9,7.2525499308901535,5530771.0
6140,MWI,1977,961.0,0.019969134393929444,22.5,7.033330101890203,5702228.0
6141,MWI,1978,1015.0,0.05466948250559511,22.1,7.293561749427117,5880328.0
6142,MWI,1979,1030.0,0.014670189747794105,22.2,7.1474805898880245,6065654.0
6143,MWI,1980,1004.0,-0.025566780972007486,22.1,7.182656017069185,6258512.0
6144,MWI,1981,925.0,-0.08195356273924936,21.9,6.937993462042747,6459263.0
6145,MWI,1982,904.0,-0.02296437712024879,22.1,7.173421777376237,6668216.0
6146,MWI,1983,913.0,0.009906520202791924,23.1,6.909952862525624,6883756.0
6147,MWI,1984,925.0,0.013057856917456867,22.5,7.099366882683184,7104460.0
6148,MWI,1985,966.0,0.04337009670009273,22.1,7.166960713441369,7330508.0
6149,MWI,1986,936.0,-0.031548357734926036,22.1,7.1780877130988054,7608484.0
6150,MWI,1987,905.0,-0.03368053277766592,22.9,6.814542897259958,8049175.0
6151,MWI,1988,872.0,-0.03714551979094605,22.5,7.093155425385689,8579782.0
6152,MWI,1989,864.0,-0.00921665510492442,22.1,7.315883504509785,9082018.0
6153,MWI,1990,861.0,-0.0034782643763247023,22.7,6.811244378601294,9536250.0
6154,MWI,1991,899.975111985489,0.04427260516476306,22.5,7.047343293189191,9891900.0
6155,MWI,1992,802.9305001829443,-0.1140989495994571,23.1,6.647299192783947,10246300.0
6156,MWI,1993,865.763191642982,0.07534326041624162,22.6,6.9539707027791,10400700.0
6157,MWI,1994,791.5500602937615,-0.08961829571772828,22.7,6.773423566186845,10182400.0
6158,MWI,1995,906.8790169328316,0.13601592835992538,23.1,6.893656354602635,10095710.0
6159,MWI,1996,972.8213561368591,0.07019141118514405,22.6,7.105950184932382,10345900.0
6160,MWI,1997,1005.8521386730674,0.03338989617029586,22.7,7.13934307707901,10654690.0
6161,MWI,1998,986.0287117254078,-0.019904886831275448,23.0,6.811244378601294,10975630.0
6162,MWI,1999,989.8359268128082,0.0038537253260670923,22.4,7.1925582106830745,11309820.0
6163,MWI,2000,967.0872078365063,-0.023250523609352314,22.4,7.100274660752538,11657900.0
6164,MWI,2001,899.2305028956672,-0.07274927446885826,22.7,7.107261660530193,12019520.0
6165,MWI,2002,886.1978351532919,-0.01459918490323453,22.9,6.9708239704491195,12394830.0
6166,MWI,2003,905.7954573417187,0.021873300110581972,22.9,6.969414659368865,12786220.0
6167,MWI,2004,922.7612745236141,0.01855704419921711,22.8,7.112408940982502,13196070.0
6168,MWI,2005,920.0499453683125,-0.002942603216721018,23.6,6.861501894464675,13624510.0
6169,MWI,2006,929.4761925608914,0.01019323665272509,22.8,6.9659298430332095,14071900.0
6170,MWI,2007,982.3916452607176,0.05536885927362878,22.9,7.06527171685712,14538900.0
6171,MWI,2008,1017.8208100763347,0.035429107141149,22.7,7.043945633432402,15026010.0
6172,MWI,2009,1061.9494613142763,0.04244245237237454,22.7,7.06373286043649,15525100.0
6173,MWI,2010,1091.5876453348292,0.027526858375207297,23.2,6.884486652042782,16027920.0
6174,MWI,2011,1102.0,0.009493518884434948,22.6,7.11175678476798,16533890.0
6175,MWI,2012,1089.306420894477,-0.011585528127485922,22.7,6.990992877552193,17042020.0
6176,MWI,2013,1112.7039040025431,0.021251820157139,22.6,6.999148707411348,17551220.0
6177,MWI,2014,1142.9806596280062,0.026846461198735128,22.7,6.966778619431598,18060220.0
6178,MWI,2015,1144.3241294161178,0.0011747187773503143,23.0,6.880281301981382,18571170.0
6179,MWI,2016,1138.736299468755,-0.0048950444187765285,23.0,6.950239890588293,19085930.0
6180,MWI,2017,1153.0430247575991,0.012485417760975892,22.8,7.130738817494981,19603080.0
6181,MWI,2018,1172.6712847901124,0.016879739699084517,22.8,7.132497551660044,20121520.0
6182,MWI,2019,1205.4770715379748,0.027591102803213197,23.0,7.306665618119627,20640320.0
6183,MWI,2020,1186.6827178733677,-0.01571361617882605,23.0,7.032359442206668,21158650.0
6184,MWI,2021,1211.2092539288553,0.02045746156766093,22.9,6.742880635791903,21676940.0
6185,MWI,2022,1190.0508476931934,-0.017623208605274776,22.7,7.170580975435051,22238840.0
6186,MYS,1961,2538.0,0.0397882500584128,25.8,7.90041428374744,8663401.0
6187,MYS,1962,2609.0,0.027590636862395712,25.7,8.008099400495006,8906385.0
6188,MYS,1963,2660.0,0.01935911663901635,25.7,7.913045410418873,9148451.0
6189,MYS,1964,2754.0,0.03472827751285479,25.8,7.918592262578212,9397464.0
6190,MYS,1965,2876.0,0.04334603955233707,25.6,7.973844375944687,9647654.0
6191,MYS,1966,2942.0,0.02268918232044559,25.9,8.064950891749143,9899803.0
6192,MYS,1967,2917.0,-0.008533931293660757,25.7,7.986096830807887,10154878.0
6193,MYS,1968,3096.0,0.05955526484189644,25.7,7.899376093072062,10409339.0
6194,MYS,1969,3196.0,0.03178907217654725,25.9,7.945094819178434,10662303.0
6195,MYS,1970,3314.0,0.03625589110034255,25.9,7.984428660131493,10910216.0
6196,MYS,1971,3475.0,0.047438560012384556,25.7,7.974567255100449,11171333.0
6197,MYS,1972,3649.0,0.04885867843755598,26.1,7.794328796068143,11441462.0
6198,MYS,1973,4081.0,0.11188889896935805,26.2,8.026888890870994,11711866.0
6199,MYS,1974,4285.0,0.04877849562607395,25.8,7.910003499367163,11986260.0
6200,MYS,1975,4221.0,-0.015048485249382182,25.8,7.997629501706961,12267303.0
6201,MYS,1976,4638.0,0.09421117203297946,25.6,7.850103545175582,12553963.0
6202,MYS,1977,4903.0,0.055564023835755094,25.9,7.926458184421945,12845381.0
6203,MYS,1978,5214.0,0.061500052842214714,26.0,7.814157278105922,13138530.0
6204,MYS,1979,5510.0,0.05521730765351229,26.1,7.90318985313288,13443844.0
6205,MYS,1980,5829.0,0.05628083589859045,26.0,7.9974277260807725,13764352.0
6206,MYS,1981,6095.0,0.044623303869821385,26.1,7.951629751210913,14096090.0
6207,MYS,1982,6303.0,0.033556947597737974,26.1,7.827400378668866,14441170.0
6208,MYS,1983,6529.0,0.03522808167352309,26.5,7.861688556280803,14792539.0
6209,MYS,1984,6867.0,0.05047353743404415,25.8,8.08468571219619,15157163.0
6210,MYS,1985,6626.0,-0.03572602576083561,26.0,7.925482838909783,15545309.0
6211,MYS,1986,6543.0,-0.012605527990102061,26.0,7.898076837177208,15941987.0
6212,MYS,1987,6723.0,0.027138707599297263,26.4,7.8589110981823715,16333264.0
6213,MYS,1988,7144.0,0.06073836008729927,26.3,8.077012407219579,16731412.0
6214,MYS,1989,7634.0,0.06633911074883869,26.1,7.878155336503324,17120824.0
6215,MYS,1990,8179.0,0.068957939429799,26.4,7.766501640191648,17507289.0
6216,MYS,1991,8781.208893108405,0.0710441915583715,26.4,7.864919204065872,17971110.0
6217,MYS,1992,9383.932155443199,0.0663847962017261,26.3,7.7774574214417,18440220.0
6218,MYS,1993,10131.929337681155,0.07669287642937128,26.3,7.921680759483053,18925810.0
6219,MYS,1994,10867.256099167236,0.07006248254584335,26.3,7.967037515186307,19430320.0
6220,MYS,1995,11725.092539240553,0.07597696628559092,26.4,8.04757348846137,19939050.0
6221,MYS,1996,12668.668326380066,0.07740067756662761,26.3,8.049746290952191,20459160.0
6222,MYS,1997,13344.570607055399,0.05197772168188308,26.6,7.80990651770257,21011080.0
6223,MYS,1998,12129.63578542647,-0.09545790945059274,27.0,7.862728117448636,21582190.0
6224,MYS,1999,12636.607156270933,0.04094623493454286,26.3,8.12340958808191,22131860.0
6225,MYS,2000,13474.701462099618,0.06421603009721188,26.5,8.07539599406067,22694620.0
6226,MYS,2001,13307.214860642716,-0.012507602734741496,26.6,7.982074875081202,23290710.0
6227,MYS,2002,13809.872051197268,0.03707734357096193,26.8,7.847645343106617,23874250.0
6228,MYS,2003,14362.155661441326,0.03921296561346743,26.6,8.01984303105167,24436910.0
6229,MYS,2004,15087.251433577863,0.049253443244138495,26.5,7.901858541224401,24993250.0
6230,MYS,2005,15651.11804453899,0.03669224368279167,26.6,7.9195379923155125,25543290.0
6231,MYS,2006,16353.924095490167,0.04392551940681422,26.5,8.032230227175974,26086030.0
6232,MYS,2007,17209.58455344142,0.05099859571033605,26.4,8.062905418610505,26620390.0
6233,MYS,2008,17865.640878888928,0.03741289416822546,26.2,8.16174606482976,27160800.0
6234,MYS,2009,17430.444562265613,-0.02466099947838174,26.5,8.11605869266852,27714800.0
6235,MYS,2010,18574.2996268691,0.06356051995757461,26.7,8.01948120679563,28267910.0
6236,MYS,2011,19390.0,0.04297858450996195,26.4,8.133470005426476,28750370.0
6237,MYS,2012,20162.177866482707,0.039050997205288596,26.6,8.061360675944286,29162800.0
6238,MYS,2013,20819.163319335446,0.032065409528289734,26.7,8.020960569953147,29568220.0
6239,MYS,2014,21769.005866699557,0.044613332928513216,26.6,7.924217084622569,29976740.0
6240,MYS,2015,22550.34217805674,0.03526303111011231,26.8,7.860840706684769,30387020.0
6241,MYS,2016,23251.90298401355,0.030636737431949612,27.1,7.91746349154424,30781600.0
6242,MYS,2017,24301.558929809966,0.04415352432016384,26.7,8.072436167619951,31164100.0
6243,MYS,2018,25175.799568359595,0.03534269673290069,26.7,8.063598201104519,31538780.0
6244,MYS,2019,25986.41141789413,0.031690565113674296,27.0,7.84062777044797,31903360.0
6245,MYS,2020,24279.315633018203,-0.06794898428040419,26.9,8.002894878171274,32256840.0
6246,MYS,2021,24764.64969856618,0.01979244157456428,26.7,8.082803779729671,32602510.0
6247,MYS,2022,26628.70757540267,0.07257264507368077,26.5,8.14351740579748,32956320.0
6248,NAM,1961,4787.0,-0.014105191332916434,19.8,5.5909869805108565,605831.0
6249,NAM,1962,5324.0,0.10632099012249441,19.9,5.2327116094500425,621392.0
6250,NAM,1963,5710.0,0.0699941231350536,19.7,6.044056997227153,637428.0
6251,NAM,1964,6468.0,0.12464791804694109,19.6,4.962844630259907,653950.0
6252,NAM,1965,6728.0,0.0394109809557861,19.7,5.437209365414655,670981.0
6253,NAM,1966,6808.0,0.011820468600426182,20.0,5.748437115196633,688539.0
6254,NAM,1967,6365.0,-0.06728415926170328,19.6,5.967171854538937,706640.0
6255,NAM,1968,6253.0,-0.01775288342420822,19.5,5.690697235107546,725304.0
6256,NAM,1969,6303.0,0.007964361945811405,20.0,5.611301621862036,744618.0
6257,NAM,1970,6164.0,-0.02229979307310259,20.0,5.38632824387075,764683.0
6258,NAM,1971,6258.0,0.015134727788820967,19.7,5.751301990624177,792629.0
6259,NAM,1972,6156.0,-0.016433429270058753,20.0,5.660874973644924,821782.0
6260,NAM,1973,6177.0,0.0034055007371289747,20.0,5.491826112732555,851258.0
6261,NAM,1974,6387.0,0.033431957865690975,19.2,6.274385302458052,882005.0
6262,NAM,1975,6293.0,-0.014826770034655823,19.5,5.6061696457892,915325.0
6263,NAM,1976,6150.0,-0.022985822726369065,19.0,6.116995269555192,950488.0
6264,NAM,1977,5984.0,-0.027362841146251426,19.7,5.8990750978146345,977026.0
6265,NAM,1978,6027.0,0.007160133828731929,19.6,5.940434375995203,997913.0
6266,NAM,1979,6073.0,0.00760334241453009,20.0,5.768945800562614,1027780.0
6267,NAM,1980,6293.0,0.03558518762935847,20.1,5.571773731735836,1058021.0
6268,NAM,1981,6271.0,-0.0035020729839132514,19.7,5.128121989551922,1074493.0
6269,NAM,1982,6064.0,-0.03356618322081317,20.1,5.591360045241914,1099174.0
6270,NAM,1983,5734.0,-0.05595628087889182,20.2,5.474369310328396,1134308.0
6271,NAM,1984,5539.0,-0.03459938841021071,20.3,5.423186348593906,1169498.0
6272,NAM,1985,5396.0,-0.02615604070545885,20.3,5.554508771908447,1204172.0
6273,NAM,1986,5530.0,0.024529877188735227,20.1,5.572534188046247,1240345.0
6274,NAM,1987,5595.0,0.011685526229644694,20.4,5.4289069362516384,1278282.0
6275,NAM,1988,5386.0,-0.03807034737448056,19.9,5.676411277860069,1332831.0
6276,NAM,1989,5208.0,-0.03360708948313906,19.9,5.473949935191195,1408635.0
6277,NAM,1990,5007.0,-0.039358971558460354,20.1,5.599532453282402,1470569.0
6278,NAM,1991,5239.034116635993,0.04530021910822413,19.9,5.738505910714586,1511620.0
6279,NAM,1992,5532.672487158338,0.054533817074394975,20.3,4.906015244966153,1551100.0
6280,NAM,1993,5294.242733896669,-0.04405101602168848,20.3,5.66953603592761,1592200.0
6281,NAM,1994,5545.462306906096,0.04636003747124029,20.1,5.420977379283924,1633590.0
6282,NAM,1995,5638.766624120424,0.016685366948637537,20.3,5.10230248262208,1674930.0
6283,NAM,1996,5687.116663685837,0.008538024285481782,19.9,5.305789381386738,1716340.0
6284,NAM,1997,5796.631736921494,0.01907363163284792,20.1,5.779508185184337,1757560.0
6285,NAM,1998,5859.883448695939,0.010852700243145108,20.4,5.171619713502079,1798520.0
6286,NAM,1999,5926.427739552253,0.011291912603610399,20.4,5.598421958998375,1840870.0
6287,NAM,2000,5971.814786549045,0.007629238863501087,20.1,5.751937516543248,1893310.0
6288,NAM,2001,5888.432065195969,-0.014061106184952266,20.1,5.665041646339771,1945460.0
6289,NAM,2002,6069.320281063856,0.03025685937354261,20.2,5.6722918075648305,1980760.0
6290,NAM,2003,6082.426321145825,0.0021570636045638025,20.3,5.647917341814805,2007980.0
6291,NAM,2004,6712.771784025929,0.09860826590531957,20.5,5.654942309236727,2034390.0
6292,NAM,2005,6807.57570891404,0.014024118645840744,20.5,5.571012696691494,2059960.0
6293,NAM,2006,7208.688501105284,0.05725096786413353,20.2,6.03572063836252,2085780.0000000002
6294,NAM,2007,7509.5268108823975,0.04088542115346172,20.3,5.62003848122324,2112890.0
6295,NAM,2008,7618.030976697601,0.01434547837970257,20.4,5.641907070938114,2141150.0
6296,NAM,2009,7548.128938553046,-0.009218224459209168,20.6,5.848748244906387,2170490.0
6297,NAM,2010,7905.540897682571,0.04626418323524106,20.5,5.621125240975192,2200810.0
6298,NAM,2011,8203.0,0.03693604794576544,20.3,6.202333067546579,2232030.0
6299,NAM,2012,8482.415254649208,0.0334952859955564,20.2,5.775793010632473,2267770.0
6300,NAM,2013,8788.874722722334,0.03549145859313185,20.5,5.431098477781855,2311590.0
6301,NAM,2014,9134.854658438671,0.03861059368782094,20.6,5.760792729372981,2359550.0
6302,NAM,2015,9333.582793985172,0.021521669779769326,20.9,5.394081988532416,2407780.0
6303,NAM,2016,9152.548366244138,-0.01958659859412748,20.8,5.426710581316436,2456240.0
6304,NAM,2017,8882.616850997629,-0.029936146463720448,20.3,5.670914871030584,2504890.0
6305,NAM,2018,8805.333864300244,-0.00873854520878048,20.2,5.659133722987319,2553660.0
6306,NAM,2019,8567.793425562822,-0.027347435950467514,20.6,5.642616039418714,2602440.0
6307,NAM,2020,7734.605479768219,-0.10230574469039411,20.2,5.664001604644357,2651120.0
6308,NAM,2021,7796.061589871414,0.007914203633445638,20.0,5.629058928460265,2700080.0
6309,NAM,2022,7979.328208841891,0.023235541759515144,20.1,5.627261336748458,2739420.0
6310,NER,1961,1239.0,0.021207972685092003,26.3,5.367376902479531,3992502.0
6311,NER,1962,1341.0,0.07911100165253604,27.1,5.249652194566756,4076008.0
6312,NER,1963,1443.0,0.07330867549219278,27.5,5.128714582161857,4162926.0000000005
6313,NER,1964,1415.0,-0.019594748696532882,27.1,5.426710581316436,4252122.0
6314,NER,1965,1490.0,0.05164658886216689,26.9,5.217649463480582,4343664.0
6315,NER,1966,1441.0,-0.03343880293998325,27.1,5.174453379325651,4437620.0
6316,NER,1967,1417.0,-0.016795356308841214,26.9,5.240158452374504,4534062.0
6317,NER,1968,1398.0,-0.013499316896925073,27.2,5.053694783556702,4633063.0
6318,NER,1969,1326.0,-0.0528757520479477,28.1,5.043425116919247,4735173.0
6319,NER,1970,1337.0,0.008261406356135481,27.2,4.963543686562405,4840501.0
6320,NER,1971,1382.0,0.03310342722567228,27.3,4.880526608749236,4948667.0
6321,NER,1972,1282.0,-0.07511036684700034,27.7,4.751864565138895,5060262.0
6322,NER,1973,1039.0,-0.21016264638138793,27.8,4.591071261608589,5175408.0
6323,NER,1974,1105.0,0.06158662285262562,27.0,5.183467524869095,5294763.0
6324,NER,1975,1050.0,-0.05105517080028399,27.0,5.0323967858777685,5419038.0
6325,NER,1976,1033.0,-0.016322974031930393,27.4,5.0369526024136295,5547894.0
6326,NER,1977,1087.0,0.05095441800157108,26.8,5.1101789244325175,5682086.0
6327,NER,1978,1205.0,0.10305795880354562,27.4,5.302309387817574,5815607.0
6328,NER,1979,1261.0,0.04542549004016472,27.7,5.063860055333554,5952447.0
6329,NER,1980,1291.0,0.023512054881722477,27.6,5.143416405330075,6093469.0
6330,NER,1981,1277.0,-0.01090353481410311,27.3,4.9344739331306915,6238998.0
6331,NER,1982,1231.0,-0.03668672984808552,27.4,4.9104465668408235,6389183.0
6332,NER,1983,1180.0,-0.04231240872474373,27.3,4.73795129722191,6544130.0
6333,NER,1984,956.0,-0.2105118044083092,27.8,4.341204640153626,6704046.0
6334,NER,1985,950.0,-0.006295928456814259,27.4,4.826712455935327,6869209.0
6335,NER,1986,969.0,0.019802627296179764,27.7,5.020585624949423,7039813.0
6336,NER,1987,912.0,-0.060624621816435464,27.9,4.609162207257629,7215959.0
6337,NER,1988,939.0,0.029175489133931976,27.4,5.232177564043492,7399129.0
6338,NER,1989,915.0,-0.02589141393274197,26.8,5.062595033026967,7607564.0
6339,NER,1990,872.0,-0.04813464136654133,27.8,4.768988271217486,7841730.0
6340,NER,1991,865.9134209642032,-0.007004496136370442,27.7,5.125153747538848,8071910.0
6341,NER,1992,785.2636183236978,-0.09776544684432142,27.0,5.090678001769792,8312790.000000001
6342,NER,1993,771.5414227419169,-0.01762911939086731,27.6,4.932313327320786,8570200.0
6343,NER,1994,776.8025247493501,0.0067958056266759215,27.3,5.360352757467489,8840450.0
6344,NER,1995,702.4933944459684,-0.10055016892429158,27.7,4.937347498326424,9133070.0
6345,NER,1996,712.8558452721954,0.01464322118934458,27.8,4.843399374720342,9442830.0
6346,NER,1997,693.1093824969898,-0.028091393593530967,28.0,4.929425238670713,9752030.0
6347,NER,1998,755.247969163888,0.08585830546877649,28.1,5.177279038170981,10078640.0
6348,NER,1999,736.9175247637983,-0.024570152074775642,28.0,5.321056853517526,10423850.0
6349,NER,2000,693.3765476234711,-0.06090276884161039,27.4,4.9849755473156785,10785060.0
6350,NER,2001,723.3113582928088,0.04226656677654095,27.7,5.006627272698717,11170250.0
6351,NER,2002,734.5915805707739,0.015474894912175685,27.9,4.912654885736052,11580190.0
6352,NER,2003,758.1143313685333,0.03151953513151984,27.9,5.226284163648205,12014680.0
6353,NER,2004,725.1316362673381,-0.04448100156961754,28.1,5.048573133436648,12472320.0
6354,NER,2005,757.243914388136,0.04333220777308622,28.2,5.240158452374504,12953980.0
6355,NER,2006,771.4196599452945,0.018547118095847637,28.1,5.072043922224899,13459040.0
6356,NER,2007,766.1869433852501,-0.006806340125897314,28.1,5.1310814471721224,13986380.0
6357,NER,2008,809.4503920715074,0.054929297673522726,27.6,5.132262782217954,14531930.0
6358,NER,2009,775.2534426935458,-0.043165490331769085,28.7,5.006627272698717,15092160.0
6359,NER,2010,810.1572528803077,0.04403836945886486,28.8,5.141078590121546,15668710.0
6360,NER,2011,799.0,-0.013867422416008246,28.3,4.9849755473156785,16263260.0
6361,NER,2012,849.7977412647973,0.06163742394996863,28.1,5.295814236329918,16903090.0
6362,NER,2013,861.015605626731,0.01311425954924239,28.2,5.136974216139274,17568890.0
6363,NER,2014,884.3457684003448,0.026735497620937743,28.3,5.042133961155627,18241880.0
6364,NER,2015,888.3684966672369,0.004538503752328893,27.8,5.1298987149230735,18957020.0
6365,NER,2016,903.5715487256051,0.016968666878600658,28.4,5.220896219579452,19708070.0
6366,NER,2017,913.811523462254,0.011269042018467346,27.9,5.076423034634259,20461780.0
6367,NER,2018,942.5486044098856,0.03096314812233736,28.1,5.32544603393629,21227970.0
6368,NER,2019,964.324343317027,0.02284020608691062,27.8,5.21112415484566,22023200.0
6369,NER,2020,962.7822900384816,-0.0016003822320804773,27.8,5.436774109695053,22841550.0
6370,NER,2021,941.2575174364653,-0.0226105457784902,28.0,4.972587226458726,23690750.0
6371,NER,2022,1007.7209474542525,0.0682298067271434,27.5,5.2235938203521,24586920.0
6372,NGA,1961,1313.0,0.004580160678574252,26.2,7.055053966003016,42771546.0
6373,NGA,1962,1349.0,0.027048981904959746,26.6,7.224462030474534,44033212.0
6374,NGA,1963,1433.0,0.060406571620416294,27.0,7.223222737441855,45333217.0
6375,NGA,1964,1451.0,0.012482825056015834,26.7,7.140056768081112,46675411.0
6376,NGA,1965,1505.0,0.03653992429878805,26.5,7.118826249062078,48064037.0
6377,NGA,1966,1414.0,-0.062370330726458256,26.8,7.151955572821957,49491141.0
6378,NGA,1967,1160.0,-0.19800256235610725,26.6,7.080110671464242,50948612.0
6379,NGA,1968,1114.0,-0.040462863613180744,26.8,7.191881035231141,52445059.0
6380,NGA,1969,1372.0,0.20831238779860062,27.4,7.181591944611865,53990042.0
6381,NGA,1970,1744.0,0.23991179618309477,26.9,7.0597035352541955,55585637.0
6382,NGA,1971,1894.0,0.08250966927709857,26.5,7.0430725759297665,57234219.0
6383,NGA,1972,1908.0,0.0073645782622078215,26.9,6.998966159035521,58941176.0
6384,NGA,1973,2012.0,0.053073679211398606,27.2,6.91512803331155,60702378.0
6385,NGA,1974,2179.0,0.07973680372499015,26.4,7.090993082560445,62523705.0
6386,NGA,1975,2051.0,-0.06053857687223996,26.3,7.0997796112374765,64421500.0
6387,NGA,1976,2208.0,0.07375964932460555,26.5,7.089743446874854,66392898.0
6388,NGA,1977,2220.0,0.005420067469339429,26.5,6.951867853600458,68421168.0
6389,NGA,1978,2028.0,-0.09045711015525182,26.6,7.181515896092873,70483446.0
6390,NGA,1979,2104.0,0.03679020914652753,26.9,7.132976670091312,72588342.0
6391,NGA,1980,2080.0,-0.011472401162237134,26.9,7.1474805898880245,74821273.0
6392,NGA,1981,1855.0,-0.1144831976538283,26.9,7.039572703602324,77149584.0
6393,NGA,1982,1784.0,-0.03902666190158044,27.0,6.97363664809565,79510977.0
6394,NGA,1983,1631.0,-0.08966471051894143,27.1,6.804725378662593,81163741.0
6395,NGA,1984,1527.0,-0.06588829740238111,27.3,6.975600825877204,82724290.0
6396,NGA,1985,1621.0,0.059738216517043696,27.0,7.033947304219897,84889378.0
6397,NGA,1986,1610.0,-0.006809063757167166,27.1,6.989703861629304,87092237.0
6398,NGA,1987,1556.0,-0.03411575324017235,27.4,6.950335726517255,89405017.0
6399,NGA,1988,1667.0,0.06890717801245749,26.9,7.100274660752538,91760420.0
6400,NGA,1989,1729.0,0.03651760293249673,26.4,7.0536721538822915,94159653.0
6401,NGA,1990,1773.0,0.025129820390916713,27.2,7.017864501662167,96603759.0
6402,NGA,1991,1759.0034969673438,-0.007925573295792354,27.0,7.144643932088019,98958070.0
6403,NGA,1992,1793.9401366740867,0.01966694065152197,26.6,7.030945889537335,101378150.0
6404,NGA,1993,1817.7495101846284,0.01318480863774063,27.0,7.001245622069476,103916250.0
6405,NGA,1994,1820.3046246113097,0.0014046601573971529,26.7,7.131298750317674,106570580.0
6406,NGA,1995,1851.0374805896058,0.016742418976267714,27.1,7.105950184932382,109342800.0
6407,NGA,1996,1924.0884038456277,0.03870601691344788,27.1,7.13854948922687,112235150.0
6408,NGA,1997,1977.2856291147405,0.027272710651904397,27.2,7.131858369791047,115250510.0
6409,NGA,1998,2025.8649217896864,0.02427172145481382,27.5,7.069278713138808,118391170.0
6410,NGA,1999,2034.8275240639398,0.004414329303564557,27.2,7.138628876358258,121649220.0
6411,NGA,2000,2144.825404335654,0.05264709194404826,27.0,7.048038824429193,125013930.0
6412,NGA,2001,2282.8230182916363,0.06235469050146847,27.1,7.063219381606209,128512680.0
6413,NGA,2002,2609.129445093547,0.13360377676615975,27.3,7.072930676941121,132165340.0
6414,NGA,2003,2848.2812973717623,0.0876991390622468,27.4,7.163869281966256,135971210.0
6415,NGA,2004,3136.6274258695394,0.09643239568428985,27.4,7.0623629972085755,139900210.0
6416,NGA,2005,3347.820466846664,0.0651613726878626,27.5,7.092158001979916,143913810.0
6417,NGA,2006,3564.632342456331,0.06275139161324006,27.5,7.091492499917254,148018570.0
6418,NGA,2007,3817.483522507349,0.068530522994525,27.5,7.093238499113671,152194870.0
6419,NGA,2008,4084.200260359434,0.0675344926510082,27.1,7.109961159081466,156434060.0
6420,NGA,2009,4416.346991611453,0.07818694743904686,27.8,7.060390525405731,160750760.0
6421,NGA,2010,4904.865862629963,0.10491486368825065,27.9,7.136960421674942,165142010.0
6422,NGA,2011,5136.0,0.046046820812577494,27.5,6.9775611532261,169607430.0
6423,NGA,2012,5216.315621041093,0.015516766574945606,27.4,7.135846570020281,174142210.0
6424,NGA,2013,5356.3886564568675,0.02649865691937947,27.5,6.991820654099804,178736590.0
6425,NGA,2014,5550.7269752146685,0.03563891582353662,27.6,7.05738145293795,183361700.0
6426,NGA,2015,5558.025667462321,0.001314043715375135,27.4,6.958828549166138,187978540.0
6427,NGA,2016,5337.129442955359,-0.040554998483623095,27.8,7.102417047860697,192593550.0
6428,NGA,2017,5248.688403316564,-0.01670973348564253,27.5,7.066808208836737,197417010.0
6429,NGA,2018,5215.37559870875,-0.006367108829467227,27.5,7.152112226695544,202498100.0
6430,NGA,2019,5197.0825127987455,-0.0035136957161743254,27.3,7.178850547829519,207698620.0
6431,NGA,2020,4976.322358449507,-0.04340627692081078,27.4,7.1451172675339025,213020610.0
6432,NGA,2021,5029.088207032856,0.010547560727278693,27.6,7.031122692932421,218473320.0
6433,NGA,2022,5070.492915765747,0.008199338209402995,27.1,7.124639280125202,223735370.0
6434,NIC,1961,3277.0,0.04016103916152147,25.4,7.700476264438175,1541000.0
6435,NIC,1962,3521.0,0.07181667045623641,25.2,7.81565087006791,1591000.0
6436,NIC,1963,3781.0,0.07124348473588071,25.3,7.784098633746698,1642000.0
6437,NIC,1964,4092.0,0.07904532318058521,25.4,7.768279568950215,1695000.0
6438,NIC,1965,4340.0,0.058840500022933284,25.3,7.653400028499837,1750000.0
6439,NIC,1966,4342.0,0.0004607233437869951,25.3,7.9154576922904045,1807000.0
6440,NIC,1967,4500.0,0.03574232532017341,25.1,7.688730169907602,1865000.0
6441,NIC,1968,4419.0,-0.018163970627671944,25.0,7.86507278440789,1926000.0
6442,NIC,1969,4564.0,0.03228600585122621,25.5,7.881144422896169,1988000.0
6443,NIC,1970,4463.0,-0.02237824635269625,25.3,7.888034380688382,2053000.0
6444,NIC,1971,4533.0,0.015562786311580368,25.1,7.6668306396561885,2120000.0
6445,NIC,1972,4543.0,0.0022036148185531346,25.6,7.608076663290083,2183000.0
6446,NIC,1973,4637.0,0.020480018632058616,25.6,7.766840537085513,2248000.0
6447,NIC,1974,5064.0,0.08808907943255129,25.1,7.693025748417888,2320000.0
6448,NIC,1975,5013.0,-0.010122146560508583,25.3,7.717262260658278,2395000.0
6449,NIC,1976,5099.0,0.017009903791651126,25.3,7.584671446431665,2473000.0
6450,NIC,1977,5247.0,0.028612042631555923,25.7,7.616677378657444,2554000.0
6451,NIC,1978,4771.0,-0.09510055817060348,25.6,7.815408817460629,2608000.0
6452,NIC,1979,3405.0,-0.3373109869324953,25.6,7.9128990243252915,2687000.0
6453,NIC,1980,3414.0,0.002639684770773698,25.8,7.88788428687947,2803000.0
6454,NIC,1981,3480.0,0.01914766941413326,25.6,7.985041780935494,2899000.0
6455,NIC,1982,3360.0,-0.03509131981127034,25.7,7.811041821721038,2976000.0
6456,NIC,1983,3437.0,0.022658023892585533,26.0,7.690057370852975,3044000.0
6457,NIC,1984,3308.0,-0.03825522070625276,25.3,7.782014952379364,3114000.0
6458,NIC,1985,3107.0,-0.06268614675053463,25.6,7.5690505300929,3180000.0
6459,NIC,1986,3011.0,-0.031385380911313376,25.6,7.639882759182966,3248000.0
6460,NIC,1987,2922.0,-0.030003936171088874,26.0,7.656857371686529,3322000.0
6461,NIC,1988,2498.0,-0.15677790162512206,25.9,7.841217729364612,3404000.0
6462,NIC,1989,2393.0,-0.04294260277715001,25.6,7.672664825768973,3492000.0
6463,NIC,1990,2291.0,-0.0435594054548778,25.8,7.6890049077636275,3644000.0
6464,NIC,1991,2209.7942483077627,-0.03608899258902909,26.0,7.6638772587034705,3839000.0
6465,NIC,1992,2163.4165916844263,-0.021210683434291333,26.0,7.649168676951571,4007000.0
6466,NIC,1993,2114.6918975367407,-0.022779600484945206,26.0,7.713025060679031,4156000.0
6467,NIC,1994,2154.299011959488,0.018556259202592962,26.0,7.565741494448493,4289000.0
6468,NIC,1995,2264.092518252075,0.049708638292631946,26.1,7.805474625270857,4402000.0
6469,NIC,1996,2395.2021732858275,0.05629361757496021,25.6,7.862805079006376,4503000.0
6470,NIC,1997,2482.690824004514,0.03587533962527889,26.2,7.658274739399952,4598000.0
6471,NIC,1998,2569.828330482171,0.034496117539766225,26.3,7.796715923184336,4689000.0
6472,NIC,1999,2748.1270002457577,0.06708048961271107,25.5,7.797332357337869,4778000.0
6473,NIC,2000,2858.526912402704,0.03938683773541918,25.7,7.662232714693689,4866000.0
6474,NIC,2001,2944.244526766683,0.029545830234622095,26.1,7.655295943372414,4952000.0
6475,NIC,2002,2969.457584869204,0.0085270479972257,26.2,7.663125802722214,5036000.0
6476,NIC,2003,3049.1499913269267,0.026483555631142686,26.3,7.760594898275675,5116000.0
6477,NIC,2004,3220.2610365237183,0.05459956310449243,26.1,7.828715093704554,5193000.0
6478,NIC,2005,3370.77750867683,0.04568100898068117,26.1,7.781472483297231,5267000.0
6479,NIC,2006,3525.5536519620005,0.044894055822679135,26.2,7.800941137141195,5338000.0
6480,NIC,2007,3729.851433342894,0.056330914342206384,26.1,7.70903911814666,5408000.0
6481,NIC,2008,3856.552283010685,0.03340519075465842,25.9,7.9022655190497275,5476000.0
6482,NIC,2009,3771.9470487287163,-0.022182266724326993,26.2,7.678280080563427,5541000.0
6483,NIC,2010,3916.965925691713,0.037726028872977935,26.0,7.859721987308762,5604000.0
6484,NIC,2011,4189.0,0.06714468640208615,26.0,7.761574684930981,5666000.0
6485,NIC,2012,4376.0,0.043673023154781276,26.0,7.684462052641013,5728000.0
6486,NIC,2013,4527.0,0.03392440333414193,26.1,7.6659408557213045,5789000.0
6487,NIC,2014,4685.0,0.03430644723656506,26.2,7.641516432427338,5849000.0
6488,NIC,2015,4866.0,0.037906328670944234,26.4,7.617267813628347,5908000.0
6489,NIC,2016,5015.864324456716,0.03033351005018403,26.4,7.667251840083616,5967000.0
6490,NIC,2017,5174.223937230618,0.031083609674048773,26.3,7.795111413758176,6025951.0
6491,NIC,2018,4930.429632849396,-0.048263233205416256,25.9,7.690103105000384,6085213.0
6492,NIC,2019,4721.727406340627,-0.04325142231590995,26.3,7.562837078735289,6170109.452268658
6493,NIC,2020,4575.186325096798,-0.03152728386895198,26.4,7.846433529733921,6255265.155790277
6494,NIC,2021,4978.84140892313,0.08454979046372735,26.2,7.687584615677807,6342896.708777671
6495,NIC,2022,5092.841227313294,0.022638657569372,26.0,7.8009820712577405,6433497.6145087965
6496,NLD,1961,13074.0,-0.010272890251188826,9.9,6.816516798547866,11638713.0
6497,NLD,1962,13770.0,0.051866787550025606,8.1,6.611637727709255,11805689.0
6498,NLD,1963,14078.0,0.02212098244537586,7.8,6.5473591342415505,11965966.0
6499,NLD,1964,15042.0,0.06623299321827147,9.0,6.558765017801951,12127120.0
6500,NLD,1965,15618.0,0.0375778068362731,8.6,6.871402449516339,12292000.0
6501,NLD,1966,15838.0,0.013988020547737179,9.3,6.912643313054913,12454800.0
6502,NLD,1967,16483.0,0.039917430960997535,9.9,6.683360945766275,12596822.0
6503,NLD,1968,17365.0,0.052127139446819015,9.1,6.694809552644373,12724680.0
6504,NLD,1969,18270.0,0.050803684193878595,9.0,6.581055139509627,12873000.0
6505,NLD,1970,19075.0,0.04311820678060485,8.9,6.708816416364745,13032335.0
6506,NLD,1971,19636.0,0.028986039025285848,9.6,6.347214062970213,13193776.0
6507,NLD,1972,20079.0,0.02230987659080874,8.9,6.500087747318773,13329874.0
6508,NLD,1973,20851.0,0.03772741593876816,9.4,6.576051654436026,13438404.0
6509,NLD,1974,21514.0,0.031301977284430293,9.7,6.812345094177479,13540584.0
6510,NLD,1975,21318.0,-0.009152099742868458,9.8,6.512339506726974,13653438.0
6511,NLD,1976,22132.0,0.037472738768917324,9.6,6.3164424043034595,13769913.0
6512,NLD,1977,22598.0,0.020836881751192138,9.6,6.622603336383981,13852989.0
6513,NLD,1978,22992.0,0.017284922549613668,8.9,6.507128447514222,13936754.0
6514,NLD,1979,23347.0,0.015322166866631903,8.5,6.7293460590080985,14030002.0
6515,NLD,1980,23438.0,0.0038901406331106614,8.9,6.721184707898767,14143901.0
6516,NLD,1981,23153.0,-0.012234275067349643,9.2,6.812235077124725,14246049.0
6517,NLD,1982,22780.0,-0.01624140375002625,9.9,6.568779912142806,14310401.0
6518,NLD,1983,23086.0,0.013343415173684647,10.0,6.667974086514904,14362381.0
6519,NLD,1984,23750.0,0.028356157287930728,9.2,6.742290839254605,14420022.0
6520,NLD,1985,24361.0,0.025400962421599615,8.4,6.637126961096183,14491380.0
6521,NLD,1986,24893.0,0.02160314654752149,8.8,6.676579555970663,14571875.0
6522,NLD,1987,25085.0,0.007683418486443827,8.5,6.736492349544916,14665278.0
6523,NLD,1988,25574.0,0.019306152452761793,10.1,6.799724534768432,14761339.0
6524,NLD,1989,26612.0,0.03978603149066373,10.6,6.481423978192588,14848907.0
6525,NLD,1990,27515.0,0.03336906863208178,10.7,6.597009266931805,14951510.0
6526,NLD,1991,28126.78128729326,0.02199088266662308,9.5,6.482495543545793,15072550.0
6527,NLD,1992,28555.731843562444,0.015135487871567932,10.4,6.703556143668865,15186580.0
6528,NLD,1993,28879.995637789518,0.011291481928630276,9.5,6.7763929607853095,15294610.0
6529,NLD,1994,29727.555977579766,0.028925263372734378,10.5,6.796823718274855,15385640.0
6530,NLD,1995,30680.346818344584,0.03154785446278119,10.2,6.68910163294078,15464330.0
6531,NLD,1996,31811.739177846182,0.0362130973866055,8.3,6.381985207830324,15535360.0
6532,NLD,1997,33199.63247748674,0.04270342770528579,10.0,6.499636653408409,15616390.0
6533,NLD,1998,34688.551972478344,0.043870912275354,10.1,6.933228074955168,15712420.0
6534,NLD,1999,36409.076594083985,0.04840838235743483,10.7,6.799278802646053,15817460.0
6535,NLD,2000,37899.95037765948,0.040131702252200085,10.8,6.776735016543733,15931500.0
6536,NLD,2001,38636.22114859548,0.019240405409600925,10.1,6.8327084046592255,16051540.0
6537,NLD,2002,38653.123690763896,0.0004373835092792433,10.6,6.815968883351428,16154570.0
6538,NLD,2003,38803.95858555849,0.0038946751161628157,10.4,6.4446080905328875,16230600.0
6539,NLD,2004,39682.37611246844,0.022384895664485427,10.2,6.743705766975631,16287620.0
6540,NLD,2005,40679.489520828436,0.02481685995895333,10.4,6.700238983553627,16325630.0
6541,NLD,2006,42286.51007982917,0.038744102097661326,10.7,6.620473126551683,16351640.0
6542,NLD,2007,44008.75173113088,0.03992039257285107,11.0,6.808155913759382,16387650.000000002
6543,NLD,2008,44840.71137006535,0.018727945589436246,10.5,6.738270970989674,16451680.0
6544,NLD,2009,43178.50694578154,-0.03777361566884352,10.3,6.621671927894053,16535700.0
6545,NLD,2010,43812.34916817474,0.014572875081872994,8.9,6.679599185844383,16620730.0
6546,NLD,2011,44591.0,0.017616322818552632,10.7,6.6356840540445035,16698759.999999998
6547,NLD,2012,43968.25377669789,-0.014064176507790904,10.1,6.735661242343618,16760779.999999998
6548,NLD,2013,43782.968262272545,-0.004222979133015059,9.7,6.57813948315741,16809800.0
6549,NLD,2014,44245.55891701035,0.0105101136596506,11.5,6.63200177739563,16870820.0
6550,NLD,2015,44912.665233009604,0.01496482847133862,10.8,6.718046503754165,16945850.0
6551,NLD,2016,45654.468892801175,0.016381665512907873,10.6,6.6507963791731965,17035880.0
6552,NLD,2017,46706.43859939366,0.022780529734763633,10.7,6.7650389767805414,17136910.0
6553,NLD,2018,47528.90299759168,0.017455983470190617,11.3,6.448097941790546,17237950.0
6554,NLD,2019,48142.67175996077,0.012830920457329142,11.2,6.69913081376713,17350990.0
6555,NLD,2020,46014.48428690067,-0.04521270787802578,11.6,6.661343100728573,17448020.0
6556,NLD,2021,48001.83815004105,0.04228308223888533,10.3,6.7530877989699984,17539050.0
6557,NLD,2022,49669.86855501835,0.0341591777829251,11.5,6.5441995739511825,17709110.0
6558,NOR,1961,12106.0,0.05283351667544345,0.20000000000000018,6.91478054391889,3609800.0
6559,NOR,1962,12347.0,0.01971192111611053,-1.1,6.810142450115136,3638919.0
6560,NOR,1963,12723.0,0.029998260574956248,-0.8999999999999999,6.8481644975685,3666540.0
6561,NOR,1964,13256.0,0.041038900963698666,-0.19999999999999996,6.878274973659629,3694339.0
6562,NOR,1965,13852.0,0.043979346415913056,-1.25,6.709426284042365,3723153.0
6563,NOR,1966,14258.0,0.02888852615526183,-1.8,6.7463533724406854,3753628.0
6564,NOR,1967,15020.0,0.0520644936405521,-1.0499999999999998,6.855198028243461,3786019.0
6565,NOR,1968,15224.0,0.013490483657859542,-1.85,6.719435770384546,3818983.0
6566,NOR,1969,15779.0,0.03580681205968439,-1.6,6.749052587786816,3850977.0
6567,NOR,1970,15983.0,0.012845715332984398,-1.25,6.733758970934172,3877386.0
6568,NOR,1971,16692.0,0.04340390534278882,-1.1,7.000516759063448,3903039.0
6569,NOR,1972,17409.0,0.042057751147275724,0.30000000000000004,6.96659006470303,3933004.0
6570,NOR,1973,18050.0,0.036158370902308334,-1.05,7.059402828591277,3960613.0
6571,NOR,1974,18691.0,0.03489643980515034,0.5,6.956545443151569,3985258.0
6572,NOR,1975,19560.0,0.045444540022630875,-0.3500000000000001,6.963521056887994,4007313.0
6573,NOR,1976,20610.0,0.052289730295695946,-0.45000000000000007,6.824101893984884,4026152.0
6574,NOR,1977,21399.0,0.03756779706164437,-1.0499999999999998,6.871609832345784,4043205.0
6575,NOR,1978,22061.0,0.03046715174961534,-1.25,6.7733663759434855,4058671.0
6576,NOR,1979,22971.0,0.040421207085469035,-1.6500000000000001,6.935078574631027,4072517.0
6577,NOR,1980,24031.0,0.04511211273177196,-0.8499999999999999,6.862025427275962,4085620.0
6578,NOR,1981,24179.0,0.00613982430760629,-1.6,6.8308742346461795,4099702.0
6579,NOR,1982,24141.0,-0.001572848006368588,-0.5999999999999999,6.884947139656129,4114787.0000000005
6580,NOR,1983,24924.0,0.031919554849869414,-0.6499999999999999,6.987074648186392,4128432.0
6581,NOR,1984,26321.0,0.05453590497436345,0.2499999999999999,6.805944012835452,4140095.0000000005
6582,NOR,1985,27608.0,0.047738486139364156,-1.5,6.928488845369044,4152419.0
6583,NOR,1986,28504.0,0.03193884250783263,-0.7999999999999999,6.845933065338794,4166595.9999999995
6584,NOR,1987,28953.0,0.015629397289574243,-0.7999999999999999,6.9203753103382395,4186147.0
6585,NOR,1988,28786.0,-0.0057846677526303125,-0.75,6.911846896885391,4208729.0
6586,NOR,1989,28942.0,0.0054046694753218105,0.1499999999999999,7.056304586085376,4226142.0
6587,NOR,1990,29434.0,0.016856641426119978,0.6000000000000001,7.007057480055999,4242006.0
6588,NOR,1991,31127.67514275106,0.05594683071108264,0.35,6.902692484639675,4263010.0
6589,NOR,1992,33041.20543946448,0.0596581327795338,0.25,7.013780573625441,4287020.0
6590,NOR,1993,34819.51677543695,0.052422624223641634,-0.44999999999999996,6.874663743981937,4313020.0
6591,NOR,1994,37492.83768381588,0.07397186318005566,-0.30000000000000004,6.9144825997315635,4338030.0
6592,NOR,1995,40043.79829397424,0.06582389279849288,-0.55,6.817611729129172,4360030.0
6593,NOR,1996,43133.1434703702,0.07431787918542376,-0.6000000000000001,6.7357800142423265,4382040.0
6594,NOR,1997,46556.479232082784,0.07637449107621741,-0.04999999999999982,6.877965950171385,4406040.0
6595,NOR,1998,48956.729327077825,0.05027065031627309,-0.5,6.895986295382138,4432050.0
6596,NOR,1999,51129.18287611082,0.04341859465116826,0.25,6.963284588774617,4463060.0
6597,NOR,2000,54039.960727798505,0.05536835870324808,0.55,6.971480969862681,4492070.0
6598,NOR,2001,56578.377089947855,0.045903095637012115,-0.1499999999999999,6.8912701427222744,4515070.0
6599,NOR,2002,58840.41420772429,0.039202053264624226,0.5000000000000001,6.748231858464161,4539080.0
6600,NOR,2003,60852.25952013438,0.033620016098851124,0.5499999999999999,6.8810518961475875,4566080.0
6601,NOR,2004,64824.14443014642,0.06322918182348225,0.7,6.908654874224973,4593090.0
6602,NOR,2005,68108.55554368123,0.049424704139195086,0.55,7.015353289580155,4624100.0
6603,NOR,2006,71310.52895068977,0.045941150305390366,0.95,6.969179580969136,4662110.0
6604,NOR,2007,74879.80862329547,0.04884028875181734,0.65,6.933423025730715,4710120.0
6605,NOR,2008,76522.06344265514,0.02169483387769766,0.7499999999999999,6.879818660289114,4769130.0
6606,NOR,2009,76625.63387616538,0.0013525564029084336,0.5000000000000001,6.862810212938968,4830150.0
6607,NOR,2010,78476.14531495779,0.023863030600919544,-0.49999999999999994,6.697898071993661,4890160.0
6608,NOR,2011,80623.0,0.026989271337750864,1.0,7.075259262425668,4954170.0
6609,NOR,2012,81725.21850568223,0.013578657670011651,0.10000000000000009,6.847792937809454,5020190.0
6610,NOR,2013,81564.2937502866,-0.0019710366608549634,0.5,6.82730415458451,5081210.0
6611,NOR,2014,82311.32497785415,0.009117114649576763,1.5499999999999998,6.783721498058689,5138220.0
6612,NOR,2015,82983.99523508434,0.008139056444393944,0.95,6.9874902470009905,5191230.0
6613,NOR,2016,83213.01259246765,0.0027559762396869303,1.25,6.855356110182929,5237240.0
6614,NOR,2017,84600.70739739561,0.016538891299040515,0.8999999999999999,6.911199341384692,5278250.0
6615,NOR,2018,84739.91970070468,0.001644169353280489,1.2000000000000002,6.862757913051401,5313260.0
6616,NOR,2019,85115.3230859659,0.004420281533253245,0.7,6.912344731315945,5349270.0
6617,NOR,2020,83543.09832942951,-0.018644432778831543,1.25,7.099820874725485,5380280.0
6618,NOR,2021,86334.59325126758,0.03286772021270323,0.8500000000000001,6.842950055616021,5409280.0
6619,NOR,2022,88366.21932847245,0.02325939574941671,1.2,6.927851980681259,5458290.0
6620,NPL,1961,990.0,0.010152371464018373,9.1,7.095064377287131,10176000.0
6621,NPL,1962,998.0,0.008048333182828493,9.1,7.19548735018396,10332000.0
6622,NPL,1963,1006.0,0.00798407434822046,9.1,7.101099199057828,10500000.0
6623,NPL,1964,1012.0,0.005946499187726495,9.4,6.959398512133975,10677000.0
6624,NPL,1965,1019.0,0.0068931833753138605,9.1,6.973168417530369,10862000.0
6625,NPL,1966,1071.0,0.04977103722502374,9.6,6.878944197128018,11057000.0
6626,NPL,1967,1034.0,-0.03515801537937424,9.0,6.895277757471025,11262000.0
6627,NPL,1968,1023.0,-0.010695289116748441,9.0,7.041849013462836,11473000.0
6628,NPL,1969,1049.0,0.02509784244467106,9.8,6.885509670034818,11692000.0
6629,NPL,1970,1055.0,0.0057034375138700355,9.5,7.042985228242241,11919000.0
6630,NPL,1971,1022.0,-0.03177927514651735,8.8,7.206303104744224,12155000.0
6631,NPL,1972,1034.0,0.011673284304724696,9.4,6.932057571505102,12389000.0
6632,NPL,1973,1009.0,-0.024475034714765975,9.4,7.185841457760471,12631000.0
6633,NPL,1974,1052.0,0.041733372944047,9.5,7.04342189040367,12884000.0
6634,NPL,1975,1047.0,-0.004764182427118513,9.2,7.128335547893182,13146000.0
6635,NPL,1976,1071.0,0.02266385957721173,9.3,6.966684346511425,13418000.0
6636,NPL,1977,1081.0,0.009293747191459367,9.2,6.941576827457648,13700000.0
6637,NPL,1978,1105.0,0.021958796312644857,9.0,7.135050201418823,13994000.0
6638,NPL,1979,1106.0,0.0009045681304273856,9.6,6.9914528380037035,14298000.0
6639,NPL,1980,1057.0,-0.04531519621204261,9.6,7.002155954403621,14613000.0
6640,NPL,1981,1119.0,0.0570007224416873,9.2,7.037818163280305,14946000.0
6641,NPL,1982,1135.0,0.014197221603578392,9.2,6.925398714154732,15298000.0
6642,NPL,1983,1076.0,-0.05338218919377358,8.9,7.11574458252467,15664000.0
6643,NPL,1984,1152.0,0.06824910053410704,9.4,7.065527962854679,16044000.0
6644,NPL,1985,1194.0,0.035809452696710764,9.7,7.150701457592526,16439000.0
6645,NPL,1986,1218.0,0.01990115431729489,9.1,7.027758071376834,16848000.0
6646,NPL,1987,1208.0,-0.008244069775082075,9.7,7.080699673963495,17273000.0
6647,NPL,1988,1269.0,0.049263089219627076,9.9,7.097466134207946,17714000.0
6648,NPL,1989,1290.0,0.01641302964133029,9.3,6.975507381032956,18173000.0
6649,NPL,1990,1315.0,0.019194447256147384,9.4,7.107753020789034,18649000.0
6650,NPL,1991,1360.7835450119917,0.034224004253813334,9.4,6.911348814492268,19150000.0
6651,NPL,1992,1374.6611849864776,0.01014661995190913,9.2,6.799167338565238,19705000.0
6652,NPL,1993,1385.2410615719577,0.007666886335119472,9.5,6.8586700712916455,20278000.0
6653,NPL,1994,1456.0202965652613,0.04983271345543283,9.6,6.894366041863121,20844000.0
6654,NPL,1995,1468.0789453289215,0.008247816592382051,9.7,6.941770157569414,21359000.0
6655,NPL,1996,1511.7336730097186,0.029302413834759733,9.7,6.966684346511425,21804000.0
6656,NPL,1997,1558.3987854155582,0.030401754473551534,8.7,7.13966033596492,22241000.0
6657,NPL,1998,1570.6634930142088,0.007839262575745742,9.8,7.124800271834477,22672000.0
6658,NPL,1999,1609.1802762204345,0.0242267670307994,10.1,7.162475013731091,23087000.0
6659,NPL,2000,1676.7456451078976,0.0411298946390275,9.8,7.110777752300125,23487000.0
6660,NPL,2001,1738.3141794103872,0.03606098239578692,9.9,7.076738271336911,23887000.0
6661,NPL,2002,1709.778699379073,-0.016551834596198134,10.1,7.100604557662746,24273000.0
6662,NPL,2003,1747.776601385109,0.021980520082797383,9.9,7.083555618785827,24645000.0
6663,NPL,2004,1802.1438478506327,0.03063251612165896,10.1,7.066637604042329,24989000.0
6664,NPL,2005,1836.3057151746214,0.01877880709349622,9.9,6.845560675389019,25255000.0
6665,NPL,2006,1884.1871667937132,0.025740726781837253,10.3,6.946879833666187,25484000.0
6666,NPL,2007,1927.3865031104444,0.02266842511825118,10.2,6.982491625096154,25732000.0
6667,NPL,2008,2021.1540837983846,0.047503735110221434,9.9,7.05142262879455,25998000.0
6668,NPL,2009,2085.2436141145413,0.03121701284716938,10.6,6.846411648741085,26298000.0
6669,NPL,2010,2152.274587448379,0.03163954083046594,10.7,7.033682835579928,26664000.0
6670,NPL,2011,2189.0,0.01691958798297044,9.9,7.258623395887082,27081000.0
6671,NPL,2012,2258.0,0.031034647186744202,9.9,7.025004839032377,27505000.0
6672,NPL,2013,2316.0,0.025362093983278378,9.7,7.053499293034843,27917000.0
6673,NPL,2014,2421.0,0.04433911824517267,9.9,6.424058322604399,28311000.0
6674,NPL,2015,2455.0,0.013946083290562683,10.0,7.029618866738978,28678000.0
6675,NPL,2016,2443.432481768947,-0.004722955670608542,10.6,7.0315645647084235,29034000.0
6676,NPL,2017,2632.340821601693,0.07446969099390088,10.3,7.011484464744614,29384297.0
6677,NPL,2018,2800.859682238255,0.06205290285831566,10.2,7.013735602519369,29717587.0
6678,NPL,2019,2953.560230153333,0.05308490093540552,9.9,6.924710719631551,30057209.274333425
6679,NPL,2020,2832.860944763906,-0.041724164813001785,9.7,7.031829594084064,30595263.88743286
6680,NPL,2021,2902.0501722250265,0.0241303076059598,10.0,7.058672164298998,31310780.375216298
6681,NPL,2022,3013.5177675161785,0.03769064674063749,10.1,6.965552377708354,31845144.62030766
6682,NZL,1961,15533.0,0.02913334714783211,10.6,7.3555132992805525,2432450.0
6683,NZL,1962,15511.0,-0.0014173433631565757,11.2,7.50019775542045,2488550.0
6684,NZL,1963,16150.0,0.040370600026051306,10.3,7.255661893229013,2541350.0
6685,NZL,1964,16606.0,0.027844026171173653,10.5,7.33079831936437,2591950.0
6686,NZL,1965,17341.0,0.04330956397657282,10.3,7.4308256291645645,2640400.0
6687,NZL,1966,18111.0,0.04344584866598744,10.5,7.365686326993603,2687550.0
6688,NZL,1967,17027.0,-0.06171916904389185,10.6,7.357747509140379,2728150.0
6689,NZL,1968,16809.0,-0.012885862187250297,10.5,7.420638783857572,2759000.0
6690,NZL,1969,18348.0,0.08760611948366837,10.5,7.257919071305212,2788500.0
6691,NZL,1970,17835.0,-0.028357757924069915,11.2,7.402695393517904,2828050.0
6692,NZL,1971,18452.0,0.034009946884719255,11.5,7.4400292339539975,2875300.0
6693,NZL,1972,18889.0,0.023406976354108266,10.6,7.367961065747761,2929100.0
6694,NZL,1973,19804.0,0.04730419544949349,11.0,7.2389995880590465,2992300.0
6695,NZL,1974,20529.0,0.03595458313929356,11.1,7.372306571216138,3058400.0
6696,NZL,1975,19907.0,-0.030767091966673377,11.0,7.423329609770332,3117800.0
6697,NZL,1976,20161.0,0.01267861647577817,10.2,7.424403916050917,3153550.0
6698,NZL,1977,19110.0,-0.05353828689539242,10.2,7.408409347426631,3164900.0
6699,NZL,1978,19182.0,0.0037605810535765727,11.1,7.370293612116601,3165800.0
6700,NZL,1979,19580.0,0.02053629779660504,11.0,7.488461380196333,3164550.0
6701,NZL,1980,19681.0,0.005145066238936735,10.7,7.394554568145273,3170150.0
6702,NZL,1981,20537.0,0.042574434016655616,11.2,7.361820056926364,3185450.0
6703,NZL,1982,20715.0,0.00862993817140989,10.5,7.246510621617919,3217000.0
6704,NZL,1983,21015.0,0.014378392927714145,10.4,7.366634763724938,3258000.0
6705,NZL,1984,21783.0,0.0358933806091386,11.0,7.373750886830334,3298000.0
6706,NZL,1985,21780.0,-0.00013773156140395315,11.1,7.314219887423385,3324000.0
6707,NZL,1986,22124.0,0.015670874627616627,11.0,7.362645270417825,3341000.0
6708,NZL,1987,22142.0,0.0008132653048438243,11.0,7.368592020403056,3352000.0
6709,NZL,1988,22022.0,-0.005434303745875724,11.2,7.366950709511269,3361000.0
6710,NZL,1989,22107.0,0.0038523467615725338,11.2,7.39357073974396,3378000.0
6711,NZL,1990,21817.0,-0.013204818043083932,11.3,7.351286587896758,3414000.0
6712,NZL,1991,21125.894441464632,-0.032189969638618976,10.4,7.395046119614464,3548310.0
6713,NZL,1992,21093.06134026169,-0.001555372804189048,9.8,7.377008626837169,3585260.0
6714,NZL,1993,21897.675589250273,0.037436353745238904,10.1,7.266268532194509,3628780.0
6715,NZL,1994,23076.8580370377,0.052449805083341516,10.5,7.4045225454970875,3678580.0
6716,NZL,1995,23751.903279923346,0.028832366576139634,10.9,7.53176672070722,3735460.0
6717,NZL,1996,24321.248009389717,0.023687706585100443,10.8,7.3987862754199485,3792850.0
6718,NZL,1997,24802.129652390377,0.019579150607411222,10.6,7.295395802177749,3838190.0
6719,NZL,1998,24861.415744330163,0.0023875105825865717,11.7,7.433193615115973,3868260.0
6720,NZL,1999,25867.99278194082,0.039689371403111906,11.6,7.368402775803847,3889610.0
6721,NZL,2000,26823.01745930254,0.03625397477896719,11.0,7.332369205929062,3912390.0
6722,NZL,2001,27167.31853490533,0.012754347111741282,11.1,7.363850128041624,3946900.0
6723,NZL,2002,28065.855955148236,0.03253902051377189,10.9,7.401170212488334,4018260.0
6724,NZL,2003,28876.28695203709,0.028466990661783598,10.9,7.283791576399489,4094070.0
6725,NZL,2004,29806.73526544015,0.031713645976198634,10.4,7.420878261796811,4151149.9999999995
6726,NZL,2005,30270.247318837275,0.015430909835172812,11.3,7.245084291323332,4198420.0
6727,NZL,2006,30798.6310699084,0.017304949781944856,10.7,7.346526205796774,4247710.0
6728,NZL,2007,31784.44081904042,0.03150664441872664,11.0,7.238640508734566,4286780.0
6729,NZL,2008,31444.63323540741,-0.010748563386437482,11.1,7.4139100110982294,4322920.0
6730,NZL,2009,31233.075830391692,-0.006750668190793618,10.6,7.320725486576075,4370390.0
6731,NZL,2010,31586.08932678963,0.011239156442851339,11.3,7.367077059881012,4415830.0
6732,NZL,2011,32057.0,0.014798755761376015,11.2,7.452170405741683,4445890.0
6733,NZL,2012,32714.73260944279,0.0203099467009622,10.8,7.335503595330759,4471400.0
6734,NZL,2013,33109.26129665986,0.011987525772896745,11.4,7.348458822516321,4515730.0
6735,NZL,2014,33591.32021166519,0.014454665834035652,11.0,7.299729796907802,4597110.0
6736,NZL,2015,34248.47720110293,0.019374395874928396,10.9,7.37994401913321,4694580.0
6737,NZL,2016,34879.93804063972,0.018269720243258902,11.6,7.328437352895162,4799840.0
6738,NZL,2017,35573.96344750606,0.019702183765488712,11.4,7.335242771124794,4896500.0
6739,NZL,2018,36420.04873497191,0.0235054059892974,11.5,7.360676328246597,4982030.0
6740,NZL,2019,36912.075718532695,0.013419340318771233,11.4,7.474885618958595,5073530.0
6741,NZL,2020,35853.692992715216,-0.029092178665631963,11.3,7.361883559069582,5159060.0
6742,NZL,2021,37837.45806607527,0.053852991994281396,11.6,7.456570088652162,5188310.0
6743,NZL,2022,38250.12239372281,0.010847194019714124,12.1,7.456512323582683,5244500.0
6744,OMN,1961,1471.0,-0.012833678338067145,27.0,3.9908341858524357,613723.0
6745,OMN,1962,1728.0,0.16102222876256267,27.0,3.6913763343125234,628164.0
6746,OMN,1963,1758.0,0.017212128881121558,27.2,4.626931677769604,644990.0
6747,OMN,1964,1714.0,-0.025346979087396804,26.4,3.624340932976365,661826.0
6748,OMN,1965,1678.0,-0.021227212130574102,27.0,3.8088822465086327,678672.0
6749,OMN,1966,1722.0,0.025883797960524646,27.0,3.8394523125933104,696718.0
6750,OMN,1967,2788.0,0.481838086892739,26.9,3.970291913552122,714775.0
6751,OMN,1968,4932.0,0.5704200924038201,26.8,3.8732821771117156,735222.0
6752,OMN,1969,6028.0,0.20067069546215066,27.4,3.6686767467964168,755682.0
6753,OMN,1970,6056.0,0.00463423537089902,27.4,4.86830338551846,778536.0
6754,OMN,1971,5923.0,-0.022206438840319365,26.9,3.696351468952637,802594.0
6755,OMN,1972,6271.0,0.05709275426605487,26.6,4.792479284293085,829050.0
6756,OMN,1973,5227.0,-0.1820983318300975,27.0,3.7013019741124933,856714.0
6757,OMN,1974,5644.0,0.07675553425978165,26.9,3.1179499062782403,884395.0
6758,OMN,1975,6802.0,0.18662365259443625,26.8,3.845883202923601,913285.0
6759,OMN,1976,7328.0,0.07448594078682547,27.0,4.581901559048737,956453.0
6760,OMN,1977,6998.0,-0.046078233426332105,27.5,4.036008985209137,1004533.0
6761,OMN,1978,6513.0,-0.07182421438123221,27.2,4.400603020246817,1058744.0
6762,OMN,1979,6446.0,-0.010340396171018895,27.3,4.215086179918229,1115515.0
6763,OMN,1980,6491.0,0.00695681865808595,27.4,3.3603753871419,1174857.0
6764,OMN,1981,7210.0,0.10505234924552553,27.4,4.178992036282385,1237945.0
6765,OMN,1982,7651.0,0.05936740695285714,26.9,4.548599834499697,1301048.0
6766,OMN,1983,8521.0,0.10769734659610464,26.8,4.618086411254637,1363189.0
6767,OMN,1984,9526.0,0.11149119753284964,26.8,3.3877743613300146,1423521.0
6768,OMN,1985,10433.0,0.09094895710716422,27.1,3.068052935133617,1481587.0
6769,OMN,1986,10268.0,-0.015941596476938713,27.0,3.877431560658527,1537697.0
6770,OMN,1987,10699.0,0.04111801614757482,27.5,4.604169685654508,1593882.0
6771,OMN,1988,10633.0,-0.006187906487520323,27.6,4.203198967134183,1651822.0
6772,OMN,1989,10692.0,0.005533425607723075,26.9,4.395682961121367,1711642.0
6773,OMN,1990,10327.0,-0.03473397358740549,27.5,4.182050142641207,1772974.0
6774,OMN,1991,11131.000161499865,0.07497219833083868,27.1,3.735285826928092,1843810.0
6775,OMN,1992,12251.157612838055,0.09588640851306884,26.8,4.370712874773608,1916360.0
6776,OMN,1993,13226.643232366689,0.07661279046734926,27.4,3.681351187693145,1990540.0
6777,OMN,1994,14079.533055632632,0.062488964516992596,27.4,3.6136169696133895,2052010.0000000002
6778,OMN,1995,15292.175962180614,0.08261913606320093,27.3,4.531523645819793,2113060.0
6779,OMN,1996,16491.167828769783,0.07548363190580964,27.2,4.087655574071304,2173410.0
6780,OMN,1997,18518.480505769527,0.11594422524078496,27.2,4.65586330030361,2232740.0
6781,OMN,1998,20213.02037793395,0.0875577901968363,28.1,4.294560608892605,2290900.0
6782,OMN,1999,21519.670874485142,0.06264047131591788,27.7,3.7773481021015445,2347740.0
6783,OMN,2000,24186.36539832847,0.11682161985345374,27.7,3.481240089335692,2403180.0
6784,OMN,2001,26431.100510242468,0.08875230533316625,27.9,3.4719664525503626,2457300.0
6785,OMN,2002,27141.842908555063,0.026535189453422703,27.9,4.01096295328305,2510220.0
6786,OMN,2003,27313.979688054027,0.006322091729879631,27.9,3.6189933266497696,2562000.0
6787,OMN,2004,28607.084364072365,0.046255744579486446,28.1,4.018183201256536,2612830.0
6788,OMN,2005,30392.56006950844,0.06054345171467013,27.7,3.7887247890836524,2663040.0
6789,OMN,2006,33374.89387593973,0.09360609306408918,27.9,4.160444363926624,2713220.0
6790,OMN,2007,36424.97935431351,0.08745084831297056,28.0,4.746669748261791,2764070.0
6791,OMN,2008,40909.93793079612,0.1161182294454619,27.5,3.481240089335692,2816380.0
6792,OMN,2009,44244.64655098686,0.07836136750977118,28.0,4.007333185232471,2870780.0
6793,OMN,2010,46182.160122218935,0.04285919673754002,28.3,3.765840495250065,2927500.0
6794,OMN,2011,44454.0,-0.038138632311401466,27.9,3.7013019741124933,2986380.0
6795,OMN,2012,47427.58310966899,0.06474903493233697,27.7,3.784189633918261,3047230.0
6796,OMN,2013,48900.75666507833,0.03058888848967989,27.7,4.37197629882038,3109910.0
6797,OMN,2014,48528.4104469355,-0.007643461233657334,27.7,4.412798293340635,3174260.0
6798,OMN,2015,49926.876575049,0.02841005762734028,28.1,3.32862668882732,3240140.0
6799,OMN,2016,51382.73606636621,0.028742775369263285,28.1,3.730501128804756,3307200.0
6800,OMN,2017,50502.680279503904,-0.01727583213298267,28.1,3.8501476017100584,3375060.0
6801,OMN,2018,50135.401923433776,-0.007299025947549609,28.1,3.681351187693145,3443540.0
6802,OMN,2019,48596.52895658961,-0.031175276057439305,28.1,3.893859034800475,3512440.0
6803,OMN,2020,46133.20980381452,-0.05201903086067183,27.8,4.206184043977636,3581590.0
6804,OMN,2021,46573.575763828216,0.009500259757954765,28.1,3.5263605246161616,3650680.0
6805,OMN,2022,47988.64770074963,0.029931140094648256,27.9,4.030694535145645,3695770.0
6806,PAK,1961,1066.0,0.03338412070882946,19.9,5.881649681100775,51718581.0
6807,PAK,1962,1114.0,0.04404381576144001,20.0,5.589119566336061,53100671.0
6808,PAK,1963,1152.0,0.03354242076860725,20.7,5.350909816667207,54524471.0
6809,PAK,1964,1208.0,0.04746653723892358,19.7,5.669191029886582,55988385.0
6810,PAK,1965,1229.0,0.017234731071273934,20.0,5.6185876285929695,57494940.0
6811,PAK,1966,1294.0,0.05153736549481103,20.1,5.550242719287699,59046203.0
6812,PAK,1967,1307.0,0.00999623856337628,19.9,5.895228939227156,60641899.0
6813,PAK,1968,1361.0,0.04048528902724424,19.8,5.332718793265369,62282496.0
6814,PAK,1969,1411.0,0.036078949201348465,20.6,5.353278924622011,63969987.0
6815,PAK,1970,1517.0,0.07243602749571743,20.6,5.718014056902925,65705964.00000001
6816,PAK,1971,1484.0,-0.021993555621206085,20.3,5.284218442168535,67491369.0
6817,PAK,1972,1455.0,-0.019735244121732443,19.7,5.5801071132949795,69325921.0
6818,PAK,1973,1521.0,0.04436211265369927,20.3,5.722931293494962,71121085.0
6819,PAK,1974,1533.0,0.007858586612521812,20.0,5.304796332645746,72911780.0
6820,PAK,1975,1559.0,0.016817990185962195,19.7,5.871554250435424,74711541.0
6821,PAK,1976,1604.0,0.028455919368683524,20.0,5.949600343009283,76456121.0
6822,PAK,1977,1631.0,0.016692814194553485,20.7,5.672635745659364,78152686.0
6823,PAK,1978,1720.0,0.05313096718648502,20.3,5.8998973535824915,80051300.0
6824,PAK,1979,1733.0,0.007529719908107246,20.2,5.749392985908253,82374302.0
6825,PAK,1980,1851.0,0.06587202285789129,20.7,5.651084685655752,85219117.0
6826,PAK,1981,1924.0,0.03868031865215471,20.5,5.750347943803522,88417079.0
6827,PAK,1982,2002.0,0.039740328649513934,19.8,5.837147186723625,91465209.0
6828,PAK,1983,2077.0,0.03677786400094618,19.8,5.876895092364846,94154723.0
6829,PAK,1984,2106.0,0.013865868817808824,20.2,5.621125240975192,96501806.0
6830,PAK,1985,2230.0,0.05721117176024393,20.5,5.497987561676604,99076266.0
6831,PAK,1986,2302.0,0.03177672482766347,19.9,5.814428994743265,102065710.0
6832,PAK,1987,2364.0,0.02657678924416018,20.6,5.415211118019536,105208431.0
6833,PAK,1988,2442.0,0.03246227614466157,21.0,5.770194240175453,108407786.0
6834,PAK,1989,2487.0,0.01825978913275428,19.9,5.724565013838729,111528381.0
6835,PAK,1990,2531.0,0.017537316741719877,20.6,5.838313367613807,114606690.0
6836,PAK,1991,2644.574215569029,0.043895593688515255,20.2,5.500441550638171,117782050.0
6837,PAK,1992,2732.381621099054,0.03266354231650226,20.1,5.83305481036034,119973850.0
6838,PAK,1993,2777.332031983147,0.016317148601464382,20.7,5.442417710521793,122051820.0
6839,PAK,1994,2855.9061964784687,0.027898433398196865,20.5,5.93990806019358,124813100.0
6840,PAK,1995,2947.682626212989,0.031630111641363534,20.3,5.826884671790184,127886090.0
6841,PAK,1996,2979.808225508058,0.0108396333811287,20.2,5.801816214927566,131362549.99999999
6842,PAK,1997,2986.7055656454686,0.002312017855408577,19.8,5.82600010738045,134716840.0
6843,PAK,1998,3035.4517015776883,0.016189281824532387,20.8,5.616043560348194,138043660.0
6844,PAK,1999,3111.9585703627713,0.024892049091995716,21.2,5.406723240391823,141497130.0
6845,PAK,2000,3154.5115800695457,0.0135813824282085,21.0,5.336094730882067,145759030.0
6846,PAK,2001,3176.9467765872632,0.007086926630043067,21.1,5.462983988103271,150447740.0
6847,PAK,2002,3265.6866153770698,0.02754943387345854,21.2,5.333201768401539,154584560.0
6848,PAK,2003,3437.9918213428978,0.05141749176434196,20.7,5.900171288661591,158208720.0
6849,PAK,2004,3664.5334321270198,0.06381349552783533,21.4,5.493061443340548,161555540.0
6850,PAK,2005,3883.934514913529,0.058147666483023386,20.5,5.741720313996593,165074620.0
6851,PAK,2006,4062.666456993414,0.04499083077658561,21.1,5.879135362134062,168846150.0
6852,PAK,2007,4160.365169369131,0.02376333067339509,21.1,5.715381610499553,172882360.0
6853,PAK,2008,4224.404803717347,0.015275524506556337,21.0,5.772997543677674,176808990.0
6854,PAK,2009,4288.461819263837,0.015049742331710192,21.5,5.608372289851543,180689630.0
6855,PAK,2010,4354.266950826545,0.015228154203215993,21.5,5.970496240671785,184989000.0
6856,PAK,2011,4464.0,0.024888952518541174,21.1,5.733341276897746,189313830.0
6857,PAK,2012,4538.345659254035,0.016517328332469106,20.6,5.547518452181536,193569430.0
6858,PAK,2013,4638.161854593577,0.021755582310493793,21.2,5.807842144580979,197994080.0
6859,PAK,2014,4750.8781699193805,0.024011343114532124,20.8,5.502481951264444,202387190.0
6860,PAK,2015,4889.914999073702,0.02884544189668148,21.1,5.947251392431657,206716330.0
6861,PAK,2016,5030.835315005946,0.028411116192510022,21.7,5.623656430176916,210928540.0
6862,PAK,2017,5189.93690240922,0.031135502646256086,21.4,5.605434351638425,215275670.0
6863,PAK,2018,5299.070726267489,0.020809930946692035,21.7,5.23750522715128,219926580.0
6864,PAK,2019,5219.534107146035,-0.015123324111840475,20.9,5.888046587909494,224604370.0
6865,PAK,2020,5242.695082296415,0.004427548387006652,20.8,5.977619140285929,229276420.0
6866,PAK,2021,5463.774527616066,0.041304161545664186,21.5,5.4860409726309864,233941750.0
6867,PAK,2022,5531.7229733188515,0.012359479079499636,21.7,6.113239604033903,238413040.0
6868,PAN,1961,3462.0,0.07339720849712883,25.6,7.821603029205152,1181000.0
6869,PAN,1962,3647.0,0.05205845507252427,25.4,7.833045394653093,1216000.0
6870,PAN,1963,3877.0,0.06115674686224892,25.7,7.790365124487403,1251000.0
6871,PAN,1964,3929.0,0.013323281887531735,25.5,7.803843303538772,1288000.0
6872,PAN,1965,4151.0,0.05496432849457911,25.5,7.741359812237338,1326000.0
6873,PAN,1966,4331.0,0.04244919316158757,25.7,7.830783264508957,1365000.0
6874,PAN,1967,4559.0,0.05130483899881533,25.3,7.844005488595896,1405000.0
6875,PAN,1968,4752.0,0.041462280829039244,25.3,7.812337735724132,1447000.0
6876,PAN,1969,4976.0,0.04606077337653325,25.9,7.815368469662604,1489000.0
6877,PAN,1970,5131.0,0.030674216522950104,25.6,7.947572521139741,1531000.0
6878,PAN,1971,5471.0,0.06416084312186143,25.2,7.8642278004891235,1574000.0
6879,PAN,1972,5571.0,0.018113155956989146,25.7,7.821723315486647,1617000.0
6880,PAN,1973,5719.0,0.026219393894500342,25.7,7.922696061622631,1660000.0
6881,PAN,1974,5695.0,-0.004205368034032375,25.2,7.878458435694855,1707000.0
6882,PAN,1975,5649.0,-0.00811005855602076,25.0,7.954618028848163,1749000.0
6883,PAN,1976,5604.0,-0.007997909868365127,25.3,7.754438664904284,1792000.0
6884,PAN,1977,5512.0,-0.0165530947634025,25.6,7.738880202483985,1842000.0
6885,PAN,1978,5946.0,0.07579119086454789,25.7,7.80090020134898,1875000.0
6886,PAN,1979,6075.0,0.021463264650705582,25.7,7.845220246087699,1918000.0
6887,PAN,1980,6849.0,0.11992066698915771,25.9,7.804822415888533,1960000.0
6888,PAN,1981,7313.0,0.06555093007304436,25.6,7.943072717277933,1999000.0
6889,PAN,1982,7444.0,0.017754752491191184,25.7,7.785305182539862,2040000.0
6890,PAN,1983,7186.0,-0.03527365008867811,26.2,7.7778764100094415,2081000.0
6891,PAN,1984,7192.0,0.0008346084779926599,25.4,7.884086932941414,2123000.0
6892,PAN,1985,7404.0,0.02905109754193269,25.5,7.7884602831312835,2168000.0
6893,PAN,1986,7578.0,0.023228917885157685,25.6,7.823725959645366,2212000.0
6894,PAN,1987,7653.0,0.009848415231374474,26.1,7.849986624856646,2257000.0
6895,PAN,1988,6743.0,-0.12659279807533963,25.7,7.880464150761091,2302000.0
6896,PAN,1989,6715.0,-0.004161099777244104,25.6,7.815005266204143,2347000.0
6897,PAN,1990,7119.0,0.058423436146535224,26.0,7.843574090663838,2393000.0
6898,PAN,1991,7659.470068810521,0.07317553362018003,26.0,7.8041697808515,2441000.0
6899,PAN,1992,8148.631578366972,0.061907208918468015,26.0,7.753237205845362,2489000.0
6900,PAN,1993,8450.671662660901,0.03639591625523053,26.1,7.794246379617773,2538000.0
6901,PAN,1994,8549.647580230898,0.01164413849709689,25.9,7.789288920898287,2588000.0
6902,PAN,1995,8555.783356594811,0.0007174068457835858,26.0,7.820800750691262,2638000.0
6903,PAN,1996,8652.075758425297,0.011191793968890806,25.7,7.854458817264487,2690000.0
6904,PAN,1997,9054.722042605272,0.04548713007199012,26.1,7.812337735724132,2744000.0
6905,PAN,1998,9560.335446830137,0.054336420728903434,26.4,7.8235658956194145,2797000.0
6906,PAN,1999,9784.694118187648,0.023196525053952755,25.6,7.878458435694855,2848000.0
6907,PAN,2000,9898.787780608176,0.01159296315792524,25.6,7.836567291409964,2900000.0
6908,PAN,2001,9804.558814722486,-0.009564840552947373,25.9,7.837199128101204,2952000.0
6909,PAN,2002,9879.4543564848,0.007609820471058626,26.1,7.8433779391557845,3003000.0
6910,PAN,2003,10153.772014301005,0.027387980318037464,26.2,7.8630743978237705,3054000.0
6911,PAN,2004,10769.523182504083,0.05887495396392772,25.9,7.861110554993108,3104000.0
6912,PAN,2005,11389.243951547502,0.05594917954948109,26.0,7.816699088193238,3155000.0
6913,PAN,2006,12195.746842831204,0.06841787452754744,26.0,7.818108418189539,3206000.0
6914,PAN,2007,13492.382977769259,0.1010380308239931,25.9,7.881484385503557,3258000.0
6915,PAN,2008,14466.96734178384,0.06974263387528445,25.7,7.876638460975463,3310000.0
6916,PAN,2009,14515.766021072732,0.0033674343127767514,26.1,7.8268819856755005,3360000.0
6917,PAN,2010,15169.124712275998,0.044026722569000754,26.2,7.889646467940241,3411000.0
6918,PAN,2011,16762.0,0.09985232657839838,25.9,7.899858244217239,3460000.0
6919,PAN,2012,18051.0,0.0740866652296095,26.1,7.762808701385103,3510000.0
6920,PAN,2013,18979.0,0.0501320198484585,26.3,7.757350498418024,3559000.0
6921,PAN,2014,19855.0,0.04512275982843228,26.4,7.825684667524801,3608000.0
6922,PAN,2015,20723.0,0.042788329972134775,26.6,7.743486502997875,3657000.0
6923,PAN,2016,21445.12474748985,0.034253140486331546,26.6,7.766713464209047,3705000.0
6924,PAN,2017,22331.217072729334,0.04048823325386586,26.1,7.812701909155635,3753142.0
6925,PAN,2018,22843.750444334593,0.022692008105540395,26.0,7.868215994600766,3800644.0
6926,PAN,2019,23218.4307781181,0.01626881696991589,26.3,7.8468245977456315,3862031.8205267144
6927,PAN,2020,18840.739095054367,-0.20892489489384047,26.3,7.856087166401087,3918480.4750306997
6928,PAN,2021,21539.070766353063,0.13384703241119844,26.0,7.857364726049117,3970373.1982670925
6929,PAN,2022,23557.019553502487,0.08955531537238492,25.7,7.812985063496868,4022670.1429237826
6930,PER,1961,5008.0,0.056477382873685755,19.6,7.355832777894177,10217500.0
6931,PER,1962,5230.0,0.04337464427903548,19.6,7.325214831938669,10516500.0
6932,PER,1963,5314.0,0.015933569260790037,19.7,7.292201019866226,10825800.0
6933,PER,1964,5523.0,0.03857634358142903,19.3,7.319401246165382,11143500.0
6934,PER,1965,5729.0,0.03661980450739044,20.0,7.382124365737512,11467300.0
6935,PER,1966,6038.0,0.052531835858205866,19.6,7.286054719017532,11796400.0
6936,PER,1967,6107.0,0.011362822956350271,19.3,7.365749584102142,12132200.0
6937,PER,1968,5874.0,-0.03889982146456994,19.3,7.309480067474579,12476000.0
6938,PER,1969,5859.0,-0.0025568922137768624,20.2,7.27814573380681,12829100.0
6939,PER,1970,6143.0,0.04733428161913977,19.5,7.43141815154962,13192800.0
6940,PER,1971,6242.0,0.015987421666796564,19.1,7.35461821578623,13568300.0
6941,PER,1972,6264.0,0.003518314839915604,20.1,7.462559509920338,13954700.0
6942,PER,1973,6413.0,0.023508221478223845,19.3,7.505162187261247,14350300.0
6943,PER,1974,6566.0,0.023577638912673393,18.8,7.367203394288356,14753100.0
6944,PER,1975,6896.0,0.049036714281992744,18.9,7.476529004702325,15161199.0
6945,PER,1976,6808.0,-0.012843142090320114,19.4,7.391600174416353,15573199.0
6946,PER,1977,6626.0,-0.02709708739336847,19.5,7.412643310081374,15990099.0
6947,PER,1978,6454.0,-0.026301210247934748,19.3,7.296209858256895,16414399.000000002
6948,PER,1979,6664.0,0.03201981123477182,19.6,7.1785454837637,16848699.0
6949,PER,1980,6795.0,0.019467142738566423,19.7,7.295870748755188,17295298.0
6950,PER,1981,6921.0,0.018373220256618694,19.3,7.449730671740344,17754798.0
6951,PER,1982,6770.0,-0.0220591809355426,19.8,7.415837142077065,18173000.0
6952,PER,1983,5729.0,-0.16696009149774227,20.4,7.288381097076656,18591000.0
6953,PER,1984,5859.0,0.022437945136209336,19.4,7.337522679613266,19011000.0
6954,PER,1985,5844.0,-0.0025634466741983886,19.2,7.084226422097916,19432000.0
6955,PER,1986,6290.0,0.0735455768238964,19.4,7.321519189904997,19855000.0
6956,PER,1987,6682.0,0.060456273222216694,20.2,7.249428254002522,20280000.0
6957,PER,1988,6003.0,-0.10715799966486017,19.5,7.181135566723058,20710000.0
6958,PER,1989,5160.0,-0.15132276477623385,19.3,7.264590210122234,21151000.0
6959,PER,1990,4795.0,-0.07336287115806961,19.5,7.303708626717706,21600000.0
6960,PER,1991,4812.211783683929,0.003583100380438964,19.7,7.17096533950943,22540280.0
6961,PER,1992,4698.483047665015,-0.023917107912650337,20.0,7.2094881746565775,23517240.0
6962,PER,1993,4857.021153915113,0.03318561789684793,19.8,7.379756910890546,18966650.0
6963,PER,1994,5361.422622433439,0.09880403579954411,19.8,7.368339686311381,19306390.0
6964,PER,1995,5668.032852865704,0.05561276351277833,19.8,7.223514474005809,19642370.0
6965,PER,1996,5739.790044365207,0.01258051401341298,19.2,7.304986582163198,19976270.0
6966,PER,1997,6027.816438107846,0.04896219673331892,20.3,7.335177554442343,20308830.0
6967,PER,1998,5926.7329222811695,-0.016911708166388095,20.5,7.298445101508147,20638130.0
6968,PER,1999,5945.195331123355,0.003110265380904309,19.4,7.441203080784407,20962980.0
6969,PER,2000,6038.244426976612,0.015529925938624345,19.5,7.392216393316799,21291220.0
6970,PER,2001,6010.225032486101,-0.004651121056754803,19.5,7.429876862489979,21630640.0
6971,PER,2002,6274.418486889141,0.04301861845601884,19.8,7.40098703434708,21979900.0
6972,PER,2003,6472.340881281997,0.031057039218669757,19.8,7.4416136018587,22338700.0
6973,PER,2004,6731.004687316251,0.0391865688755626,19.9,7.43384382941404,22706950.0
6974,PER,2005,7091.133296825651,0.052120754768733235,19.7,7.304246912291193,23055480.0
6975,PER,2006,7560.897175590482,0.0641446849956786,19.9,7.465540821611406,23380200.0
6976,PER,2007,8138.364968767314,0.07359943888067555,19.3,7.403609386817982,23707790.0
6977,PER,2008,8812.618181733798,0.07959528269084437,19.5,7.396641995229374,23944040.0
6978,PER,2009,8836.016607564105,0.0026515863486338276,19.9,7.406467834864325,24086700.0
6979,PER,2010,9507.7801294655,0.07327425934698972,19.8,7.215313505438708,24227870.0
6980,PER,2011,10044.0,0.054865016858054005,19.6,7.3555132992805525,24363990.0
6981,PER,2012,10605.588696987215,0.054405656447677586,19.8,7.27807668495472,24490600.0
6982,PER,2013,11173.43797592101,0.05215825454562584,19.4,7.340835554123275,24606540.0
6983,PER,2014,11389.862201766016,0.019184326920443695,19.8,7.325807502595773,24713970.0
6984,PER,2015,11713.570189017371,0.028024335708961345,20.4,7.328043315981939,24812480.0
6985,PER,2016,12132.03511095255,0.03510146898195465,20.3,7.283173465738004,24903640.0
6986,PER,2017,12390.033317724596,0.02104290081932092,20.0,7.414452392164348,24999330.0
6987,PER,2018,12677.874570671223,0.02296592963032751,19.7,7.336285660021297,25403390.0
6988,PER,2019,12680.353829006035,0.00019553876584943453,19.8,7.429164696287772,25965570.0
6989,PER,2020,11136.991090246232,-0.12978175471866393,20.0,7.1375168825979225,26307710.0
6990,PER,2021,12550.460889975755,0.11948529080749282,19.8,7.29015644749175,26508320.0
6991,PER,2022,12762.966819894918,0.016790371082347377,19.6,7.089576710734409,26771020.0
6992,PHL,1961,2410.0,0.023935637757338313,26.0,7.788418833213141,29410457.0
6993,PHL,1962,2450.0,0.016461277054071743,25.8,7.88570539124302,30325264.0
6994,PHL,1963,2542.0,0.036863148210627195,25.7,7.706972723269149,31273198.0
6995,PHL,1964,2550.0,0.003142186403072067,26.0,7.906694551166181,32254350.0
6996,PHL,1965,2603.0,0.02057126684209365,25.9,7.810068782925433,33267569.000000004
6997,PHL,1966,2636.0,0.012597990627832623,26.3,7.835421068877797,34304274.0
6998,PHL,1967,2694.0,0.0217644613479111,25.8,7.756409362140481,35356600.0
6999,PHL,1968,2745.0,0.018753996973321918,25.9,7.591155108087202,36424438.0
7000,PHL,1969,2789.0,0.015902033683858008,26.2,7.602251549111378,37506719.0
7001,PHL,1970,2812.0,0.008212865303066863,26.3,7.856977759091266,38603696.0
7002,PHL,1971,2882.0,0.024588523628911396,25.7,7.984803389734406,39718094.0
7003,PHL,1972,2954.0,0.024675686531858254,26.0,7.822164241438274,40850141.0
7004,PHL,1973,3131.0,0.05819225823508045,26.3,7.805026277019038,41998117.0
7005,PHL,1974,3154.0,0.007319046196577972,26.0,7.8667989399219405,43162098.0
7006,PHL,1975,3241.0,0.027210435618563622,26.0,7.827559830156089,44336842.0
7007,PHL,1976,3430.0,0.05667833701843783,25.9,7.770982729913683,45574350.0
7008,PHL,1977,3524.0,0.02703644689608531,26.2,7.709308333385869,46850962.0
7009,PHL,1978,3606.0,0.023002416707191387,26.2,7.745219230310321,48171780.0
7010,PHL,1979,3703.0,0.026544177150350734,26.3,7.675685203985768,49537371.0
7011,PHL,1980,3787.0,0.02243084698818265,26.4,7.820881007513136,50940182.0
7012,PHL,1981,3819.0,0.008414459323720536,26.0,7.712533275713268,52227598.0
7013,PHL,1982,3859.0,0.010419474312103105,26.2,7.6706150719533825,53557177.0
7014,PHL,1983,3837.0,-0.005717271290667014,26.5,7.6327886484044045,54885412.0
7015,PHL,1984,3469.0,-0.10082444327720275,26.3,7.8847271016665585,56257879.0
7016,PHL,1985,3135.0,-0.1012371939027279,26.4,7.845102753381902,57705685.0
7017,PHL,1986,3161.0,0.008259259148596598,26.3,7.888522030040657,59185949.0
7018,PHL,1987,3218.0,0.01787161533671089,26.8,7.585382647884045,60648112.0
7019,PHL,1988,3355.0,0.0416917218534536,26.7,7.8543035980169895,62080710.0
7020,PHL,1989,3481.0,0.03686783840565688,26.3,7.860377940103683,63554672.0
7021,PHL,1990,3502.0,0.006014625034357124,26.6,7.790902792263038,65087720.0
7022,PHL,1991,3432.582750874769,-0.020021267446262314,26.6,7.618447638757831,66549410.0
7023,PHL,1992,3399.242617959663,-0.009760319033475184,26.4,7.55260467413433,67929790.0
7024,PHL,1993,3427.1294302854944,0.008170362605545378,26.5,7.741663902250325,69347840.0
7025,PHL,1994,3529.007334686565,0.029293613105179972,26.6,7.719662795262925,70860010.0
7026,PHL,1995,3637.6255613143517,0.030314527381603895,26.5,7.899042159892698,72503970.0
7027,PHL,1996,3790.7787888230337,0.04124033268647764,26.4,7.844123110285471,74238790.0
7028,PHL,1997,3928.014381430732,0.03556256858315798,26.5,7.615446184982923,75956950.0
7029,PHL,1998,3852.632743171977,-0.0193773077556596,27.1,7.6930713470134595,77636640.0
7030,PHL,1999,3917.0886431100816,0.016591940794841165,26.5,8.093523378653227,79345750.0
7031,PHL,2000,4033.5608918822336,0.029300897032932482,26.7,8.023454091373745,81131210.0
7032,PHL,2001,4090.2183289935147,0.013948767983993804,26.7,7.950396683711585,83022560.0
7033,PHL,2002,4181.375748205981,0.02204196894953725,26.6,7.772752716468742,84875550.0
7034,PHL,2003,4333.213811692893,0.03566916774448181,26.5,7.836843769086153,86696970.0
7035,PHL,2004,4562.502675564325,0.0515618188374809,26.6,7.7651449029361315,88568100.0
7036,PHL,2005,4721.000727072252,0.03414949023874492,26.7,7.823325751531809,90418140.0
7037,PHL,2006,4908.616862332096,0.038971408450457545,26.7,7.839289240268986,92253000.0
7038,PHL,2007,5172.661871018685,0.05239522066723623,26.7,7.89632946244131,94098390.0
7039,PHL,2008,5328.682449645144,0.029716587741525302,26.4,8.039350920132263,95922800.0
7040,PHL,2009,5338.306243301913,0.0018044073252454496,26.4,7.9217895911749485,97627160.0
7041,PHL,2010,5694.046728858069,0.06451277574935688,26.6,7.829948556508906,99316850.0
7042,PHL,2011,5851.0,0.027191391300037893,26.4,8.087916832204535,100998650.0
7043,PHL,2012,6155.8294933463385,0.05078693114990074,26.7,7.976835765044209,102618250.0
7044,PHL,2013,6465.517991009674,0.04908361341081502,26.7,7.89577114630822,104298920.0
7045,PHL,2014,6760.762822589173,0.04465259589998105,26.6,7.825564856825562,106075910.0
7046,PHL,2015,7070.475789002368,0.04479204726594688,26.8,7.758760544157663,107868130.0
7047,PHL,2016,7463.518188004978,0.054099135482488236,27.2,7.8003269242357,109492990.0
7048,PHL,2017,7865.814871472137,0.05249922843547239,26.7,8.048979958454122,111093800.0
7049,PHL,2018,8234.928093332479,0.04585849330501368,26.9,7.918301088781796,112842960.0
7050,PHL,2019,8602.145534202311,0.04362702110980443,27.0,7.743833288731118,114635900.0
7051,PHL,2020,7624.413564948383,-0.12065624284470111,27.1,7.825484975050546,117026220.0
7052,PHL,2021,7894.1779524459735,0.03477010971289829,27.0,7.91939255363584,119473070.0
7053,PHL,2022,8370.666118920128,0.05860794570139305,27.0,8.008565151193734,121234200.0
7054,POL,1961,5461.0,0.06350139814554367,8.5,6.377576926700331,29978949.0
7055,POL,1962,5325.0,-0.025219211574526668,7.0,6.429558174707874,30329617.0
7056,POL,1963,5582.0,0.04713442351864039,6.9,6.292494637079263,30662122.0
7057,POL,1964,5773.0,0.0336447409646663,7.4,6.284507225801859,30975520.0
7058,POL,1965,6036.0,0.04454966482680689,6.8,6.442699389460335,31262358.0
7059,POL,1966,6362.0,0.05260125242134883,8.0,6.569481420414296,31532016.0
7060,POL,1967,6540.0,0.027594372142155876,8.6,6.531751881023592,31785378.0
7061,POL,1968,6881.0,0.05082682475123512,7.8,6.4434951243634675,32034813.0
7062,POL,1969,6760.0,-0.017741100165469703,6.8,6.203142620312914,32280848.0
7063,POL,1970,7058.0,0.04313883519820472,7.1,6.601909235902685,32526000.0
7064,POL,1971,7503.0,0.06114121531051353,8.1,6.259772650376566,32777809.999999996
7065,POL,1972,7986.0,0.0623870680774381,7.8,6.40704498895724,33039545.0
7066,POL,1973,8512.0,0.06378692395825958,7.9,6.328293862826008,33331131.0
7067,POL,1974,8928.0,0.04771547303966628,8.3,6.605839046502531,33642890.0
7068,POL,1975,9258.0,0.036295636970123724,8.9,6.286742696181391,33969240.0
7069,POL,1976,9397.0,0.014902446791849044,7.2,6.272688309498716,34299428.0
7070,POL,1977,9483.0,0.009110232500662008,8.0,6.472964341492144,34621254.0
7071,POL,1978,9741.0,0.026843059887228904,7.1,6.44778118537358,34929072.0
7072,POL,1979,9471.0,-0.02810928354485398,7.3,6.376046444299722,35256645.0
7073,POL,1980,9149.0,-0.0345899145465669,6.6,6.516488890273786,35578016.0
7074,POL,1981,8584.0,-0.06374457836900049,7.8,6.5297107664499645,35901961.0
7075,POL,1982,8429.0,-0.01822186431305184,8.3,6.08541015995051,36227381.0
7076,POL,1983,8764.0,0.038974280717873455,8.9,6.291939441358515,36571418.0
7077,POL,1984,9006.0,0.027238600146160863,7.8,6.283947576500805,36904134.0
7078,POL,1985,9022.0,0.0017750171068247056,6.7,6.445243515494697,37225792.0
7079,POL,1986,9240.0,0.02387584666738718,7.5,6.3473892096560105,37504275.0
7080,POL,1987,9059.0,-0.019783146966441123,6.6,6.412310757254448,37740710.0
7081,POL,1988,9228.0,0.01848360162435725,8.2,6.380969635637417,37866840.0
7082,POL,1989,9060.0,-0.01837322025662047,9.1,6.207382053330452,37970155.0
7083,POL,1990,8150.0,-0.10585119280211686,9.1,6.32936433572038,38119408.0
7084,POL,1991,7625.84268658559,-0.0664750945922492,8.1,6.248429646897702,38197590.0
7085,POL,1992,7873.9249022208405,0.03201382237851469,8.8,6.267959273919186,38261740.0
7086,POL,1993,8229.529071554278,0.04417213705945322,7.8,6.363717521010033,38309850.0
7087,POL,1994,8721.827380289787,0.05809998582719622,8.8,6.398262100449925,38340920.0
7088,POL,1995,9408.274536717501,0.07576079400353564,8.2,6.335586024975094,38363470.0
7089,POL,1996,10066.171033531757,0.06759082749177914,6.6,6.296372400224832,38377510.0
7090,POL,1997,10811.274224041745,0.07140909984790866,7.9,6.418038618426381,38380510.0
7091,POL,1998,11413.25589938339,0.05418597879686615,8.3,6.516340994096632,38372490.0
7092,POL,1999,12058.419766451196,0.05498767367375912,8.9,6.401419560488998,38358460.0
7093,POL,2000,12732.166764174506,0.05436845562897474,9.5,6.408199247474377,38344430.0
7094,POL,2001,13017.584250694907,0.02216947077569209,8.3,6.536691597591305,38339420.0
7095,POL,2002,13415.5709344415,0.030114964234506658,9.1,6.415424237852311,38320370.0
7096,POL,2003,14035.636389115969,0.045183509415080536,8.4,6.186620061882023,38283290.0
7097,POL,2004,14906.09421678974,0.060170585374956786,8.3,6.391749595174604,38268250.0
7098,POL,2005,15580.93671792739,0.044278024568422225,8.2,6.323821183395508,38249210.0
7099,POL,2006,16711.447988068474,0.07004583109964635,8.6,6.295081482572068,38220140.0
7100,POL,2007,18067.42798412524,0.07801676539556546,9.3,6.49767955831629,38204110.0
7101,POL,2008,19011.546091905482,0.050935725413499,9.4,6.387720716130836,38204110.0
7102,POL,2009,19718.464438679377,0.03650899427559651,8.7,6.499937405290376,38571950.0
7103,POL,2010,20608.69309473939,0.044157503749520544,7.6,6.65260493153284,38606030.0
7104,POL,2011,21837.0,0.05789279713323481,8.9,6.292679633842347,38615050.0
7105,POL,2012,22169.82560164373,0.015126378380948324,8.6,6.4007556600496756,38623070.0
7106,POL,2013,22378.30419480347,0.009359769583850763,8.6,6.4577111274760055,38591000.0
7107,POL,2014,23247.8180652457,0.03811935420436363,9.8,6.421622267806518,38572960.0
7108,POL,2015,24285.1415102141,0.04365342186989096,9.8,6.23166185298802,38543890.0
7109,POL,2016,25020.620325784213,0.02983559508494693,9.3,6.491026978595262,38515830.0
7110,POL,2017,26310.11373000858,0.050253119805946156,9.1,6.583824073855235,38510810.0
7111,POL,2018,27880.835095239196,0.05798612091039068,9.9,6.2136075980886085,38501790.0
7112,POL,2019,29142.024249741866,0.04424172607020793,10.2,6.275138598162224,38474730.0
7113,POL,2020,28577.141385891355,-0.019574118702893273,10.1,6.424869023905388,38442660.0
7114,POL,2021,30687.66286250352,0.07125356665719806,8.7,6.455827296463632,38250210.0
7115,POL,2022,32468.40269329398,0.0564066789277895,9.7,6.284320710833492,37914440.0
7116,PRK,1990,2455.8185769482334,0.702515340680705,7.3,7.1612340300924195,20451000.0
7117,PRK,1991,2315.958868695438,-0.05863633831326709,6.6,6.745118695504581,20813000.0
7118,PRK,1992,2120.546124627793,-0.08815013845669473,6.8,6.847049403864742,21182000.0
7119,PRK,1993,1996.2933404759053,-0.06038153020832748,6.4,6.762960694078903,21563000.0
7120,PRK,1994,1925.956032988804,-0.035869646289053314,7.5,6.869637956869009,21852000.0
7121,PRK,1995,1816.0090099400354,-0.058781243380811254,6.8,7.0269595264606135,22107000.0
7122,PRK,1996,1733.0995057492387,-0.04672981429742595,6.5,6.868182503862314,22324000.0
7123,PRK,1997,1604.8995267445302,-0.07685027282675527,7.1,6.700608100752526,22443000.0
7124,PRK,1998,1579.9309296418764,-0.01568002379654132,7.9,7.019743780930185,22483000.0
7125,PRK,1999,1664.6421502877936,0.05222904491390157,7.2,6.8679744089702925,22594000.0
7126,PRK,2000,1657.1444357722455,-0.004514273902961996,6.8,6.78083058540847,22785000.0
7127,PRK,2001,1704.3732616171671,0.02810155298620387,7.0,6.774452431667717,22977000.0
7128,PRK,2002,1710.9495720157613,0.003851066998087127,7.3,6.8160784904102325,23165000.0
7129,PRK,2003,1729.6220787206848,0.01085441137709342,7.2,6.97166860472579,23330000.0
7130,PRK,2004,1753.6919336925446,0.013820309049721757,7.6,6.994574970934697,23477000.0
7131,PRK,2005,1808.0618257976382,0.030532214981018768,6.7,6.987951820976414,23621000.0
7132,PRK,2006,1778.4956591552389,-0.016487585400095206,7.1,6.893554929580995,23764000.0
7133,PRK,2007,1746.9275624945565,-0.017909305318793756,7.7,7.002792694316889,23908000.0
7134,PRK,2008,1794.6573716776575,0.0269555580812888,7.4,6.74829050433111,24051000.0
7135,PRK,2009,1768.889749799751,-0.014462034656521183,6.9,6.836796190041643,24191000.0
7136,PRK,2010,1751.4362816113617,-0.009915906107591965,6.7,7.132098110871829,24326000.0
7137,PRK,2011,1756.6108066887382,0.0029500908625053057,6.6,6.863907879201861,24457000.0
7138,PRK,2012,1770.920941542846,0.008113442699285933,6.4,7.086403430409783,24589000.0
7139,PRK,2013,1781.3008453449445,0.005844192152548722,6.8,7.048994390674862,24720000.0
7140,PRK,2014,1791.3436400976298,0.0056220658092343,7.3,6.632660322035828,24852000.0
7141,PRK,2015,1762.5166753384246,-0.01622325834726901,7.6,6.708450317147769,24983000.0
7142,PRK,2016,1821.212087906053,0.03275954494237254,7.6,6.885202874511625,25115000.0
7143,PRK,2017,1749.0595279869337,-0.04042403088819402,7.4,6.717078917805429,25248140.0
7144,PRK,2018,1668.5445737640475,-0.047126497174105,7.4,6.846411648741085,25381085.0
7145,PRK,2019,1666.8143771736584,-0.001037487581418084,7.9,6.729824070489475,25497201.102182202
7146,PRK,2020,1584.377085405004,-0.05072292211460727,7.6,7.090576710817743,25608103.91851212
7147,PRK,2021,1577.132110470986,-0.004583246271041119,8.0,6.949472872334005,25711498.076983146
7148,PRK,2022,1568.8469895998494,-0.005267129730907705,7.6,7.107589260860723,25808028.209628623
7149,PRT,1961,4972.0,0.05370972729918044,16.8,6.5489351786970165,9031200.0
7150,PRT,1962,5308.0,0.06539294282149655,16.05,6.51789281410138,9019800.0
7151,PRT,1963,5585.0,0.05086931605120171,15.75,6.999924166453514,9081600.0
7152,PRT,1964,5926.0,0.05926501663021,16.15,6.503164788284634,9122500.0
7153,PRT,1965,6363.0,0.07115051509928172,15.850000000000001,6.793970489675517,9128850.0
7154,PRT,1966,6637.0,0.042160089913132026,16.05,6.805057880743794,9108800.0
7155,PRT,1967,7143.0,0.07347280200904827,15.8,6.5270071734108095,9103000.0
7156,PRT,1968,7767.0,0.0837511332646752,15.899999999999999,6.70594504560432,9115050.0
7157,PRT,1969,7949.0,0.023162145153465374,15.65,6.886582713749336,9097200.0
7158,PRT,1970,8724.0,0.09303171374840602,15.950000000000001,6.792063804485945,9044200.0
7159,PRT,1971,9358.0,0.07015374410464226,15.399999999999999,6.465833633863357,8990450.0
7160,PRT,1972,10130.0,0.07926972581656777,15.100000000000001,6.880743729735287,8970450.0
7161,PRT,1973,11258.0,0.1055776687812422,15.7,6.472964341492144,8975950.0
7162,PRT,1974,11234.0,-0.0021340929315929458,15.600000000000001,6.39634615167773,9098300.0
7163,PRT,1975,10388.0,-0.07829360030974009,15.75,6.558197802812269,9411090.0
7164,PRT,1976,10861.0,0.04452709749739725,15.75,6.686672103634846,9621970.0
7165,PRT,1977,11422.0,0.050362928944773344,15.899999999999999,6.7875630936537314,9662600.0
7166,PRT,1978,11700.0,0.024047521561039176,16.049999999999997,6.761862078801734,9698780.0
7167,PRT,1979,12326.0,0.052122010736340485,15.95,6.765903654741896,9724560.0
7168,PRT,1980,12822.0,0.039451593025013665,16.1,6.419994928147142,9777800.0
7169,PRT,1981,12934.0,0.008697057459336577,16.35,6.353935163643291,9850079.0
7170,PRT,1982,13198.0,0.020205799936828583,16.1,6.321936676174716,9859650.0
7171,PRT,1983,13158.0,-0.003035364297424792,16.35,6.608675161577986,9872243.0
7172,PRT,1984,12894.0,-0.02026785177537782,15.8,6.764115828780526,9885387.0
7173,PRT,1985,13240.0,0.02648046362043388,16.4,6.840225622188537,9897192.0
7174,PRT,1986,13774.0,0.0395402066136441,15.95,6.403905268952571,9907411.0
7175,PRT,1987,14641.0,0.06104305508883989,16.75,6.918200536843676,9915289.0
7176,PRT,1988,15729.0,0.07168033004716001,16.3,6.609281855452135,9920611.0
7177,PRT,1989,16533.0,0.04985224131070254,16.95,6.910351904829403,9923147.0
7178,PRT,1990,17256.0,0.04280152551764793,16.75,6.621605365508433,9922689.0
7179,PRT,1991,17949.808301173023,0.03941952619001654,16.2,6.621339071651589,9894620.0
7180,PRT,1992,18598.528110745836,0.035503008480167964,16.25,6.27673746988774,9890640.0
7181,PRT,1993,18519.933184056696,-0.004234822317831899,15.7,6.5151570365807965,9901660.0
7182,PRT,1994,18819.02641793187,0.01602078013293884,16.5,6.326417773474197,9925490.0
7183,PRT,1995,19262.030321388447,0.023267415721056395,17.2,6.583132558718074,9953680.0
7184,PRT,1996,19939.31129143236,0.03455740759848247,16.45,7.038608087400899,9991110.0
7185,PRT,1997,20810.178605354424,0.042748998146628026,17.15,6.84609261859003,10035880.0
7186,PRT,1998,21782.118696572663,0.04564716689666248,16.950000000000003,6.449522105335317,10086710.0
7187,PRT,1999,22589.92161795095,0.036414470771360286,16.55,6.552436557814545,10143900.0
7188,PRT,2000,23372.040142230104,0.034036581519467646,16.55,6.73268735089949,10215470.0
7189,PRT,2001,23751.37172554714,0.016099843452124674,16.9,6.7339969528486705,10287750.0
7190,PRT,2002,23896.45964001251,0.006090030069824337,16.75,6.720340775122173,10344240.0
7191,PRT,2003,23677.518852435078,-0.0092042894126525,17.0,6.756932389247553,10383150.0
7192,PRT,2004,24142.76657092593,0.01945878802551171,16.8,6.315177153343887,10408070.0
7193,PRT,2005,24377.949873274138,0.009694215642930715,16.6,6.452600852586607,10427330.0
7194,PRT,2006,24809.039589187923,0.017529056317593827,17.05,6.708023031928389,10446190.0
7195,PRT,2007,25477.205995874305,0.026576083577296572,16.6,6.395261598115449,10466740.0
7196,PRT,2008,25590.88043553619,0.004451885134171718,16.700000000000003,6.657368991274053,10481830.0
7197,PRT,2009,24902.45692035445,-0.02726958492947773,17.2,6.71319918451984,10491760.0
7198,PRT,2010,25463.163102150593,0.022266353414112316,17.1,7.092449019921148,10496630.0
7199,PRT,2011,25133.0,-0.013051099858857995,17.05,6.653250051224913,10481240.0
7200,PRT,2012,24211.437538256683,-0.03735657660022085,16.9,6.502939959715469,10438750.0
7201,PRT,2013,24119.960836086902,-0.0037853989116509723,16.75,6.65486103201602,10381660.0
7202,PRT,2014,24442.386247150665,0.013279018344498184,17.1,6.72898740038748,10325870.0
7203,PRT,2015,24983.702146500676,0.021904931648798254,17.15,6.239203145277572,10283180.0
7204,PRT,2016,25568.694824878698,0.023145046641090516,17.2,6.795482036499351,10250820.0
7205,PRT,2017,26529.98675137185,0.036906923985732476,17.6,6.366642254277689,10225800.0
7206,PRT,2018,27329.690374204638,0.029698001954566067,16.65,6.751919847424009,10209420.0
7207,PRT,2019,28056.056109858426,0.026230842038348356,17.1,6.246300545154681,10211900.0
7208,PRT,2020,25700.28384167499,-0.08770247649620799,17.5,6.604485683188642,10222620.0
7209,PRT,2021,27138.478461994975,0.054450554007155816,17.1,6.6806037062703885,10213590.0
7210,PRT,2022,28992.058292173202,0.06606935021764926,17.8,6.638960382248839,10199790.0
7211,PRY,1961,2396.0,0.021088930021919694,24.7,7.143222579985179,1959034.0
7212,PRY,1962,2499.0,0.04208997159961214,23.5,6.855408798609928,2009813.0
7213,PRY,1963,2504.0,0.0019988013850369413,24.9,6.9957661563048505,2061907.0000000002
7214,PRY,1964,2546.0,0.01663404689736314,23.7,6.98072689143796,2115353.0
7215,PRY,1965,2624.0,0.030176370946627173,24.0,7.271217139609844,2170183.0
7216,PRY,1966,2584.0,-0.015361285161486826,24.0,6.988597666826238,2228306.0
7217,PRY,1967,2676.0,0.03498455634562614,24.2,6.864952156656828,2287985.0
7218,PRY,1968,2699.0,0.008558191769886037,23.8,6.958828549166138,2349262.0
7219,PRY,1969,2730.0,0.011420275161000859,23.8,7.112001393191883,2412181.0
7220,PRY,1970,2825.0,0.03420675540153528,23.9,6.95129358099662,2476785.0
7221,PRY,1971,2906.0,0.028269200549686957,23.1,7.109389146808464,2544518.0
7222,PRY,1972,3017.0,0.03748539502883386,23.8,7.080110671464242,2614104.0
7223,PRY,1973,3150.0,0.04313949266061634,23.5,7.116799905916845,2693000.0
7224,PRY,1974,3319.0,0.052261079900295826,23.3,7.059273926621047,2774000.0
7225,PRY,1975,3464.0,0.04276045796235195,23.3,7.082128665926917,2852000.0
7226,PRY,1976,3629.0,0.046533137530744284,23.0,6.984994059322939,2922000.0
7227,PRY,1977,3945.0,0.0834918260669042,24.3,6.995857727203683,2987000.0
7228,PRY,1978,4302.0,0.0866310765477003,24.0,6.798944373123957,3054000.0
7229,PRY,1979,4693.0,0.08699200596674217,23.5,7.118259286749883,3122000.0
7230,PRY,1980,5113.0,0.0857142792855825,23.8,6.9673440703937946,3196000.0
7231,PRY,1981,5424.0,0.059047234540232196,23.8,6.9111495120501525,3279000.0
7232,PRY,1982,5230.0,-0.0364222725612624,23.9,7.19975302550152,3370000.0
7233,PRY,1983,4935.0,-0.05805860519138761,23.2,7.317477977342943,3467000.0
7234,PRY,1984,4945.0,0.0020242921892315024,23.6,7.1597583589769,3568000.0
7235,PRY,1985,4994.0,0.009860226782905102,24.1,6.930005887916956,3673000.0
7236,PRY,1986,4854.0,-0.028434084553170536,24.3,7.207637624515236,3781000.0
7237,PRY,1987,4919.0,0.013302150508792465,23.3,7.183870715062453,3893000.0
7238,PRY,1988,5082.0,0.03259962708476927,23.3,6.870364889763578,4007000.0
7239,PRY,1989,5222.0,0.027175585378964584,23.4,7.089826804520882,4124000.0
7240,PRY,1990,5230.0,0.0015308077998952285,23.5,7.212957965151907,4244000.0
7241,PRY,1991,5224.29964823441,-0.0010905278253598993,24.1,7.057639728519429,4367110.0
7242,PRY,1992,5186.563954119006,-0.007249323555845066,23.3,7.324951309966,4491940.0
7243,PRY,1993,5270.899491641785,0.016129602819164646,23.7,6.935662232235145,4618320.0
7244,PRY,1994,5305.500600004414,0.006543101907730886,24.5,7.049688774870804,4746180.0
7245,PRY,1995,5463.622803755436,0.029367955475422036,23.8,6.978679617318836,4875430.0
7246,PRY,1996,5360.743303438505,-0.019009445415218096,23.4,7.202214335712942,5005930.0
7247,PRY,1997,5399.425768816535,0.0071899673250488405,24.4,7.234970515769245,5133380.0
7248,PRY,1998,5321.919255014399,-0.014458608292514441,23.4,7.284409305236182,5253410.0
7249,PRY,1999,5150.408535771523,-0.03275796165158695,23.6,6.897704943128636,5365670.0
7250,PRY,2000,4896.429548054788,-0.05056976301377958,23.5,7.116799905916845,5473210.0
7251,PRY,2001,4918.045924705952,0.0044050059863049995,24.4,7.005698353312101,5579170.0
7252,PRY,2002,5571.427457826614,0.1247400153608389,24.2,7.098706162474146,5683440.0
7253,PRY,2003,5726.990011574312,0.027538792119274902,24.0,7.114850745874739,5785840.0
7254,PRY,2004,5876.660274280204,0.025798530667566766,23.7,7.093985852272807,5886180.0
7255,PRY,2005,5922.7908497059425,0.007819145140281591,23.8,6.957592513829309,5984270.0
7256,PRY,2006,6128.642431612889,0.03416549726524387,24.3,7.080783788864499,6079900.0
7257,PRY,2007,6383.485205573556,0.040740956281972274,23.7,7.028201432058005,6173120.0
7258,PRY,2008,6713.030207716694,0.05033622615842681,23.8,7.007329083878229,6264030.0
7259,PRY,2009,6376.941542522253,-0.05136184446321934,24.0,7.107589260860723,6352420.0
7260,PRY,2010,7139.026843533729,0.11288787027185876,23.5,7.076146930242594,6438090.0
7261,PRY,2011,7377.0,0.03279058126372192,23.8,7.084645445778885,6522070.0
7262,PRY,2012,7232.376097145511,-0.019799425581307872,24.5,7.062020237993567,6605390.0
7263,PRY,2013,7735.564733585137,0.0672608651987403,23.7,7.047864986966783,6687870.0
7264,PRY,2014,8047.593473162891,0.03954460778400026,24.6,7.24829067833772,6769340.0
7265,PRY,2015,8188.403618735497,0.01734586121501458,24.6,7.290906609493717,6849660.0
7266,PRY,2016,8438.709446905918,0.030110427263089434,23.6,7.175566221791506,6930160.0
7267,PRY,2017,8741.24486477908,0.03522322478420392,24.5,7.133615137790575,7012110.0
7268,PRY,2018,8915.668486218812,0.01975762037085005,23.9,7.159058596090203,7095200.0
7269,PRY,2019,8776.075922181637,-0.015780858886659033,24.4,7.0428978729244305,7179080.0
7270,PRY,2020,8603.078968662478,-0.01990921525244893,24.6,6.850761557462016,7263390.0
7271,PRY,2021,8845.659158428356,0.027806689319271882,24.1,6.902843234621116,7347970.0
7272,PRY,2022,8762.771473614272,-0.009414614939201371,23.9,6.9043494858473045,7432310.0
7273,QAT,1961,48516.0,-0.07508360998255448,26.7,4.428433007488037,49193.0
7274,QAT,1962,46304.0,-0.04666528999756103,27.6,2.4932054526026954,53538.0
7275,QAT,1963,44912.0,-0.030523330829545614,27.3,3.8044377947482086,58825.0
7276,QAT,1964,42186.0,-0.06261660717444784,26.2,5.0826458300725275,64700.99999999999
7277,QAT,1965,41101.0,-0.02605596033863833,27.2,3.92395157629342,71231.0
7278,QAT,1966,50660.0,0.20910419246708756,27.5,3.6428355156125294,78431.0
7279,QAT,1967,55566.0,0.09243485884265823,26.4,3.4404180948154366,86470.0
7280,QAT,1968,58010.0,0.04304390606178643,26.8,4.430816798843313,95446.0
7281,QAT,1969,56236.0,-0.031058288260313205,27.4,4.91705694713669,105050.0
7282,QAT,1970,51921.0,-0.07983378860668822,27.4,2.4423470353692043,115302.0
7283,QAT,1971,59731.0,0.14012781599878998,26.8,3.487375077903208,124489.0
7284,QAT,1972,62416.0,0.0439705041545384,26.0,4.592084946439436,134408.0
7285,QAT,1973,68407.0,0.09165350580919451,27.0,2.9338568698359038,145116.0
7286,QAT,1974,57594.0,-0.17205676296403993,26.7,4.207673247529104,156679.0
7287,QAT,1975,54866.0,-0.04852454677670259,26.7,4.177459468932607,169163.0
7288,QAT,1976,55169.0,0.0055073524943090035,26.5,5.35800036870921,180950.0
7289,QAT,1977,45999.0,-0.18178154420469994,27.4,4.560172820057356,193557.0
7290,QAT,1978,47072.0,0.02305868729666649,27.2,3.32862668882732,207043.0
7291,QAT,1979,45806.0,-0.027263257512398553,27.6,4.395682961121367,221469.0
7292,QAT,1980,45860.0,0.0011781905231291745,27.4,4.400603020246817,236900.0
7293,QAT,1981,37307.0,-0.20641230082702045,27.5,3.7256934272366524,249278.0
7294,QAT,1982,29046.0,-0.2503001964171254,26.5,5.263725921778417,259611.0
7295,QAT,1983,23146.0,-0.2270588007597265,26.6,4.52720864451838,292415.0
7296,QAT,1984,20354.0,-0.12854452665614602,27.0,4.089332020398556,324468.0
7297,QAT,1985,16558.0,-0.20640808405312683,27.1,3.9531649487593215,356031.0
7298,QAT,1986,12881.0,-0.2511160113026616,27.0,4.418840607796598,387261.0
7299,QAT,1987,12819.0,-0.0048249120839543025,27.5,3.877431560658527,396947.0
7300,QAT,1988,12492.0,-0.025840005909165242,27.4,4.699570861409576,413461.0
7301,QAT,1989,12137.0,-0.028829801296607727,26.8,4.530446639792155,430159.0
7302,QAT,1990,11705.0,-0.03624253718134973,27.4,4.127134385045092,446131.0
7303,QAT,1991,12417.64270753359,0.059102159443332525,27.1,4.476199804691132,461760.0
7304,QAT,1992,15042.123159110417,0.19173621566633692,26.3,4.242764567340374,477120.0
7305,QAT,1993,16221.045570990258,0.07545503239378526,27.2,4.66814498514948,493020.0
7306,QAT,1994,17955.31481774725,0.10157665278712358,27.7,3.7977338590260183,508970.0
7307,QAT,1995,19959.703059990767,0.1058292327852346,27.2,4.623991940228679,524670.0
7308,QAT,1996,22395.263887484165,0.11513410889261522,27.7,4.677490847567717,540240.0
7309,QAT,1997,30989.149727561686,0.32478763151813794,27.2,4.706823839714591,563670.0
7310,QAT,1998,36448.05653884442,0.16225100405351967,28.3,4.388257184424518,595170.0
7311,QAT,1999,40135.17472946597,0.09636498663454418,28.6,4.398146016553765,626820.0
7312,QAT,2000,45788.122704193,0.13177160276812572,28.0,4.312140507209715,658680.0
7313,QAT,2001,50525.70583935578,0.09845750540752718,28.2,2.70805020110221,691140.0
7314,QAT,2002,57541.10338929801,0.13001730068562978,28.0,4.11414718951828,724030.0
7315,QAT,2003,62234.213824204206,0.0784053760203669,28.1,4.1728476237100445,757240.0
7316,QAT,2004,74372.93251805927,0.17818715540375152,28.1,4.259859000699674,849690.0
7317,QAT,2005,76808.42001416511,0.032222204342286176,27.7,4.188138441508461,1001110.0
7318,QAT,2006,90120.91798318898,0.1598380319985413,28.1,4.210645017918261,1152850.0
7319,QAT,2007,97912.69049207192,0.0829238664814671,28.2,3.711130063048756,1305600.0
7320,QAT,2008,107402.05610585345,0.09250315804111153,28.1,3.5322256440685598,1459760.0
7321,QAT,2009,115283.41660227133,0.0708142624100585,28.3,4.617098756853365,1614840.0
7322,QAT,2010,134802.78185178977,0.15641924647161254,29.0,3.493472657771326,1770350.0
7323,QAT,2011,155533.0,0.14304509260563059,28.1,4.120661870539474,1904090.0
7324,QAT,2012,154339.816050374,-0.0077011585716082465,28.3,3.7999735016195233,2009570.0
7325,QAT,2013,155657.12776683117,0.00849892021208909,28.1,3.5322256440685598,2103270.0
7326,QAT,2014,157712.90912789595,0.013120659993807848,28.2,4.417635062141249,2186580.0
7327,QAT,2015,159800.18870866153,0.01314786484884145,28.5,3.929862923556477,2260590.0
7328,QAT,2016,160051.23540942746,0.0015697710461051173,28.8,3.1654750481410856,2326200.0
7329,QAT,2017,153819.10224360012,-0.03971673407976084,28.5,4.999237249143887,2384190.0
7330,QAT,2018,152453.80563669704,-0.008915614901015445,29.0,4.023564380161053,2435250.0
7331,QAT,2019,150732.22033810467,-0.011356749022848334,28.4,5.125153747538848,2480010.0
7332,QAT,2020,143118.52374306676,-0.051831762951223936,28.3,4.021773869387265,2519010.0
7333,QAT,2021,143468.7564605031,0.002444162152228202,29.3,3.0587070727153796,2552790.0
7334,QAT,2022,149171.10570103163,0.03897672101338223,29.0,4.131961425793407,2559330.0
7335,ROU,1961,3109.8738518860614,0.056579953256584936,9.7,6.267390283861161,18566932.0
7336,ROU,1962,3199.499973880075,0.02841237615966108,8.9,6.375535762528473,18680721.0
7337,ROU,1963,3405.6586725009292,0.062443824191767305,8.7,6.310281848490474,18813131.0
7338,ROU,1964,3599.466963610232,0.05534740521004444,8.5,6.463653287259055,18927081.0
7339,ROU,1965,3803.3680688030013,0.05510123923048482,8.3,6.37144089244898,19027367.0
7340,ROU,1966,4212.697457030035,0.1022161605864138,9.9,6.620739651073516,19140783.0
7341,ROU,1967,4372.449397308585,0.03722018624874046,9.4,6.353674146545189,19284814.0
7342,ROU,1968,4366.120220018751,-0.0014485616465211848,9.4,6.419832048433451,19720984.0
7343,ROU,1969,4501.124297547428,0.03045241621535766,8.4,6.579806613301801,20010178.0
7344,ROU,1970,4547.402146183206,0.010228903552183866,9.1,6.6587809676334055,20252541.0
7345,ROU,1971,5134.186718340132,0.121365337744896,9.2,6.472346294500901,20469658.0
7346,ROU,1972,5413.41779052776,0.0529591968752019,9.3,6.543767950320282,20662648.0
7347,ROU,1973,5541.713361608214,0.023423076350978178,8.9,6.295450486266293,20827525.0
7348,ROU,1974,5796.996026582673,0.045036132937703144,9.3,6.545924207894034,21028841.0
7349,ROU,1975,5995.4506623028055,0.033661101751242484,9.8,6.478048706500939,21245103.0
7350,ROU,1976,6243.146319445189,0.040483314483912736,8.3,6.419669142185636,21445698.0
7351,ROU,1977,6322.240335288323,0.01258935561002339,9.3,6.419669142185636,21658597.0
7352,ROU,1978,6476.156522655519,0.024053576397580656,8.3,6.533643478531968,21831875.0
7353,ROU,1979,6612.02235326066,0.020762355490356654,9.4,6.511002111475994,22001388.0
7354,ROU,1980,6591.636513949968,-0.0030879100580047947,8.0,6.634107595494159,22130036.0
7355,ROU,1981,6514.126853161042,-0.01182847001447307,9.2,6.542471960506805,22256551.0
7356,ROU,1982,6490.436690532253,-0.003643365462389525,9.2,6.312641838693557,22356726.0
7357,ROU,1983,6418.193880459252,-0.011193064038396372,9.7,6.2336261042579535,22407281.0
7358,ROU,1984,6659.454043513265,0.03690075465294029,8.9,6.523121680453905,22453788.0
7359,ROU,1985,6628.606205102942,-0.004642949121040019,8.0,6.372807713095737,22521195.0
7360,ROU,1986,6718.444626288143,0.01346211670131403,9.1,6.166047907806814,22599678.0
7361,ROU,1987,6551.89904388016,-0.02510173533508464,8.3,6.333812345900668,22686371.0
7362,ROU,1988,6511.956109065193,-0.006115049319749488,9.1,6.447464328590194,22768897.0
7363,ROU,1989,6281.154179014025,-0.036086138608464324,9.9,6.355065451117447,22852123.0
7364,ROU,1990,5596.0,-0.11550169325740889,10.1,6.161629173631305,22865945.0
7365,ROU,1991,5033.141019477643,-0.10600781043121188,8.9,6.550365794105536,22825560.0
7366,ROU,1992,4818.30439775258,-0.043622164898900806,9.6,6.236956502085953,22797030.0
7367,ROU,1993,5055.917170261037,0.04813719277304607,8.8,6.369900982828227,22765760.0
7368,ROU,1994,5427.070568283564,0.07084022393529388,10.5,6.259963800142989,22733020.0
7369,ROU,1995,6014.689713970484,0.10280526453979277,9.3,6.540308238061494,22687410.0
7370,ROU,1996,6476.474475399121,0.0739715371488483,8.8,6.4692503167957724,22622470.0
7371,ROU,1997,6446.417752776129,-0.004651710513494223,8.7,6.567796973076092,22557740.0
7372,ROU,1998,6407.4668817494485,-0.006060578783491977,9.3,6.558906771292869,22511380.0
7373,ROU,1999,6613.93288019736,0.031714455794283225,10.0,6.555214634181859,22414430.0
7374,ROU,2000,7089.9461257364155,0.06949927552102686,10.5,6.098298976021809,22262410.0
7375,ROU,2001,7860.443226116575,0.1031652530539926,9.8,6.5275192249197485,22106060.0
7376,ROU,2002,8673.618743410765,0.09844309555164621,10.4,6.393590753950631,21930790.0
7377,ROU,2003,9369.233163845101,0.07714516290297091,9.4,6.244166900663736,21828190.0
7378,ROU,2004,10531.171802216866,0.11690834881924594,9.6,6.565968947537155,21704230.0
7379,ROU,2005,11313.822419190723,0.07168559891159987,9.3,6.648466281031574,21570500.0
7380,ROU,2006,12823.23183934203,0.12523331214682187,9.6,6.477895014039251,21443090.0
7381,ROU,2007,14418.829976779476,0.11727647637056471,10.9,6.522974762066806,21128670.0
7382,ROU,2008,16347.34353433489,0.1255304195332787,10.6,6.424706936215593,20779480.0
7383,ROU,2009,15866.126776608,-0.029878963872574715,10.6,6.434225439959843,20607060.0
7384,ROU,2010,16377.328022560869,0.03171149542693641,10.0,6.699746615252198,20485000.0
7385,ROU,2011,17174.0,0.04749867151738307,9.8,6.14996290492866,20384700.0
7386,ROU,2012,17580.932300095516,0.023418310460412428,10.4,6.38839332419386,20296190.0
7387,ROU,2013,17691.442894540312,0.006266147682485013,10.5,6.4752786216271225,20223860.0
7388,ROU,2014,18487.25965078638,0.04400075692562133,10.9,6.612578524768096,20150770.0
7389,ROU,2015,19162.18651066976,0.03585705722382926,11.0,6.379783496381176,20055460.0
7390,ROU,2016,19825.60255468913,0.034035276195540476,10.6,6.568639551415506,19938270.0
7391,ROU,2017,23003.695205853586,0.14868070341042028,10.5,6.454726753942363,19823440.0
7392,ROU,2018,24000.455994795153,0.042417965801980984,11.1,6.441265469036198,19713070.0
7393,ROU,2019,23267.51545911466,-0.031014628465010574,11.6,6.290828124333601,19622400.0
7394,ROU,2020,24799.711832890163,0.0637738319763308,11.2,6.415424237852311,19496170.0
7395,ROU,2021,26102.587643082406,0.05120241936548098,10.2,6.520473841307601,19351320.0
7396,ROU,2022,26197.90495028856,0.003644991012953014,11.1,6.20979654142497,19266490.0
7397,RUS,1961,5874.0,0.05547743847864339,-4.8,6.20617261960109,121324346.0
7398,RUS,1962,6229.0,0.05867997349558074,-4.2,6.174619090205828,122877560.0
7399,RUS,1963,6405.0,0.027863129076688864,-4.7,6.1465433675080625,124276517.0
7400,RUS,1964,6754.0,0.053055986614678474,-5.6,6.107913359751229,125521510.0
7401,RUS,1965,7068.0,0.04544263249407443,-5.7,6.144400203378695,126541293.0
7402,RUS,1966,7517.0,0.06158956773788127,-6.1,6.24280675278087,127414772.0
7403,RUS,1967,7943.0,0.05512391545566331,-4.2,6.126869184114185,128183863.0
7404,RUS,1968,8391.0,0.05486866523693834,-5.4,6.137078895912954,128876498.0
7405,RUS,1969,8563.0,0.020290893156122536,-6.6,6.100991371635224,129572617.0
7406,RUS,1970,9234.0,0.075441728040742,-5.3,6.1450436350362825,130245476.0
7407,RUS,1971,9567.0,0.035427352611232976,-4.8,6.142467420644509,130977408.0
7408,RUS,1972,9785.0,0.02253092415200797,-5.5,6.121615231573027,131768681.00000001
7409,RUS,1973,10492.0,0.06976246115658924,-4.6,6.144614726601657,132556176.0
7410,RUS,1974,10801.0,0.02902566043170829,-5.5,6.085865222529466,133378674.0
7411,RUS,1975,11164.0,0.03305559323773899,-3.9,6.124245658341801,134293372.0
7412,RUS,1976,11426.0,0.023197144628195332,-5.8,6.051853847120766,135269263.0
7413,RUS,1977,11692.0,0.023013386946729497,-5.4,6.170865175474273,136263686.0
7414,RUS,1978,11829.0,0.011649296314599766,-5.0,6.1531581361059695,137245870.0
7415,RUS,1979,11867.0,0.0032072951194024313,-5.6,6.14996290492866,138163680.0
7416,RUS,1980,12204.0,0.028002328171421453,-5.2,6.110801929696603,139038849.0
7417,RUS,1981,12274.0,0.00571943711248224,-4.0,6.134265345739653,139899972.0
7418,RUS,1982,12267.0,-0.0005704739162908368,-4.8,6.160574209929706,140821820.0
7419,RUS,1983,12420.0,0.012395346454717071,-3.8,6.158037746933798,141861725.0
7420,RUS,1984,12379.0,-0.0033065879556595235,-5.1,6.1152296544419125,142922263.0
7421,RUS,1985,12475.0,0.00772515308790922,-5.4,6.1224928095143865,143937997.0
7422,RUS,1986,12694.0,0.017402799246696077,-4.6,6.081076705797669,144966550.0
7423,RUS,1987,12597.0,-0.007670750514112257,-6.0,6.102111067195046,145958907.0
7424,RUS,1988,12720.0,0.009716867541810004,-4.1,6.119197913617533,146865701.0
7425,RUS,1989,12766.0,0.0036098289218902124,-3.7,6.162050847683516,147351694.0
7426,RUS,1990,12400.0,-0.029088914222874962,-3.8,6.205970905026528,147973000.0
7427,RUS,1991,12012.235520911763,-0.031770715546613815,-4.1,6.112132306832955,148397820.0
7428,RUS,1992,10487.547701220914,-0.13573713689322808,-4.7,6.111245585427039,148541790.0
7429,RUS,1993,9789.066758780478,-0.06892249413980345,-4.4,6.1092475827643655,148462380.0
7430,RUS,1994,8743.746867305255,-0.11292732487792456,-4.8,6.160363083569796,148411500.0
7431,RUS,1995,8586.323562815192,-0.01816814713038717,-3.0,6.155494833929685,148379390.0
7432,RUS,1996,8479.380775595977,-0.012533228631196991,-4.6,6.104793232414985,148163720.0
7433,RUS,1997,8813.350058351298,0.03863019861666572,-4.1,6.160151912626133,147918960.0
7434,RUS,1998,8557.495150908202,-0.029460099234640325,-5.0,6.154220948407096,147674360.0
7435,RUS,1999,9340.029375033197,0.08750187254044484,-4.6,6.113018242660559,147218350.0
7436,RUS,2000,10552.884609580398,0.12208984794363431,-4.4,6.167726112522061,146600430.0
7437,RUS,2001,11391.194503473524,0.07644139970267005,-4.3,6.168145224011851,145980010.0
7438,RUS,2002,12259.47691558721,0.07345861869818471,-3.8,6.158249364752807,145310020.0
7439,RUS,2003,13521.23894476872,0.09796244068420457,-3.7,6.115450526888973,144652130.0
7440,RUS,2004,14880.97870450909,0.09582209605147796,-4.2,6.200306313711332,144070820.0
7441,RUS,2005,16243.100494106367,0.08758443324147436,-3.4,6.129485845005356,143522290.0
7442,RUS,2006,18008.336075159772,0.10316653234207962,-4.6,6.180223671560361,143053110.0
7443,RUS,2007,20018.122985683014,0.10580324655469298,-2.9,6.195425279005418,142808570.0
7444,RUS,2008,21563.461915437165,0.07436229183482901,-3.2,6.202535517187923,142745830.0
7445,RUS,2009,20335.557700868165,-0.05862933972090012,-4.5,6.159306782637103,142788810.0
7446,RUS,2010,21737.38391897307,0.06666257489174043,-4.4,6.167935690223761,142852940.0
7447,RUS,2011,23130.0,0.0620969367049522,-3.3,6.14568665295577,142964380.0
7448,RUS,2012,24020.311183798607,0.03776929552018515,-3.9,6.1796024892233765,143205190.0
7449,RUS,2013,24389.973587903314,0.015272357556916916,-3.5,6.221782302170192,143510480.0
7450,RUS,2014,24135.03574084397,-0.010507579337161843,-3.6,6.1609963289735425,146094160.0
7451,RUS,2015,23607.954048943615,-0.022080858763400713,-2.9,6.1886747163956874,146409550.0
7452,RUS,2016,23610.36882307424,0.00010228123261768474,-3.2,6.1764907763090635,146678100.0
7453,RUS,2017,24013.96727467266,0.01694965839473106,-2.9,6.2176036074019905,146845960.0
7454,RUS,2018,24690.082293377545,0.02776600556940778,-3.5,6.169610732491456,146834160.0
7455,RUS,2019,25244.118677579016,0.02219156851355919,-2.9,6.1921579695846,146768260.0
7456,RUS,2020,24625.384368269115,-0.024815409130146904,-1.7,6.18353014285133,146463360.0
7457,RUS,2021,26119.94763869551,0.05892150396204343,-3.7,6.188058763188655,145849130.0
7458,RUS,2022,25437.10802228907,-0.02649024612119355,-2.9,6.214408078419525,146692810.0
7459,RWA,1961,1167.0,-0.04768783078571559,17.9,7.193911187437871,3045908.0
7460,RWA,1962,1296.0,0.10484624462566394,17.6,7.228533578923107,3051242.0
7461,RWA,1963,1140.0,-0.12825433552367826,17.6,7.355001921105257,3129004.0
7462,RWA,1964,980.0,-0.15123096972392425,17.6,7.110369539043854,3183993.0
7463,RWA,1965,1023.0,0.04294219428700874,17.7,7.04342189040367,3264640.0
7464,RWA,1966,1065.0,0.04023531219189902,17.9,7.072591521435072,3358202.0
7465,RWA,1967,1109.0,0.040483909206842306,17.7,7.102334733171594,3451079.0
7466,RWA,1968,1154.0,0.03977545971767782,17.3,7.165879799191592,3547932.0
7467,RWA,1969,1243.0,0.07429364444266628,18.0,7.00615160083833,3656796.0
7468,RWA,1970,1337.0,0.07290048559123186,17.7,7.123511611862329,3769171.0
7469,RWA,1971,1315.0,-0.016591632490078112,17.5,7.129057135416976,3880225.0
7470,RWA,1972,1282.0,-0.025415307131249953,17.9,7.157190164250415,3992121.0
7471,RWA,1973,1288.0,0.004669269183684044,18.0,7.126971126958367,4109837.9999999995
7472,RWA,1974,1262.0,-0.020392863563141184,17.7,7.070809065418435,4226380.0
7473,RWA,1975,1199.0,-0.051209888073644017,17.6,7.145274996240854,4356863.0
7474,RWA,1976,1387.0,0.1456552652873171,17.9,7.074963197966044,4502352.0
7475,RWA,1977,1409.0,0.015737091583848617,18.0,7.2376344001337065,4657072.0
7476,RWA,1978,1495.0,0.05924597392610664,17.9,7.177858749159625,4818993.0
7477,RWA,1979,1584.0,0.057827086549584905,17.9,7.131458673554861,4975585.0
7478,RWA,1980,1672.0,0.054067221270275745,18.0,7.1223019830708285,5138478.0
7479,RWA,1981,1706.0,0.020130934406977552,18.0,7.087740775978544,5306749.0
7480,RWA,1982,1680.0,-0.015357655654320013,17.9,7.081036091123942,5480042.0
7481,RWA,1983,1722.0,0.024692612590371255,18.3,7.106196217655975,5658948.0
7482,RWA,1984,1597.0,-0.07535953677266338,17.9,7.013555697868348,5828738.0
7483,RWA,1985,1621.0,0.014916373520663662,17.8,7.050035786238908,5981814.0
7484,RWA,1986,1642.0,0.012871768276697004,17.9,7.019117746835597,6156947.0
7485,RWA,1987,1586.0,-0.034699887817580155,18.3,7.1294577924999425,6366208.0
7486,RWA,1988,1538.0,-0.030732252129204163,18.2,7.162242446576277,6587740.0
7487,RWA,1989,1476.0,-0.04114714490517102,17.8,7.011574607621134,6803562.0
7488,RWA,1990,1398.0,-0.054293082366662304,18.0,7.040974122768359,6981760.0
7489,RWA,1991,1282.2594020098666,-0.08641896412009054,18.1,7.049515224019968,7149420.0
7490,RWA,1992,1301.68900792678,0.015038978364831479,18.0,7.036676059048976,7329210.0
7491,RWA,1993,1110.9208570738879,-0.15847338569333047,18.0,7.021262519775732,7649580.0
7492,RWA,1994,707.2970999965479,-0.45149374741547543,18.1,7.158280507037564,5992260.0
7493,RWA,1995,1049.2385340757573,0.39436917049092735,18.4,7.114850745874739,5264510.0
7494,RWA,1996,976.4079106126928,-0.07193953411909249,18.1,7.077413661822694,6334890.0
7495,RWA,1997,932.0058921572738,-0.046541303578758075,18.3,7.11550088811625,7394520.0
7496,RWA,1998,950.3894736889112,0.01953273616025264,18.2,7.136244516621099,7720690.0
7497,RWA,1999,975.8359224734273,0.026422587177780343,18.3,6.96356834380135,7808200.0
7498,RWA,2000,1023.6182271306598,0.04780445095439312,18.5,7.0067858024450915,7867750.0
7499,RWA,2001,1067.2347821601004,0.04172735559416374,18.6,7.263539826635723,7981200.0
7500,RWA,2002,1154.1060934850136,0.0782551116618393,18.8,7.065527962854679,8143590.0
7501,RWA,2003,1130.0414042181624,-0.02107182633504312,18.8,7.135846570020281,8288240.0
7502,RWA,2004,1159.0281083995703,0.025327543395599506,18.6,6.756350824822904,8467880.0
7503,RWA,2005,1210.510543125559,0.04346039073627761,18.6,6.904449821973411,8645380.0
7504,RWA,2006,1261.7609170744302,0.04146609144257418,18.5,7.198781752684307,8834080.0
7505,RWA,2007,1291.1933253131835,0.023058550624605267,18.5,7.201841799106912,9060340.0
7506,RWA,2008,1364.7450128933215,0.05540075829270208,18.4,7.019475528592545,9290010.0
7507,RWA,2009,1384.258851213705,0.014197263485319134,18.8,7.1284959456800365,9489340.0
7508,RWA,2010,1416.3923071164816,0.02294813901668835,18.8,7.238424999233355,9702250.0
7509,RWA,2011,1449.0,0.02276065339076272,18.4,7.235691184581063,9973220.0
7510,RWA,2012,1528.551959470961,0.05344719219819005,18.2,7.046212022129153,10271200.0
7511,RWA,2013,1552.4253481053033,0.015497593176316826,18.4,7.124800271834477,10589990.0
7512,RWA,2014,1601.3937994861476,0.031055926002632184,18.2,7.114525516178402,10899890.0
7513,RWA,2015,1708.3466517492332,0.06465165775618065,18.2,7.144959513944681,11122150.0
7514,RWA,2016,1774.9014560703008,0.03821887120747647,18.5,7.141482623835992,11344400.0
7515,RWA,2017,1799.4739939307942,0.013749492922555007,18.6,7.0572953462517125,11634050.0
7516,RWA,2018,1908.0489403418294,0.05858682616957456,18.3,7.047864986966783,11913210.0
7517,RWA,2019,2042.852962183972,0.06826611895361268,18.5,7.243227015269766,12180700.0
7518,RWA,2020,1935.2662175115968,-0.054102444597261545,18.3,7.222711993568799,12426220.0
7519,RWA,2021,2106.9736460457234,0.0850077298066676,18.4,7.097300680865411,12654660.0
7520,RWA,2022,2198.066263846081,0.042325375929224585,18.3,7.267036822785819,12950590.0
7521,SAU,1961,6481.0,0.08918793145179293,24.7,4.622027303054514,4827708.0
7522,SAU,1962,7085.0,0.08910505369706456,25.6,4.428433007488037,4943029.0
7523,SAU,1963,7516.0,0.05905420840857545,25.4,4.646312129319266,5065249.0
7524,SAU,1964,7978.0,0.05965367193199533,24.5,4.641502115235482,5192398.0
7525,SAU,1965,8717.0,0.08858738854622494,25.2,4.500920164614292,5327432.0
7526,SAU,1966,9726.0,0.10952756995215474,25.5,4.441474093317302,5469365.0
7527,SAU,1967,10302.0,0.05753533916179876,24.4,4.681204872264089,5618198.0
7528,SAU,1968,10916.0,0.05789155170269922,24.9,4.695924549256556,5774916.0
7529,SAU,1969,11429.0,0.04592438206936755,25.4,4.605170185988092,5938534.0
7530,SAU,1970,12153.0,0.06142206797320249,25.2,4.30406509320417,6109051.0
7531,SAU,1971,13509.0,0.10578007709888126,24.8,4.722063937459591,6287454.0
7532,SAU,1972,15138.0,0.11385200889943192,24.5,4.803201036487226,6472756.0
7533,SAU,1973,17598.0,0.15057712033639348,25.0,4.328098292648326,6666928.0
7534,SAU,1974,19659.0,0.11074998950210002,24.8,4.736198448394496,6868001.0
7535,SAU,1975,18788.0,-0.04531688056072092,24.8,4.681204872264089,7204820.0
7536,SAU,1976,19297.0,0.026731275249471054,24.7,4.852811208902689,7620435.0
7537,SAU,1977,20824.0,0.0761565242780442,25.1,4.504244267398131,8128505.0
7538,SAU,1978,20593.0,-0.011154955469052652,25.1,4.360547602996758,8708801.0
7539,SAU,1979,20472.0,-0.005893113365722513,25.5,4.6549122778829055,9346019.0
7540,SAU,1980,21068.0,0.02869720276365406,25.3,4.476199804691132,9999161.0
7541,SAU,1981,21393.0,0.015308464093132912,25.3,4.705015520957808,10627409.0
7542,SAU,1982,20535.0,-0.04093301830575413,24.6,4.91705694713669,11254672.0
7543,SAU,1983,17315.0,-0.17055756955413592,24.5,4.583946549536464,11912032.0
7544,SAU,1984,16343.0,-0.057773506743464154,25.0,4.574710978503383,12606940.0
7545,SAU,1985,14422.0,-0.12504485261635345,25.3,4.72384171570559,13330067.0
7546,SAU,1986,12897.0,-0.11176009231231276,25.1,4.724729421045731,13998295.0
7547,SAU,1987,12919.0,0.0017043697959095994,25.4,4.563305981889393,14619745.0
7548,SAU,1988,12795.0,-0.009644626366412723,25.3,4.686750172980514,15233131.0
7549,SAU,1989,12758.0,-0.0028959437919890973,24.9,4.751000634199631,15829361.0
7550,SAU,1990,14335.0,0.1165455735155696,25.3,4.661550519424199,16060761.0
7551,SAU,1991,16830.4130827267,0.16048345299437905,25.2,4.659658371272161,16592960.0
7552,SAU,1992,17905.28016427932,0.06190809826324006,24.4,4.709530201312334,17095640.0
7553,SAU,1993,18101.092218880305,0.010876629442774899,25.1,4.953006181259619,17568720.0
7554,SAU,1994,18678.931493161912,0.03142395054875635,25.5,4.572646994282532,18012700.0
7555,SAU,1995,19223.331069507778,0.028728470610257517,25.3,4.832305758571839,18430530.0
7556,SAU,1996,20280.49318462111,0.053534796000844764,25.6,4.785823685681349,18819820.0
7557,SAU,1997,21087.42735287861,0.039017505638136996,25.1,4.763881877142913,19187720.0
7558,SAU,1998,22310.917817841906,0.056399144067160734,26.0,4.6520537718869415,19558460.0
7559,SAU,1999,22058.573068283844,-0.01137481928894779,26.2,4.666265285347902,19963700.0
7560,SAU,2000,23904.515387401043,0.08036604182395735,25.7,4.545420181582317,20425950.0
7561,SAU,2001,24191.995817002055,0.011954457652901596,26.0,4.591071261608589,20956440.0
7562,SAU,2002,24053.97391079058,-0.005721608810977941,25.9,4.694096395182493,21549330.0
7563,SAU,2003,27367.093750673946,0.12904111538364305,25.9,4.471638793363569,22188860.0
7564,SAU,2004,30233.510921129888,0.09960960868154345,25.8,4.576770711466393,22850360.0
7565,SAU,2005,32700.332598371617,0.07843430671250395,25.7,4.499809670330265,23516100.0
7566,SAU,2006,34483.04354429613,0.05308246269060746,25.9,4.536891345234797,24177780.0
7567,SAU,2007,36070.317065963885,0.04500257342634306,25.9,4.5217885770490405,24841070.0
7568,SAU,2008,39393.428856495084,0.08812873693004875,25.9,4.467056883858457,25518050.0
7569,SAU,2009,39671.5553186176,0.007035418073574107,26.1,4.4272389774954295,26227030.0
7570,SAU,2010,42737.65472414734,0.07444593511966424,26.9,4.489759334476764,27068450.0
7571,SAU,2011,48470.0,0.12586467456154082,25.8,4.560172820057356,27809990.0
7572,SAU,2012,49835.04741610159,0.02777345002353826,26.1,4.593097604753822,28516260.0
7573,SAU,2013,50021.11997734756,0.003726815908699166,25.9,4.589040804058207,29219970.0
7574,SAU,2014,50790.99046582962,0.015273670031154651,26.1,4.56954300834494,29936100.0
7575,SAU,2015,51941.59890346145,0.022401003603219394,26.2,4.509760001183433,30645900.0
7576,SAU,2016,51959.074712164904,0.0003363945248882061,26.2,4.540098189244376,31359540.0
7577,SAU,2017,50593.26959586979,-0.0266378284415687,26.2,4.58700621536042,32183660.0
7578,SAU,2018,50906.483336460784,0.006171733935147472,26.5,4.660604892876192,32869170.0
7579,SAU,2019,50123.33643593941,-0.015503592676809674,26.1,4.7318028369214575,33660570.0
7580,SAU,2020,46723.929404879724,-0.07023025636957847,26.1,4.617098756853365,34541890.0
7581,SAU,2021,49841.14561838652,0.0645844197417329,26.6,4.4331949212482815,33651450.0
7582,SAU,2022,53516.909037017474,0.07115680059551543,26.3,4.591071261608589,34080560.0
7583,SDN,1961,1588.0,-0.027330893716971616,25.9,5.6798312538336875,8550911.12142672
7584,SDN,1962,1653.0,0.040116456013943314,26.8,5.69035945432406,8787566.330783991
7585,SDN,1963,1562.0,-0.05662476742139244,27.0,5.5928509139489195,9030771.80983832
7586,SDN,1964,1505.0,-0.037174153216655625,26.0,5.7011122461003225,9272732.61192526
7587,SDN,1965,1568.0,0.04100802372737711,26.5,5.569488886872828,9496779.180740425
7588,SDN,1966,1510.0,-0.03769127110138282,27.0,5.489763831118992,9725381.707293538
7589,SDN,1967,1423.0,-0.05934233171911796,26.0,5.5649034757050835,9992091.46504009
7590,SDN,1968,1471.0,0.03317512251158572,26.4,5.538907831465967,10261457.162275132
7591,SDN,1969,1521.0,0.03342557165785465,27.4,5.372960909543803,10531796.442062318
7592,SDN,1970,1415.0,-0.07223848218195439,26.6,5.462983988103271,10834032.140700623
7593,SDN,1971,1471.0,0.03881291052409974,26.3,5.414321042304342,11144256.08810816
7594,SDN,1972,1400.0,-0.049470204998088185,26.7,5.427589702252176,11470058.92791179
7595,SDN,1973,1243.0,-0.11894442409263828,27.2,5.27709373009641,11875807.117880804
7596,SDN,1974,1328.0,0.06614623852566748,26.9,5.517051209373546,12235579.266586045
7597,SDN,1975,1451.0,0.08857892284780888,27.0,5.473949935191195,12616551.784344377
7598,SDN,1976,1664.0,0.13697136849696623,27.5,5.427150238391005,13020447.888699675
7599,SDN,1977,1857.0,0.10973793997155212,26.8,5.4475990692637914,13440771.528837923
7600,SDN,1978,1766.0,-0.050245180188801086,27.1,5.6153154933338705,13918121.647230076
7601,SDN,1979,1524.0,-0.14737864491731312,27.8,5.473949935191195,14447785.129955431
7602,SDN,1980,1484.0,-0.026597312519266225,27.7,5.485211785187126,14980121.053568467
7603,SDN,1981,1466.0,-0.012203541280729091,27.5,5.442850517280335,15481144.393549303
7604,SDN,1982,1599.0,0.08684083038735757,27.2,5.236973736306985,16004041.51682632
7605,SDN,1983,1527.0,-0.04607340761532175,27.1,5.191288793789513,17091375.285605073
7606,SDN,1984,1404.0,-0.08397972063287629,27.9,4.844187086458591,17657164.26005938
7607,SDN,1985,1274.0,-0.09716374845364761,27.8,5.346154695962197,18255842.8804398
7608,SDN,1986,1286.0,0.009375068665455899,27.4,5.307277107919509,18772789.284856953
7609,SDN,1987,1288.0,0.001554001866734822,27.6,5.205653681684617,19174178.74809737
7610,SDN,1988,1282.0,-0.004669269183684044,27.2,5.672979565501156,19492454.59252815
7611,SDN,1989,1353.0,0.05390299069017246,26.8,5.404927101606295,19911553.200221855
7612,SDN,1990,1211.0,-0.11087788461769588,27.7,5.0363030408448335,20469274.562034648
7613,SDN,1991,1277.6891533943106,0.053606632843489876,27.4,5.437644431769136,21253920.0
7614,SDN,1992,1336.0544325201806,0.04466771977436679,26.7,5.4450117456988405,22068640.0
7615,SDN,1993,1374.3846461085054,0.028285283655334226,27.6,5.455321115357702,22828990.0
7616,SDN,1994,1386.1075886094598,0.008493422170231746,27.2,5.665388086668889,23354380.0
7617,SDN,1995,1467.7085327520401,0.057202840293212986,27.2,5.510197725583535,23891850.0
7618,SDN,1996,1551.8573888285,0.05575016558998591,27.7,5.359412465907847,24441700.0
7619,SDN,1997,1714.3775453239894,0.09959753850605146,27.7,5.426270730858498,25004200.0
7620,SDN,1998,1785.0995752469096,0.04042413072412998,27.9,5.628699668531845,25579640.0
7621,SDN,1999,1837.4980953785284,0.028930717447868126,27.9,5.710095836712793,26168330.0
7622,SDN,2000,1951.4658011046365,0.06017586749461312,27.7,5.463407986413629,26770570.0
7623,SDN,2001,2075.62212564054,0.061680145261314934,27.8,5.423627557513483,27386670.0
7624,SDN,2002,2205.572361176137,0.060726121113233944,28.0,5.387243575742438,28016940.0
7625,SDN,2003,2373.0568747422217,0.07319189516461666,28.0,5.588745664667843,28661720.0
7626,SDN,2004,2461.3003000273293,0.03651084293400331,28.1,5.27709373009641,29321340.0
7627,SDN,2005,2642.52081684144,0.07104352889508103,28.3,5.534179690270021,29996140.0
7628,SDN,2006,2903.8008913327817,0.09428721458283018,28.0,5.554895693948484,30686470.0
7629,SDN,2007,3233.697682179404,0.10760574468153195,27.9,5.725870071120206,31392690.0
7630,SDN,2008,3478.88758155617,0.07308630650886805,28.2,5.435031189863859,32136600.0
7631,SDN,2009,3580.187810849938,0.02870267795612058,28.6,5.266826699456666,33078089.999999996
7632,SDN,2010,3707.302678122843,0.03488931109183113,29.2,5.538514672428074,33890880.0
7633,SDN,2011,3669.0,-0.010385425886525468,27.9,5.394081988532416,34568260.0
7634,SDN,2012,2982.5592742963513,-0.2071373965500687,28.1,5.591732970847578,35292960.0
7635,SDN,2013,2973.4576224664247,-0.003056290494972025,28.5,5.517452896464707,36093080.0
7636,SDN,2014,3031.0373827463864,0.019179473141114123,28.2,5.66608060747219,37057770.0
7637,SDN,2015,3087.5115855376976,0.01846052287871025,28.4,5.420977379283924,38164740.0
7638,SDN,2016,3139.7502420574533,0.016777801662666292,28.7,5.616043560348194,39293660.0
7639,SDN,2017,3068.7511226091838,-0.022872577630275615,28.2,5.471429984256681,40511520.0
7640,SDN,2018,2908.528982674828,-0.05362322924271279,28.2,5.731073334892105,41764360.0
7641,SDN,2019,2757.3863129199635,-0.05336420615751347,28.1,5.717356594683319,42952280.0
7642,SDN,2020,2586.8955093733543,-0.06382473124776133,27.5,5.645446897643238,44121150.0
7643,SDN,2021,2532.705787434565,-0.021170299281060956,28.2,5.564137192142683,45290490.0
7644,SDN,2022,2405.274971339159,-0.05162398223193332,27.5,5.739149618493492,46497720.0
7645,SEN,1961,2351.0,0.020628148719383788,28.1,6.755419617678439,3348228.0
7646,SEN,1962,2370.0,0.008049185589107388,28.1,6.666065810380829,3430243.0
7647,SEN,1963,2402.0,0.013411768510752431,28.3,6.702819947316597,3516025.0
7648,SEN,1964,2389.0,-0.005426855314119017,28.0,6.772965952633498,3636138.0
7649,SEN,1965,2409.0,0.008336855289061695,27.6,6.793129753140834,3743967.0
7650,SEN,1966,2404.0,-0.0020777069597732734,28.2,6.784004471545962,3856528.0
7651,SEN,1967,2310.0,-0.03988649213925921,27.5,6.794922470707793,3965841.0
7652,SEN,1968,2389.0,0.03362734380997079,27.9,6.296556681069359,4073826.0
7653,SEN,1969,2171.0,-0.0956869774475182,28.8,6.817283375818062,4192724.0
7654,SEN,1970,2287.0,0.05205302414448898,28.6,6.4253551293998505,4317891.0
7655,SEN,1971,2216.0,-0.03153714615560599,27.7,6.550794579933587,4450142.0
7656,SEN,1972,2289.0,0.032411272085392184,28.0,6.2373475853916815,4588696.0
7657,SEN,1973,2096.0,-0.08808427451163414,28.2,6.352106611607826,4727163.0
7658,SEN,1974,2118.0,0.010441480720419172,27.4,6.562726539677803,4872244.0
7659,SEN,1975,2225.0,0.04928466843898871,27.5,6.703433481908515,4989168.0
7660,SEN,1976,2370.0,0.06313303952883587,27.4,6.502490150876639,5100499.0
7661,SEN,1977,2236.0,-0.0582013998541866,28.3,6.271555378863942,5262500.0
7662,SEN,1978,2082.0,-0.07135958510007612,28.0,6.641182169740591,5430859.0
7663,SEN,1979,2158.0,0.035852896643166154,28.4,6.469715324941794,5605756.0
7664,SEN,1980,2021.0,-0.0655894284144587,28.4,6.293234418877382,5787320.0
7665,SEN,1981,1943.0,-0.03935926802618095,28.3,6.496171489865795,5975667.0
7666,SEN,1982,2168.0,0.10957191318209691,27.8,6.371611847231857,6169733.0
7667,SEN,1983,2153.0,-0.006942865195174619,28.9,6.093795478205444,6368519.0
7668,SEN,1984,1989.0,-0.07923021851039014,28.2,6.326328348032599,6573248.0
7669,SEN,1985,2000.0,0.005515180688109744,28.1,6.4600609366562365,6785110.0
7670,SEN,1986,2031.0,0.015381102038302785,27.9,6.450628387550081,7004260.0
7671,SEN,1987,2048.0,0.008335424579013484,28.8,6.495114487124877,7230787.0
7672,SEN,1988,2085.0,0.01790514807350352,28.2,6.595643892607181,7464761.0
7673,SEN,1989,1980.0,-0.05167201054432091,28.1,6.663260401756892,7729500.0
7674,SEN,1990,1999.0,0.009550210811818616,28.6,6.360265670844555,8000632.0
7675,SEN,1991,1982.6259578746592,-0.008224848142231345,28.5,6.3695584584200144,8225299.999999999
7676,SEN,1992,1942.926726530026,-0.02022674920493639,28.3,6.394927652545473,8448710.0
7677,SEN,1993,1906.8238689207415,-0.01875649611155339,28.5,6.424869023905388,8668160.0
7678,SEN,1994,1847.5982737306877,-0.031552396816316275,28.0,6.625127080833035,8891170.0
7679,SEN,1995,1886.5428196677524,0.020859392863497916,28.4,6.536836514626557,9121430.0
7680,SEN,1996,1866.342285022694,-0.010765440015206629,28.8,6.407374913077685,9356960.0
7681,SEN,1997,1866.3910630853445,2.6135305206231862e-05,28.8,6.4457198193855785,9590230.0
7682,SEN,1998,1915.4296579046227,0.025935308511005672,29.3,6.51426814763338,9836750.0
7683,SEN,1999,1978.0964215931492,0.03219301711842082,28.2,6.760530559225612,10070400.0
7684,SEN,2000,1983.5240474896116,0.0027401056384803724,28.5,6.561030665896573,10304700.0
7685,SEN,2001,2009.9422831921877,0.013230922164319203,28.9,6.430042006666349,10575710.0
7686,SEN,2002,1959.6140988765062,-0.025358441299887957,28.9,6.178773645412976,10863980.0
7687,SEN,2003,2025.0234547341772,0.032833717547142705,28.8,6.708206176521556,11171510.0
7688,SEN,2004,2074.953811620793,0.024357610898853466,29.0,6.417712194398675,11498250.0
7689,SEN,2005,2121.158601643095,0.02202355563555436,29.0,6.773880970425809,11838690.0
7690,SEN,2006,2104.4369069665604,-0.00791452089018918,28.7,6.5500798347098215,12203570.0
7691,SEN,2007,2137.671646782461,0.015669292472561658,28.9,6.466766614804926,12584190.0
7692,SEN,2008,2146.7914646431427,0.004257164268681279,28.8,6.707961976276143,12978490.0
7693,SEN,2009,2129.336394837854,-0.008164006001968538,28.6,6.687856457832816,13382260.0
7694,SEN,2010,2151.3247054199974,0.01027341499810408,29.4,6.809260032233038,13793580.0
7695,SEN,2011,2123.0,-0.013253611736681492,28.8,6.463185450993212,14225820.0
7696,SEN,2012,2141.3882665162037,0.008624158654170877,28.7,6.762266972233531,14668230.0
7697,SEN,2013,2127.3863949429815,-0.0065601597173197135,28.9,6.616332886914633,15120900.0
7698,SEN,2014,2191.976632482056,0.02990952700695093,28.8,6.458024754575957,15588730.0
7699,SEN,2015,2262.312317152156,0.03158373074126697,29.0,6.594276651486346,16065750.0
7700,SEN,2016,2335.865301267428,0.031994961768598174,29.2,6.582025138892826,16548849.999999998
7701,SEN,2017,2435.960554734759,0.041958755904143,29.2,6.578000430108449,17044250.0
7702,SEN,2018,2514.807178840567,0.03185497508054169,28.7,6.513230110912307,17534960.0
7703,SEN,2019,2559.8177360224777,0.017739926931163552,28.5,6.547215734226965,18021470.0
7704,SEN,2020,2524.2655476212267,-0.013985910904060539,29.4,6.644830857656083,18517620.0
7705,SEN,2021,2607.232089168679,0.032339008183424944,29.5,6.57702651698799,19016070.0
7706,SEN,2022,2660.681725052497,0.02029322120126853,28.9,6.82143457251561,19511540.0
7707,SGP,1961,3623.0,0.04487842121275065,26.6,7.742184984375972,1702400.0
7708,SGP,1962,3775.0,0.04109797078804789,26.5,7.866415607222802,1750200.0
7709,SGP,1963,4049.0,0.07006955434903617,26.7,7.659595805881301,1795000.0
7710,SGP,1964,3800.0,-0.06346887031768311,26.6,8.077416102590329,1841600.0
7711,SGP,1965,3991.0,0.04904075933425567,26.5,7.717662750150781,1886900.0
7712,SGP,1966,4317.0,0.07851889050674465,26.7,7.9275047192245225,1934400.0
7713,SGP,1967,4741.0,0.09368736734664118,26.4,8.13540554666243,1977600.0
7714,SGP,1968,5294.0,0.11032601988492807,26.5,7.81156848934518,2012000.0
7715,SGP,1969,5931.0,0.11361872905168013,26.8,7.856435753657943,2042500.0
7716,SGP,1970,6650.0,0.11442402181117295,26.7,7.89577114630822,2074507.0
7717,SGP,1971,7318.0,0.09572021192925284,26.3,7.66439355732328,2112900.0
7718,SGP,1972,8155.0,0.10829416947596116,26.7,7.6341437933218845,2152400.0
7719,SGP,1973,8894.0,0.08674565601552686,26.7,7.999242242707658,2193000.0
7720,SGP,1974,9314.0,0.04614175247168184,26.3,7.716148947546469,2229800.0
7721,SGP,1975,9602.0,0.030452765548563576,26.3,7.701426297308381,2262600.0
7722,SGP,1976,10178.0,0.05825711805789169,26.4,7.783182348801291,2293300.0
7723,SGP,1977,10790.0,0.05839125110340149,26.7,7.59337419312129,2325300.0
7724,SGP,1978,11588.0,0.07135030063706083,26.8,8.013111443183591,2353600.0
7725,SGP,1979,12521.0,0.07743715477970703,26.9,7.805882040228621,2383500.0
7726,SGP,1980,13601.0,0.08273608476380545,26.9,7.958052290704026,2413900.0
7727,SGP,1981,14335.0,0.052560779884716524,27.0,7.544279196600992,2535368.0
7728,SGP,1982,14687.0,0.024258649436392332,27.1,7.702375428472716,2651869.0
7729,SGP,1983,15720.0,0.06797103822933614,27.4,7.711951763317377,2689263.0
7730,SGP,1984,16767.0,0.06447888195461005,26.6,8.083482917867771,2743297.0
7731,SGP,1985,16611.0,-0.009347542446731083,26.9,7.844240718141811,2749897.0
7732,SGP,1986,16831.0,0.013157297635089549,27.0,7.894280777538743,2750069.0
7733,SGP,1987,18345.0,0.08613463366321561,27.3,7.9451302581790575,2794552.0
7734,SGP,1988,19853.0,0.0789980714076961,27.1,7.936266939970758,2869266.0
7735,SGP,1989,21221.0,0.0666361282139718,26.9,7.858524729272535,2957752.0
7736,SGP,1990,22666.0,0.06587474688184436,27.4,7.653494909661253,3047100.0
7737,SGP,1991,23636.682687565295,0.04193385213536871,27.3,7.887696637932568,3135100.0
7738,SGP,1992,24775.571191949388,0.0470582786787066,27.3,7.88386089315745,3231110.0
7739,SGP,1993,27073.71455274396,0.08870517935883271,27.2,7.96077727841595,3313110.0
7740,SGP,1994,29454.612461151275,0.08428720342333484,27.3,7.85755815338874,3419110.0
7741,SGP,1995,30957.28716510822,0.049757903109316715,27.4,8.064667921820671,3524120.0
7742,SGP,1996,32724.48753287557,0.05551523085185295,27.4,7.954372272531867,3671120.0
7743,SGP,1997,34868.065969204246,0.06344774324920621,27.8,7.518661504158171,3796120.0
7744,SGP,1998,33590.481925885586,-0.0373286442937566,28.0,7.79461720016548,3927130.0
7745,SGP,1999,35156.118273986554,0.04555591413488358,27.3,7.885517332944393,3959130.0
7746,SGP,2000,37772.75969269712,0.07178953482867811,27.5,7.984564941689402,4028130.0
7747,SGP,2001,36864.57512439727,-0.024337133587696513,27.6,7.971914139580868,4138140.0000000005
7748,SGP,2002,37829.90433699141,0.025848843681785638,28.0,7.725859698946466,4176140.0000000005
7749,SGP,2003,38950.74593767965,0.029198013412045754,27.7,7.993113451971831,4115140.0000000005
7750,SGP,2004,42111.166223490945,0.07801501318928672,27.6,7.870204142837375,4167140.0000000005
7751,SGP,2005,44698.8385991564,0.05963458267759769,27.7,7.788335928222213,4266140.0
7752,SGP,2006,48073.588087781725,0.07278540293446945,27.5,7.997259548619519,4401140.0
7753,SGP,2007,51844.06179987221,0.07550747950093495,27.5,8.040962212414746,4589150.0
7754,SGP,2008,52180.17317591849,0.0064621969253799705,27.4,8.035991092716317,4839160.0
7755,SGP,2009,51344.47804006122,-0.016145203662757623,27.6,7.900006551658837,4988160.0
7756,SGP,2010,58612.73104901974,0.1323945315248789,27.9,7.934047739403606,5077170.0
7757,SGP,2011,61672.0,0.050878092773855244,27.6,8.014401872678569,5184170.0
7758,SGP,2012,62855.523463330705,0.019008795284783275,27.7,7.957947335047694,5312170.0
7759,SGP,2013,64821.9276146262,0.03080512079040254,27.8,7.998738540485755,5399180.0
7760,SGP,2014,66498.55574905686,0.025536294134525406,27.9,7.755038853553013,5470180.0
7761,SGP,2015,67673.94135324587,0.017520962911904192,28.0,7.69389176638491,5535180.0
7762,SGP,2016,69211.04659674014,0.022459290505940643,28.1,7.885818209248893,5607180.0
7763,SGP,2017,72292.0362293825,0.04355349134216269,27.7,7.903226808730733,5612180.0
7764,SGP,2018,74518.15224723525,0.030328775905244854,27.8,7.90022897158858,5639190.0
7765,SGP,2019,74649.73548482923,0.0017642305421645688,28.2,7.624325974485671,5704190.0
7766,SGP,2020,71964.69921997073,-0.036631270400313554,28.1,7.869898531038381,5686190.0
7767,SGP,2021,77945.48593929896,0.07983397395848968,27.7,8.162430703281835,5716200.0
7768,SGP,2022,80320.0872024852,0.030010057498875753,27.7,8.038576576672263,5749510.0
7769,SLE,1961,1181.0,0.004242687738789996,25.9,8.018427882142614,2432000.0
7770,SLE,1962,1216.0,0.029205246328750434,25.9,8.038156890139653,2468000.0
7771,SLE,1963,1218.0,0.0016433857437299082,26.2,8.006300898761259,2505000.0
7772,SLE,1964,1215.0,-0.0024660924951938057,25.8,7.913045410418873,2543000.0
7773,SLE,1965,1282.0,0.05367728170596653,25.7,7.9217533152603385,2582000.0
7774,SLE,1966,1342.0,0.045739680051012144,26.1,8.145172530527429,2622000.0
7775,SLE,1967,1313.0,-0.021846443228831447,25.9,7.955635519243473,2662000.0
7776,SLE,1968,1420.0,0.07834227629251078,26.1,8.025647182382203,2704000.0
7777,SLE,1969,1525.0,0.0713375384462056,26.4,8.04321366877091,2746000.0
7778,SLE,1970,1553.0,0.01819413410717452,26.3,7.8370412063511035,2789000.0
7779,SLE,1971,1535.0,-0.011658163127389543,25.8,7.8681394483668035,2834000.0
7780,SLE,1972,1525.0,-0.006535970979784977,26.1,7.829590611111643,2879000.0
7781,SLE,1973,1553.0,0.01819413410717452,26.3,7.847020074416114,2925000.0
7782,SLE,1974,1581.0,0.01786901406078556,25.8,7.885818209248893,2974000.0
7783,SLE,1975,1551.0,-0.019157674032933336,25.6,7.844632644464681,3030000.0
7784,SLE,1976,1511.0,-0.026128200903799303,25.5,7.942468841800015,3088000.0
7785,SLE,1977,1495.0,-0.010645476447953328,26.0,7.882012986610825,3148000.0
7786,SLE,1978,1524.0,0.01921225042180552,26.0,7.951277601332286,3208000.0
7787,SLE,1979,1572.0,0.031010236742559982,26.3,7.92486824407111,3271000.0
7788,SLE,1980,1584.0,0.007604599385219402,26.2,7.900303100573046,3335000.0
7789,SLE,1981,1615.0,0.019381663282385553,26.2,7.962067308753666,3402000.0
7790,SLE,1982,1610.0,-0.0031007776782479013,26.0,7.870891428087797,3472000.0
7791,SLE,1983,1575.0,-0.02197890671877545,26.5,7.903965634032166,3546000.0
7792,SLE,1984,1608.0,0.02073589847917834,26.3,7.760594898275675,3623000.0
7793,SLE,1985,1610.0,0.0012430082395971098,26.1,7.797373439440457,3703000.0
7794,SLE,1986,1597.0,-0.008107309763496495,25.9,7.745738463587531,3787000.0
7795,SLE,1987,1624.0,0.01676537250661081,26.7,7.786053343346197,3876000.0
7796,SLE,1988,1626.0,0.0012307693861322022,26.3,7.811527986297319,3968000.0
7797,SLE,1989,1642.0,0.009791999904617654,26.2,7.900191905035579,4064000.0
7798,SLE,1990,1635.0,-0.004272206681019242,26.4,7.745824976261692,4228000.0
7799,SLE,1991,1467.388793727372,-0.10815831390263764,26.3,7.769843224841976,4335000.0
7800,SLE,1992,1354.9681968921223,-0.07970650731868467,26.2,8.033301568890328,4246000.0
7801,SLE,1993,1405.1628052991766,0.03637518860252609,26.3,7.850454224132593,4100000.0
7802,SLE,1994,1500.2092032660335,0.06545139549689072,26.1,7.933223233612244,3978000.0
7803,SLE,1995,1383.1081263582325,-0.0812713351291734,26.3,7.913447861718553,3881000.0
7804,SLE,1996,1060.5624229843488,-0.2655338769649722,26.4,7.897222120389449,3811000.0
7805,SLE,1997,885.2984434245676,-0.18062982174612596,26.5,7.831974497178414,3765000.0
7806,SLE,1998,882.7293411817113,-0.0029061806306662774,26.9,8.001221013497368,3746000.0
7807,SLE,1999,814.1232670083349,-0.08090684352971778,26.2,7.921862139056583,3736000.0
7808,SLE,2000,828.7938643016843,0.01785968015812056,26.3,7.911653876577808,3809000.0
7809,SLE,2001,923.0457940799239,0.10770737929296903,26.5,7.907246803449053,4043000.0
7810,SLE,2002,1101.7503787079665,0.17697659979527636,26.7,7.90625252964727,4287000.0
7811,SLE,2003,1156.5191198609707,0.04851456660104958,26.5,7.855622194291036,4466000.0
7812,SLE,2004,1197.1529299055676,0.03453144433147326,26.6,7.915165604223776,4602000.0
7813,SLE,2005,1223.701532685877,0.02193412910448611,26.7,7.836409269839691,4708000.0
7814,SLE,2006,1247.2527561665413,0.019063029041318735,26.8,8.026594941330215,4818000.0
7815,SLE,2007,1320.7576623169489,0.05726222098337708,26.8,7.86022363697488,4918000.0
7816,SLE,2008,1363.4875553892348,0.03184023776653788,26.5,7.9024134699303055,5023000.0
7817,SLE,2009,1378.3579388606304,0.010847094999152596,26.5,7.903115937839772,5132000.0
7818,SLE,2010,1421.152059855328,0.03057496113616409,26.8,7.927757167068335,5246000.0
7819,SLE,2011,1479.0,0.03989833129208176,26.5,7.9068786691495045,5364000.0
7820,SLE,2012,1665.0,0.11845893970374455,26.3,7.905884029071925,5486000.0
7821,SLE,2013,1965.0,0.16566712188881727,26.5,7.908056222183458,5613000.0
7822,SLE,2014,2007.0,0.02114882449297628,26.4,7.899005049321747,5744000.0
7823,SLE,2015,1563.0,-0.25003401837486106,26.6,7.917427058353599,5879000.0
7824,SLE,2016,1622.4203469810366,0.037312024181901826,26.9,7.91216677225142,6019000.0
7825,SLE,2017,1643.3286980211972,0.012804803084512706,26.8,7.90411333361149,6163195.0
7826,SLE,2018,1660.4270190798857,0.010350930991625873,26.6,7.905146620292841,6312212.0
7827,SLE,2019,1707.371384348127,0.027880175974191346,26.5,7.831537876614588,6461196.879177326
7828,SLE,2020,1635.7129817131436,-0.04287620193289232,26.9,7.876410731062155,6611462.462878507
7829,SLE,2021,1665.1047733503528,0.01780926465105992,27.2,7.949267975609674,6761349.857344117
7830,SLE,2022,1690.498186605573,0.0151352220784009,26.5,7.914836903137929,6909957.350235417
7831,SLV,1961,2821.0,0.0028399025121395027,24.5,7.447051734723822,2664838.0
7832,SLV,1962,3062.0,0.08197686521563252,24.3,7.527417370279605,2747687.0
7833,SLV,1963,3096.0,0.011042658491989599,24.3,7.345558495002246,2836090.0
7834,SLV,1964,3282.0,0.058342036940418396,24.5,7.449090708952699,2923870.0
7835,SLV,1965,3351.0,0.0208058160872735,24.4,7.349359433706175,3017852.0
7836,SLV,1966,3464.0,0.03316518194501583,24.3,7.613226209230914,3128206.0
7837,SLV,1967,3534.0,0.02000638319731607,24.3,7.183794839649844,3232927.0
7838,SLV,1968,3524.0,-0.002833665823571252,24.1,7.559924202813525,3347320.0
7839,SLV,1969,3520.0,-0.001135718463928015,24.8,7.768744695071203,3469177.0
7840,SLV,1970,3488.0,-0.009132483563272231,24.5,7.623397537369454,3603907.0
7841,SLV,1971,3553.0,0.01846381099215577,24.4,7.2120732050853436,3710335.0
7842,SLV,1972,3668.0,0.03185423735532922,24.9,7.116637620944077,3791291.0
7843,SLV,1973,3767.0,0.026632374315685325,24.8,7.531445194526861,3878991.0
7844,SLV,1974,3912.0,0.03776982346266777,24.3,7.502186486602924,3973004.0
7845,SLV,1975,4030.0,0.029717623786019942,24.7,7.357683743796821,4072847.0
7846,SLV,1976,4084.0,0.013310524343827623,24.5,7.2870132949211275,4176875.0
7847,SLV,1977,4221.0,0.03299516649794221,25.0,7.230056145829533,4285219.0
7848,SLV,1978,4375.0,0.03583445300921717,24.8,7.400131759079598,4399428.0
7849,SLV,1979,4194.0,-0.04225158732985079,24.8,7.654253635039077,4511750.0
7850,SLV,1980,3781.0,-0.10366640757093215,25.1,7.552394755477039,4570410.0
7851,SLV,1981,3507.0,-0.07522755375075363,24.8,7.6061884639713195,4519721.0
7852,SLV,1982,3339.0,-0.0490896101965248,25.0,7.389810989252014,4479917.0
7853,SLV,1983,3330.0,-0.00269905696916517,25.3,7.381564159068851,4526713.0
7854,SLV,1984,3357.0,0.008075414005546122,24.5,7.459454095957708,4593745.0
7855,SLV,1985,3366.0,0.002677377770716305,24.8,7.282761179605593,4671054.0
7856,SLV,1986,3327.0,-0.011654098732273965,24.8,7.174341388139183,4758322.0
7857,SLV,1987,3351.0,0.0071878117188326485,25.2,7.251699530442051,4850135.0
7858,SLV,1988,3344.0,-0.0020911135327175145,25.1,7.696167183767863,4938989.0
7859,SLV,1989,3322.0,-0.006600684031353055,24.8,7.503179371013467,5024777.0
7860,SLV,1990,3378.0,0.016716807194505634,25.0,7.3098814858247865,5109818.0
7861,SLV,1991,3493.5760993829613,0.0336420635227519,25.2,7.319003631846029,5196237.0
7862,SLV,1992,3750.517218149534,0.0709678734030792,25.1,7.696803373919286,5286006.0
7863,SLV,1993,4052.957777811832,0.07755317476550161,25.0,7.581515745741892,5330663.0
7864,SLV,1994,4316.398047135765,0.06297433900146743,25.2,7.180602862475462,5388412.0
7865,SLV,1995,4592.283572034612,0.06195614152404616,25.3,7.52310306708767,5469886.0
7866,SLV,1996,4671.3390162401065,0.01706834722622652,24.8,7.541470875772656,5551117.0
7867,SLV,1997,4882.680166858979,0.0442485257935612,25.3,7.425536655314134,5620865.0
7868,SLV,1998,5077.892057876197,0.03920194261592158,25.5,7.440557635551497,5692741.0
7869,SLV,1999,5263.886755364256,0.03597345451473899,24.7,7.416438609676094,5766694.0
7870,SLV,2000,5403.714735813695,0.026216950352493384,24.9,7.42684664716516,5825336.0
7871,SLV,2001,5550.186827886887,0.02674495876869365,25.3,7.394861816127535,5855648.0
7872,SLV,2002,5751.060665261519,0.03555271144760752,25.4,7.334590412826494,5868695.0
7873,SLV,2003,5957.201137600365,0.03521646167011916,25.5,7.387090235656757,5880201.0
7874,SLV,2004,6145.979871833931,0.031197425708498372,25.4,7.422792023519593,5887619.0
7875,SLV,2005,6441.495818668856,0.046962594425087545,25.3,7.458993213359389,5899475.0
7876,SLV,2006,6782.2312136035125,0.05154535224161094,25.3,7.563044816985842,5905773.0
7877,SLV,2007,7139.182139582173,0.051292088146547954,25.2,7.408106234454107,5911386.0
7878,SLV,2008,7312.655835061748,0.02400829959501749,25.2,7.59583966519962,5933968.0
7879,SLV,2009,7166.159194236818,-0.02023668925671629,25.5,7.263399692106345,5954121.0
7880,SLV,2010,7351.114557716724,0.025482108382300694,25.1,7.463363045520021,5966820.0
7881,SLV,2011,7607.0,0.03421693378100166,25.3,7.453967351418385,5984029.0
7882,SLV,2012,7726.0,0.015522388228925266,25.4,7.409015297878427,6032632.0
7883,SLV,2013,7845.0,0.01528512194090581,25.3,7.481217616596103,6120762.0
7884,SLV,2014,7935.0,0.01140696779337702,25.4,7.289473993360301,6178560.0
7885,SLV,2015,8109.0,0.021691201984047837,25.8,7.377821406274829,6205417.0
7886,SLV,2016,8289.273325022343,0.021987752529954108,25.8,7.422194366317963,6248422.0
7887,SLV,2017,8454.199857591828,0.01970103396799061,25.6,7.424642494126723,6304028.0
7888,SLV,2018,8644.790469756123,0.022293539221664105,25.2,7.360040357734192,6368351.0
7889,SLV,2019,8849.833948588395,0.023441814290416474,25.6,7.199155430802329,6372282.806157948
7890,SLV,2020,8137.974501038323,-0.08385737971828888,25.8,7.479299637782834,6384980.257063906
7891,SLV,2021,9017.391421748993,0.10261377663153581,25.6,7.414151105668742,6406730.501399859
7892,SLV,2022,9218.905498814594,0.022101228180167354,25.3,7.450079569807499,6429281.312202551
7893,SRB,1961,4038.0,0.02254039831941057,10.35,6.54965074223381,6728352.0
7894,SRB,1962,4237.0,0.048105951753775855,9.2,6.684924178849973,6785822.0
7895,SRB,1963,4713.0,0.10646917629717123,9.15,6.7722791394196875,6843366.0
7896,SRB,1964,5166.0,0.09177404673205558,9.0,6.748935381973274,6900986.0
7897,SRB,1965,5231.0,0.012503769714825808,8.85,6.6131157259628575,6958681.0
7898,SRB,1966,5649.0,0.07687607395465079,10.25,6.822197390620491,7016451.0
7899,SRB,1967,5703.0,0.009513813831276252,9.8,6.66956153962155,7074296.0
7900,SRB,1968,5761.0,0.010118718575844454,9.9,6.732985138341017,7132217.0
7901,SRB,1969,6379.0,0.10190027450957295,9.15,6.825894252501817,7190213.0
7902,SRB,1970,6515.0,0.021095865316988593,9.35,6.808818531122114,7248285.0
7903,SRB,1971,7084.0,0.08373150934377982,9.55,6.633055240753525,7306432.0
7904,SRB,1972,7347.0,0.03645334671755229,9.75,6.7488181624209185,7337520.0
7905,SRB,1973,7716.0,0.049004028405342126,9.3,6.671463162912652,7368646.0
7906,SRB,1974,8322.0,0.07560651551726671,9.8,6.791165281372762,7399811.0
7907,SRB,1975,8498.0,0.02092823113187059,9.9,6.622869293832357,7431015.0
7908,SRB,1976,8877.0,0.04363282039356342,9.05,6.81195998152727,7462259.0
7909,SRB,1977,9529.0,0.07087611827986784,9.85,6.639091212366118,7493541.0
7910,SRB,1978,9958.0,0.044036467853940664,8.75,6.762440447817278,7524862.0
7911,SRB,1979,10772.0,0.07857392672936214,9.9,6.8277375709961055,7556223.0
7912,SRB,1980,10724.0,-0.004465954575639586,8.55,6.839690548068008,7587622.0
7913,SRB,1981,10888.0,0.015177044975450471,9.7,6.821925022376944,7619061.0
7914,SRB,1982,10949.0,0.005586862542124038,9.75,6.614792622086431,7645035.0
7915,SRB,1983,10707.0,-0.022350394715155986,10.05,6.539802695133744,7670692.0
7916,SRB,1984,10866.0,0.01474091495319918,9.3,6.593249992486481,7695799.0
7917,SRB,1985,10839.0,-0.002487907295718017,8.8,6.56237346973098,7719700.0
7918,SRB,1986,11180.0,0.03097572689333994,9.55,6.604282520624032,7739838.0
7919,SRB,1987,10973.0,-0.018688757718290816,9.3,6.742172838192459,7755900.0
7920,SRB,1988,10793.0,-0.016539934165452408,9.85,6.549364578259901,7768886.0
7921,SRB,1989,10963.0,0.01562819084919198,10.05,6.5782785168733104,7779554.0
7922,SRB,1990,9754.0,-0.11684850940454083,10.5,6.444369702037977,7786397.0
7923,SRB,1991,8858.006877188405,-0.09635567540553502,9.25,6.7512768921457,7684950.0
7924,SRB,1992,6567.669791318865,-0.29916268637381016,10.5,6.52795791762255,7645530.0
7925,SRB,1993,4673.641582575963,-0.34022054556366044,9.65,6.452600852586607,7639680.0
7926,SRB,1994,4910.816393581955,0.049501649645268486,11.1,6.515453157400254,7634410.0
7927,SRB,1995,5325.488232393373,0.08106419463682002,9.95,6.825405745965112,7624990.0
7928,SRB,1996,5710.196717778003,0.06974908029727445,9.2,6.7903221820900415,7641350.0
7929,SRB,1997,6288.024121515584,0.09639341671421953,9.55,6.609281855452135,7627470.0
7930,SRB,1998,6603.711178938227,0.04898489960175034,10.05,6.745353989623313,7609130.0
7931,SRB,1999,5532.541325559333,-0.17698452832549982,10.25,6.839048080972346,7610970.0
7932,SRB,2000,6059.583022178812,0.09099372697782115,11.3,6.334522195087529,7586690.0
7933,SRB,2001,6542.67954226357,0.07670580800838067,10.25,6.66574741002153,7573650.0
7934,SRB,2002,7155.57619129481,0.08954514214564391,11.1,6.72844917114864,7570220.0
7935,SRB,2003,7637.832244100493,0.0652218855875617,10.15,6.617803967086313,7550600.0
7936,SRB,2004,8512.167897092968,0.10838283192312481,10.0,6.802561416103631,7533000.0
7937,SRB,2005,9198.414474122346,0.07753447227625898,9.55,6.8679744089702925,7510400.0
7938,SRB,2006,9902.426087512946,0.07374865702966993,10.3,6.71149705644931,7480930.0
7939,SRB,2007,10768.94237882069,0.08388649921654334,11.45,6.77776048236595,7450660.0
7940,SRB,2008,11650.228005412013,0.07865946542050217,11.25,6.65524728153801,7419010.0
7941,SRB,2009,11576.588805870948,-0.006340898701139963,11.15,6.818650803899316,7389320.0
7942,SRB,2010,11963.555065920891,0.03288009826895255,10.2,6.980680408996694,7359680.0
7943,SRB,2011,12463.0,0.04089930417623222,10.5,6.313457462464361,7304240.0
7944,SRB,2012,12438.255912530254,-0.0019873773195140387,11.05,6.617737146732808,7268890.0
7945,SRB,2013,12860.450783178694,0.03337989379471651,11.0,6.725813650006468,7233620.0
7946,SRB,2014,12717.726229595755,-0.011159984921066624,11.65,6.97176240895643,7198530.0
7947,SRB,2015,13013.853795209632,0.023017680187583878,11.45,6.692393868109982,7161780.0
7948,SRB,2016,13518.949698102368,0.038077915959618736,10.9,6.877141420364301,7124370.0
7949,SRB,2017,13876.650483954425,0.026115223810995403,11.05,6.6492435838301365,7086560.0
7950,SRB,2018,14579.859039663499,0.04943345211571426,11.85,6.6677834226864325,7047950.0
7951,SRB,2019,15293.246244553162,0.04777025054613304,12.05,6.742762704309957,7010240.0
7952,SRB,2020,15256.421028303836,-0.0024108435457979027,11.4,6.681231019508449,6963690.0
7953,SRB,2021,16563.828727107542,0.08222086008887075,10.7,6.7779882209230715,6898290.0
7954,SRB,2022,17097.685872556907,0.031721799699072406,11.7,6.580639137284949,6833360.0
7955,SVK,1986,12242.0,0.03550275179000728,7.1,6.470489858324175,5172084.0
7956,SVK,1987,12473.0,0.01869364571469312,6.6,6.685486345078588,5199318.0
7957,SVK,1988,12659.0,0.014802116511120289,7.7,6.61445746774472,5223222.0
7958,SVK,1989,12734.0,0.005907156940141434,8.3,6.641834698311869,5244662.0
7959,SVK,1990,12374.0,-0.028678084486037037,8.4,6.625657584824257,5262616.0
7960,SVK,1991,10537.410328102422,-0.16066568360565014,7.3,6.6433990318338525,5247720.0
7961,SVK,1992,9838.614858401148,-0.06861687877015399,8.2,6.543911845564792,5271560.0
7962,SVK,1993,10481.115283624136,0.06326015869082013,7.5,6.491178666119254,5289440.0
7963,SVK,1994,11063.948714243934,0.054116865555878135,8.7,6.670639570101044,5311190.0
7964,SVK,1995,11874.398003782333,0.07069269523768007,7.8,6.695675300023907,5327540.0
7965,SVK,1996,12622.909575022642,0.06112872901843858,6.4,6.742998553367654,5337760.0
7966,SVK,1997,13335.458993944932,0.05491319404914563,7.3,6.67228607797729,5347510.0
7967,SVK,1998,13822.187404715625,0.035848506729291074,7.9,6.7530877989699984,5354830.0
7968,SVK,1999,13750.333090346365,-0.005212035442617946,8.2,6.783551675522831,5359570.0
7969,SVK,2000,13904.985372649815,0.01118438716479453,9.1,6.648855007955808,5364630.0
7970,SVK,2001,14361.901212738569,0.03233151555028435,7.8,6.792119935383212,5343600.0
7971,SVK,2002,14984.731124978656,0.042452806376575225,8.6,6.741228328086823,5342730.0
7972,SVK,2003,15773.094799653822,0.051273870072762406,8.0,6.449522105335317,5343400.0
7973,SVK,2004,16570.8618948388,0.04934021772920438,7.8,6.731376031643812,5346410.0
7974,SVK,2005,17649.520382025807,0.0630627637219412,7.5,6.773652294458657,5351120.0
7975,SVK,2006,19099.42767736892,0.0789497608807892,8.0,6.612444179365865,5354910.0
7976,SVK,2007,21109.938847246776,0.10008559492622382,8.9,6.728628613084702,5360520.0
7977,SVK,2008,22231.988155805393,0.05178819469151286,9.0,6.686859200208406,5369750.0
7978,SVK,2009,20953.03666184011,-0.05924857576233045,8.5,6.805390272304109,5381570.0
7979,SVK,2010,21941.21216159036,0.046083118330548345,7.5,7.063219381606209,5393700.0
7980,SVK,2011,22483.0,0.024392765824931217,8.5,6.49586960307105,5362050.0
7981,SVK,2012,22745.20359264121,0.011594823997400638,8.5,6.567656474305226,5370130.0
7982,SVK,2013,22860.525289030276,0.005057344549156184,8.4,6.7232312986329825,5376850.0
7983,SVK,2014,23453.04070011222,0.025588517242962183,9.5,6.806165423220504,5382370.0
7984,SVK,2015,24647.71891500122,0.049684203393139725,9.4,6.566109683586927,5386120.0
7985,SVK,2016,25087.71398638774,0.01769388642645886,8.8,6.8605588441511625,5394530.0
7986,SVK,2017,25788.75568340106,0.027560327014972685,8.8,6.744412480785964,5402070.0
7987,SVK,2018,26790.651474299288,0.03811443037421114,9.6,6.618471925163382,5409630.0
7988,SVK,2019,27429.225254812518,0.023556059026235587,9.7,6.70502691241052,5416820.0
7989,SVK,2020,26468.295104739835,-0.03566145452428948,9.4,6.8019502200851605,5424040.0
7990,SVK,2021,27365.6226058327,0.033339970661208085,8.4,6.682108597449809,5404320.0
7991,SVK,2022,27519.287937396715,0.005599562122222679,9.4,6.546785410760524,5463820.0
7992,SVN,1961,7760.0,0.0797742729149924,9.3,7.04333457322396,1571851.0
7993,SVN,1962,8027.0,0.033828524954312655,7.7,7.269059491304532,1582962.0
7994,SVN,1963,8871.0,0.09997667038900993,8.0,7.149916836132109,1595028.0
7995,SVN,1964,9624.0,0.08147244913392804,8.2,7.173268426662856,1606083.0
7996,SVN,1965,9589.0,-0.0036433705008338535,7.9,7.3351123335064,1620052.0
7997,SVN,1966,10029.0,0.044864287934528235,9.2,7.1765602956642285,1632029.0
7998,SVN,1967,10264.0,0.023161731207263614,9.1,6.9985096422506015,1646912.0
7999,SVN,1968,10822.0,0.052938471907207685,8.7,7.022333183689573,1657849.0
8000,SVN,1969,11775.0,0.0843975406819375,8.2,7.167886282346627,1666805.0
8001,SVN,1970,12803.0,0.08370087856156161,8.2,7.121010097545977,1675739.0
8002,SVN,1971,13657.0,0.06457269223224493,8.6,6.7982751783633155,1685624.0
8003,SVN,1972,14269.0,0.04383714125215121,8.5,7.28749223851757,1694510.0
8004,SVN,1973,15079.0,0.0552136954352207,8.4,7.020816071266151,1703373.0
8005,SVN,1974,16420.0,0.08519705664062371,9.0,7.091742115095153,1713184.0
8006,SVN,1975,17205.0,0.04669993522516158,9.1,7.0857340863419545,1722000.0
8007,SVN,1976,17462.0,0.01482705213917157,8.4,7.010311867307229,1734454.0
8008,SVN,1977,18595.0,0.06286563598841788,9.1,6.952633037760223,1746919.0
8009,SVN,1978,20014.0,0.07353930129123043,7.8,6.993290567088399,1759395.0
8010,SVN,1979,21367.0,0.06541564709258729,8.7,7.24608293610281,1772854.0
8011,SVN,1980,21151.0,-0.010160490062414596,7.8,7.109389146808464,1833000.0
8012,SVN,1981,20929.0,-0.01055142869059722,8.8,6.960916827096369,1839256.0
8013,SVN,1982,20535.0,-0.019005009599318612,9.0,7.11085937495862,1861252.0
8014,SVN,1983,20451.0,-0.004098966359762812,9.4,6.837976384374221,1878555.0
8015,SVN,1984,20650.0,0.009683538358283172,8.3,7.047256317759695,1896413.0
8016,SVN,1985,20663.0,0.0006293418744256485,8.0,7.10052209363763,1914220.0
8017,SVN,1986,21122.0,0.021970490042814816,8.4,7.045776576879511,1932129.0
8018,SVN,1987,20851.0,-0.012913242598898478,8.3,7.158202664823692,1945870.0
8019,SVN,1988,20083.0,-0.03752822267084177,9.2,6.999696152680494,1961775.0
8020,SVN,1989,19837.0,-0.012324805308569609,9.4,7.047343293189191,1976217.0
8021,SVN,1990,18093.0,-0.09202375760901305,9.6,7.0909098220799835,1991210.0
8022,SVN,1991,16401.959143209984,-0.09812433548975008,8.5,7.115013321066123,1999480.0
8023,SVN,1992,15462.710161800309,-0.0589694583119762,9.9,7.054795021631452,1999210.0
8024,SVN,1993,15872.120262629578,0.026132798209172137,9.1,6.9985096422506015,1999930.0
8025,SVN,1994,16664.705793480003,0.04872892990284683,10.4,7.071063896594161,2001040.0
8026,SVN,1995,17816.801007646427,0.06684883151322119,9.2,7.105293801580952,2002830.0
8027,SVN,1996,18376.246201058384,0.03091697430448548,8.2,7.1783166246255,2004000.0
8028,SVN,1997,19258.945870208223,0.046916810049989266,9.0,6.959588427622155,2000450.0
8029,SVN,1998,19851.0571234378,0.03028158798902858,9.5,7.112327444710911,1996440.0
8030,SVN,1999,20793.918028220585,0.046403280155958626,9.5,7.129938369201223,1997810.0
8031,SVN,2000,21501.33672789827,0.03345456513161338,10.6,7.027669375647474,2003540.0
8032,SVN,2001,22006.953787735067,0.023243378084293553,9.4,6.894872653151124,2006110.0
8033,SVN,2002,22725.31198460027,0.03212088398874435,10.2,7.05695084534399,2009210.0
8034,SVN,2003,23257.421804062007,0.023144929808761816,9.6,6.802950164616011,2010470.0
8035,SVN,2004,24150.58403741057,0.03768426507652123,9.1,7.127934440832331,2011470.0
8036,SVN,2005,24966.938788671512,0.03324393765854161,8.8,7.105293801580952,2015030.0
8037,SVN,2006,26182.779667560655,0.04754942886865088,9.5,6.938866274007189,2022120.0
8038,SVN,2007,27832.763784800765,0.06111195008074333,10.4,7.024293095230089,2033220.0
8039,SVN,2008,28473.59572919677,0.02276331204003057,10.3,7.074286149869768,2036340.0
8040,SVN,2009,25905.512673566198,-0.09452140160129296,10.1,7.168888016200381,2056170.0
8041,SVN,2010,26000.92065154155,0.003676156472707248,9.1,7.203851850034936,2063380.0
8042,SVN,2011,26004.0,0.00011842527297289962,10.1,6.807050574860505,2067429.9999999998
8043,SVN,2012,25269.23230597422,-0.028662831064286465,10.3,7.063561730120337,2071389.9999999998
8044,SVN,2013,24975.362422209386,-0.011697705448833418,10.0,7.187657164114956,2074190.0
8045,SVN,2014,25638.66031616144,0.026211545098606237,10.8,7.331387691045751,2076460.0
8046,SVN,2015,26186.24869395546,0.02113303304330394,10.7,7.117692002809065,2077969.9999999998
8047,SVN,2016,27004.71609980923,0.030777107143528326,10.2,7.297294236540043,2079310.0
8048,SVN,2017,28288.89031743463,0.046457638171018445,10.3,7.1872791637324545,2080500.0
8049,SVN,2018,29461.344295007955,0.040609881902962996,11.0,7.114525516178402,2086690.0
8050,SVN,2019,30229.29866394322,0.025732567331841594,11.0,7.2140628155570825,2103860.0
8051,SVN,2020,28733.302552143603,-0.0507547907905046,10.7,7.249428254002522,2117750.0
8052,SVN,2021,31019.943002566433,0.07657350257540152,9.8,7.008053000297501,2122710.0
8053,SVN,2022,32673.760789455726,0.0519420131440107,11.1,6.9018378052181,2123580.0
8054,SWE,1961,14564.0,0.05033970245260733,3.4,6.476972362889683,7520000.0
8055,SWE,1962,15093.0,0.03567832986410302,1.5,6.3833377016966795,7562000.0
8056,SWE,1963,15808.0,0.04628508082822158,2.0,6.327400925897314,7604000.0
8057,SWE,1964,16761.0,0.058538618139609255,2.6,6.342473469420088,7661000.0
8058,SWE,1965,17239.0,0.028119499767720768,1.6,6.401751345495359,7734000.0
8059,SWE,1966,17432.0,0.011133338729477416,1.0,6.47126379226885,7808000.0
8060,SWE,1967,17883.0,0.025542943263578977,2.7,6.528104105766952,7868000.0
8061,SWE,1968,18428.0,0.03002070616777175,1.7,6.329542636514291,7912000.0
8062,SWE,1969,19215.0,0.04181997694313644,1.7,6.240080894395223,7968000.0
8063,SWE,1970,20269.0,0.053401401239021595,1.5,6.36784407432105,8043000.0
8064,SWE,1971,20320.0,0.002512997454452659,2.3,6.330967899538387,8098000.0
8065,SWE,1972,20725.0,0.01973507831107746,3.1,6.323821183395508,8122000.0
8066,SWE,1973,21509.0,0.0371307511729384,2.7,6.372124536297175,8137000.0
8067,SWE,1974,22132.0,0.028553072841566163,3.5,6.474507789861521,8161000.0
8068,SWE,1975,22607.0,0.021235067797819696,3.8,6.292679633842347,8193000.0
8069,SWE,1976,22765.0,0.0069646759530623825,1.8,6.164787403438236,8222000.0
8070,SWE,1977,22322.0,-0.019651529553222247,2.0,6.478048706500939,8252000.0
8071,SWE,1978,22646.0,0.014410496658324945,1.4,6.294896929650995,8276000.0
8072,SWE,1979,23465.0,0.03552671335453361,1.6,6.4760488596687455,8294000.0
8073,SWE,1980,23809.0,0.01455371121038418,1.6,6.3799530310090296,8310000.0
8074,SWE,1981,23777.0,-0.0013449335865001188,1.5,6.509067155152996,8320000.0
8075,SWE,1982,24002.0,0.0094184333389844,2.6,6.360265670844555,8325000.0
8076,SWE,1983,24412.0,0.016937654472998886,2.9,6.4731187935736925,8329000.0
8077,SWE,1984,25357.0,0.03798001135922213,2.9,6.459434860567543,8337000.0
8078,SWE,1985,25805.0,0.017513445559218965,0.4,6.542183734535649,8350000.0
8079,SWE,1986,26309.0,0.019342814367336203,1.8,6.431331081933479,8370000.0
8080,SWE,1987,27016.0,0.026518197115240838,0.9,6.482342533064276,8398000.0
8081,SWE,1988,27468.0,0.01659240767516401,2.8,6.482495543545793,8436000.0
8082,SWE,1989,27933.0,0.016787094816072212,4.1,6.372466183037772,8493000.0
8083,SWE,1990,28068.0,0.004821351815539998,4.1,6.486160788944089,8559000.0
8084,SWE,1991,27614.034633396557,-0.016305992699846783,3.1,6.377067026119895,8617000.0
8085,SWE,1992,27198.52871669005,-0.01516126414939123,3.6,6.487075005067492,8668000.0
8086,SWE,1993,26558.825037287952,-0.02380079496502141,2.6,6.4775875582336,8718700.0
8087,SWE,1994,27505.955365905447,0.03504045441147596,2.7,6.338240658867467,8780800.0
8088,SWE,1995,28519.444061538572,0.03618356243541676,2.8,6.430364431302384,8827000.0
8089,SWE,1996,29012.104700260545,0.017127043932468666,2.0,6.331145914670143,8841100.0
8090,SWE,1997,29862.666688537218,0.02889594814934071,3.3,6.356454822650428,8846200.0
8091,SWE,1998,31187.16462765559,0.0433975255275687,2.5,6.627776790915388,8851100.0
8092,SWE,1999,32705.21494834704,0.04752792369852621,3.3,6.508023702721733,8858000.0
8093,SWE,2000,34202.60423690123,0.04476724471673599,4.1,6.6866097303306,8872200.0
8094,SWE,2001,34666.662647201985,0.013476706079842415,2.8,6.550508743144447,8896100.0
8095,SWE,2002,35569.77395565354,0.02571773649745346,3.4,6.359400843323733,8925100.0
8096,SWE,2003,36435.75404729284,0.02405431556875115,3.3,6.339653587396416,8958300.0
8097,SWE,2004,38016.063467838416,0.04245824664874753,3.3,6.45833828334479,8993600.0
8098,SWE,2005,39258.99201022208,0.03217172054970696,3.6,6.433582972864182,9029700.0
8099,SWE,2006,40992.29948287679,0.04320371778176657,3.9,6.45378246680893,9080600.0
8100,SWE,2007,42399.84444197382,0.033760461836225275,3.8,6.5093650845459345,9148190.0
8101,SWE,2008,42189.96398768368,-0.0049623208486195836,4.0,6.526934001786732,9219740.0
8102,SWE,2009,40116.31067653794,-0.0503993709106858,3.3,6.471727865291332,9298620.0
8103,SWE,2010,42634.75446263513,0.060886751470636824,1.4,6.450628387550081,9378240.0
8104,SWE,2011,42079.0,-0.013120949232616752,4.1,6.500538637835167,9449320.0
8105,SWE,2012,41523.14327866962,-0.013297862726112442,2.7,6.585067597331541,9519480.0
8106,SWE,2013,41661.80656239522,0.0033338581659982935,3.5,6.352455165114317,9600490.0
8107,SWE,2014,42346.83738208002,0.016308940872013622,4.3,6.429558174707874,9696220.0
8108,SWE,2015,43782.457073897145,0.03333947352403932,4.1,6.5141199226275495,9799300.0
8109,SWE,2016,44131.03197238085,0.00792999410978723,3.7,6.421459652959424,9923200.0
8110,SWE,2017,44658.48268067305,0.011881063094040911,3.3,6.500087747318773,10057810.0
8111,SWE,2018,45003.492394454086,0.007695824596270384,3.9,6.268338420843159,10175330.0
8112,SWE,2019,45434.40294807441,0.009529496743503785,3.7,6.5036891917876805,10279010.0
8113,SWE,2020,44128.33196694781,-0.029167567866675626,4.8,6.484177115447046,10353560.0
8114,SWE,2021,46226.54465711257,0.04645216836784982,3.2,6.393757964050511,10415930.0
8115,SWE,2022,47126.12706715542,0.019273369257351902,4.0,6.387215963028507,10487060.0
8116,SWZ,1961,861.0,0.0949618084369277,21.3,6.554503042320907,360775.0
8117,SWZ,1962,1017.0,0.16651789162082942,21.5,6.482495543545793,370006.0
8118,SWZ,1963,1047.0,0.02907181482197707,21.0,6.533934176208434,379526.0
8119,SWZ,1964,1172.0,0.11278275926642056,21.0,6.429396845353648,389347.0
8120,SWZ,1965,1320.0,0.11892004544345891,21.0,6.266061380011108,399481.0
8121,SWZ,1966,1341.0,0.015783867701261833,21.3,6.783778099162426,409941.0
8122,SWZ,1967,1431.0,0.06495789627477233,20.9,6.721787081267985,420690.0
8123,SWZ,1968,1329.0,-0.07394672084320497,20.8,6.54534966033442,431797.0
8124,SWZ,1969,1350.0,0.015677812719229856,21.5,6.895075225824763,443277.0
8125,SWZ,1970,1704.0,0.23287383595678524,21.6,6.229299647165181,455145.0
8126,SWZ,1971,1722.0,0.010507977598415152,21.1,6.711983674463778,467416.0
8127,SWZ,1972,1889.0,0.09256118251383327,21.2,6.9000254809201955,480105.0
8128,SWZ,1973,1902.0,0.0068583756038265165,21.3,6.810583367229864,493232.0
8129,SWZ,1974,2204.0,0.14736792716746905,21.2,6.555356891810665,506812.0
8130,SWZ,1975,2856.0,0.25914815318667017,21.0,6.923530198097499,520864.00000000006
8131,SWZ,1976,3142.0,0.0954374953560917,21.0,6.850549805211358,535618.0
8132,SWZ,1977,3083.0,-0.018956390929416145,21.7,6.867245735643927,551420.0
8133,SWZ,1978,3030.0,-0.01734052938273578,21.5,6.912344731315945,568347.0
8134,SWZ,1979,2990.0,-0.013289232118681937,21.7,6.4129670329137705,588291.0
8135,SWZ,1980,2946.0,-0.014825069362156995,21.3,6.647558663465216,611456.0
8136,SWZ,1981,3049.0,0.03436534996567886,21.0,6.924514062797091,631276.0
8137,SWZ,1982,3005.0,-0.014536100018947451,21.6,6.268148865350222,649864.0
8138,SWZ,1983,2888.0,-0.039713346956590456,22.2,6.626320319290823,672532.0
8139,SWZ,1984,2858.0,-0.010442141522903903,21.7,6.938478451624977,696517.0
8140,SWZ,1985,2812.0,-0.016226105559256965,22.0,6.657882667925903,721809.0
8141,SWZ,1986,3210.0,0.13237496319350495,21.8,6.45833828334479,749671.0
8142,SWZ,1987,3403.0,0.05838645837684453,22.0,6.669117306709278,777809.0
8143,SWZ,1988,3492.0,0.025817242458588296,21.7,6.706250902771409,815127.0
8144,SWZ,1989,3668.0,0.049171916416861805,21.6,6.721907512411624,849082.0
8145,SWZ,1990,3881.0,0.05644629799255085,21.7,6.493451222206768,881354.0
8146,SWZ,1991,3851.2898253408503,-0.007684740624549491,21.8,6.54405572010644,921478.0
8147,SWZ,1992,3901.400080273145,0.012927371891946038,22.6,6.164997597868857,956680.0
8148,SWZ,1993,3982.279378771353,0.020518879941416657,22.3,6.625657584824257,984309.0
8149,SWZ,1994,4134.208101060545,0.0374414353086312,21.4,6.395428529089879,987944.0
8150,SWZ,1995,4383.677498614182,0.058592184763277544,21.9,6.584515111129642,993789.0
8151,SWZ,1996,4514.549089619057,0.0294173288053301,21.5,6.761341260526601,1018491.0
8152,SWZ,1997,4620.918494284041,0.02328818114766662,21.6,6.81355448358331,1031563.0000000001
8153,SWZ,1998,4712.536264487054,0.019632754505900962,22.3,6.795370148387346,1032922.0
8154,SWZ,1999,4827.286285655636,0.02405821602374658,22.1,6.846624278977906,1033082.0000000001
8155,SWZ,2000,4894.520737984168,0.013831898557716826,21.2,7.272953793861746,1031828.0
8156,SWZ,2001,4976.904948171795,0.016691838768750245,21.6,6.772965952633498,1029857.0
8157,SWZ,2002,5136.724846010962,0.03160748540694058,21.8,6.328472354571239,1027991.0
8158,SWZ,2003,5377.557617340607,0.045818609740535976,22.1,6.552793153047079,1026252.0
8159,SWZ,2004,5559.470083461372,0.033268498366277655,22.2,6.712348482639527,1024634.0
8160,SWZ,2005,5867.2334289240525,0.053880420922427064,22.6,6.534950953113521,1023130.0
8161,SWZ,2006,6187.7661584555235,0.053190926564848695,21.9,6.692827882439268,1021329.0
8162,SWZ,2007,6467.820388739696,0.04426502964010659,22.1,6.5237091382472725,1018811.0
8163,SWZ,2008,6791.392164676074,0.04881678005326151,22.1,6.613518437559682,1016974.0
8164,SWZ,2009,7011.0953016053345,0.031837985115821255,22.0,6.684611727667927,1017183.0
8165,SWZ,2010,7192.751951767251,0.025579908333586587,22.4,6.492694277200526,1019398.0
8166,SWZ,2011,7389.0,0.026918562186102335,21.9,6.650408406326429,1024153.0
8167,SWZ,2012,7552.0,0.021820021036688786,22.3,6.805722553416985,1031925.0
8168,SWZ,2013,7805.0,0.03295212512419532,22.2,6.562020275081739,1041209.0000000001
8169,SWZ,2014,7927.0,0.015510099887624307,22.2,6.586585362369367,1050527.0
8170,SWZ,2015,7969.0,0.00528436056059256,22.8,6.36784407432105,1059815.0
8171,SWZ,2016,7993.149505711394,0.0030258486337739754,22.8,6.447622769531664,1069060.0
8172,SWZ,2017,8092.340340156796,0.012333114214570173,22.3,6.7602988095142615,1078215.0
8173,SWZ,2018,8219.499420037926,0.01559133214418118,22.7,6.6198065043018115,1087200.0
8174,SWZ,2019,8375.425303861011,0.018792549564171424,23.1,6.5489351786970165,1095805.386977908
8175,SWZ,2020,8167.689638966547,-0.02511577602008508,22.3,6.525322869984546,1106150.58926534
8176,SWZ,2021,8725.72467687463,0.0660894392086302,22.0,6.835077053484151,1117033.5696829099
8177,SWZ,2022,8522.449728189442,-0.023571695864735176,22.4,6.633976111699347,1125839.452339999
8178,SYC,1961,2995.0,-0.08386229472668383,26.8,8.053887083618223,43000.0
8179,SYC,1962,3174.0,0.058048390536804106,26.6,7.6846919852717654,44000.0
8180,SYC,1963,3384.0,0.06406581963975988,26.3,7.808972981358771,45000.0
8181,SYC,1964,3424.0,0.011751016535518133,26.3,7.892750840863279,47000.0
8182,SYC,1965,3351.0,-0.02155064952432184,26.3,7.990881610114799,48000.0
8183,SYC,1966,3351.0,0.0,26.8,7.613324979540639,49000.0
8184,SYC,1967,3277.0,-0.02233043903849463,26.7,7.744526499624958,50000.0
8185,SYC,1968,3470.0,0.057226224242089785,26.6,7.81375322137086,51000.0
8186,SYC,1969,3379.0,-0.026574786226614577,26.9,7.461927707251494,53000.0
8187,SYC,1970,3537.0,0.04569910249118969,26.9,7.346719635630705,54000.0
8188,SYC,1971,3987.0,0.11976015817587538,26.2,7.533693709848633,56000.0
8189,SYC,1972,4149.0,0.039828272951512034,26.6,7.6973937597308435,57000.0
8190,SYC,1973,4468.0,0.074073539856224,26.8,7.395782994072124,58000.0
8191,SYC,1974,4457.0,-0.0024649872425364094,26.0,7.88788428687947,58000.0
8192,SYC,1975,4506.0,0.010933948045634523,26.3,7.488405428314937,60000.0
8193,SYC,1976,5149.0,0.13339267905395147,26.4,7.5309627113374,61000.0
8194,SYC,1977,5491.0,0.0643078672327313,26.8,7.759144757272594,62000.0
8195,SYC,1978,5906.0,0.07285839502499591,26.9,7.7987692276714995,62000.0
8196,SYC,1979,6709.0,0.12748112525901867,26.8,7.490808536745009,63000.0
8197,SYC,1980,6424.0,-0.04340893193628936,26.9,7.4517061531799555,64000.0
8198,SYC,1981,5928.0,-0.08035408865067417,26.9,7.680960551712661,65000.0
8199,SYC,1982,5786.0,-0.024245681439843736,27.1,7.580291505637958,65000.0
8200,SYC,1983,5638.0,-0.025911813862022015,27.1,7.7918946508392075,66000.0
8201,SYC,1984,6030.0,0.06721761804717374,26.3,7.537376758662204,66000.0
8202,SYC,1985,6585.0,0.08804732445615038,26.5,7.6141147910142175,67000.0
8203,SYC,1986,6601.0,0.0024268175113881796,26.8,7.306464282593294,68000.0
8204,SYC,1987,6827.0,0.03366418572950991,27.3,7.50041892096376,68000.0
8205,SYC,1988,7114.0,0.04117933509012062,26.9,7.519041433061762,69000.0
8206,SYC,1989,7755.0,0.086273123102238,26.6,7.631334666662284,70000.0
8207,SYC,1990,8239.0,0.06054118070495207,26.8,7.643291226033869,71000.0
8208,SYC,1991,8570.673852880072,0.03946738145933537,27.0,7.701109719959108,72000.0
8209,SYC,1992,9304.808067773713,0.08218490430456526,26.6,7.8804263442924,73000.0
8210,SYC,1993,10009.914074817367,0.0730447462586028,26.6,7.626229017488091,73000.0
8211,SYC,1994,10060.824837873233,0.0050731437907938215,26.9,7.859644788096156,74000.0
8212,SYC,1995,10135.095823001377,0.007355081374715411,27.0,7.735389645250835,75000.0
8213,SYC,1996,10468.990582426552,0.0324133752477227,26.6,7.650073503548532,76000.0
8214,SYC,1997,12233.049695354139,0.15572367068856074,27.2,7.729427591730368,76000.0
8215,SYC,1998,13801.187252065483,0.12061334076317287,27.3,7.558516743045645,77000.0
8216,SYC,1999,14235.786766214333,0.031004367824701617,26.8,7.6061884639713195,78000.0
8217,SYC,2000,14379.832038399501,0.010067682956496071,26.7,7.690331744368507,79000.0
8218,SYC,2001,14221.162706473833,-0.011095485394836402,26.9,7.644775793986052,80000.0
8219,SYC,2002,14581.411389936886,0.025016338438783592,27.0,7.83399634170946,81000.0
8220,SYC,2003,13835.993648382717,-0.052474093035812075,27.1,7.875499292445208,82000.0
8221,SYC,2004,13735.897555839423,-0.007260766520976958,26.8,7.790778740740146,83000.0
8222,SYC,2005,15172.563175786852,0.09947607706494743,27.0,7.621587050734915,84000.0
8223,SYC,2006,16824.612539785216,0.1033541038724799,27.1,7.651500512305174,85000.0
8224,SYC,2007,18832.825863713213,0.11275855740498564,27.2,7.530265379942642,86000.0
8225,SYC,2008,18687.39099928381,-0.007752385512041826,27.0,7.460777951447916,87000.0
8226,SYC,2009,18743.996915386622,0.0030245183204566928,27.3,7.655011785189115,87000.0
8227,SYC,2010,20147.178153080706,0.07219069991505123,27.5,7.517085973448972,88000.0
8228,SYC,2011,21545.0,0.06707953451264359,27.3,7.443195463512047,89000.0
8229,SYC,2012,22130.0,0.026790382995157458,27.3,7.4128847102032465,90000.0
8230,SYC,2013,23036.0,0.04012405558146703,27.3,7.664909589516375,91000.0
8231,SYC,2014,24250.0,0.05135840773906608,27.3,7.702194711023955,92000.0
8232,SYC,2015,25690.0,0.057685193738301166,27.7,7.683771937364377,92000.0
8233,SYC,2016,28588.602978612664,0.10690633003157934,27.5,7.535456860467013,93000.0
8234,SYC,2017,30072.226064925148,0.0505938825358605,27.4,7.5615377360198055,93920.0
8235,SYC,2018,31524.876704013608,0.04717494709981551,27.4,7.417940697860704,94633.0
8236,SYC,2019,32745.87089386999,0.037999903767026666,27.5,7.825644732219989,95800.52675531761
8237,SYC,2020,29647.482192686766,-0.09939967033400521,27.6,7.872112103425331,96862.49881184469
8238,SYC,2021,30125.953814800247,0.016009848989604336,27.3,7.568585858065539,97726.21160803484
8239,SYC,2022,31055.390262848887,0.030385339548802293,27.1,7.626813841326583,98320.07152209968
8240,SYR,1961,5050.0,0.046821805629072344,17.9,5.833347679010845,4681153.0
8241,SYR,1962,6051.0,0.18083530435291628,19.2,5.600641715736688,4834621.0
8242,SYR,1963,5855.0,-0.032927550590503785,18.3,6.111245585427039,4993120.0
8243,SYR,1964,5797.0,-0.009955454692084587,17.3,5.735604086979157,5156816.0
8244,SYR,1965,5598.0,-0.03493115126433466,17.8,5.882765130184641,5325878.0
8245,SYR,1966,5004.0,-0.11217179848859615,19.0,5.71042701737487,5500483.0
8246,SYR,1967,5246.0,0.047228288840017285,16.8,6.124026720190953,5680812.0
8247,SYR,1968,5270.0,0.00456448110858787,17.9,6.076953933123397,5867053.0
8248,SYR,1969,6059.0,0.13951440740958176,18.1,6.04784488054409,6059400.0
8249,SYR,1970,5643.0,-0.07112893097584916,18.4,5.471009374366148,6258053.0
8250,SYR,1971,5992.0,0.06000940722791448,17.7,5.8988008622445625,6478681.0
8251,SYR,1972,7243.0,0.1896102389982719,17.0,5.782593655080491,6701172.0
8252,SYR,1973,6403.0,-0.1232688546765246,17.6,5.358471289367784,6931304.0
8253,SYR,1974,7685.0,0.18250374645389478,17.6,5.977112040883582,7169339.0
8254,SYR,1975,8878.0,0.14430592942128406,17.5,5.811739616161293,7415548.0
8255,SYR,1976,9526.0,0.07044859596682507,17.2,6.014692673227189,7670214.0
8256,SYR,1977,9094.0,-0.046410046975850605,17.9,5.745564008671156,7932503.0
8257,SYR,1978,9561.0,0.05007746870049168,18.1,5.710758088392627,8203499.0
8258,SYR,1979,9580.0,0.001985267879460295,18.6,5.81651574464344,8483754.0
8259,SYR,1980,10374.0,0.07962508394643919,17.7,5.9048167403823095,8773582.0
8260,SYR,1981,10984.0,0.057136992536459985,18.2,5.956614269672236,9073312.0
8261,SYR,1982,10817.0,-0.01532069781751666,17.1,5.80302430930585,9410494.0
8262,SYR,1983,10581.0,-0.022059030726127915,17.3,5.782285536144145,9757388.0
8263,SYR,1984,9792.0,-0.07749421415205404,17.8,5.6674642119820895,10114082.0
8264,SYR,1985,10026.0,0.023615993071340213,18.0,5.658785108725465,10480643.0
8265,SYR,1986,9200.0,-0.08597823478631561,18.2,5.767695800399854,10856962.0
8266,SYR,1987,9055.0,-0.01588639271961867,18.0,5.938063770380866,11242847.0
8267,SYR,1988,9913.0,0.09052993571538437,17.6,6.183117431330821,11632190.0
8268,SYR,1989,8735.0,-0.12650908346474132,18.2,5.23590990641942,12018448.0
8269,SYR,1990,9087.0,0.03950687712718981,18.2,5.371567828287629,12436046.0
8270,SYR,1991,9424.122590764522,0.03642781446927934,18.1,5.871272361779576,12866890.0
8271,SYR,1992,10002.275987573028,0.059540030672192046,16.6,5.8998973535824915,13243440.0
8272,SYR,1993,10072.486536493594,0.006994935567934846,17.7,5.741399338227508,13614950.0
8273,SYR,1994,9969.374045091008,-0.01028980326228357,18.8,6.014448383498357,13989110.0
8274,SYR,1995,9856.483113254271,-0.011388375397755723,18.2,5.491826112732555,14365800.0
8275,SYR,1996,9517.3721795319,-0.03501064362480122,18.7,5.986954391630096,14749970.0
8276,SYR,1997,8826.773523494465,-0.0753292306742761,17.7,5.801513963149536,15139290.0
8277,SYR,1998,8742.973560668532,-0.009539192326444734,19.1,5.643324505619087,15532820.0
8278,SYR,1999,7960.29181725339,-0.0937846964937723,19.1,5.319099905730565,15929630.0
8279,SYR,2000,7668.071651789252,-0.037400490243076234,18.4,5.743644008081332,16329300.0
8280,SYR,2001,7509.304243284499,-0.02092235195257075,19.2,5.878015854600402,16730169.999999998
8281,SYR,2002,7529.701614881877,0.002712597401323791,18.5,5.791488055075306,17131640.0
8282,SYR,2003,6986.52380066229,-0.07487229265178641,18.6,5.975843166205025,17533990.0
8283,SYR,2004,7051.428477593476,0.009247095037400399,18.5,5.7670702138921195,17941800.0
8284,SYR,2005,7037.718229798778,-0.001946214686668668,18.5,5.609105427714293,18423160.0
8285,SYR,2006,6901.777865404115,-0.019504962480983323,18.4,5.741078259399898,19251670.0
8286,SYR,2007,6779.537095538939,-0.01787021543971612,18.7,5.626901430320244,20493050.0
8287,SYR,2008,6600.378719901472,-0.026781795437843314,18.8,5.28776185260852,21220640.0
8288,SYR,2009,6586.5183480418145,-0.002102143801129941,18.7,5.767695800399854,21541960.0
8289,SYR,2010,6520.612277450118,-0.01005660627433791,20.3,5.489763831118992,22050230.0
8290,SYR,2011,5979.0,-0.08671494921512668,18.2,5.787204082795274,22457610.0
8291,SYR,2012,4443.685928778878,-0.29676913371090485,19.0,5.97685839471862,22258030.0
8292,SYR,2013,3487.6809823836047,-0.24224715579657463,18.8,5.69204721843778,20900650.0
8293,SYR,2014,3384.414400143878,-0.03005614747340246,19.4,5.640487624283887,19317700.0
8294,SYR,2015,3464.037685420644,0.023253976886129735,19.1,5.721294899740832,18272110.0
8295,SYR,2016,3380.553443830945,-0.024395432934758432,19.2,5.7791991139409555,17669140.0
8296,SYR,2017,3422.1773432146706,0.01223756169235024,19.1,5.381278887262384,17327220.0
8297,SYR,2018,3418.6954249618716,-0.0010179749489509504,20.0,6.0014148779611505,17600860.0
8298,SYR,2019,3385.419291877841,-0.009781257304062763,19.3,6.024657514463746,18439990.0
8299,SYR,2020,2903.7398355317155,-0.1534782616748407,19.4,5.857933154483459,19241480.0
8300,SYR,2021,2682.339823438483,-0.07931002256636166,19.7,5.525054453372377,20225610.0
8301,SYR,2022,2494.7612946409154,-0.07249643093152347,19.2,5.692721527296776,20985230.0
8302,TCD,1961,971.0,-0.003084835351209847,25.9,6.108580693776662,3095331.0
8303,TCD,1962,1004.0,0.03342083196034906,26.6,6.014448383498357,3150417.0
8304,TCD,1963,972.0,-0.032391495791235236,26.8,5.902633333401366,3207638.0
8305,TCD,1964,929.0,-0.04524706564660086,26.3,6.03667688992953,3271357.0
8306,TCD,1965,913.0,-0.017372858218870135,26.4,5.75447558897172,3344520.0
8307,TCD,1966,878.0,-0.039089286959851144,26.7,5.881370624310908,3419366.0
8308,TCD,1967,866.0,-0.013761685072681829,26.2,5.872117789475416,3495635.0
8309,TCD,1968,843.0,-0.026917950560579662,26.5,5.792098555704769,3572229.0
8310,TCD,1969,881.0,0.04409066793432448,27.3,5.839769183855788,3649335.0
8311,TCD,1970,880.0,-0.001135718463928015,26.6,5.822157927391522,3727238.0
8312,TCD,1971,877.0,-0.0034149151000688605,26.4,5.716369590161673,3806002.0
8313,TCD,1972,800.0,-0.09189526470425591,27.0,5.614951260949585,3886643.0
8314,TCD,1973,746.0,-0.06988612746416667,27.2,5.603225219664886,3969803.0
8315,TCD,1974,829.0,0.1054945549315347,26.6,5.8239330757866625,4055702.0
8316,TCD,1975,952.0,0.13834487965606979,26.7,5.878855602725328,4144060.9999999995
8317,TCD,1976,918.0,-0.036367644170874236,27.1,5.680854970012496,4234743.0
8318,TCD,1977,830.0,-0.10077168982984741,26.5,5.777032936395794,4327777.0
8319,TCD,1978,808.0,-0.026863642269548293,26.9,5.81651574464344,4424045.0
8320,TCD,1979,622.0,-0.26162196578191566,27.3,5.855644823965447,4524409.0
8321,TCD,1980,583.0,-0.06475290638868714,27.2,5.846149715943123,4522391.0
8322,TCD,1981,521.0,-0.11243714459712528,27.0,5.818300928098793,4514940.0
8323,TCD,1982,524.0,0.005741642567675065,27.1,5.661570625846892,4732876.0
8324,TCD,1983,577.0,0.09635058218705783,27.0,5.553347106724568,4971162.0
8325,TCD,1984,601.0,0.04075266802710775,27.3,5.369241704884735,5025174.0
8326,TCD,1985,642.0,0.06599336915475362,27.1,5.644739934022418,5066042.0
8327,TCD,1986,662.0,0.030677252247047093,27.1,5.5902404332570725,5214200.0
8328,TCD,1987,663.0,0.0015094342488541912,27.4,5.521060837840906,5391517.0
8329,TCD,1988,692.0,0.042810965431806736,27.0,5.9974466187855295,5556341.0
8330,TCD,1989,685.0,-0.010167117355443622,26.7,5.727499001273517,5714913.0
8331,TCD,1990,692.0,0.010167117355443622,27.3,5.471850417308912,5841411.0
8332,TCD,1991,703.2837422701148,0.016174471077794017,27.3,5.7954496631820245,6033850.0
8333,TCD,1992,698.739002074788,-0.006483141777873236,26.7,5.720639591722624,6274970.0
8334,TCD,1993,680.8005404764043,-0.026007913774480862,27.1,5.542439324247439,6210900.0
8335,TCD,1994,713.8270847717725,0.04737138367580673,27.0,5.9710067052055855,6321820.0
8336,TCD,1995,700.7076235119544,-0.01855003965010127,27.2,5.763936397475948,6585550.0
8337,TCD,1996,694.1050198248446,-0.009467440714512776,27.4,5.704115752446321,6862340.0
8338,TCD,1997,719.1531161232232,0.03545101765055314,27.7,5.713402718033191,7079800.0
8339,TCD,1998,753.8607994162044,0.0471334427005603,27.7,5.859931157146132,7309660.0
8340,TCD,1999,733.781232654736,-0.026996798770388963,27.6,5.831589179143857,7559330.0
8341,TCD,2000,716.0423633332267,-0.024471604158141425,27.2,5.717027701406222,7820610.0
8342,TCD,2001,783.0551642261155,0.08946381402832504,27.3,5.721622392784532,8092470.0
8343,TCD,2002,831.8291855031645,0.06042396795224114,27.4,5.571012696691494,8394560.0
8344,TCD,2003,925.5126163056394,0.10672064994394326,27.7,5.745564008671156,8762830.0
8345,TCD,2004,1200.272558584737,0.25995617833804197,27.8,5.799698531486028,9191330.0
8346,TCD,2005,1266.105032898219,0.05339662149791202,27.7,5.8805329864007,9593550.0
8347,TCD,2006,1225.5163120917607,-0.032583050197373176,27.7,5.84759417668828,9966840.0
8348,TCD,2007,1422.3407897432285,0.14894172344482026,27.6,5.867600559885596,10338160.0
8349,TCD,2008,1422.2312009935542,-7.705113464151481e-05,27.6,5.83656358589002,10727730.0
8350,TCD,2009,1533.1794860451162,0.07511676783704324,28.2,5.75447558897172,11139070.0
8351,TCD,2010,1720.3343471054616,0.11517498518144365,28.4,5.85678964378138,11550060.0
8352,TCD,2011,1661.0,-0.03509882915534579,27.7,5.812935788552724,11982780.0
8353,TCD,2012,1742.6540489050933,0.04798943594592142,27.6,5.953503040820864,12427190.0
8354,TCD,2013,1776.0920830641928,0.019006225220988604,27.8,5.786897381366708,12894700.0
8355,TCD,2014,1829.834659019249,0.029810120710725307,27.7,5.872681011118015,13378710.0
8356,TCD,2015,1802.3212001455686,-0.015150222732983387,27.6,5.876895092364846,13823360.0
8357,TCD,2016,1648.0383635792052,-0.08948967968860178,27.9,5.85707564406933,14277220.0
8358,TCD,2017,1555.7141640074565,-0.057651000429777,27.5,5.8289456176102075,14764540.0
8359,TCD,2018,1541.4716178237675,-0.009197153533618163,27.5,5.798183150077685,15251880.0
8360,TCD,2019,1543.8028787517364,0.0015112181261223157,27.6,5.901539839579995,15749520.0
8361,TCD,2020,1463.5312650403762,-0.05339658413025106,27.2,5.9020867359567655,16257490.0
8362,TCD,2021,1402.673171106424,-0.04247236616749284,27.5,5.878295849002344,16775930.0
8363,TCD,2022,1393.5634155801695,-0.006515748917061082,27.1,5.855644823965447,17306720.0
8364,TGO,1961,1103.0,0.04165340683525809,26.9,7.00913789327074,1491000.0
8365,TGO,1962,1117.0,0.012612779815698083,26.9,7.302226845615436,1528000.0
8366,TGO,1963,1143.0,0.023009864725609397,27.2,7.372997591126162,1566000.0
8367,TGO,1964,1275.0,0.10928979379771597,26.9,7.0283787213058755,1606000.0
8368,TGO,1965,1412.0,0.10206096046066104,27.0,7.081708586105575,1648000.0
8369,TGO,1966,1503.0,0.06245597169978723,27.3,7.05712311063296,1691000.0
8370,TGO,1967,1546.0,0.02820783939439231,26.9,7.117043284005906,1736000.0
8371,TGO,1968,1581.0,0.022386608062105573,27.2,7.3847345219642975,1782000.0
8372,TGO,1969,1707.0,0.07667988558496841,27.5,7.0960589074536395,1830000.0
8373,TGO,1970,1631.0,-0.04554412017342724,27.4,7.097714262905303,1964000.0
8374,TGO,1971,1699.0,0.04084651905091885,26.6,7.052115329488973,2021000.0
8375,TGO,1972,1709.0,0.005868561443658216,26.9,6.987674902158011,2080000.0
8376,TGO,1973,1591.0,-0.07154565477780395,27.3,7.038344848685739,2140000.0
8377,TGO,1974,1612.0,0.013112894728786628,26.6,7.1138747392905515,2202000.0
8378,TGO,1975,1556.0,-0.035357218328236684,26.5,7.076315920526055,2267000.0
8379,TGO,1976,1505.0,-0.03332552755536078,26.4,6.925988047243197,2333000.0
8380,TGO,1977,1543.0,0.024935675180184802,27.1,6.751452284586736,2402000.0
8381,TGO,1978,1650.0,0.06704671453146549,26.8,7.057467552210464,2472000.0
8382,TGO,1979,1698.0,0.028675799976666028,27.1,7.201096309285597,2547000.0
8383,TGO,1980,1572.0,-0.07710239388214024,27.2,7.022333183689573,2626000.0
8384,TGO,1981,1423.0,-0.09958137489929975,27.6,6.9648914703529465,2720000.0
8385,TGO,1982,1323.0,-0.0728654339748962,27.4,6.916615907414333,2817000.0
8386,TGO,1983,1211.0,-0.08845542056186417,27.8,6.725513718988353,2918000.0
8387,TGO,1984,1239.0,0.022858138076050416,27.7,6.969414659368865,3022000.0
8388,TGO,1985,1240.0,0.0008067769699406924,27.6,7.012295458256061,3129000.0
8389,TGO,1986,1237.0,-0.0024222862065954587,27.4,6.925005632388665,3241000.0
8390,TGO,1987,1165.0,-0.059968006392686846,27.8,7.028112775645871,3356000.0
8391,TGO,1988,1239.0,0.06158351562934161,27.2,7.120120957124469,3475000.0
8392,TGO,1989,1246.0,0.005633817718256218,26.9,7.103322062526113,3597000.0
8393,TGO,1990,1275.0,0.023007758245127796,27.5,6.918596302160012,3721000.0
8394,TGO,1991,1249.1679432148728,-0.020468494364560108,27.2,7.183567178863431,3846000.0
8395,TGO,1992,1181.8712650639795,-0.05537868399878487,27.0,6.882745115977969,3973000.0
8396,TGO,1993,1003.1648748730222,-0.16393912304860248,27.3,6.9877672169515215,3953000.0
8397,TGO,1994,1145.7775800738827,0.1329236385522634,27.1,7.045428084107209,3982000.0
8398,TGO,1995,1170.5977170559586,0.021430971888273476,27.4,7.128816664092023,4203000.0
8399,TGO,1996,1215.7399788539417,0.03783843986009838,27.4,7.025538314638521,4402000.0
8400,TGO,1997,1226.3270498998156,0.00867063618571784,27.4,7.054017785960389,4572000.0
8401,TGO,1998,1174.8527369830267,-0.042880754170373514,27.9,6.999696152680494,4715000.0
8402,TGO,1999,1183.012966099163,0.006921735776086457,27.4,7.180907299649593,4852000.0
8403,TGO,2000,1150.3659107050587,-0.027984470303104914,27.5,6.966495774004737,4992000.0
8404,TGO,2001,1115.5502532020962,-0.030732291177026028,27.7,6.801727874336607,5135000.0
8405,TGO,2002,1081.7445152462897,-0.03077275396033219,27.8,7.045166634805097,5278000.0
8406,TGO,2003,1114.4638191719616,0.02979837973592847,27.8,7.176483863516831,5425000.0
8407,TGO,2004,1121.8058488923546,0.006566342338455655,27.7,7.075808863978387,5578000.0
8408,TGO,2005,1119.8042690911689,-0.0017858416297160673,28.0,6.999878567857943,5715000.0
8409,TGO,2006,1144.8814458855,0.022147180639427333,27.9,6.985919299951491,5865000.0
8410,TGO,2007,1145.9206450361482,0.000907279791695359,27.8,7.156254637558655,6042000.0
8411,TGO,2008,1150.3578529388246,0.0038646997125102445,27.5,7.197435354096591,6220000.0
8412,TGO,2009,1165.888833713181,0.013410673076193369,27.9,7.125122177518892,6405000.0
8413,TGO,2010,1191.1449266095365,0.021431224266321713,28.2,7.1969861514237685,6587000.0
8414,TGO,2011,1227.0,0.02965719794791344,27.9,7.025360521056401,6772000.0
8415,TGO,2012,1263.0,0.028917677639579864,27.6,7.040974122768359,6961000.0
8416,TGO,2013,1292.0,0.022701561992056085,27.8,6.9587335237467665,7154000.0
8417,TGO,2014,1334.0,0.03199054213302155,27.9,7.133375760171239,7351000.0
8418,TGO,2015,1370.0,0.026628792346602204,28.0,6.95540193244949,7552000.0
8419,TGO,2016,1412.9878115717115,0.03089573790279765,28.2,6.996864454053913,7757000.0
8420,TGO,2017,1433.7917117585703,0.014616004065134192,28.1,7.00270175629109,7965055.0
8421,TGO,2018,1466.3409759141143,0.02244768391201024,28.0,7.1143628616562475,8176449.0
8422,TGO,2019,1501.8667566255237,0.023938673051475234,27.9,7.252762418053187,8376031.614185926
8423,TGO,2020,1482.751495313325,-0.012809358562271278,28.1,7.032359442206668,8578734.754849795
8424,TGO,2021,1534.8236471011076,0.03451600634784757,28.3,7.042198755531627,8784245.454829376
8425,TGO,2022,1586.588847532188,0.03317084614242205,27.7,7.066125614953578,8991403.296919262
8426,THA,1961,1753.0,0.020167782377034094,26.3,7.486220859458467,28376096.0
8427,THA,1962,1831.0,0.043533659753276055,26.2,7.3959057537089095,29263397.0
8428,THA,1963,1921.0,0.0479836180940465,26.2,7.44372219515446,30173764.0
8429,THA,1964,1991.0,0.03579114129563887,26.3,7.46014502182582,31106615.0
8430,THA,1965,2085.0,0.046131830168706145,26.4,7.415295511756598,32061978.0
8431,THA,1966,2251.0,0.07660570667383038,26.8,7.516542110924009,33035794.0
8432,THA,1967,2369.0,0.05109336325205316,26.2,7.31959999405434,34024249.0
8433,THA,1968,2488.0,0.04901124970028459,26.5,7.331845851213466,35028438.0
8434,THA,1969,2608.0,0.047104469187473796,26.7,7.431121934242439,36049959.0
8435,THA,1970,2700.0,0.03466812894587612,26.5,7.5618497322783815,37090871.0
8436,THA,1971,2750.0,0.018349138668196652,25.8,7.436970767859719,38201901.0
8437,THA,1972,2786.0,0.013005963679134425,26.6,7.37800887698308,39276153.0
8438,THA,1973,2987.0,0.06966266387635933,26.6,7.413307020245419,40302225.0
8439,THA,1974,3045.0,0.019231361927886326,26.1,7.453098264773688,41305651.0
8440,THA,1975,3123.0,0.025293177139081635,26.3,7.49426334905237,42272000.0
8441,THA,1976,3333.0,0.06507872102466195,26.2,7.400925967509407,43221022.0
8442,THA,1977,3585.0,0.07288567472598118,26.5,7.263679941530166,44148285.0
8443,THA,1978,3861.0,0.07416774323051456,26.8,7.4197402304679745,45056957.0
8444,THA,1979,3979.0,0.030104314162691992,27.1,7.21081845347222,46003776.0
8445,THA,1980,4071.0,0.022858138076051304,26.8,7.456223448172638,47025764.0
8446,THA,1981,4230.0,0.03831332353734496,26.0,7.373248752749986,47936504.0
8447,THA,1982,4375.0,0.03370452675139113,26.1,7.360485579557416,48827160.0
8448,THA,1983,4538.0,0.036579866548072104,26.5,7.431121934242439,49694245.0
8449,THA,1984,4720.0,0.039322413239814225,26.2,7.358512376282008,50533778.0
8450,THA,1985,4862.0,0.029641076296467617,26.2,7.378446172008009,51341809.0
8451,THA,1986,5053.0,0.038532250415839187,26.2,7.36593933142253,52129476.0
8452,THA,1987,5453.0,0.07618378963415218,27.1,7.342066961647881,52910342.0
8453,THA,1988,6089.0,0.1103179486825141,26.8,7.49348427277479,53683427.0
8454,THA,1989,6735.0,0.10083394523588929,26.8,7.293561749427117,54445689.0
8455,THA,1990,7385.0,0.09213310612101644,27.2,7.370230641807081,55196722.0
8456,THA,1991,7849.744818023884,0.0610301080244966,27.2,7.303977805723369,55781620.0
8457,THA,1992,8409.020942208199,0.06882402729150172,26.9,7.247365444294277,56306700.0
8458,THA,1993,8964.292159989453,0.0639440966996272,26.9,7.247151807120597,56859280.0
8459,THA,1994,9499.517524523739,0.05799186242558996,26.9,7.446176614338927,57409770.0
8460,THA,1995,10080.208263176271,0.05933291303461985,26.8,7.45118361129214,57935900.0
8461,THA,1996,10458.358609825857,0.03682760219751735,26.4,7.489523871558693,58449960.0
8462,THA,1997,9995.618219647873,-0.045254706725911475,27.0,7.2793877985538495,58949870.0
8463,THA,1998,9077.747796774502,-0.09632069708739976,27.6,7.374315486450112,59410620.0
8464,THA,1999,9347.060930016596,0.0292358330066822,26.4,7.517031600504935,59747560.0
8465,THA,2000,9627.104317815561,0.029520531850028675,26.6,7.503454997376117,60165310.0
8466,THA,2001,9818.720536224924,0.01970833555079743,26.8,7.420878261796811,60746000.0
8467,THA,2002,10276.398308003036,0.04555901724234879,26.9,7.435614995303907,61322790.0
8468,THA,2003,10868.83553836039,0.056049729715660135,26.9,7.376382962047941,61883590.0
8469,THA,2004,11408.325704884286,0.04844384462387552,26.8,7.3015525822226195,62425100.0
8470,THA,2005,11742.12809366095,0.028839652765293877,27.0,7.394062774934402,62956090.0
8471,THA,2006,12180.711358990808,0.03667059783627025,26.9,7.473296334936936,63466500.0
8472,THA,2007,12694.714634780315,0.041332071917492996,26.8,7.459569283425439,63937430.0
8473,THA,2008,12768.129076928359,0.00576641371306863,26.4,7.4703950614623,64380680.0
8474,THA,2009,12543.398612886303,-0.0177576298186235,26.8,7.41728005701508,64803790.0
8475,THA,2010,13343.546749821046,0.06183835820308303,27.4,7.430588521872405,65208250.0
8476,THA,2011,13318.0,-0.0019163747609329818,26.4,7.614016098687466,65598649.99999999
8477,THA,2012,14202.250655561855,0.06428394523003611,27.2,7.395782994072124,65969880.00000001
8478,THA,2013,14504.183137305956,0.02103665113017783,26.9,7.493595606553574,66332300.0
8479,THA,2014,14571.971044652584,0.004662792041937536,27.0,7.33033967889769,66673399.99999999
8480,THA,2015,14960.908433814262,0.026340802797555796,27.4,7.316348821764833,66975320.00000001
8481,THA,2016,15411.533795933696,0.02967548199790926,27.5,7.4132467011574255,67250330.0
8482,THA,2017,15994.506156893045,0.0371291211962248,27.0,7.613028639339923,67506480.0
8483,THA,2018,16610.05051186261,0.03776266658963934,27.0,7.402573464602311,67749940.0
8484,THA,2019,16905.292327574447,0.017618763711952923,27.6,7.216415757819109,67974610.0
8485,THA,2020,15815.91485952924,-0.0666100257161002,27.5,7.37800887698308,68180230.0
8486,THA,2021,16019.518754916815,0.012791198253866654,27.0,7.430232755488575,68365790.0
8487,THA,2022,16421.072993706417,0.02475754772199501,26.8,7.656431769334563,68457390.0
8488,TJK,1980,5746.0,-0.1274434590959821,2.4,6.459591416340857,3966000.0
8489,TJK,1981,5622.0,-0.02181648807275849,2.4,6.616600517051383,4073000.0
8490,TJK,1982,5498.0,-0.022303082741284896,1.5,6.443972261549457,4185000.0
8491,TJK,1983,5547.0,0.008872851330043119,2.6,6.252866810539282,4304000.0
8492,TJK,1984,5469.0,-0.014161456708462694,1.3,6.484177115447046,4431000.0
8493,TJK,1985,5364.0,-0.01938581894520297,2.1,6.414769573344477,4569000.0
8494,TJK,1986,5319.0,-0.008424649659252381,2.2,6.410174881966167,4716000.0
8495,TJK,1987,5040.0,-0.05387923367690206,2.2,6.767688290085019,4865000.0
8496,TJK,1988,5515.0,0.09006557062218867,2.8,6.49767955831629,5006000.0
8497,TJK,1989,4962.0,-0.10566276743585767,1.7,6.363028103540465,5148000.0
8498,TJK,1990,4803.0,-0.03256816258692119,2.5,6.4775875582336,5272000.0
8499,TJK,1991,4270.370121797311,-0.11754021962078731,2.0,6.684486719854776,5406820.0
8500,TJK,1992,2832.7034244352703,-0.41046897373822055,1.9,6.503389566317273,5499680.0
8501,TJK,1993,2482.4135922416535,-0.13200021974285026,1.3,6.745824411835916,5546280.0
8502,TJK,1994,1928.3185195337014,-0.2525829198106626,1.9,6.444290226575984,5604130.0
8503,TJK,1995,1666.1839582117348,-0.14611243302657684,2.6,6.23519473203058,5677870.0
8504,TJK,1996,1559.5211892136726,-0.06615711258602985,1.7,6.446988855088883,5764000.0
8505,TJK,1997,1552.6323601705283,-0.004427056817673858,2.7,6.366814031311523,5864320.0
8506,TJK,1998,1589.3315551169549,0.02336173491022908,2.4,6.826436757804549,5983120.0
8507,TJK,1999,1621.3205712535982,0.019927462366140958,3.0,6.6551829169771155,6110480.0
8508,TJK,2000,1723.3563296469088,0.061032759236055334,3.0,6.351234695954017,6229310.0
8509,TJK,2001,1845.4782189409686,0.06846469731235061,3.2,6.377916716034216,6338710.0
8510,TJK,2002,1982.8836657443285,0.07181374086506676,3.0,6.653894755005867,6451610.0
8511,TJK,2003,2135.908281460682,0.074339798755231,2.4,6.772508129574112,6567440.0
8512,TJK,2004,2301.292086233067,0.07457876103580219,3.4,6.652863029353347,6688020.0
8513,TJK,2005,2416.8670437122746,0.04900134958004454,2.9,6.526641261737804,6814330.0
8514,TJK,2006,2524.844737494775,0.04370747933484331,3.1,6.48478789573783,6943470.0
8515,TJK,2007,2647.2093871561588,0.047326452953197595,3.1,6.436791188641277,7075790.0
8516,TJK,2008,2801.7761791636535,0.05674754207889077,2.6,6.336294616678791,7210760.0
8517,TJK,2009,2853.8884804558684,0.018428877700714885,2.9,6.603808314064321,7347590.0
8518,TJK,2010,2975.9268086472184,0.04187307933141593,3.4,6.606785312203421,7485370.0
8519,TJK,2011,3111.0,0.04438869511563048,2.6,6.516784617024425,7624350.0
8520,TJK,2012,3283.909282444051,0.05409034918961275,2.2,6.513823406687646,7764620.0
8521,TJK,2013,3464.2069410303793,0.05344916229289609,3.4,6.510109519926104,7905180.0
8522,TJK,2014,3631.879416508331,0.04726653048932583,2.2,6.471109053390398,8045420.0
8523,TJK,2015,3784.3436078881805,0.041122192647009115,3.3,6.638960382248839,8184560.0
8524,TJK,2016,3978.5557699345873,0.050046429032340356,3.7,6.640790448119078,8322200.000000001
8525,TJK,2017,4192.401721367111,0.052354891339405185,3.0,6.498282149476434,8458440.0
8526,TJK,2018,4440.156773402692,0.05741591223961606,3.1,6.371953669145969,8593440.0
8527,TJK,2019,4695.542787924347,0.055924030613768494,3.5,6.570042272924791,8727380.0
8528,TJK,2020,4828.393755925144,0.027900140887016533,2.6,6.524736359703803,8859840.0
8529,TJK,2021,5205.6058456668625,0.07522223550888185,3.7,6.259198981750067,8990310.0
8530,TJK,2022,5507.545199832879,0.056382914465435974,4.0,6.623268097426875,9177230.0
8531,TKM,1980,6763.0,-0.1288442458839949,15.6,5.116795489924646,2875133.0
8532,TKM,1981,6666.0,-0.014446598707253955,16.2,5.358471289367784,2946676.0
8533,TKM,1982,6575.0,-0.013745401821720904,14.9,5.120386158055375,3018436.0
8534,TKM,1983,6535.0,-0.0061022309876417324,16.5,4.837867950107113,3091431.0
8535,TKM,1984,6314.0,-0.03440295694038653,14.7,4.955827057601261,3164611.0
8536,TKM,1985,6186.0,-0.020480715872920996,15.7,4.8283137373023015,3240472.0
8537,TKM,1986,6204.0,0.002905571051414313,15.8,4.814620410170298,3323673.0
8538,TKM,1987,6194.0,-0.0016131637632810225,15.9,5.085124146086995,3410704.0
8539,TKM,1988,6601.0,0.06364007115562131,16.3,5.110782242701195,3492186.0
8540,TKM,1989,5915.0,-0.10972965527628276,15.9,4.842611042003125,3572000.0
8541,TKM,1990,5796.0,-0.02032347297191528,16.1,4.948759890378168,3658000.0
8542,TKM,1991,5457.756925735311,-0.060130138573452285,15.8,5.1029105702054265,3744760.0
8543,TKM,1992,4587.7636554110795,-0.17364520158660568,15.2,5.244389024522481,3829750.0
8544,TKM,1993,4604.384153414509,0.003616242136564196,14.9,5.12455904041457,3917470.0
8545,TKM,1994,3769.6247692454826,-0.20003346063264793,15.4,5.004617221770693,4003400.0
8546,TKM,1995,3473.6801892782573,-0.08176086057499532,16.7,4.670021158307708,4078210.0
8547,TKM,1996,3226.984836386654,-0.07366639115002727,15.5,4.635699391022914,4142140.0000000005
8548,TKM,1997,2856.148606855591,-0.12207413774087161,16.4,4.923623917106626,4200060.0
8549,TKM,1998,3037.7043313486065,0.06162799964755994,16.2,5.052416828111211,4261700.0
8550,TKM,1999,3527.160460400249,0.14939106910332534,16.8,4.817050545023591,4324130.0
8551,TKM,2000,4173.194599534994,0.16818868844107548,16.6,4.7140245909001735,4384940.0
8552,TKM,2001,5014.062451005454,0.18356462145635177,16.7,4.8064770426931265,4444050.0
8553,TKM,2002,5795.640968645097,0.14485962287686327,16.6,5.1515559851526325,4502080.0
8554,TKM,2003,6784.561001353469,0.15754351198398275,15.8,5.236441962829949,4555590.0
8555,TKM,2004,7781.743824791977,0.13713086523278584,16.9,5.120386158055375,4607910.0
8556,TKM,2005,8791.675845750144,0.12202489211559886,16.5,5.053694783556702,4663560.0
8557,TKM,2006,9752.355478498552,0.10370349617655705,16.5,4.967727793084979,4718860.0
8558,TKM,2007,10829.375780106502,0.10475357794862461,16.5,5.023222409601727,4773470.0
8559,TKM,2008,12426.718788803995,0.13758647419936487,16.0,4.532599493153256,4828410.0
8560,TKM,2009,13188.447854955197,0.05949238839215987,16.5,5.155601064346442,4883760.0
8561,TKM,2010,14397.149096972053,0.08768892369386094,17.2,4.791649752930709,4939530.0
8562,TKM,2011,16518.0,0.1374204877840146,15.9,4.9788005705762375,4995780.0
8563,TKM,2012,17333.727821581546,0.048203493203208936,16.1,5.0323967858777685,5052650.0
8564,TKM,2013,17080.462210519865,-0.014718939091618921,17.1,4.918520005188451,5110290.0
8565,TKM,2014,17536.7655064105,0.02636431373483994,15.9,4.898585790287632,5168550.0
8566,TKM,2015,17857.25990917966,0.018110579904611512,16.8,5.14574876790343,5227350.0
8567,TKM,2016,17484.64550869838,-0.021087046853288882,17.0,5.1065513509260825,5286590.0
8568,TKM,2017,18104.43293598298,0.034833725589285436,16.6,4.938781190328272,5345930.0
8569,TKM,2018,18064.108333963595,-0.0022298172561914242,16.8,4.852030263919617,5405120.0
8570,TKM,2019,17264.170917430805,-0.0452936959307042,17.1,5.202907181743378,5463900.0
8571,TKM,2020,16580.840638801958,-0.040385458288414,16.2,5.061328408411774,5521990.0
8572,TKM,2021,17169.060084375782,0.03486108127375154,17.4,4.4942386252808095,5579180.0
8573,TKM,2022,17234.555571228917,0.003807481552655645,17.4,4.9473404437239425,5657410.0
8574,TTO,1961,10155.0,0.018987597632413866,25.7,7.52196747145394,861387.0
8575,TTO,1962,10383.0,0.022203658288969308,25.8,7.434198313643204,887498.0
8576,TTO,1963,10708.0,0.030821272336789107,25.9,7.591256082490277,904380.0
8577,TTO,1964,10841.0,0.012344117021049428,25.6,7.463821918993714,923887.0
8578,TTO,1965,11206.0,0.03311410646393753,25.6,7.502352035812805,939255.0
8579,TTO,1966,11531.0,0.02858971164588553,25.8,7.804618513190194,952535.0
8580,TTO,1967,11679.0,0.012753296507449718,25.5,7.525046807238547,960155.0
8581,TTO,1968,12248.0,0.0475703010589541,25.6,7.483188171522526,963086.0
8582,TTO,1969,12588.0,0.02738132084677858,26.2,7.581311809777079,962927.0
8583,TTO,1970,13141.0,0.04299313445934061,25.9,7.717929654066957,955000.0
8584,TTO,1971,13185.0,0.0033427061437478756,25.5,7.637186171619329,961605.0
8585,TTO,1972,13753.0,0.04217716232732194,25.7,7.646926897853362,975199.0
8586,TTO,1973,13844.0,0.006594943640527262,25.9,7.4999765409521215,984786.0
8587,TTO,1974,14430.0,0.041457447012680504,25.5,7.438383530044307,995364.0
8588,TTO,1975,14534.0,0.0071813594086656,25.5,7.573736791469313,1006931.0
8589,TTO,1976,15696.0,0.07691517062856335,25.5,7.4488578936323995,1021480.0
8590,TTO,1977,16412.0,0.044606871756931454,26.0,7.327386242563201,1039009.0
8591,TTO,1978,18042.0,0.09468959865450799,26.1,7.470565957814079,1055527.0
8592,TTO,1979,18568.0,0.02873729573768813,26.2,7.666456090281521,1073027.0
8593,TTO,1980,19734.0,0.06090336746283853,26.4,7.670475162894043,1090513.0
8594,TTO,1981,20298.0,0.028179322591652678,26.5,7.762000379884411,1107000.0
8595,TTO,1982,18771.0,-0.07820923334229057,26.2,7.641996417077044,1127000.0
8596,TTO,1983,16982.0,-0.10015916610716502,26.7,7.649168676951571,1148000.0
8597,TTO,1984,17680.0,0.04028009763232632,26.0,7.655011785189115,1169000.0
8598,TTO,1985,16671.0,-0.058763374243604005,26.0,7.690880265660314,1189000.0
8599,TTO,1986,15871.0,-0.04917713844047178,26.2,7.59312227222312,1208000.0
8600,TTO,1987,14929.0,-0.06118791445396887,26.8,7.466742297855146,1225000.0
8601,TTO,1988,14198.0,-0.05020452045425827,26.4,7.684278068463134,1238000.0
8602,TTO,1989,13970.0,-0.016188936348324745,26.0,7.4957641414187774,1248000.0
8603,TTO,1990,14112.0,0.010113325995565248,26.3,7.628712160181349,1255000.0
8604,TTO,1991,14060.736347912241,-0.003639242424521072,26.3,7.524399313555967,1262020.0
8605,TTO,1992,14195.95178689203,0.009570581692585733,26.4,7.550661243105336,1270340.0
8606,TTO,1993,13745.797123119139,-0.03222372491776504,26.6,7.629149722480185,1277870.0
8607,TTO,1994,13350.896159820613,-0.029149602945013342,26.2,7.584112290234608,1283550.0
8608,TTO,1995,14187.65892557864,0.06078898631206009,26.6,7.514527243795337,1288170.0
8609,TTO,1996,15004.264326534918,0.055961952153790406,26.4,7.62539993114247,1291810.0
8610,TTO,1997,15931.67154762603,0.05997460008040534,26.5,7.518770070003463,1294910.0
8611,TTO,1998,17013.754767816095,0.06571307168124108,27.0,7.76442338687232,1297850.0
8612,TTO,1999,18159.91590151832,0.06519462129154441,26.6,7.7336835707759,1300570.0
8613,TTO,2000,19179.91872757504,0.05464708990484368,26.4,7.6868048885427855,1303290.0
8614,TTO,2001,19736.67946804856,0.028614974390873016,26.9,7.341613461591519,1307960.0
8615,TTO,2002,21052.44914125854,0.06453809562929536,26.8,7.546710230458656,1314110.0
8616,TTO,2003,23814.066673498488,0.12325954067187084,27.0,7.480935791494894,1320060.0
8617,TTO,2004,25403.269121355348,0.064601428522165,26.7,7.7225004312895695,1326190.0
8618,TTO,2005,26651.833009766848,0.04798005779303871,27.0,7.714052557474738,1331840.0
8619,TTO,2006,29792.422976435286,0.11139616954458198,26.8,7.618496767943033,1337680.0
8620,TTO,2007,30806.173810743134,0.03346101964775272,26.7,7.522724678478058,1344330.0
8621,TTO,2008,31434.303901414678,0.02018465923477386,26.5,7.573274292424609,1351840.0
8622,TTO,2009,29657.463062082374,-0.058185978458800136,26.9,7.4112541273616666,1358820.0
8623,TTO,2010,30235.994690181862,0.01931929274830324,27.2,7.744353241947044,1365440.0
8624,TTO,2011,29745.0,-0.016372041177591612,26.7,7.752678894507876,1372310.0
8625,TTO,2012,30944.22175941009,0.0395252350805837,26.7,7.4880136774634645,1378910.0
8626,TTO,2013,31976.95357984833,0.03282915698047262,26.8,7.563044816985842,1385670.0
8627,TTO,2014,32878.20246743371,0.02779445651068002,26.8,7.5096639791078115,1392470.0
8628,TTO,2015,32480.590636657547,-0.012167199457310929,27.0,7.233888537808171,1398860.0
8629,TTO,2016,30158.125918600163,-0.0741882965226317,27.1,7.605740736182332,1404680.0
8630,TTO,2017,28618.1764787155,-0.05241234606281786,26.7,7.665284718471351,1410590.0
8631,TTO,2018,27863.434077002672,-0.026726834496489715,26.3,7.518498633287266,1436180.0
8632,TTO,2019,27582.567855183723,-0.010131248942073512,26.6,7.307068167605103,1452400.0
8633,TTO,2020,25548.510398614617,-0.07660496020424823,26.7,7.521426258040286,1447640.0
8634,TTO,2021,25237.664168378193,-0.012241524970020734,26.5,7.692980147742991,1450420.0
8635,TTO,2022,25773.004998991753,0.020990137730350966,26.4,7.778127718911288,1455530.0
8636,TUN,1961,2289.0,0.06684203136288414,19.5,5.514637692514121,4216031.0
8637,TUN,1962,2198.0,-0.04056718498900036,19.1,5.728149831104496,4286552.0
8638,TUN,1963,2480.0,0.12071070419546093,19.0,5.872681011118015,4374477.0
8639,TUN,1964,2533.0,0.021145810842647883,19.2,5.846438775057725,4468393.0
8640,TUN,1965,2635.0,0.03947881097378758,19.1,5.751937516543248,4565747.0
8641,TUN,1966,2636.0,0.0003794346469350174,19.3,5.620763118936109,4676017.0
8642,TUN,1967,2558.0,-0.030036913483609595,19.2,5.612397912854348,4786986.0
8643,TUN,1968,2766.0,0.07817653008591474,19.3,5.507767590730244,4894178.0
8644,TUN,1969,2805.0,0.01400130573209335,18.8,6.038586654176717,4996300.0
8645,TUN,1970,2912.0,0.03743659135978028,19.2,5.426710581316436,5098627.0
8646,TUN,1971,3159.0,0.08141539148550869,18.9,5.75890177387728,5197559.0
8647,TUN,1972,3645.0,0.14310084364067244,18.7,5.949339620807311,5303507.0
8648,TUN,1973,3540.0,-0.029229638314937745,19.0,5.969218938160663,5426213.0
8649,TUN,1974,3735.0,0.05362109143909777,18.8,5.635860458170742,5556437.0
8650,TUN,1975,3899.0,0.04297229141567982,18.8,5.934894195619588,5703966.0
8651,TUN,1976,4095.0,0.049046607304571666,18.4,6.1870313306519575,5859294.0
8652,TUN,1977,4132.0,0.008994833952359116,19.6,5.4638318050256105,6005061.0
8653,TUN,1978,4304.0,0.040783271602091276,18.9,5.728149831104496,6136282.0
8654,TUN,1979,4481.0,0.0403014129445225,19.3,5.876053695596654,6280477.0
8655,TUN,1980,4693.0,0.04622580100827456,18.7,5.7595324897606925,6443183.0
8656,TUN,1981,4830.0,0.028774430852202215,19.4,5.24649761781824,6605707.0
8657,TUN,1982,4713.0,-0.024521819722888694,19.8,6.1152296544419125,6734098.0
8658,TUN,1983,4844.0,0.027416177749252313,19.7,5.537334267018537,6859890.0
8659,TUN,1984,4890.0,0.009451477795934693,19.0,5.988710758911361,7184530.0
8660,TUN,1985,5039.0,0.030015346211680338,19.7,5.52823790214127,7363698.0
8661,TUN,1986,4841.0,-0.040086338740902505,19.7,5.911609321858518,7547080.0
8662,TUN,1987,5043.0,0.04087983213702984,19.9,5.481888142742423,7728019.0
8663,TUN,1988,4940.0,-0.020635811894756273,20.1,5.501666290534067,7898560.0
8664,TUN,1989,5023.0,0.016662033568076495,19.8,5.536940488710632,8056693.0
8665,TUN,1990,5316.0,0.05669377608309034,20.0,6.051618469927729,8211004.999999999
8666,TUN,1991,5446.2281757249175,0.024202150379087684,19.1,5.767383056065796,8370400.0
8667,TUN,1992,5789.955052922007,0.06120123744420347,19.3,5.884992302597465,8529400.0
8668,TUN,1993,5843.0684103715685,0.009131542919762481,19.6,5.464678903763262,8686870.0
8669,TUN,1994,5968.844790171844,0.021297334602659035,20.6,5.643324505619087,8838280.0
8670,TUN,1995,6048.7474991021545,0.01329781947162445,19.9,5.881091489626612,8969210.0
8671,TUN,1996,6388.393984452914,0.054631678495290714,19.6,5.8886009116487426,9092030.0
8672,TUN,1997,6680.103410227016,0.04465056383801169,20.4,5.910254491682439,9208780.0
8673,TUN,1998,6944.660890067283,0.03883967908847019,19.8,5.6185876285929695,9316580.0
8674,TUN,1999,7297.474604205236,0.04955519658217078,20.5,5.77734267776423,9416710.0
8675,TUN,2000,7548.437842258139,0.03381228986999574,20.3,5.430222437427975,9514400.0
8676,TUN,2001,7848.094466525322,0.03893012566737042,20.6,5.552959584921617,9613110.0
8677,TUN,2002,7916.679496117091,0.008701103163740953,20.3,5.620763118936109,9710830.0
8678,TUN,2003,8281.715263149277,0.04507824195483323,20.6,6.140315493840337,9809570.0
8679,TUN,2004,8705.08413958555,0.049857134506972045,20.0,5.765191102784844,9905970.0
8680,TUN,2005,8983.384172259366,0.03146942908534278,19.8,5.735604086979157,9996710.0
8681,TUN,2006,9420.023150983332,0.04746087830626067,20.4,5.872681011118015,10086630.0
8682,TUN,2007,9932.938167715387,0.05301877605151972,20.4,5.837438859468874,10178440.0
8683,TUN,2008,10294.921446404007,0.035794387905596636,20.4,5.3986150878634005,10273640.0
8684,TUN,2009,10533.217825231255,0.022883155721661552,20.3,5.918087077303206,10376670.0
8685,TUN,2010,10721.811344221569,0.017746244140870004,20.4,5.730099782973574,10491230.0
8686,TUN,2011,10437.0,-0.02692292520852746,20.2,5.896329351992943,10612250.0
8687,TUN,2012,10750.849821816155,0.02962761980341888,20.6,5.527840524826286,10736900.0
8688,TUN,2013,10881.510450057782,0.012080255281039953,20.3,5.785055194784937,10865750.0
8689,TUN,2014,11084.781395957822,0.0185080622439866,20.8,5.620763118936109,10996090.0
8690,TUN,2015,11063.08092636137,-0.0019596000936665803,20.6,5.785055194784937,11124310.0
8691,TUN,2016,11064.023715502895,8.521577109732448e-05,20.8,5.660874973644924,11247610.0
8692,TUN,2017,11194.36482191282,0.011711772938760134,20.5,5.687653092726317,11365440.0
8693,TUN,2018,11376.28966218976,0.016120824523591537,20.5,5.805134968916488,11477260.0
8694,TUN,2019,11451.89757469591,0.006624108010573337,20.5,5.884992302597465,11582540.0
8695,TUN,2020,10354.23909638127,-0.1007594329285002,20.7,5.669191029886582,11680790.0
8696,TUN,2021,10726.256220168169,0.03529857765228073,21.0,5.202907181743378,11772360.0
8697,TUN,2022,10913.845489085925,0.01733762349358159,21.2,5.080161356744866,11861810.0
8698,TZA,1961,703.0,-0.04042362215064621,22.6,7.131538625583686,10555397.0
8699,TZA,1962,746.0,0.05936870839309538,22.2,6.968097507988299,10863958.0
8700,TZA,1963,770.0,0.0316649146439687,22.1,7.116312971967928,11185238.0
8701,TZA,1964,787.0,0.021837733569674,22.1,6.900730664045173,11521695.0
8702,TZA,1965,792.0,0.006333143397022845,22.1,6.851819646651834,11870412.0
8703,TZA,1966,867.0,0.09047758496611547,22.6,6.829469360583593,12231389.0
8704,TZA,1967,875.0,0.00918490957707263,22.3,7.073184968105874,12607312.0
8705,TZA,1968,894.0,0.02148188881589963,22.0,7.095395997253692,12988137.0
8706,TZA,1969,883.0,-0.012380574569553993,22.6,6.75786218940752,13389543.0
8707,TZA,1970,905.0,0.024609743095965975,22.5,6.947937068614969,13806869.0
8708,TZA,1971,915.0,0.010989121575595284,22.1,6.803616239240991,14236867.0
8709,TZA,1972,945.0,0.03226086221822211,22.4,6.994941640661053,14706593.0
8710,TZA,1973,945.0,0.0,22.6,6.818377467830921,15201384.0
8711,TZA,1974,937.0,-0.008501645255321044,22.2,6.838726692571701,15681232.0
8712,TZA,1975,956.0,0.02007463081297889,22.2,6.7818518620929815,16147863.0
8713,TZA,1976,996.0,0.04098934453319725,22.4,6.757281165627302,16625711.0
8714,TZA,1977,993.0,-0.003016593539425294,22.6,6.971949991024133,17129565.0
8715,TZA,1978,993.0,0.0,22.4,7.057036981697891,17647395.0
8716,TZA,1979,977.0,-0.016244012002390562,22.4,7.095064377287131,18144828.0
8717,TZA,1980,958.0,-0.019638874071921997,22.5,6.882437470997847,18665062.0
8718,TZA,1981,920.0,-0.04047410792777395,22.4,6.846198973283031,19212004.0
8719,TZA,1982,905.0,-0.01643872634316068,22.5,7.014634640609233,19776786.0
8720,TZA,1983,875.0,-0.03371105734231161,23.0,6.779467258680606,20368423.0
8721,TZA,1984,870.0,-0.005730674708984473,22.4,6.920079028670969,20984094.0
8722,TZA,1985,843.0,-0.031526253646774194,22.3,6.882027130409406,21618434.0
8723,TZA,1986,845.0,0.002369669355318571,22.4,6.996040843849498,22284172.0
8724,TZA,1987,859.0,0.016432294627080957,23.0,6.76849321164863,23016721.0
8725,TZA,1988,867.0,0.009270054796286509,22.9,6.922742408790385,23763758.0
8726,TZA,1989,870.0,0.0034542348680881574,22.3,7.018133186451746,24484892.0
8727,TZA,1990,875.0,0.005730674708984473,22.7,6.89172751790494,25214284.0
8728,TZA,1991,891.8942647965827,0.019123701972741713,22.7,6.928439870174969,25935790.0
8729,TZA,1992,895.4805987006042,0.004012967609755336,22.8,6.838833833515715,26697600.0
8730,TZA,1993,900.4133422705056,0.005493371141835901,22.6,6.750048282952101,27606450.0
8731,TZA,1994,904.7574646513776,0.004812985840582762,22.8,6.908854674425438,28697510.0
8732,TZA,1995,931.0027659210887,0.028595335264290256,23.0,6.847049403864742,29646470.0
8733,TZA,1996,979.7304350786227,0.05101521939383513,22.7,6.854670907889681,30291330.0
8734,TZA,1997,1017.1681184679211,0.03750022303404954,22.9,7.0239370332715465,31028080.0
8735,TZA,1998,1052.0750167956455,0.03374200888171064,23.1,6.916814123470483,31951020.0
8736,TZA,1999,1100.3532068585187,0.04486680489349926,22.7,6.874198495453294,32912420.0
8737,TZA,2000,1148.680170099534,0.04298237970613883,22.8,6.777418777254134,33953490.0
8738,TZA,2001,1213.6268753140635,0.0549996888101294,22.9,6.824591037721368,34973970.0
8739,TZA,2002,1293.2050658668406,0.06351039024862004,23.1,7.02384799796899,36021410.0
8740,TZA,2003,1369.9390816150094,0.057642588704281295,23.3,6.643789733147672,37099900.0
8741,TZA,2004,1464.385366938692,0.06666933680681453,22.9,6.889591308354466,38167000.0
8742,TZA,2005,1554.1523158958562,0.05949465283549937,23.1,6.646650221380809,39261760.0
8743,TZA,2006,1621.9965444967752,0.042727562775128014,22.8,7.064588073008926,40387270.0
8744,TZA,2007,1754.4626485249967,0.07850480156316131,22.8,6.840225622188537,41556620.0
8745,TZA,2008,1848.1745273751221,0.05203578312295498,22.7,6.824591037721368,42741370.0
8746,TZA,2009,1946.8481316239383,0.05201331214693283,23.0,6.827087375914682,43889490.0
8747,TZA,2010,2068.8636615835253,0.06078777866171148,23.2,6.787393922310954,45131640.0
8748,TZA,2011,2227.0,0.07365588748608065,22.8,6.908155199003464,46530990.0
8749,TZA,2012,2271.4642969378106,0.019769299983569688,22.8,6.699623485288365,47965470.0
8750,TZA,2013,2353.3415737859964,0.035411576180890414,23.0,6.8737847594109835,49436500.0
8751,TZA,2014,2436.4563666772146,0.034708410504053155,22.9,6.847792937809454,50964610.0
8752,TZA,2015,2505.972428743895,0.028132179372200916,23.0,6.891015954977839,52603670.0
8753,TZA,2016,2592.6619462159956,0.03400827205460466,23.2,7.002792694316889,54336300.0
8754,TZA,2017,2683.053556079512,0.03427040614077104,23.2,6.872853226972873,56061930.0
8755,TZA,2018,2785.1823176640764,0.03735780287751478,22.8,6.956069139260688,57764510.0
8756,TZA,2019,2894.647273525394,0.03854992832544024,23.2,7.089826804520882,59464560.0
8757,TZA,2020,2948.4724897505207,0.018423972448124992,23.1,7.140136035648829,61190550.0
8758,TZA,2021,3008.1130797544965,0.020025762222084076,23.0,6.911348814492268,62944430.0
8759,TZA,2022,3057.3287251849197,0.016228570697570888,22.9,6.9153265444784555,64834510.0
8760,UGA,1961,1093.0,-0.039467005573997405,22.5,7.34588116932985,7471533.0
8761,UGA,1962,1106.0,0.01182369390574145,22.2,7.151015133881171,7688797.0
8762,UGA,1963,1197.0,0.07906852347569249,22.4,7.176483863516831,7913960.0
8763,UGA,1964,1251.0,0.044124804908938664,22.3,7.096886927704641,8147346.0
8764,UGA,1965,1242.0,-0.007220247973487304,22.5,6.955211220138432,8389294.0
8765,UGA,1966,1280.0,0.030137094420238597,22.6,7.055657908905633,8640153.0
8766,UGA,1967,1310.0,0.023167059281534286,22.3,7.096804156525518,8900294.0
8767,UGA,1968,1304.0,-0.004590673708598558,22.1,7.0997796112374765,9170101.0
8768,UGA,1969,1404.0,0.07388884209915769,22.7,7.0283787213058755,9449977.0
8769,UGA,1970,1382.0,-0.015793580258140594,22.7,7.107015889833015,9742933.0
8770,UGA,1971,1385.0,0.0021684142938234174,22.3,6.975133514312085,10008815.0
8771,UGA,1972,1364.0,-0.015278580218031301,22.7,7.101923058059773,10224459.0
8772,UGA,1973,1331.0,-0.024491020008295727,22.9,7.0006990246248755,10428151.0
8773,UGA,1974,1302.0,-0.02202899562659777,22.6,7.033241899023553,10672198.0
8774,UGA,1975,1243.0,-0.04637373125780275,22.6,7.142827401161621,10952422.0
8775,UGA,1976,1219.0,-0.01949696202944029,22.7,7.05841415526725,11242107.0
8776,UGA,1977,1207.0,-0.009892908383739574,22.9,7.191354025996282,11541051.0
8777,UGA,1978,1111.0,-0.08287743145790127,22.8,7.175642724105739,11850352.0
8778,UGA,1979,966.0,-0.1398519554271127,22.9,6.96574112818079,12138465.0
8779,UGA,1980,912.0,-0.057523844138186675,23.1,6.944858366933639,12414719.0
8780,UGA,1981,923.0,0.011989244428520784,23.3,7.045950777733537,12725252.0
8781,UGA,1982,972.0,0.05172656995758729,23.2,7.094400807256147,13078930.0
8782,UGA,1983,1014.0,0.04230237969068984,23.5,6.9914528380037035,13470393.0
8783,UGA,1984,897.0,-0.1226023220923329,23.3,6.905853471692541,13919514.0
8784,UGA,1985,886.0,-0.012338911453714907,23.0,7.039046664663313,14391743.0
8785,UGA,1986,858.0,-0.0321128511171187,23.2,6.965174769849623,14910724.0
8786,UGA,1987,877.0,0.02190289288422065,23.6,6.964324630470031,15520093.0
8787,UGA,1988,902.0,0.028107527690441003,23.3,7.183643071551207,16176418.0
8788,UGA,1989,929.0,0.029494218751214163,22.7,7.044992297287222,16832384.0
8789,UGA,1990,932.0,0.003224075871752774,23.4,7.029972911706386,17455758.0
8790,UGA,1991,915.4053283443002,-0.01796586570049019,23.1,7.082464602773951,18067320.0
8791,UGA,1992,934.8262611058482,0.020993746038375782,23.0,6.98896653440696,18702530.0
8792,UGA,1993,959.1881430158104,0.025726547287123758,23.1,6.920770216059632,19391080.0
8793,UGA,1994,994.5333917618376,0.03618643185196557,23.0,7.1258460866596955,20103190.0
8794,UGA,1995,1054.7139296053563,0.05875117820578257,23.4,7.068001628124234,20679680.0
8795,UGA,1996,1091.5275264003274,0.03430854217706969,23.1,7.152738596900803,21269680.0
8796,UGA,1997,1107.5009409743204,0.014527957011724268,23.2,7.135368824967799,21926050.0
8797,UGA,1998,1137.638151241129,0.026848243533862615,23.3,7.066552290729135,22621760.0
8798,UGA,1999,1185.4312690393156,0.041152332385651746,23.1,7.1143628616562475,23407560.0
8799,UGA,2000,1191.9538798461263,0.005487227995850219,23.5,7.001973954221119,24194800.0
8800,UGA,2001,1255.8844342134325,0.05224617634580131,23.7,7.073354459631703,24992160.0
8801,UGA,2002,1301.0588278641792,0.03533836309250393,24.0,7.087239480955931,25845760.0
8802,UGA,2003,1335.0304967807901,0.025775719693171162,23.9,7.078341579557671,26661410.0
8803,UGA,2004,1364.6851931103718,0.02196963865843582,24.0,7.0468213271051345,27413940.0
8804,UGA,2005,1451.097326273943,0.06139627268172276,24.0,6.936537080407589,28200120.0
8805,UGA,2006,1501.385499557381,0.03406830120046056,23.9,7.1268104843877405,29021360.0
8806,UGA,2007,1569.829840705876,0.04457888360802631,23.9,7.233094342611016,29846460.0
8807,UGA,2008,1679.3994778834553,0.06746904410209442,23.9,7.108735017594625,30647210.0
8808,UGA,2009,1757.38624301723,0.04539134014475987,24.4,7.025271612409976,31469290.0
8809,UGA,2010,1831.2907004674328,0.04119340303013708,24.2,7.188941297690216,32342510.0
8810,UGA,2011,1890.0,0.031555810024068265,23.7,7.164875045851278,33257059.999999996
8811,UGA,2012,1878.895928781196,-0.005892496666290548,23.3,7.205263912251653,34234080.0
8812,UGA,2013,1895.464405554264,0.008779544998723132,23.4,7.245940333607025,35271190.0
8813,UGA,2014,1941.190439361355,0.023837536015026473,23.4,7.036060539135061,36418950.0
8814,UGA,2015,2026.8051534141848,0.04315932383314802,23.4,7.148109867026701,37673110.0
8815,UGA,2016,1953.0965216649522,-0.03704466432337661,23.6,7.102005406641365,39157030.0
8816,UGA,2017,1998.5994438647892,0.023030584254342124,23.5,7.235547092361794,40879060.0
8817,UGA,2018,2036.3312449662733,0.018703122263213245,23.3,7.138866999945524,42329090.0
8818,UGA,2019,2128.9085948515294,0.04445967217158486,23.5,7.349230824613334,43639180.0
8819,UGA,2020,2032.2618824050694,-0.04646005106953588,23.5,7.2786979530518785,45119750.0
8820,UGA,2021,2083.828189664253,0.02505727736462493,23.4,7.1864470595957854,46645170.0
8821,UGA,2022,2122.027929667799,0.01816552414682704,23.5,7.210670732074507,48065070.0
8822,UKR,1980,8467.0,0.07579011951546377,7.2,6.550222824629276,50046649.0
8823,UKR,1981,8695.0,0.026571893146105197,9.0,6.496020557860377,50235677.0
8824,UKR,1982,8934.0,0.02711607512368097,8.5,6.1864143640514095,50397455.0
8825,UKR,1983,9288.0,0.038859021465663446,9.3,6.18682571740974,50573066.0
8826,UKR,1984,9476.0,0.020039041900949073,8.2,6.225152312297863,50769375.0
8827,UKR,1985,9387.0,-0.009436532941684561,7.0,6.393757964050511,50944248.0
8828,UKR,1986,9408.0,0.002234637801416639,8.3,6.135564891081739,51095072.0
8829,UKR,1987,9648.0,0.025190248828558026,6.6,6.261491684321042,51218101.0
8830,UKR,1988,9704.0,0.005787531656919143,8.2,6.430847873419607,51422963.0
8831,UKR,1989,10082.0,0.038213484018690735,9.8,6.24726888066174,51501478.0
8832,UKR,1990,9607.0,-0.048259656232838566,9.6,6.260537030310592,51622275.0
8833,UKR,1991,8899.096690561873,-0.07654222328300442,8.6,6.245137303457015,51730360.0
8834,UKR,1992,8130.276785856602,-0.09035480816358366,8.8,6.283574302886914,51869140.0
8835,UKR,1993,7090.257341436511,-0.13687333170124383,7.9,6.246300545154681,51887210.0
8836,UKR,1994,5585.413321986644,-0.23856320076965254,9.0,6.175035323302368,51637840.0
8837,UKR,1995,5024.181735240126,-0.1058958335828315,8.9,6.3965962663149085,51247740.0
8838,UKR,1996,4636.626309204157,-0.08027558867977191,7.7,6.331501849893691,50813390.0
8839,UKR,1997,4612.40421983972,-0.005237769442871354,7.8,6.493451222206768,50371400.0
8840,UKR,1998,4640.199197785761,0.006008052069308434,8.6,6.3833377016966795,49941240.0
8841,UKR,1999,4751.316240598978,0.02366438707057128,9.6,6.300051580239659,49491190.0
8842,UKR,2000,5165.808153729847,0.08363987471161494,9.6,6.246881658972487,49013830.0
8843,UKR,2001,5793.659759650365,0.11470261708971563,9.0,6.434707019550176,48520340.0
8844,UKR,2002,6262.982424808585,0.07789232259974277,9.5,6.289530024939451,48074070.0
8845,UKR,2003,7029.570523797112,0.11546911469003973,8.4,6.252289165389881,47692440.0
8846,UKR,2004,8049.395377032447,0.135471368130883,9.0,6.468785092316574,47342450.0
8847,UKR,2005,8496.676338957132,0.05407808791569124,9.0,6.39241949973826,47002640.0
8848,UKR,2006,9355.987925458065,0.09634149007220216,8.7,6.311190196268436,46685260.0
8849,UKR,2007,10355.818446673604,0.10153197236004097,10.1,6.2656813686061925,46406830.0
8850,UKR,2008,10824.076461069992,0.04422442435994256,9.8,6.28711478920894,46155640.0
8851,UKR,2009,9381.224975441304,-0.14306260598623943,9.6,6.329542636514291,45950760.0
8852,UKR,2010,9601.208608595822,0.023178638390039197,9.4,6.491481972157369,45768170.0
8853,UKR,2011,10333.0,0.07345366995402358,9.1,6.119197913617533,45603520.0
8854,UKR,2012,10381.638185351349,0.004696029377843303,9.4,6.318607688440676,45491540.0
8855,UKR,2013,10405.389314437634,0.0022851886276082922,9.7,6.332035515298156,45388610.0
8856,UKR,2014,9817.459393841984,-0.05816150387581409,9.7,6.24280675278087,44943740.0
8857,UKR,2015,8959.173499131002,-0.09148439203025838,10.4,6.2049617213703865,44428810.0
8858,UKR,2016,9221.608186466143,0.028871466721671624,9.8,6.460373827772681,44207710.0
8859,UKR,2017,9477.510214007096,0.027372200065618912,9.8,6.262826670692666,44029190.0
8860,UKR,2018,9827.171393881204,0.03622949422879529,9.9,6.303168275401672,43943680.0
8861,UKR,2019,10139.761229933642,0.031313310194288846,10.7,6.128396401603126,43951400.0
8862,UKR,2020,9769.827945690835,-0.03716559511411255,10.9,6.189495397607116,43903660.0
8863,UKR,2021,10133.884720213782,0.036585876014855856,9.4,6.441743671005939,43745640.0
8864,UKR,2022,7749.099445225775,-0.26830809544530254,10.0,6.327400925897314,39897110.0
8865,URY,1961,7740.0,0.012611491340887682,18.0,7.128255339350929,2563794.0
8866,URY,1962,7498.0,-0.031765369287915846,17.3,6.764808269662204,2598466.0
8867,URY,1963,7450.0,-0.0064222859222518025,17.9,7.364736989876008,2632111.0
8868,URY,1964,7498.0,0.0064222859222518025,16.9,6.869949564246238,2663610.0
8869,URY,1965,7498.0,0.0,17.7,6.962811484730215,2693133.0
8870,URY,1966,7693.0,0.025674506163078092,17.2,7.166574806748817,2721207.0
8871,URY,1967,7305.0,-0.051751779274134435,17.9,7.227444610068898,2748579.0
8872,URY,1968,7353.0,0.00654934801142204,17.7,7.026693203053651,2776607.0
8873,URY,1969,7740.0,0.05129329438755015,17.8,6.813224795135904,2801859.0
8874,URY,1970,8030.0,0.036782840357034274,17.8,7.078004254541822,2823659.0
8875,URY,1971,7933.0,-0.012153253638803818,17.4,7.102828519701255,2826042.0
8876,URY,1972,7643.0,-0.03724107805911814,17.7,7.215754552196813,2829526.0
8877,URY,1973,7885.0,0.031172024154253464,17.4,7.1297782026276435,2834115.0
8878,URY,1974,8176.0,0.03624081304634785,17.4,7.0326242610280065,2838213.0
8879,URY,1975,8563.0,0.04624756258270679,17.6,7.029884412215201,2844000.0
8880,URY,1976,8853.0,0.033305788584856444,17.0,7.181896080867251,2861000.0
8881,URY,1977,8950.0,0.010897147657852102,18.1,7.346461720870104,2879000.0
8882,URY,1978,9483.0,0.05784718961482582,17.5,7.280283886844036,2897000.0
8883,URY,1979,9966.0,0.049678577957623204,17.4,6.809480709713797,2914000.0
8884,URY,1980,10546.0,0.05656734124906393,18.1,7.233094342611016,2930000.0
8885,URY,1981,10643.0,0.009155757950630061,17.9,7.106606137727303,2848000.0
8886,URY,1982,9578.0,-0.10543359713848943,18.0,7.156488601295344,2968000.0
8887,URY,1983,8950.0,-0.06781526963365359,17.4,7.157891235359948,2989000.0
8888,URY,1984,8805.0,-0.016333790338594056,17.3,7.340705844025162,3008000.0
8889,URY,1985,8901.0,0.010843888028624349,18.1,7.154146497016037,3012000.0
8890,URY,1986,9628.0,0.07851188994403024,18.2,7.329487359554173,3031000.0
8891,URY,1987,10305.0,0.06795369442159682,17.7,7.0708940163593175,3049000.0
8892,URY,1988,10256.0,-0.00476631416410811,17.1,6.909853077064283,3068000.0
8893,URY,1989,10305.0,0.00476631416410811,18.0,6.7151409327027505,3088000.0
8894,URY,1990,10305.0,0.0,17.6,7.303035362031936,3110000.0
8895,URY,1991,10586.408414766769,0.02694173899971375,18.1,7.175642724105739,3123700.0
8896,URY,1992,11349.542004280955,0.06960643772537978,17.6,7.186976660516051,3136530.0
8897,URY,1993,11581.704684274522,0.02024927959323186,17.7,7.274964541635769,3149030.0
8898,URY,1994,12344.150140296246,0.0637556073443104,18.2,7.077751186085455,3162340.0
8899,URY,1995,12092.638852246673,-0.020585369846434887,17.6,7.00270175629109,3175450.0
8900,URY,1996,12660.162655503667,0.04586335646094497,17.7,6.9877672169515215,3189660.0
8901,URY,1997,13226.477797695921,0.043760449618972075,18.3,7.193535544144321,3206580.0
8902,URY,1998,13744.321148516316,0.038405017182370216,17.4,7.257284754759998,3221700.0
8903,URY,1999,13348.756281367088,-0.029202513358955073,17.5,6.961201254687763,3233830.0
8904,URY,2000,13050.063903587301,-0.022630187478629438,17.5,7.288654433145052,3245770.0
8905,URY,2001,12463.91903980911,-0.04595503699840364,18.5,7.372620730371749,3257260.0
8906,URY,2002,11399.580724707437,-0.08926141739525484,18.0,7.541630048077011,3267740.0
8907,URY,2003,11438.68613850908,0.00342455513402129,17.6,7.329093736246592,3276880.0
8908,URY,2004,11955.309438553342,0.04417435286127258,17.9,6.988689896478136,3284750.0
8909,URY,2005,12757.498640066231,0.06494374317225571,18.0,7.210227436906553,3291250.0
8910,URY,2006,13223.780764577108,0.03589755442283327,18.3,7.075132388390269,3297700.0
8911,URY,2007,13976.392578731906,0.05535288014861095,17.5,7.2602414622994145,3305390.0
8912,URY,2008,14869.926666309419,0.06197116687753912,18.1,6.803949110256548,3313130.0
8913,URY,2009,15143.996123101964,0.018263329098541448,17.9,7.118178265886966,3320900.0
8914,URY,2010,16415.62883173476,0.0806297006753951,17.9,7.131618571220696,3328710.0
8915,URY,2011,17211.0,0.04731485570770744,17.8,7.022065625159548,3336690.0
8916,URY,2012,17776.02749140041,0.03230206515416256,18.5,7.19668657083435,3344930.0
8917,URY,2013,18553.332642626025,0.042798650759422685,17.7,7.036939737362963,3353430.0
8918,URY,2014,19104.3132118841,0.02926470196880082,18.4,7.43307534889858,3362200.0
8919,URY,2015,19123.602932734615,0.0010091956053628337,18.4,7.159913795364871,3371270.0
8920,URY,2016,19393.98190078564,0.014039478868502542,17.7,7.098210335672814,3380450.0
8921,URY,2017,19656.62655542169,0.013451704105706952,18.7,7.2525499308901535,3389580.0
8922,URY,2018,19697.759966076323,0.0020904112232038585,18.3,7.1996036603033335,3398670.0
8923,URY,2019,19714.14894879611,0.0008316767249141321,18.2,7.2258453076053,3407730.0
8924,URY,2020,18460.03834921669,-0.06572829220301557,18.2,6.799724534768432,3416700.0
8925,URY,2021,19222.295834867902,0.04046254021892359,18.1,6.979238380604001,3425650.0
8926,URY,2022,20181.93966293775,0.048717281676717406,17.8,6.899924699866949,3422180.0
8927,USA,1961,18175.0,0.0065136021858389626,15.2,7.217149918339568,183691000.0
8928,USA,1962,18976.0,0.04312799939573253,15.2,7.044076526340375,186538000.0
8929,USA,1963,19514.0,0.02795713387044252,15.4,7.318075249816483,189242000.0
8930,USA,1964,20360.0,0.042440034996563014,15.0,7.260276608595878,191889000.0
8931,USA,1965,21390.0,0.04935133141199266,14.85,7.393140010266175,194303000.0
8932,USA,1966,22529.0,0.05187984510069121,14.95,7.170119543449628,196560000.0
8933,USA,1967,22842.0,0.013797578433409896,15.4,7.4394124123280605,198712000.0
8934,USA,1968,23691.0,0.03649428255513776,15.299999999999999,7.428689636896416,200706000.0
8935,USA,1969,24195.0,0.021050771061728923,15.149999999999999,7.274479558773871,202677000.0
8936,USA,1970,23958.0,-0.009843702936143117,15.200000000000001,7.23871233491524,205052000.0
8937,USA,1971,24394.0,0.01803490311190714,15.100000000000001,7.221543598518397,207661000.0
8938,USA,1972,25414.0,0.040963002861296616,14.9,7.155474362862388,209896000.0
8939,USA,1973,26602.0,0.04568619764876125,15.25,7.072973063292722,211909000.0
8940,USA,1974,26286.0,-0.011949922871286489,15.55,7.274375603266734,213854000.0
8941,USA,1975,25956.0,-0.012633681300895816,14.95,7.139144739150198,215973000.0
8942,USA,1976,27058.0,0.04157991342224676,15.1,7.108857699419467,218035000.0
8943,USA,1977,28001.0,0.034257513642010906,15.75,7.083555618785827,220239000.0
8944,USA,1978,29286.0,0.04486936230988725,15.45,7.254743457331325,222585000.0
8945,USA,1979,29949.0,0.022386348889330776,15.35,7.288381097076656,225055000.0
8946,USA,1980,29611.0,-0.011350021104972186,15.75,7.357205374071691,227726463.0
8947,USA,1981,30056.0,0.014916394354242968,16.05,7.092365880579563,229966237.0
8948,USA,1982,29210.0,-0.028551191872018933,15.25,7.545997387372749,232187835.0
8949,USA,1983,30158.0,0.03193911154395579,15.399999999999999,7.023714430149732,234307207.0
8950,USA,1984,32076.0,0.06165785900117804,15.75,6.985595563100474,236348292.0
8951,USA,1985,33023.0,0.029096201448084003,15.049999999999999,7.201618210508999,238466283.0
8952,USA,1986,33850.0,0.024734710965416795,15.95,7.247863753612294,240650755.0
8953,USA,1987,34730.0,0.025664867397699354,15.8,7.257601963327289,242803533.0
8954,USA,1988,35863.0,0.03210225659442756,15.850000000000001,7.121817721560154,245021414.0
8955,USA,1989,36756.0,0.024595354288228677,15.35,7.438383530044307,247341697.0
8956,USA,1990,36982.0,0.006129830146155868,15.75,7.321948849654141,250131894.0
8957,USA,1991,36463.95763729273,-0.014106997050111758,15.9,7.2416527752308815,252981000.0
8958,USA,1992,37240.2990340352,0.021067171556959252,15.700000000000001,7.308207845266757,256514000.0
8959,USA,1993,37761.53516734228,0.013899514074013908,15.4,7.036456273997871,259919000.0
8960,USA,1994,38807.279971992684,0.02731686080775475,15.85,7.181211644169936,263126000.0
8961,USA,1995,39390.6254014683,0.014919996846812111,15.850000000000001,7.01764054251138,266278000.0
8962,USA,1996,40412.75103133644,0.025617500737032728,15.450000000000001,7.300135147541646,269394000.0
8963,USA,1997,41722.6703296506,0.03189927931097536,15.5,7.27897394836171,272647000.0
8964,USA,1998,43072.758021095564,0.03184609872876898,15.7,6.8605588441511625,275854000.0
8965,USA,1999,44575.84862702155,0.034301468954302194,15.4,7.035840618745356,279040000.0
8966,USA,2000,45886.47049828895,0.02897811147895446,15.7,7.0041103672249,282162000.0
8967,USA,2001,45878.009153955805,-0.00018441437011773587,15.799999999999999,6.9957661563048505,284969000.0
8968,USA,2002,46266.29589143221,0.008427846638399572,15.8,7.126890808898808,287625000.0
8969,USA,2003,47157.99527113943,0.019089820173359584,15.9,7.134851010134775,290108000.0
8970,USA,2004,48492.71712261176,0.027910058575658425,16.0,7.463965273782727,292805000.0
8971,USA,2005,49654.76142510663,0.02368066144627079,16.1,7.072803507105635,295517000.0
8972,USA,2006,50489.860021832916,0.016678238779272547,16.0,7.15894192132099,298380000.0
8973,USA,2007,50901.74470450649,0.00812467559821961,16.05,6.922742408790385,301231000.0
8974,USA,2008,50275.746337143275,-0.012374419427947814,15.45,7.138470095792665,304094000.0
8975,USA,2009,48452.93350407469,-0.03692989709976935,15.25,7.119392890110145,306772000.0
8976,USA,2010,49266.91586220606,0.016659894385796292,15.7,6.897300821078278,309327000.0
8977,USA,2011,49675.0,0.008249010508482257,15.799999999999999,7.16018575092124,311583000.0
8978,USA,2012,50436.4354973145,0.01521205198794462,16.0,6.992004511427037,313878000.0
8979,USA,2013,51010.79810347045,0.011323497406420913,15.649999999999999,7.1052117233603616,316060000.0
8980,USA,2014,51796.61921780836,0.015287543237793244,15.9,7.216452478649004,318386000.0
8981,USA,2015,52808.154135428966,0.019340732101538194,16.6,7.108039536150264,320739000.0
8982,USA,2016,53301.01506695151,0.009289762226973863,16.7,7.128856746662122,323072000.0
8983,USA,2017,54152.364518908056,0.015846263187595966,16.35,7.189997582683553,325122000.0
8984,USA,2018,55454.669437941724,0.023764281546501564,16.299999999999997,7.320460778745796,326838000.0
8985,USA,2019,56469.26365925514,0.01813056396389534,16.5,7.057983992228828,328330000.0
8986,USA,2020,54379.20651245575,-0.037714636531305246,16.65,7.190713712597504,331512000.0
8987,USA,2021,57522.70462551701,0.05619788535263659,16.3,7.213326384269658,332032000.0
8988,USA,2022,58487.46586089506,0.016632739575122457,16.2,6.929321056896698,333288000.0
8989,UZB,1980,7453.0,-0.08632909231624453,12.4,5.443283136798223,15994000.0
8990,UZB,1981,7527.0,0.009879920152839006,13.1,5.6458001921178536,16400000.0
8991,UZB,1982,7594.0,0.008861905757214572,12.1,5.365976015021851,16830000.0
8992,UZB,1983,7672.0,0.01021887577152647,13.7,5.245970886175828,17171000.0
8993,UZB,1984,7189.0,-0.0650252575794017,11.7,5.302807271820889,17729000.0
8994,UZB,1985,7181.0,-0.0011134308735538667,12.5,5.270432163058501,18215000.0
8995,UZB,1986,6904.0,-0.039337695347054336,12.7,5.155024196721561,18718000.0
8996,UZB,1987,6680.0,-0.0329829662325718,12.4,5.584623492819887,19219000.0
8997,UZB,1988,7101.0,0.06111763165140083,13.2,5.422303346329028,19625000.0
8998,UZB,1989,7093.0,-0.0011272369800057191,12.7,5.241747015059643,20033000.0
8999,UZB,1990,6790.0,-0.04365744064934596,13.2,5.408068230507156,20530000.0
9000,UZB,1991,6485.527824276889,-0.045877735552723564,12.8,5.523059639225943,21058830.0
9001,UZB,1992,5530.478591343006,-0.15929884968174512,12.3,5.553347106724568,21609490.0
9002,UZB,1993,5193.464140177949,-0.06287341742480734,11.7,5.7011122461003225,22127440.0
9003,UZB,1994,4744.457857055245,-0.0904237690029781,12.1,5.479805242593414,22603660.0
9004,UZB,1995,4535.263246411296,-0.0450940403057114,13.8,5.004617221770693,23067160.0
9005,UZB,1996,4452.881873653169,-0.018331630977794333,12.1,5.0689042022202315,23523690.0
9006,UZB,1997,4529.334428545817,0.01702350480969983,13.4,5.43372200355424,23952050.0
9007,UZB,1998,4575.986800198938,0.01024736606688137,12.9,5.6736668507515775,24342160.0
9008,UZB,1999,4630.651445684996,0.011875189711135548,13.8,5.436338664445412,24701370.0
9009,UZB,2000,4667.25991024069,0.007874597278069828,13.7,5.214935757608986,25041640.0
9010,UZB,2001,4725.252501412581,0.012348842479637412,13.7,5.221436322212079,25372200.0
9011,UZB,2002,4777.288582671538,0.010952144471495728,13.7,5.612032616046633,25696130.0
9012,UZB,2003,4844.729951296877,0.014018362741143875,12.8,5.741399338227508,25991960.0
9013,UZB,2004,5068.208628019459,0.045095921178393894,14.2,5.542830943598439,26268070.0
9014,UZB,2005,5284.004909239419,0.041696888374692875,13.8,5.4089638866351,26540340.0
9015,UZB,2006,5535.12177857377,0.04642925173158474,13.6,5.379436417832829,26811530.0
9016,UZB,2007,5907.998911216545,0.06519361291185177,13.7,5.354224998486333,27080870.0
9017,UZB,2008,6278.273243067424,0.060787800996891406,13.2,5.1951766076285235,27347110.0
9018,UZB,2009,6618.097601072618,0.052712975834328546,13.4,5.549465114271844,27608510.0
9019,UZB,2010,7002.859552872846,0.056510615981432366,14.1,5.291292751611072,27868640.0
9020,UZB,2011,7396.0,0.05462074033279407,12.8,5.39725731440294,28131880.0
9021,UZB,2012,7847.0745809285745,0.05920148396277369,13.0,5.341376856008484,28397850.0
9022,UZB,2013,8340.98818310055,0.0610408990462723,14.2,5.496348217047172,28665750.0
9023,UZB,2014,8831.601152916568,0.05715463266459153,12.6,5.427589702252176,28934330.0
9024,UZB,2015,9381.346864214403,0.06038701244715128,14.0,5.586874056410478,29205150.0
9025,UZB,2016,9845.352192260572,0.04827614352425513,14.4,5.637642672151656,29479530.0
9026,UZB,2017,10182.692816012164,0.03369001121009774,13.7,5.365040998590945,29755610.0
9027,UZB,2018,10682.417894057488,0.04790970610331691,13.4,5.266826699456666,30031420.0
9028,UZB,2019,11219.242899547167,0.04903121757576834,14.2,5.481888142742423,30304980.0
9029,UZB,2020,11341.919401727713,0.010875123329357805,13.6,5.307772525318792,30575540.0
9030,UZB,2021,12076.09157686011,0.06272205180433232,14.4,5.015954455573856,30842580.0
9031,UZB,2022,12559.401549577795,0.03924191738548011,14.5,5.5020742040620565,31336880.0
9032,VEN,1961,12231.0,0.00944681934023528,25.3,7.500142456390934,7847836.0
9033,VEN,1962,12848.0,0.049214444699179793,25.2,7.5412586066145675,8143375.0
9034,VEN,1963,13232.0,0.029449981076929532,25.3,7.59448189173916,8444361.0
9035,VEN,1964,14019.0,0.057775414105062595,25.2,7.489747410175919,8752058.0
9036,VEN,1965,14347.0,0.02312730872985469,25.1,7.468342023957602,9067735.0
9037,VEN,1966,14174.0,-0.012131560728189328,25.3,7.618496767943033,9387176.0
9038,VEN,1967,14250.0,0.005347606326596477,24.9,7.535990535364939,9709552.0
9039,VEN,1968,14520.0,0.018770102681989087,25.0,7.503950933465632,10041225.0
9040,VEN,1969,14655.0,0.009254564766205675,25.6,7.563356343468112,10388580.0
9041,VEN,1970,15289.0,0.04235204141562221,25.2,7.616529715427782,10758017.0
9042,VEN,1971,15192.0,-0.006364642068492188,24.7,7.529674950253715,11151693.0
9043,VEN,1972,15135.0,-0.003759031036302929,25.2,7.5463406715494,11515649.0
9044,VEN,1973,15540.0,0.02640740246581963,25.4,7.4977062667136325,11893035.0
9045,VEN,1974,15943.0,0.025602516485726312,24.9,7.4468184441593674,12280562.0
9046,VEN,1975,16385.0,0.027346420725550047,24.8,7.504336491565751,12674987.0
9047,VEN,1976,17174.0,0.04703033009951518,24.8,7.501247856381898,13082017.0
9048,VEN,1977,17693.0,0.029772468880572944,25.4,7.4508350982774605,13503563.0
9049,VEN,1978,17481.0,-0.01205450430181898,25.3,7.536950433049565,13930824.0
9050,VEN,1979,17135.0,-0.019991421502474793,25.5,7.6292955340433,14355117.0
9051,VEN,1980,16270.0,-0.05180023409562651,25.6,7.56584506772668,14767890.0
9052,VEN,1981,15750.0,-0.03248255595930338,25.4,7.716416255754423,15166255.0
9053,VEN,1982,15423.0,-0.02098046353016514,25.3,7.531873873131646,15620766.0
9054,VEN,1983,14155.0,-0.08579198317761438,25.8,7.5203429516836655,16084417.0
9055,VEN,1984,13597.0,-0.040218738390313646,25.2,7.558777533241411,16544524.000000002
9056,VEN,1985,13270.0,-0.024343331829433268,25.0,7.629489916393995,16997509.0
9057,VEN,1986,13751.0,0.035605700396692086,25.2,7.578963552023328,17450161.0
9058,VEN,1987,13866.0,0.008328251779490259,25.9,7.525046807238547,17910182.0
9059,VEN,1988,14308.0,0.03137902087647326,25.4,7.628663530327473,18378534.0
9060,VEN,1989,12750.0,-0.11528754979233646,25.1,7.461295505155665,18850722.0
9061,VEN,1990,13251.0,0.03854174967806401,25.5,7.614213473601755,19325222.0
9062,VEN,1991,14274.525487149784,0.07440349287694836,25.4,7.46296135842886,19764740.0
9063,VEN,1992,14901.61635472764,0.042993173091479875,25.4,7.454430555641825,20202870.0
9064,VEN,1993,14693.902038226379,-0.014037106862435422,25.4,7.5703917043370605,20638760.0
9065,VEN,1994,14129.277975631472,-0.03918348367906255,25.4,7.539665150070893,21071750.0
9066,VEN,1995,14448.282191870985,0.0223264313269933,25.7,7.547079652844576,21501330.0
9067,VEN,1996,14211.809414036632,-0.01650226018170109,25.5,7.613868041932106,21927750.0
9068,VEN,1997,14894.336745593098,0.0469077886580056,25.8,7.462272376372553,22351310.0
9069,VEN,1998,14739.05065821806,-0.010480577645351374,26.2,7.66692425508408,22771610.0
9070,VEN,1999,13669.484604293504,-0.07533453152746716,25.4,7.72484426873626,23188240.0
9071,VEN,2000,13992.608807948873,0.02336330057538305,25.4,7.572039914856981,23600760.0
9072,VEN,2001,14298.036957580945,0.021593004233759316,25.9,7.387461683689258,24011170.0
9073,VEN,2002,12856.04918742854,-0.1063077976921818,25.9,7.489970898834801,24424590.0
9074,VEN,2003,11728.183005623303,-0.09181970527134808,26.1,7.567500782908052,24840500.0
9075,VEN,2004,13713.045236368866,0.15635283762124708,25.8,7.593827490870119,25254600.0
9076,VEN,2005,14944.339489328482,0.0859850118553318,26.0,7.6527356081821,25666600.0
9077,VEN,2006,16253.68575385359,0.0839871000166319,25.8,7.593978544469258,26078920.0
9078,VEN,2007,17386.085276439902,0.06735049085739853,25.8,7.620165725722929,26588890.0
9079,VEN,2008,18019.090180914034,0.035761571963991656,25.6,7.606238199131601,27098320.0
9080,VEN,2009,17242.944826690808,-0.04402869723840297,26.1,7.361629526297989,27510300.0
9081,VEN,2010,17105.579327823347,-0.007998377488803499,26.3,7.730086917922908,27920230.0
9082,VEN,2011,17746.0,0.03675545164023042,25.8,7.654158825842514,28326870.0
9083,VEN,2012,18486.458202705155,0.0408783365933818,25.8,7.510594746510549,28722100.0
9084,VEN,2013,18484.233988743432,-0.00012032309013321196,25.9,7.525909480500652,29111340.0
9085,VEN,2014,17579.223347306317,-0.050200438831703664,26.0,7.381128225697476,29418090.0
9086,VEN,2015,16333.082942876687,-0.07352503378763764,26.3,7.411737540266119,29692830.0
9087,VEN,2016,13428.788576486702,-0.1957918756236694,26.4,7.49654144421734,29960680.0
9088,VEN,2017,11363.969178268517,-0.1669530519106992,25.9,7.491478142260793,29856260.0
9089,VEN,2018,9446.187714934318,-0.18483650806039087,25.6,7.556532511806142,28858100.0
9090,VEN,2019,7061.761533347558,-0.2909167143465883,25.9,7.523211151826211,27920920.0
9091,VEN,2020,4952.529594631958,-0.35479605408749215,26.0,7.5139819875113805,27870500.0
9092,VEN,2021,4896.801878805474,-0.011316161033308347,25.7,7.550871525936517,28315650.0
9093,VEN,2022,5267.1753046442545,0.07291190929785252,25.6,7.582432943258421,28417900.0
9094,VNM,1961,1294.0,0.015576638928736841,24.5,7.512999776366171,32701357.0
9095,VNM,1962,1411.0,0.08656047679196899,24.3,7.383865226659633,33796140.0
9096,VNM,1963,1406.0,-0.003549879482203977,24.4,7.490808536745009,34932464.0
9097,VNM,1964,1427.0,0.014825545106226024,24.4,7.4812739720865515,36099052.0
9098,VNM,1965,1398.0,-0.020531694683080914,24.5,7.416378479192928,37258369.0
9099,VNM,1966,1369.0,-0.020962097505306865,24.9,7.489970898834801,38378468.0
9100,VNM,1967,1165.0,-0.16135945928864803,24.2,7.399642701727877,39463910.0
9101,VNM,1968,1114.0,-0.04476394551257101,24.4,7.432602144110382,40511528.0
9102,VNM,1969,1178.0,0.05586094372430228,24.6,7.3562160175513975,41542068.0
9103,VNM,1970,1172.0,-0.005106394074574361,24.4,7.527040610943627,42576676.0
9104,VNM,1971,1202.0,0.025275144958195384,24.1,7.491143395549343,43614366.0
9105,VNM,1972,1278.0,0.06130951984232702,24.5,7.514363698124844,44655014.0
9106,VNM,1973,1333.0,0.042135685241229126,24.8,7.4715338192008005,45736496.0
9107,VNM,1974,1248.0,-0.06588977124933582,24.2,7.499035833138512,46902295.0
9108,VNM,1975,1132.0,-0.09755629016624479,24.5,7.5138729005689795,48075207.0
9109,VNM,1976,1290.0,0.13065623859258935,24.2,7.4082274906686365,49273016.0
9110,VNM,1977,1304.0,0.010794245130880675,24.5,7.373688133857391,50533506.0
9111,VNM,1978,1285.0,-0.014677745157277933,24.6,7.528062913365125,51662728.0
9112,VNM,1979,1267.0,-0.014106817008181949,24.9,7.389872738611384,52668447.0
9113,VNM,1980,1207.0,-0.04851395922360702,24.8,7.465769785550586,53715202.0
9114,VNM,1981,1223.0,0.013168914589640757,24.5,7.453851516830047,54902677.0
9115,VNM,1982,1293.0,0.05565824308468503,24.4,7.469768191517281,56142181.0
9116,VNM,1983,1333.0,0.03046694140685169,24.6,7.4743750530703235,57436347.0
9117,VNM,1984,1420.0,0.06322483041659765,24.3,7.4590508353018405,58762040.0
9118,VNM,1985,1471.0,0.035285570006131195,24.3,7.457320731064058,60093068.0
9119,VNM,1986,1481.0,0.006775093666361087,24.5,7.546129433694791,61439826.0
9120,VNM,1987,1500.0,0.012747572822502384,25.1,7.368907348504555,62826491.0
9121,VNM,1988,1556.0,0.036653317648035255,24.7,7.408833551293248,64211347.0
9122,VNM,1989,1588.0,0.020356937068743974,24.7,7.372620730371749,65868481.0
9123,VNM,1990,1634.0,0.028555633612867837,25.0,7.50069530912505,67282704.0
9124,VNM,1991,1688.1598950401428,0.032608119799714785,25.1,7.415837142077065,68674510.0
9125,VNM,1992,1792.6707736381497,0.06006744392287722,24.7,7.377633900414722,70031620.0
9126,VNM,1993,1894.858620295663,0.05543766888663182,24.7,7.3762577821016055,71356580.0
9127,VNM,1994,2018.3507030157436,0.06313646520617944,24.9,7.559194656142292,72653820.0
9128,VNM,1995,2167.0420489578314,0.0710824323387893,24.7,7.453503932537357,73903630.0
9129,VNM,1996,2323.046383537817,0.06951629408165338,24.5,7.496485942621654,75095720.0
9130,VNM,1997,2466.873549524783,0.06007215878031147,24.9,7.483750474731224,76233820.0
9131,VNM,1998,2564.2844556497544,0.03872789559192036,25.5,7.439676811042861,77323050.0
9132,VNM,1999,2641.3484975663996,0.029610106233942446,24.7,7.547976253732677,78394490.0
9133,VNM,2000,2773.1016351079197,0.04867683636189302,24.7,7.429045952595891,79471690.0
9134,VNM,2001,2915.6861402415084,0.05013875704973447,24.9,7.541948316698412,80545820.0
9135,VNM,2002,3070.6934784828986,0.051798250155266956,25.0,7.516814079159796,81637380.0
9136,VNM,2003,3242.2854696510985,0.05437504815322569,25.1,7.381252797482128,82720330.0
9137,VNM,2004,3437.6644223214967,0.058513820796898486,24.8,7.36783482703018,83821160.0
9138,VNM,2005,3637.6563793050823,0.05654732865092882,25.0,7.4790172715519585,84941680.0
9139,VNM,2006,3828.907673426166,0.05123993730594201,25.1,7.435614995303907,86036400.0
9140,VNM,2007,4037.232859156257,0.05297996169120012,24.9,7.466170346341041,87135530.0
9141,VNM,2008,4200.235230939429,0.03958100964257838,24.4,7.5507663900482855,88252630.0
9142,VNM,2009,4360.06172503739,0.03734568329189969,25.0,7.384610383176974,89372800.0
9143,VNM,2010,4571.848584052684,0.04743141290603603,25.2,7.373939122125007,90481180.0
9144,VNM,2011,4786.0,0.04577736220074691,24.4,7.491757012281284,91591040.0
9145,VNM,2012,4987.96428728723,0.04133287858008039,25.1,7.533693709848633,92720420.0
9146,VNM,2013,5199.7790307947325,0.041588262540283694,24.9,7.518444337101561,93883340.0
9147,VNM,2014,5465.483582513126,0.04983647430081284,25.0,7.4267276278838965,95055280.0
9148,VNM,2015,5776.464968279421,0.055339293491586616,25.4,7.4649681823012495,96221850.0
9149,VNM,2016,6089.623180302986,0.05279430625301096,25.3,7.473750673881598,97379860.0
9150,VNM,2017,6437.738850417648,0.05559116362709737,25.0,7.523535335965639,98506840.0
9151,VNM,2018,6842.138813327312,0.06092300648436577,25.0,7.472273316944902,99603570.0
9152,VNM,2019,7266.048396238919,0.06011221965735558,25.5,7.401902589695315,100694780.0
9153,VNM,2020,7395.361526596984,0.01764038852496519,25.4,7.421476705860154,101770500.0
9154,VNM,2021,7507.758707370352,0.015083997192071763,25.2,7.4717045210704,102815240.0
9155,VNM,2022,8050.358830663885,0.06977968553696279,24.9,7.451067453782427,103573510.0
9156,YEM,1961,1545.0,0.005191445793249372,25.5,5.462135451777431,5993828.0
9157,YEM,1962,1554.0,0.0058083415957472795,25.4,5.09252245356844,6120081.0
9158,YEM,1963,1568.0,0.008968669982760247,25.5,5.6832395734248715,6248206.0
9159,YEM,1964,1576.0,0.005089069507471677,25.2,5.503296947234575,6378206.0
9160,YEM,1965,1588.0,0.007585371389255968,25.5,5.157329673247059,6510081.0
9161,YEM,1966,1605.0,0.010648393757035635,25.6,4.983606621708336,6624755.0
9162,YEM,1967,1624.0,0.011768485157507058,25.4,5.481471909645883,6740785.0
9163,YEM,1968,1639.0,0.00919405802220652,25.3,5.407171771460119,6859408.0
9164,YEM,1969,1658.0,0.01152575695141067,25.8,4.979488565099419,6978155.0
9165,YEM,1970,1961.0,0.16784249050110578,25.7,5.017941869278694,7098239.0
9166,YEM,1971,2254.0,0.13925186840337567,25.2,4.571613402459248,7251383.0
9167,YEM,1972,2383.0,0.055653782499019755,25.5,4.611152257665639,7407075.0
9168,YEM,1973,2614.0,0.09252141708542538,25.7,5.118592435601348,7579501.0
9169,YEM,1974,2703.0,0.03348065209228057,25.4,5.17953383055807,7755019.0
9170,YEM,1975,2844.0,0.05084924464668372,25.5,5.221976133291314,7934497.0
9171,YEM,1976,3193.0,0.11574940179164983,25.7,5.031091302663638,8170521.0
9172,YEM,1977,3446.0,0.07625322437309379,25.8,5.331268466687723,8403990.0
9173,YEM,1978,3636.0,0.053670038209494564,25.6,4.846546505563361,8641036.0
9174,YEM,1979,3733.0,0.026328023617214313,25.7,5.125153747538848,8883381.0
9175,YEM,1980,3650.0,-0.02248503233804655,25.9,4.549657476057832,9132545.0
9176,YEM,1981,3767.0,0.031551761115503396,25.7,4.822697998516666,9390138.0
9177,YEM,1982,3724.0,-0.011480569295082788,25.7,4.676560182074764,9657618.0
9178,YEM,1983,3827.0,0.027282847028743618,25.6,5.423627557513483,9936258.0
9179,YEM,1984,3861.0,0.008845010838534506,25.4,4.517431271680085,10229272.0
9180,YEM,1985,3717.0,-0.03800932596698381,25.7,4.730039168033961,10539928.0
9181,YEM,1986,3684.0,-0.008917772922055534,25.7,5.01529110563245,10869580.0
9182,YEM,1987,3712.0,0.0075716965308938455,26.0,5.048573133436648,11219340.0
9183,YEM,1988,3747.0,0.00938470488759613,25.9,5.082025290182929,11591069.0
9184,YEM,1989,3751.0,0.001066951288200002,25.5,5.307772525318792,11986392.0
9185,YEM,1990,3622.0,-0.03499611163852734,26.0,4.73795129722191,12416080.0
9186,YEM,1991,3661.923642566381,0.010962235281073873,25.8,5.0479310788399525,12882420.0
9187,YEM,1992,3759.718276332795,0.0263554333451399,25.6,5.2235938203521,13368000.0
9188,YEM,1993,3712.341069606074,-0.012681334408689793,25.8,5.14049328135447,13885760.0
9189,YEM,1994,3775.0694790013713,0.01675609388634669,25.8,5.050496827521386,14394750.0
9190,YEM,1995,3823.318906002896,0.012700081405638386,25.9,5.111987788356544,14831570.0
9191,YEM,1996,3855.572028098804,0.008400513054292347,25.9,5.12574810119676,15283820.0
9192,YEM,1997,3927.6803453077564,0.018529626669980814,25.9,5.195730777772936,15741180.0
9193,YEM,1998,4044.148416518585,0.029221992214747416,26.4,5.160777952525975,16224220.0
9194,YEM,1999,4080.218421657483,0.008879520793357187,26.0,5.250176991220101,16728300.0
9195,YEM,2000,4212.105455723758,0.03181210922665301,25.9,5.176149732573829,17235920.0
9196,YEM,2001,4249.033862041028,0.008728999585379427,26.0,5.12455904041457,17762370.0
9197,YEM,2002,4292.098860408951,0.010084227634115095,26.1,5.14865659199363,18309570.0
9198,YEM,2003,4326.510489125589,0.007985467302981775,26.2,5.13167228913909,18854790.0
9199,YEM,2004,4371.395583773154,0.010320988226625971,26.0,5.141078590121546,19409690.0
9200,YEM,2005,4485.582795708078,0.025786116691685734,26.0,5.119788607992779,20000010.0
9201,YEM,2006,4497.259330502254,0.002599743200780935,26.1,5.119788607992779,20610700.0
9202,YEM,2007,4516.143645657066,0.00419028037165603,26.2,5.242275975664412,21236420.0
9203,YEM,2008,4549.008987048359,0.007250950252592148,25.8,5.133442723357803,21877510.0
9204,YEM,2009,4593.542710018725,0.009742154415631532,26.3,5.118592435601348,22533000.0
9205,YEM,2010,4812.34539486658,0.046533014744639445,26.3,5.120386158055375,23195120.0
9206,YEM,2011,4088.0,-0.1631287204544467,26.1,5.143416405330075,23880460.0
9207,YEM,2012,4064.3423064292706,-0.005803917228071498,26.1,5.112590016619249,24594250.0
9208,YEM,2013,4139.823175424532,0.01840114000162707,26.0,5.112590016619249,25310620.0
9209,YEM,2014,4019.3998587474753,-0.029520473057509378,26.1,5.1298987149230735,26019670.0
9210,YEM,2015,2820.617221187428,-0.3541768688550766,26.4,5.116795489924646,26698170.0
9211,YEM,2016,2495.499372940501,-0.1224668751109741,26.2,5.139321635057579,27347410.0
9212,YEM,2017,2314.9672815952063,-0.07509330443328999,26.3,5.1328529268205045,27984860.0
9213,YEM,2018,2281.5448647415274,-0.01454276844514446,26.0,5.126342101808226,28608340.0
9214,YEM,2019,2265.3430203935445,-0.007126594422074639,26.4,5.116195789756748,29216330.0
9215,YEM,2020,2031.4436130163915,-0.10897951162007224,26.1,5.128121989551922,29810960.0
9216,YEM,2021,1972.2102539237114,-0.02959180959707286,26.1,5.121580188047982,30399240.0
9217,YEM,2022,1959.3194980156538,-0.006557652067392006,26.1,5.1422481808981475,31058230.0
9218,ZAF,1961,4929.0,0.01677617086000005,17.7,6.281518803704818,17869991.0
9219,ZAF,1962,5067.0,0.027612798770533686,17.9,6.121176153629639,18356657.0
9220,ZAF,1963,5294.0,0.04382517731113644,17.6,6.300418754835302,18856708.0
9221,ZAF,1964,5499.0,0.03799215372076681,17.4,6.103229510438802,19370514.0
9222,ZAF,1965,5673.0,0.031151820818752896,17.5,5.937272318024555,19898242.0
9223,ZAF,1966,5762.0,0.015566558317907209,17.9,6.007091802993681,20440487.0
9224,ZAF,1967,5993.0,0.039307484813711824,17.3,6.343880434126331,20997321.0
9225,ZAF,1968,6087.0,0.015563228035738064,17.1,6.023205432892045,21569468.0
9226,ZAF,1969,6290.0,0.03280572120056213,17.8,6.148895555056811,22157355.0
9227,ZAF,1970,6448.0,0.024808934491979073,17.8,6.024899323194219,22739921.0
9228,ZAF,1971,6591.0,0.021935076866254732,17.5,6.264920912295781,23338080.0
9229,ZAF,1972,6550.0,-0.006240032423422193,17.8,6.170029055024225,23935810.0
9230,ZAF,1973,6655.0,0.01590340219991404,17.8,6.218201633932322,24549294.0
9231,ZAF,1974,6853.0,0.02931806075661214,17.3,6.5051859739859985,25178954.0
9232,ZAF,1975,6808.0,-0.006588121332613994,17.3,6.387720716130836,25815144.0
9233,ZAF,1976,6802.0,-0.0008817046860691846,17.1,6.541751239754887,26467896.0
9234,ZAF,1977,6623.0,-0.026668247082161756,17.8,6.362165662779806,27129932.0
9235,ZAF,1978,6653.0,0.004519441256908507,17.6,6.252289165389881,27809087.0
9236,ZAF,1979,6746.0,0.013881855879708027,18.0,6.094246741751008,28505816.0
9237,ZAF,1980,6998.0,0.03667465730603858,17.8,6.1301389417957415,29251588.0
9238,ZAF,1981,7141.0,0.020228428621475558,17.3,6.339123973119759,30168679.0
9239,ZAF,1982,6891.0,-0.035636610191900786,17.9,6.009304465236313,31140029.0
9240,ZAF,1983,6554.0,-0.050140662098449695,18.5,6.096725057765475,32143960.0
9241,ZAF,1984,6672.0,0.017844114779823173,18.3,6.057720342885047,33181593.999999996
9242,ZAF,1985,6385.0,-0.043968175571942325,18.4,6.263969527959916,34254092.0
9243,ZAF,1986,6236.0,-0.023612538288972473,18.3,6.109469780298887,35101383.0
9244,ZAF,1987,6212.0,-0.0038560459090888344,18.4,6.205567353770043,35947696.0
9245,ZAF,1988,6319.0,0.017078062504877423,17.9,6.403739747144695,36794884.0
9246,ZAF,1989,6306.0,-0.0020594066684491708,17.7,6.283760957110508,37639331.0
9247,ZAF,1990,6111.0,-0.031411135210090535,18.0,6.011757250375744,38476273.0
9248,ZAF,1991,6034.900557114825,-0.012531049193356125,18.0,6.258816353086512,39417520.0
9249,ZAF,1992,5901.98447170031,-0.022270731225466633,18.6,5.807541708947054,40421530.0
9250,ZAF,1993,5965.911487412407,0.010773204318983431,18.5,6.162893662735513,41435990.0
9251,ZAF,1994,6172.973613474759,0.03411881908373182,17.8,6.001662372084428,42419070.0
9252,ZAF,1995,6406.428128841841,0.03712121253319545,18.1,6.255750041753367,43328950.0
9253,ZAF,1996,6725.790935832589,0.04864764841859248,17.6,6.384857073981877,44144700.0
9254,ZAF,1997,6950.471643426508,0.032859989789221444,17.9,6.238519918468505,44887240.0
9255,ZAF,1998,7024.295510532468,0.010565407355207057,18.4,6.2426122948317895,45577490.0
9256,ZAF,1999,7234.285803996856,0.029456714188548005,18.7,6.131226489483141,46257290.0
9257,ZAF,2000,7582.778143416393,0.04704800101011486,17.7,6.468164456144597,46958000.0
9258,ZAF,2001,7839.62528898219,0.03331139625587909,18.0,6.327579577081353,47819760.0
9259,ZAF,2002,8171.206707295855,0.041425559309354654,18.1,6.074195944705447,48479690.0
9260,ZAF,2003,8451.452498574428,0.03372172216275082,18.4,5.969474529216367,48951360.0
9261,ZAF,2004,8877.92099152592,0.0492290870976646,18.7,6.189700462716007,49478460.0
9262,ZAF,2005,9393.69335105247,0.056471136990348114,18.7,6.022478600637151,50053670.0
9263,ZAF,2006,9978.470967190984,0.06039132487771681,18.1,6.375876246018314,50666530.0
9264,ZAF,2007,10576.291271810242,0.05818495467408269,18.5,6.101887228358073,51339000.0
9265,ZAF,2008,10977.146797314368,0.037200724228895865,18.6,6.126869184114185,52077360.0
9266,ZAF,2009,10873.04634767249,-0.009528633142840803,18.5,6.1855911493516995,52861730.0
9267,ZAF,2010,11318.60454926229,0.04016087749752195,18.8,6.1886747163956874,53681670.0
9268,ZAF,2011,11838.0,0.0448669041256089,18.1,6.335054251498059,54518340.0
9269,ZAF,2012,11938.225360272434,0.008430770856492131,18.3,6.186208623900494,55356050.0
9270,ZAF,2013,12048.068706129014,0.009158906616203666,18.4,6.082903607424764,56214680.0
9271,ZAF,2014,12034.149275332169,-0.0011559925549740058,18.6,6.137078895912954,57075400.0
9272,ZAF,2015,12009.910456869906,-0.002016200836569837,19.1,5.933835434271345,57946580.0
9273,ZAF,2016,11908.11140360691,-0.008512381881594422,19.2,6.0607573736039315,58830320.0
9274,ZAF,2017,11867.522167448227,-0.0034143591142825613,18.7,6.11257537285704,59715090.0
9275,ZAF,2018,11873.299867563794,0.00048673126997123006,18.8,5.99918467012312,60594640.0
9276,ZAF,2019,11739.935508497538,-0.011295849552585224,19.4,5.984691662820553,61468960.0
9277,ZAF,2020,10839.1330806975,-0.0798333023631912,18.6,6.155919102073512,62354780.0
9278,ZAF,2021,11273.159112407795,0.03926158172367167,18.3,6.283387613817017,62899660.0
9279,ZAF,2022,11415.886895189935,0.012581372124573775,18.6,6.251711186373694,63381790.0
9280,ZMB,1961,1495.0,-0.023141528561694713,21.4,7.128896827625674,3337000.0
9281,ZMB,1962,1443.0,-0.03540192705091538,21.1,7.1499953259873354,3421000.0
9282,ZMB,1963,1438.0,-0.003471020492878729,20.8,7.015083856734662,3508000.0
9283,ZMB,1964,1588.0,0.09922210352608829,21.1,6.7818518620929815,3599000.0
9284,ZMB,1965,1828.0,0.14074711020701436,20.9,6.820343821971168,3694000.0
9285,ZMB,1966,1683.0,-0.08264455782328906,21.5,6.844708977264502,3794000.0
9286,ZMB,1967,1765.0,0.04757277517659109,21.2,6.999787364428631,3900000.0
9287,ZMB,1968,1741.0,-0.013691029599208093,21.3,6.930690250264633,4009000.0
9288,ZMB,1969,1683.0,-0.03388174557738299,21.5,7.085985142872835,4123000.0
9289,ZMB,1970,1710.0,0.01591545530589933,21.7,6.889082013716516,4251612.0
9290,ZMB,1971,1661.0,-0.029073539883410326,21.2,6.88653164253051,4376371.0
9291,ZMB,1972,1761.0,0.058461998882910926,21.3,6.816407239522832,4506497.0
9292,ZMB,1973,1693.0,-0.03937972636307041,21.5,6.780149154376991,4642941.0
9293,ZMB,1974,1776.0,0.047861541418980025,20.8,7.0851480425393385,4784668.0
9294,ZMB,1975,1659.0,-0.06814863336167143,21.1,6.877399158967238,4923730.0
9295,ZMB,1976,1707.0,0.028522432603996783,20.9,7.029353250729624,5067045.0
9296,ZMB,1977,1578.0,-0.07857922138862161,21.6,6.965552377708354,5216550.0
9297,ZMB,1978,1541.0,-0.02372666608570384,21.2,7.148895906998002,5371218.0
9298,ZMB,1979,1451.0,-0.06017858243592755,21.4,7.028998986267501,5531990.0
9299,ZMB,1980,1452.0,0.0006889425005534022,21.3,6.886122978855023,5699777.0
9300,ZMB,1981,1492.0,0.027175585378964584,21.1,6.828712071641684,5885614.0
9301,ZMB,1982,1398.0,-0.06507485796995027,21.5,6.907355198960797,6102344.0
9302,ZMB,1983,1320.0,-0.05741090721333908,22.3,6.799167338565238,6340246.0
9303,ZMB,1984,1269.0,-0.039402547866028925,21.8,6.880178511211903,6567207.0
9304,ZMB,1985,1250.0,-0.015085637418041031,21.6,6.885407415318229,6784665.0
9305,ZMB,1986,1215.0,-0.028399474521697776,21.4,7.001063456115789,7029393.0
9306,ZMB,1987,1203.0,-0.009925639799970298,22.3,6.700115914203892,7282298.0
9307,ZMB,1988,1239.0,0.029486165654463825,21.7,6.864952156656828,7517299.0
9308,ZMB,1989,1215.0,-0.019560525854493527,21.6,6.996772975299789,7746084.0
9309,ZMB,1990,1285.0,0.05601464155467184,22.0,6.800949274664328,7977698.0
9310,ZMB,1991,1279.7515311632137,-0.004092775537400506,21.7,6.885100588417331,8211850.0
9311,ZMB,1992,1308.8516494552214,0.02248420649247418,22.4,6.671653126503536,8451920.0
9312,ZMB,1993,1312.3370040463594,0.002659371076242145,21.8,6.896390948903087,8696670.0
9313,ZMB,1994,1142.201816497409,-0.1388517027814542,22.0,6.678090510677662,8948600.0
9314,ZMB,1995,1180.9438016286122,0.03335613307411478,22.5,6.675192505751435,9200740.0
9315,ZMB,1996,1260.7261920687567,0.06537394718214973,22.0,6.856672488752821,9457430.0
9316,ZMB,1997,1311.3571115227148,0.03937466611484375,22.1,6.962906123446985,9741810.0
9317,ZMB,1998,1308.951469385193,-0.0018361522997150104,22.4,6.854987213443481,10031670.0
9318,ZMB,1999,1373.8510250414997,0.04839135197499811,21.6,6.778329731541679,10327470.0
9319,ZMB,2000,1428.5023540792963,0.039008826981800304,21.7,6.981563206126856,10648500.0
9320,ZMB,2001,1504.4498690487014,0.05180070523539726,22.0,6.997138840116823,10980140.0
9321,ZMB,2002,1579.0227644596405,0.04837885631948513,22.2,6.819798000222995,11290490.0
9322,ZMB,2003,1698.5515660943915,0.07296971576227929,22.3,6.939060128810549,11592960.0
9323,ZMB,2004,1828.3098624611594,0.0736160997295423,22.1,7.016430295607793,11907310.0
9324,ZMB,2005,1970.0186788822327,0.0746510566991132,23.0,6.763884908562435,12243440.0
9325,ZMB,2006,2133.5938846454,0.07976480329631386,21.9,6.952824242349715,12611890.0
9326,ZMB,2007,2318.6270735262383,0.08316740418826907,22.0,6.888776312384334,13004510.0
9327,ZMB,2008,2504.7569814443345,0.07721648457961194,21.8,6.93770235535009,13412320.0
9328,ZMB,2009,2743.3219210206375,0.09097784956018806,21.9,6.956735901203759,13822490.0
9329,ZMB,2010,3032.067929130341,0.10007530560045552,22.4,6.961011645282569,14254910.0
9330,ZMB,2011,3205.0,0.05546721877674088,21.8,6.8909142617861106,14709490.0
9331,ZMB,2012,3344.8651743028568,0.042714295759306964,21.9,7.029530335908058,15165310.0
9332,ZMB,2013,3409.31384389593,0.019084666117418436,21.7,6.936925656281917,15631040.0
9333,ZMB,2014,3461.0899810668607,0.015072510640541381,21.8,6.944280053664509,16120570.0
9334,ZMB,2015,3454.3527073183586,-0.0019484727684471181,22.2,6.823177302506839,16623650.000000002
9335,ZMB,2016,3476.8513534909916,0.006492010621695243,22.3,6.803838165562364,17139890.0
9336,ZMB,2017,3489.854708801411,0.0037330038886764783,22.1,7.075808863978387,17674370.0
9337,ZMB,2018,3521.505005744813,0.009028352051343447,21.8,6.944762004611233,18222270.0
9338,ZMB,2019,3466.2364125529007,-0.015819058670039965,22.1,6.920079028670969,18779590.0
9339,ZMB,2020,3270.5992234999458,-0.058096181115230294,21.9,6.951963533646458,19348630.0
9340,ZMB,2021,3321.5944958260097,0.01547172056496926,22.0,6.914035516939287,19927760.0
9341,ZMB,2022,3342.4213246285044,0.006250554371801442,21.7,6.947360533574496,20485030.0
9342,ZWE,1961,1524.0,0.01921225042180552,21.2,6.58285581871354,4140117.0
9343,ZWE,1962,1497.0,-0.017875351826963204,21.4,6.815091594118718,4277736.0
9344,ZWE,1963,1436.0,-0.0416016348114594,20.7,6.51040713897592,4412423.0
9345,ZWE,1964,1519.0,0.05619075298760379,20.9,6.440148774336123,4537263.0
9346,ZWE,1965,1568.0,0.031748698314579826,20.9,6.11257537285704,4685272.0
9347,ZWE,1966,1541.0,-0.017369365590237607,21.2,6.575215300888529,4835691.0
9348,ZWE,1967,1618.0,0.04875926229832128,20.9,6.588926477533519,4995432.0
9349,ZWE,1968,1592.0,-0.016199731214108226,21.1,6.335586024975094,5171817.0
9350,ZWE,1969,1731.0,0.08370818877188047,21.4,6.834861953461813,5352802.0
9351,ZWE,1970,2043.0,0.16572003964141313,21.7,6.18353014285133,5514536.0
9352,ZWE,1971,2157.0,0.05429905157153403,21.1,6.474816193873218,5684187.0
9353,ZWE,1972,2268.0,0.05018001845848641,20.9,6.64703965476017,5861135.0
9354,ZWE,1973,2283.0,0.006591981682152692,21.3,6.633450003571995,6001949.0
9355,ZWE,1974,2275.0,-0.0035103151447444247,20.6,6.921756798617951,6172535.0
9356,ZWE,1975,2235.0,-0.017738824337381942,20.7,6.581193768469438,6341797.0
9357,ZWE,1976,2163.0,-0.032745081094610384,20.6,6.732210706467206,6496418.0
9358,ZWE,1977,1946.0,-0.10572016320710809,21.3,6.85751406254539,6642107.0
9359,ZWE,1978,1964.0,0.009207226168460814,20.8,6.943701405755606,6767223.0
9360,ZWE,1979,1930.0,-0.017463207015479654,21.1,6.440627510481866,6887132.0
9361,ZWE,1980,2064.0,0.06712584470252203,20.9,6.5641375742000525,7169968.0
9362,ZWE,1981,2243.0,0.08316840791875446,20.5,6.77719090896102,7429223.0
9363,ZWE,1982,2240.0,-0.0013383896711225418,21.3,6.218600119691729,7636524.0
9364,ZWE,1983,2190.0,-0.022574322038538597,22.1,6.245719093447244,7928344.0
9365,ZWE,1984,2067.0,-0.05780326312877904,21.4,6.413622878157807,8241214.0
9366,ZWE,1985,2128.0,0.029084290779767485,21.2,6.732091509852249,8560488.0
9367,ZWE,1986,2107.0,-0.009917436657346457,21.3,6.618872485953837,8876783.0
9368,ZWE,1987,2004.0,-0.0501199515994335,21.9,6.241639437473222,9216479.0
9369,ZWE,1988,2114.0,0.05343670422542779,21.2,6.566953684199695,9560047.0
9370,ZWE,1989,2181.0,0.031201599771446098,21.3,6.55933191124117,9868200.0
9371,ZWE,1990,2160.0,-0.009675265523418908,21.6,6.543767950320282,10156044.0
9372,ZWE,1991,2222.2553387004546,0.028414376825862675,21.7,6.323283115047848,10435280.0
9373,ZWE,1992,1971.445577004877,-0.11975552943432799,22.4,6.19766537769188,10719940.0
9374,ZWE,1993,1948.9105382578728,-0.011496550971315855,21.8,6.587412264290795,10983810.0
9375,ZWE,1994,2110.7119843012624,0.07975480577199878,21.4,6.23342985266278,11108810.0
9376,ZWE,1995,2102.859909859986,-0.003727043813583464,22.2,6.182291496945648,11208450.0
9377,ZWE,1996,2292.487465296701,0.08633917735836949,21.6,6.636733647423464,11404980.0
9378,ZWE,1997,2326.538888236251,0.01474425006881841,21.7,6.773995288802613,11610620.0
9379,ZWE,1998,2369.019123916858,0.018094290211548625,22.2,6.588238483010338,11812610.0
9380,ZWE,1999,2323.0092753718695,-0.01961255109118465,21.5,6.6198065043018115,11985010.0
9381,ZWE,2000,2211.196193424148,-0.049329813530289535,21.4,6.848429812897322,12104310.0
9382,ZWE,2001,2193.738480509109,-0.00792647592369633,21.7,6.832816192317643,12208010.0
9383,ZWE,2002,2025.3177537887889,-0.07988055346845879,22.0,6.14010004624713,12280780.0
9384,ZWE,2003,1700.9558583487146,-0.17453624103508592,22.1,6.47095429056412,12317790.0
9385,ZWE,2004,1604.5030247347179,-0.05837629594153704,22.1,6.696787303598061,12335810.0
9386,ZWE,2005,1496.034266700551,-0.0699962818847375,22.9,6.4428585871045465,12328910.0
9387,ZWE,2006,1455.7286141876027,-0.027311243791655393,21.9,6.654539043411635,12394480.0
9388,ZWE,2007,1422.1553208297955,-0.02333298860541433,22.0,6.601501820944921,12494490.0
9389,ZWE,2008,1197.5260676682437,-0.17191573396766024,22.0,6.418854212631938,12567780.0
9390,ZWE,2009,1285.0465886478373,0.07053715497330693,22.1,6.5497937935179396,12665530.0
9391,ZWE,2010,1401.8565190725872,0.08700246975178239,22.3,6.602994864995605,12781920.0
9392,ZWE,2011,1515.0,0.07761799576251871,21.8,6.673045091296462,12907000.0
9393,ZWE,2012,1749.8566122348195,0.14411840975134638,22.0,6.458181531247909,13036170.0
9394,ZWE,2013,1766.3789287961536,0.009397799419705422,21.6,6.535821654082765,13169290.0
9395,ZWE,2014,1789.0047733469328,0.012727824555497591,21.8,6.493148512956689,13314020.0
9396,ZWE,2015,1798.7871864555148,0.005453179816414355,22.4,6.110136076825481,13479170.0
9397,ZWE,2016,1782.8301249098747,-0.008910593030501346,22.3,6.352803597173591,13664820.0
9398,ZWE,2017,1843.9462298112858,0.033705905697111405,21.9,6.886020786836131,13870260.0
9399,ZWE,2018,1900.1991906974133,0.03005075271561708,22.1,6.483871585349955,14096560.0
9400,ZWE,2019,1753.0244485571218,-0.08061616534923122,22.5,6.638175041894338,14344590.0
9401,ZWE,2020,1585.9728041575377,-0.10014457691330847,22.0,6.584653261299096,14614820.0
9402,ZWE,2021,1687.253154013049,0.06190387833735489,22.0,6.4806578707468585,14900010.0
9403,ZWE,2022,1703.5293725691904,0.009600346491543732,21.9,6.622869293832357,15204660.0
