,iso_id,year,pcGDP,growth_pcGDP,temp,precp,Pop
0,AFG,2001,277.118051443941,-0.10668899887805061,13.6,5.494706180553427,20284307.0
1,AFG,2002,338.139973643387,0.19901633906589922,13.4,5.784440377673656,21378117.0
2,AFG,2003,346.071627096223,0.02318583539914254,12.9,5.884992302597465,22733049.0
3,AFG,2004,338.637273888197,-0.021716222358431736,13.6,5.785976712282188,23560654.0
4,AFG,2005,363.640141436773,0.07123521019715007,13.0,5.9615206707349095,24404567.0
5,AFG,2006,367.75831169358,0.011261204503442812,13.4,5.8998973535824915,25424094.0
6,AFG,2007,410.757728879097,0.11057761254028087,13.2,5.810542011227735,25909852.0
7,AFG,2008,417.647282647498,0.016633681645049414,13.1,5.715052066914432,26482622.0
8,AFG,2009,488.830652491949,0.15737886068237117,13.3,6.008321664174405,27466101.0
9,AFG,2010,542.871030476037,0.10485566321583395,13.7,5.7439642642890325,28284089.0
10,AFG,2011,525.42698276582,-0.03266054623949355,13.1,5.811140992976701,29347708.0
11,AFG,2012,568.929021458341,0.07954445119305209,12.7,5.965377212344664,30560034.0
12,AFG,2013,580.603833333096,0.020312970192339463,13.6,5.949600343009283,31622704.0
13,AFG,2014,575.146245808546,-0.009444304938813097,12.8,5.763622475012218,32792523.0
14,AFG,2015,565.569730408751,-0.01679075350950665,13.4,6.052794802259588,33831764.0
15,AFG,2016,563.872336723147,-0.003005722936849864,13.9,5.9511632503344565,34700612.0
16,AFG,2017,562.769574140988,-0.001957610352848249,13.5,5.769258056615112,35688935.0
17,AFG,2018,553.125151688293,-0.01728597219479866,13.7,5.655642099328266,36743039.0
18,AFG,2019,557.861533207459,0.008526493212801967,13.4,6.015913227510292,37856121.0
19,AFG,2020,527.834554499306,-0.05532789236114333,12.8,6.014204034077471,39068979.0
20,AFG,2021,408.625855217403,-0.2559829328953249,14.0,5.49141399650995,40000412.0
21,AFG,2022,377.665627080705,-0.07879073825590055,14.1,5.7477993600729755,40578842.0
22,AGO,1981,2937.55129348153,-0.08142198320357785,21.5,6.7915584845796255,8435607.0
23,AGO,1982,2831.46994190715,-0.036780350020757524,21.5,6.881719264431296,8751648.0
24,AGO,1983,2842.76539929869,0.003981319643116876,21.9,6.8537213904896515,9082983.0
25,AGO,1984,2903.70027038757,0.02120856840838048,21.8,6.8737847594109835,9425917.0
26,AGO,1985,2896.78303599316,-0.0023850556266067358,21.7,6.892946163328429,9779120.0
27,AGO,1986,2874.86018426177,-0.007596781827054144,21.6,7.0373790467756425,10139450.0
28,AGO,1987,2890.075475723,0.005278576444809779,22.1,6.904148783388026,10497858.0
29,AGO,1988,2964.57234489924,0.02545016966112268,21.8,6.995216554752131,10861291.0
30,AGO,1989,2866.24611382809,-0.03372958826094585,21.6,6.883769916231626,11238562.0
31,AGO,1990,2675.05239369334,-0.06903423276704856,21.8,6.9418668086109045,11626360.0
32,AGO,1991,2612.33170519933,-0.023725770430100823,21.6,6.98434588114385,12023529.0
33,AGO,1992,2380.58274214001,-0.09289788880221206,21.8,6.840011626895618,12423712.0
34,AGO,1993,1752.7231866103,-0.3061746222607553,21.7,6.943604931875834,12827135.0
35,AGO,1994,1719.54294463666,-0.01911215943998812,21.7,6.890202119734548,13249764.0
36,AGO,1995,1912.51777520778,0.10636205525113418,22.0,6.863803391452954,13699778.0
37,AGO,1996,2099.35045383251,0.09320740828342622,21.8,6.900529233890397,14170973.0
38,AGO,1997,2176.87757983993,0.03626355806400028,21.9,6.9808198498391425,14660413.0
39,AGO,1998,2203.98692701402,0.012376412542154824,22.2,6.943218943257706,15159370.0
40,AGO,1999,2179.06426973197,-0.01137240920545235,21.7,6.964230125910116,15667235.0
41,AGO,2000,2172.46326718726,-0.003033880655430643,21.7,6.961106454479132,16194869.0
42,AGO,2001,2189.17352158048,0.007662415263336442,21.9,6.948417260701027,16747208.0
43,AGO,2002,2404.97792071735,0.09401663774698843,22.0,6.980540948707785,17327699.0
44,AGO,2003,2403.40415157242,-0.000654594072378778,22.1,6.9266751638346475,17943712.0
45,AGO,2004,2583.32411461508,0.0721908572863823,21.9,6.9680033593274935,18600423.0
46,AGO,2005,2843.39663579921,0.09592234990279813,22.2,6.9167150203536085,19291161.0
47,AGO,2006,3065.05576244155,0.07506642645771233,21.7,6.9840679618313,20015279.0
48,AGO,2007,3336.36332465491,0.08481562631927453,21.6,6.9513893160021984,20778561.0
49,AGO,2008,3559.19522512538,0.06465307011593957,21.6,6.965835490058661,21578655.0
50,AGO,2009,3494.80724466468,-0.01825623652669428,21.8,6.965457989110426,22414773.0
51,AGO,2010,3540.79159568681,0.013072094324748207,22.0,6.948033125480707,23294825.0
52,AGO,2011,3528.16824373698,-0.003571491606891186,21.6,6.97914527506881,24218352.0
53,AGO,2012,3682.35229323075,0.04277293294855333,21.7,6.974665984264764,25177394.0
54,AGO,2013,3716.29718727597,0.009176034710991487,21.7,6.915227293820838,26165620.0
55,AGO,2014,3746.81619978931,0.00817867317569565,21.7,6.958163181525983,27160769.0
56,AGO,2015,3641.72893920253,-0.028447913799618973,21.8,6.905853471692541,28157798.0
57,AGO,2016,3505.59634681792,-0.038097904417616846,22.0,6.927851980681259,29183070.0
58,AGO,2017,3378.07588102598,-0.037054366326680466,21.9,6.981191597055319,30234839.0
59,AGO,2018,3246.87857140997,-0.03961218617501849,21.8,6.962811484730215,31297155.0
60,AGO,2019,3105.59971242672,-0.0444872544235686,21.9,6.968662213885659,32375632.0
61,AGO,2020,2847.24241578243,-0.08685588836473723,21.8,6.971949991024133,33451132.0
62,AGO,2021,2788.16737086685,-0.02096642878104671,21.8,6.964135612418245,34532429.0
63,AGO,2022,2798.01717317688,0.003526490197434562,21.7,6.964230125910116,35635029.0
64,ALB,1981,1890.02197487257,0.035836614190563054,11.9,7.047951909475421,2726056.0
65,ALB,1982,1905.06352710108,0.00792689966160598,12.1,6.990256500493881,2784278.0
66,ALB,1983,1885.6927997741,-0.010220069169358581,11.8,6.919486201857835,2843960.0
67,ALB,1984,1823.32356317723,-0.03363431706519915,11.7,6.921066293041809,2904429.0
68,ALB,1985,1818.02506971777,-0.0029101839637553084,12.0,6.945051063725834,2964762.0
69,ALB,1986,1883.74041369284,0.03550859661293959,12.2,6.97176240895643,3022635.0
70,ALB,1987,1831.94703921937,-0.0278800248858726,11.8,7.076653815443951,3083605.0
71,ALB,1988,1772.17935790921,-0.033169292268586226,12.3,6.824699703844811,3142336.0
72,ALB,1989,1894.87827425617,0.06694453640776477,12.0,6.745353989623313,3227943.0
73,ALB,1990,1682.8810874018,-0.11864734367628582,12.5,6.808376835001858,3286542.0
74,ALB,1991,1218.96427317362,-0.3225057158113982,11.5,6.894467384655202,3266790.0
75,ALB,1992,1138.23773998809,-0.06852031751850518,12.2,6.784570178411759,3247039.0
76,ALB,1993,1254.67888414888,0.0973984463955464,12.1,6.878429449600309,3227287.0
77,ALB,1994,1367.22058963712,0.08590024177746614,13.2,6.92461239604856,3207536.0
78,ALB,1995,1558.96638565461,0.13124311594740146,12.0,7.124236687422797,3187784.0
79,ALB,1996,1683.76965547424,0.07701209393971276,11.7,7.181820055474733,3168033.0
80,ALB,1997,1495.90035328523,-0.11830685373687277,12.0,6.842790000129778,3148281.0
81,ALB,1998,1630.43874131845,0.08612087648565137,12.6,6.990532705439705,3128530.0
82,ALB,1999,1841.80762760566,0.12189835063013899,12.9,7.092739953195576,3108778.0
83,ALB,2000,1991.91435867116,0.07834866992018075,13.2,6.764231268896094,3089027.0
84,ALB,2001,2188.91854451375,0.09431144096772215,12.8,6.779126136384956,3060173.0
85,ALB,2002,2297.10853513924,0.04824356684219833,13.0,7.0486470176796185,3051010.0
86,ALB,2003,2428.68934653563,0.055700574864864016,12.7,7.0015188087943,3039616.0
87,ALB,2004,2567.29763687121,0.055502094248862655,12.5,7.038432602623753,3026939.0
88,ALB,2005,2712.86983830331,0.05515321296370512,12.0,7.070129197966396,3011487.0
89,ALB,2006,2894.36032580174,0.0647570728472111,12.5,7.0068763698499446,2992547.0
90,ALB,2007,3105.8796756386,0.07053285630752804,13.3,7.0326242610280065,2970017.0
91,ALB,2008,3345.98161761476,0.07446312406522893,13.3,7.004337376828381,2947314.0
92,ALB,2009,3459.24695646692,0.033290814031861515,13.1,7.265359790738802,2927519.0
93,ALB,2010,3579.82413181046,0.03426275127089973,13.0,7.292677485858972,2913021.0
94,ALB,2011,3677.89457937717,0.027026789272218465,12.8,6.698391351076299,2905195.0
95,ALB,2012,3771.84781862015,0.025224555661226944,13.3,7.005335607321001,2860708.0
96,ALB,2013,3895.89975621942,0.0323596365793577,13.3,7.046995346073642,2816902.0
97,ALB,2014,4045.11934884933,0.03758639982701695,13.5,7.284203438019809,2773767.0
98,ALB,2015,4199.53912925398,0.03746373278527848,13.4,7.001700891824665,2731293.0
99,ALB,2016,4431.55635814168,0.053776056598982436,13.3,7.088992915213054,2689469.0
100,ALB,2017,4648.23078660658,0.04773582646392249,13.2,6.9871208343628775,2648285.0
101,ALB,2018,4893.82375538717,0.051487280785565304,13.9,6.900227012561346,2607733.0
102,ALB,2019,5072.43648354739,0.03584731892704518,13.8,7.158046962215359,2567801.0
103,ALB,2020,4980.61699524696,-0.01826749292377272,13.6,6.961864604629169,2528480.0
104,ALB,2021,5511.75743402862,0.10132974786400872,13.2,7.092074838438765,2489762.0
105,ALB,2022,5867.65096230557,0.06257085111445093,13.8,6.862653305069717,2451636.0
106,AND,1971,41930.1505196359,-0.025323849627955752,6.8,7.185917178049759,21442.0
107,AND,1972,42354.7451326702,0.010075309497024065,6.5,7.238784155937284,22957.0
108,AND,1973,42738.1683163052,0.009011932088446528,6.6,6.866724929424145,24523.0
109,AND,1974,42363.4459779041,-0.008806525312158087,6.9,7.020905376914793,26130.0
110,AND,1975,40073.4103686682,-0.0555728359332619,6.8,6.93828448401696,27773.0
111,AND,1976,39058.5886593417,-0.025650239137712916,7.1,6.958543445814242,29436.0
112,AND,1977,38021.8198338874,-0.026902591074350113,6.8,7.188790308712124,31097.0
113,AND,1978,36647.7020460133,-0.03680947469345952,6.4,6.8501261661455,32735.0
114,AND,1979,34983.9990938008,-0.04645993818721195,6.7,7.169503969407414,34306.0
115,AND,1980,34281.7439470011,-0.020277822172010573,6.2,6.897704943128636,35782.0
116,AND,1981,32958.7650434369,-0.03935573003837334,6.9,7.012025200157934,37169.0
117,AND,1982,31996.5442033019,-0.02962933267581036,7.8,7.236051324319173,38764.0
118,AND,1983,31117.1962264429,-0.027867303621155415,7.3,6.795482036499351,40565.0
119,AND,1984,30392.8420669422,-0.023553477336779594,6.6,6.956259688041752,42273.0
120,AND,1985,29997.0862678001,-0.013106869824630607,6.5,6.695180679017161,43825.0
121,AND,1986,29680.1329452757,-0.010622354961199676,6.9,6.654023645899904,45734.0
122,AND,1987,30064.9979685293,0.01288373934482756,6.7,7.095561766006662,47653.0
123,AND,1988,30469.3442419146,0.013359434410070037,7.3,6.890202119734548,49416.0
124,AND,1989,31180.4123341226,0.023069016524267738,8.0,6.852453963197048,50620.0
125,AND,1990,31143.1468757172,-0.0011958708173605004,7.9,6.96347376773848,52597.0
126,AND,1991,29642.3059817481,-0.049391619983447654,7.2,6.85919508836676,56667.0
127,AND,1992,28161.9424937627,-0.051231087542610965,7.3,7.216636062574912,60200.0
128,AND,1993,26518.2336337044,-0.060138951477648916,7.1,6.9163185096426245,63272.0
129,AND,1994,26587.1383046901,0.0025950184374323726,8.3,6.933812813301427,64612.0
130,AND,1995,27619.5060618267,0.03809468799661886,7.9,7.013465733404251,63912.0
131,AND,1996,28871.2160752297,0.044322850771559175,7.2,7.398541447410401,63984.0
132,AND,1997,31140.6896819813,0.07567019870307412,8.3,7.094898526055305,64700.0
133,AND,1998,31800.3640678661,0.02096242445143659,7.6,6.710766685144779,65382.0
134,AND,1999,32938.6437411832,0.03516881189306886,7.9,7.06527171685712,65710.0
135,AND,2000,34113.8173783949,0.035055953641188964,8.2,6.913936138057219,65685.0
136,AND,2001,36790.1037086022,0.07552638411737433,7.8,6.77044532801753,65852.0
137,AND,2002,38084.4843108589,0.034578075206857406,8.1,7.0630481633881725,66506.0
138,AND,2003,39620.3201605161,0.03953515876395031,8.3,7.093155425385689,69486.0
139,AND,2004,40054.3211531421,0.010894439637263886,7.7,6.785135565434226,74325.0
140,AND,2005,40528.17486238,0.01176084620136919,7.4,6.764000375336999,77421.0
141,AND,2006,41322.0529213846,0.019398918640334273,8.3,6.73767844860462,79585.0
142,AND,2007,40789.1589697748,-0.012979991919610967,7.8,6.58285581871354,81877.0
143,AND,2008,37775.1261404342,-0.07676548716717235,7.7,7.085064293952548,83495.0
144,AND,2009,35604.3840098196,-0.05918207079091076,8.2,6.95129358099662,83888.0
145,AND,2010,36277.2644425331,0.01872244453155325,7.1,6.979238380604001,80706.0
146,AND,2011,37637.4868342866,0.03680932285381466,8.7,6.824917000673133,77783.0
147,AND,2012,36206.9784356446,-0.038748669286274406,8.0,6.734115922571016,76834.0
148,AND,2013,35684.1694347737,-0.014544717478035096,7.4,7.109961159081466,75194.0
149,AND,2014,37300.6244197096,0.04430290974403661,8.8,7.112164432240096,73737.0
150,AND,2015,38654.9347217207,0.03566437704567882,8.5,6.854776354191251,72174.0
151,AND,2016,40085.020598622,0.03632826933823452,8.2,6.821543582163072,72181.0
152,AND,2017,39361.0622648699,-0.018225653111745288,8.3,6.836688830548277,73763.0
153,AND,2018,39242.1448975099,-0.0030257660566181954,9.0,7.315750516943926,75162.0
154,AND,2019,39346.275035865,0.0026500138158240816,8.7,6.9524417966045435,76474.0
155,AND,2020,34536.6499222556,-0.13038023125034925,8.9,7.108489608783217,77380.0
156,AND,2021,36929.0191528644,0.06697659211630302,8.1,6.791333815964886,78364.0
157,AND,2022,39780.3966130791,0.07437657465723113,9.6,6.750282420157573,79705.0
158,ARE,1971,56948.8005045718,0.15563042802262395,27.1,3.629660094453965,335027.0
159,ARE,1972,68920.9758767467,0.19080794370134413,26.4,4.670021158307708,385014.0
160,ARE,1973,107395.097052308,0.4435539586330446,27.3,3.4372078191851885,436399.0
161,ARE,1974,109718.570185402,0.021404104748246056,27.0,4.215086179918229,489087.0
162,ARE,1975,105007.188489353,-0.04388982488142723,27.0,4.180522258463153,542856.0
163,ARE,1976,107855.628594193,0.026764750953635286,26.9,5.126342101808226,615866.0
164,ARE,1977,113580.442231378,0.05171776743792478,27.8,4.375757021660286,710209.0
165,ARE,1978,98092.3300146076,-0.1466021498704304,27.6,4.001863709427935,809274.0
166,ARE,1979,105254.749507412,0.07047441936689225,27.8,4.481871969643598,912010.0
167,ARE,1980,117073.349209195,0.10641705718021477,27.8,4.207673247529104,1015700.0
168,ARE,1981,113153.021056465,-0.034059583391544024,27.8,3.9646154555473165,1099855.0
169,ARE,1982,99530.8620333545,-0.12827330403327508,26.8,5.025852259901116,1166370.0
170,ARE,1983,89516.4418303787,-0.1060454512502691,26.9,4.409155302062135,1235305.0
171,ARE,1984,88072.4472005835,-0.016262576585065247,27.3,3.8979240810486444,1305996.0
172,ARE,1985,80474.9846535844,-0.09021335293863864,27.4,3.3843902633457743,1377911.0
173,ARE,1986,64264.8083407516,-0.22493420925633778,27.3,4.135166556742356,1467383.0
174,ARE,1987,61928.0314785734,-0.037039249019086284,27.7,4.472780997942346,1574244.0
175,ARE,1988,56449.7552349159,-0.09262197358775026,27.7,4.354141431184346,1681788.0
176,ARE,1989,59586.0443169486,0.054070436272915856,27.0,4.365643155423357,1789851.0
177,ARE,1990,66481.5897466438,0.10950367252110382,27.7,4.08260930600368,1898220.0
178,ARE,1991,63430.906618065,-0.04697383466798044,27.4,4.255612709818223,2006626.0
179,ARE,1992,62201.818382813,-0.019566994981605745,26.6,4.412798293340635,2114730.0
180,ARE,1993,59942.9907988351,-0.03699027658066534,27.5,4.570578741218473,2222093.0
181,ARE,1994,61156.7439104734,0.020046183582220323,27.9,3.6788291182604347,2328188.0
182,ARE,1995,62393.299324125,0.0200177462135116,27.5,4.365643155423357,2434662.0
183,ARE,1996,61871.4211109814,-0.008399508397836541,27.9,4.560172820057356,2597564.0
184,ARE,1997,61715.5311994502,-0.0025227581276894284,27.5,4.684905154006945,2817410.0
185,ARE,1998,57355.8965054096,-0.07325996603139018,28.6,4.1713056033582285,3040421.0
186,ARE,1999,54943.770569469,-0.042965345435828084,28.8,4.084294226368599,3266009.0
187,ARE,2000,56939.3600767998,0.03567653424336292,28.3,4.001863709427935,3493575.0
188,ARE,2001,54169.4135701565,-0.04987041935357439,28.4,3.242592351485517,3723590.0
189,ARE,2002,52216.8318338175,-0.0367115320434781,28.2,3.765840495250065,3956826.0
190,ARE,2003,53619.1662875958,0.026501692315907377,28.3,3.824284091120139,4192457.0
191,ARE,2004,55611.4376344125,0.036482308796969676,28.5,3.8199077165203406,4428967.0
192,ARE,2005,55363.5818196998,-0.004466883232911556,28.0,4.012772908528289,4664790.0
193,ARE,2006,56629.9713117545,0.022616363817851592,28.5,4.2017030805426,5009100.0
194,ARE,2007,52038.6229393122,-0.084552181821687,28.5,3.8815637979434374,5624635.0
195,ARE,2008,47922.6941430472,-0.08239701780317965,28.3,3.572345637857985,6302664.0
196,ARE,2009,42672.1946222627,-0.11604164559134134,28.5,4.4953553199808844,6707058.0
197,ARE,2010,42328.84668186,-0.008078720037707043,29.1,3.5610460826040513,6869838.0
198,ARE,2011,43687.7919424546,0.031599894207824164,28.4,3.716008121502189,7104538.0
199,ARE,2012,43958.5779670713,0.006179078185878595,28.6,3.7954891891721947,7391448.0
200,ARE,2013,44312.6320463505,0.008022003502915709,28.5,3.937690752176724,7693031.0
201,ARE,2014,44257.6652085451,-0.0012412026732615544,28.2,4.398146016553765,8059440.0
202,ARE,2015,44910.3458860776,0.014639607326712323,28.5,4.08260930600368,8505237.0
203,ARE,2016,45168.4955973912,0.005731654932208841,28.7,4.163559631243574,8935095.0
204,ARE,2017,43293.0202360765,-0.0424084172196153,28.5,4.310799125385514,9223225.0
205,ARE,2018,43377.802601486,0.0019564229270336853,28.8,4.104294893075269,9346701.0
206,ARE,2019,43468.4534705013,0.0020876179593205535,28.3,4.3425058765115985,9445785.0
207,ARE,2020,39878.4663896389,-0.086198978701443,28.2,4.291828366755733,9401038.0
208,ARE,2021,40935.8915482084,0.026170733469843555,29.0,4.001863709427935,9575152.0
209,ARE,2022,41828.5686923546,0.021572345418682914,28.6,4.146304301152812,10074977.0
210,ARG,1961,7670.59545571641,0.036304910005524604,15.2,6.422597401964724,20726276.0
211,ARG,1962,7480.27172420174,-0.025125128657091267,15.0,6.094246741751008,21072538.0
212,ARG,1963,6967.75019555221,-0.07097672942043687,14.9,6.478202375344883,21421705.0
213,ARG,1964,7551.02490778789,0.08039091475261273,14.5,6.261109932073611,21769453.0
214,ARG,1965,8219.55155637229,0.08483234897034819,15.1,6.358015561716921,22112629.0
215,ARG,1966,8041.22487411475,-0.021934233280168414,14.8,6.436951329565632,22453893.0
216,ARG,1967,8172.27456469042,0.016165855501565574,15.2,6.308644740348575,22799059.0
217,ARG,1968,8436.30856351031,0.03179756432484915,15.3,6.285625585657472,23150583.0
218,ARG,1969,9111.9459748551,0.07704145817637631,15.4,6.315177153343887,23508711.0
219,ARG,1970,9244.12251785153,0.014401648977811377,15.4,6.277770673379832,23878327.0
220,ARG,1971,9614.61061692134,0.039295934666137455,14.8,6.307369578503503,24257208.0
221,ARG,1972,9617.68814943737,0.00032003792991019964,15.0,6.435188367333237,24644328.0
222,ARG,1973,9729.53258885903,0.011561938209531775,14.7,6.4752786216271225,25046005.0
223,ARG,1974,10100.4469136163,0.03741381484110029,14.7,6.326328348032599,25461351.0
224,ARG,1975,9936.49583447894,-0.016365244969163584,15.0,6.3846883687937925,25874107.0
225,ARG,1976,9584.74851751038,-0.03604128770670734,14.5,6.44778118537358,26282283.0
226,ARG,1977,10088.3374871635,0.05120691335609351,15.4,6.508769136971682,26701805.0
227,ARG,1978,9480.94009490414,-0.06209657494196108,15.2,6.464744054800002,27132158.0
228,ARG,1979,10284.6064087552,0.08136477642024076,15.0,6.42745886025097,27568895.0
229,ARG,1980,10275.7987023886,-0.0008567639458227916,15.4,6.439030831234781,28011596.0
230,ARG,1981,9587.67379423426,-0.06931319625560839,15.3,6.4496802206016755,28463959.0
231,ARG,1982,9365.68465387847,-0.023425852745805997,15.3,6.473582006737229,28924262.0
232,ARG,1983,9617.7000569575,0.02655271582282559,15.0,6.4355091371836215,29391332.0
233,ARG,1984,9614.44726215357,-0.0003382664224620413,14.4,6.5986452591167355,29863093.0
234,ARG,1985,8973.31874865813,-0.06901129958096952,15.4,6.486922693742851,30336441.0
235,ARG,1986,9378.46866394349,0.04416090347556789,15.4,6.521062856197256,30811980.0
236,ARG,1987,9484.45876638052,0.011238045453556111,15.3,6.475124502801203,31291762.0
237,ARG,1988,9236.80771302535,-0.026458199344569167,14.9,6.201928045264817,31780532.0
238,ARG,1989,8445.4100923428,-0.08957323090347913,15.7,6.274008441703639,32270948.0
239,ARG,1990,8115.09386370753,-0.03989734186099447,15.3,6.5093650845459345,32755901.0
240,ARG,1991,8729.82318518892,0.07301934835334478,15.3,6.497378126512952,33230294.0
241,ARG,1992,9293.18692251748,0.06253642676291449,14.9,6.592633490771575,33693527.0
242,ARG,1993,9920.67358582437,0.06533927808020934,15.3,6.415914955127227,34152717.0
243,ARG,1994,10359.8927204871,0.0433210608240131,15.8,6.397596099759307,34613491.0
244,ARG,1995,9934.10776139515,-0.04196781725149812,15.2,6.226536669287466,35070020.0
245,ARG,1996,10352.1400002191,0.04121919728410006,15.3,6.452994879149095,35513793.0
246,ARG,1997,11056.6881331002,0.06584224413631112,15.6,6.494661143709481,35947791.0
247,ARG,1998,11348.2022124673,0.026023830222911215,15.3,6.448572888367985,36372860.0
248,ARG,1999,10838.3199346387,-0.04597133958398025,15.0,6.455512979315044,36794682.0
249,ARG,2000,10631.6503639029,-0.019252560811217734,14.7,6.577583154909404,37213984.0
250,ARG,2001,10051.9448463043,-0.0560693027807293,15.4,6.571582997369922,37624825.0
251,ARG,2002,8861.56199282278,-0.12604308659148167,15.1,6.627115021319402,38029349.0
252,ARG,2003,9545.53194119994,0.07435013921519129,15.5,6.3894013887953545,38424282.0
253,ARG,2004,10302.4465316428,0.07630820892240742,15.5,6.34948858061601,38815916.0
254,ARG,2005,11099.7509190602,0.07454127396781018,15.2,6.344583174843937,39216789.0
255,ARG,2006,11870.2791559298,0.06711505777282234,15.7,6.383844415667491,39622115.0
256,ARG,2007,12811.9021206578,0.07633686594127198,14.7,6.377746835799372,40016763.0
257,ARG,2008,13197.3570267029,0.029641992238492065,15.6,6.268527940411622,40424148.0
258,ARG,2009,12285.3784651865,-0.0716067716991926,15.7,6.282266746896006,40854831.0
259,ARG,2010,13387.1553748458,0.08588588053848945,15.2,6.319148277696116,41288694.0
260,ARG,2011,14040.6189124444,0.04765878657492273,15.4,6.332391134078575,41730660.0
261,ARG,2012,13754.4254235596,-0.02059385839255512,15.8,6.433904258007508,42161721.0
262,ARG,2013,13946.0950832252,0.01383892541589482,15.7,6.254213353014551,42582455.0
263,ARG,2014,13456.1319159151,-0.03576464004839508,15.7,6.560464734925045,43024071.0
264,ARG,2015,13679.6264980954,0.016472702366915115,15.8,6.472809865551464,43477012.0
265,ARG,2016,13265.8860639123,-0.030711826563292632,15.2,6.494207594680617,43900313.0
266,ARG,2017,13520.1129846159,0.018982644942607152,15.8,6.453309988652254,44288894.0
267,ARG,2018,13058.3285449954,-0.03475229454457107,15.5,6.393423515886859,44654882.0
268,ARG,2019,12706.3978108968,-0.02732050163033506,15.5,6.382830730836645,44973465.0
269,ARG,2020,11393.0505957877,-0.10910205859527089,15.8,6.206979071257701,45191965.0
270,ARG,2021,12549.2811699342,0.09665981398129553,15.7,6.28711478920894,45312281.0
271,ARG,2022,13276.8232110189,0.05635651275252762,15.4,6.168982920395917,45407904.0
272,ARM,1991,1426.82791357144,-0.1416920286807386,8.0,6.268148865350222,3613977.0
273,ARM,1992,840.205259177402,-0.5295627989016092,6.3,6.408364032841809,3571861.0
274,ARM,1993,792.567859246381,-0.058368089255845135,6.9,6.308280574284827,3453332.0
275,ARM,1994,857.394474812969,0.0786199811298296,8.1,6.407869595254481,3364610.0
276,ARM,1995,932.357829471807,0.08381856817726074,8.3,6.193997144518067,3307581.0
277,ARM,1996,995.728275319872,0.06575772621758169,8.6,6.192566967545312,3278735.0
278,ARM,1997,1039.0798243009,0.04261641173701758,7.8,6.324538157794388,3246289.0
279,ARM,1998,1128.09888845227,0.08219827912641353,9.0,6.168145224011851,3208401.0
280,ARM,1999,1180.45341995952,0.04536480257286701,9.1,6.208791213100627,3167286.0
281,ARM,2000,1229.21510436102,0.04047722028535805,8.6,6.045005314036012,3221100.0
282,ARM,2001,1351.12072694555,0.09455857700002746,9.3,6.178566327074926,3211800.0
283,ARM,2002,1535.20452885187,0.12772919955553164,8.1,6.501439809419134,3199800.0
284,ARM,2003,1759.64684829386,0.13644951882305545,8.3,6.571862874225933,3182500.0
285,ARM,2004,1955.22262459229,0.10539092688809415,8.4,6.436791188641277,3164900.0
286,ARM,2005,2240.09273209788,0.1360132018421636,8.4,6.450944243522384,3146400.0
287,ARM,2006,2551.43546358452,0.13013886441426958,8.8,6.3447587828872365,3127100.0
288,ARM,2007,2919.3734936373,0.13471290860370644,8.1,6.581748092208688,3107400.0
289,ARM,2008,3141.33193500774,0.07327785681739574,8.3,6.229102544572644,3087100.0
290,ARM,2009,2716.97436280471,-0.14512799855035396,8.5,6.5276654772052005,3066000.0
291,ARM,2010,2796.08143428043,0.02870005467349035,10.3,6.524296251136588,3044800.0
292,ARM,2011,2943.83687119315,0.05149483950469769,7.9,6.519884479274924,3027900.0
293,ARM,2012,3159.75860786889,0.07078184603480153,8.8,6.250747145038065,3024100.0
294,ARM,2013,3266.29882999873,0.03316185284054818,8.6,6.310826956162734,3022000.0
295,ARM,2014,3393.09252326884,0.038084266691617685,9.2,6.2656813686061925,3013800.0
296,ARM,2015,3512.39350276709,0.03455596040508446,9.0,6.418038618426381,3004600.0
297,ARM,2016,3533.88503607007,0.0061001278416519256,8.5,6.517818972491599,2992300.0
298,ARM,2017,3815.3747426037,0.07664104609701106,8.8,6.15209419303295,2979400.0
299,ARM,2018,4027.83393010979,0.0541898564939558,10.0,6.345987176478571,2969000.0
300,ARM,2019,4343.45839583019,0.07544215104638674,9.2,6.070275727532271,2962500.0
301,ARM,2020,4032.09043454955,-0.07438593646101488,8.9,6.3454609068409535,2961500.0
302,ARM,2021,4264.79961505187,0.05611023654340741,9.7,6.213207117506563,2962300.0
303,ARM,2022,4791.00481712183,0.11634496708804853,9.3,6.168773562078393,2969200.0
304,ATG,1978,6310.85528034119,0.040149398669724334,26.7,6.830009930357284,64038.0
305,ATG,1979,6795.69319068949,0.07401784621452201,26.8,7.20934025660291,64274.0
306,ATG,1980,7323.12585537909,0.07474820902735502,27.2,6.874612060388883,64513.0
307,ATG,1981,7584.59252748296,0.03508162427916872,27.2,6.974478911025045,64665.0
308,ATG,1982,7564.22182367711,-0.002689413918737671,26.9,6.947937068614969,64785.0
309,ATG,1983,7951.66482552649,0.049951842152607284,27.4,6.92086891812752,64934.0
310,ATG,1984,8766.9905761522,0.09761227892459878,26.8,6.974011074759202,64882.0
311,ATG,1985,9479.64251106372,0.07815300806937842,26.8,6.90845503409641,64591.0
312,ATG,1986,10620.9981924893,0.11368639740417308,27.0,7.034916424598816,64276.0
313,ATG,1987,11383.2024679696,0.06930579790072322,27.6,7.158825232937186,63946.0
314,ATG,1988,12037.4265333265,0.05588187289778368,27.1,7.0707241072602764,63623.0
315,ATG,1989,12729.2904324833,0.0558849972714075,26.7,7.1064421898623555,63325.0
316,ATG,1990,13166.5241173582,0.033771885424021875,26.9,6.99567457702002,63066.0
317,ATG,1991,13385.0114363295,0.01645797473520716,26.9,6.86651653096554,63387.0
318,ATG,1992,13326.2728796496,-0.004398040218919874,27.0,7.166960713441369,64404.0
319,ATG,1993,13776.8264136781,0.033250444097685516,27.2,6.824591037721368,65587.0
320,ATG,1994,14420.4693979194,0.04566074792923658,27.0,6.713077699978598,66843.0
321,ATG,1995,13519.5287711166,-0.06451346739376795,27.4,6.893047650109863,68189.0
322,ATG,1996,14117.8679127333,0.04330600718197708,27.3,6.995582989347657,69612.0
323,ATG,1997,14588.3079841576,0.03277916189932739,27.7,6.895783907200917,71053.0
324,ATG,1998,14991.7802610684,0.027281683428086012,28.0,7.146850916510274,72412.0
325,ATG,1999,15282.9733985907,0.019237290646561434,27.5,6.977840886548825,73666.0
326,ATG,2000,15961.0918359058,0.0434146414967973,27.3,6.731853073990366,74912.0
327,ATG,2001,15003.4389169034,-0.06187456450000539,27.6,6.982306010246433,76069.0
328,ATG,2002,14968.0703013883,-0.002360150213013057,27.6,6.9743853612799,77032.0
329,ATG,2003,15703.9347145491,0.047992013975941106,27.7,6.998144278709818,77884.0
330,ATG,2004,16433.4130541483,0.04540534381826333,27.3,7.152425460840627,78719.0
331,ATG,2005,17301.2134317518,0.051459996073708325,27.7,7.194812156039999,79611.0
332,ATG,2006,19259.6486517907,0.10723552421742966,27.4,7.1802221856274375,80604.0
333,ATG,2007,20770.2689732844,0.075510424064964,27.3,6.935273165018876,81704.0
334,ATG,2008,20464.786306605,-0.014816919895906722,26.9,7.222274005387478,82912.0
335,ATG,2009,17746.700856041,-0.14250603661350603,27.3,6.76365393500788,84173.0
336,ATG,2010,16135.397384487,-0.09518417745445973,27.8,7.100357145183648,85320.0
337,ATG,2011,15633.9091131821,-0.031573237552789735,27.3,6.996223926969745,86332.0
338,ATG,2012,15989.3900199779,0.02248316215117896,27.4,6.848854171061976,87260.0
339,ATG,2013,15748.1952024226,-0.015199610141303666,27.5,6.92313638102044,88064.0
340,ATG,2014,15967.284996712,0.013816172923263537,27.5,6.998235632110512,88765.0
341,ATG,2015,16077.6340769406,0.006887177100297848,27.7,6.4586517138441435,89409.0
342,ATG,2016,16635.895232831,0.034133605836222713,27.7,6.957877888385347,89969.0
343,ATG,2017,16992.9327495236,0.021234812761107946,27.4,7.040799052739901,90468.0
344,ATG,2018,18042.1596435727,0.05991368463212332,27.1,6.906854873738973,90926.0
345,ATG,2019,18525.2588907167,0.026423924655567532,27.5,6.919980248604706,91364.0
346,ATG,2020,14950.8942397208,-0.2143640328781089,27.6,6.893453494271277,91846.0
347,ATG,2021,16084.7214406048,0.07309872916672866,27.4,6.780035537379766,92349.0
348,ATG,2022,17359.2674811108,0.07625666997289215,27.2,6.828712071641684,92840.0
349,AUS,1961,20049.2014599323,0.004608437557765299,21.7,6.0090588555089335,10483000.0
350,AUS,1962,19819.5508619226,-0.011520457731100109,21.6,6.22633902129789,10742000.0
351,AUS,1963,20651.3354330668,0.041111119404657614,21.5,6.29360410464869,10950000.0
352,AUS,1964,21662.9940402643,0.047825473827630915,21.4,6.256517501499402,11167000.0
353,AUS,1965,22512.3706366385,0.038459503169379516,21.8,6.015181073725298,11388000.0
354,AUS,1966,22528.1223305731,0.0006994459225051486,21.1,6.120077614575958,11651000.0
355,AUS,1967,23648.5462637879,0.04853723416932887,21.5,6.168564159920785,11799000.0
356,AUS,1968,24418.8606195107,0.032054165629311626,21.2,6.393423515886859,12009000.0
357,AUS,1969,25598.378558021,0.04717320198594166,21.6,6.178358965747071,12263000.0
358,AUS,1970,26899.7541974476,0.049588137022389844,21.5,6.118317438103905,12507000.0
359,AUS,1971,27046.1431511563,0.005427263989652431,21.4,6.3286508144628515,12937000.0
360,AUS,1972,27590.9777551932,0.01994441343983766,21.8,6.062155975230515,13177000.0
361,AUS,1973,27883.891225048,0.010560320281440383,22.1,6.586447478880696,13380000.0
362,AUS,1974,28303.4084700947,0.014933091400566312,21.0,6.684736719856078,13723000.0
363,AUS,1975,28331.3388137168,0.0009863324981917998,21.4,6.486770359215936,13893000.0
364,AUS,1976,28774.5418932665,0.0155224636433271,21.0,6.397096307995467,14033000.0
365,AUS,1977,29474.2752072,0.02402682185687155,21.6,6.294712342663853,14192000.0
366,AUS,1978,29394.359192462,-0.0027150643002062935,21.4,6.3695584584200144,14358000.0
367,AUS,1979,30256.548535893,0.0289098498393372,21.9,6.238715173765425,14514000.0
368,AUS,1980,30796.9990737135,0.017704610987307134,22.3,6.205970905026528,14692000.0
369,AUS,1981,31333.1633085396,0.017259814702949683,21.9,6.408858226081421,14923260.0
370,AUS,1982,31819.6532938973,0.015407059731419537,21.7,6.128178370423804,15184247.0
371,AUS,1983,30688.5439685755,-0.03619470267670977,22.0,6.305727691789675,15393472.0
372,AUS,1984,31706.3733417014,0.032628288145042816,21.2,6.406549898593137,15579391.0
373,AUS,1985,32939.2895127443,0.0381484429197112,21.8,6.149109116189496,15788312.0
374,AUS,1986,33755.0847823788,0.024464910805628293,21.8,6.140961558253893,16018350.0
375,AUS,1987,34095.5190957953,0.010034904650655818,21.8,6.253059284796445,16263874.0
376,AUS,1988,35474.6950998214,0.03965365737936111,22.3,6.261491684321042,16532164.0
377,AUS,1989,36232.1764714618,0.021127948619735548,21.6,6.282453645317259,16814416.0
378,AUS,1990,36975.4199007908,0.02030578803679539,22.0,6.180016653652572,17065128.0
379,AUS,1991,36366.6962397612,-0.016599947512688118,22.2,6.261491684321042,17284036.0
380,AUS,1992,36117.5446503441,-0.006874668689937025,21.7,6.232055012025913,17478635.0
381,AUS,1993,37246.0044332363,0.030765926862160953,21.9,6.2865565977347755,17634808.0
382,AUS,1994,38356.7691976693,0.029386347723248107,21.8,5.976604684200958,17805468.0
383,AUS,1995,39407.5647528439,0.02702677341923021,21.7,6.342297459563081,18004882.0
384,AUS,1996,40437.0941864857,0.025789739959371616,22.0,6.268717424069224,18224767.0
385,AUS,1997,41569.1653679391,0.027611138676151725,21.7,6.3428253962229455,18423037.0
386,AUS,1998,43081.7201718179,0.03574010588581089,22.3,6.3989276578788195,18607584.0
387,AUS,1999,44755.6599721318,0.03811913534818423,21.8,6.436470829836679,18812264.0
388,AUS,2000,45979.0765654048,0.026968519189196627,21.5,6.547072313645866,19028802.0
389,AUS,2001,46314.6235297968,0.007271318464132648,21.5,6.281705841954686,19274701.0
390,AUS,2002,47599.4079289312,0.027362568491716033,22.2,5.9417489548620495,19495210.0
391,AUS,2003,48509.6632180363,0.018942697014274756,22.1,6.223567839793664,19720737.0
392,AUS,2004,50018.5904483861,0.03063172558558236,22.0,6.292864596387959,19932722.0
393,AUS,2005,50972.640519744,0.018894283088744857,22.4,6.107245580093692,20176844.0
394,AUS,2006,51682.8925230537,0.01383779940063512,21.8,6.211603589401893,20450966.0
395,AUS,2007,52671.325846724,0.018944378108725957,22.0,6.239105570022579,20827622.0
396,AUS,2008,53497.275355342,0.015559518777408243,21.7,6.246494287284514,21249199.0
397,AUS,2009,53430.5274781651,-0.001248466424595307,22.1,6.274008441703639,21691653.0
398,AUS,2010,53768.349733441,0.006302740893971759,21.5,6.543767950320282,22031750.0
399,AUS,2011,54296.2321324814,0.009769835569983343,21.5,6.409516770721618,22340024.0
400,AUS,2012,55465.4462872577,0.02130540273742021,21.8,6.253251722014396,22733465.0
401,AUS,2013,55966.1509270561,0.008986822807495187,22.7,6.209394531369305,23128129.0
402,AUS,2014,56571.8062524437,0.01076367810461143,22.5,6.22455842927536,23475686.0
403,AUS,2015,56970.3613028094,0.007020417099417031,22.3,6.191953407857386,23815995.0
404,AUS,2016,57632.9995925594,0.011564157788983565,22.4,6.294712342663853,24190907.0
405,AUS,2017,57991.771347333,0.006205813914759162,22.5,6.249782173429845,24592588.0
406,AUS,2018,58772.7063152213,0.013376441668313532,22.5,6.207180582593395,24963258.0
407,AUS,2019,59181.2997904131,0.0069280412421441895,22.8,6.0340449946431,25334826.0
408,AUS,2020,58377.7670517802,-0.0136704938891139,22.5,6.272499576837969,25649248.0
409,AUS,2021,59465.535671364,0.01846179613668575,22.0,6.296925140911405,25685412.0
410,AUS,2022,61200.4588964781,0.028757775481002668,22.0,6.3638898011379466,26018721.0
411,AUT,1961,12484.8089466588,0.048415969342288534,7.1,6.917408536010275,7086299.0
412,AUT,1962,12737.1855093712,0.020013087122151774,5.4,7.012295458256061,7129864.0
413,AUT,1963,13179.3526255353,0.03412570182051056,5.6,6.847686752516018,7175811.0
414,AUT,1964,13893.5859915403,0.05277588425630597,6.2,7.029972911706386,7223801.0
415,AUT,1965,14283.9974825308,0.02771255930502825,5.6,7.154380954443551,7270889.0
416,AUT,1966,14984.55314257,0.04788002652014889,6.8,7.15500590563958,7322066.0
417,AUT,1967,15320.3583827381,0.022162677159606403,6.8,6.92726374537018,7376998.0
418,AUT,1968,15922.6386610038,0.038559354552024416,6.4,6.8909142617861106,7415403.0
419,AUT,1969,16863.5863238272,0.057414730204524034,6.0,6.870780042857242,7441055.0
420,AUT,1970,18001.7830752008,0.06531417079895441,5.9,7.093238499113671,7467086.0
421,AUT,1971,18838.3155993467,0.04542204687300533,6.4,6.687357953335953,7500482.0
422,AUT,1972,19891.8259854297,0.05441603325023259,6.2,6.974665984264764,7544201.0
423,AUT,1973,20749.343993787,0.042205738573008134,6.2,6.9065545584056185,7586115.0
424,AUT,1974,21530.6342227432,0.03696213715128138,6.9,7.018938807942752,7599038.0
425,AUT,1975,21509.3123429813,-0.0009907949803622529,6.9,6.966307165931752,7578903.0
426,AUT,1976,22533.8803345008,0.046533995695293484,6.4,6.880589610909367,7565525.0
427,AUT,1977,23669.5086348985,0.04916769504261431,6.9,6.922151159265869,7568430.0
428,AUT,1978,23638.7784066043,-0.0012991479733521771,5.8,6.840225622188537,7562305.0
429,AUT,1979,24947.5270743961,0.05388618567544867,6.3,7.131858369791047,7549425.0
430,AUT,1980,25379.462993097,0.01716560136735268,5.6,6.961769867288376,7549433.0
431,AUT,1981,25278.295236062,-0.00399417167553473,6.5,6.975507381032956,7568710.0
432,AUT,1982,25768.2192735584,0.019195789799839602,6.9,6.906954958811368,7574140.0
433,AUT,1983,26577.2454719789,0.030913494789192697,7.2,6.826002777109878,7561910.0
434,AUT,1984,26592.5469190439,0.0005755692019597802,6.1,6.860349156584867,7561434.0
435,AUT,1985,27244.2148386511,0.024210213558051308,5.8,7.017864501662167,7564985.0
436,AUT,1986,27853.5049872765,0.022117611708978302,6.3,6.876470988942371,7569794.0
437,AUT,1987,28213.6633992636,0.01284756752718863,6.1,7.052461499981396,7574586.0
438,AUT,1988,29102.3222540003,0.03101159522871022,7.1,7.006332842343131,7585317.0
439,AUT,1989,30097.6512878468,0.03362916486985412,7.4,6.941576827457648,7619567.0
440,AUT,1990,31167.1857978698,0.0349186656977416,7.4,6.987213200316853,7677850.0
441,AUT,1991,31919.5573520278,0.023853100963824758,6.5,6.966118522279052,7754891.0
442,AUT,1992,32231.1216141522,0.009713590469042188,7.7,6.9444728619172995,7840709.0
443,AUT,1993,32134.8299135937,-0.002992009598477452,6.9,6.9394477257146265,7905633.0
444,AUT,1994,32780.3419423369,0.019888518754807905,8.2,6.9023406462806385,7936118.0
445,AUT,1995,33603.4278263558,0.024799075714000196,7.0,7.026693203053651,7948278.0
446,AUT,1996,34301.6562151382,0.02056555875463495,5.9,7.053585727193677,7959017.0
447,AUT,1997,34998.0321173934,0.020098195529596907,7.0,6.962148762812469,7968041.0
448,AUT,1998,36180.7490571265,0.03323534868572864,7.3,6.9849014881587905,7976789.0
449,AUT,1999,37468.8698869794,0.03498326849805089,7.3,7.038344848685739,7992324.0
450,AUT,2000,38571.0858780001,0.028992473383986805,8.2,7.0397479884406335,8011566.0
451,AUT,2001,38929.753800545,0.009255912185624382,7.1,6.950239890588293,8042293.0
452,AUT,2002,39313.7225107545,0.009814793785270837,7.9,7.086487066925534,8081957.0
453,AUT,2003,39569.2885567329,0.006479644645860816,7.5,6.7722791394196875,8121423.0
454,AUT,2004,40333.3307183894,0.019124916219402266,7.0,6.964041089992729,8171966.0
455,AUT,2005,40989.0131778975,0.01612586742748867,6.7,7.015622649851144,8227829.0
456,AUT,2006,42120.1557002022,0.02722232432214078,7.4,6.94389432559801,8268641.0
457,AUT,2007,43568.8302243941,0.03381560773473602,8.0,7.047604174098535,8295487.0
458,AUT,2008,44063.8642019916,0.011298049126118315,7.9,6.97166860472579,8321496.0
459,AUT,2009,42372.4758254763,-0.03914104431977705,7.7,7.093736796607579,8343323.0
460,AUT,2010,43035.4073531933,0.015524207296120807,6.5,7.034564125845833,8363404.0
461,AUT,2011,44146.1956805294,0.025483551603723953,8.0,6.836903538010186,8391643.0
462,AUT,2012,44221.4599530893,0.001703435272094822,7.8,7.004700485038616,8429991.0
463,AUT,2013,43851.3675497404,-0.008404285230847464,7.3,7.036500234872699,8479823.0
464,AUT,2014,43838.8345892137,-0.00028584631592387666,8.6,7.096141740338342,8546356.0
465,AUT,2015,43915.228020857,0.0017410806672444323,8.5,6.960252847939891,8642699.0
466,AUT,2016,44362.6702805116,0.010137216675358829,7.9,7.183339466235782,8736668.0
467,AUT,2017,45056.6385912412,0.015521977359963302,7.9,7.124317218930792,8797566.0
468,AUT,2018,45951.5819164034,0.019667941402934375,8.7,6.984160610184542,8840521.0
469,AUT,2019,46550.5622459492,0.01295080685673966,8.6,7.048125731829413,8879920.0
470,AUT,2020,43428.6983137234,-0.06941860792920629,8.5,7.1365627599207855,8916864.0
471,AUT,2021,45368.6434337368,0.04370071911271367,7.4,6.976628143268512,8955797.0
472,AUT,2022,47332.4240357971,0.042374365080366516,8.8,6.838405200847344,9041851.0
473,AZE,1991,2808.72744444906,-0.020329073500651162,12.7,6.078330080129564,7271300.0
474,AZE,1992,2141.34003837017,-0.27129969481113214,11.5,6.2176036074019905,7382050.0
475,AZE,1993,1621.91809395607,-0.27782236174156427,11.5,6.156978985585555,7494800.0
476,AZE,1994,1284.95555073458,-0.23288533059286287,12.3,6.268527940411622,7596550.0
477,AZE,1995,1120.30867792344,-0.13711987425724637,13.4,6.002157176646725,7684850.0
478,AZE,1996,1123.44793844504,0.0027982202232408326,12.9,6.083131735633806,7763000.0
479,AZE,1997,1177.19685990232,0.046733597097532,12.7,6.153370788951002,7838250.0
480,AZE,1998,1282.68413749503,0.08581879480637156,13.5,5.985949366419872,7913000.0
481,AZE,1999,1365.56585147028,0.06261402118852644,13.6,6.113018242660559,7982750.0
482,AZE,2000,1504.73106706035,0.09704530331089067,13.3,6.074656137994746,8048600.0
483,AZE,2001,1640.93664540398,0.0866530148022937,13.8,6.045242252788453,8111200.0
484,AZE,2002,1782.47319183639,0.08273462949775556,13.1,6.285252937991523,8171950.0
485,AZE,2003,1949.60608417331,0.08962551050277767,12.6,6.3157195997906035,8234100.0
486,AZE,2004,2111.4533834475,0.0797491736371656,13.5,6.299316826349146,8306500.0
487,AZE,2005,2674.3688564996,0.2363368933237373,13.3,6.2357823336535985,8391850.0
488,AZE,2006,3556.83212858133,0.2851568861750273,13.4,6.186208623900494,8484550.0
489,AZE,2007,4412.20326117932,0.2155038732180241,13.2,6.1781515614115765,8581300.0
490,AZE,2008,4778.12452736673,0.07967394081225976,13.0,6.068194079966656,8763400.0
491,AZE,2009,5118.43395494687,0.06880041287053551,13.2,6.206777519307003,8947243.0
492,AZE,2010,5300.11048729062,0.034879142909629124,14.6,6.23519473203058,9054332.0
493,AZE,2011,5149.20665913206,-0.02888501096064644,12.7,6.281705841954686,9173082.0
494,AZE,2012,5193.17501119552,0.0085026096219174,13.5,6.058422015232863,9295784.0
495,AZE,2013,5425.99559780578,0.0438561372609243,13.6,6.141176820336309,9416801.0
496,AZE,2014,5508.60265612676,0.015109586652052087,13.6,6.059123195581797,9535079.0
497,AZE,2015,5500.50364628486,-0.001471329475888794,13.7,6.205567353770043,9649341.0
498,AZE,2016,5272.71817141861,-0.04229364846145778,13.4,6.295266001439646,9757812.0
499,AZE,2017,5229.25259993413,-0.008277650093891253,13.6,6.008321664174405,9854033.0
500,AZE,2018,5261.92938234432,0.00622940067859723,14.2,6.111467339502679,9939771.0
501,AZE,2019,5346.95318604114,0.0160291385251341,13.9,5.84267447352282,10024283.0
502,AZE,2020,5087.50022783627,-0.049740305193882506,13.6,6.090630918602481,10093121.0
503,AZE,2021,5349.58226071425,0.05023188019760916,14.2,6.203951518233663,10137750.0
504,AZE,2022,5599.58524971025,0.045674056696732634,14.1,6.09807428216624,10141756.0
505,BDI,1961,212.342855409314,-0.17318698718929237,19.6,7.147873934502308,2835119.0
506,BDI,1962,225.788139348072,0.06139491225055238,19.3,7.20481821323967,2907943.0
507,BDI,1963,230.224869823611,0.019459403085183347,19.2,7.307068167605103,2969841.0
508,BDI,1964,237.796206552628,0.03235750569356899,19.3,7.079100145062459,3055650.0
509,BDI,1965,240.48406689455,0.011239805562803795,19.3,7.056520052247249,3141367.0
510,BDI,1966,245.589599364794,0.0210080100805925,19.6,7.091742115095153,3217960.0
511,BDI,1967,272.52744854486,0.10407749012242906,19.3,7.1604576325378915,3300690.0
512,BDI,1968,265.309585922564,-0.026841944756465175,19.0,7.194812156039999,3380387.0
513,BDI,1969,255.821731085115,-0.036416553921543304,19.7,7.02108396428914,3454590.0
514,BDI,1970,303.709792391106,0.1715917762066157,19.4,7.148031229036648,3530432.0
515,BDI,1971,304.559299116609,0.0027931956092457355,19.2,7.143459612341205,3617289.0
516,BDI,1972,285.06811637395,-0.0661376542409311,19.5,7.113304961895299,3617128.0
517,BDI,1973,305.139959453115,0.06804239827300851,19.7,7.0482126316773925,3611991.0
518,BDI,1974,295.43006437029,-0.03233841476742594,19.3,7.05168244778878,3703590.0
519,BDI,1975,290.202986018144,-0.01785151012278785,19.4,7.088241819830362,3796612.0
520,BDI,1976,306.31315911461,0.05402734452406488,19.6,6.968379900798572,3882626.0
521,BDI,1977,332.792340173242,0.08291071793652449,19.7,7.20228882638302,3983582.0
522,BDI,1978,320.275135300224,-0.03833826818324493,19.5,7.1808311990445555,4100338.0
523,BDI,1979,317.614267208854,-0.008342773886308663,19.5,7.155474362862388,4203530.0
524,BDI,1980,307.578267460065,-0.03210806712110781,19.6,7.086737934510577,4383706.0
525,BDI,1981,331.215392246246,0.07403931241951334,19.6,7.142669285895262,4566014.0
526,BDI,1982,319.648687347883,-0.0355463549297399,19.7,7.218323455220619,4681390.0
527,BDI,1983,322.759132903385,0.00968378579596596,20.0,7.075132388390269,4808528.0
528,BDI,1984,315.522461859928,-0.02267645253911077,19.6,6.932740531676045,4926465.0
529,BDI,1985,345.163854234518,0.08978937016156596,19.5,7.101428824112316,5034042.0
530,BDI,1986,349.756030266147,0.013216610950922636,19.6,7.090993082560445,5129414.0
531,BDI,1987,360.679923797347,0.030755072312456555,20.1,7.08145645348248,5247787.0
532,BDI,1988,370.526755664209,0.026934729790148104,19.9,7.132816989452251,5365327.0
533,BDI,1989,368.226157097932,-0.006228350409625882,19.5,7.088241819830362,5471706.0
534,BDI,1990,373.245241687992,0.013538381276593903,19.8,7.102746238876755,5587052.0
535,BDI,1991,383.870358589191,0.028069199730882843,19.8,7.080867896690782,5703857.0
536,BDI,1992,377.518319697874,-0.01668579123214542,19.8,6.9910848865691415,5858407.0
537,BDI,1993,365.282012271705,-0.03294940489906484,19.7,6.9505273708260065,5676843.0
538,BDI,1994,349.016249237768,-0.04555121107440119,19.8,7.091242822416061,5713854.0
539,BDI,1995,302.701844524604,-0.1423701709568146,20.1,7.06296254328452,6066316.0
540,BDI,1996,278.293479866983,-0.08407206975830661,19.9,6.987674902158011,6070506.0
541,BDI,1997,273.889548332896,-0.015951322980002125,20.1,7.152503754048731,6070042.0
542,BDI,1998,281.470892716422,0.02730412473739996,20.0,7.146614686736349,6187108.0
543,BDI,1999,272.030864788973,-0.03411350823414683,20.0,7.031476205971896,6337155.0
544,BDI,2000,264.154407180223,-0.029381725491380628,20.2,6.9817489588904635,6470194.0
545,BDI,2001,262.913885774384,-0.004707259810819764,20.2,7.205709412704522,6634365.0
546,BDI,2002,266.968141648342,0.01530278356692083,20.4,7.130258625408923,6824132.0
547,BDI,2003,255.500823385612,-0.043903699329120194,20.5,7.099201743553092,7043154.0
548,BDI,2004,258.050009115333,0.009927767635797835,20.1,6.847899111828771,7310656.0
549,BDI,2005,250.878933475935,-0.02818291389790506,20.2,6.9346892802222175,7587299.0
550,BDI,2006,255.105582251925,0.016707021490218743,20.0,7.2031078577381376,7865547.0
551,BDI,2007,254.311725516331,-0.003116727155179966,20.1,7.137914165190252,8161874.0
552,BDI,2008,256.012461554496,0.006665340886308435,19.9,7.050556077613808,8505637.0
553,BDI,2009,252.582019875886,-0.013490094081267223,20.3,7.103322062526113,8947646.0
554,BDI,2010,253.308577749924,0.0028723932684071585,20.4,7.153833801578843,9376444.0
555,BDI,2011,254.242110648215,0.0036785841191528945,20.0,7.295802913053232,9717978.0
556,BDI,2012,256.180393931874,0.007594855568611614,19.9,6.880692359432448,10071028.0
557,BDI,2013,259.311117203355,0.012146705412758863,20.1,7.114281524472909,10439341.0
558,BDI,2014,261.296721752002,0.007628061001559772,19.9,7.10002716662926,10799785.0
559,BDI,2015,254.402585226788,-0.026738633061984984,20.0,7.126569472135118,11047580.0
560,BDI,2016,258.061970804063,0.014281759524611637,20.2,7.152895128168243,11239451.0
561,BDI,2017,261.725839287239,0.014097787958621488,20.4,7.021708769057982,11506762.0
562,BDI,2018,267.508692172687,0.021854518959091074,20.0,7.065698757048091,11859446.0
563,BDI,2019,270.411005710809,0.010790985022107513,20.2,7.169965685460248,12255336.0
564,BDI,2020,263.463876362597,-0.02602677795329278,20.0,7.26549965087889,12617036.0
565,BDI,2021,264.682651658422,0.004615300469051675,20.1,7.152033902826306,12965481.0
566,BDI,2022,263.587550049119,-0.0041459964027144025,20.0,7.1976598797870155,13321097.0
567,BEL,1961,12258.2996460169,0.04526258742296463,10.2,6.9018378052181,9183948.0
568,BEL,1962,12845.9667199187,0.046826658436140534,8.4,6.746059539981839,9220578.0
569,BEL,1963,13305.1270003813,0.035119561560275514,8.1,6.606379879398354,9289770.0
570,BEL,1964,14096.6675829394,0.05778897811905104,9.4,6.636733647423464,9378113.0
571,BEL,1965,14466.6268711882,0.025905973779407176,8.8,7.01211529430638,9463667.0
572,BEL,1966,14822.7174465672,0.0243165649300483,9.7,7.035268599281097,9527807.0
573,BEL,1967,15310.6184590978,0.032385638089513336,10.0,6.672032945461067,9580991.0
574,BEL,1968,15890.1321308581,0.03715169124618889,9.3,6.689723639554104,9618756.0
575,BEL,1969,16895.7048108658,0.06136114056273101,9.3,6.688603748937465,9646032.0
576,BEL,1970,17951.3223757272,0.0606043457543155,9.2,6.74770389083391,9655549.0
577,BEL,1971,18632.8422933665,0.03726195619693762,9.7,6.4783560205783415,9673162.0
578,BEL,1972,19542.8867391462,0.047685632187310034,9.1,6.619539730924212,9711115.0
579,BEL,1973,20724.7405753826,0.058716812908537364,9.6,6.595780513961311,9741720.0
580,BEL,1974,21602.8018308189,0.0414948371971775,10.0,6.950910549296065,9772419.0
581,BEL,1975,21116.9915506255,-0.022745017495591213,10.0,6.580500431410533,9800700.0
582,BEL,1976,22270.8535641559,0.05320080534452387,10.1,6.318247133181678,9818227.0
583,BEL,1977,22382.648446366,0.005007227238905898,9.8,6.78105762593618,9830358.0
584,BEL,1978,22997.2737603991,0.02708964099155864,9.0,6.634896135421995,9839534.0
585,BEL,1979,23514.5117930815,0.022242076923928877,8.9,6.806829360392176,9848382.0
586,BEL,1980,24532.4569582102,0.04237926094557132,9.1,6.837869151517971,9859242.0
587,BEL,1981,24464.5869932428,-0.002770371553145523,9.5,6.963662910920433,9858982.0
588,BEL,1982,24616.83722877,0.0062040059464010255,10.3,6.760182914515001,9856303.0
589,BEL,1983,24695.5649688117,0.0031930225834297943,10.3,6.739336627357174,9855520.0
590,BEL,1984,25305.0320542767,0.024379599789075,9.5,6.8736812986483855,9855372.0
591,BEL,1985,25715.3579688704,0.016085128372573365,8.7,6.646909860483916,9858308.0
592,BEL,1986,26174.7550878409,0.017707000237395576,9.2,6.835722076082305,9861823.0
593,BEL,1987,26755.6980811501,0.021952063045215908,8.9,6.87688361531505,9870234.0
594,BEL,1988,27930.4858968463,0.042971313719391446,10.4,6.915425785286357,9901664.0
595,BEL,1989,28794.6548841575,0.030470998860126386,10.9,6.62459629525794,9937697.0
596,BEL,1990,29609.6207516724,0.027909558297981363,10.9,6.655826376236174,9967379.0
597,BEL,1991,30040.5508404095,0.014448829710559608,9.7,6.618605463255322,10004486.0
598,BEL,1992,30376.8745342462,0.011133449192541889,10.6,6.789984743247629,10045158.0
599,BEL,1993,29967.3944241601,-0.01357167473648957,9.9,6.838405200847344,10084475.0
600,BEL,1994,30839.2414336465,0.02867801347719734,11.0,6.8121250479668864,10115603.0
601,BEL,1995,31508.622663522,0.02147329216395555,10.5,6.732210706467206,10136811.0
602,BEL,1996,31862.6693868132,0.01117384214617445,8.7,6.459747947608298,10156637.0
603,BEL,1997,32991.5010116146,0.034814897324476846,10.4,6.662238298691035,10181245.0
604,BEL,1998,33566.9875919507,0.017293088649937616,10.4,6.939253946041508,10203008.0
605,BEL,1999,34676.6051555263,0.03252218472159463,11.0,6.864012356034218,10226419.0
606,BEL,2000,35878.3153586195,0.03406782742241532,11.1,6.911846896885391,10251250.0
607,BEL,2001,36148.2880924306,0.007496507823317344,10.4,6.945725210233766,10286570.0
608,BEL,2002,36600.862592332,0.012442216415378127,10.9,6.907655273981804,10332785.0
609,BEL,2003,36826.2699296094,0.006139639057089141,10.8,6.557914074621969,10376133.0
610,BEL,2004,37976.6972967442,0.030761295308321834,10.4,6.76365393500788,10421137.0
611,BEL,2005,38645.2605193362,0.01745139929111872,10.6,6.75448754257892,10478617.0
612,BEL,2006,39371.0858277448,0.01860754277257115,10.9,6.759023225181737,10547958.0
613,BEL,2007,40520.0843207009,0.028766075688093196,11.2,6.870572487854421,10625700.0
614,BEL,2008,40380.9075004042,-0.0034406737041017266,10.7,6.8158592642776,10709973.0
615,BEL,2009,39293.637546825,-0.02729447535312879,10.6,6.746999500102743,10796493.0
616,BEL,2010,39991.5646206286,0.017605936104327924,9.3,6.7763929607853095,10895586.0
617,BEL,2011,40236.9596308558,0.006117419653355327,11.2,6.6509256700131205,11038264.0
618,BEL,2012,40074.492800399,-0.004045924887760677,10.5,6.865160881349716,11106932.0
619,BEL,2013,40007.8997891411,-0.0016631128130395467,10.0,6.739573285741901,11159407.0
620,BEL,2014,40533.9135027898,0.01306206480976968,11.7,6.768148324595719,11209057.0
621,BEL,2015,40893.804537772,0.008839579127959851,11.2,6.715262166866686,11274196.0
622,BEL,2016,41172.8862831209,0.006801366507744433,10.8,6.819798000222995,11331422.0
623,BEL,2017,41619.328629169,0.01078475008033486,11.1,6.752503993710846,11375158.0
624,BEL,2018,42208.3625650272,0.014053676589147912,11.7,6.602316484941097,11427054.0
625,BEL,2019,43006.4042308863,0.018730673747858972,11.5,6.744176965005318,11488980.0
626,BEL,2020,40769.0218072962,-0.05342651661568176,11.9,6.710401299354221,11538604.0
627,BEL,2021,43140.9676652971,0.056550547932925355,10.5,6.865995344733905,11586195.0
628,BEL,2022,44516.002160801,0.03137565212804461,12.0,6.59222227837458,11680210.0
629,BEN,1961,665.431250366532,0.014407157534833459,27.2,6.897300821078278,2559223.0
630,BEN,1962,631.42071510316,-0.052462943469740786,27.4,7.180298332591114,2604659.0
631,BEN,1963,649.260123067951,0.02786105856799015,27.7,7.219788442297749,2652908.0
632,BEN,1964,679.356446871351,0.04531250602686665,27.4,6.979424565672496,2704003.0
633,BEN,1965,701.332145059658,0.031835642491917504,27.3,6.9637574690974215,2757936.0
634,BEN,1966,711.858170524999,0.014897101986950823,27.6,6.953015410387001,2814317.0
635,BEN,1967,704.838581809146,-0.009909878244802606,27.4,7.006332842343131,2872997.0
636,BEN,1968,716.640156003181,0.01660502552229115,27.6,7.185614262485156,2934257.0
637,BEN,1969,721.532496801575,0.006803577665727367,28.0,7.021441043385954,2998222.0
638,BEN,1970,720.605098618137,-0.0012861440048750339,27.9,6.945821479788593,3065057.0
639,BEN,1971,694.034044850035,-0.037570258523299316,27.2,6.864430154243763,3134767.0
640,BEN,1972,721.876315776552,0.03933280114578519,27.4,6.886327331568516,3207543.0
641,BEN,1973,731.313119718855,0.012987895955903994,27.8,6.825460036255307,3283496.0
642,BEN,1974,737.948326243781,0.009032091124024255,27.1,6.961769867288376,3362633.0
643,BEN,1975,684.962291595042,-0.07451001552856606,26.9,6.9845311177841864,3445407.0
644,BEN,1976,674.040866533898,-0.01607304606680149,26.9,6.849066282633458,3532196.0
645,BEN,1977,689.858786250037,0.02319617712361488,27.5,6.747938577528252,3623202.0
646,BEN,1978,680.651097993039,-0.013437081926595873,27.3,6.987674902158011,3718305.0
647,BEN,1979,706.10443231183,0.03671331056472216,27.5,7.0519421992946345,3818528.0
648,BEN,1980,733.490637341118,0.03805168546488691,27.7,6.912842318030695,3925251.0
649,BEN,1981,783.925193667226,0.06649876641675512,28.0,6.856461984594587,4038307.0
650,BEN,1982,778.638765032765,-0.00676637749698461,27.9,6.807603397031696,4156596.0
651,BEN,1983,723.483520668885,-0.07346945348528866,28.3,6.628438122861984,4278978.0
652,BEN,1984,758.361165674301,0.04708197545659676,28.2,6.820562067279759,4405895.0
653,BEN,1985,791.727164830118,0.04305709958212045,28.0,6.881924518947615,4538012.0
654,BEN,1986,785.143070110497,-0.008350887519820382,27.9,6.833785758781962,4675420.0
655,BEN,1987,750.403840602099,-0.0452544403417523,28.2,6.862548686144057,4818486.0
656,BEN,1988,752.704034985609,0.0030605869563968824,27.7,7.05695084534399,4967341.0
657,BEN,1989,709.188907710243,-0.05955016919722933,27.3,6.985826814402293,5121657.0
658,BEN,1990,749.459666582926,0.05523056881811961,28.0,6.8239387928890265,5281479.0
659,BEN,1991,757.403145107877,0.010543165635487739,27.6,7.081624548961108,5446932.0
660,BEN,1992,756.080888165851,-0.0017473025804939368,27.5,6.8560408432954585,5617844.0
661,BEN,1993,765.479914438342,0.01235461088232892,27.8,6.834646807161499,5872706.0
662,BEN,1994,752.277508740764,-0.017397692809974608,27.5,7.012925776587677,6096506.0
663,BEN,1995,781.0647884601,0.037552818717109915,27.9,6.998418313879379,6226773.0
664,BEN,1996,793.7950526962,0.016167205724630485,27.9,6.967626676019528,6391858.0
665,BEN,1997,814.901395438676,0.026241810831060697,27.9,6.903345570493437,6583365.0
666,BEN,1998,821.459971433599,0.008016091369047906,28.4,6.999696152680494,6789489.0
667,BEN,1999,838.976786975768,0.021099828495747985,27.9,7.03852034886169,7002818.0
668,BEN,2000,861.213292013209,0.02615916106988081,27.9,6.85940501804109,7221619.0
669,BEN,2001,879.854463773645,0.021414312055535234,28.1,6.738981534733451,7445596.0
670,BEN,2002,893.137100961634,0.01498358588494586,28.2,6.9367313872186545,7675426.0
671,BEN,2003,896.146763201736,0.0033641001730195796,28.3,7.085315518674381,7913070.0
672,BEN,2004,907.624431209378,0.012726473242318015,28.2,6.942543104467801,8159094.0
673,BEN,2005,893.91536869992,-0.015219566211350788,28.5,6.892641641172089,8426144.0
674,BEN,2006,900.62053578735,0.0074729051387842915,28.3,6.891320972518712,8693242.0
675,BEN,2007,926.740113754071,0.028589164375105725,28.3,7.02313543002221,8953969.0
676,BEN,2008,943.203380303862,0.01760875876172907,27.9,7.072761113566404,9228466.0
677,BEN,2009,936.565651071554,-0.007062311071456051,28.5,6.9874902470009905,9509423.0
678,BEN,2010,928.246655329144,-0.008922132162614282,28.7,7.023758954738443,9797484.0
679,BEN,2011,927.716412836707,-0.0005713933816444694,28.4,6.867662185415693,10093623.0
680,BEN,2012,943.918771531001,0.017314018867683245,28.1,6.899924699866949,10397657.0
681,BEN,2013,982.399206290516,0.039957634127270936,28.3,6.850549805211358,10708834.0
682,BEN,2014,1014.4330062135,0.03208737136114337,28.5,6.932642994489916,11030004.0
683,BEN,2015,1002.41886879614,-0.01191389380050989,28.4,6.7982751783633155,11360681.0
684,BEN,2016,1006.03926633023,0.0036051550112059516,28.6,6.852136855219125,11697842.0
685,BEN,2017,1032.90471194182,0.02635383882356024,28.5,6.943701405755606,12039780.0
686,BEN,2018,1071.50452156932,0.036688813895854544,28.5,7.0297073897328834,12383347.0
687,BEN,2019,1114.17304526443,0.03904871053108305,28.4,7.068682943088419,12726755.0
688,BEN,2020,1126.65404122154,0.011139748443929065,28.5,7.018312269546781,13070169.0
689,BEN,2021,1176.37727637273,0.043187396521342514,28.7,6.9403192698554,13413417.0
690,BEN,2022,1218.49668929091,0.03517826577385019,28.1,6.976628143268512,13759501.0
691,BFA,1961,250.394091012667,0.02518256721073442,28.1,6.736373662226517,4848224.0
692,BFA,1962,261.880916903197,0.0448538440456252,28.4,6.82078026496773,4919672.0
693,BFA,1963,254.731183016035,-0.027681079936352937,28.8,6.815310988590857,4993623.0
694,BFA,1964,256.568911549561,0.007188484675300977,28.4,6.860873293082006,5071034.0
695,BFA,1965,262.001316967784,0.0209522408032079,28.3,6.771362654076582,5152833.0
696,BFA,1966,259.130285238002,-0.01101856331465001,28.7,6.72850898870511,5237933.0
697,BFA,1967,277.313189171404,0.06781654728736175,28.4,6.707595564058303,5326348.0
698,BFA,1968,280.960315015046,0.013065917339941002,28.8,6.7906595071058895,5418644.0
699,BFA,1969,281.73763833434,0.002762845711913542,29.4,6.7690677592082436,5513177.0
700,BFA,1970,277.184105813715,-0.01629435003014379,29.1,6.639614361737191,5610304.0
701,BFA,1971,276.290476527029,-0.0032291638739145867,28.8,6.584515111129642,5707999.0
702,BFA,1972,277.846496112942,0.005616025468224706,28.9,6.578417531261524,5807234.0
703,BFA,1973,274.152506421818,-0.013384244603672713,29.3,6.509216130944706,5911927.0
704,BFA,1974,291.303145502961,0.060679917735376065,28.4,6.6806037062703885,6024904.0
705,BFA,1975,294.050755641012,0.009387928609656093,28.3,6.64678004935892,6147569.0
706,BFA,1976,312.385989060691,0.06048717692903427,28.2,6.700115914203892,6280635.0
707,BFA,1977,306.319820987094,-0.01960984483167838,28.7,6.57702651698799,6428734.0
708,BFA,1978,312.546378441226,0.020123146406048065,28.8,6.667592722498332,6590984.0
709,BFA,1979,315.71696837442,0.010093273357377974,28.9,6.663643421231731,6763903.0
710,BFA,1980,309.805283645997,-0.018902159674014207,29.2,6.595643892607181,6947900.0
711,BFA,1981,314.286582559959,0.014361270118137703,28.9,6.582025138892826,7140271.0
712,BFA,1982,334.96046501527,0.06370725700291491,28.8,6.542616042345538,7340197.0
713,BFA,1983,326.730273513319,-0.024877531102245776,29.2,6.385363018844681,7551129.0
714,BFA,1984,311.788334185274,-0.04681043737040014,29.3,6.360092765164173,7772256.0
715,BFA,1985,328.715164630481,0.05286707326796414,29.1,6.508023702721733,7999935.0
716,BFA,1986,344.993912306641,0.04833515661138943,28.9,6.598100225719949,8228847.0
717,BFA,1987,334.888996959212,-0.02972764683249718,29.7,6.452679670320638,8457109.0
718,BFA,1988,344.904464201203,0.029468338769208735,28.9,6.6804781963863205,8687435.0
719,BFA,1989,343.089820260752,-0.005275183790113935,28.7,6.605027248325085,8921175.0
720,BFA,1990,332.153276660935,-0.03239574046811722,29.3,6.474816193873218,9159356.0
721,BFA,1991,353.206720757378,0.061456957674509205,29.0,6.718046503754165,9394632.0
722,BFA,1992,345.401816823349,-0.02234507098590477,28.6,6.632923618509176,9629275.0
723,BFA,1993,348.581211032689,0.009162807521414074,29.2,6.543192162194399,9871713.0
724,BFA,1994,344.371184069503,-0.012151134172305511,28.6,6.860244296311086,10123798.0
725,BFA,1995,354.841188502861,0.029950233947878324,29.0,6.608000625296087,10386722.0
726,BFA,1996,383.973583031147,0.07890342297982578,29.2,6.633450003571995,10655942.0
727,BFA,1997,397.838955257373,0.03547353233429096,29.2,6.542471960506805,10934223.0
728,BFA,1998,415.273513470241,0.042890083377489674,29.6,6.727671217128374,11240664.0
729,BFA,1999,433.104727597234,0.04204219213511262,29.0,6.74770389083391,11574928.0
730,BFA,2000,428.309796566198,-0.011132806377946558,29.1,6.536836514626557,11925546.0
731,BFA,2001,442.914122870048,0.03352914018609798,29.3,6.582579002102776,12295001.0
732,BFA,2002,448.128856317091,0.011704919079812193,29.5,6.491936758794481,12680897.0
733,BFA,2003,468.263047790124,0.04394938917781577,29.5,6.818924065275521,13082532.0
734,BFA,2004,474.086412333459,0.01235940363635013,29.6,6.574796861660721,13500533.0
735,BFA,2005,499.192797571217,0.051602779428261414,29.8,6.684736719856078,13932123.0
736,BFA,2006,514.113131757062,0.029450952922373652,29.4,6.6356840540445035,14373707.0
737,BFA,2007,519.26101218434,0.009963328465948607,29.5,6.739454963550437,14816307.0
738,BFA,2008,533.471299938288,0.026998603093058016,29.0,6.671906355170373,15258093.0
739,BFA,2009,533.470084831931,-2.2777377921556763e-06,29.8,6.724072796548841,15710066.0
740,BFA,2010,561.847221302489,0.05182696896760586,29.8,6.760182914515001,16176498.0
741,BFA,2011,581.603658737407,0.03455925229344192,29.7,6.558197802812269,16661908.0
742,BFA,2012,600.731343697818,0.03235860210266761,29.3,6.795146334599483,17172287.0
743,BFA,2013,616.741331164082,0.02630188052217619,29.5,6.651959395392677,17695409.0
744,BFA,2014,624.576885187665,0.0126247371413859,29.6,6.716473700816671,18229461.0
745,BFA,2015,630.124750752312,0.008843380070222118,29.6,6.687607236647726,18777487.0
746,BFA,2016,648.420480176012,0.02862155822529644,29.8,6.78094411211575,19334856.0
747,BFA,2017,669.276310328333,0.03165761970650305,29.7,6.664919094322191,19894407.0
748,BFA,2018,694.492813126351,0.03698481908891438,29.7,6.7982751783633155,20438288.0
749,BFA,2019,717.021595096634,0.031924144959686984,29.5,6.760414691083428,20961952.0
750,BFA,2020,713.8421779224,-0.004444060247926096,29.8,6.8237212833721275,21478690.0
751,BFA,2021,745.472563435144,0.04335643204122874,30.1,6.702451645796258,21995243.0
752,BFA,2022,740.306319930259,-0.006954284225683338,29.5,6.808597707448919,22509038.0
753,BGD,1961,442.754802776645,0.03063026412852743,25.1,8.004332164288176,53310348.0
754,BGD,1962,453.534880895558,0.024056057263782904,25.1,7.771362276570849,54881146.0
755,BGD,1963,438.497510023828,-0.03371804807063583,25.1,7.833758689710084,56504402.0
756,BGD,1964,472.526377856783,0.07473943812630068,25.3,7.9355873855892,58178374.0
757,BGD,1965,466.297416230715,-0.013269908730685565,25.0,7.904519395006169,59902519.0
758,BGD,1966,464.560595017134,-0.0037316609151405444,25.4,7.821562930562486,61669806.0
759,BGD,1967,442.631515109653,-0.04835437230426631,24.9,7.807388033960149,63510929.0
760,BGD,1968,470.576662620963,0.06122125479551155,24.9,7.954653131963568,65408276.0
761,BGD,1969,462.973250718686,-0.016289605781386385,25.3,7.847528135003496,67294133.0
762,BGD,1970,476.495758008963,0.028789542068478724,25.2,7.997259548619519,69058894.0
763,BGD,1971,442.581266509865,-0.07383471994455792,24.6,7.745738463587531,70276758.0
764,BGD,1972,373.483189983357,-0.16975110389341275,25.1,7.559194656142292,71641519.0
765,BGD,1973,375.01209712721,0.004085287633955659,25.3,7.918883351617127,73722294.0
766,BGD,1974,399.510508130505,0.06328178360968106,25.0,8.00600083374492,75839348.0
767,BGD,1975,373.260373696999,-0.0679638391404298,25.1,7.81177097998068,77854351.0
768,BGD,1976,384.509552028714,0.029692402439352783,25.2,7.860686474951284,79855318.0
769,BGD,1977,385.08552032014,0.0014968089574773913,24.9,7.853138685059564,81867264.0
770,BGD,1978,402.385595931712,0.04394538242445378,25.0,7.805026277019038,83889655.0
771,BGD,1979,411.669266520237,0.0228094530612708,25.7,7.82344583078426,85935072.0
772,BGD,1980,405.226770259517,-0.01577343883494109,25.3,7.805433874644311,88016432.0
773,BGD,1981,423.537122867473,0.04419433057975297,25.0,7.95549523727649,90303105.0
774,BGD,1982,420.872004532951,-0.0063124073335263375,25.1,7.789702982433746,92814507.0
775,BGD,1983,425.646571168568,0.011280596560076184,25.1,7.9855864618000245,95335155.0
776,BGD,1984,434.782351604307,0.02123620795760317,25.2,8.050097330511573,97814966.0
777,BGD,1985,438.382478828439,0.008246203922365858,25.5,7.823085549761168,100253825.0
778,BGD,1986,446.08025306417,0.01740710677950652,25.3,7.862189220634332,102635572.0
779,BGD,1987,452.659756923731,0.014641879367550459,25.6,7.9884411791167915,104959291.0
780,BGD,1988,453.839236883479,0.002602276744728904,25.7,8.01832907604949,107216008.0
781,BGD,1989,457.254334777705,0.00749673577945309,25.4,7.698800197818542,109433799.0
782,BGD,1990,473.444821021085,0.03479560423074535,25.3,7.946440619069898,111633717.0
783,BGD,1991,480.673358976087,0.015152580492574508,25.2,7.960986585609905,113787109.0
784,BGD,1992,497.371173735323,0.034148623746643736,24.9,7.56429034104535,115952192.0
785,BGD,1993,511.193509421294,0.02741163043218009,25.0,7.973706625410686,118132360.0
786,BGD,1994,521.323144726555,0.019621882650273648,25.3,7.597346143339305,120343179.0
787,BGD,1995,537.931946643983,0.031361970051257515,25.6,7.866568957936183,122600370.0
788,BGD,1996,552.077107138767,0.025955664433344516,25.4,7.770138776787381,124862179.0
789,BGD,1997,566.271140847632,0.025385287563182146,24.9,7.791026828399058,127198069.0
790,BGD,1998,584.448175174047,0.03159510082223882,25.6,7.944456702310496,129622332.0
791,BGD,1999,600.232323162952,0.026648673790306887,25.8,7.960602822282502,132108065.0
792,BGD,2000,620.560472822105,0.03330627256731411,25.0,7.877700515391784,134544304.0
793,BGD,2001,641.288922876274,0.03285703497500503,25.6,7.8361326719914395,136805810.0
794,BGD,2002,655.672139362272,0.02218078336571061,25.5,7.84690279299922,138933658.0
795,BGD,2003,676.826252046427,0.03175371957328643,25.5,7.789247505313597,140970351.0
796,BGD,2004,702.656357081873,0.03745335277645356,25.4,7.819395212640865,142902856.0
797,BGD,2005,739.203718353409,0.05070560175393801,25.7,7.712175461951511,144715786.0
798,BGD,2006,779.419570444998,0.05297595166374247,26.0,7.657944199909279,146405973.0
799,BGD,2007,825.508229964537,0.057449730764283835,25.7,7.903115937839772,147989278.0
800,BGD,2008,866.45815762135,0.04841458605285087,25.5,7.78351564047625,149474264.0
801,BGD,2009,901.729626251937,0.03990090692679438,26.2,7.6838639802564295,150873714.0
802,BGD,2010,943.66422864236,0.04545568691281332,26.1,7.806330005050512,152201981.0
803,BGD,2011,995.579947155662,0.053555015948493434,25.5,7.733158038662553,153591076.0
804,BGD,2012,1050.39140404066,0.05359271062088311,25.2,7.716950657904749,155070101.0
805,BGD,2013,1103.15695907123,0.04901317165332841,25.0,7.7142311448490855,156532141.0
806,BGD,2014,1159.40753475981,0.049733096630566465,25.4,7.586347041532884,157964929.0
807,BGD,2015,1224.38647668165,0.0545307544284066,25.2,7.942859626393865,159383179.0
808,BGD,2016,1299.83091360792,0.05979430637781924,25.6,7.751991313904939,160811932.0
809,BGD,2017,1373.75363740186,0.05531268496977226,25.4,8.008797945221955,162186147.0
810,BGD,2018,1462.25050255713,0.06242981450605356,25.1,7.604396348796338,163523103.0
811,BGD,2019,1564.20802445636,0.06740295221427317,25.4,7.714677473800927,164913055.0
812,BGD,2020,1604.6659234742,0.02553594630544076,25.2,7.904445577924863,166298024.0
813,BGD,2021,1702.08028414189,0.05893561196162711,25.5,7.757093912716993,167658854.0
814,BGD,2022,1804.3493461776,0.05834885425718639,25.5,7.578145472419466,169384897.0
815,BGR,1981,3583.21784298575,0.0445062018026654,10.8,6.478048706500939,8891117.0
816,BGR,1982,3656.03933021005,0.02011917572841071,10.6,6.3373565636812454,8917457.0
817,BGR,1983,3772.02799797802,0.031232376075186252,10.9,6.3377102955561755,8939738.0
818,BGR,1984,3891.02819888176,0.031060653857657883,10.5,6.386037214049723,8960679.0
819,BGR,1985,3995.50040762131,0.026495388669493636,9.8,6.128178370423804,8960547.0
820,BGR,1986,4164.71951636054,0.041480100488014315,10.7,6.255174060168853,8958171.0
821,BGR,1987,4410.38020522991,0.05731196973987096,9.9,6.470799503782602,8971359.0
822,BGR,1988,4887.5873353325,0.10273789419321311,10.5,6.38130827431319,8981446.0
823,BGR,1989,4782.42156117242,-0.02175177329432465,11.2,6.279271611747914,8876972.0
824,BGR,1990,4425.49955286164,-0.07756385558925949,11.4,6.1870313306519575,8718289.0
825,BGR,1991,4092.07934990466,-0.07832992601631972,10.2,6.475894859514441,8632367.0
826,BGR,1992,3835.45427951087,-0.06476535537403727,10.7,6.23519473203058,8540164.0
827,BGR,1993,3808.94310683811,-0.006936133123481625,10.3,6.20979654142497,8472313.0
828,BGR,1994,3891.38232617785,0.021412697404231906,11.8,6.348264483234865,8443591.0
829,BGR,1995,4022.19748673152,0.03306394348858177,10.8,6.63948360005018,8406067.0
830,BGR,1996,4253.45199440193,0.05590249546077786,10.3,6.432940092739179,8362826.0
831,BGR,1997,3675.36877811444,-0.14607741181320222,10.2,6.5495076704830835,8312068.0
832,BGR,1998,3840.17297697202,0.043863936255014835,10.9,6.590438401400665,8256786.0
833,BGR,1999,3537.52626953376,-0.08208972271316028,11.7,6.5203265333600715,8210624.0
834,BGR,2000,3718.11895993863,0.04979019550911268,11.8,6.056549793763916,8170172.0
835,BGR,2001,3937.90285118373,0.05743042586252933,11.4,6.2972934650407995,8009142.0
836,BGR,2002,4260.62251956893,0.07876697062930482,11.7,6.534660550904423,7837161.0
837,BGR,2003,4519.415326977,0.05896735207933368,10.8,6.403739747144695,7775327.0
838,BGR,2004,4850.11917184577,0.07062064312343352,11.2,6.439350371100098,7716860.0
839,BGR,2005,5231.60538607098,0.07571491199674973,10.9,6.684861696423135,7658972.0
840,BGR,2006,5630.08907245392,0.07340707490736165,11.0,6.502790045915623,7601022.0
841,BGR,2007,6049.05136726418,0.07177619788300404,12.2,6.529856698591778,7545338.0
842,BGR,2008,6465.05231071194,0.06650964261261905,12.0,6.217404185724193,7492561.0
843,BGR,2009,6289.04666609216,-0.02760160775575926,11.9,6.6047565024184625,7444443.0
844,BGR,2010,6429.04599233108,0.02201666321356477,11.7,6.656855050622885,7395599.0
845,BGR,2011,6605.64616736859,0.02709860420269017,11.0,6.267769646536424,7348328.0
846,BGR,2012,6693.76983060797,0.013252454543007275,11.9,6.484635235635252,7305888.0
847,BGR,2013,6793.08253592745,0.014727602513897153,11.9,6.402911726893694,7160005.0
848,BGR,2014,6941.37319825776,0.02159480185045659,12.0,6.841508633163211,7073572.0
849,BGR,2015,7269.02586513711,0.046122666646439825,12.1,6.61136876590021,6984225.0
850,BGR,2016,7586.89174668116,0.04279969921402227,12.1,6.527080339681191,6894139.0
851,BGR,2017,7899.11056589871,0.04032817854936788,11.9,6.621538798691966,6803468.0
852,BGR,2018,8194.79296320014,0.036748781542149445,12.4,6.56187896228563,6710798.0
853,BGR,2019,8626.5750265742,0.051348609940962575,12.8,6.30609278854437,6616726.0
854,BGR,2020,8440.51416964556,-0.02180433069623966,12.6,6.422597401964724,6550696.0
855,BGR,2021,9161.94541759347,0.08201531064315581,11.9,6.696663808692069,6507301.0
856,BGR,2022,9598.35828571579,0.046533533975424035,12.4,6.25459774663835,6465097.0
857,BHR,1971,17249.0124224571,-0.010066394676927715,26.4,3.703768066607687,230733.0
858,BHR,1972,18258.3131142924,0.0568655984593871,25.7,4.791649752930709,242113.0
859,BHR,1973,19724.6516534591,0.07724871699602076,26.6,3.2846635654062037,255320.0
860,BHR,1974,20304.8174616131,0.02898896485150182,26.3,4.446174454497633,269038.0
861,BHR,1975,17582.5754413652,-0.14394979137496833,26.4,4.416428061391214,283243.0
862,BHR,1976,21815.0764825317,0.2156929326317183,26.2,5.41565585896527,297863.0
863,BHR,1977,23475.826642995,0.07336992570336065,27.1,4.746669748261791,312823.0
864,BHR,1978,23251.0531134084,-0.009620812025511682,26.9,3.6913763343125234,328046.0
865,BHR,1979,22978.2198018726,-0.011803624069502305,27.3,4.61512051684126,343457.0
866,BHR,1980,22551.9860925815,-0.018723665009074963,27.1,4.579852378003801,358978.0
867,BHR,1981,20521.425016103,-0.09435367400880246,27.2,3.933784497209659,373524.0
868,BHR,1982,18310.9908591644,-0.11396799016024772,26.1,5.35517017814082,386983.0
869,BHR,1983,18811.4380955493,0.02696362120740403,26.1,4.5612182984589085,400707.0
870,BHR,1984,19065.3191478664,0.013405838989454466,26.6,4.210645017918261,415154.0
871,BHR,1985,17516.6361043991,-0.08471986925745334,26.6,4.186619838331271,430358.0
872,BHR,1986,17091.2903016984,-0.02458206923027184,26.6,4.638604962074329,446286.0
873,BHR,1987,18193.2073441956,0.06247930690193648,26.9,4.001863709427935,462854.0
874,BHR,1988,18774.1395172075,0.03143206372134877,26.9,4.859812404361672,479929.0
875,BHR,1989,18183.311929769,-0.03197611878039197,26.2,4.684905154006945,497327.0
876,BHR,1990,18345.8379968815,0.008898490103435464,26.8,4.3134800921387715,514797.0
877,BHR,1991,20882.5058640472,0.12950903184366958,26.5,4.696837374513915,503052.0
878,BHR,1992,21701.2220342029,0.03845680544157837,25.8,4.447346100794524,516458.0
879,BHR,1993,23858.1931245824,0.09475911167752571,26.7,4.772378104971998,530225.0
880,BHR,1994,23180.3322555659,-0.028823514052408683,27.1,3.879499813722586,544366.0
881,BHR,1995,23465.7129170227,0.012236159403308022,26.7,4.785823685681349,558879.0
882,BHR,1996,23795.2092538862,0.0139439376325452,27.2,4.882801922586371,573792.0
883,BHR,1997,23893.1335655763,0.004106850585905875,26.5,4.864452783918174,589115.0
884,BHR,1998,24386.5916523491,0.020442339663762965,27.8,4.713127327493184,604842.0
885,BHR,1999,24773.8464104044,0.01575505767267238,28.0,4.6210435351443815,620989.0
886,BHR,2000,25407.9694054552,0.025274364449291653,27.4,4.562262684976814,637582.0
887,BHR,2001,25106.2869742612,-0.011944589097820923,27.5,3.295836866004329,661316.0
888,BHR,2002,24149.0156013799,-0.038874674415623645,27.4,4.540098189244376,710553.0
889,BHR,2003,23857.6403579769,-0.012139100947784698,27.5,4.389498649512583,764517.0
890,BHR,2004,23688.1121059225,-0.007131193080340381,27.5,4.617098756853365,823741.0
891,BHR,2005,23439.6704353038,-0.01054341870938913,27.1,4.42484663185681,888822.0
892,BHR,2006,23095.0181330228,-0.014812975651109284,27.6,4.403054001865957,960424.0
893,BHR,2007,23112.4888058398,0.0007561833479829971,27.5,3.9318256327243257,1039295.0
894,BHR,2008,23127.2148040048,0.0006369417411118405,27.4,3.8732821771117156,1103496.0
895,BHR,2009,22206.9371985225,-0.040605327636189514,27.6,4.75960653929251,1178415.0
896,BHR,2010,22224.0736166249,0.000771372005170079,28.5,3.4719664525503626,1228543.0
897,BHR,2011,23288.0449398313,0.046764037693819205,27.5,4.464758032271346,1195020.0
898,BHR,2012,23894.8804447088,0.025724092473994986,27.9,4.11414718951828,1208964.0
899,BHR,2013,24271.6278814506,0.015643862645099205,27.7,3.708682081410116,1253191.0
900,BHR,2014,24135.4991304849,-0.0056243416297423465,27.8,4.76473475565943,1314562.0
901,BHR,2015,23734.0551143019,-0.01677280826595151,28.3,4.174387269895637,1370322.0
902,BHR,2016,23715.2791328712,-0.0007914118378522517,28.3,3.1654750481410856,1423726.0
903,BHR,2017,23606.8867501313,-0.00458104865986364,28.3,5.119788607992779,1501116.0
904,BHR,2018,24059.7838641562,0.019003246394902362,28.7,4.065602093356446,1503091.0
905,BHR,2019,24873.6640060134,0.03326784599731525,28.2,5.245443876940969,1483756.0
906,BHR,2020,23586.9309581516,-0.05311678761833605,28.1,4.241326752570746,1472204.0
907,BHR,2021,24086.7847803428,0.020970555051736284,29.1,3.1135153092103742,1504365.0
908,BHR,2022,25234.40256182,0.04654490379485843,28.7,4.437934266612178,1524693.0
909,BHS,1961,19781.7873694885,0.052041112491235,25.0,6.8308742346461795,122197.0
910,BHS,1962,20778.7815847543,0.049170665343488906,24.9,6.841722308377699,128493.0
911,BHS,1963,21844.5348354201,0.05001841839003518,24.7,6.977281341630747,135087.0
912,BHS,1964,23039.9974219566,0.05328095562628832,25.2,6.94389432559801,141528.0
913,BHS,1965,24337.3736096222,0.0547814535155311,25.1,6.803838165562364,147952.0
914,BHS,1966,25358.8191829638,0.04111338885003235,24.7,7.144328250608008,154874.0
915,BHS,1967,26526.5283459697,0.04501873561632941,25.0,6.820125529021163,162267.0
916,BHS,1968,27437.8995482699,0.0337799509377632,24.2,7.13966033596492,170089.0
917,BHS,1969,28576.3578705961,0.040654475229684905,24.6,7.265359790738802,177981.0
918,BHS,1970,25941.4690195874,-0.09673691935667961,24.6,6.944954719971244,184982.0
919,BHS,1971,25551.8853149408,-0.015131705564204623,24.9,6.890812558251825,190857.0
920,BHS,1972,24004.4866448997,-0.06247034674822771,25.4,7.023224528788251,196055.0
921,BHS,1973,25212.0091300218,0.04907967736713914,25.1,7.013285780191601,200791.0
922,BHS,1974,20522.7753040588,-0.20578517388771544,25.2,6.752503993710846,205342.0
923,BHS,1975,17106.220493493,-0.18209309098400794,25.4,6.804503649171663,209886.0
924,BHS,1976,17606.0848407141,0.028802402970349306,24.6,6.902742737158593,214501.0
925,BHS,1977,18809.6241220619,0.06612408835569106,24.7,6.869326252362355,219157.0
926,BHS,1978,21034.8433988653,0.11181161199073841,24.9,6.977747650802172,223761.0
927,BHS,1979,26013.653376332,0.21244125782210865,25.0,7.077498053569231,228230.0
928,BHS,1980,27191.4849967295,0.044282342652275375,25.1,7.088742612762955,232526.0
929,BHS,1981,24256.2435568937,-0.11422982219184696,24.9,6.83701087445638,236614.0
930,BHS,1982,25450.8928287766,0.04807677355359452,25.6,6.950910549296065,240614.0
931,BHS,1983,25926.3208882951,0.018507879123852433,25.1,7.077413661822694,244698.0
932,BHS,1984,29104.9829954372,0.11565069328883126,24.9,7.018849326487724,248863.0
933,BHS,1985,29993.35702923,0.030066528308713814,25.1,7.033241899023553,253154.0
934,BHS,1986,30012.8270394236,0.000648933478407443,25.4,6.816188085456647,257536.0
935,BHS,1987,30389.4797086293,0.012471628040888305,25.3,7.107834890697795,261935.0
936,BHS,1988,30564.7731507657,0.005751655287729918,25.2,7.0138255427092036,266448.0
937,BHS,1989,32051.9777199439,0.04751074720298476,25.4,6.828820290893995,271178.0
938,BHS,1990,30995.4830715942,-0.03351740229253508,25.9,6.893149126592775,275945.0
939,BHS,1991,29192.9942606391,-0.05991272859350971,25.8,7.01238552806022,280731.0
940,BHS,1992,27565.9784622985,-0.05734640994940676,25.2,6.805168690207036,285927.0
941,BHS,1993,27137.178342536,-0.015677665701316457,25.4,7.0136456542395695,291339.0
942,BHS,1994,27503.6353912861,0.013413509725531014,26.0,7.022511516280326,296509.0
943,BHS,1995,28236.3753765914,0.026292861717948313,25.5,7.220666405479694,301461.0
944,BHS,1996,28967.0480464753,0.025547855977853473,25.1,7.068342343630086,306268.0
945,BHS,1997,28902.571896854,-0.002228325548493615,25.7,7.045515218686623,310904.0
946,BHS,1998,29837.4381789441,0.03183333560853896,25.9,6.9071550989101045,315368.0
947,BHS,1999,31544.3540604454,0.055630701110024106,25.4,6.860663671448287,319614.0
948,BHS,2000,32424.7271786716,0.027526695399926027,25.2,6.942156705699469,323835.0
949,BHS,2001,32870.0918307285,0.013641865179312873,25.3,7.08053142293256,327836.0
950,BHS,2002,33374.602685914,0.015232030680376596,25.7,7.00669522683704,331614.0
951,BHS,2003,32559.311554898,-0.024731815088186337,25.6,6.971011728617152,335618.0
952,BHS,2004,32444.0739567569,-0.0035455912936566136,25.4,6.673929879321067,339782.0
953,BHS,2005,33144.7878790275,0.02136767015909058,25.4,7.034564125845833,343894.0
954,BHS,2006,33541.850748701,0.011908459330687293,25.4,6.903446007394039,348375.0
955,BHS,2007,33549.3360007274,0.00022313667174955754,25.8,7.165570751827624,353334.0
956,BHS,2008,32331.8246135092,-0.0369650445786025,25.5,6.940125659012588,358120.0
957,BHS,2009,30581.3342198488,-0.05566219728710742,25.6,6.913240209212707,362810.0
958,BHS,2010,30657.4319059659,0.002485279508395166,24.8,7.011033628435639,367478.0
959,BHS,2011,30492.6738528071,-0.005388656316975826,25.8,6.9976873864827445,371729.0
960,BHS,2012,31553.4919490645,0.03419780949318074,25.6,7.042373580706898,375469.0
961,BHS,2013,30368.2631244189,-0.03828617578717264,25.8,6.952633037760223,378953.0
962,BHS,2014,30658.5344563722,0.009512985524766648,25.8,7.004246579170898,382298.0
963,BHS,2015,30719.405417469,0.0019834807482439487,26.5,6.92706759001451,385346.0
964,BHS,2016,30152.1619246021,-0.018637926964318652,26.0,7.1493672345793895,388055.0
965,BHS,2017,30974.7477261317,0.026915656819483047,26.2,7.018401799069201,390485.0
966,BHS,2018,31537.2423841956,0.01799686233155029,26.0,7.011394313741623,392717.0
967,BHS,2019,31117.6299132391,-0.013394608569164745,26.4,7.1548497044521335,394675.0
968,BHS,2020,24791.6704945106,-0.22726680721151382,26.5,7.225918058687505,395863.0
969,BHS,2021,29114.0597726386,0.1607134815971012,26.0,6.896795438745795,396373.0
970,BHS,2022,32186.4575039237,0.10032457847663068,26.2,7.068086817884477,397538.0
971,BIH,1991,715.900061170044,-0.10031850982042378,9.7,6.988505428667246,4458343.0
972,BIH,1992,705.206668516429,-0.015049671162145728,11.0,6.841188034710024,4234616.0
973,BIH,1993,748.150027169041,0.05911262225944647,10.2,6.880692359432448,3904482.0
974,BIH,1994,871.398487189453,0.15249584866841914,11.5,6.794586580876499,3725412.0
975,BIH,1995,1013.22444430671,0.15079366606923372,10.3,7.077751186085455,3715564.0
976,BIH,1996,1498.0059275225,0.39099707734490163,9.6,7.107179743675754,3875246.0
977,BIH,1997,1974.057421178,0.27595618728606564,10.2,6.863907879201861,4018227.0
978,BIH,1998,2262.03263639383,0.13617277637295278,10.6,6.971480969862681,4089356.0
979,BIH,1999,2452.85188377919,0.08098757608587803,10.7,7.124961237629593,4130305.0
980,BIH,2000,2567.34137094619,0.0456194956543019,11.7,6.715746956598639,4159771.0
981,BIH,2001,2617.18230350812,0.01922740493421493,10.7,6.953206541886054,4179438.0
982,BIH,2002,2743.13878615838,0.047004524782293444,11.4,7.02384799796899,4188002.0
983,BIH,2003,2855.68314939849,0.040208289074930015,10.7,6.691587341404353,4178523.0
984,BIH,2004,3063.83543448936,0.07035644483018455,10.4,7.091742115095153,4140987.0
985,BIH,2005,3217.81341615345,0.04903452451638479,10.0,7.096307385526727,4096493.0
986,BIH,2006,3419.75887457192,0.0608679784958035,10.7,6.831090194046651,4063272.0
987,BIH,2007,3665.08966529499,0.06928275625347347,11.7,6.914631582921569,4013424.0
988,BIH,2008,3929.03297717336,0.06954053348376021,11.5,6.92195399838195,3947544.0
989,BIH,2009,3877.53540078456,-0.013193587992025968,11.4,7.008685997560578,3879794.0
990,BIH,2010,3981.20985692032,0.0263860114303327,10.5,7.2719816390737035,3811472.0
991,BIH,2011,4094.25329541877,0.027998597983639684,11.2,6.586723226848802,3741798.0
992,BIH,2012,4139.91732773657,0.011091463255080924,11.5,6.85940501804109,3670113.0
993,BIH,2013,4306.73175072214,0.039503503476856494,11.3,7.089409946788388,3610859.0
994,BIH,2014,4412.67617817734,0.024302026559100298,12.0,7.257214250300562,3564829.0
995,BIH,2015,4662.25869219448,0.05501868007724653,11.8,6.884281922796495,3518541.0
996,BIH,2016,4876.53471495633,0.044934839625584644,11.3,7.038783541388542,3473003.0
997,BIH,2017,5099.81602856447,0.0447695980182754,11.4,6.8289284984361664,3428682.0
998,BIH,2018,5360.25201017633,0.04980652455225254,12.2,6.923333308945455,3387000.0
999,BIH,2019,5583.29721276458,0.04076850942504606,12.3,7.082800426805315,3345533.0
1000,BIH,2020,5490.75366635139,-0.016713974281591604,11.8,6.877089864671252,3299349.0
1001,BIH,2021,5995.54197590494,0.08795066310307398,11.2,6.94822521153585,3244907.0
1002,BIH,2022,6327.16206849174,0.0538356161659852,12.2,6.7071068054952985,3204802.0
1003,BLR,1991,2852.83085924888,-0.012533894031829362,6.9,6.331679770008029,10194050.0
1004,BLR,1992,2573.29955103215,-0.1031228378022977,7.2,6.352629396319567,10216470.0
1005,BLR,1993,2372.48516910385,-0.08125094713077896,6.1,6.486922693742851,10239050.0
1006,BLR,1994,2097.38187007503,-0.1232481619332697,6.7,6.4165688704684944,10226955.0
1007,BLR,1995,1885.36062660186,-0.10657072193215367,6.9,6.412310757254448,10193831.0
1008,BLR,1996,1944.68700512976,0.030981924859527332,5.5,6.362683216487555,10159569.0
1009,BLR,1997,2175.40374180154,0.11211323441984433,6.3,6.517523551514562,10117433.0
1010,BLR,1998,2368.78330877851,0.08516217577486884,6.5,6.675066314824396,10071963.0
1011,BLR,1999,2460.36944195798,0.03793506682295611,7.7,6.3846883687937925,10026738.0
1012,BLR,2000,2615.36376799462,0.061091677735824135,7.9,6.453624998892692,9979610.0
1013,BLR,2001,2753.0336970697,0.05130027015061067,7.0,6.502190165873639,9928549.0
1014,BLR,2002,2910.39937484153,0.05558684776754852,7.6,6.317345175873304,9865548.0
1015,BLR,2003,3137.26261430575,0.07506032683630348,6.6,6.4165688704684944,9796749.0
1016,BLR,2004,3520.40452642524,0.11522526447040704,6.8,6.541318557841451,9730146.0
1017,BLR,2005,3877.71738911289,0.09667077345591935,6.9,6.45833828334479,9663915.0
1018,BLR,2006,4291.68647163264,0.10143309387763111,7.0,6.403905268952571,9604924.0
1019,BLR,2007,4682.20676719042,0.087089757624085,7.8,6.460686621018898,9560953.0
1020,BLR,2008,5177.64534775676,0.10058085661031235,8.0,6.523415452488921,9527985.0
1021,BLR,2009,5200.77418555423,0.004457109488139821,7.2,6.71295620067707,9504583.0
1022,BLR,2010,5616.0941173307,0.07682892902410643,6.7,6.58727449477897,9483836.0
1023,BLR,2011,5941.68999156239,0.05635717790615402,7.5,6.350187392664015,9461643.0
1024,BLR,2012,6052.6373706236,0.01850050280879678,6.9,6.649761450232181,9446836.0
1025,BLR,2013,6115.43288098707,0.010321450574066304,7.6,6.510555915291006,9443211.0
1026,BLR,2014,6212.91667418659,0.015814902809184517,7.8,6.351234695954017,9448515.0
1027,BLR,2015,5967.05595058777,-0.04037679429961116,8.5,6.290642784698189,9461076.0
1028,BLR,2016,5811.20159182547,-0.026466301257173086,7.7,6.5771657055190795,9469379.0
1029,BLR,2017,5964.89668834561,0.026104371851136676,7.6,6.634370511231181,9458989.0
1030,BLR,2018,6165.91320019277,0.03314451643901073,7.9,6.389065480159345,9438785.0
1031,BLR,2019,6267.73508743505,0.016378807112770843,8.7,6.3597468640884305,9419758.0
1032,BLR,2020,6251.98898968645,-0.0025154078403151203,9.0,6.407209964623703,9379952.0
1033,BLR,2021,6457.73053706343,0.032378294547518394,7.2,6.535241271013659,9302585.0
1034,BLR,2022,6206.61909685419,-0.03966162717634347,7.8,6.54405572010644,9228071.0
1035,BLZ,1961,1592.32816408951,0.022739419319035115,25.3,7.82839653359355,93632.0
1036,BLZ,1962,1628.32371642474,0.022353891424724992,25.1,7.5927190667340625,96042.0
1037,BLZ,1963,1662.93876848162,0.021035288791643403,25.2,7.535723733517088,98704.0
1038,BLZ,1964,1696.26336170539,0.019841429720719894,25.3,7.540090320145325,101603.0
1039,BLZ,1965,1727.66189869359,0.01834118142080854,25.2,7.6093665379542115,104675.0
1040,BLZ,1966,1755.8870613618,0.016205186531774274,24.9,7.784889295655098,107906.0
1041,BLZ,1967,1786.43037420541,0.01724524713374631,25.1,7.577838519943531,111272.0
1042,BLZ,1968,1860.50602649634,0.04062908355521344,25.0,7.6440577298560095,114713.0
1043,BLZ,1969,1900.39366825897,0.021212550550887777,25.5,7.779676063120352,118040.0
1044,BLZ,1970,1947.28337120936,0.02437419974896393,25.1,7.598198807967767,120736.0
1045,BLZ,1971,1990.27838004651,0.021839260143194927,25.3,7.475962624986233,122805.0
1046,BLZ,1972,2160.73117303141,0.08217215202550321,25.7,7.632643345326145,124676.0
1047,BLZ,1973,2244.52416379583,0.038046874514174434,25.5,7.571010101677046,126445.0
1048,BLZ,1974,2514.28245942935,0.11349391347974347,25.3,7.582076355292033,128185.0
1049,BLZ,1975,2560.62896763855,0.018265460355505247,25.5,7.491980052317896,130387.0
1050,BLZ,1976,2507.60067754992,-0.020926528182111603,25.1,7.715926136110864,133099.0
1051,BLZ,1977,2615.71835693721,0.04221237546155887,25.4,7.655816690419474,135887.0
1052,BLZ,1978,2765.39333253554,0.05564411286095261,25.4,7.760722750989523,138713.0
1053,BLZ,1979,2911.04475865766,0.051329161404834345,25.5,7.904999073261958,141678.0
1054,BLZ,1980,3187.40426576851,0.090694835421254,25.7,7.8230054696810445,145062.0
1055,BLZ,1981,3142.84461313484,-0.01407855819957149,25.5,7.751862339893023,148786.0
1056,BLZ,1982,3062.06719907974,-0.02603807443085948,25.7,7.806737071733655,152548.0
1057,BLZ,1983,2924.44059348213,-0.04598703083276323,25.8,7.70251094513018,156297.0
1058,BLZ,1984,2912.4123618248,-0.004121484223098548,25.4,7.782682202914985,160044.0
1059,BLZ,1985,2874.33886277887,-0.013159041046796993,25.8,7.595789410155259,163796.0
1060,BLZ,1986,2937.64707960299,0.021786260837202143,25.7,7.548292509269785,167554.0
1061,BLZ,1987,3180.92991680315,0.07956463284248283,25.7,7.487173694213739,171338.0
1062,BLZ,1988,3415.7025806129,0.07120962485910098,25.8,7.843574090663838,175180.0
1063,BLZ,1989,3775.4795508791,0.10014420240789335,25.8,7.750442526811657,179107.0
1064,BLZ,1990,4112.59517532713,0.08552685078199218,25.8,7.8094601525278735,183076.0
1065,BLZ,1991,4499.57971281862,0.08992973650268432,25.8,7.60230148045579,187040.0
1066,BLZ,1992,4967.92710478843,0.09901867631127104,25.6,7.792761720816526,190983.0
1067,BLZ,1993,5166.82867390165,0.03925641943018299,25.6,7.7800941233271095,194902.0
1068,BLZ,1994,5056.95201193832,-0.02149515838450533,25.9,7.532302368049826,199097.0
1069,BLZ,1995,4967.96153818049,-0.017754329930950163,26.1,7.76582350165587,204146.0
1070,BLZ,1996,4875.65675023061,-0.018754789316890452,25.6,7.605840248571706,210310.0
1071,BLZ,1997,4915.3403407039,0.008106183140673906,26.0,7.680822082717956,217446.0
1072,BLZ,1998,4931.45499103616,0.003273078027065779,26.3,7.812054398003914,225173.0
1073,BLZ,1999,5213.5662826521,0.05563005428403045,25.6,7.670381879311885,233059.0
1074,BLZ,2000,5663.64632374973,0.08280378277703981,25.7,7.658841124462528,240799.0
1075,BLZ,2001,5764.99055491104,0.017735603768482378,26.0,7.67368812926773,248379.0
1076,BLZ,2002,5895.15235037898,0.0223268622857411,26.2,7.570649416371062,256009.0
1077,BLZ,2003,6274.47428279313,0.06235932421836665,26.3,7.5684825682859715,263780.0
1078,BLZ,2004,6383.07432412662,0.017160148406906828,26.2,7.574455809527099,271688.0
1079,BLZ,2005,6337.12389222378,-0.007224829518920117,26.1,7.680960551712661,279731.0
1080,BLZ,2006,6435.58767337678,0.01541814065076963,26.1,7.94346326600385,287878.0
1081,BLZ,2007,6465.82885846045,0.004688049625446666,26.1,7.623935158652655,296100.0
1082,BLZ,2008,6187.95885023655,-0.04392592827852404,25.9,7.755038853553013,304361.0
1083,BLZ,2009,5997.68447156383,-0.03123180942406023,26.3,7.518227122873174,312614.0
1084,BLZ,2010,5937.75398343789,-0.010042528731350586,25.7,7.7496672328071945,320245.0
1085,BLZ,2011,5802.24344531492,-0.02308630092329622,26.1,7.813389430667764,327298.0
1086,BLZ,2012,5902.74234696881,0.01717240381392493,26.3,7.6517381492445775,334414.0
1087,BLZ,2013,6013.07879895362,0.01851984924236838,26.2,7.943818177989404,341627.0
1088,BLZ,2014,6116.49578852783,0.01705245222493268,26.1,7.732062292240104,348923.0
1089,BLZ,2015,6154.62264230369,0.006214099664971329,26.6,7.534067971354859,356333.0
1090,BLZ,2016,6012.21296983668,-0.023410553238907283,26.6,7.6529729518330845,364705.0
1091,BLZ,2017,5767.61921963762,-0.04153351359724056,26.5,7.6849218650456566,373202.0
1092,BLZ,2018,5707.61059954436,-0.010458904624979226,26.0,7.757863472395844,380226.0
1093,BLZ,2019,5864.14611827109,0.02705640495806172,26.5,7.322312263768519,385829.0
1094,BLZ,2020,5006.48453276935,-0.1581229033926057,26.7,7.617120237564916,390812.0
1095,BLZ,2021,5839.40157956017,0.15389434360533194,26.5,7.612682798077613,395346.0
1096,BLZ,2022,6262.56088273674,0.06996086582160821,26.1,7.962589820304351,402733.0
1097,BMU,1961,40887.2553277031,0.024291170430291942,21.1,7.398847473057739,43123.0
1098,BMU,1962,41637.3631417601,0.018179507805822226,21.1,7.61933159501045,44239.0
1099,BMU,1963,41060.9761296957,-0.013939732056366338,20.7,7.52385941504377,45340.0
1100,BMU,1964,44570.9985986152,0.08202520732225338,20.6,7.219568831008846,46410.0
1101,BMU,1965,45658.5944548796,0.02410846589200233,20.5,7.118259286749883,47461.0
1102,BMU,1966,51062.4081514285,0.1118567160968702,20.7,7.3267287371150935,48534.0
1103,BMU,1967,56696.1527093867,0.1046577811110172,20.6,7.193234927878718,49514.0
1104,BMU,1968,56867.5774623567,0.0030190076164924307,20.7,7.279801477544857,50404.0
1105,BMU,1969,57787.6562270768,0.01604983018787287,20.9,7.332172980006988,51306.0
1106,BMU,1970,60471.255277804,0.04539293997072846,20.5,7.302698559630719,52124.0
1107,BMU,1971,61975.665563665,0.024573684335065238,21.1,7.176025147912457,52607.0
1108,BMU,1972,62864.8733493888,0.014245738307112177,21.3,7.319069911879193,52803.0
1109,BMU,1973,63625.2779332653,0.012023287765082102,21.1,7.086152478883935,52946.0
1110,BMU,1974,64050.3241864199,0.006658246624541064,21.8,7.281729719998931,53056.0
1111,BMU,1975,66372.4924551379,0.03561361060633139,21.9,7.0725067145826275,53129.0
1112,BMU,1976,72195.1610959722,0.08409032242656167,21.8,7.2296938401120086,53210.0
1113,BMU,1977,76292.2393841989,0.05519819842445983,21.2,7.4065892898957495,53322.0
1114,BMU,1978,77242.7029002796,0.012381229232509838,21.4,7.305524180455831,53431.0
1115,BMU,1979,78775.0614273019,0.019644016946370968,21.4,7.016161152825924,53517.0
1116,BMU,1980,84785.7462251032,0.07353097427682265,21.4,7.4133673356952405,53673.0
1117,BMU,1981,86283.5987978388,0.017512089633822114,20.6,7.227299324582662,53997.0
1118,BMU,1982,81137.1319313892,-0.06149882134238105,22.3,7.181972100480348,54387.0
1119,BMU,1983,82177.8355724679,0.012744915472072904,21.9,7.584671446431665,54777.0
1120,BMU,1984,81986.7194401669,-0.0023283493641645947,21.7,7.43867760444725,55169.0
1121,BMU,1985,79797.3827166062,-0.027066570220506847,21.5,7.416318345093869,55547.0
1122,BMU,1986,84596.3528723121,0.05840044954616452,21.7,7.518281430853746,55889.0
1123,BMU,1987,87182.1874028497,0.03010888171873738,21.3,7.272884385567427,56265.0
1124,BMU,1988,90024.0922838766,0.03207728940493482,22.4,7.4918127769543785,56699.0
1125,BMU,1989,89743.0558156557,-0.0031266747027505204,22.6,7.198108779989077,57129.0
1126,BMU,1990,89089.7346423608,-0.0073065356538570825,22.4,7.085650386823178,57559.0
1127,BMU,1991,85311.0494288592,-0.04334013399057035,22.4,7.313220387090301,57984.0
1128,BMU,1992,84642.6084927299,-0.007866195892015426,22.2,7.313220387090301,58407.0
1129,BMU,1993,86582.8344997142,0.022663793671355847,22.3,7.313220387090301,58816.0
1130,BMU,1994,86545.7823557807,-0.00042803027220195133,22.3,7.313220387090301,59194.0
1131,BMU,1995,89849.1250139813,0.03745832517460279,21.5,7.313220387090301,59526.0
1132,BMU,1996,91743.2962338679,0.02086254380955843,21.4,7.313220387090301,59813.0
1133,BMU,1997,95383.0225110365,0.038906182822699975,21.3,7.313220387090301,60177.0
1134,BMU,1998,98347.9089816051,0.03061068210172202,21.4,7.313220387090301,60639.0
1135,BMU,1999,100867.914579743,0.02530060089841868,21.4,7.313220387090301,61124.0
1136,BMU,2000,109502.763102809,0.08213789823661521,21.4,7.313220387090301,61550.0
1137,BMU,2001,116809.925253071,0.06459826051180784,21.4,7.271912163268625,61867.0
1138,BMU,2002,114574.433608566,-0.019323356294668415,21.5,7.313220387090301,62142.0
1139,BMU,2003,118018.831592635,0.029619514529731106,21.4,7.341483852363161,62386.0
1140,BMU,2004,120432.12052555,0.020242077567797168,21.4,7.28248622772044,62555.0
1141,BMU,2005,122143.799577518,0.01411275662254674,21.3,7.249783481174031,62711.0
1142,BMU,2006,128662.931924261,0.05199701818905389,21.4,7.313220387090301,62834.0
1143,BMU,2007,132595.482654866,0.030106955831858073,21.4,7.313220387090301,63010.0
1144,BMU,2008,129525.177139097,-0.023427729406545694,21.4,7.238855971801439,63300.0
1145,BMU,2009,121727.584908744,-0.0620896428182629,21.5,7.2693381592734525,63565.0
1146,BMU,2010,118382.908990645,-0.027861275197807345,20.9,7.0512493786208665,63725.0
1147,BMU,2011,113937.835700983,-0.03827136349396909,21.5,6.922348281285037,63733.0
1148,BMU,2012,108040.575659203,-0.05314614168071863,21.6,7.194511923357417,63646.0
1149,BMU,2013,107860.394791964,-0.001669106986350144,21.2,7.365686326993603,63574.0
1150,BMU,2014,103941.982606956,-0.03700486619692711,21.9,7.480428306074208,63529.0
1151,BMU,2015,104855.366822135,0.008749057820855555,22.0,7.2602414622994145,63464.0
1152,BMU,2016,104190.876720334,-0.006357371733177075,22.1,7.564030984766178,63449.0
1153,BMU,2017,107734.608357327,0.03344630288972006,22.0,7.184022448618619,63578.0
1154,BMU,2018,106843.163739391,-0.008308873168010322,22.0,7.32297267853298,63831.0
1155,BMU,2019,106709.881238843,-0.0012482380465907994,22.1,7.363850128041624,64107.0
1156,BMU,2020,98846.4458079644,-0.07654616813146475,21.9,7.223587394850264,64382.0
1157,BMU,2021,103130.365845318,0.0424262821779795,21.9,7.325675828357647,64648.0
1158,BMU,2022,109412.251159598,0.05912899298284202,22.1,7.298309774354547,64749.0
1159,BOL,1961,1277.28494600681,0.0002499162275055866,21.6,6.972043768864499,3778731.0
1160,BOL,1962,1321.00916240086,0.03365927227008925,21.1,6.869637956869009,3857493.0
1161,BOL,1963,1381.64409719512,0.04487820335002546,21.7,6.875025454359218,3938913.0
1162,BOL,1964,1406.29044585465,0.017681183229210085,21.2,7.008685997560578,4022996.0
1163,BOL,1965,1444.227124249,0.026618968309583657,21.4,6.982120360937444,4109796.0
1164,BOL,1966,1514.70697855698,0.047647690397575104,21.6,6.933910236458988,4199550.0
1165,BOL,1967,1575.49636091837,0.03934836565698596,21.7,6.921263629006929,4292572.0
1166,BOL,1968,1672.33210629174,0.059648750685689755,21.3,6.983048263017569,4388944.0
1167,BOL,1969,1708.5035945778,0.021398773405372218,21.9,6.931471805599453,4488232.0
1168,BOL,1970,1758.01016303384,0.028564683757825726,21.7,6.957877888385347,4590010.0
1169,BOL,1971,1805.97392288434,0.026917435467928463,21.0,6.987951820976414,4694342.0
1170,BOL,1972,1906.55558469892,0.05419823951854674,21.5,7.069533934544762,4800978.0
1171,BOL,1973,1971.13272228746,0.03331010818840774,21.5,7.093902840609621,4910200.0
1172,BOL,1974,1983.71650349277,0.006363743826497625,20.9,7.0593598631140315,5022475.0
1173,BOL,1975,2081.06944174206,0.04790980899663655,21.1,7.087406607220212,5137539.0
1174,BOL,1976,2127.83294834946,0.02222215041781883,20.8,7.048386408721883,5256496.0
1175,BOL,1977,2182.6753696963,0.025447291488282175,21.2,7.156644546714762,5379166.0
1176,BOL,1978,2176.90982838503,-0.002644996902513519,21.1,7.132257906333978,5504123.0
1177,BOL,1979,2130.7544762349,-0.021430230071181278,21.0,7.143064527195218,5630849.0
1178,BOL,1980,2054.79726888192,-0.036298940727580664,21.2,7.108816807150144,5758900.0
1179,BOL,1981,2015.24576097774,-0.01943603676229788,20.9,7.246154229725626,5888109.0
1180,BOL,1982,1894.05947270986,-0.06201875885032049,21.2,7.245940333607025,6018088.0
1181,BOL,1983,1778.78743473746,-0.06279047912586844,21.6,7.111919863698544,6149060.0
1182,BOL,1984,1737.68727853715,-0.023376836874291484,21.3,7.24658188475709,6281868.0
1183,BOL,1985,1672.78978179769,-0.03806231818541406,21.5,7.100687014888107,6416185.0
1184,BOL,1986,1595.83503432803,-0.047095628935765355,21.6,7.088492247645854,6552479.0
1185,BOL,1987,1601.0183471055,0.0032427619919443984,22.0,7.033241899023553,6692162.0
1186,BOL,1988,1613.04847152277,0.007485955505156738,21.7,7.024204091625384,6835508.0
1187,BOL,1989,1639.11334017591,0.01602960016738475,21.1,6.939641467844459,6981766.0
1188,BOL,1990,1679.40847944141,0.024286186444346214,21.3,7.081372395145945,7130142.0
1189,BOL,1991,1731.39514136336,0.03048588776163985,21.5,7.06373286043649,7280289.0
1190,BOL,1992,1724.3633452511,-0.004069616464470016,21.3,7.089076335442508,7430336.0
1191,BOL,1993,1762.66830964982,0.021970838840173812,21.4,7.046908340374713,7579195.0
1192,BOL,1994,1809.57065115273,0.026260861849550565,21.8,7.042460981834428,7727322.0
1193,BOL,1995,1858.78185214476,0.02683174713948766,21.5,6.79794041297493,7874676.0
1194,BOL,1996,1904.28702213594,0.024186316957374387,21.0,7.018938807942752,8021736.0
1195,BOL,1997,1962.86404301605,0.030296981169375847,21.6,7.08799132928507,8167900.0
1196,BOL,1998,2025.5033470495,0.0314135830176685,21.6,7.075216972869067,8313394.0
1197,BOL,1999,1998.94533975051,-0.013198524767408237,21.1,7.070129197966396,8459806.0
1198,BOL,2000,2014.19024634132,0.007597540424451488,21.2,7.116881038528143,8606326.0
1199,BOL,2001,2013.84581094568,-0.00017101902345473263,21.2,7.122221289102659,8752736.0
1200,BOL,2002,2029.66993705968,0.00782695450388271,21.5,7.03816931770407,8900355.0
1201,BOL,2003,2050.07133419082,0.010001402458512665,21.1,7.0575536440705315,9050700.0
1202,BOL,2004,2099.9908107392,0.024058379170163846,21.5,7.074370805954474,9204287.0
1203,BOL,2005,2156.18670353603,0.02640827760350195,21.3,6.9513893160021984,9360754.0
1204,BOL,2006,2221.42722588941,0.029808637375969838,21.4,7.137119442109403,9521689.0
1205,BOL,2007,2283.42733535297,0.027527647665539057,21.1,7.095893221097532,9685960.0
1206,BOL,2008,2383.25032547517,0.042787707432986544,20.8,7.069278713138808,9850858.0
1207,BOL,2009,2422.57579380245,0.016366112765370033,21.3,7.152895128168243,10016275.0
1208,BOL,2010,2481.4070083834,0.023994389664598437,21.4,6.998144278709818,10182345.0
1209,BOL,2011,2568.52051674406,0.03450431733504278,21.3,7.080783788864499,10348929.0
1210,BOL,2012,2657.2388497837,0.033957498549651355,21.4,7.054190557211683,10515807.0
1211,BOL,2013,2793.51457124054,0.050012948752812036,21.1,7.095644640079555,10682608.0
1212,BOL,2014,2900.90241571477,0.0377213603925286,21.6,7.134811167116262,10848888.0
1213,BOL,2015,2996.01289811344,0.0322605043376738,21.8,6.999787364428631,11014705.0
1214,BOL,2016,3077.57057582774,0.02685814090062344,21.4,6.897805948128469,11180020.0
1215,BOL,2017,3160.16421247588,0.02648348056439076,21.6,7.037291200331171,11344587.0
1216,BOL,2018,3204.53670838005,0.013943534934323765,21.2,7.151485463904735,11508368.0
1217,BOL,2019,3207.38695231128,0.0008890449324727712,21.6,6.904851065834747,11671386.0
1218,BOL,2020,2765.09271788602,-0.14838240498738386,21.9,6.884281922796495,11816299.0
1219,BOL,2021,3011.55110825301,0.08538109728493026,21.4,7.008143453013405,11937360.0
1220,BOL,2022,3088.24126173436,0.02514649352426268,21.3,6.797828799603533,12077154.0
1221,BRA,1961,2743.38888844205,0.05232998129821542,24.9,7.431477384483148,74605447.0
1222,BRA,1962,2838.47229916639,0.03407200784523745,24.6,7.47255759360486,76865323.0
1223,BRA,1963,2772.5799490463,-0.023487708339450464,25.0,7.409257575287244,79164235.0
1224,BRA,1964,2785.07443212682,0.0044963228274275124,24.5,7.551659692963631,81488595.0
1225,BRA,1965,2772.67176390786,-0.004463208059578783,24.7,7.5059872017457945,83817583.0
1226,BRA,1966,2878.69979349639,0.037527340576922086,24.8,7.478226221674568,86139359.0
1227,BRA,1967,2921.3724263796,0.014714783277343102,24.7,7.459742039753069,88446124.0
1228,BRA,1968,3126.53548183139,0.06787200180481712,24.3,7.470338089520966,90741240.0
1229,BRA,1969,3338.76247436022,0.0656747049722668,25.0,7.440557635551497,93045777.0
1230,BRA,1970,3595.95086280878,0.07420823044182612,24.8,7.467885220432271,95375651.0
1231,BRA,1971,3907.01225977893,0.08296450185537729,24.4,7.498980469816699,97739273.0
1232,BRA,1972,4268.38384697753,0.08846231145691519,24.8,7.510977752014095,100146797.0
1233,BRA,1973,4748.26246385619,0.10654348861771545,25.0,7.566776744812707,102600976.0
1234,BRA,1974,5013.81724730208,0.05441879654444115,24.4,7.56734567601324,105089675.0
1235,BRA,1975,5148.9106187339,0.02658761136900445,24.5,7.534922900608107,107619565.0
1236,BRA,1976,5543.43637942576,0.07382943159979583,24.4,7.4833006574619025,110213349.0
1237,BRA,1977,5679.78590996985,0.024298946559174084,24.9,7.515834647152018,112875292.0
1238,BRA,1978,5821.49131249962,0.024642928064791292,24.7,7.509390059035975,115600942.0
1239,BRA,1979,6069.05474310333,0.04164639875144438,24.7,7.4703950614623,118380821.0
1240,BRA,1980,6472.85214591952,0.0644139707079141,25.0,7.466799475018602,121207461.0
1241,BRA,1981,6055.09781428103,-0.06671630646646243,24.8,7.414813816178884,124063109.0
1242,BRA,1982,5967.77899586532,-0.014525700481803128,24.9,7.4634777836304105,126923155.0
1243,BRA,1983,5664.96368501244,-0.05207434664507815,25.1,7.450428346187247,129790077.0
1244,BRA,1984,5841.74986464143,0.03072990226834449,24.9,7.501468789826597,132658864.0
1245,BRA,1985,6167.51343658643,0.05426536171536611,24.8,7.578196622006445,135515595.0
1246,BRA,1986,6494.28087914562,0.05162617681607351,24.9,7.482344123417947,138336370.0
1247,BRA,1987,6591.60882870649,0.014875525694442615,25.3,7.4261323189009625,141104944.0
1248,BRA,1988,6463.00545238554,-0.019703000629863965,25.1,7.496208388427417,143826357.0
1249,BRA,1989,6545.42575572846,0.012671997866483764,24.8,7.590346945602565,146502972.0
1250,BRA,1990,6149.86788926381,-0.06233584761045918,25.1,7.424821390337582,149143223.0
1251,BRA,1991,6107.64883675747,-0.006888706808421574,25.0,7.458993213359389,151724256.0
1252,BRA,1992,5973.98285622586,-0.022128043300147837,24.9,7.444774826830603,154275079.0
1253,BRA,1993,6167.46092178931,0.03187338319179034,25.0,7.432424634568778,156794577.0
1254,BRA,1994,6427.16901943704,0.04124693113386613,25.2,7.525316472585487,159265006.0
1255,BRA,1995,6596.33572674819,0.025980137554517668,25.3,7.484649502717833,161735073.0
1256,BRA,1996,6640.7270065575,0.006707144495464945,25.1,7.510649470564521,164202549.0
1257,BRA,1997,6764.85842091319,0.018519886797028207,25.3,7.481668371618384,166661659.0
1258,BRA,1998,6687.49523550242,-0.011501933457640945,25.7,7.460777951447916,169159655.0
1259,BRA,1999,6621.63676249539,-0.009896815294810679,25.2,7.5116339917839,171641543.0
1260,BRA,2000,6817.784240857,0.029191943217970362,25.1,7.58049564976442,174018282.0
1261,BRA,2001,6823.03396999891,0.0007697088722888878,25.4,7.47896078873684,176301203.0
1262,BRA,2002,6944.62337495755,0.01766350849900178,25.7,7.499921229687969,178503484.0
1263,BRA,2003,6941.4404574508,-0.0004584333762114312,25.5,7.460432766770688,180622688.0
1264,BRA,2004,7258.78185165912,0.04470271403900661,25.4,7.514418216320305,182675143.0
1265,BRA,2005,7409.56913232718,0.020560265102067987,25.6,7.518227122873174,184688101.0
1266,BRA,2006,7622.04007133264,0.028271768930094865,25.5,7.536630569521942,186653106.0
1267,BRA,2007,8003.25413096047,0.048804165579838354,25.6,7.470338089520966,188552320.0
1268,BRA,2008,8330.76459841304,0.04010701514853565,25.3,7.561121589530238,190367302.0
1269,BRA,2009,8246.09706995094,-0.010215234513815119,25.5,7.5816176981302155,192079951.0
1270,BRA,2010,8792.63436120342,0.06417436061408033,25.7,7.4812739720865515,193701929.0
1271,BRA,2011,9067.99316348047,0.030836612136296182,25.4,7.544490825616119,195284734.0
1272,BRA,2012,9167.49923929815,0.010913559257248906,25.6,7.417340133311995,196876111.0
1273,BRA,2013,9366.73932434359,0.021500506703635125,25.5,7.517792552819076,198478299.0
1274,BRA,2014,9338.34278278114,-0.003036240441488758,25.7,7.463707220364237,200085127.0
1275,BRA,2015,8936.19661712113,-0.044018739911305005,26.0,7.366508357455018,201675532.0
1276,BRA,2016,8577.84376650911,-0.04092749168433585,25.8,7.386284957947306,203218114.0
1277,BRA,2017,8628.25308908043,0.0058594889035159525,25.8,7.41119368431411,204703445.0
1278,BRA,2018,8722.33630317935,0.010845065156763312,25.6,7.491924296972337,206107261.0
1279,BRA,2019,8771.44051292177,0.005613920792862714,25.9,7.432424634568778,207455459.0
1280,BRA,2020,8435.01143254978,-0.039109976137408964,25.9,7.455992287746274,208660842.0
1281,BRA,2021,8799.22945810901,0.04227308470443347,25.5,7.488237553884615,209550294.0
1282,BRA,2022,9032.08481566299,0.026119061305216462,25.5,7.449672510225802,210306415.0
1283,BRB,1961,9019.78982572461,0.06442813137458003,25.6,7.362772165919549,233148.0
1284,BRB,1962,9750.23303428194,0.07787015279051346,25.7,7.381626419754362,235224.0
1285,BRB,1963,9164.18289418954,-0.061988463384695436,25.8,7.426668112930747,237557.0
1286,BRB,1964,9526.55352828723,0.038780285504609324,25.5,7.343232161158273,239958.0
1287,BRB,1965,10508.2157426009,0.09807439508798765,25.6,7.321849713788356,242417.0
1288,BRB,1966,10813.8533654578,0.02867062828880762,25.7,7.744006636510534,244996.0
1289,BRB,1967,11862.5906214948,0.09256177205919869,25.5,7.490026763196146,247091.0
1290,BRB,1968,12609.7513880513,0.06108063109059181,25.5,7.315151853940049,248540.0
1291,BRB,1969,13508.6692487242,0.06886121159319636,26.1,7.565482514310822,249444.0
1292,BRB,1970,14796.6442009228,0.0910687659632341,25.9,7.648024566610817,249387.0
1293,BRB,1971,15389.1098153584,0.03925969254174255,25.6,7.341548659077159,249168.0
1294,BRB,1972,15554.5476869443,0.010692947199641978,25.8,7.416378479192928,249658.0
1295,BRB,1973,15721.2746681701,0.010661817854803246,25.9,7.138787631716584,250322.0
1296,BRB,1974,14962.9056843512,-0.049440685551784824,25.5,7.2640301428995295,250777.0
1297,BRB,1975,14655.3514455028,-0.02076862877876806,25.5,7.425417480007116,251175.0
1298,BRB,1976,15278.114997258,0.04161585692991565,25.5,7.373876380963647,251442.0
1299,BRB,1977,15822.9964433305,0.03504294088375737,25.9,7.299797366758161,251626.0
1300,BRB,1978,16599.6220838218,0.04791557611015129,26.1,7.355896661370738,251551.0
1301,BRB,1979,17929.9318678113,0.07709155864232642,26.2,7.5274711814562,251269.0
1302,BRB,1980,18695.0467666137,0.041787122272404886,26.4,7.489523871558693,251524.0
1303,BRB,1981,18285.6535409384,-0.022141817104392558,26.5,7.54723793495639,252270.0
1304,BRB,1982,17332.8013529132,-0.05351605461460629,26.3,7.513436433760806,253095.0
1305,BRB,1983,17358.1630846922,0.0014621522755877692,26.6,7.346784103928442,253992.0
1306,BRB,1984,17917.6568892297,0.031723754508670154,26.1,7.555172607835908,254920.0
1307,BRB,1985,18050.7073576223,0.007398227750462283,26.0,7.488908882581157,255820.0
1308,BRB,1986,18913.0485448903,0.04666721025128062,26.2,7.484312461932707,256618.0
1309,BRB,1987,19353.2290929328,0.023007200690667418,26.7,7.4836380393814315,257279.0
1310,BRB,1988,19994.0204806204,0.032573969141868275,26.4,7.580036266860698,257763.0
1311,BRB,1989,20686.0379699561,0.03402572560996653,26.0,7.4013533570815015,258109.0
1312,BRB,1990,19965.24047908,-0.035466193017299474,26.3,7.4388540075876834,258582.0
1313,BRB,1991,19128.1019342633,-0.04283422627343825,26.3,7.4226127638614985,259373.0
1314,BRB,1992,17977.267183022,-0.062050533755996895,26.3,7.5504509160459845,260267.0
1315,BRB,1993,18067.0819950459,0.004983582722916324,26.5,7.46353514774917,261027.0
1316,BRB,1994,18388.5965093239,0.01763910939048685,26.2,7.423568444259167,261620.0
1317,BRB,1995,18728.9470113809,0.0183395779558726,26.6,7.530909087721548,262039.0
1318,BRB,1996,19455.5086622641,0.03805995615970126,26.5,7.578656850594762,262284.0
1319,BRB,1997,20369.3325002152,0.0459002092597629,26.6,7.319931152781743,262392.0
1320,BRB,1998,21125.2533175225,0.03643870359859669,27.1,7.682804975161717,262436.0
1321,BRB,1999,21189.4102394967,0.0030323753395595787,26.5,7.431181184723866,262517.0
1322,BRB,2000,22170.0846712974,0.04524230293147902,26.4,7.505162187261247,262063.0
1323,BRB,2001,21615.8003391727,-0.025319298344015806,26.7,7.387028314235021,262425.0
1324,BRB,2002,21643.8964907973,0.001298952957785815,26.8,7.296277666359989,264148.0
1325,BRB,2003,21979.2923230027,0.015377254633296644,26.9,7.541364746825886,265776.0
1326,BRB,2004,22162.6344048607,0.00830698384759998,26.6,7.813793634391941,267298.0
1327,BRB,2005,22918.5438028595,0.033538620022461885,27.0,7.7123543848362255,268706.0
1328,BRB,2006,24193.1384344674,0.054122701271445806,26.7,7.432483807917119,270002.0
1329,BRB,2007,24579.0897752594,0.01582701514694307,26.7,7.453156227387818,271288.0
1330,BRB,2008,24605.4523230752,0.0010719851894780419,26.4,7.5672939683682525,272714.0
1331,BRB,2009,23250.8017659349,-0.0566284415342615,26.8,7.350773043142886,274123.0
1332,BRB,2010,21285.0039393558,-0.08833683163840966,27.2,7.747769535351635,275243.0
1333,BRB,2011,21200.1949825923,-0.003992405428954626,26.7,7.769547585519793,276139.0
1334,BRB,2012,20534.8825878653,-0.031885349194933355,26.7,7.59448189173916,276938.0
1335,BRB,2013,20521.1209928514,-0.0006703816411270935,26.7,7.436558335978781,277665.0
1336,BRB,2014,20636.0327188055,0.005584060810161162,26.7,7.440792391113347,278348.0
1337,BRB,2015,20429.4747123553,-0.0100600119860772,27.0,7.190751389443204,278990.0
1338,BRB,2016,20673.7682337375,0.011886964649022502,27.0,7.539292977910391,279598.0
1339,BRB,2017,20766.5518491129,0.004477946610032646,26.7,7.60324970261043,280171.0
1340,BRB,2018,20674.3547847984,-0.004449575258776761,26.3,7.462042610158663,280711.0
1341,BRB,2019,20687.6467427909,0.0006427135031739084,26.7,7.160535299424653,281207.0
1342,BRB,2020,17056.9868669781,-0.1929768397099032,26.7,7.43384382941404,281698.0
1343,BRB,2021,18395.6153622073,0.0755524339765028,26.5,7.306128633276545,282147.0
1344,BRB,2022,21315.9363255517,0.14734263657740065,26.4,7.477208237195751,282318.0
1345,BRN,1975,62303.4681448926,-0.04132477473343954,27.5,8.092759308260456,158070.0
1346,BRN,1976,72760.0838890241,0.1551504139031863,27.0,7.96714152114941,163607.0
1347,BRN,1977,77308.8630968501,0.060641100848823015,27.2,8.083575491888482,169277.0
1348,BRN,1978,80082.6794581564,0.035250986761056424,27.3,7.808891763084615,174884.0
1349,BRN,1979,96517.1336821703,0.18666094948079248,27.4,8.169223107155183,180422.0
1350,BRN,1980,84483.3896949123,-0.13316560031263514,27.4,8.153292202385765,186111.0
1351,BRN,1981,63568.3324706453,-0.28443951416658386,27.6,8.180544939305207,191977.0
1352,BRN,1982,63000.67420568,-0.008970001204229305,27.7,7.928009551198319,198165.0
1353,BRN,1983,61220.7080386665,-0.028659929081657154,27.9,8.064573580714608,204741.0
1354,BRN,1984,57811.7720728478,-0.05729307490906166,27.2,8.267089458519244,211661.0
1355,BRN,1985,54270.0845517948,-0.06321927796285465,27.4,8.037316988294181,218919.0
1356,BRN,1986,49618.4647311583,-0.08961010879799325,27.4,8.076857096364591,226495.0
1357,BRN,1987,49057.0847164443,-0.011378423015559136,27.7,7.926819182223778,233860.0
1358,BRN,1988,46889.4915760067,-0.04519102411068765,27.6,8.29382461478573,240913.0
1359,BRN,1989,44296.3390449877,-0.05689155656570399,27.4,7.9697727371806915,248064.0
1360,BRN,1990,44179.827869454,-0.0026337317030264984,27.7,7.8681394483668035,255292.0
1361,BRN,1991,44201.1394947727,0.00048226731087730457,27.7,7.903633230195381,262596.0
1362,BRN,1992,41672.3708419389,-0.05891222970531729,27.6,7.872645680692354,269839.0
1363,BRN,1993,40342.0504065212,-0.03244398011241145,27.5,7.9133015345307,276971.0
1364,BRN,1994,39721.4345352129,-0.015503404639860108,27.6,7.930098287192519,284091.0
1365,BRN,1995,39274.4980204335,-0.011315551805930468,27.6,8.12616339110433,291195.0
1366,BRN,1996,38331.6576177026,-0.0242992784937055,27.5,8.170921092620876,298276.0
1367,BRN,1997,39820.2107524086,0.03809846683024176,27.8,7.937088941053478,305341.0
1368,BRN,1998,36331.1813349886,-0.09169822875441369,28.2,8.003296189125761,312385.0
1369,BRN,1999,37045.9342568638,0.019482246569072714,27.7,8.253227645581772,319411.0
1370,BRN,2000,37509.5983847742,0.012438248088550097,27.8,8.206037762778815,326424.0
1371,BRN,2001,37269.3099216587,-0.0064266594843065405,27.9,8.143837029225693,333345.0
1372,BRN,2002,37976.2627573601,0.018791102594386544,27.9,7.9425754345624675,340099.0
1373,BRN,2003,38595.1688513702,0.016165809084409233,27.8,8.045972822242605,346637.0
1374,BRN,2004,37948.6590825194,-0.01689293992335017,27.7,7.9298104449280915,352911.0
1375,BRN,2005,37312.2778797122,-0.016911731260865537,27.8,8.137746645706626,358916.0
1376,BRN,2006,38229.3565684183,0.0242812788631408,27.8,8.193427878791375,364663.0
1377,BRN,2007,36174.516515486,-0.055248809753353,27.7,8.196822624340923,370873.0
1378,BRN,2008,34126.6941563969,-0.058275009390829524,27.4,8.30293504769,377793.0
1379,BRN,2009,32855.6021602466,-0.03795762988815099,27.8,8.160746792787608,384952.0
1380,BRN,2010,33121.3178241724,0.008054850109298073,27.7,8.315566483564277,392332.0
1381,BRN,2011,33754.3640783713,0.018932596882381247,27.6,8.237690906432643,399389.0
1382,BRN,2012,33544.5389457877,-0.006235638414402445,27.9,8.124743020385568,405557.0
1383,BRN,2013,32381.0739795231,-0.035299960880990966,28.0,8.161403569749778,411202.0
1384,BRN,2014,31148.7297405401,-0.03880065008253375,27.8,8.080516015175306,416750.0
1385,BRN,2015,30625.1287744656,-0.016952591870563083,28.1,7.972362562347561,422212.0
1386,BRN,2016,29492.4145927789,-0.037687775903174625,28.4,7.876676410919491,427564.0
1387,BRN,2017,29524.65912789,0.0010927189806846371,28.0,8.26639577232019,432772.0
1388,BRN,2018,29200.1952024222,-0.011050422547720373,28.0,8.177206787335168,437810.0
1389,BRN,2019,29996.2407223175,0.02689667028786147,28.2,8.032132775536272,442680.0
1390,BRN,2020,30015.9588506697,0.0006571373554731252,28.1,8.252341836702238,447404.0
1391,BRN,2021,29256.1833678343,-0.025638253382140874,27.9,8.227428952760132,451721.0
1392,BRN,2022,28549.1756060465,-0.024462888287384743,27.7,8.32052115730782,455370.0
1393,BTN,1971,406.291418918553,-0.007620793884648869,4.9,7.246724395801937,319211.0
1394,BTN,1972,397.262037485288,-0.022474575710547562,5.3,7.021351785564677,330264.0
1395,BTN,1973,389.593921511192,-0.019491137221458565,5.4,7.3400570410438615,341705.0
1396,BTN,1974,395.97778052767,0.016253130125644333,5.4,7.275864600546533,353538.0
1397,BTN,1975,370.056039481574,-0.0677036476736923,5.4,7.196162088748375,365791.0
1398,BTN,1976,389.665426064711,0.051634036819114826,5.3,7.114769448366463,378490.0
1399,BTN,1977,406.33736880742,0.04189528315422297,5.1,7.4131863784308205,391639.0
1400,BTN,1978,420.682203225947,0.03469391473344263,5.0,7.36846586131628,405243.0
1401,BTN,1979,426.159561589084,0.012936146926247893,5.6,7.1829598299228055,419200.0
1402,BTN,1980,432.838643488682,0.015551176858895843,5.4,7.280697195384741,433404.0
1403,BTN,1981,482.235722777153,0.10806803518892938,5.3,7.181744024301915,447836.0
1404,BTN,1982,483.023534472283,0.0016323321721927186,5.2,6.992923291352016,462485.0
1405,BTN,1983,516.678056159163,0.0673545871002279,4.9,7.068172000388042,477460.0
1406,BTN,1984,523.422165152942,0.012968372418868057,5.5,7.3310603052186325,492784.0
1407,BTN,1985,527.791600354552,0.008313171894871907,5.5,7.264730177929867,508392.0
1408,BTN,1986,570.054288192741,0.07703008924174881,5.1,7.220227520241137,524324.0
1409,BTN,1987,713.587145838936,0.2245729692487508,5.5,7.205783643488062,540557.0
1410,BTN,1988,725.554916193497,0.01663219574494068,5.8,7.330863822262897,556986.0
1411,BTN,1989,756.380975678321,0.04160842159840428,5.4,7.2115567333138015,573586.0
1412,BTN,1990,812.671325588739,0.07178156890981047,5.4,7.295192184570911,589287.0
1413,BTN,1991,795.191842865383,-0.021743356914950773,5.1,7.342649731114305,599784.0
1414,BTN,1992,863.46389569327,0.08236868780035156,4.8,7.170811611607514,577774.0
1415,BTN,1993,917.291292689812,0.06047299502101566,5.2,7.240004324759043,554673.0
1416,BTN,1994,963.016574291679,0.04864554260743681,5.4,7.067916431106078,554497.0
1417,BTN,1995,1043.38748981674,0.08015727793906624,5.6,7.236843175492536,547989.0
1418,BTN,1996,1099.85817824831,0.052708620917695015,5.4,7.177324296006991,548784.0
1419,BTN,1997,1138.39922318847,0.03444184279482432,4.6,7.17938418611167,558697.0
1420,BTN,1998,1182.98781073316,0.03842019582990375,5.8,7.326334026235685,569435.0
1421,BTN,1999,1248.61600842811,0.05399246341359998,6.0,7.340835554123275,582579.0
1422,BTN,2000,1259.6237645235,0.008777332123691473,5.2,7.335633981927201,596863.0
1423,BTN,2001,1321.09878230279,0.04765072438283724,5.7,7.347235265677579,610794.0
1424,BTN,2002,1427.25693317315,0.07729057239305615,5.5,7.215754552196813,624409.0
1425,BTN,2003,1506.4152751782,0.05397846493170455,5.6,7.271356182991602,637663.0
1426,BTN,2004,1552.73915195801,0.03028772759449705,5.5,7.272259494035202,650544.0
1427,BTN,2005,1632.02169500573,0.049798983870744884,5.8,7.110206207071258,661865.0
1428,BTN,2006,1701.11878173586,0.04146659154626153,6.2,7.15711223711225,670799.0
1429,BTN,2007,1952.25734603779,0.13770017490244424,6.0,7.265359790738802,678641.0
1430,BTN,2008,2017.76018913403,0.03300176254939746,5.6,7.361947057180535,686351.0
1431,BTN,2009,2148.56480375034,0.06281200714067392,6.4,6.95540193244949,693988.0
1432,BTN,2010,2378.72810760985,0.10176585016819217,6.3,7.272606704205004,701632.0
1433,BTN,2011,2552.48871073094,0.07050291194973202,5.7,7.184477511197576,709377.0
1434,BTN,2012,2654.74798946027,0.03928088274611152,5.4,7.108980366195325,717279.0
1435,BTN,2013,2671.07460201171,0.006131133140538481,5.5,7.277316832743947,725273.0
1436,BTN,2014,2797.81883971908,0.046359263694112585,5.8,7.1740349451734815,733139.0
1437,BTN,2015,2954.04081911097,0.054333874464441045,5.5,7.1297782026276435,740618.0
1438,BTN,2016,3173.36773217431,0.07161939778343296,5.9,7.212810559491263,747866.0
1439,BTN,2017,3211.80903275593,0.01204093995962019,5.8,7.264520218871112,754335.0
1440,BTN,2018,3300.55006461736,0.027254800822580805,5.5,7.033859155777863,759759.0
1441,BTN,2019,3467.38598979356,0.04931185218100609,5.8,7.1499953259873354,764824.0
1442,BTN,2020,3092.12428399363,-0.11454266775239041,5.6,7.2812480078470285,770006.0
1443,BTN,2021,3206.20366997254,0.0362292546633185,6.0,7.05168244778878,775442.0
1444,BTN,2022,3349.73309632799,0.04379309000357701,5.8,7.071148825890573,780914.0
1445,BWA,1961,409.502166469248,0.038942253479775424,21.4,6.144400203378695,527942.0
1446,BWA,1962,426.901637851857,0.04161143657137334,21.6,5.954541193003384,540186.0
1447,BWA,1963,441.728045569419,0.03414078082349903,21.0,6.117656572345742,552966.0
1448,BWA,1964,460.824434130607,0.04232272223573297,21.2,5.538907831465967,566266.0
1449,BWA,1965,480.490649773385,0.04179063541947681,21.3,5.407620101438487,574664.0
1450,BWA,1966,508.141727280139,0.05595263052434074,21.6,6.128396401603126,577866.0
1451,BWA,1967,535.405247145742,0.052263532083114406,21.0,6.277019358543589,580933.0
1452,BWA,1968,588.907189594904,0.09524466693185563,21.2,6.046189446797229,583966.0
1453,BWA,1969,674.389989055809,0.13553996396245704,21.6,6.050912005751402,587066.0
1454,BWA,1970,785.474884442778,0.15247992085550344,21.9,5.674696893761104,590334.0
1455,BWA,1971,971.592899383618,0.21264840572327248,21.3,6.018593214496234,600481.0
1456,BWA,1972,1184.47370056075,0.19811693143143128,21.2,6.09852361940139,622407.0
1457,BWA,1973,1370.73282732856,0.1460469659029915,21.5,6.156131168663216,652408.0
1458,BWA,1974,1419.44206854257,0.034918377641718124,20.8,6.504587529922656,685448.0
1459,BWA,1975,1464.68785200858,0.03137826453806536,21.0,6.157614376902071,720380.0
1460,BWA,1976,1539.17387299982,0.04960367691781631,20.6,6.326328348032599,758508.0
1461,BWA,1977,1635.51259140874,0.06071044039687923,21.5,6.363372871687304,799574.0
1462,BWA,1978,1760.57070364001,0.07368175314014636,21.1,6.28711478920894,849239.0
1463,BWA,1979,1859.49457887642,0.05466669909260791,21.5,5.879135362134062,901742.0
1464,BWA,1980,2002.99615272235,0.07433941691168044,21.2,6.03667688992953,937485.0
1465,BWA,1981,2111.34563888905,0.05268135184114087,20.9,6.132095676847728,969996.0
1466,BWA,1982,2276.04982459673,0.07511591955827512,21.7,5.763622475012218,1009269.0
1467,BWA,1983,2484.51795571067,0.08763725180279813,22.3,5.874649792516147,1046137.0
1468,BWA,1984,2603.44865679004,0.04675831345883541,21.9,5.6736668507515775,1083660.0
1469,BWA,1985,2693.78188151685,0.034109137580569104,21.8,5.8009091853869235,1121945.0
1470,BWA,1986,2816.7693715823,0.04464450515409357,21.7,5.918087077303206,1160650.0
1471,BWA,1987,3050.23176245012,0.0796269601011046,22.2,5.829533679961761,1199167.0
1472,BWA,1988,3536.42325387877,0.1478982606862651,21.5,6.231071824452857,1235476.0
1473,BWA,1989,3888.73045113925,0.09496690608039948,21.4,6.055612366931734,1270274.0
1474,BWA,1990,4039.46544455099,0.0380296253257324,21.9,5.717685379825192,1305696.0
1475,BWA,1991,4224.09857544948,0.04469351560917545,21.7,6.149536101678477,1341756.0
1476,BWA,1992,4226.73999498293,0.000625126038665158,22.5,5.488524417615982,1380033.0
1477,BWA,1993,4186.14547358363,-0.009650633332352498,22.0,5.792708683850602,1420115.0
1478,BWA,1994,4219.4408088678,0.007922233691910918,21.5,5.713072521563293,1460023.0
1479,BWA,1995,4399.1388580936,0.04170619817931964,22.2,5.84354441703136,1498836.0
1480,BWA,1996,4543.2105349273,0.03222512071246442,21.6,6.0879104453762345,1535914.0
1481,BWA,1997,4809.4439184672,0.05694753955555676,21.8,6.130574102812182,1571691.0
1482,BWA,1998,4724.93670942028,-0.017727301943795126,22.4,5.976604684200958,1606899.0
1483,BWA,1999,5070.94772048729,0.07067356122789725,22.2,5.9367443349077496,1641997.0
1484,BWA,2000,5062.64289173588,-0.001639069689804984,21.4,6.170656210893009,1677382.0
1485,BWA,2001,4971.96371794188,-0.01807378121693226,21.8,6.0888180923638915,1712254.0
1486,BWA,2002,5175.47655317231,0.040116546135694264,22.0,5.901266279189834,1744763.0
1487,BWA,2003,5320.440295139,0.027624639691959274,22.3,5.905634290502789,1775736.0
1488,BWA,2004,5369.42516766112,0.009164795489631672,22.3,6.084043728401075,1807146.0
1489,BWA,2005,5514.21742664705,0.026608885907370095,22.8,5.955319100471629,1839877.0
1490,BWA,2006,5865.00026521361,0.06167278375502683,21.8,6.08541015995051,1874516.0
1491,BWA,2007,6085.6354476126,0.03692862219330273,22.1,5.923988381983068,1911201.0
1492,BWA,2008,6158.61629368051,0.011920975145139678,22.2,6.046662707572744,1949970.0
1493,BWA,2009,5179.4138607146,-0.17316022909683149,22.3,6.03667688992953,1990673.0
1494,BWA,2010,5584.5034321846,0.07530362202300367,22.4,6.266631126489344,2033111.0
1495,BWA,2011,5850.07858575461,0.04645957702610026,21.9,6.201117508239693,2073535.0
1496,BWA,2012,5742.91924452636,-0.01848743438117495,22.1,6.026590349083357,2108617.0
1497,BWA,2013,6284.97678002618,0.09019448729412183,22.0,6.049733455231958,2140682.0
1498,BWA,2014,6547.12254115892,0.040863498901599016,22.1,6.024657514463746,2172044.0
1499,BWA,2015,6141.20394726616,-0.06400484087640379,22.6,5.903725632799975,2203273.0
1500,BWA,2016,6490.83463593483,0.055370320273075535,22.7,5.982423802455833,2234776.0
1501,BWA,2017,6662.57644805467,0.026115137978738545,22.2,6.149536101678477,2266747.0
1502,BWA,2018,6843.84612027739,0.026843608084362813,22.3,5.993213017642099,2299141.0
1503,BWA,2019,6951.73189051146,0.015640949522476078,23.0,5.971771913762246,2332083.0
1504,BWA,2020,6254.24806241091,-0.10572989856322756,22.1,6.043345168984971,2365894.0
1505,BWA,2021,6895.91184943107,0.09766782757513504,21.8,6.029482614295503,2401441.0
1506,BWA,2022,7159.5860618268,0.037523416282752464,22.0,6.086320078120661,2439892.0
1507,CAF,1961,593.189558332525,0.02958971209618877,25.1,7.22190886863971,1734580.0
1508,CAF,1962,560.326768152575,-0.05699387972837755,25.2,7.379070547652669,1768115.0
1509,CAF,1963,545.581408664112,-0.02666809718937735,25.4,7.248148390346587,1803063.0
1510,CAF,1964,545.874892158702,0.0005377833293778167,25.1,7.280352783464685,1839583.0
1511,CAF,1965,539.817040213822,-0.011159546520044472,25.3,7.196162088748375,1877854.0
1512,CAF,1966,531.90309134597,-0.014768954104359189,25.3,7.349037879955695,1918082.0
1513,CAF,1967,544.747072768765,0.02386028665434381,24.7,7.177935076297776,1960444.0
1514,CAF,1968,540.093413129288,-0.008579488404676816,25.1,7.235475038465449,2005100.0
1515,CAF,1969,565.30834319678,0.045629210581517476,25.5,7.335959874059791,2051515.0
1516,CAF,1970,565.812174200598,0.0008908529717022162,25.5,7.23237179922698,2097505.0
1517,CAF,1971,560.464655722271,-0.009495993382925505,24.6,7.145432700073384,2141450.0
1518,CAF,1972,549.598711724139,-0.01957778516359987,24.9,7.163404741852606,2183769.0
1519,CAF,1973,549.35454984184,-0.00044435354051142184,25.2,7.138470095792665,2226008.0
1520,CAF,1974,573.024209010012,0.04218392206303534,24.6,7.222127966686963,2269338.0
1521,CAF,1975,564.260762473446,-0.015411475942720188,24.6,7.233672001663833,2313916.0
1522,CAF,1976,586.137157573357,0.03803733002159149,24.7,7.249215057114389,2348566.0
1523,CAF,1977,602.199701083141,0.02703530019048994,24.9,7.158825232937186,2372930.0
1524,CAF,1978,603.119667759043,0.0015265113601063973,24.8,7.194812156039999,2397961.0
1525,CAF,1979,581.982298397451,-0.03567559888865812,25.1,7.221251286326898,2423794.0
1526,CAF,1980,549.851069399498,-0.05679257349603262,25.2,7.212663132098986,2450535.0
1527,CAF,1981,535.271803204363,-0.026872797389894565,25.1,7.217076526537399,2478402.0
1528,CAF,1982,569.909860587753,0.06270354774521714,25.1,7.223514474005809,2507375.0
1529,CAF,1983,517.400561236801,-0.09666085452701711,25.4,7.100274660752538,2537399.0
1530,CAF,1984,559.576063736741,0.07836211351997147,25.0,7.077835549353738,2568610.0
1531,CAF,1985,574.324850721819,0.026015710262371705,25.1,7.162939985841142,2600932.0
1532,CAF,1986,587.348322352386,0.022422859707290854,25.2,7.067234593527459,2634258.0
1533,CAF,1987,551.039434586106,-0.06381166225238388,25.6,7.114281524472909,2669155.0
1534,CAF,1988,551.209370152878,0.0003083433928665613,25.3,7.22983877815125,2713965.0
1535,CAF,1989,547.973638780833,-0.005887537730200343,24.9,7.161001174112791,2783970.0
1536,CAF,1990,519.786735961912,-0.052808577074619834,25.5,7.153677417185686,2871910.0
1537,CAF,1991,500.991150890901,-0.03683016626534208,25.2,7.212146964996865,2963191.0
1538,CAF,1992,454.148968239471,-0.09816316994049235,25.0,7.182428096840278,3058831.0
1539,CAF,1993,441.384907508364,-0.028507967181501392,25.0,7.19315975968986,3157839.0
1540,CAF,1994,448.784442959801,0.016625389056414086,25.0,7.183794839649844,3257954.0
1541,CAF,1995,468.150527620686,0.042247194446781045,25.2,7.221251286326898,3348052.0
1542,CAF,1996,437.925054761723,-0.0667420965317822,25.1,7.230345895922107,3435965.0
1543,CAF,1997,448.634663639551,0.024161101922871353,25.6,7.261576153937963,3531700.0
1544,CAF,1998,457.148858416438,0.018800177623542247,25.8,7.265359790738802,3628827.0
1545,CAF,1999,460.827900216085,0.008015587460405982,25.1,7.233888537808171,3729450.0
1546,CAF,2000,437.168928414826,-0.052704970615356395,25.3,7.1683487457431845,3833416.0
1547,CAF,2001,446.658634192083,0.02147493668575251,25.3,7.211851892702013,3919487.0
1548,CAF,2002,452.808702217035,0.013675124418398354,25.5,7.152582041127489,4006077.0
1549,CAF,2003,418.240532289858,-0.07941304225646562,25.6,7.20057413553907,4103086.0
1550,CAF,2004,433.825227770233,0.03658504887931091,25.8,7.160224595678174,4192826.0
1551,CAF,2005,427.968043155237,-0.013593224735299003,25.9,7.202214335712942,4288810.0
1552,CAF,2006,439.294330902768,0.026121118787103548,25.7,7.21170432389779,4377579.0
1553,CAF,2007,450.762785401893,0.02577158035466809,25.7,7.218396755568828,4462770.0
1554,CAF,2008,450.313616886022,-0.0009969599735022427,25.6,7.181896080867251,4558984.0
1555,CAF,2009,492.215398914836,0.08897215691980076,26.0,7.205412434455996,4529047.0
1556,CAF,2010,519.141456408484,0.05325997837257557,26.0,7.227444610068898,4492995.0
1557,CAF,2011,532.38295493852,0.025186668761332243,25.6,7.205857868761802,4565021.0
1558,CAF,2012,553.729578314912,0.0393133712987348,25.5,7.242511758819846,4610848.0
1559,CAF,2013,349.821171688973,-0.4592543559111144,25.7,7.250493557181996,4642419.0
1560,CAF,2014,351.561554911625,0.004962730699209494,25.6,7.211630531328668,4623182.0
1561,CAF,2015,366.322853938121,0.04113024257412512,25.7,7.216709486709457,4629320.0
1562,CAF,2016,376.858254120398,0.028354073830897164,25.9,7.247365444294277,4713663.0
1563,CAF,2017,387.35795131742,0.027480071359300418,25.6,7.23164873339649,4793511.0
1564,CAF,2018,395.020015455909,0.019587231315441933,25.5,7.1864470595957854,4878657.0
1565,CAF,2019,401.82582161435,0.017082279502401043,25.8,7.20213983949359,4944703.0
1566,CAF,2020,398.834274122139,-0.007472737630478399,25.7,7.207637624515236,5026628.0
1567,CAF,2021,396.020622931961,-0.007079689520060661,25.8,7.2751030649771735,5112100.0
1568,CAF,2022,398.91539795642,0.007283071200805402,25.6,7.237993840847831,5098039.0
1569,CAN,1961,15605.5388669778,0.011151057947445864,-0.8000000000000003,7.3351123335064,18271000.0
1570,CAN,1962,16455.770060601,0.053050272456919956,-0.7500000000000002,7.332892286887765,18614000.0
1571,CAN,1963,17007.7078138693,0.03299046284637086,-0.44999999999999973,7.367803264860593,18964000.0
1572,CAN,1964,17800.8820360349,0.045581366539614976,-1.1,7.416919523421462,19325000.0
1573,CAN,1965,18585.9001104989,0.043155226015555215,-1.0,7.401292312610585,19678000.0
1574,CAN,1966,19476.0466360581,0.046782098185300214,-1.05,7.374064592639601,20048000.0
1575,CAN,1967,19715.113441541,0.012200188528183276,-1.0,7.4293427853921585,20412000.0
1576,CAN,1968,20371.164554016,0.03273487727373592,-0.9000000000000001,7.223769673700954,20744000.0
1577,CAN,1969,21114.3082772687,0.035830529411045475,-0.6499999999999999,7.345074288204207,21028000.0
1578,CAN,1970,21428.9306601929,0.01479098097235898,-0.8499999999999999,7.3114855497965845,21324000.0
1579,CAN,1971,21642.5625220751,0.0099199539172794,-0.7000000000000002,7.270243294235161,21962032.0
1580,CAN,1972,22573.5889341376,0.042118728703405495,-1.5,7.3600721658675345,22218463.0
1581,CAN,1973,23799.7194436651,0.05289320086320615,-0.30000000000000027,7.164372290353885,22491777.0
1582,CAN,1974,24257.8411628662,0.0190661195138091,-0.8999999999999999,7.153911984605347,22807969.0
1583,CAN,1975,24275.8371310973,0.0007415868604407905,-0.8500000000000001,7.358161884793771,23143275.0
1584,CAN,1976,25369.4889258826,0.04406572968603939,-0.6000000000000001,7.25130952175055,23449808.0
1585,CAN,1977,25960.6652812882,0.02303529008884375,-0.15000000000000036,7.328108999584052,23725843.0
1586,CAN,1978,26663.7974885826,0.026724227363166264,-1.0000000000000002,7.172961654668733,23963203.0
1587,CAN,1979,27384.7054378937,0.026677915808546615,-0.6499999999999999,7.1568394442967005,24201544.0
1588,CAN,1980,27622.4011506651,0.008642417570971617,-0.19999999999999973,7.2638900770683605,24515667.0
1589,CAN,1981,28215.5591968377,0.021246490939240914,0.5,7.200611442707647,24819915.0
1590,CAN,1982,26999.1061839354,-0.04406980920003001,-1.0,7.201096309285597,25116942.0
1591,CAN,1983,27418.5191501577,0.015414905323998696,-0.3500000000000001,7.113386378545049,25366451.0
1592,CAN,1984,28763.0011084144,0.047871211011026205,-0.19999999999999973,7.2289325705677125,25607053.0
1593,CAN,1985,29851.6732668471,0.03715101661560993,-0.25,7.20500394530313,25842116.0
1594,CAN,1986,30183.439114937,0.011052506183091282,-0.25,7.219898229858928,26100278.0
1595,CAN,1987,31001.1609686481,0.02673125409403454,0.5,7.2056722952463215,26446601.0
1596,CAN,1988,31951.5825607381,0.030197057628880586,-0.20000000000000018,7.275553133360543,26791747.0
1597,CAN,1989,32116.9556042863,0.005162390638346892,-0.5499999999999998,7.176369204341104,27276781.0
1598,CAN,1990,31700.5781154607,-0.013049184854947882,-0.40000000000000036,7.070129197966396,27691138.0
1599,CAN,1991,30654.3639368973,-0.033559885880137585,-0.050000000000000266,7.214725140341202,28037420.0
1600,CAN,1992,30563.4095229714,-0.0029715056824688446,-0.3999999999999999,7.097300680865411,28371264.0
1601,CAN,1993,31032.785763879,0.015240724665989802,-0.09999999999999964,7.073015447847797,28684764.0
1602,CAN,1994,32074.1884806299,0.03300735859868631,-0.20000000000000018,7.1464571692122,29000663.0
1603,CAN,1995,32595.4842690909,0.01612214992514005,-0.25,7.077033810804136,29302311.0
1604,CAN,1996,32801.3348171586,0.006295450782202394,-0.1499999999999999,7.115460266607156,29610218.0
1605,CAN,1997,33867.0419274091,0.03197311674148473,0.25,7.163753167167294,29905948.0
1606,CAN,1998,34894.6484928404,0.02989115218821503,0.8500000000000001,7.187127923562778,30155173.0
1607,CAN,1999,36391.5718964607,0.04200372739001068,0.75,7.081624548961108,30401286.0
1608,CAN,2000,37906.89821012,0.04079589982068654,0.30000000000000027,7.041105405178893,30685730.0
1609,CAN,2001,38200.4945025395,0.007715354273869934,0.44999999999999996,7.1091438984933175,31020855.0
1610,CAN,2002,38921.7064054514,0.018703639657472237,0.04999999999999982,7.152347161502217,31359199.0
1611,CAN,2003,39270.0629084669,0.008910370256971945,0.10000000000000009,7.040361243530159,31642461.0
1612,CAN,2004,40108.7990262916,0.02113326679564409,-0.44999999999999973,7.242762156775046,31938807.0
1613,CAN,2005,41006.264144024,0.022129101703118437,0.15000000000000013,7.238568677394522,32242732.0
1614,CAN,2006,41663.5541588166,0.015901906620985784,0.6999999999999997,7.095810367623852,32571193.0
1615,CAN,2007,42106.9147186165,0.010585226643772927,-0.10000000000000009,7.000835701998149,32888886.0
1616,CAN,2008,42067.610977795,-0.0009338631457129765,-0.40000000000000036,7.0595746720423165,33247298.0
1617,CAN,2009,40376.4559330928,-0.04103126799862622,-0.2999999999999998,6.990164415222855,33630069.0
1618,CAN,2010,41164.3812486578,0.01932650847687789,0.7000000000000002,7.033682835579928,34005902.0
1619,CAN,2011,42043.6842044008,0.021135828226903186,0.1499999999999999,7.016295733271588,34339221.0
1620,CAN,2012,42320.6856530018,0.006566811190468869,0.3999999999999999,7.110777752300125,34713395.0
1621,CAN,2013,42851.2135876232,0.012457977358295125,-0.25,7.095105835797533,35080992.0
1622,CAN,2014,43643.2794910996,0.01831534047574479,-0.25,7.0665096313429965,35434066.0
1623,CAN,2015,43594.2379080706,-0.0011243233337498992,0.1499999999999999,6.9183489671930065,35704498.0
1624,CAN,2016,43551.3863558236,-0.000983447099327961,0.4500000000000002,7.06373286043649,36110803.0
1625,CAN,2017,44339.4332217878,0.01793288510746649,0.20000000000000018,6.8665686346518875,36545075.0
1626,CAN,2018,44907.3887994469,0.012727920886687727,0.0,7.021262519775732,37072620.0
1627,CAN,2019,45100.336805859,0.004287372015490121,0.0,7.1452355663964,37618495.0
1628,CAN,2020,42366.1710935265,-0.06253952224269987,0.20000000000000018,7.041717828645104,38028638.0
1629,CAN,2021,44639.2381171993,0.05226305844318446,0.40000000000000036,7.046951844170426,38239864.0
1630,CAN,2022,45883.0058941892,0.0274815558929955,0.3500000000000001,7.097342046767504,38950132.0
1631,CHE,1961,38279.5021799498,0.03547155629156329,6.7,6.974665984264764,5434294.0
1632,CHE,1962,38910.8406640071,0.016358330312236546,4.9,6.903144666424454,5573815.0
1633,CHE,1963,40117.1827383305,0.030531847640110854,4.8,7.077498053569231,5694247.0
1634,CHE,1964,42150.5632845287,0.04944330841804678,5.9,6.934202448996985,5789228.0
1635,CHE,1965,43258.8824798177,0.025954539380098396,4.9,7.293901642703902,5856472.0
1636,CHE,1966,43704.1878896336,0.010241342677433707,6.0,7.201469123665637,5918002.0
1637,CHE,1967,44618.7174192881,0.020709513841499216,6.1,7.018580834071022,5991785.0
1638,CHE,1968,45663.5156027763,0.02314618931414003,5.5,7.1830357687161746,6067714.0
1639,CHE,1969,47414.2122334877,0.03762238652843486,5.3,6.99613238959955,6136387.0
1640,CHE,1970,50120.2719738637,0.05550353655824303,5.3,7.2004995170261825,6180877.0
1641,CHE,1971,50328.9149531746,0.004154205439526493,5.7,6.889285762698476,6213399.0
1642,CHE,1972,51089.774153354,0.015004600861869832,5.3,6.92912530471833,6260956.0
1643,CHE,1973,52726.3272308473,0.03153053598423483,5.4,7.046037866782144,6307347.0
1644,CHE,1974,54120.3826410382,0.02609597475855452,6.1,7.107097820110394,6341405.0
1645,CHE,1975,55526.2824314189,0.025645592471255085,6.0,7.068086817884477,6338632.0
1646,CHE,1976,56435.4712369923,0.01624141747439012,5.8,6.930397009462962,6302504.0
1647,CHE,1977,55723.2031081187,-0.012701250409195453,6.1,7.205486687286919,6281174.0
1648,CHE,1978,56694.1310498133,0.017274063507098703,5.2,7.102087748442227,6281738.0
1649,CHE,1979,58753.0872846145,0.03567300461428147,5.7,7.21890970761906,6294365.0
1650,CHE,1980,59515.0839957113,0.012886091786731058,5.0,7.070809065418435,6319408.0
1651,CHE,1981,59459.6026935995,-0.0009326573185841625,5.7,7.272953793861746,6354074.0
1652,CHE,1982,59851.3237798662,0.006566414415788202,6.4,7.134412649596143,6391309.0
1653,CHE,1983,60727.9281659317,0.014540143778720704,6.5,7.057725805558432,6418773.0
1654,CHE,1984,63069.5401448825,0.03783423563111832,5.4,7.05858616868472,6441865.0
1655,CHE,1985,64148.2740818634,0.016959256823332325,5.3,6.9910848865691415,6470365.0
1656,CHE,1986,65532.7953421245,0.021353523296792076,5.7,7.143143556712784,6504124.0
1657,CHE,1987,67306.5686611113,0.026707124996111276,5.5,7.161078798797479,6545106.0
1658,CHE,1988,68523.5058596064,0.017919003061436456,6.5,7.1814398417900644,6593386.0
1659,CHE,1989,69776.2197877876,0.01811642336029351,6.9,6.913240209212707,6646912.0
1660,CHE,1990,69584.5767626374,-0.0027503164547955095,6.9,7.1225440259135935,6715519.0
1661,CHE,1991,67932.7854592116,-0.02402417733701867,6.0,6.952154866278821,6799978.0
1662,CHE,1992,66409.491461386,-0.02267877724638545,6.8,7.105950184932382,6875364.0
1663,CHE,1993,64448.1064296646,-0.02997964146406673,6.2,7.1233504125390175,6938265.0
1664,CHE,1994,66503.9311877673,0.03140071302165559,7.5,7.1465359310757455,6993795.0
1665,CHE,1995,68765.8004895745,0.033445473923720215,6.4,7.206228912512117,7040687.0
1666,CHE,1996,68846.2811295722,0.0011696741772446728,5.4,7.074963197966044,7071850.0
1667,CHE,1997,70121.2926450719,0.018350285017808332,6.8,6.996315455961617,7088906.0
1668,CHE,1998,71854.1176863899,0.024411425727567604,6.6,7.047604174098535,7110001.0
1669,CHE,1999,72713.7068420544,0.011891986182334335,6.7,7.3147525460683775,7143991.0
1670,CHE,2000,74933.2770077552,0.03006817112652982,7.4,7.159447413700763,7184250.0
1671,CHE,2001,75646.1781144131,0.009468840653836352,6.6,7.226863341433771,7229854.0
1672,CHE,2002,75361.6941607385,-0.0037678074121796357,7.2,7.2786979530518785,7284753.0
1673,CHE,2003,74592.0284690955,-0.010265466399468792,7.0,6.826219790999619,7339001.0
1674,CHE,2004,75997.4453154761,0.01866608093384059,6.5,7.012295458256061,7389625.0
1675,CHE,2005,77741.3436104704,0.022687483209963943,6.3,6.943315454380688,7437115.0
1676,CHE,2006,80448.9696781612,0.034235857711410134,7.0,7.111675235328588,7483934.0
1677,CHE,2007,82909.1358291459,0.030122192702041417,7.1,7.164488333289902,7551117.0
1678,CHE,2008,83934.7657221246,0.012294639513589445,6.8,7.1301785709718635,7647675.0
1679,CHE,2009,81288.642957612,-0.03203358481082752,6.9,7.045166634805097,7743831.0
1680,CHE,2010,83069.4276373455,0.02167042192511026,5.8,7.081288329743012,7824909.0
1681,CHE,2011,83307.3180998465,0.0028596619505059095,7.5,6.956259688041752,7912398.0
1682,CHE,2012,83354.0207485188,0.0005604497145821341,6.9,7.174800876583475,7996861.0
1683,CHE,2013,83914.0245080812,0.006695909562706603,6.4,7.136164939968847,8089346.0
1684,CHE,2014,85004.8134534,0.01291512682010243,7.8,7.086905144610457,8188649.0
1685,CHE,2015,85265.06205193,0.0030568977679479303,7.7,6.899823908655857,8282396.0
1686,CHE,2016,85951.2234148345,0.008015184238603368,7.1,7.162707526810999,8373338.0
1687,CHE,2017,86362.360972862,0.004771978247479325,7.2,7.121575502835463,8451840.0
1688,CHE,2018,88581.0826935584,0.025366377192513667,8.0,6.8927431588616335,8514329.0
1689,CHE,2019,88932.4119306425,0.003958343522679542,7.7,7.11550088811625,8575280.0
1690,CHE,2020,86293.9183441155,-0.03011754021301094,8.1,6.974759507762611,8638167.0
1691,CHE,2021,90924.9256769825,0.05227504895586854,6.7,7.152425460840627,8704546.0
1692,CHE,2022,93360.440112464,0.026433528648404092,8.4,6.942446518772067,8777088.0
1693,CHL,1961,3330.52707974518,0.03291626704151618,8.8,6.97176240895643,8324802.0
1694,CHL,1962,3391.27067852121,0.018074108909992503,9.2,6.796041289352136,8497059.0
1695,CHL,1963,3512.5701002739,0.03514330925127318,8.8,7.088742612762955,8670144.0
1696,CHL,1964,3528.8579265412,0.004626293205127752,8.6,6.823068470814943,8842525.0
1697,CHL,1965,3485.3610467235,-0.012402645985238436,8.9,7.149602815090119,9012938.0
1698,CHL,1966,3813.4880420372,0.08997262787092453,8.7,7.0241150800983325,9181722.0
1699,CHL,1967,3879.66399521903,0.01720428379002037,8.9,6.966872883465226,9348939.0
1700,CHL,1968,3948.30026572163,0.01753662311160653,9.2,6.865265227361185,9514716.0
1701,CHL,1969,4040.0058011806,0.02296095408130938,9.2,6.999148707411348,9680282.0
1702,CHL,1970,4039.58221003868,-0.00010485463905496317,9.0,6.976814814913632,9845344.0
1703,CHL,1971,4353.53619549239,0.07484716009653702,8.5,7.039485049660032,10009701.0
1704,CHL,1972,4252.43567121887,-0.02349651547723397,8.8,7.1284157500025405,10174678.0
1705,CHL,1973,3973.5039726836,-0.0678435996959319,8.6,6.961201254687763,10340362.0
1706,CHL,1974,3959.79582475475,-0.003455853660344843,8.6,6.885202874511625,10505817.0
1707,CHL,1975,3419.8279711603,-0.14660221555272912,8.7,7.004518947414445,10671559.0
1708,CHL,1976,3488.60951805533,0.019912988950055777,8.5,7.0547086919383,10838251.0
1709,CHL,1977,3818.62804303532,0.09038796914131098,9.1,7.167809184316444,11005519.0
1710,CHL,1978,4063.41850322282,0.0621334081312348,9.2,6.996223926969745,11172695.0
1711,CHL,1979,4341.27884005509,0.06614435311301747,9.0,7.0502092467770705,11339779.0
1712,CHL,1980,4627.19349061049,0.06378155846017641,9.1,7.169426996001687,11508550.0
1713,CHL,1981,4866.12669776366,0.05034775460132046,9.1,7.014454897641193,11678717.0
1714,CHL,1982,4244.09899383271,-0.13676873529970557,9.1,7.092407451114374,11850214.0
1715,CHL,1983,3975.62230556306,-0.06534825536497912,9.2,6.881308628967154,12026138.0
1716,CHL,1984,4072.50464907353,0.024076912359211278,8.4,6.97886590644009,12207733.0
1717,CHL,1985,4153.37019930025,0.019661897817114138,9.2,6.977374620862194,12395274.0
1718,CHL,1986,4310.54362901388,0.03714392729564331,9.1,7.006423450778838,12588914.0
1719,CHL,1987,4528.6333769652,0.04935618300693356,9.5,6.961011645282569,12790150.0
1720,CHL,1988,4783.26035220905,0.054702184852830626,8.9,6.784457062637643,12999424.0
1721,CHL,1989,5192.61380044824,0.08211479679639311,9.4,6.835184586147301,13215005.0
1722,CHL,1990,5290.53694835535,0.018682550404196974,9.1,6.98961172545197,13437176.0
1723,CHL,1991,5606.86557277047,0.05807209871651686,8.9,7.003247260441357,13662491.0
1724,CHL,1992,6151.76546454326,0.09274726606753703,8.8,7.04377108289958,13884577.0
1725,CHL,1993,6461.73217350303,0.04915831213715016,9.2,7.001700891824665,14102276.0
1726,CHL,1994,6688.29717704707,0.034461888997288526,9.4,7.007962539399163,14316256.0
1727,CHL,1995,7201.13100361441,0.07387878835866069,9.0,6.93166709902845,14527381.0
1728,CHL,1996,7605.28953010603,0.05460589848546249,9.1,6.865369562485699,14734046.0
1729,CHL,1997,8058.94228801535,0.057938322125952624,9.3,7.107261660530193,14932434.0
1730,CHL,1998,8287.45061096547,0.027960077900658575,9.5,6.7782159076271515,15127799.0
1731,CHL,1999,8161.45168872186,-0.015320339850255493,9.1,6.826002777109878,15319313.0
1732,CHL,2000,8465.35303258864,0.03655966350475914,8.6,7.035444640123027,15503635.0
1733,CHL,2001,8632.0148244056,0.01949622564466047,8.9,6.96659006470303,15683849.0
1734,CHL,2002,8810.69052712257,0.020487871467441465,8.8,7.206451472697018,15857925.0
1735,CHL,2003,9130.7842621819,0.03568577359035707,9.3,6.9626221804229775,16024752.0
1736,CHL,2004,9642.37478651228,0.05451583504254742,9.5,6.958163181525983,16187322.0
1737,CHL,2005,10104.4208391373,0.046805609494239064,9.0,7.056347683031964,16348778.0
1738,CHL,2006,10611.6144012877,0.04897606458672854,9.4,7.131778443323355,16509195.0
1739,CHL,2007,11051.3450717678,0.04060304699407524,8.6,6.75343791859778,16671581.0
1740,CHL,2008,11356.0922105983,0.02720221205944462,9.4,7.004700485038616,16838988.0
1741,CHL,2009,11116.4093443103,-0.021332022579779064,9.3,6.970542267080901,17009731.0
1742,CHL,2010,11649.2897090856,0.04682287298854959,8.9,6.828062510072889,17181464.0
1743,CHL,2011,12252.8441074615,0.050512873104841205,9.2,6.914631582921569,17351816.0
1744,CHL,2012,12882.834417927,0.05013767788878276,9.4,6.9244157198752445,17519119.0
1745,CHL,2013,13182.7329619856,0.023012104361047392,9.5,6.838512376239977,17687006.0
1746,CHL,2014,13285.9540361192,0.007799525334039714,9.3,6.895783907200917,17864195.0
1747,CHL,2015,13433.9202987032,0.011075484357965237,9.5,6.920967610454272,18047625.0
1748,CHL,2016,13505.097711133,0.005284348377923465,9.5,6.703188113240863,18267221.0
1749,CHL,2017,13473.3458532934,-0.0023538698534935065,9.6,6.9749465285224606,18558868.0
1750,CHL,2018,13763.0068844795,0.021270979666837775,9.3,6.839476438228843,18893191.0
1751,CHL,2019,13631.9284885172,-0.009569607994635021,9.3,6.781171126872684,19197744.0
1752,CHL,2020,12680.7761524378,-0.0723275663232652,9.7,6.822524134619476,19370624.0
1753,CHL,2021,14056.251601955,0.10298009279707898,9.7,6.617269279197622,19456334.0
1754,CHL,2022,14275.4094646211,0.015471188474263542,9.3,6.82001636467413,19553036.0
1755,CHN,1961,177.349529290733,-0.3082609540019723,7.3,6.494358800547692,660330000.0
1756,CHN,1962,166.085165310961,-0.06562182625361146,7.0,6.418691146997659,665770000.0
1757,CHN,1963,178.744599232828,0.07345726619920256,7.2,6.3597468640884305,682335000.0
1758,CHN,1964,206.39459309973,0.14383187000646114,6.9,6.4853983032037545,698355000.0
1759,CHN,1965,235.698268353804,0.1327626260499919,6.9,6.386205691853171,715185000.0
1760,CHN,1966,253.631144662158,0.07332856211249439,7.1,6.363717521010033,735400000.0
1761,CHN,1967,232.931044915017,-0.08513856000980713,6.6,6.410174881966167,754550000.0
1762,CHN,1968,217.624094003727,-0.06797323022254975,6.9,6.398761310045116,774510000.0
1763,CHN,1969,247.611258585999,0.1290907756687938,6.5,6.431653091274532,796025000.0
1764,CHN,1970,287.353854283243,0.14885438742360435,6.7,6.47497036021901,818315000.0
1765,CHN,1971,299.305407404138,0.04075008346729092,7.0,6.381138969309823,841105000.0
1766,CHN,1972,303.166764336598,0.012818549923952816,7.0,6.400091318553725,862030000.0
1767,CHN,1973,319.317346193733,0.051902392482204185,7.3,6.529126824827532,881940000.0
1768,CHN,1974,320.013476105269,0.002177683797999208,6.8,6.438391445023741,900350000.0
1769,CHN,1975,341.827004315989,0.06594166601537133,7.3,6.48768401848461,916395000.0
1770,CHN,1976,331.294213681681,-0.0312979300925349,6.7,6.400423544470402,930685000.0
1771,CHN,1977,351.549547458872,0.05934381771162123,7.1,6.427620502536943,943455000.0
1772,CHN,1978,386.167053595622,0.09391939580733322,7.3,6.354543938719709,956165000.0
1773,CHN,1979,409.99006489222,0.059862870256750966,7.3,6.397096307995467,969005000.0
1774,CHN,1980,436.628325064633,0.0629493910419292,7.2,6.425840998710567,981235000.0
1775,CHN,1981,453.119684821175,0.03707397701383286,7.2,6.443176906381466,993885000.0
1776,CHN,1982,486.788897534069,0.07167425832531027,7.4,6.427297191832543,1008630000.0
1777,CHN,1983,531.489502016356,0.0878528921557944,7.2,6.516932447610842,1023310000.0
1778,CHN,1984,604.253640849507,0.12831059899659092,6.7,6.419669142185636,1036825000.0
1779,CHN,1985,676.125961043923,0.11238534662233945,7.0,6.446037229323174,1051040000.0
1780,CHN,1986,725.721895334567,0.07078748556912107,7.1,6.33806390234911,1066790000.0
1781,CHN,1987,797.416224331495,0.09420990412141528,7.5,6.447305862541213,1084035000.0
1782,CHN,1988,872.728317988186,0.09024752107074363,7.5,6.392252065665035,1101630000.0
1783,CHN,1989,895.614384005007,0.025885642990983726,7.5,6.411325535499879,1118650000.0
1784,CHN,1990,917.187887177205,0.023802399249089667,7.8,6.499787040655854,1135185000.0
1785,CHN,1991,989.585278674846,0.07597360033999134,7.3,6.399260270554429,1150780000.0
1786,CHN,1992,1117.29533882968,0.12138022279661786,7.1,6.403739747144695,1164970000.0
1787,CHN,1993,1258.34142676619,0.11888363713318295,7.1,6.4768185049003035,1178440000.0
1788,CHN,1994,1406.97393365064,0.11164672589125413,7.7,6.466455717864757,1191835000.0
1789,CHN,1995,1545.07897848105,0.09363377603053191,7.5,6.418364935936212,1204855000.0
1790,CHN,1996,1681.45741269443,0.08458589710302356,7.2,6.437431598525476,1217550000.0
1791,CHN,1997,1819.07954081306,0.0786697014454667,7.6,6.4224349456245085,1230075000.0
1792,CHN,1998,1944.46718626424,0.06665737296825025,8.3,6.541318557841451,1241935000.0
1793,CHN,1999,2076.93180259914,0.06590371046751375,8.0,6.4165688704684944,1252735000.0
1794,CHN,2000,2237.30047918692,0.07437828609236163,7.5,6.434707019550176,1262645000.0
1795,CHN,2001,2405.99411858042,0.07269317719144208,7.9,6.395094639270416,1271850000.0
1796,CHN,2002,2610.66275070444,0.0816409435042349,8.1,6.482036441846705,1280400000.0
1797,CHN,2003,2856.85053293219,0.09011568921711977,7.8,6.416405431716803,1288400000.0
1798,CHN,2004,3127.91444892337,0.09064666643004404,8.0,6.370072201046264,1296075000.0
1799,CHN,2005,3465.72767067642,0.10255614434031379,7.7,6.429719478039138,1303720000.0
1800,CHN,2006,3883.27464370816,0.11375616146027312,8.2,6.390911582890583,1311020000.0
1801,CHN,2007,4409.69709445986,0.12712722301504087,8.5,6.391414474528037,1317885000.0
1802,CHN,2008,4811.34486346262,0.08717064139484343,7.9,6.453467506176404,1324655000.0
1803,CHN,2009,5237.78809982377,0.08492264843059694,8.1,6.364578624998487,1331260000.0
1804,CHN,2010,5764.65012366375,0.09584517128022618,7.8,6.496171489865795,1337705000.0
1805,CHN,2011,6275.71634288814,0.08494317458957745,7.6,6.308462673893816,1345035000.0
1806,CHN,2012,6723.09003744607,0.06886023911644479,7.4,6.509811812272819,1354190000.0
1807,CHN,2013,7197.937319496,0.06824662572654283,8.0,6.456141514847992,1363240000.0
1808,CHN,2014,7686.37369520403,0.06565460963138392,8.0,6.455198563340122,1371860000.0
1809,CHN,2015,8175.33285077393,0.061672320439605244,8.3,6.482342533064276,1379860000.0
1810,CHN,2016,8679.22528805041,0.05981084051480323,8.2,6.545205971850804,1387790000.0
1811,CHN,2017,9221.35045639842,0.060589225007721126,8.4,6.471418507206885,1396215000.0
1812,CHN,2018,9798.57890566402,0.06071586836751308,8.0,6.486618001479677,1402760000.0
1813,CHN,2019,10356.2924890582,0.055356939394338056,8.3,6.457240502320248,1407745000.0
1814,CHN,2020,10573.3794064211,0.020745160639139115,8.2,6.499636653408409,1411100000.0
1815,CHN,2021,11469.3174514512,0.08133595651756487,8.5,6.514416350671813,1412360000.0
1816,CHN,2022,11830.298767861,0.030988510687221194,8.4,6.433100851520974,1412175000.0
1817,CIV,1961,1584.79700802047,0.058218109486195324,26.3,7.108489608783217,3810151.0
1818,CIV,1962,1544.73084077175,-0.02560664639782484,26.3,7.356279876550748,3956939.0
1819,CIV,1963,1701.85098116155,0.09686678910365654,26.6,7.419560422861628,4112061.0
1820,CIV,1964,1925.78185183022,0.1236155708915394,26.2,7.242082359256962,4273952.0
1821,CIV,1965,1795.15446525207,-0.0702409707722138,26.2,7.173115052429426,4442377.0
1822,CIV,1966,1927.01291240163,0.07088001888592821,26.6,7.251557726698194,4617519.0
1823,CIV,1967,1939.09574002605,0.00625066083295156,26.2,7.096638593611233,4799744.0
1824,CIV,1968,2099.19940540587,0.07933428549763821,26.5,7.4567433638424765,4990021.0
1825,CIV,1969,2209.89957239449,0.05139103562206504,26.8,7.182731978936364,5192221.0
1826,CIV,1970,2340.31065205636,0.05733660570549137,26.7,7.135368824967799,5411567.0
1827,CIV,1971,2453.14652785489,0.04708781978901655,26.0,7.211851892702013,5650868.0
1828,CIV,1972,2445.07611276194,-0.003295245229908872,26.3,7.142115685501512,5909716.0
1829,CIV,1973,2475.02677039287,0.012174959876217528,26.7,7.135050201418823,6184944.0
1830,CIV,1974,2466.81998522238,-0.0033213465008739007,26.1,7.160690615104083,6474057.0
1831,CIV,1975,2551.2970644557,0.033672016796477244,25.9,7.166034287064601,6776297.0
1832,CIV,1976,2765.86772079083,0.08075252623485074,25.8,7.135528098680009,7057958.0
1833,CIV,1977,2861.15876809449,0.03387229763156441,26.4,7.049949044685312,7321950.0
1834,CIV,1978,3055.94030479339,0.06586063089716454,26.2,7.120767683096888,7603130.0
1835,CIV,1979,3010.66074752137,-0.014927765222376266,26.4,7.27897394836171,7902267.0
1836,CIV,1980,2576.91660095729,-0.15556600381433938,26.5,7.209783945140839,8220714.0
1837,CIV,1981,2562.42591923373,-0.0056391338256638335,26.6,7.108325969443955,8556596.0
1838,CIV,1982,2466.30363782942,-0.03823390762137002,26.3,7.102334733171594,8907936.0
1839,CIV,1983,2276.86700017061,-0.0799201515961947,26.8,6.824808358161211,9272744.0
1840,CIV,1984,2128.64190478015,-0.06731620228550028,26.7,7.1924829916074815,9650516.0
1841,CIV,1985,2138.06011188618,0.004414755174382279,26.6,7.182352111885263,10040483.0
1842,CIV,1986,2123.07460132975,-0.0070336064662273046,26.4,7.0140953147534635,10440917.0
1843,CIV,1987,2035.62090959375,-0.04206443404856053,27.2,7.193911187437871,10851475.0
1844,CIV,1988,1981.38877451772,-0.027002887524733232,26.7,7.158980814423303,11275189.0
1845,CIV,1989,1962.42170003804,-0.009618728302419832,26.5,7.221251286326898,11719771.0
1846,CIV,1990,1866.0785698741,-0.05034006422811732,26.7,7.05600285544234,12189778.0
1847,CIV,1991,1794.12062566918,-0.0393242078157483,26.6,7.078088596464025,12683870.0
1848,CIV,1992,1719.71261335163,-0.04235780816043899,26.4,7.01301578963963,13200310.0
1849,CIV,1993,1649.47036183619,-0.041702948047671384,26.6,7.089326554385387,13735951.0
1850,CIV,1994,1598.69239055813,-0.0312682043478123,26.5,7.151485463904735,14287201.0
1851,CIV,1995,1647.08777075504,0.029822701856921263,26.8,7.189318670425741,14855565.0
1852,CIV,1996,1706.97650014485,0.03571493589416175,26.8,7.195937226475569,15442312.0
1853,CIV,1997,1801.13163122133,0.05369147441498079,26.8,7.0482126316773925,16047170.0
1854,CIV,1998,1808.42289027986,0.0040399827358719165,27.3,7.04656024185932,16663948.0
1855,CIV,1999,1770.86540389357,-0.02098677825838635,26.7,7.213768308118642,17215935.0
1856,CIV,2000,1717.95385651231,-0.03033439149142314,26.7,7.143854541456562,17699004.0
1857,CIV,2001,1636.57318705218,-0.048529428707944966,26.8,7.230997526832469,18178913.0
1858,CIV,2002,1551.27925902838,-0.053524616712729234,27.0,7.1515638307399305,18654771.0
1859,CIV,2003,1441.58801755037,-0.07333462301308113,27.0,7.236627278258781,19125542.0
1860,CIV,2004,1451.86547141894,0.007103965645086419,27.0,7.158124816549939,19595000.0
1861,CIV,2005,1431.73320203111,-0.013963521822823566,27.2,7.124639280125202,20068458.0
1862,CIV,2006,1437.77453798586,0.0042107186515982775,26.9,7.207489432458059,20546802.0
1863,CIV,2007,1420.1738958245,-0.012317132437563494,27.0,7.139501719103615,21030558.0
1864,CIV,2008,1454.62731800082,0.023970403019681896,26.7,7.1873547752405615,21514439.0
1865,CIV,2009,1473.9183699329,0.013174683286256261,27.0,7.200797957676014,21997940.0
1866,CIV,2010,1540.52927270246,0.04420162868338551,27.3,7.346332738540504,22488065.0
1867,CIV,2011,1426.46463864534,-0.07692693848087995,27.0,7.181896080867251,22982000.0
1868,CIV,2012,1503.43433046682,0.05255294224655138,26.7,7.122705355267819,23467078.0
1869,CIV,2013,1632.32712787006,0.08225463773554775,27.0,7.039222041724443,23939775.0
1870,CIV,2014,1742.53693001178,0.06533537466783823,27.0,7.258412150595307,24527395.0
1871,CIV,2015,1814.71855088017,0.04058833018493768,27.2,7.017506142941256,25246342.0
1872,CIV,2016,1889.27777949938,0.040264241486435814,27.4,7.112653389954997,25989405.0
1873,CIV,2017,1972.81431788947,0.04326648225704055,27.3,7.045166634805097,26733372.0
1874,CIV,2018,2013.32307598499,0.020325517505829893,27.2,7.2805594448507405,27464173.0
1875,CIV,2019,2093.09994335779,0.03885956501357235,27.1,7.265289853332751,28193009.0
1876,CIV,2020,2055.08483996432,-0.01832906181958638,27.3,7.1808311990445555,28915449.0
1877,CIV,2021,2146.46047529012,0.04350306320121078,27.5,7.212736848511979,29639736.0
1878,CIV,2022,2227.08197820584,0.03687200369520305,26.9,7.237778191923443,30395002.0
1879,CMR,1961,932.280026939942,-0.0036616363414561093,24.6,7.341289407017894,5239273.0
1880,CMR,1962,942.759289850998,0.011177762434793515,24.7,7.522562468090831,5338620.0
1881,CMR,1963,956.891728661397,0.014879258775625459,25.0,7.412220719595445,5456623.0
1882,CMR,1964,969.229047665523,0.01281071040075954,24.6,7.47550929013402,5578257.0
1883,CMR,1965,966.950594049791,-0.002353557096028247,24.7,7.427560465528704,5704686.0
1884,CMR,1966,988.594437772544,0.022136772326663667,24.8,7.497151758548155,5837295.0
1885,CMR,1967,860.08689924625,-0.13925074471101784,24.5,7.4226127638614985,5977318.0
1886,CMR,1968,892.491104144478,0.036983116481035694,24.7,7.419320629083128,6125863.0
1887,CMR,1969,912.754108454771,0.022449975449605475,25.0,7.551344500693738,6283462.0
1888,CMR,1970,916.710625779195,0.004325334529566405,24.9,7.414994479212708,6449793.0
1889,CMR,1971,923.604760607703,0.007492375633069592,24.3,7.425059868845837,6624408.0
1890,CMR,1972,922.880502053864,-0.0007844726471706309,24.5,7.3587672020462715,6806872.0
1891,CMR,1973,945.932707437732,0.02467167351092936,24.7,7.374629015218945,6996660.0
1892,CMR,1974,1018.79726418801,0.07420662503887243,24.1,7.43413924166398,7193583.0
1893,CMR,1975,1102.17636716094,0.07866396192927905,24.1,7.426072768506423,7397120.0
1894,CMR,1976,1014.07667154038,-0.08330822545158156,24.0,7.4273820587011965,7597962.0
1895,CMR,1977,1124.03776731799,0.1029488364542912,24.4,7.293901642703902,7796501.0
1896,CMR,1978,1334.48750457376,0.17161997471815837,24.3,7.465712549480399,8011921.0
1897,CMR,1979,1375.91817432986,0.03057394497103605,24.7,7.3880185971654875,8239641.0
1898,CMR,1980,1305.68366184321,-0.05239448900779653,24.6,7.426072768506423,8512219.0
1899,CMR,1981,1475.98950174546,0.12260183110928935,24.4,7.3727463664043285,8816377.0
1900,CMR,1982,1549.61272438048,0.04867643095932639,24.3,7.418120796915671,9028678.0
1901,CMR,1983,1622.46829304371,0.04594358289365008,24.7,7.204074939829503,9215397.0
1902,CMR,1984,1695.95061001327,0.04429478812384868,24.5,7.343620259481384,9475078.0
1903,CMR,1985,1778.88090277491,0.04774104478784391,24.4,7.440557635551497,9761730.0
1904,CMR,1986,1842.96431745669,0.035390857101640805,24.5,7.309279297857039,10060342.0
1905,CMR,1987,1749.42466570751,-0.05208834595237022,24.9,7.282829905766233,10370749.0
1906,CMR,1988,1565.13475286994,-0.11131504707272555,24.7,7.416258207378482,10684968.0
1907,CMR,1989,1492.28176078781,-0.047665592690528946,24.5,7.346655163176539,11002745.0
1908,CMR,1990,1360.47765296011,-0.09247047816698295,24.8,7.415656631230881,11331821.0
1909,CMR,1991,1271.04658608388,-0.06799520886739607,24.6,7.360612749392902,11667180.0
1910,CMR,1992,1196.85081918895,-0.06014685473653625,24.4,7.370482499257096,12006353.0
1911,CMR,1993,1070.98275377636,-0.11111710147478426,24.5,7.412522588164164,12353131.0
1912,CMR,1994,1060.87326552909,-0.009484284056738623,24.5,7.371992313333536,12704903.0
1913,CMR,1995,1062.01607349987,0.0010766534648443127,24.7,7.371363501139013,13058516.0
1914,CMR,1996,1077.38925202961,0.01437169754669032,24.6,7.424403916050917,13414757.0
1915,CMR,1997,1096.69757735007,0.01776270637126043,24.7,7.443195463512047,13775214.0
1916,CMR,1998,1118.50819963079,0.01969237109283739,25.2,7.371174780350858,14144860.0
1917,CMR,1999,1138.36298546565,0.017595419902407983,24.6,7.422373700986824,14525140.0
1918,CMR,2000,1151.27689302947,0.011280415425720669,24.7,7.391600174416353,14912631.0
1919,CMR,2001,1169.92670464984,0.016069433082503082,24.7,7.413487955682118,15309490.0
1920,CMR,2002,1189.96707897027,0.016984540760977218,24.9,7.419200710627534,15725528.0
1921,CMR,2003,1221.09446141454,0.02582191410210477,24.9,7.414934261827931,16160340.0
1922,CMR,2004,1271.74326874167,0.04064105568469856,25.0,7.3688442908382985,16610487.0
1923,CMR,2005,1264.74345218659,-0.005519314780430662,25.0,7.334851407216596,17074594.0
1924,CMR,2006,1277.32990712342,0.009902592105986763,24.9,7.422792023519593,17550407.0
1925,CMR,2007,1295.73067471287,0.014302874490219608,24.9,7.442258366102484,18049896.0
1926,CMR,2008,1295.02211276052,-0.0005469931160106967,24.7,7.384113673865881,18574056.0
1927,CMR,2009,1290.89961351149,-0.003188420360599409,25.0,7.343167463458253,19113974.0
1928,CMR,2010,1290.9013745759,1.3642139089498073e-06,25.2,7.389193285853536,19668066.0
1929,CMR,2011,1297.3064962694,0.004949474763080275,24.9,7.33204214133089,20232304.0
1930,CMR,2012,1319.66961634054,0.017091225506385754,24.8,7.406892862952937,20809529.0
1931,CMR,2013,1347.2130636706,0.02065664674480594,24.9,7.356535271776246,21402376.0
1932,CMR,2014,1381.81938454907,0.02536296408678762,24.9,7.343684927894121,22059893.0
1933,CMR,2015,1415.00009710569,0.023728574270293734,25.0,7.287834200699885,22763414.0
1934,CMR,2016,1435.61830727839,0.014466032842171295,25.2,7.4414376848910555,23454161.0
1935,CMR,2017,1444.90682916573,0.006449208836294851,25.0,7.394738928262557,24128601.0
1936,CMR,2018,1461.01969999317,0.011089775188512618,25.0,7.3453002805537135,24806383.0
1937,CMR,2019,1470.31785276187,0.006343987197604761,25.0,7.426430017691526,25506095.0
1938,CMR,2020,1434.51913723409,-0.024648906735457388,25.3,7.397071219260245,26210558.0
1939,CMR,2021,1443.57600237663,0.0062936731404859,25.3,7.419200710627534,26915758.0
1940,CMR,2022,1458.66180431693,0.010396072834522485,25.0,7.4089547193534955,27632771.0
1941,COD,1961,1131.98772586452,-0.14057401519562163,23.8,7.449090708952699,15662374.0
1942,COD,1962,1336.69980893441,0.16622861021066626,23.8,7.400681662860296,16075724.0
1943,COD,1963,1369.60082154168,0.024315579188749048,23.9,7.3851688864028855,16507599.0
1944,COD,1964,1300.8958995998,-0.051466145597212964,23.8,7.332630780610125,16955327.0
1945,COD,1965,1278.25079403072,-0.017560604484986975,23.9,7.33204214133089,17427802.0
1946,COD,1966,1326.48771356794,0.03704205609590794,24.1,7.377633900414722,17931929.0
1947,COD,1967,1275.64800012337,-0.0390803473660597,23.8,7.321453072016777,18462782.0
1948,COD,1968,1292.45762026881,0.013091253009171133,23.8,7.3340682196031395,19012189.0
1949,COD,1969,1372.72158763073,0.06024979165029887,24.2,7.3993369193813665,19570445.0
1950,COD,1970,1330.80191738713,-0.031013623613902475,24.1,7.333088371727768,20137436.0
1951,COD,1971,1372.67158662084,0.03097719822291367,23.7,7.284546526505694,20695569.0
1952,COD,1972,1338.80477318904,-0.02498164853905127,23.9,7.294309362198541,21251160.0
1953,COD,1973,1409.50960050226,0.05146458720819869,24.1,7.249499309532449,21827665.0
1954,COD,1974,1415.3013778405,0.004100653458615433,23.7,7.330994815189466,22418878.0
1955,COD,1975,1309.61694062181,-0.07760781357631341,23.7,7.301215279962869,23021101.0
1956,COD,1976,1208.43992183965,-0.0804044757875424,23.7,7.34833009753706,23624031.0
1957,COD,1977,1187.22781798447,-0.017709182178636595,24.1,7.372934790862381,24229061.0
1958,COD,1978,1089.43139011844,-0.08596512506004839,24.0,7.320593141419715,24992689.0
1959,COD,1979,1056.32764928325,-0.030857488585572135,24.1,7.337587743538596,25886782.0
1960,COD,1980,1046.19884187998,-0.009634966125426914,24.1,7.320923971475334,26711099.0
1961,COD,1981,1040.05243655308,-0.005892313331283816,24.1,7.297158753542951,27500515.0
1962,COD,1982,1004.68917686245,-0.03459291472348536,24.1,7.344912833822791,28338190.0
1963,COD,1983,987.078612402052,-0.0176838118179532,24.5,7.277040379635545,29250963.0
1964,COD,1984,1007.5315807597,0.020508954911245603,24.2,7.280490562467382,30245081.0
1965,COD,1985,979.229876234951,-0.028492216843297058,24.1,7.325412427855664,31264816.0
1966,COD,1986,993.629063435172,0.014597539237214185,24.1,7.342131730584722,32265196.0
1967,COD,1987,988.544179306769,-0.00513062649924656,24.6,7.342584995720205,33298904.0
1968,COD,1988,961.885634113762,-0.027337774750558985,24.4,7.3478150318548,34382752.0
1969,COD,1989,920.159121957634,-0.04434894640381515,24.0,7.356599110392247,35486866.0
1970,COD,1990,831.66294744097,-0.1011193662444212,24.3,7.329028117295815,36684063.0
1971,COD,1991,736.691215468217,-0.12125841803919268,24.1,7.30141767497115,37925817.0
1972,COD,1992,637.436883335561,-0.14471356385479428,24.1,7.262838957529376,39228910.0
1973,COD,1993,532.214450615766,-0.1804087548198492,24.0,7.280697195384741,40656336.0
1974,COD,1994,487.814601482576,-0.08711109210636714,24.1,7.268153283720993,42626876.0
1975,COD,1995,471.254216680815,-0.03453773208645394,24.3,7.281523300347047,44433704.0
1976,COD,1996,457.551785605778,-0.02950761569527227,24.1,7.259467931091055,45296124.0
1977,COD,1997,424.966609732791,-0.07387947038732445,24.2,7.340576117100157,46029902.0
1978,COD,1998,406.859287635557,-0.04354320546457391,24.5,7.288995998199437,47297600.0
1979,COD,1999,376.622893450888,-0.0772229908309745,24.0,7.326926034146413,48912971.0
1980,COD,2000,339.52682222416,-0.10369145525130019,24.3,7.287150159357117,50507442.0
1981,COD,2001,322.033920026494,-0.052896067262993895,24.4,7.273578251817858,52132646.0
1982,COD,2002,321.547848189305,-0.001510521129143072,24.5,7.369789738578196,53750524.0
1983,COD,2003,329.709536541877,0.025065714002082018,24.5,7.275864600546533,55343867.0
1984,COD,2004,341.714925752766,0.03576476446927668,24.5,7.252053951852814,56997741.0
1985,COD,2005,351.708486411683,0.028825829842232586,24.7,7.271912163268625,58775724.0
1986,COD,2006,358.454382275579,0.018998736971983732,24.4,7.362581816628025,60615908.0
1987,COD,2007,377.62283005586,0.05209448754669488,24.4,7.314486252211535,62477752.0
1988,COD,2008,393.640517898615,0.0415422082988659,24.3,7.310082134589798,64390664.0
1989,COD,2009,383.726254541217,-0.025508682125644278,24.5,7.329880827983409,66412044.0
1990,COD,2010,403.722373878525,0.05079802879567463,24.7,7.298512758218027,68563038.0
1991,COD,2011,389.119308449762,-0.03684144624526908,24.3,7.311752643815266,70849311.0
1992,COD,2012,408.966232816288,0.04974659016283223,24.2,7.310817502473991,73254618.0
1993,COD,2013,464.526715460494,0.12738647876357057,24.3,7.3325000018222575,75789395.0
1994,COD,2014,481.830241883776,0.03657278570670286,24.2,7.313153718201314,78403242.0
1995,COD,2015,495.826633014883,0.028634478659668616,24.3,7.31986492980897,81035531.0
1996,COD,2016,480.461377880475,-0.031479489254159,24.5,7.33726238157054,83956415.0
1997,COD,2017,482.854682128541,0.004968897066353506,24.4,7.343102761572171,87083398.0
1998,COD,2018,495.312105711027,0.025472337239284215,24.3,7.340835554123275,90047644.0
1999,COD,2019,482.524295129472,-0.026156808353221983,24.4,7.346074723961249,92947442.0
2000,COD,2020,470.852950000929,-0.02448543490796773,24.5,7.3459456917030055,95989998.0
2001,COD,2021,485.160805929784,0.029934557398817674,24.5,7.335699168850728,99148932.0
2002,COD,2022,513.512704372167,0.05679437520462294,24.4,7.352633389447137,102396968.0
2003,COG,1961,1259.50432623652,0.054367681394146494,24.3,7.504776947444699,1084389.0
2004,COG,1962,1290.76325572732,0.02451546282296846,24.5,7.48487413348196,1113175.0
2005,COG,1963,1206.1534137723,-0.0677974155306309,24.7,7.484480996524831,1143263.0
2006,COG,1964,1218.55873958116,0.010232500408085876,24.4,7.420758529995902,1174816.0
2007,COG,1965,1228.77600898682,0.008349759895020625,24.5,7.369348640867902,1207880.0
2008,COG,1966,1210.73883952684,-0.01478777484346594,24.8,7.524237374606597,1242534.0
2009,COG,1967,1201.40130423722,-0.007742155409549589,24.4,7.346268241136502,1278691.0
2010,COG,1968,1255.92951871902,0.04438732177074023,24.5,7.395168969737469,1316519.0
2011,COG,1969,1311.23001699027,0.043089690146114634,24.7,7.469083884921234,1356182.0
2012,COG,1970,1353.23817407044,0.031534726799050894,24.7,7.451938306402124,1397638.0
2013,COG,1971,1414.23871124911,0.04409100531556831,24.2,7.369915730766847,1441039.0
2014,COG,1972,1489.16526262926,0.051624363485967883,24.3,7.27337014249034,1486468.0
2015,COG,1973,1562.12627199102,0.04783215154456144,24.5,7.3783837129967145,1533680.0
2016,COG,1974,1633.5218596222,0.04469044595293692,23.9,7.384299968771254,1582301.0
2017,COG,1975,1711.43754680841,0.046595353951015106,24.0,7.413126052065164,1627032.0
2018,COG,1976,1685.48230892799,-0.015281928398191091,23.8,7.41728005701508,1667225.0
2019,COG,1977,1498.31802356781,-0.11770859825917768,24.2,7.428570836777475,1707568.0
2020,COG,1978,1556.66717228441,0.03820394648087522,24.2,7.281867309432279,1748089.0
2021,COG,1979,1670.77966059118,0.07074327229104682,24.6,7.384113673865881,1788524.0
2022,COG,1980,1921.96861829766,0.1400596026744525,24.4,7.452286435213299,1828985.0
2023,COG,1981,2211.31674185091,0.14023816611103435,24.6,7.4236281439696405,1869759.0
2024,COG,1982,2674.95109240622,0.190342948071053,24.3,7.3882041660894116,1910430.0
2025,COG,1983,2773.62663758927,0.03622462235087465,24.8,7.251983077619112,1950321.0
2026,COG,1984,2894.09973517119,0.04251837103695166,24.7,7.4131863784308205,1999528.0
2027,COG,1985,2776.76428489105,-0.04138776683993939,24.5,7.474828902286714,2059311.0
2028,COG,1986,2511.48682046393,-0.10041138699701868,24.5,7.36827659283838,2120602.0
2029,COG,1987,2443.79019878646,-0.027324742271537694,25.0,7.359531289953551,2183473.0
2030,COG,1988,2415.94091643835,-0.01146136959057209,24.7,7.437206366871292,2247653.0
2031,COG,1989,2408.14159896257,-0.0032334953833625946,24.5,7.3938167876015095,2313558.0
2032,COG,1990,2363.76701814587,-0.018598788670330713,24.7,7.451125534223854,2380560.0
2033,COG,1991,2352.52754080776,-0.004766241156028528,24.5,7.339862318036722,2449229.0
2034,COG,1992,2346.67913794406,-0.002489103494720979,24.3,7.31959999405434,2519465.0
2035,COG,1993,2255.94360801961,-0.03943285907433047,24.3,7.347364131657139,2595124.0
2036,COG,1994,2069.79640456567,-0.08611808972039281,24.4,7.423807221719709,2673144.0
2037,COG,1995,2092.54337905245,0.01093000673878386,24.6,7.377446359389572,2749461.0
2038,COG,1996,2122.62819294837,0.01427478063177201,24.3,7.318207928601341,2826785.0
2039,COG,1997,2064.7536042465,-0.02764413521203135,24.5,7.4226127638614985,2887862.0
2040,COG,1998,2095.34403570595,0.014706858096301012,25.2,7.38374097990542,2952061.0
2041,COG,1999,1986.8478922289,-0.053168348243259445,24.5,7.527793987721444,3032874.0
2042,COG,2000,2057.01922023551,0.034708545276722624,24.5,7.406285624653976,3151345.0
2043,COG,2001,2056.16505922617,-0.000415328350778843,24.7,7.323104709164278,3272537.0
2044,COG,2002,2100.16876714574,0.021175080712449557,24.8,7.447459862298504,3350771.0
2045,COG,2003,2058.88683675038,-0.019852240568550172,24.8,7.359467638255621,3445753.0
2046,COG,2004,2058.88402946896,-1.363495692352501e-06,24.9,7.31794255342563,3565554.0
2047,COG,2005,2140.03686200251,0.03865895137671416,24.9,7.306061489891822,3696393.0
2048,COG,2006,2226.0233547376,0.0393936904739558,24.9,7.396028498277616,3837409.0
2049,COG,2007,2004.10103961966,-0.10502114367067072,24.8,7.415837142077065,3980430.0
2050,COG,2008,2061.55829880574,0.02826655164049008,24.7,7.481161257929534,4113517.0
2051,COG,2009,2211.31572382028,0.07012553595999371,24.8,7.428095495116713,4281219.0
2052,COG,2010,2332.28508055953,0.053260819730887476,25.1,7.387275976919712,4462290.0
2053,COG,2011,2307.49384399715,-0.010686488687124296,24.7,7.406467834864325,4609724.0
2054,COG,2012,2467.06102906839,0.06686555584469467,24.8,7.386161011492017,4740450.0
2055,COG,2013,2390.65754938662,-0.031459122042680754,24.8,7.374942445718299,4857099.0
2056,COG,2014,2488.68118548992,0.04018447241415579,24.8,7.325544136779134,4975880.0
2057,COG,2015,2439.35189403696,-0.020020538959279577,24.9,7.305524180455831,5097581.0
2058,COG,2016,2174.19310251224,-0.11507477846752678,25.3,7.450486463759112,5222536.0
2059,COG,2017,2003.27121075187,-0.08187615856697406,24.9,7.464681739630791,5351011.0
2060,COG,2018,1909.9560382117,-0.04770122463958426,25.1,7.393016910616853,5483118.0
2061,COG,2019,1885.51080877731,-0.01288145487192871,25.0,7.497927983914253,5616661.0
2062,COG,2020,1725.51040049963,-0.08867587921284059,25.4,7.46014502182582,5752791.0
2063,COG,2021,1701.79060456872,-0.013841897526360114,25.3,7.397867861150586,5892183.0
2064,COG,2022,1686.00234391385,-0.00932074373899816,25.1,7.419440533160009,6035104.0
2065,COL,1961,1998.42316206119,0.01878705956269311,24.7,7.794781965169766,16095203.0
2066,COL,1962,2042.63527704771,0.021882326046701372,24.7,7.858524729272535,16599029.0
2067,COL,1963,2046.30756363644,0.0017962039182997103,24.9,7.860030724575802,17113823.0
2068,COL,1964,2108.00878137941,0.029706815820349952,24.6,7.842553682412031,17637411.0
2069,COL,1965,2119.99498736563,0.005669927820753706,24.7,7.752721852602262,18169050.0
2070,COL,1966,2167.35670771429,0.02209459378190548,24.8,7.827280773366222,18702688.0
2071,COL,1967,2194.44365471957,0.01242023612336407,24.4,7.815812205929189,19235618.0
2072,COL,1968,2262.17424281179,0.030397851011791488,24.4,7.8289141422531525,19766796.0
2073,COL,1969,2338.10714398443,0.033015284047908544,25.0,7.82464583092826,20291942.0
2074,COL,1970,2421.22502270787,0.03493193062328803,24.7,7.899709914777282,20811782.0
2075,COL,1971,2504.49731055786,0.03381442015181246,24.1,7.946334437534767,21319096.0
2076,COL,1972,2634.72068551099,0.05068913470011793,24.7,7.854846760009004,21819563.0
2077,COL,1973,2748.14553426071,0.04214915835239008,24.7,7.925157512224703,22325374.0
2078,COL,1974,2841.38134772396,0.03336399094393805,24.2,7.840116191033786,22833469.0
2079,COL,1975,2843.73101842111,0.0008266048864511433,24.1,7.9752896120793855,23344644.0
2080,COL,1976,2914.01196628327,0.024413885390852208,24.4,7.786468746500926,23858810.0
2081,COL,1977,2968.66258052749,0.018580727563324295,24.9,7.762893749862786,24393494.0
2082,COL,1978,3148.23886798572,0.058731665152276236,24.8,7.823405805968869,24950337.0
2083,COL,1979,3244.08651685293,0.02999059874386134,24.8,7.897593826151451,25515626.0
2084,COL,1980,3300.51170195765,0.017243711946745677,25.0,7.737616282857904,26104498.0
2085,COL,1981,3298.73218883264,-0.0005393081988156467,24.7,7.985075832182624,26713267.0
2086,COL,1982,3253.88046917188,-0.013689934835884543,24.9,7.857983561883989,27338331.0
2087,COL,1983,3228.35593102948,-0.007875266647300094,25.4,7.767771911777115,27988173.0
2088,COL,1984,3260.28459182748,0.009841481705969102,24.6,7.9298104449280915,28642690.0
2089,COL,1985,3289.71209715409,0.008985562809442627,24.6,7.786219525315835,29268470.0
2090,COL,1986,3410.15965281641,0.03595905672280608,24.7,7.855234552312309,29879112.0
2091,COL,1987,3520.16261987219,0.03174807816300351,25.3,7.802699792836694,30499467.0
2092,COL,1988,3588.96963573165,0.01935796438936599,24.9,7.9229859587111955,31130524.0
2093,COL,1989,3636.07569199887,0.013039841720416945,24.7,7.77863014732581,31776279.0
2094,COL,1990,3714.1849928328,0.02125427780426037,25.1,7.784930892127723,32440069.0
2095,COL,1991,3713.17727535576,-0.000271352721689766,25.0,7.694119541253216,33098372.0
2096,COL,1992,3787.5942918216,0.01984314749350169,25.1,7.649216319820633,33760571.0
2097,COL,1993,3912.6590835796,0.03248614932344296,25.0,7.749451766645321,34441473.0
2098,COL,1994,4059.32146113882,0.03679861646841687,25.0,7.80024500067034,35127410.0
2099,COL,1995,4189.72770913999,0.03161991408901521,25.2,7.855777209017746,35804662.0
2100,COL,1996,4198.69126252708,0.002137126633510178,24.9,7.885366860837876,36462745.0
2101,COL,1997,4265.6935185646,0.015831902086040017,25.2,7.696348993686096,37121149.0
2102,COL,1998,4213.82800470051,-0.012233275318525472,25.6,7.87940502897657,37792165.0
2103,COL,1999,3967.11339937681,-0.06033277253829361,24.7,7.965510850304939,38454863.0
2104,COL,2000,4016.80951748167,0.01244920835474872,24.7,7.892489398071075,39089934.0
2105,COL,2001,4020.50789754842,0.0009203021696926328,25.1,7.764635651524684,39709262.0
2106,COL,2002,4058.28493578738,0.009352217431997545,25.3,7.887546493418191,40324680.0
2107,COL,2003,4154.17528523618,0.0233534665423214,25.3,7.864304646719854,40937429.0
2108,COL,2004,4311.91591255233,0.037268411318580164,25.1,7.853721311166042,41543171.0
2109,COL,2005,4457.27537460443,0.03315534418291399,25.2,7.884990581483647,42128977.0
2110,COL,2006,4694.03442939175,0.05175475536804797,25.1,7.892190522587848,42691084.0
2111,COL,2007,4947.25260813108,0.05253996166682384,25.0,7.923637920051251,43235374.0
2112,COL,2008,5048.57187245249,0.02027301192355857,24.7,7.994564855531095,43758808.0
2113,COL,2009,5046.97121757727,-0.000317101293978439,25.3,7.773468249887321,44271541.0
2114,COL,2010,5214.24547620131,0.03260609014609095,25.4,7.97800238609335,44777319.0
2115,COL,2011,5517.1011086899,0.05645816626374334,25.1,8.03145034801771,45259614.0
2116,COL,2012,5675.75617978305,0.02835124115546428,25.3,7.775611783333895,45715810.0
2117,COL,2013,5910.80592301166,0.04057838608316544,25.5,7.782265223507725,46151584.0
2118,COL,2014,6121.83982019825,0.035080487448398756,25.6,7.748977577607445,46565429.0
2119,COL,2015,6248.51490534512,0.020481144807348528,25.9,7.618889714556469,46969940.0
2120,COL,2016,6316.07067782542,0.010753466244889154,25.8,7.7678565392049155,47437512.0
2121,COL,2017,6309.67745292518,-0.001012728177443023,25.3,7.862997456991232,48131078.0
2122,COL,2018,6353.5464285392,0.006928591252918892,25.2,7.811365957698918,49024465.0
2123,COL,2019,6439.96359812647,0.013509737946510114,25.5,7.770982729913683,49907985.0
2124,COL,2020,5891.95523215403,-0.08893498713690917,25.4,7.802413710729178,50629997.0
2125,COL,2021,6457.16921807086,0.09160311972059709,25.1,7.8711967366426245,51188173.0
2126,COL,2022,6856.72590505374,0.060039034271710534,24.9,7.9421489953235955,51737944.0
2127,COM,1981,1201.09896327368,0.024975438162456065,24.6,7.533693709848633,347382.0
2128,COM,1982,1215.69296967518,0.012077319188501079,24.7,7.5249389207350434,357139.0
2129,COM,1983,1218.84625619645,0.0025904600353943152,24.8,7.621587050734915,367233.0
2130,COM,1984,1234.65138518177,0.012883931372172697,24.2,7.528922989749918,377637.0
2131,COM,1985,1233.95209831507,-0.000566544518047607,24.4,7.482569272580218,388352.0
2132,COM,1986,1224.91930228341,-0.007347140368794136,24.5,7.490194337557661,399318.0
2133,COM,1987,1216.49074212065,-0.006904693185703081,25.0,7.3792577843516085,410439.0
2134,COM,1988,1242.8962563178,0.021474073756487577,24.9,7.550608665487616,421687.0
2135,COM,1989,1199.03755497736,-0.035925149239644405,24.4,7.739881486823533,433103.0
2136,COM,1990,1253.76230051227,0.0446296737518459,24.8,7.564134735349867,444596.0
2137,COM,1991,1148.13962801407,-0.08800595353142171,24.6,7.643482907077201,455556.0
2138,COM,1992,1207.29241949564,0.050237264754764865,24.7,7.559507384175697,465113.0
2139,COM,1993,1215.64983241848,0.0068985928663583,24.6,7.484087704950247,473682.0
2140,COM,1994,1146.70744816409,-0.05838402796831854,24.9,7.518715788554135,482142.0
2141,COM,1995,1190.50070057888,0.03747922807494852,24.8,7.412160334945205,490586.0
2142,COM,1996,1164.2036745499,-0.022336663281087077,24.6,7.62476545980661,499107.0
2143,COM,1997,1194.79519496651,0.025937473592119176,24.9,7.299189073677324,507777.0
2144,COM,1998,1174.69021233013,-0.01697032197627646,25.2,7.334720918536304,516597.0
2145,COM,1999,1185.07075486739,0.008798017799596991,24.8,7.467942332285852,525886.0
2146,COM,2000,1150.82871091807,-0.02932018050928331,24.8,7.509773526130981,536080.0
2147,COM,2001,1188.50139049127,0.03221087672805201,24.9,7.462100056661623,547220.0
2148,COM,2002,1217.11534330128,0.023790408489287707,24.9,7.516487708399718,558923.0
2149,COM,2003,1216.98069479509,-0.0001106353276281169,25.0,7.382932999501602,569798.0
2150,COM,2004,1231.14779946851,0.011573953617326715,24.8,7.337587743538596,580704.0
2151,COM,2005,1274.61470948066,0.03469703974837657,25.1,7.409378691983329,592677.0
2152,COM,2006,1227.24669435092,-0.037870743888907654,24.9,7.541576993457268,604753.0
2153,COM,2007,1212.6966173611,-0.01192671107913501,25.2,7.265429723253953,616927.0
2154,COM,2008,1235.97280465287,0.019011866753863238,24.9,7.529352750702007,629307.0
2155,COM,2009,1250.90237145763,0.012006831952486863,25.2,7.394493107219038,641947.0
2156,COM,2010,1272.60716208007,0.017202491674246367,25.2,7.508622683422787,654836.0
2157,COM,2011,1299.11093449408,0.02061245424842184,25.2,7.6473565639139665,668056.0
2158,COM,2012,1313.58187559666,0.011077528154695315,25.1,7.588829878307813,681630.0
2159,COM,2013,1343.54683280656,0.022555345157122098,25.2,7.240936391505136,696192.0
2160,COM,2014,1342.3295858321,-0.0009064058564645094,25.1,7.483075672928639,711503.0
2161,COM,2015,1329.37048235986,-0.009701092768183983,25.4,7.547185177036095,726682.0
2162,COM,2016,1345.6261652831,0.012153946467469368,25.2,7.613522490898185,741741.0
2163,COM,2017,1369.41180275963,0.01752185148021468,25.4,7.48683750325411,756669.0
2164,COM,2018,1391.84570443267,0.016249404656350386,25.2,7.554282438906856,771590.0
2165,COM,2019,1389.36488014859,-0.0017839892856681416,25.5,7.388080457299744,786578.0
2166,COM,2020,1359.7070891825,-0.02157742101589033,25.5,7.387214066998628,802163.0
2167,COM,2021,1360.32663361462,0.000455541736590348,25.3,7.39283223272535,818174.0
2168,COM,2022,1366.9513495529,0.0048581252138815145,25.1,7.593928195804746,834188.0
2169,CPV,1981,622.175843789433,0.0671732497846591,23.2,5.253842876446207,327846.0
2170,CPV,1982,630.373215165836,0.013089289166091866,22.8,5.205653681684617,332724.0
2171,CPV,1983,680.309270761066,0.0762354557100764,23.4,5.042133961155627,337654.0
2172,CPV,1984,696.047255683761,0.022870049408738602,23.0,5.753841674528938,342505.0
2173,CPV,1985,745.620229080143,0.06879884015340831,22.9,5.4240685718535975,347365.0
2174,CPV,1986,756.26010041403,0.014168970894889554,22.8,5.816813496618247,352312.0
2175,CPV,1987,777.830957355952,0.028123856931980384,23.5,5.8239330757866625,357302.0
2176,CPV,1988,813.037458467319,0.044267960754744706,23.1,5.588745664667843,362329.0
2177,CPV,1989,846.574036092057,0.04042047630673018,23.0,5.599532453282402,367803.0
2178,CPV,1990,835.120723175504,-0.013621366115027733,23.4,5.647564794657972,375428.0
2179,CPV,1991,826.681399309547,-0.010156920976134742,23.1,5.116795489924646,384586.0
2180,CPV,1992,896.519359558541,0.08110051533409468,23.1,5.5020742040620565,393415.0
2181,CPV,1993,953.861011115729,0.0619980827683726,23.2,5.462559809942086,401965.0
2182,CPV,1994,1113.93806476467,0.15513885160246677,23.0,5.298317366548036,410228.0
2183,CPV,1995,1248.28104350759,0.11386589691255278,23.3,5.9327755507593025,418104.0
2184,CPV,1996,1365.49820603623,0.08975190843994252,23.4,5.264760583019194,425581.0
2185,CPV,1997,1492.01847422507,0.08861053574046984,23.6,5.353278924622011,432798.0
2186,CPV,1998,1652.11117220593,0.1019240844654199,23.8,4.881285622068407,439784.0
2187,CPV,1999,1809.80582624137,0.0911655928446038,23.1,5.811739616161293,446519.0
2188,CPV,2000,2037.31720912714,0.11841428759324923,23.3,5.855071922202427,453317.0
2189,CPV,2001,2051.21733888102,0.006799591954537831,23.6,5.670570340450087,460293.0
2190,CPV,2002,2127.70872296502,0.03661224305369082,23.5,5.659133722987319,467046.0
2191,CPV,2003,2186.89500422765,0.02743704769650801,23.4,5.670570340450087,473383.0
2192,CPV,2004,2379.79636224135,0.08453219043796878,23.5,5.6240175061873385,479370.0
2193,CPV,2005,2514.16779255327,0.05492692926060716,23.7,5.832468815617524,485115.0
2194,CPV,2006,2683.83943856892,0.06530654442453265,23.4,5.727499001273517,490728.0
2195,CPV,2007,3056.97102851154,0.13017617014141702,23.5,5.682899263739777,496190.0
2196,CPV,2008,3238.44159287498,0.0576676584722815,23.6,5.749711406544601,501355.0
2197,CPV,2009,3159.58698693977,-0.024650905516839572,23.3,5.737861788309064,506141.0
2198,CPV,2010,3194.61667734233,0.011025786117857095,23.9,5.761736867916757,509784.0
2199,CPV,2011,3309.20121643898,0.03523973108776168,23.4,5.437209365414655,511447.0
2200,CPV,2012,3341.7421054836,0.009785423549878658,23.5,5.619675965359201,511955.0
2201,CPV,2013,3361.09387702205,0.005774220153144327,23.6,5.666426688112432,512225.0
2202,CPV,2014,3383.8422809791,0.0067453537522297324,23.4,5.623295223743515,512326.0
2203,CPV,2015,3415.06266730931,0.009184010075259152,23.6,5.716369590161673,512394.0
2204,CPV,2016,3560.1400729534,0.04160404696771458,23.7,5.818300928098793,512554.0
2205,CPV,2017,3719.71306047915,0.04384664060513721,23.7,5.673323267171493,512893.0
2206,CPV,2018,3853.67940035241,0.03538184929324828,23.2,5.698434868329605,513415.0
2207,CPV,2019,4115.90283469406,0.06582983063837844,23.3,5.892748574168825,514104.0
2208,CPV,2020,3255.93628984058,-0.23437833001530173,23.9,5.727824469136439,514679.0
2209,CPV,2021,3471.6553421786,0.06415164311844634,23.7,5.728475087246572,516649.0
2210,CPV,2022,3997.76763250653,0.14110458939026138,23.6,5.767383056065796,519741.0
2211,CRI,1961,3549.44120999308,-0.01866229164781963,24.9,7.9180462421434825,1377920.0
2212,CRI,1962,3607.71139477321,0.01628342317678033,24.7,7.997360458490272,1429445.0
2213,CRI,1963,3720.83513702117,0.030874533649335234,25.0,7.950114626099448,1481604.0
2214,CRI,1964,3725.33859573319,0.001209603595819786,24.9,7.927901394370814,1533960.0
2215,CRI,1965,3897.70431237394,0.045229996083547164,25.0,7.873521654316818,1586208.0
2216,CRI,1966,4037.23104648421,0.035171330488605435,25.1,8.09428686568813,1638116.0
2217,CRI,1967,4135.5584873949,0.024063310356364553,24.8,7.9893570388168405,1689523.0
2218,CRI,1968,4356.51329151945,0.052049650834895544,24.6,8.035635065330816,1739731.0
2219,CRI,1969,4468.50770757481,0.025382473058950694,25.1,8.054871976709862,1789276.0
2220,CRI,1970,4674.02778426133,0.04496667382173314,24.8,8.221667101608064,1838949.0
2221,CRI,1971,4859.8051244804,0.0389771587368859,24.6,8.017142640818205,1888539.0
2222,CRI,1972,5122.41307159375,0.05262729180375203,25.1,7.954091334195983,1938248.0
2223,CRI,1973,5378.29093310975,0.048745022211383215,25.0,8.102979929550363,1988343.0
2224,CRI,1974,5533.73922556654,0.028493104742105757,24.6,8.04738154374086,2039643.0
2225,CRI,1975,5506.6563625996,-0.004906149797811565,24.4,8.080949237115489,2092719.0
2226,CRI,1976,5661.54639165071,0.02773946074713507,24.6,7.87237892764693,2147774.0
2227,CRI,1977,6005.59244846011,0.05899404088798477,24.9,7.801227640775612,2205025.0
2228,CRI,1978,6214.35929015895,0.03417151890545611,25.0,7.916625192149385,2264510.0
2229,CRI,1979,6347.56045607897,0.021207930178530177,25.1,8.019217979629067,2326490.0
2230,CRI,1980,6223.6957112494,-0.019706662843253397,25.2,8.022700128937807,2390633.0
2231,CRI,1981,5919.50308422728,-0.050111389202443846,25.0,8.091474354280805,2456637.0
2232,CRI,1982,5340.05296050956,-0.10301693627641839,25.2,7.871387507165342,2524806.0
2233,CRI,1983,5344.04081178702,0.0007465025200339426,25.6,7.8899086549559945,2595153.0
2234,CRI,1984,5616.08312300214,0.04965239457696846,24.8,7.985416280897314,2667595.0
2235,CRI,1985,5503.32782901143,-0.020281498634549422,25.0,7.806370719176283,2741894.0
2236,CRI,1986,5652.72113530997,0.026784077003394913,25.1,7.840431040105615,2817216.0
2237,CRI,1987,5767.51515512581,0.020104292651906164,25.7,7.91553070097847,2892699.0
2238,CRI,1988,5813.9134626804,0.008012578986917873,25.4,8.064447778726771,2968103.0
2239,CRI,1989,5990.4953167272,0.029920181588206418,25.2,7.912093517544772,3043827.0
2240,CRI,1990,6048.58307533907,0.009649942875563866,25.6,7.954969004564246,3121706.0
2241,CRI,1991,6030.17970863724,-0.0030472294673717926,25.6,7.9115072866262866,3202176.0
2242,CRI,1992,6420.44624299731,0.06271081081890273,25.6,7.804618513190194,3284258.0
2243,CRI,1993,6706.2766889267,0.04355628355711616,25.6,7.990712328039674,3367434.0
2244,CRI,1994,6839.36232894134,0.019650593427179786,25.6,7.7999582153272025,3451122.0
2245,CRI,1995,6954.09537663888,0.01663624832966093,25.6,8.065108062672847,3535176.0
2246,CRI,1996,6884.73552958124,-0.010024029964180059,25.1,8.096726114389726,3619013.0
2247,CRI,1997,7099.52398121837,0.03072101800974636,25.6,7.949761942171126,3701711.0
2248,CRI,1998,7439.72672879908,0.046806381269474784,25.8,8.020894866930785,3782838.0
2249,CRI,1999,7589.29093683694,0.019904048166642596,24.9,7.956091299775511,3862101.0
2250,CRI,2000,7726.51985617467,0.01792038223094572,25.1,7.848114038189992,3937739.0
2251,CRI,2001,7854.23397563819,0.016394197778025088,25.5,7.864919204065872,4008947.0
2252,CRI,2002,7989.55926106105,0.017082850591796372,25.7,7.991626110995211,4075705.0
2253,CRI,2003,8207.45747826141,0.026907592603162556,25.7,8.061549956363793,4138784.0
2254,CRI,2004,8445.52917577429,0.028594020185488844,25.6,8.022995225420104,4200078.0
2255,CRI,2005,8655.33967667373,0.02453922442558465,25.4,7.984121958702927,4261240.0
2256,CRI,2006,9160.29437313379,0.05670188082270222,25.6,7.939230116662755,4321340.0
2257,CRI,2007,9779.51150221827,0.06541121917615023,25.4,8.012846533747956,4380248.0
2258,CRI,2008,10104.9092352005,0.0327318344972376,25.4,8.153234643459799,4440056.0
2259,CRI,2009,9883.67568633785,-0.022136893045255235,25.8,7.879859075675505,4499791.0
2260,CRI,2010,10285.0856777667,0.03981037782880037,25.6,8.128054085906847,4555962.0
2261,CRI,2011,10612.4694960426,0.03133482385946529,25.5,7.972983123630663,4609833.0
2262,CRI,2012,11001.5193084396,0.0360037049188211,25.5,7.672432110681004,4663934.0
2263,CRI,2013,11151.1437937744,0.013508692836323277,25.6,7.762510974738495,4716147.0
2264,CRI,2014,11422.6735972442,0.024058217126315284,25.7,7.918264686095274,4767119.0
2265,CRI,2015,11714.7106121672,0.02524507714898583,25.8,7.875917138266182,4818038.0
2266,CRI,2016,12084.4351419988,0.031072903319463663,25.7,7.840588427475604,4866998.0
2267,CRI,2017,12468.5654849336,0.03129244313885948,25.6,7.867794917786307,4913177.0
2268,CRI,2018,12708.8042828359,0.019084288114507686,25.2,8.11474353226853,4957818.0
2269,CRI,2019,12944.013449341,0.0183383954618197,25.5,8.052296499538647,4999553.0
2270,CRI,2020,12322.2359458534,-0.04922796860646095,25.6,8.057440837834248,5034320.0
2271,CRI,2021,13267.2549508035,0.07389353491485373,25.5,8.008964193497512,5059988.0
2272,CRI,2022,13931.8461614764,0.04887834467921692,25.3,7.914252278742441,5081765.0
2273,CUB,1971,2795.975227427,0.06497317059180574,25.1,7.04088659158532,8979085.0
2274,CUB,1972,2884.41117375584,0.03113981558323875,25.5,7.322444381617833,9123891.0
2275,CUB,1973,2941.1069301794,0.019465237442505057,25.2,7.210227436906553,9255328.0
2276,CUB,1974,2932.40455689131,-0.0029632630071994015,25.4,6.92912530471833,9374183.0
2277,CUB,1975,3174.5497646957,0.07934306154791315,25.6,6.901938393660572,9479726.0
2278,CUB,1976,3314.86184023098,0.04325012972012843,24.7,7.032006241319994,9571242.0
2279,CUB,1977,3574.73735429822,0.07547576050369464,24.8,7.269686385066573,9648440.0
2280,CUB,1978,3785.5968529222,0.05731185735497313,25.0,7.3474929810323975,9711980.0
2281,CUB,1979,3806.65442247557,0.00554713556911679,25.2,7.291588086963188,9763355.0
2282,CUB,1980,3606.74390099913,-0.05394530019601085,25.2,7.289951760150947,9804796.0
2283,CUB,1981,4297.33730540661,0.1751902007498174,25.0,7.027935439238242,9849320.0
2284,CUB,1982,4650.66605560812,0.07901484751106125,25.8,7.196461826480106,9912681.0
2285,CUB,1983,4863.89364258073,0.04482883107215585,25.1,7.24358445173924,9991026.0
2286,CUB,1984,5206.71097026126,0.06810908654121661,25.1,7.156254637558655,10073299.0
2287,CUB,1985,5246.13530193757,0.00754330784007351,25.3,7.1564106194650705,10157228.0
2288,CUB,1986,5206.52966743673,-0.007578129435167114,25.6,7.020458768895222,10244247.0
2289,CUB,1987,5036.67220086788,-0.03316795672674289,25.4,7.190223784381031,10335342.0
2290,CUB,1988,5174.62120636915,0.027020553237095513,25.4,7.313220387090301,10432585.0
2291,CUB,1989,5160.02681276118,-0.002824363884016634,25.6,7.030326831370318,10533243.0
2292,CUB,1990,4961.45738860948,-0.039242249825091946,26.1,7.134412649596143,10631799.0
2293,CUB,1991,4395.45493473446,-0.12112848826129685,26.0,7.158124816549939,10717640.0
2294,CUB,1992,3861.87437370304,-0.12941838300635666,25.4,7.0482126316773925,10785801.0
2295,CUB,1993,3270.55047645542,-0.1661943424937622,25.5,7.171963995248276,10841031.0
2296,CUB,1994,3280.38453264476,0.0030023389219184793,26.1,7.141799204764635,10886021.0
2297,CUB,1995,3348.88763214863,0.020667589504316908,25.7,7.337782909918554,10925362.0
2298,CUB,1996,3599.32498555978,0.07211808327857128,25.2,7.257707677160043,10962010.0
2299,CUB,1997,3687.42530352589,0.02418214092000781,25.7,7.128014675116484,10997934.0
2300,CUB,1998,3680.98418008951,-0.0017483081230373898,25.9,7.109470882882726,11034712.0
2301,CUB,1999,3895.54643322661,0.05665380376000151,25.5,7.145748033146552,11072230.0
2302,CUB,2000,4112.26168350671,0.05413920468629563,25.4,7.1048012311744735,11109109.0
2303,CUB,2001,4229.90309433356,0.02820591854168164,25.6,7.2911111015022,11144132.0
2304,CUB,2002,4277.39565642359,0.011165249243042297,25.9,7.25749623831794,11177418.0
2305,CUB,2003,4426.96599591833,0.03437013975613468,25.8,7.244798780971642,11209383.0
2306,CUB,2004,4670.18802138025,0.05348485975391526,25.6,7.010311867307229,11238756.0
2307,CUB,2005,5182.35283601732,0.10405983618628234,25.5,7.418120796915671,11262554.0
2308,CUB,2006,5799.41163668615,0.11249730186198725,25.7,7.127051438567453,11278550.0
2309,CUB,2007,6215.76603727772,0.06933250311027628,25.9,7.431951121686299,11287272.0
2310,CUB,2008,6469.08507847668,0.03994571512896172,25.6,7.279456756937492,11291762.0
2311,CUB,2009,6561.25305093006,0.014146909881096903,25.7,7.073862761913064,11294719.0
2312,CUB,2010,6716.49048497058,0.023384170278621497,24.9,7.3277805384216315,11297409.0
2313,CUB,2011,6902.16397571139,0.027269213248079183,25.9,7.238496840894365,11301571.0
2314,CUB,2012,7109.24834185635,0.02956153767843972,25.7,7.2909747781429814,11303175.0
2315,CUB,2013,7307.82004410741,0.02754849392459313,25.9,7.2440846482554395,11298167.0
2316,CUB,2014,7392.48324633027,0.011518692729376667,25.8,7.1994542727918525,11285775.0
2317,CUB,2015,7727.91997207998,0.04437603484131181,26.6,7.0496020032103734,11275065.0
2318,CUB,2016,7774.0698462623,0.005954075710457474,26.2,7.168425802187068,11265612.0
2319,CUB,2017,7927.27769431767,0.019515867705795387,26.2,7.325214831938669,11247829.0
2320,CUB,2018,8120.43123558256,0.024073575900642297,26.0,7.186295693516635,11227118.0
2321,CUB,2019,8124.75282059108,0.0005320450781631791,26.5,7.198931240688173,11202846.0
2322,CUB,2020,7252.28811179844,-0.11359828496970614,26.6,7.344977418703493,11176354.0
2323,CUB,2021,7379.04275283674,0.017326901209592904,26.2,7.050902788200622,11122168.0
2324,CUB,2022,7552.33152218842,0.023212404562720224,26.3,7.089076335442508,11059820.0
2325,CYP,1976,7484.82861328125,0.19264207986512183,17.6,6.332568896055757,662032.0
2326,CYP,1977,8708.4462890625,0.15141527227333818,18.1,6.026107490551522,667101.0
2327,CYP,1978,9350.986328125,0.07118843485042525,18.1,6.399260270554429,672249.0
2328,CYP,1979,10197.6572265625,0.08667618286255774,18.5,6.211402967473243,677549.0
2329,CYP,1980,10667.833984375,0.045075033940538134,17.8,6.13880638500591,683076.0
2330,CYP,1981,10756.251953125,0.008254118379085185,18.2,6.487379558138218,688893.0
2331,CYP,1982,11269.810546875,0.046640354959579966,17.4,5.914313487919567,696497.0
2332,CYP,1983,11801.1875,0.046072644483665215,17.4,6.256901010612443,707225.0
2333,CYP,1984,12669.4892578125,0.07099652037566528,17.8,6.230481447578482,719334.0
2334,CYP,1985,13127.521484375,0.03551422074448496,18.0,6.142467420644509,731277.0
2335,CYP,1986,13458.51953125,0.02490142479675761,18.2,6.033805387597507,743105.0
2336,CYP,1987,14253.55078125,0.05739372538832299,17.7,6.350012735428395,754785.0
2337,CYP,1988,15322.6796875,0.07232801003774547,17.9,6.479123892842133,766235.0
2338,CYP,1989,16306.3203125,0.06221871854614491,17.9,5.885826215084985,777420.0
2339,CYP,1990,17144.4609375,0.05012236214772692,18.2,5.706445592075685,788351.0
2340,CYP,1991,16829.904296875,-0.018517822311910237,17.9,6.440627510481866,798944.0
2341,CYP,1992,17928.53125,0.06323604675180228,17.0,6.082218910376446,810341.0
2342,CYP,1993,17623.275390625,-0.01717287474477125,17.9,5.9207738064852125,826034.0
2343,CYP,1994,18281.01171875,0.03664241642576371,18.7,6.445084697103193,844667.0
2344,CYP,1995,19453.837890625,0.062181461294860796,18.3,5.802420444553201,862695.0
2345,CYP,1996,19385.27734375,-0.0035304933016622186,18.5,6.24436105657154,880290.0
2346,CYP,1997,19617.17578125,0.011891619713875201,17.7,6.133398042996649,897568.0
2347,CYP,1998,20562.287109375,0.0470531772623044,18.9,6.14010004624713,914548.0
2348,CYP,1999,21349.740234375,0.03758089746389004,19.0,5.731721843345443,931234.0
2349,CYP,2000,22383.955078125,0.0473048384543624,18.3,6.251325681357355,947667.0
2350,CYP,2001,23019.240234375,0.02798598711389033,19.1,6.2675799831882975,964127.0
2351,CYP,2002,23604.177734375,0.02509332084724214,18.5,6.125120931920655,981440.0
2352,CYP,2003,23930.7734375,0.013741503221654128,18.6,6.423246963533519,999590.0
2353,CYP,2004,24799.63671875,0.03566378239657908,18.4,6.277770673379832,1017875.0
2354,CYP,2005,25631.35546875,0.03298742037365621,18.4,6.015181073725298,1036151.0
2355,CYP,2006,26395.490234375,0.02937674610481622,18.4,5.9796449703026395,1054418.0
2356,CYP,2007,27156.806640625,0.02843454884947505,18.8,6.132529987386585,1072714.0
2357,CYP,2008,27449.212890625,0.010709773296158076,18.9,5.665388086668889,1091026.0
2358,CYP,2009,26183.673828125,-0.04720141304444425,18.8,6.4446080905328875,1109371.0
2359,CYP,2010,26090.037109375,-0.003582558698083105,20.0,6.097849537811996,1127816.0
2360,CYP,2011,25538.76953125,-0.021355850166909107,18.3,6.278896588304554,1146493.0
2361,CYP,2012,24285.484375,-0.05031885030244432,19.2,6.59959835334097,1165397.0
2362,CYP,2013,22711.708984375,-0.06699821524782834,19.1,5.890815138958052,1183895.0
2363,CYP,2014,22373.56640625,-0.015000414911323645,19.3,6.164366881985445,1201801.0
2364,CYP,2015,23088.4296875,0.03145142183756988,18.8,6.254981992560465,1219502.0
2365,CYP,2016,24477.974609375,0.05844210495934021,19.4,6.041444479413003,1237112.0
2366,CYP,2017,25665.990234375,0.047393060657288544,19.0,5.912421339767529,1254275.0
2367,CYP,2018,26962.392578125,0.049276249252455884,19.9,6.347564325670818,1270737.0
2368,CYP,2019,28167.146484375,0.043713252912276346,19.4,6.48494053253886,1286671.0
2369,CYP,2020,26895.671875,-0.04619090367579126,19.6,6.203344906143481,1302247.0
2370,CYP,2021,29517.05859375,0.09300297681227576,19.7,6.132964109381682,1317309.0
2371,CYP,2022,31505.2109375,0.06518460510278423,19.1,6.173160908508018,1331370.0
2372,CZE,1991,10543.6195982395,-0.12106661348862424,7.5,6.346337869100086,10308578.0
2373,CZE,1992,10479.4918667877,-0.0061007078285157945,8.6,6.37519516307014,10319123.0
2374,CZE,1993,10475.0849147458,-0.00042061952888161613,7.7,6.444290226575984,10329855.0
2375,CZE,1994,10775.9443891717,0.02831670628094507,8.9,6.414114479970247,10333587.0
2376,CZE,1995,11453.3800188807,0.06096860611742905,8.0,6.579528951214775,10327253.0
2377,CZE,1996,11944.7171474526,0.04200421632703133,6.4,6.499937405290376,10315241.0
2378,CZE,1997,11886.3480904927,-0.004898578649008556,7.8,6.522533877351015,10304131.0
2379,CZE,1998,11850.8396211995,-0.002991803090619527,8.2,6.531897515626631,10294373.0
2380,CZE,1999,12026.4688076608,0.014711235519039079,8.5,6.448414597904655,10283860.0
2381,CZE,2000,12543.9364342367,0.042127441471672356,9.2,6.481270803649897,10255063.0
2382,CZE,2001,12958.4667607533,0.032511982256570704,8.0,6.632923618509176,10216605.0
2383,CZE,2002,13179.9878092741,0.016950225704615463,8.7,6.660959199002699,10196916.0
2384,CZE,2003,13618.9349633164,0.032761497005230567,8.3,6.22633902129789,10193998.0
2385,CZE,2004,14259.63342798,0.04597160720507709,8.0,6.450154416453444,10197101.0
2386,CZE,2005,15147.7214417611,0.060417412417452354,7.9,6.554930058198152,10211216.0
2387,CZE,2006,16107.3042502688,0.06142272848919106,8.4,6.504288173536645,10238905.0
2388,CZE,2007,16892.542854974,0.04759942411448925,9.2,6.599189995613932,10298828.0
2389,CZE,2008,17190.6470333289,0.017493185422857493,9.0,6.445084697103193,10384603.0
2390,CZE,2009,16272.8084766719,-0.05486993557048869,8.6,6.615127664137342,10443936.0
2391,CZE,2010,16665.9317825137,0.023871099522256856,7.3,6.76573077895272,10474410.0
2392,CZE,2011,16926.2846674435,0.015501096720791807,8.8,6.38839332419386,10496088.0
2393,CZE,2012,16772.3539223328,-0.009135788398168643,8.6,6.498432740546668,10510785.0
2394,CZE,2013,16759.7808635642,-0.0007499110592323888,8.2,6.591810896812385,10514272.0
2395,CZE,2014,17118.0425571578,0.021151007559931045,9.6,6.575912310744586,10525347.0
2396,CZE,2015,17931.5987670768,0.04643142323414473,9.5,6.321307717081248,10546059.0
2397,CZE,2016,18359.0978103904,0.023560794321166867,9.0,6.577861357721047,10566332.0
2398,CZE,2017,19257.6930680911,0.0477853756825084,8.9,6.557062406720952,10594438.0
2399,CZE,2018,19736.6295261285,0.024565655269936926,9.8,6.321307717081248,10629928.0
2400,CZE,2019,20360.0599221814,0.0310988587408616,9.8,6.422109953746444,10671870.0
2401,CZE,2020,19233.1469549829,-0.05693994039385153,9.6,6.568218350988079,10697858.0
2402,CZE,2021,20373.8783043424,0.05761841064704676,8.5,6.5536484631491145,10505772.0
2403,CZE,2022,20627.348651011,0.012364194662138672,9.7,6.4105037752432645,10672118.0
2404,DEU,1961,13048.0078134149,0.0343876709083446,9.1,6.640659840138745,73377632.0
2405,DEU,1962,13531.7513520588,0.03640341179931639,7.4,6.4752786216271225,74025784.0
2406,DEU,1963,13773.764810278,0.017726806134406914,7.3,6.4355091371836215,74714353.0
2407,DEU,1964,14570.4833231795,0.0562321100737897,8.2,6.392084603552947,75318337.0
2408,DEU,1965,15204.3067132182,0.042580931969057545,7.6,6.768033335807,75963695.0
2409,DEU,1966,15501.9647090644,0.019388047199932146,8.5,6.778329731541679,76600311.0
2410,DEU,1967,15380.2874847444,-0.0078801152970982,9.1,6.623002246036236,76951336.0
2411,DEU,1968,16180.0453830833,0.050692060495308056,8.4,6.6301555418718685,77294314.0
2412,DEU,1969,17243.0198518,0.06362869879937882,7.9,6.477433794875106,77909682.0
2413,DEU,1970,18062.7681725054,0.04644539736963971,7.8,6.679724806094533,78169289.0
2414,DEU,1971,18594.4728854164,0.029011567178162778,8.6,6.312823145919147,78312842.0
2415,DEU,1972,19301.5232494296,0.037319637776038306,8.1,6.417059026511312,78688452.0
2416,DEU,1973,20160.0583265478,0.043519318743566515,8.4,6.457397401983236,78936666.0
2417,DEU,1974,20331.5720957886,0.008471617132803644,9.0,6.659934739955487,78967433.0
2418,DEU,1975,20230.6392028525,-0.004976706053575697,9.1,6.415424237852311,78673554.0
2419,DEU,1976,21323.1366430529,0.052594463110517964,8.5,6.284507225801859,78336950.0
2420,DEU,1977,22086.8113636946,0.03518794894088373,8.7,6.611637727709255,78159814.0
2421,DEU,1978,22771.1009028119,0.030511568223261065,8.0,6.5564942248874845,78091820.0
2422,DEU,1979,23705.7023334262,0.04022339625150373,7.9,6.605839046502531,78126350.0
2423,DEU,1980,23989.8611451039,0.011915664816189775,7.7,6.633976111699347,78288576.0
2424,DEU,1981,24080.1212028372,0.0037553649658672583,8.3,6.774795151725907,78407907.0
2425,DEU,1982,24007.8669264184,-0.003005088530603217,9.1,6.44635453854367,78333366.0
2426,DEU,1983,24449.3797993273,0.018223284280708185,9.3,6.557630265907138,78128282.0
2427,DEU,1984,25226.6224585486,0.03129503411953394,8.2,6.588100827287083,77858685.0
2428,DEU,1985,25871.6378172177,0.02524742007346603,7.6,6.505784060128229,77684873.0
2429,DEU,1986,26451.3009266847,0.022158037757035842,8.1,6.619005970569933,77720436.0
2430,DEU,1987,26781.0162993047,0.0123879480111313,7.6,6.687233288372879,77839920.0
2431,DEU,1988,27665.556776457,0.03249491233055579,9.2,6.659934739955487,78144619.0
2432,DEU,1989,28522.1322159262,0.03049215307060038,9.7,6.430203231979072,78751283.0
2433,DEU,1990,29763.3124657124,0.04259615486156321,9.8,6.577722265989826,79433029.0
2434,DEU,1991,31056.5938822126,0.042534639447504574,8.7,6.3894013887953545,80013896.0
2435,DEU,1992,31441.9743477578,0.012332613720012375,9.6,6.5720027832852725,80624598.0
2436,DEU,1993,30932.0193060317,-0.016351892018976244,8.6,6.6596784611227156,81156363.0
2437,DEU,1994,31625.3939679554,0.022168533563945658,9.8,6.6565979812127285,81438348.0
2438,DEU,1995,32007.145402934,0.011998767260207543,9.1,6.629891515467694,81678051.0
2439,DEU,1996,32245.8608379557,0.0074305171797597325,7.4,6.3989276578788195,81914831.0
2440,DEU,1997,32795.7833455165,0.01691026169205223,9.1,6.473736363455911,82034771.0
2441,DEU,1998,33477.9856458764,0.020588127330592343,9.2,6.683736344631973,82047195.0
2442,DEU,1999,34168.8308210083,0.020425771089612965,9.7,6.612444179365865,82100243.0
2443,DEU,2000,35104.1308467844,0.02700496248264095,10.1,6.597554895099754,82211508.0
2444,DEU,2001,35618.5143698493,0.014546757749323902,9.1,6.671526488119272,82349925.0
2445,DEU,2002,35477.5151544301,-0.003966449356484603,9.7,6.7906595071058895,82488495.0
2446,DEU,2003,35270.0227284267,-0.005865731222360893,9.4,6.320048610880189,82534176.0
2447,DEU,2004,35687.6378708542,0.011770962029954646,9.1,6.579251212010101,82516260.0
2448,DEU,2005,36024.0947047021,0.009383661239215968,9.2,6.554787739831727,82469422.0
2449,DEU,2006,37459.261328042,0.039065965939730773,9.7,6.523562306149512,82376451.0
2450,DEU,2007,38593.0749910508,0.02981887812988049,10.1,6.773194785586442,82266372.0
2451,DEU,2008,39009.8477636357,0.010741265016097401,9.8,6.556920391525088,82110097.0
2452,DEU,2009,36940.4078672661,-0.054508104960424575,9.5,6.594002978797172,81902307.0
2453,DEU,2010,38526.7371042695,0.0420464544469894,8.1,6.652346767080652,81776930.0
2454,DEU,2011,40722.4849268242,0.055427924604245504,9.9,6.504886796721238,80274983.0
2455,DEU,2012,40834.5088218456,0.0027471332702102558,9.4,6.5543606631649745,80425823.0
2456,DEU,2013,40884.8926759028,0.0012330942106260068,9.0,6.5807778239227135,80645605.0
2457,DEU,2014,41602.4661281668,0.017398824850483052,10.6,6.550937467695494,80982500.0
2458,DEU,2015,41929.7549110722,0.00783626853573871,10.2,6.4760488596687455,81686611.0
2459,DEU,2016,42516.9337063103,0.013906720749712775,9.8,6.534370064337384,82348669.0
2460,DEU,2017,43543.4807050551,0.02385755858614047,9.8,6.694809552644373,82657002.0
2461,DEU,2018,43905.8550061973,0.008287687318727421,10.6,6.314815358839217,82905782.0
2462,DEU,2019,44235.2658954682,0.0074746592645169585,10.5,6.494661143709481,83092962.0
2463,DEU,2020,42372.8726784255,-0.04301397973064347,10.7,6.474662003756499,83160871.0
2464,DEU,2021,44011.0194631674,0.03793168274613379,9.4,6.624463554831649,83196078.0
2465,DEU,2022,44817.1316331389,0.018150423941623473,10.7,6.38856140554563,83177813.0
2466,DJI,2014,2253.14082249768,0.05145499378197105,28.8,5.291796149557771,1002717.0
2467,DJI,2015,2376.12554719873,0.05314607590025133,29.3,5.101085197018328,1020313.0
2468,DJI,2016,2502.85181449431,0.05195956770404031,29.3,5.332235584751498,1037653.0
2469,DJI,2017,2596.45134698268,0.036714838665008465,28.9,5.348059458442851,1054841.0
2470,DJI,2018,2677.1650334451,0.0306127650878123,28.6,5.378975269565491,1071882.0
2471,DJI,2019,2781.94350113484,0.038391373281430496,28.7,5.2663105704129505,1088709.0
2472,DJI,2020,2773.40661780097,-0.0030733940690952366,28.6,5.461286194826176,1105188.0
2473,DJI,2021,2854.15987035097,0.028701143222766845,28.7,5.0530560099802075,1121248.0
2474,DJI,2022,2959.78673011268,0.03633968137609145,28.9,5.162497643405501,1137096.0
2475,DMA,1978,3545.92645492316,0.09578648845932669,26.4,7.571679600865179,72724.0
2476,DMA,1979,2885.5951976828,-0.2060682807739651,26.5,7.778169597588765,72959.0
2477,DMA,1980,3266.22842715523,0.12390474668578566,26.7,7.674710386686802,73083.0
2478,DMA,1981,3624.75009709886,0.10414941414254919,26.8,7.7641261406440965,72986.0
2479,DMA,1982,3789.84213980664,0.04453901926191328,26.4,7.781639428205799,72688.0
2480,DMA,1983,3904.07087573657,0.029695456570872025,26.9,7.548239806958777,72365.0
2481,DMA,1984,4085.35549372837,0.04538892566240449,26.3,7.767644957205523,72056.0
2482,DMA,1985,4161.42448954896,0.018448692337235784,26.2,7.665519102628054,71744.0
2483,DMA,1986,4476.86828445206,0.07306631730153157,26.3,7.770138776787381,71406.0
2484,DMA,1987,4784.91430397708,0.0665443571069968,27.0,7.771277945317636,71023.0
2485,DMA,1988,5189.25475375496,0.0811219787020736,26.6,7.8127423646849,70608.0
2486,DMA,1989,5212.9284610785,0.004551688372909979,26.2,7.682436362523345,70153.0
2487,DMA,1990,5536.87901663922,0.06028920510338587,26.5,7.661009300274201,69627.0
2488,DMA,1991,5638.3073302382,0.018152914095001194,26.5,7.700883531905396,69296.0
2489,DMA,1992,5750.32541372085,0.019672545185249746,26.6,7.865341493263464,69325.0
2490,DMA,1993,5865.47647130041,0.019827271685603165,26.7,7.66105638236183,69433.0
2491,DMA,1994,5863.78283734011,-0.0002887878812298794,26.5,7.561121589530238,69477.0
2492,DMA,1995,6042.20196512625,0.02997357856927252,26.8,7.6768908055414204,69469.0
2493,DMA,1996,6235.05917401475,0.031419560434686744,26.7,7.804740859798287,69410.0
2494,DMA,1997,6381.53965204338,0.023221323307437203,26.8,7.4945414435506725,69299.0
2495,DMA,1998,6639.15946016126,0.039575975136129316,27.2,7.876069038923444,69124.0
2496,DMA,1999,6687.23987711733,0.007215846435592255,26.7,7.633901937805191,68870.0
2497,DMA,2000,6879.59737273918,0.02835891424264858,26.6,7.596291846984399,68511.0
2498,DMA,2001,6897.65674086518,0.0026216223233515024,27.0,7.578247768977276,68288.0
2499,DMA,2002,6676.97271467957,-0.032517052748634256,26.9,7.567552479860528,68367.0
2500,DMA,2003,7047.66189595946,0.054031217450958735,27.0,7.67684446311724,68531.0
2501,DMA,2004,7323.8530008275,0.03844063987007651,26.7,7.9893570388168405,68649.0
2502,DMA,2005,7381.74728529453,0.007873814389899536,27.0,7.931392553057174,68734.0
2503,DMA,2006,7698.53701483824,0.042019942620489914,26.8,7.703504173202802,68806.0
2504,DMA,2007,8106.18951878325,0.05159759526013019,26.8,7.622663951323595,68847.0
2505,DMA,2008,8682.57378179773,0.06869009536469406,26.5,7.82176340769874,68854.0
2506,DMA,2009,8582.71481435718,-0.011567727977672249,26.9,7.518498633287266,68864.0
2507,DMA,2010,8574.27308682238,-0.0009840571392416564,27.2,7.89744516042606,68859.0
2508,DMA,2011,8553.8384670104,-0.002386092529000905,26.7,7.923094648456425,69053.0
2509,DMA,2012,8532.34388117289,-0.0025160210442027875,26.8,7.744179954245705,69118.0
2510,DMA,2013,8459.6586988024,-0.008555274796291812,26.8,7.622761793894976,69715.0
2511,DMA,2014,8576.26367623609,0.01368951981239519,26.8,7.622223541245766,70373.0
2512,DMA,2015,8282.59874702141,-0.034841572195707826,27.1,7.365306700288633,70410.0
2513,DMA,2016,8499.52291903149,0.025853257258452444,27.1,7.824485914084677,69606.0
2514,DMA,2017,7985.6341102129,-0.06236584355898067,26.8,7.805841306201446,68496.0
2515,DMA,2018,8261.16492553236,0.03392141854622821,26.5,7.669401875966774,68174.0
2516,DMA,2019,8624.51695993537,0.04304334696836598,26.9,7.504061108092527,67880.0
2517,DMA,2020,7302.94454951254,-0.16633132693162445,26.9,7.643195371732334,67573.0
2518,DMA,2021,7738.31730070386,0.05790663118403394,26.8,7.424165281042028,67202.0
2519,DMA,2022,8590.92209069816,0.10452181394680338,26.6,7.648072264018472,66826.0
2520,DNK,1961,18508.6964571948,0.05485500713461988,8.5,6.5841005460715385,4611687.0
2521,DNK,1962,19405.895686427,0.047336220863678946,6.9,6.56512411504534,4647727.0
2522,DNK,1963,19376.2803357491,-0.0015272663616165971,6.7,6.540741357248225,4684483.0
2523,DNK,1964,21003.9109922192,0.08065900320683816,7.5,6.408199247474377,4722072.0
2524,DNK,1965,21790.2312390768,0.03675310295723122,6.9,6.57702651698799,4759012.0
2525,DNK,1966,22208.4289164776,0.019010136674799227,7.0,6.674182532177388,4797381.0
2526,DNK,1967,23330.9951603698,0.04931084320734236,8.3,6.7181673861961375,4835354.0
2527,DNK,1968,24546.6538531,0.05079280474078374,7.8,6.589476532552888,4864883.0
2528,DNK,1969,26071.0399461977,0.06024957199468517,7.3,6.418691146997659,4891860.0
2529,DNK,1970,26356.1270235795,0.010875654888838682,6.8,6.5852056712012805,4928757.0
2530,DNK,1971,27005.3650723112,0.02433478007499268,8.1,6.396929655216146,4963126.0
2531,DNK,1972,27871.0435404766,0.031552731292064706,7.9,6.402248816693747,4991596.0
2532,DNK,1973,29010.5191457583,0.04007020944144202,8.1,6.403408621313855,5021861.0
2533,DNK,1974,28597.3223069695,-0.014345405568017,8.5,6.571862874225933,5045297.0
2534,DNK,1975,28112.9709503213,-0.017082018321302073,9.0,6.25344412220739,5059862.0
2535,DNK,1976,29723.0911052326,0.05569315252871476,7.6,6.236760903063325,5072596.0
2536,DNK,1977,30218.9600410319,0.016545321295428295,7.7,6.530731844505276,5088419.0
2537,DNK,1978,30853.3720106472,0.0207765044876993,7.4,6.431008968869009,5104248.0
2538,DNK,1979,32025.1913498041,0.03727677497558801,6.6,6.582025138892826,5116801.0
2539,DNK,1980,31745.9167880971,-0.008758710809294357,7.1,6.6509256700131205,5123027.0
2540,DNK,1981,31519.6358133961,-0.007153401189647468,7.2,6.6823591926146335,5121572.0
2541,DNK,1982,32770.4867216483,0.03891760448041204,8.0,6.528542542018038,5117810.0
2542,DNK,1983,33663.5864707769,0.026888417760757122,8.4,6.537995095494749,5114297.0
2543,DNK,1984,35142.7674562678,0.043002101795799774,8.0,6.5771657055190795,5111619.0
2544,DNK,1985,36587.4452915,0.040286321922071266,6.3,6.62459629525794,5113691.0
2545,DNK,1986,38268.0683940959,0.0449106683157634,7.0,6.486618001479677,5120534.0
2546,DNK,1987,38396.5670749076,0.0033522314521885477,6.4,6.569341158123582,5127024.0
2547,DNK,1988,38482.6663594586,0.002239858976246012,8.4,6.689226065218673,5129516.0
2548,DNK,1989,38727.7183764143,0.0063476652943492695,9.2,6.371098895181625,5132594.0
2549,DNK,1990,39306.7939232431,0.014841796522309991,9.4,6.644180281873589,5140939.0
2550,DNK,1991,39776.5961774467,0.011881326287719318,8.2,6.45378246680893,5154298.0
2551,DNK,1992,40447.2328284958,0.01671952789871156,8.9,6.524002737779623,5171370.0
2552,DNK,1993,40280.8935863909,-0.004120979512252987,7.6,6.571582997369922,5188628.0
2553,DNK,1994,42270.6520867615,0.048215789189836045,8.5,6.698514632836919,5206180.0
2554,DNK,1995,43328.5293418439,0.024718253136519763,8.2,6.473582006737229,5233373.0
2555,DNK,1996,44331.6199637443,0.022886897072638135,6.8,6.251132873104564,5263074.0
2556,DNK,1997,45546.5896151864,0.02703755829420018,8.4,6.3863741412766295,5284991.0
2557,DNK,1998,46437.1921069175,0.019364942521059803,8.0,6.726712903686563,5304219.0
2558,DNK,1999,47657.1731901716,0.02593246572575758,8.8,6.739809888132689,5321799.0
2559,DNK,2000,49266.9882757886,0.03322108983653749,9.2,6.625392368007956,5339616.0
2560,DNK,2001,49557.1509962227,0.0058723214066098706,8.1,6.568499170984308,5358783.0
2561,DNK,2002,49624.5965359582,0.0013600395598967197,8.9,6.675570983015779,5375931.0
2562,DNK,2003,49708.0909084109,0.0016811060742352169,8.5,6.398761310045116,5390574.0
2563,DNK,2004,50956.3045398814,0.02480077696535332,8.5,6.607595685019244,5404523.0
2564,DNK,2005,52015.1841169021,0.02056718644906219,8.6,6.422597401964724,5419432.0
2565,DNK,2006,53823.1590295482,0.034168161572212696,9.2,6.6292311443151215,5437272.0
2566,DNK,2007,54113.9771471341,0.005388670324460776,9.2,6.713563549617695,5461438.0
2567,DNK,2008,53572.5346568185,-0.01005598647262751,9.4,6.6082704944112045,5493621.0
2568,DNK,2009,50635.9118061988,-0.05637547957749511,8.7,6.541895425466332,5523095.0
2569,DNK,2010,51209.4492757775,0.01126302713286087,6.9,6.585067597331541,5547683.0
2570,DNK,2011,51667.5313210425,0.008905492172489815,9.0,6.663388091216301,5570572.0
2571,DNK,2012,51470.689845427,-0.0038170469179128474,8.3,6.607190580699342,5591572.0
2572,DNK,2013,51970.3909324806,0.009661634824976062,8.4,6.487227293196927,5614932.0
2573,DNK,2014,52368.3625969272,0.007628490487798345,9.9,6.688603748937465,5643475.0
2574,DNK,2015,53094.0133607574,0.013761537404738178,9.2,6.698021414577845,5683483.0
2575,DNK,2016,54300.2039621991,0.02246380398607606,9.0,6.472655365744282,5728010.0
2576,DNK,2017,55601.0145717787,0.023673465641147473,8.8,6.810913927532582,5764980.0
2577,DNK,2018,56355.0733084714,0.01347081974277664,9.4,6.352455165114317,5793636.0
2578,DNK,2019,57114.6227336347,0.013387905255891397,9.4,6.699254004404797,5814422.0
2579,DNK,2020,55934.5555945523,-0.020877816548726003,10.0,6.56582819167796,5831404.0
2580,DNK,2021,59312.8158043771,0.05864304353732841,8.8,6.552079835376488,5856733.0
2581,DNK,2022,59108.7449374068,-0.0034465188213435027,9.5,6.429235489968062,5903037.0
2582,DOM,1961,1302.09311295911,-0.05499488735831193,24.7,7.355577203169126,3373233.0
2583,DOM,1962,1477.33268421226,0.12626516483091255,24.8,7.176865965848482,3479936.0
2584,DOM,1963,1525.89213859357,0.032341026532415995,24.9,7.321915805457525,3588287.0
2585,DOM,1964,1580.5448060214,0.03519035361962253,24.7,7.149445767582925,3698559.0
2586,DOM,1965,1343.16948780225,-0.1627374910681727,24.5,7.368907348504555,3808963.0
2587,DOM,1966,1480.13901665748,0.09710390306519923,24.7,7.319997371369325,3921847.0
2588,DOM,1967,1485.05706405048,0.0033171849475523985,24.6,6.879561544611355,4038928.0
2589,DOM,1968,1446.25743538776,-0.02647405782414758,24.6,7.214798704912538,4157189.0
2590,DOM,1969,1558.83667851989,0.07496068351505603,25.1,7.40184157874383,4277035.0
2591,DOM,1970,1791.74554486529,0.1392504852403409,24.8,7.489747410175919,4399290.0
2592,DOM,1971,1931.67320638194,0.07519626423014802,24.3,7.260522598089852,4524234.0
2593,DOM,1972,2073.93932780423,0.07106328202106127,24.8,7.266687672962084,4651883.0
2594,DOM,1973,2277.57291281564,0.09366050837930473,24.9,7.100274660752538,4782227.0
2595,DOM,1974,2349.43576348151,0.0310648346329776,24.4,7.280697195384741,4914197.0
2596,DOM,1975,2406.52288317358,0.024007719937071847,24.4,7.179917539775881,5046776.0
2597,DOM,1976,2502.18412803502,0.03898108305887327,24.3,7.033682835579928,5180404.0
2598,DOM,1977,2560.10264345997,0.022883351112162664,24.7,7.2602414622994145,5315443.0
2599,DOM,1978,2549.46562523603,-0.004163574310367402,24.7,7.33374171031105,5451882.0
2600,DOM,1979,2599.28947919132,0.019354351967433736,24.7,7.706432960751546,5589690.0
2601,DOM,1980,2738.15968545396,0.05204791665281139,25.4,7.250564537059231,5729037.0
2602,DOM,1981,2787.51516595226,0.017864530372686538,25.2,7.645828022895075,5868453.0
2603,DOM,1982,2769.43026558087,-0.006508958723359548,24.9,7.277524122432028,6007114.0
2604,DOM,1983,2831.5437390584,0.02218043501402267,25.4,7.272745554524583,6147248.0
2605,DOM,1984,2802.38052005369,-0.01035281205102212,24.7,7.290702075659699,6289040.0
2606,DOM,1985,2682.5999751972,-0.043682777471393486,24.6,7.295192184570911,6430404.0
2607,DOM,1986,2717.57529794529,0.012953583924831591,24.8,7.340705844025162,6571208.0
2608,DOM,1987,2929.52596237452,0.07510057418958649,25.3,7.549819669312766,6712515.0
2609,DOM,1988,2930.1670825539,0.000218823811084512,25.1,7.436558335978781,6855734.0
2610,DOM,1989,2995.08174979838,0.02191208045451898,24.8,7.186749723036352,7002295.0
2611,DOM,1990,2772.77065608381,-0.07712446947102158,25.0,7.235402979376965,7151166.0
2612,DOM,1991,2741.93908143923,-0.011181693090430045,24.9,7.260171166000486,7299853.0
2613,DOM,1992,2989.60630229953,0.08647634320280062,25.2,7.272398392570047,7447474.0
2614,DOM,1993,3147.67060324766,0.05152098098527169,25.1,7.258975372237906,7594572.0
2615,DOM,1994,3167.94494108567,0.006420405846656152,25.2,7.199230149672614,7741694.0
2616,DOM,1995,3286.36149249382,0.03669792935965077,25.3,7.393755281312472,7888115.0
2617,DOM,1996,3419.50600399521,0.03971507391232976,25.2,7.194511923357417,8032894.0
2618,DOM,1997,3659.50819044162,0.06783266682264966,25.8,7.122786010185797,8174078.0
2619,DOM,1998,3840.8718026365,0.048370608580398766,26.0,7.59729596394797,8310362.0
2620,DOM,1999,4004.19876842647,0.04164412991660704,25.4,7.166729187297174,8446208.0
2621,DOM,2000,4123.10573163115,0.02926319505517405,25.3,7.3162158960701,8584190.0
2622,DOM,2001,4158.98430282429,0.008664188746676516,25.5,7.315617511690023,8720283.0
2623,DOM,2002,4280.80182397408,0.028869447610562204,25.5,7.258059975913026,8852235.0
2624,DOM,2003,4162.66686117661,-0.02798439282512888,25.6,7.453330095074946,8980620.0
2625,DOM,2004,4212.01044121773,0.011784131917979224,25.2,7.307202314764738,9104892.0
2626,DOM,2005,4549.24957008857,0.07702221651936014,25.2,7.369348640867902,9225034.0
2627,DOM,2006,4904.71715839398,0.07523513770910562,25.3,7.337132207136614,9341183.0
2628,DOM,2007,5204.78500652254,0.05938096861214959,25.2,7.347428558420038,9455658.0
2629,DOM,2008,5308.92664966814,0.019811281251485013,24.9,7.313620307111628,9573130.0
2630,DOM,2009,5294.64953374426,-0.00269288856978811,25.1,7.34478365154642,9695265.0
2631,DOM,2010,5666.45633430206,0.0678671485105724,25.1,7.325741667643973,9820175.0
2632,DOM,2011,5773.57403459156,0.01872736827781729,24.8,7.373750886830334,9945621.0
2633,DOM,2012,5860.29893321013,0.014909309280078276,25.2,7.339602628364419,10070411.0
2634,DOM,2013,6075.03399972737,0.03598697109286775,25.5,7.254460691883379,10193833.0
2635,DOM,2014,6430.27811051339,0.05683020346415013,25.5,7.174877437468557,10315528.0
2636,DOM,2015,6800.95309395474,0.05604497389809815,25.7,7.2453697201821265,10434829.0
2637,DOM,2016,7177.75376475488,0.053923724743013324,25.7,7.645158550796619,10551430.0
2638,DOM,2017,7379.39978067137,0.027705816793385907,25.5,7.337717858690689,10666843.0
2639,DOM,2018,7818.70593240469,0.05782675430137729,25.3,7.181135566723058,10782053.0
2640,DOM,2019,8117.04639185786,0.03744728408337572,25.7,7.054536010190332,10894043.0
2641,DOM,2020,7395.8734262396,-0.09304414359178281,25.8,7.288176045984041,11008300.0
2642,DOM,2021,8344.90510312395,0.12072898577889113,25.6,7.151250326544244,11123476.0
2643,DOM,2022,8698.13592094395,0.041457555398299206,25.4,7.321188556739478,11230734.0
2644,DZA,1961,2027.2735152594,-0.16394029803782129,22.9,4.249922794040544,11628883.0
2645,DZA,1962,1604.48773834557,-0.23388725486281015,22.7,4.674696248636701,11800771.0
2646,DZA,1963,2122.43109189689,0.27975763364116357,22.7,4.663439094112067,11982118.0
2647,DZA,1964,2209.90697857327,0.04038825036152982,22.7,4.551769409260976,12179813.0
2648,DZA,1965,2311.73974611394,0.04504995441383741,22.6,4.4942386252808095,12365976.0
2649,DZA,1966,2161.49133930108,-0.0672019595971367,22.7,4.489759334476764,12590069.0
2650,DZA,1967,2313.2585876383,0.06785875619222992,22.6,4.558078578454241,12876118.0
2651,DZA,1968,2505.31409679333,0.0797569401084477,22.7,4.4520190064939165,13172614.0
2652,DZA,1969,2655.44328833884,0.058197489731949936,22.7,4.74406218485471,13475960.0
2653,DZA,1970,2826.24146248781,0.06233611946408857,22.7,4.251348311031766,13783719.0
2654,DZA,1971,2449.95226859772,-0.14287918165206204,22.3,4.6443908991413725,14098936.0
2655,DZA,1972,3050.82216641747,0.2193425748917912,22.3,4.705015520957808,14427072.0
2656,DZA,1973,3093.38055507312,0.013853406608484775,22.5,4.5736795188967205,14771147.0
2657,DZA,1974,3245.60799488701,0.04803817254511067,22.3,4.509760001183433,15133502.0
2658,DZA,1975,3290.82760114691,0.013836387437109465,22.4,4.55597994179732,15678596.0
2659,DZA,1976,3408.01820820021,0.034991868090209266,22.2,4.875960390769654,16409170.0
2660,DZA,1977,3459.30399620709,0.014936459934688173,22.7,4.368181227851829,17015994.0
2661,DZA,1978,3672.11777956222,0.05970113561879131,22.7,4.35799005684564,17506974.0
2662,DZA,1979,3830.80959219257,0.04230761534006433,22.9,4.719391330078114,18036655.0
2663,DZA,1980,3742.71024718729,-0.023266148621228666,22.7,4.627909672957581,18607174.0
2664,DZA,1981,3731.93905389477,-0.002882061837114591,22.9,4.198704577546343,19220704.0
2665,DZA,1982,3840.57538596882,0.0286942433010271,22.9,4.71492104994721,19872348.0
2666,DZA,1983,3912.93659124038,0.018665942985359507,23.1,4.041295341132285,20558115.0
2667,DZA,1984,3993.39540513038,0.020353709297941336,22.7,4.5217885770490405,21271969.0
2668,DZA,1985,4002.55619415318,0.0022913577995424816,23.0,4.511957804265912,22008544.0
2669,DZA,1986,3888.36475872916,-0.028944506810358206,22.8,4.719391330078114,22745499.0
2670,DZA,1987,3746.16566713693,-0.03725587062266733,23.3,4.446174454497633,23443624.0
2671,DZA,1988,3606.26838801656,-0.03805927792925168,23.0,4.4520190064939165,24109536.0
2672,DZA,1989,3666.85307879595,0.016660272318249625,23.1,4.330733340286331,24754485.0
2673,DZA,1990,3605.68701212608,-0.016821497910889605,23.3,4.622027303054514,25375810.0
2674,DZA,1991,3478.50976269176,-0.0359083516401526,22.6,4.541164856012179,25987928.0
2675,DZA,1992,3455.92936294162,-0.006512561189270016,22.6,4.59511985013459,26628568.0
2676,DZA,1993,3302.91950568634,-0.04528463571924135,22.8,4.2626798770413155,27277048.0
2677,DZA,1994,3201.56914402566,-0.031165728922292857,23.2,4.514150787600923,27887279.0
2678,DZA,1995,3255.18726869561,0.016608759503228043,23.3,4.507557357121091,28470191.0
2679,DZA,1996,3322.95538141474,0.020604755451440582,23.0,4.679349584162343,29033044.0
2680,DZA,1997,3297.46603361265,-0.007700257174306557,23.4,4.624972813284271,29579301.0
2681,DZA,1998,3410.88254401644,0.0338167634636477,23.2,4.350277936359301,30054133.0
2682,DZA,1999,3471.49196276497,0.017613393631505048,23.4,4.662495252607361,30474354.0
2683,DZA,2000,3553.32420521991,0.023299099175574156,23.3,4.182050142641207,30903893.0
2684,DZA,2001,3610.00605631983,0.015825888815470535,23.5,4.30406509320417,31331221.0
2685,DZA,2002,3754.66081538446,0.039288502349482,23.4,4.355425952876702,31750835.0
2686,DZA,2003,3945.89816094007,0.04967864674824973,23.5,4.76473475565943,32175818.0
2687,DZA,2004,4066.28204806495,0.030052481161567002,23.3,4.663439094112067,32628286.0
2688,DZA,2005,4223.60252133943,0.03795936166098102,23.2,4.389498649512583,33109249.0
2689,DZA,2006,4279.61547120827,0.013174720467343803,23.5,4.61512051684126,33623506.0
2690,DZA,2007,4339.25055772831,0.01383848826795564,23.3,4.598145571051127,34189416.0
2691,DZA,2008,4367.56538017541,0.006504081966586028,23.2,4.507557357121091,34816961.0
2692,DZA,2009,4336.10054052949,-0.007230281356461532,23.5,4.628886712605407,35490445.0
2693,DZA,2010,4456.6102741643,0.027412997589813415,23.7,4.637637376125593,36188236.0
2694,DZA,2011,4501.3543013352,0.009989858500590643,23.5,4.673762977453703,36903376.0
2695,DZA,2012,4518.43978956464,0.003788447605781897,23.5,4.546481189639412,37646166.0
2696,DZA,2013,4543.23444006767,0.0054724351710113694,23.2,4.603168183317418,38414171.0
2697,DZA,2014,4634.10149179952,0.019803137196772624,23.6,4.4331949212482815,39205031.0
2698,DZA,2015,4685.05902729002,0.010936187495152794,23.5,4.463606621666305,40019529.0
2699,DZA,2016,4768.73140081027,0.01770180100062113,23.7,4.31748811353631,40850721.0
2700,DZA,2017,4742.90075532529,-0.005431393594989231,23.5,4.443827035579329,41689299.0
2701,DZA,2018,4717.0035885361,-0.005475157156316968,23.2,4.6434288981051814,42505035.0
2702,DZA,2019,4672.66408678635,-0.009444387780201069,23.4,4.462453883786496,43294546.0
2703,DZA,2020,4363.68533767783,-0.06841241602386816,23.5,4.203198967134183,44042091.0
2704,DZA,2021,4456.74687637774,0.02110213871074862,23.6,4.2017030805426,44761099.0
2705,DZA,2022,4544.46688060372,0.01949132277738741,23.8,4.117409835153096,45477389.0
2706,ECU,1961,2444.25902868187,0.021745955591677912,21.4,7.461180516366945,4722331.0
2707,ECU,1962,2492.22622730745,0.019434356986034018,21.4,7.412582950944492,4859269.0
2708,ECU,1963,2472.24896775318,-0.008048128593830306,21.6,7.502352035812805,5001716.0
2709,ECU,1964,2578.95935355031,0.04225771659387867,21.0,7.5151811591366044,5149918.0
2710,ECU,1965,2586.06761738802,0.0027524612612532806,21.9,7.705397600871531,5303963.0
2711,ECU,1966,2501.91557877735,-0.03308175751006015,21.4,7.536950433049565,5463748.0
2712,ECU,1967,2540.66169170091,0.015367885668053027,21.0,7.471818306130545,5629057.0
2713,ECU,1968,2513.00216143129,-0.010946436986571051,21.0,7.476868678618635,5799680.0
2714,ECU,1969,2553.05924747148,0.015814226329175618,22.0,7.728283728869175,5975236.0
2715,ECU,1970,2648.64798630584,0.036756970967855906,21.3,7.6346756696490035,6155387.0
2716,ECU,1971,2733.31598864156,0.03146620400490985,21.0,7.676983483947418,6340052.0
2717,ECU,1972,2787.37877576185,0.019586127361633565,22.3,7.955109360366435,6529034.0
2718,ECU,1973,3085.04290357147,0.101463917090439,21.2,7.753194269884341,6722033.0
2719,ECU,1974,3333.36860850118,0.07741782240520045,20.9,7.630461261783627,6918573.0
2720,ECU,1975,3595.34513644445,0.07565660431882648,20.8,7.922369826911989,7118251.0
2721,ECU,1976,3754.40921384736,0.04329094850236892,21.7,7.685105730824157,7320912.0
2722,ECU,1977,3710.30597994154,-0.011816592045198249,21.7,7.459223681210144,7526819.0
2723,ECU,1978,3815.91235332704,0.02806543752027224,21.5,7.38044280335703,7736167.0
2724,ECU,1979,3852.47842136509,0.009536901876790793,21.7,7.325478284485803,7948869.0
2725,ECU,1980,3889.17817173943,0.009481181411972628,21.6,7.43307534889858,8165877.0
2726,ECU,1981,3999.2219866679,0.027901970463311443,21.5,7.539824610033492,8386910.0
2727,ECU,1982,3918.96098102769,-0.020273276060065015,22.2,7.5836545661325285,8611298.0
2728,ECU,1983,3804.53281852482,-0.029633359972722317,22.7,7.913447861718553,8840417.0
2729,ECU,1984,3803.57698971645,-0.00025126577756928725,21.5,7.67103468172246,9074782.0
2730,ECU,1985,3852.89105504248,0.012881852827165474,21.3,7.2955993783328985,9311154.0
2731,ECU,1986,3888.31507228661,0.009152130540167391,21.6,7.420219559416636,9545998.0
2732,ECU,1987,3785.72228032271,-0.026739224707625908,22.3,7.6839099985256905,9779290.0
2733,ECU,1988,3916.01015186151,0.0338366213528154,21.4,7.613374361037403,10010808.0
2734,ECU,1989,3866.16747717704,-0.012809616690889314,21.3,7.566466282220954,10241852.0
2735,ECU,1990,3919.71758067093,0.01375590507982416,21.9,7.447459862298504,10473673.0
2736,ECU,1991,4000.56819787678,0.020416795041274582,21.9,7.4151149031049535,10702380.0
2737,ECU,1992,4000.03146191686,-0.00013417393284242962,22.1,7.806696372521179,10930128.0
2738,ECU,1993,3996.99377481811,-0.0007597043037694817,22.0,7.626862561211614,11154274.0
2739,ECU,1994,4087.34069011974,0.02235203830517385,21.7,7.635207263234073,11372197.0
2740,ECU,1995,4100.68735341031,0.0032600462627137006,21.9,7.5116339917839,11590514.0
2741,ECU,1996,4093.84154476335,-0.0016708246012964167,21.2,7.480541102870898,11810950.0
2742,ECU,1997,4192.85523208483,0.023898159266870778,22.4,7.838855802509772,12031127.0
2743,ECU,1998,4252.04348649475,0.014017746233101036,22.6,8.009196894660407,12251184.0
2744,ECU,1999,3979.19293611513,-0.06632066886780841,21.3,7.76497518127924,12470795.0
2745,ECU,2000,3953.39879728357,-0.006503354920820215,21.3,7.644919344958857,12689206.0
2746,ECU,2001,4049.0001889951,0.023894319784668383,21.4,7.497595389676153,12910740.0
2747,ECU,2002,4174.89793579965,0.030619927761938115,22.0,7.691063039250039,13138472.0
2748,ECU,2003,4220.21298466638,0.010795685585483383,21.8,7.660020064025171,13372306.0
2749,ECU,2004,4430.23717984188,0.04856752501712336,21.7,7.49969995403292,13608701.0
2750,ECU,2005,4589.32849203452,0.035280593246607594,21.6,7.33726238157054,13846163.0
2751,ECU,2006,4706.98056823816,0.025312918803399143,21.8,7.509335266016592,14086131.0
2752,ECU,2007,4715.30359842555,0.001766669780900898,21.3,7.55924678427325,14328773.0
2753,ECU,2008,4939.90215021789,0.0465322194329989,21.5,7.781138509845015,14575202.0
2754,ECU,2009,4909.33681705683,-0.006206658480705229,22.0,7.457609289715606,14825954.0
2755,ECU,2010,5022.20374387205,0.022729965302932698,21.8,7.822925383187589,15076695.0
2756,ECU,2011,5359.45724615639,0.06499387973243209,21.6,7.698165277162293,15326227.0
2757,ECU,2012,5579.85624282158,0.04030030321603206,21.9,7.773678603492505,15572194.0
2758,ECU,2013,5893.32172683036,0.05465678598406143,21.6,7.59890045687141,15807128.0
2759,ECU,2014,6055.04172761485,0.027071469302123674,22.1,7.60698392985795,16035124.0
2760,ECU,2015,5976.1596805651,-0.013113100630047114,22.7,7.852283552267532,16266225.0
2761,ECU,2016,5849.13587933672,-0.021484230383045144,22.4,7.585128705426041,16505139.0
2762,ECU,2017,6104.27253521751,0.04269500421291639,22.1,7.84208237334239,16759519.0
2763,ECU,2018,6063.0956178776,-0.006768443926551626,22.0,7.480653886945906,17049547.0
2764,ECU,2019,5971.38938386723,-0.015240869742015661,22.1,7.777625037935556,17340021.0
2765,ECU,2020,5355.68934196443,-0.10882020367054501,22.1,7.6327886484044045,17546065.0
2766,ECU,2021,5815.09477390949,0.08229765974352787,21.8,7.607580114295323,17682454.0
2767,ECU,2022,6107.49495006543,0.04905961329132502,21.5,7.597897950521784,17823897.0
2768,EGY,1961,773.359952691995,0.024470485984505963,21.7,3.6584202466292277,27600898.0
2769,EGY,1962,782.464128955772,0.011703482789169328,22.8,2.9231615807191558,28337013.0
2770,EGY,1963,842.326112348859,0.07371916631253939,22.8,3.169685580677429,29091869.0
2771,EGY,1964,915.12863287558,0.08289739168640597,21.6,3.414442608412176,29858922.0
2772,EGY,1965,935.954213452018,0.02250192025655906,22.0,3.367295829986474,30629174.0
2773,EGY,1966,958.850656912302,0.024168776794648572,22.7,3.520460802488973,31406541.0
2774,EGY,1967,942.860658092055,-0.016816827591929595,21.5,3.417726683613366,32196360.0
2775,EGY,1968,905.164664509817,-0.04080163034802098,22.2,3.2809112157876537,32998319.0
2776,EGY,1969,930.030902265305,0.02710093695383442,22.6,3.484312288372662,33811615.0
2777,EGY,1970,959.05605529264,0.03073171115482065,22.0,3.077312260546414,34623990.0
2778,EGY,1971,975.172435737432,0.016664787534718783,21.9,3.462606009790799,35433368.0
2779,EGY,1972,982.105208413768,0.0070841269662258455,22.1,3.295836866004329,36258328.0
2780,EGY,1973,993.429316293668,0.01146447381123128,22.0,2.9856819377004897,37102043.0
2781,EGY,1974,985.862077723842,-0.007646449090707108,22.1,3.8088822465086327,37969667.0
2782,EGY,1975,1048.96951157156,0.062047079481334144,21.9,3.299533727885655,38875327.0
2783,EGY,1976,1160.7919367942,0.10129421160174346,22.0,2.990719731730447,39795557.0
2784,EGY,1977,1235.69710073316,0.06253278855588107,22.1,3.391147045808654,40748870.0
2785,EGY,1978,1309.77615132069,0.058220980886881435,22.2,3.2809112157876537,41761431.0
2786,EGY,1979,1335.53152120211,0.019473110079274214,22.7,3.3105430133940246,42818628.0
2787,EGY,1980,1431.40108169045,0.06932438617234293,22.2,3.2228678461377385,43950413.0
2788,EGY,1981,1495.85483053309,0.04404409442091506,22.1,2.7343675094195836,45147224.0
2789,EGY,1982,1599.40083221743,0.06693124281649077,21.7,3.572345637857985,46407611.0
2790,EGY,1983,1632.3820136427,0.02041122689058561,21.5,3.32862668882732,47786402.0
2791,EGY,1984,1738.32577314782,0.06288214453804031,22.0,2.9806186357439426,49247334.0
2792,EGY,1985,1785.07842980701,0.026539901858416926,22.4,3.5890591188317256,50734968.0
2793,EGY,1986,1817.0762574663,0.017766404886028653,22.3,3.417726683613366,52206295.0
2794,EGY,1987,1835.11342623572,0.009877534839120905,22.1,3.3214324131932926,53674435.0
2795,EGY,1988,1882.26797772983,0.02537112863505797,22.5,3.713572066704308,55187681.0
2796,EGY,1989,1921.85630400156,0.020814123072455004,22.2,3.4111477125153233,56710642.0
2797,EGY,1990,1972.13789303325,0.02582663524278228,22.4,3.299533727885655,58396618.0
2798,EGY,1991,1940.10019358564,-0.016378561289238647,22.4,3.754198920234579,60028997.0
2799,EGY,1992,1979.02010131332,0.019862205957458023,21.7,3.5263605246161616,61480660.0
2800,EGY,1993,1989.97920020791,0.00552236264770567,22.5,3.299533727885655,62915681.0
2801,EGY,1994,2024.95373805253,0.01742266836643669,22.7,3.673765816303888,64285589.0
2802,EGY,1995,2074.83991140246,0.02433714468363135,22.4,2.856470206220483,65652622.0
2803,EGY,1996,2133.64804177244,0.027949210823388526,22.7,3.077312260546414,67028048.0
2804,EGY,1997,2204.66575942446,0.032742703983081434,22.3,3.342861804649192,68431740.0
2805,EGY,1998,2277.2850483467,0.03240805078802644,23.1,3.250374491927572,69943294.0
2806,EGY,1999,2361.86425101369,0.036467278902295064,23.0,2.653241964607215,71520954.0
2807,EGY,2000,2458.60835003154,0.040144234428121095,22.4,3.481240089335692,73083284.0
2808,EGY,2001,2492.03441188861,0.013503931274001069,23.1,2.9338568698359038,74652029.0
2809,EGY,2002,2498.4812119434,0.0025836222654396224,23.1,3.339321977944068,76239137.0
2810,EGY,2003,2524.80477195753,0.010480709662139098,23.0,3.126760535960395,77853548.0
2811,EGY,2004,2574.42341789647,0.019461851961388277,22.9,3.2386784521643803,79477443.0
2812,EGY,2005,2635.70305226634,0.023524365746473208,22.8,3.242592351485517,81101004.0
2813,EGY,2006,2761.62410768311,0.04666899206665143,22.9,3.0252910757955354,82700403.0
2814,EGY,2007,2902.06559803259,0.04960380715248025,23.1,2.995732273553991,84276225.0
2815,EGY,2008,3052.2129784594,0.05044413560255112,23.3,3.095577608523707,85864789.0
2816,EGY,2009,3135.09661305712,0.026793096941061023,23.2,2.624668592163159,87501636.0
2817,EGY,2010,3233.84521249306,0.03101190628109407,24.5,2.653241964607215,89196072.0
2818,EGY,2011,3222.37650111397,-0.003552766293086762,22.7,3.0155349008501706,91093059.0
2819,EGY,2012,3220.99194201188,-0.00042976251804383026,23.4,3.1135153092103742,93161001.0
2820,EGY,2013,3216.37839024454,-0.0014333655884648522,23.3,3.299533727885655,95333553.0
2821,EGY,2014,3235.66246235519,0.005977683642690579,23.5,3.242592351485517,97528654.0
2822,EGY,2015,3306.98159414141,0.021802181561046297,23.3,3.261935314328648,99597342.0
2823,EGY,2016,3381.22246307712,0.022201451315376985,23.7,3.005682604407159,101644589.0
2824,EGY,2017,3452.90961245976,0.020979921967688497,23.1,2.5572273113676265,103696057.0
2825,EGY,2018,3568.63966286365,0.032967234817443014,23.9,3.6609942506244004,105682094.0
2826,EGY,2019,3701.2446344954,0.03648467442812375,23.3,3.370738174177447,107553158.0
2827,EGY,2020,3770.86947868544,0.018636455033753663,23.1,3.4781584227982836,109315124.0
2828,EGY,2021,3837.31992325256,0.017468580455751948,23.7,3.3178157727231046,110957008.0
2829,EGY,2022,4029.78295458204,0.048938330808930175,23.1,3.3945083935113587,112618250.0
2830,ERI,1993,705.988405158037,0.09489800342640553,25.6,5.948557046096705,1856006.0
2831,ERI,1994,829.915037227268,0.16172451669510846,25.5,5.922650231107622,1913915.0
2832,ERI,1995,806.702995328956,-0.028367765764270025,25.2,5.870990393640108,2025267.0
2833,ERI,1996,838.660572635214,0.03885049779229366,25.7,5.831882477283517,2128464.0
2834,ERI,1997,895.033773452053,0.0650553904708886,25.7,5.798183150077685,2152135.0
2835,ERI,1998,899.082974199102,0.00451387305488371,26.0,6.05584680603725,2180419.0
2836,ERI,1999,886.053679218386,-0.0145977915232951,26.1,5.85707564406933,2212780.0
2837,ERI,2000,845.132430060544,-0.047284197752377466,25.9,5.992214265998528,2247031.0
2838,ERI,2001,893.268735439193,0.055394134103980086,26.1,5.940171252720432,2312079.0
2839,ERI,2002,889.009113592982,-0.004779984174666296,26.4,5.861355861760962,2392978.0
2840,ERI,2003,830.379672282601,-0.06822445428849377,26.1,6.0127366823835215,2493903.0
2841,ERI,2004,808.591420184592,-0.02658928623734358,26.1,5.761422254102616,2598284.0
2842,ERI,2005,809.794793468889,0.0014871277275112504,26.4,6.013715156042802,2661215.0
2843,ERI,2006,789.402432018085,-0.025504630105911197,26.1,5.963836379990508,2703502.0
2844,ERI,2007,789.072701743247,-0.00041778330564934407,25.9,5.985446474782419,2743222.0
2845,ERI,2008,693.398874212494,-0.12925305108839957,26.1,5.899623343442402,2816327.0
2846,ERI,2009,702.430936480778,0.012941675641922501,26.7,5.755742213586912,2887885.0
2847,ERI,2010,703.877374381654,0.002057071553597467,26.9,5.926926025970411,2945186.0
2848,ERI,2011,751.374899794668,0.06530057112744814,26.3,5.814130531825066,2998485.0
2849,ESP,1961,6963.89795891376,0.10259708488499619,14.0,6.509514015963292,30739250.0
2850,ESP,1962,7586.92102970979,0.08568647852582245,13.2,6.590575735741333,31023366.0
2851,ESP,1963,8242.39255106355,0.0828648122445248,12.9,6.747351757489113,31296651.0
2852,ESP,1964,8594.11568577046,0.04178708657313379,13.5,6.338417384148478,31609195.0
2853,ESP,1965,9032.89962825538,0.04979567994517531,13.1,6.51129946503156,31954292.0
2854,ESP,1966,9588.73320087715,0.059715357895420595,13.4,6.509514015963292,32283194.0
2855,ESP,1967,9882.54411559087,0.030181195861834098,13.1,6.343704671756601,32682947.0
2856,ESP,1968,10397.6393468509,0.050808814312453876,13.3,6.44778118537358,33113134.0
2857,ESP,1969,11212.7189152091,0.07546995690230673,12.8,6.7644621091556605,33441054.0
2858,ESP,1970,11559.5954799611,0.030467118144290595,13.2,6.340888264332522,33814531.0
2859,ESP,1971,11952.1509075931,0.03339538489905003,12.8,6.643789733147672,34224490.0
2860,ESP,1972,12784.2827351544,0.0673052506606453,12.5,6.71635261345199,34604469.0
2861,ESP,1973,13628.5600609114,0.06395109018484213,13.0,6.290828124333601,34988947.0
2862,ESP,1974,14237.9022757881,0.043739987745258446,13.0,6.390408438225881,35373335.0
2863,ESP,1975,14161.1462399115,-0.005405548903144819,13.0,6.462717395754149,35757900.0
2864,ESP,1976,14475.2082357205,0.021935375107348776,13.0,6.562867732759577,36137812.0
2865,ESP,1977,14733.6858232099,0.017699015538598317,13.1,6.651959395392677,36511638.0
2866,ESP,1978,14805.9881866507,0.004895281363166859,13.2,6.488900933754956,36864898.0
2867,ESP,1979,14682.1319378567,-0.00840046612844425,13.3,6.6368647691701925,37191330.0
2868,ESP,1980,14886.4067025715,0.013817254693645253,13.1,6.344407535957036,37491165.0
2869,ESP,1981,14761.3776341084,-0.008434344248948733,13.6,6.309918278226516,37758631.0
2870,ESP,1982,14855.9108518513,0.006383672753608849,13.7,6.431170038370847,37986012.0
2871,ESP,1983,15045.4001753188,0.01267448507254798,13.7,6.2869287600018176,38171525.0
2872,ESP,1984,15250.4535062705,0.013536932440166183,13.0,6.492845712045973,38330364.0
2873,ESP,1985,15548.0400421709,0.01932534764977234,13.6,6.332035515298156,38469512.0
2874,ESP,1986,16005.9732611803,0.02902739301656254,13.4,6.356801864125367,38584624.0
2875,ESP,1987,16850.0903528198,0.05139403757546113,13.8,6.5793900912548215,38684815.0
2876,ESP,1988,17670.9748560478,0.04756743596219515,13.7,6.407704728384105,38766939.0
2877,ESP,1989,18494.9397646048,0.04557371350023587,14.4,6.607595685019244,38827764.0
2878,ESP,1990,19174.77083233,0.03609822737248969,14.2,6.295819353847015,38867322.0
2879,ESP,1991,19612.9766041957,0.022596023002302346,13.5,6.366126746061101,38966376.0
2880,ESP,1992,19698.51176766,0.0043516692950902325,13.6,6.3784261836515865,39157685.0
2881,ESP,1993,19394.4931411816,-0.015553921029663798,13.2,6.397762641520038,39361262.0
2882,ESP,1994,19762.3886289154,0.018791399972414524,14.1,6.305179796606579,39549108.0
2883,ESP,1995,20217.9031940372,0.022787941568427783,14.4,6.321487460049288,39724050.0
2884,ESP,1996,20658.8402775701,0.02157481979420517,13.7,6.7548371725574246,39889852.0
2885,ESP,1997,21310.4311888986,0.031053351609656943,14.5,6.690842277418564,40057389.0
2886,ESP,1998,22135.4045018802,0.03798166031191208,14.0,6.238129293463538,40223509.0
2887,ESP,1999,23017.838771323,0.03909117373262916,13.9,6.403408621313855,40386875.0
2888,ESP,2000,24106.8818529374,0.04622783973655942,14.0,6.496322399094181,40567864.0
2889,ESP,2001,24878.3784543991,0.031501737287001674,14.1,6.425517112068059,40850412.0
2890,ESP,2002,25205.3154769045,0.013055812813023593,14.1,6.569621663034258,41431558.0
2891,ESP,2003,25481.1653690112,0.010884662377844023,14.4,6.606650186198215,42187645.0
2892,ESP,2004,25825.3106463315,0.01341547755746042,14.0,6.3875524934035495,42921895.0
2893,ESP,2005,26294.447384391,0.018002746991760077,13.8,6.16709711575114,43653155.0
2894,ESP,2006,26899.0921497113,0.022734746132226036,14.5,6.451575656329472,44397319.0
2895,ESP,2007,27338.79541774,0.016214234031743047,13.9,6.362855674882395,45226803.0
2896,ESP,2008,27112.526293889,-0.008310925029258343,13.9,6.546928872492353,45954106.0
2897,ESP,2009,25860.8142592652,-0.047266985900837,14.4,6.435669483532077,46362946.0
2898,ESP,2010,25766.2515825743,-0.0036633026068724206,13.9,6.7156257811970965,46576897.0
2899,ESP,2011,25510.5579678829,-0.009973153021181957,14.6,6.3202285802858755,46742697.0
2900,ESP,2012,24763.568274484,-0.02971885251925599,14.1,6.2865565977347755,46773055.0
2901,ESP,2013,24498.5559507945,-0.0107593768815466,13.8,6.552222539622182,46604197.0
2902,ESP,2014,24947.8512505913,0.018173521238299628,14.7,6.483260244967167,46460733.0
2903,ESP,2015,25982.4416197775,0.040633291304395414,14.6,6.221385082701215,46422303.0
2904,ESP,2016,26719.2442268615,0.02796307577316881,14.6,6.472346294500901,46458139.0
2905,ESP,2017,27426.281015093,0.026117651482120863,14.8,6.16688736221078,46571232.0
2906,ESP,2018,27956.7225466484,0.01915597630554622,14.3,6.689972333910023,46782011.0
2907,ESP,2019,28301.4393949563,0.012254974235116123,14.5,6.352455165114317,47118501.0
2908,ESP,2020,25077.019882928,-0.12096078110847408,14.9,6.47881681468833,47359424.0
2909,ESP,2021,26705.3629138959,0.06291251917536478,14.6,6.423571586162567,47443821.0
2910,ESP,2022,28203.1093419474,0.0545678287833411,15.3,6.3211279417998645,47786102.0
2911,EST,1991,8637.20577725726,-0.07835833706224093,6.1,6.489052944091952,1561314.0
2912,EST,1992,6934.17057662389,-0.2196176781065713,6.4,6.384350873009287,1533091.0
2913,EST,1993,6706.56021122484,-0.033375263632901664,5.4,6.450154416453444,1494128.0
2914,EST,1994,6738.99904122236,0.0048252203314422815,5.5,6.4224349456245085,1462514.0
2915,EST,1995,7170.94607721168,0.062126191617794646,6.1,6.452679670320638,1436634.0
2916,EST,1996,7637.25708286963,0.06300092283943215,4.8,6.336471686179032,1415594.0
2917,EST,1997,8732.99085657194,0.1340693882853614,6.0,6.508023702721733,1399535.0
2918,EST,1998,9199.93534127632,0.05208854947448316,5.4,6.5738198220128945,1386156.0
2919,EST,1999,9133.89593384355,-0.007204134483348668,6.4,6.398262100449925,1390244.0
2920,EST,2000,10006.7696280939,0.0912695053426642,7.1,6.4752786216271225,1396985.0
2921,EST,2001,10662.9455020331,0.06351286731422512,5.9,6.612444179365865,1388115.0
2922,EST,2002,11474.6622721923,0.07336662981456321,6.2,6.238715173765425,1379350.0
2923,EST,2003,12424.0441535693,0.07949231583702421,5.8,6.3959291548825625,1370720.0
2924,EST,2004,13348.5284463324,0.07177251029819232,5.9,6.5543606631649745,1362550.0
2925,EST,2005,14703.6179707772,0.09668743393157442,6.2,6.429074108542713,1354775.0
2926,EST,2006,16234.5152041417,0.09904595999048027,6.6,6.289901082457623,1346810.0
2927,EST,2007,17543.4661785723,0.07754203912116786,6.7,6.527080339681191,1340680.0
2928,EST,2008,16688.997772178,-0.04993189680388532,7.2,6.635027498312167,1337090.0
2929,EST,2009,14274.8511086787,-0.15625036099828904,6.0,6.537705576094927,1334515.0
2930,EST,2010,14657.939813612,0.02648283017903985,4.7,6.584791392385716,1331475.0
2931,EST,2011,15820.922342204,0.07635110747692586,6.9,6.494661143709481,1327439.0
2932,EST,2012,16460.6843479001,0.03964150787779097,5.6,6.722268718845026,1322696.0
2933,EST,2013,16809.5326683781,0.020971375417447646,6.7,6.363545211196563,1317997.0
2934,EST,2014,17413.6867560212,0.03531034596653626,7.0,6.4253551293998505,1314545.0
2935,EST,2015,17722.1557669523,0.017559102864240117,7.4,6.355412975013213,1315407.0
2936,EST,2016,18264.9873304279,0.030170371539496088,6.6,6.497378126512952,1315790.0
2937,EST,2017,19270.8141210511,0.05360576304836151,6.3,6.634239062003256,1317384.0
2938,EST,2018,19914.3454922878,0.03284862138905176,7.0,6.255366090894359,1321977.0
2939,EST,2019,20579.8756732376,0.032873338211322434,7.3,6.532479842037031,1326898.0
2940,EST,2020,19946.945696898,-0.031237655527394992,8.2,6.500238066747841,1329522.0
2941,EST,2021,21570.6658455268,0.07825829526476724,6.4,6.488900933754956,1330932.0
2942,EST,2022,21023.2994937246,-0.025703006595428235,7.0,6.3578422665081,1348840.0
2943,ETH,1962,235.017038203337,0.01715237827480376,22.2,6.670639570101044,22465126.0
2944,ETH,1963,239.386778488611,0.018422549389862652,22.5,6.852031130209776,23051637.0
2945,ETH,1964,242.704624004673,0.013764600999563115,22.0,6.865056524449022,23666548.0
2946,ETH,1965,249.912231375365,0.029264616824334233,22.4,6.664026294058819,24310612.0
2947,ETH,1966,261.150022934557,0.043985260981070695,22.5,6.795258247754991,24952689.0
2948,ETH,1967,264.675697737817,0.01341025172824839,22.0,7.0315645647084235,25620276.0
2949,ETH,1968,268.128469203589,0.012960933921274176,22.0,6.84609261859003,26337930.0
2950,ETH,1969,264.47488599322,-0.013719930548742099,22.6,6.702328848473085,27072571.0
2951,ETH,1970,266.245461715207,0.006672373872785187,22.6,6.7459419828195335,27829128.0
2952,ETH,1971,275.976263514282,0.03589618858167487,22.2,6.758675055967984,28600106.0
2953,ETH,1972,280.058137263866,0.014682354442781431,22.6,6.787732236382407,29374608.0
2954,ETH,1973,286.63864651165,0.023225136373594246,23.0,6.663898686070386,30166785.0
2955,ETH,1974,288.463346176636,0.006345677153641205,22.4,6.70857236511277,30957273.0
2956,ETH,1975,285.006045430116,-0.01205763614978217,22.4,6.81783057145415,31723252.0
2957,ETH,1976,278.3136620268,-0.023761633746862465,22.7,6.8493843656558075,32534418.0
2958,ETH,1977,280.444448365703,0.007626901974874478,22.7,6.9111495120501525,33167272.0
2959,ETH,1978,283.283138767077,0.01007122752219125,22.8,6.67089305552699,33734592.0
2960,ETH,1979,276.040285482629,-0.02590007087004409,22.9,6.679096546979817,34238652.0
2961,ETH,1980,292.153506886342,0.05673255568750868,23.2,6.558765017801951,34428514.0
2962,ETH,1981,297.391843880891,0.017771236258329992,22.5,6.7039240387003005,35304012.0
2963,ETH,1982,288.690088739962,-0.029696853480382757,22.7,6.882232321751051,36701290.0
2964,ETH,1983,303.85728316787,0.0512043724854685,22.8,6.775023566528179,37740817.0
2965,ETH,1984,287.621232002049,-0.05491368002454777,22.7,6.48768401848461,38735722.0
2966,ETH,1985,248.47060503182,-0.14631989895617536,22.6,6.729585093310658,39842136.0
2967,ETH,1986,264.539002422205,0.0626641486708781,22.8,6.590163676124212,41037656.0
2968,ETH,1987,291.112259309145,0.09572026600245298,23.0,6.6555690422151965,42460039.0
2969,ETH,1988,281.374024417104,-0.03402413158018813,22.8,6.722870439785018,44150825.0
2970,ETH,1989,269.793522386618,-0.04202789748231783,22.3,6.761109698640652,45879690.0
2971,ETH,1990,267.078134508598,-0.010115680341454159,22.9,6.662238298691035,47609755.0
2972,ETH,1991,237.502454667904,-0.11736329533381262,22.9,6.638044091851593,49717198.0
2973,ETH,1992,207.967880879774,-0.1327943099348321,22.6,6.676075396645641,51853747.0
2974,ETH,1993,227.173295614208,0.0883294940994368,22.7,6.7804899279362605,53708891.0
2975,ETH,1994,226.399912642527,-0.003410182555305674,22.7,6.728748223156012,55611508.0
2976,ETH,1995,232.230450633845,0.02542723987198592,22.9,6.619673126509016,57537335.0
2977,ETH,1996,252.612985005506,0.08412841365460544,23.0,6.799613120362434,59467635.0
2978,ETH,1997,252.311666681832,-0.0011935181157651797,22.9,6.811684810231403,61404539.0
2979,ETH,1998,236.05551452188,-0.06659808749717122,23.2,6.784909448983291,63363524.0
2980,ETH,1999,240.604711286049,0.019088376365844262,22.7,6.648855007955808,65374561.0
2981,ETH,2000,247.505413659694,0.028277070388137204,23.0,6.767688290085019,67411494.0
2982,ETH,2001,260.04231608135,0.049411916789517285,23.1,6.71901315438526,69487762.0
2983,ETH,2002,256.066635883709,-0.015406664902479328,23.5,6.612309815912522,71635517.0
2984,ETH,2003,243.076666020009,-0.05206081542282437,23.3,6.666575040181776,73832663.0
2985,ETH,2004,267.923513391712,0.09732465037879567,23.3,6.741818751437505,76077206.0
2986,ETH,2005,290.833381425059,0.08204898878179101,23.3,6.769182629118197,78367470.0
2987,ETH,2006,313.013896721503,0.07349705725899813,23.3,6.79592946379988,80703490.0
2988,ETH,2007,338.799064654308,0.07915961398766047,23.1,6.765269630685382,83103217.0
2989,ETH,2008,364.642208155735,0.07350941918005116,23.0,6.7655002314012656,85543668.0
2990,ETH,2009,385.632419711374,0.05596801402363738,23.7,6.673550780308503,88007636.0
2991,ETH,2010,421.898622378633,0.08988041862841545,23.4,6.774452431667717,90538514.0
2992,ETH,2011,455.909628648555,0.0775295532397351,23.2,6.766767585681159,93149970.0
2993,ETH,2012,481.639999909808,0.05490233975143255,23.2,6.805390272304109,95798767.0
2994,ETH,2013,518.324662208106,0.07340486010957825,23.5,6.83238497195736,98438751.0
2995,ETH,2014,556.362532243867,0.07081831123069904,23.3,6.840974245291786,101115610.0
2996,ETH,2015,597.912113218663,0.07202365711099468,23.7,6.755652500772179,103867135.0
2997,ETH,2016,636.835680951429,0.06306788931726182,23.7,6.84609261859003,106718162.0
2998,ETH,2017,678.98541915757,0.06408798872809296,23.4,6.843323418822748,109666481.0
2999,ETH,2018,705.96881207336,0.038971407650605805,23.1,6.818377467830921,112664152.0
3000,ETH,2019,744.702789740042,0.05341413785160576,23.2,6.921460926038249,115737383.0
3001,ETH,2020,768.705424484873,0.031722634194049526,23.1,6.8593000587127335,118917671.0
3002,ETH,2021,790.657019602458,0.02815643716809646,23.2,6.835936991191665,122138588.0
3003,ETH,2022,811.177729337321,0.025622908289578916,23.3,6.8414017784321155,125384287.0
3004,FIN,1961,11917.5853760857,0.06623674988762929,2.9,6.443654195389016,4461005.0
3005,FIN,1962,12189.7888921421,0.022583553228280095,0.9,6.412474866551609,4491443.0
3006,FIN,1963,12501.5393666751,0.025253160834745714,1.2,6.213006817055218,4523309.0
3007,FIN,1964,13083.4676124093,0.045497632816495326,1.8,6.206575926724928,4548543.0
3008,FIN,1965,13731.411914668,0.04833662989655707,0.9,6.3218468490917905,4563732.0
3009,FIN,1966,14004.645910976,0.01970307657590631,-0.3,6.366470447731438,4580869.0
3010,FIN,1967,14231.1050912951,0.016040942999248742,2.0,6.416241966248519,4605744.0
3011,FIN,1968,14493.6698398204,0.018281922986037813,0.5,6.306275286948016,4626469.0
3012,FIN,1969,15893.3097443453,0.09218625854716933,0.5,6.131443857161423,4623785.0
3013,FIN,1970,17145.4187747689,0.07583276121016524,1.1,6.297661653557477,4606307.0
3014,FIN,1971,17527.3886120219,0.022033709946377655,0.9,6.24280675278087,4612124.0
3015,FIN,1972,18771.158896405,0.06855686960468255,2.7,6.255366090894359,4639657.0
3016,FIN,1973,19968.3795286842,0.06182840820890334,1.6,6.252481750850273,4666081.0
3017,FIN,1974,20507.0182141903,0.026617180615490454,3.2,6.5392968965030684,4690574.0
3018,FIN,1975,20784.6883614587,0.013449399690406594,3.0,6.245525201056913,4711440.0
3019,FIN,1976,20793.4910663419,0.00042342907437742383,0.4,6.081076705797669,4725664.0
3020,FIN,1977,20785.0684867374,-0.0004051405248404194,1.1,6.406714955950943,4738902.0
3021,FIN,1978,21330.5987748157,0.02590773633799337,0.1,6.137078895912954,4752528.0
3022,FIN,1979,22791.4236217199,0.06624170420853837,1.3,6.370927852677146,4764690.0
3023,FIN,1980,23945.0603707378,0.04937774676309381,0.8,6.263398262591624,4779535.0
3024,FIN,1981,24150.5782368449,0.008546268349983066,0.9,6.57702651698799,4799964.0
3025,FIN,1982,24756.9389223507,0.024797486853463724,1.8,6.305545093414294,4826933.0
3026,FIN,1983,25373.6804022849,0.024606621938806583,2.0,6.452364362104247,4855787.0
3027,FIN,1984,26052.7867322716,0.026412306605774205,2.3,6.3818160174060985,4881803.0
3028,FIN,1985,26862.7992099895,0.030617661717649014,-0.6,6.332035515298156,4902206.0
3029,FIN,1986,27513.38864514,0.02393034553572093,1.1,6.376726947898627,4918154.0
3030,FIN,1987,28412.4497948666,0.03215467615043721,-0.2,6.355065451117447,4932123.0
3031,FIN,1988,29811.9509398364,0.04808192919811205,1.8,6.40968133914131,4946481.0
3032,FIN,1989,31214.6750164216,0.04597898595797467,3.6,6.361820478102579,4964371.0
3033,FIN,1990,31291.5222587198,0.002458869179911005,2.9,6.308462673893816,4986431.0
3034,FIN,1991,29290.9773950558,-0.06606767663958557,2.3,6.396929655216146,5013740.0
3035,FIN,1992,28162.3512348846,-0.039293506503593534,2.7,6.46412090475647,5041992.0
3036,FIN,1993,27807.8614663327,-0.012667256082524503,1.7,6.290086559598097,5066447.0
3037,FIN,1994,28785.9195720485,0.03456759656243946,1.7,6.293788896296633,5088333.0
3038,FIN,1995,29890.5243289925,0.0376551542543897,2.3,6.33930054237951,5107790.0
3039,FIN,1996,30883.8347237846,0.032691380820836,1.5,6.30645775205207,5124573.0
3040,FIN,1997,32762.1179107575,0.0590400072693118,2.2,6.251132873104564,5139835.0
3041,FIN,1998,34457.4555939742,0.05045248568117522,1.3,6.549364578259901,5153498.0
3042,FIN,1999,35886.4949080548,0.040635646446327556,2.3,6.338947372677799,5165474.0
3043,FIN,2000,37872.6020343504,0.05386691088757445,3.4,6.47327322180348,5176209.0
3044,FIN,2001,38784.1308115726,0.023783214063506364,2.0,6.3768970014659105,5188008.0
3045,FIN,2002,39343.0698997627,0.014308681724802597,2.2,6.215008018443519,5200598.0
3046,FIN,2003,40038.9839702277,0.017533733767018944,2.3,6.288787496596443,5213014.0
3047,FIN,2004,41521.962874476,0.03636893438088684,2.4,6.487075005067492,5228172.0
3048,FIN,2005,42529.3506920884,0.02397192895552358,3.1,6.432296799053438,5246096.0
3049,FIN,2006,44069.3958834717,0.03557112855467004,2.9,6.236956502085953,5266268.0
3050,FIN,2007,46213.6898975737,0.047510501676246264,3.0,6.461468176353717,5288720.0
3051,FIN,2008,46359.8732844055,0.003158212848541453,3.2,6.543480097698835,5313399.0
3052,FIN,2009,42412.5133513534,-0.08899084026408666,2.4,6.310826956162734,5338871.0
3053,FIN,2010,43556.5385834368,0.026616386809333648,1.0,6.341240749355558,5363352.0
3054,FIN,2011,44391.4535667984,0.018987131958626335,3.4,6.455041318273362,5388272.0
3055,FIN,2012,43507.9345371578,-0.020103639061604284,1.8,6.582163633457136,5413971.0
3056,FIN,2013,42883.6384986417,-0.014452958404847394,3.3,6.295634937064565,5438972.0
3057,FIN,2014,42502.4880199858,-0.008927750345810281,3.5,6.315177153343887,5461512.0
3058,FIN,2015,42560.3456767103,0.0013603512399598117,3.7,6.4548840484767025,5479531.0
3059,FIN,2016,43529.6761616969,0.022519949004921713,3.1,6.466455717864757,5495303.0
3060,FIN,2017,44862.220404205,0.0301531080628461,2.6,6.4355091371836215,5508214.0
3061,FIN,2018,45337.2409550575,0.01053276671985337,3.3,6.1909299710676144,5515525.0
3062,FIN,2019,45898.5708448954,0.012305189413785556,2.9,6.468164456144597,5521606.0
3063,FIN,2020,44690.9801103074,-0.026662286288674508,4.4,6.469095266016332,5529543.0
3064,FIN,2021,45792.0454180872,0.0243387011917946,2.5,6.439350371100098,5541017.0
3065,FIN,2022,46016.1492103929,0.004882009461578463,3.4,6.3690444517266105,5556106.0
3066,FJI,1961,2143.81526224871,0.004119933195431358,25.0,7.8316966697868144,417406.0
3067,FJI,1962,2153.38612078454,0.004454468621955421,24.8,7.832688556237634,430536.0
3068,FJI,1963,2219.48309865746,0.03023278720836675,24.8,7.889646467940241,444276.0
3069,FJI,1964,2256.38661193074,0.016490359159711865,24.9,7.865686870015367,458324.0
3070,FJI,1965,2129.25178275877,-0.05799404718077028,24.2,7.699253465889035,472575.0
3071,FJI,1966,2068.36187038343,-0.029013715292848907,24.5,7.53908024589874,486487.0
3072,FJI,1967,2286.31619296212,0.10018494592235694,24.6,7.6341437933218845,498873.0
3073,FJI,1968,2413.46577169741,0.05412192105998237,24.7,7.551449575822552,510002.0
3074,FJI,1969,2424.804424889,0.004687077607833601,24.8,7.389996225892351,520797.0
3075,FJI,1970,2679.36140793474,0.09982761390127326,24.8,7.833917130651555,531188.0
3076,FJI,1971,2811.37076523068,0.04809369570172439,24.7,7.919501634628585,541121.0
3077,FJI,1972,2970.33174889747,0.05500146533232275,24.5,7.871387507165342,550499.0
3078,FJI,1973,3263.55933543943,0.09414477392073106,25.1,7.887133479726549,559222.0
3079,FJI,1974,3299.67025599267,0.011004120590552446,24.8,8.022437747827741,567489.0
3080,FJI,1975,3268.68433254542,-0.009434981893944538,24.9,7.991592282068092,575906.0
3081,FJI,1976,3302.90292111927,0.010414195693835282,24.8,7.755595849218563,585534.0
3082,FJI,1977,3426.10600739215,0.03662258659918294,24.7,7.569566579232229,597805.0
3083,FJI,1978,3408.49389037172,-0.0051538221016933505,24.6,7.5334797832246485,612091.0
3084,FJI,1979,3735.0419710152,0.09148853639046806,24.7,7.65728279297819,626862.0
3085,FJI,1980,3588.63389797973,-0.03998745547155558,24.7,7.728019574601547,641975.0
3086,FJI,1981,3725.85925042297,0.03752589621580249,24.9,7.777289776847845,657471.0
3087,FJI,1982,3420.17355509609,-0.08560619959444615,24.8,7.757478766584179,673414.0
3088,FJI,1983,3206.53995251083,-0.06449883751132113,25.0,7.52191336329171,689835.0
3089,FJI,1984,3392.64400931294,0.05641710176469772,25.2,7.655059150494037,706716.0
3090,FJI,1985,3159.91256608419,-0.07106520288908946,25.1,7.8535271401784605,723761.0
3091,FJI,1986,3333.21187514255,0.05339200794951182,24.7,7.773594467360194,739306.0
3092,FJI,1987,3066.12840418725,-0.08352070659718258,24.7,7.375694278345656,750540.0
3093,FJI,1988,3062.15306054663,-0.001297376506316894,25.3,7.747769535351635,758697.0
3094,FJI,1989,3257.20435244676,0.061750983762676626,24.8,7.7776669376694985,766321.0
3095,FJI,1990,3414.95052754862,0.04729373924519642,25.0,7.686162303492906,773316.0
3096,FJI,1991,3295.7268636798,-0.03553626652500341,24.8,7.5515546399117435,779656.0
3097,FJI,1992,3471.43143388926,0.05194028628379144,24.7,7.519041433061762,785346.0
3098,FJI,1993,3522.84229699877,0.01470110865117924,24.4,7.787340531847876,790369.0
3099,FJI,1994,3682.00010727317,0.044187977426187075,24.7,7.550924089735841,794771.0
3100,FJI,1995,3755.26832131607,0.019703627792646117,25.0,7.5688956634069955,798746.0
3101,FJI,1996,3910.82964905101,0.040589798208955585,25.1,7.953072270592023,803789.0
3102,FJI,1997,3785.46685383881,-0.03258031550945617,25.0,7.807225333125949,812139.0
3103,FJI,1998,3787.48699562496,0.0005335148937177792,25.3,7.259538276840441,822258.0
3104,FJI,1999,4073.37706349238,0.07276966340474011,25.0,7.987320654730013,831828.0
3105,FJI,2000,3960.88903458193,-0.028003896984458265,25.2,8.271727341097536,840909.0
3106,FJI,2001,3998.79730008036,0.009525137176682463,25.3,7.829033552367331,849596.0
3107,FJI,2002,4086.1043298133,0.021598388624690656,24.9,7.805026277019038,858049.0
3108,FJI,2003,4087.72446536081,0.00039642023568831064,25.1,7.478734825567875,866286.0
3109,FJI,2004,4264.59725802376,0.042359297159098475,25.2,7.604147189706971,874366.0
3110,FJI,2005,4255.45096025011,-0.002147006930655948,25.3,7.739141503765848,882379.0
3111,FJI,2006,4295.40677074806,0.009345518908620676,25.0,7.7085004701401,890365.0
3112,FJI,2007,4223.44802067613,-0.016894397983916676,25.5,8.0084986286592,897832.0
3113,FJI,2008,4240.77264898616,0.004093620235012807,25.1,7.987184748233473,903399.0
3114,FJI,2009,4164.29314815569,-0.01819893228826075,24.9,7.742445423651686,907239.0
3115,FJI,2010,4272.35916210382,0.02561962276161367,25.4,7.651025068945293,910419.0
3116,FJI,2011,4375.58083514077,0.023873101665243368,25.2,8.130176853376533,912989.0
3117,FJI,2012,4427.97841523552,0.011903866911120886,24.9,8.19836438996762,914918.0
3118,FJI,2013,4630.3512738488,0.044689594075592254,25.2,7.839052842962814,916352.0
3119,FJI,2014,4883.24299340799,0.053176812678387364,25.0,7.462272376372553,917585.0
3120,FJI,2015,5097.53106864695,0.04294677134671332,25.0,7.357938780778566,918578.0
3121,FJI,2016,5218.85824573477,0.0235223327724583,25.4,7.976286295611792,919166.0
3122,FJI,2017,5500.67840280072,0.05259277949610208,25.4,7.850064573254846,918759.0
3123,FJI,2018,5720.21445752907,0.039134866668185,25.2,7.907614802275609,917180.0
3124,FJI,2019,5701.10434532357,-0.0033463963958766385,25.5,7.737441823680909,914899.0
3125,FJI,2020,4721.12281287253,-0.18861324547731861,25.7,7.825325192354672,914963.0
3126,FJI,2021,4507.33353013335,-0.04634091172813548,25.5,7.856358300323539,916711.0
3127,FJI,2022,5291.51692439451,0.1603992142954791,25.4,8.183369444447948,919422.0
3128,FRA,1961,11192.7696024924,0.037935111858791615,11.4,6.677461223639086,47905982.0
3129,FRA,1962,11840.6630184201,0.05627162744119829,9.9,6.647818066838915,48389516.0
3130,FRA,1963,12437.8916843647,0.04920796813367545,9.5,6.798944373123957,48877567.0
3131,FRA,1964,13116.0613030999,0.0530899386897552,10.6,6.606379879398354,49401492.0
3132,FRA,1965,13619.4227770773,0.037659386396818206,10.0,6.909553660923517,49877725.0
3133,FRA,1966,14199.1418506395,0.041684610441866,10.9,6.875128776155043,50311637.0
3134,FRA,1967,14760.3285518192,0.038761548805423374,10.8,6.61472560020376,50722791.0
3135,FRA,1968,15313.2422666741,0.03677488315546995,10.4,6.826436757804549,51112980.0
3136,FRA,1969,16264.8940394037,0.06029108357712509,10.3,6.744530217879171,51536014.0
3137,FRA,1970,17116.859268108,0.05105485465267812,10.4,6.718409107251218,52007169.0
3138,FRA,1971,17853.8971347786,0.04215791135595204,10.5,6.66721121298776,52499553.0
3139,FRA,1972,18496.7852509799,0.03537513549302673,10.2,6.764115828780526,52962356.0
3140,FRA,1973,19484.4620579649,0.05202038363442085,10.5,6.576748081791982,53392161.0
3141,FRA,1974,20210.490760679,0.036584483780897514,10.8,6.8074928570437425,53746571.0
3142,FRA,1975,19924.3722074097,-0.014258097786306934,10.7,6.7151409327027505,54002853.0
3143,FRA,1976,20700.6186231805,0.038219868606377716,11.0,6.633713092234391,54232383.0
3144,FRA,1977,21336.3877815302,0.030250376699331838,10.7,6.909354000345834,54486467.0
3145,FRA,1978,22078.7228161384,0.03420041456199918,10.2,6.719616836866618,54734030.0
3146,FRA,1979,22792.2359498683,0.031805573188943725,10.4,6.899622295751948,54979851.0
3147,FRA,1980,23050.9255953042,0.011285975162071082,10.0,6.743941393743922,55274184.0
3148,FRA,1981,23186.7612665684,0.005875556121488046,10.7,6.865995344733905,55603353.0
3149,FRA,1982,23666.5121788084,0.02047957995951144,11.4,6.830226076472899,55806789.0
3150,FRA,1983,23836.4018927227,0.007152842791878555,11.2,6.704046640306535,56108330.0
3151,FRA,1984,24102.0176176027,0.011081652077335136,10.5,6.829253050827179,56383085.0
3152,FRA,1985,24358.1382748825,0.010570458858554233,10.2,6.5766088351162715,56665619.0
3153,FRA,1986,24813.0302579158,0.018502914391477887,10.4,6.782758788807452,56956002.0
3154,FRA,1987,25308.620924146,0.019776156866859296,10.3,6.795705775173514,57266167.0
3155,FRA,1988,26374.1221811161,0.04123822332777749,11.3,6.801839053390588,57598186.0
3156,FRA,1989,27372.0534763161,0.03713923776537875,11.8,6.514564531749361,57943062.0
3157,FRA,1990,27992.9751471374,0.022431044320230242,11.8,6.6542813778600935,58261012.0
3158,FRA,1991,28197.2359540607,0.007270366231344028,10.8,6.581886625145115,58554242.0
3159,FRA,1992,28482.5194675509,0.01006658975479624,11.3,6.771133401439172,58846584.0
3160,FRA,1993,28257.0962487817,-0.007945926386053515,10.9,6.795370148387346,59103094.0
3161,FRA,1994,28822.5006495069,0.019811733964193223,12.1,6.875128776155043,59324863.0
3162,FRA,1995,29379.6158424052,0.019144740520815162,11.6,6.786152457222888,59541294.0
3163,FRA,1996,29683.7786067651,0.01029962656393657,10.5,6.763769428453755,59754504.0
3164,FRA,1997,30325.522871824,0.021388975206573235,11.8,6.6904695371520875,59968066.0
3165,FRA,1998,31256.5073830655,0.03023789381133213,11.4,6.712713157778802,60190684.0
3166,FRA,1999,32152.7207478734,0.028269483024111253,11.8,6.9023406462806385,60501986.0
3167,FRA,2000,33255.1379642335,0.033712206617716234,12.0,6.877914436971116,60918661.0
3168,FRA,2001,33640.6738002565,0.011526584234122339,11.5,6.798052013890174,61364377.0
3169,FRA,2002,33753.5782979758,0.003350570703860356,11.9,6.871195023670334,61812142.0
3170,FRA,2003,33840.6175720101,0.002575348993232751,11.9,6.604214790595898,62249855.0
3171,FRA,2004,34557.1471111581,0.02095260732616744,11.4,6.667719859997709,62707588.0
3172,FRA,2005,34946.0372494703,0.011190687169856162,11.4,6.532334292222349,63180854.0
3173,FRA,2006,35645.4162427116,0.019815483120176225,12.0,6.711375364937142,63622342.0
3174,FRA,2007,36322.1685141004,0.018807695783886302,11.8,6.723592027308811,64016890.0
3175,FRA,2008,36257.3658930938,-0.0017857000256533695,11.5,6.842896706633641,64375116.0
3176,FRA,2009,35052.8510772683,-0.033785604391368906,11.8,6.709182381602132,64706436.0
3177,FRA,2010,35578.1968010183,0.014876047506183099,10.7,6.74770389083391,65026211.0
3178,FRA,2011,36269.9561530888,0.019256743566460344,12.3,6.600414568867172,65340830.0
3179,FRA,2012,36161.2918253465,-0.003000484246776125,11.6,6.778557340510455,65657659.0
3180,FRA,2013,36256.086680981,0.002618015502173776,11.2,6.847580555946067,65997932.0
3181,FRA,2014,36444.3949089146,0.005180396193894765,12.6,6.847155656853207,66312067.0
3182,FRA,2015,36702.4323733379,0.007055358226566,12.3,6.5869988988009265,66548272.0
3183,FRA,2016,36920.5342846914,0.005924850879329924,11.9,6.700485076824218,66724104.0
3184,FRA,2017,37580.5979329356,0.01772002384741178,12.1,6.609753474123501,66918020.0
3185,FRA,2018,38062.4435961412,0.012740158800541579,12.7,6.779921907472252,67158348.0
3186,FRA,2019,38705.2072940618,0.01674608279184575,12.5,6.744412480785964,67382061.0
3187,FRA,2020,35709.2045925926,-0.08056565910809432,12.8,6.72202792905335,67601110.0
3188,FRA,2021,38030.8571685178,0.06298937368026891,11.7,6.719737529643301,67842811.0
3189,FRA,2022,38868.3303330557,0.02178192782648658,13.2,6.493753839851686,68184457.0
3190,GAB,1961,3756.64160763217,0.1261854319533846,24.9,7.674245853766291,518266.0
3191,GAB,1962,3987.37302717701,0.059607256078859194,25.0,7.656100620006844,524649.0
3192,GAB,1963,4176.14999511174,0.046257143415214586,25.3,7.633030773293604,531452.0
3193,GAB,1964,4307.94711821812,0.031071715662710275,25.0,7.506591780070841,538657.0
3194,GAB,1965,4601.58264952403,0.06593881459864548,24.9,7.479130227612171,546308.0
3195,GAB,1966,4738.29146948499,0.0292763226874051,25.3,7.598800251450212,554463.0
3196,GAB,1967,4857.54224653835,0.024855978155139624,25.0,7.528009134021757,563108.0
3197,GAB,1968,4899.79966024679,0.008661719207960772,25.0,7.535403477309386,572257.0
3198,GAB,1969,5195.79922572595,0.05865613928446578,25.2,7.530640926501416,583276.0
3199,GAB,1970,5527.63605078666,0.06190978898474242,25.2,7.672990535936337,595846.0
3200,GAB,1971,5969.45075181197,0.07689467491456803,24.6,7.491366572473775,608348.0
3201,GAB,1972,6511.21796044723,0.08687160761910029,24.6,7.46754248079679,620960.0
3202,GAB,1973,7026.71576594733,0.07619289312460609,24.8,7.5477653611289535,633995.0
3203,GAB,1974,9594.10323180831,0.31142924051607146,24.3,7.506811536142487,647691.0
3204,GAB,1975,11184.7241895352,0.1534002726179331,24.4,7.578298913332229,662197.0
3205,GAB,1976,14823.8829930465,0.2816906601979472,24.1,7.61288043630149,677628.0
3206,GAB,1977,12653.3137502918,-0.1583204584625424,24.6,7.600102139371313,693984.0
3207,GAB,1978,9377.06283780252,-0.2996525537293451,24.6,7.383119514469969,711245.0
3208,GAB,1979,9187.35765811771,-0.02043821225941933,25.0,7.504556743755398,729375.0
3209,GAB,1980,9182.52680219592,-0.000525953883224517,24.9,7.5466046561342335,748389.0
3210,GAB,1981,9399.27026015795,0.023329636822634114,24.9,7.510594746510549,768385.0
3211,GAB,1982,8866.93461619978,-0.05830290782926717,24.7,7.4960418189259075,789286.0
3212,GAB,1983,9113.43670535789,0.027420738971715153,25.0,7.233166568243925,811005.0
3213,GAB,1984,9533.31659324811,0.04504278769635661,25.1,7.602201615273702,833501.0
3214,GAB,1985,9058.4995497615,-0.05108917947266178,24.8,7.619086129975711,856726.0
3215,GAB,1986,8741.05138607781,-0.03567301540811485,24.8,7.4999765409521215,880705.0
3216,GAB,1987,7044.15674885946,-0.21583203511667115,25.3,7.4821189235521155,905479.0
3217,GAB,1988,7730.9357484059,0.09303146619470049,25.1,7.6676260915849905,931020.0
3218,GAB,1989,8162.58240779554,0.05433068105261718,25.0,7.572348652124021,957138.0
3219,GAB,1990,8354.26309000876,0.023211367825226148,25.1,7.600152178151379,983734.0
3220,GAB,1991,8627.38985737905,0.03217005117174487,25.0,7.500474204707589,1010818.0
3221,GAB,1992,8138.86821905371,-0.05829087853072146,24.7,7.438265876064526,1038380.0
3222,GAB,1993,8237.7433874389,0.01207531474769219,24.8,7.477151652105907,1066405.0
3223,GAB,1994,8322.61010843084,0.010249474923528012,24.8,7.5839088831655115,1094720.0
3224,GAB,1995,8514.94009899596,0.02284635873674823,25.1,7.536683887215431,1123213.0
3225,GAB,1996,8603.00813400361,0.01028964579606928,24.8,7.528439287808367,1152015.0
3226,GAB,1997,8870.12550864019,0.030577020888388873,24.9,7.515507956525134,1181439.0
3227,GAB,1998,8949.1211008365,0.008866380429166654,25.6,7.5676558657484465,1211736.0
3228,GAB,1999,7944.64517936466,-0.11905718706372959,25.0,7.625838944832114,1243016.0
3229,GAB,2000,7596.09970650519,-0.044863220327734155,25.0,7.585890339421579,1275572.0
3230,GAB,2001,7556.76995314898,-0.00519107503181182,25.1,7.468798618908745,1309589.0
3231,GAB,2002,7338.75620613605,-0.029274469955057114,25.3,7.610902294120415,1345135.0
3232,GAB,2003,7301.67154442842,-0.005066073430988638,25.3,7.526178913346146,1382350.0
3233,GAB,2004,7148.98713447497,-0.021132613474282635,25.3,7.450312100909581,1421609.0
3234,GAB,2005,7130.22505771754,-0.0026278883319541535,25.3,7.4109518755836366,1463495.0
3235,GAB,2006,6724.08148977274,-0.05864746411194055,25.3,7.487733761436444,1508337.0
3236,GAB,2007,6908.67399162999,0.02708238763714199,25.3,7.71539118602678,1556237.0
3237,GAB,2008,6468.38523357609,-0.06585122248718633,25.1,7.592668654614979,1607175.0
3238,GAB,2009,6264.83611480154,-0.03197407070796032,25.2,7.577787352036031,1661556.0
3239,GAB,2010,6481.49612073562,0.033998937389045025,25.5,7.486669365380657,1719879.0
3240,GAB,2011,6699.23394606512,0.03304181690740826,25.1,7.56164174558878,1781985.0
3241,GAB,2012,6803.22668079211,0.015403828066268943,25.2,7.629246932551225,1846889.0
3242,GAB,2013,6938.25753862236,0.019653656349523985,25.2,7.582738488914411,1913059.0
3243,GAB,2014,6998.60545439576,0.008660240539992259,25.2,7.527847778636171,1978399.0
3244,GAB,2015,7047.12654634355,0.0069090432534881785,25.4,7.371363501139013,2040989.0
3245,GAB,2016,6991.3251446736,-0.007949836176342373,25.6,7.521696901361107,2100306.0
3246,GAB,2017,6840.05959347802,-0.02187367139146268,25.3,7.55841240792113,2156900.0
3247,GAB,2018,6724.5961429108,-0.017024573507413265,25.5,7.485435489733369,2212318.0
3248,GAB,2019,6817.56879468764,0.013731055997425301,25.4,7.652308247601982,2267706.0
3249,GAB,2020,6534.27966529444,-0.04244081277547629,25.7,7.50999258418224,2322539.0
3250,GAB,2021,6479.0490069252,-0.008488372404237055,25.7,7.492983117322588,2376722.0
3251,GAB,2022,6527.48207901861,0.007447534725129046,25.5,7.4673710669175595,2430747.0
3252,GBR,1961,15618.3439996218,0.019050128103305752,8.8,7.05617528410041,52800000.0
3253,GBR,1962,15656.5060264095,0.0024404302943779044,7.8,6.98988810852066,53250000.0
3254,GBR,1963,16294.9377258056,0.039967939471535985,7.7,6.961296045910167,53650000.0
3255,GBR,1964,17095.0843880322,0.04793646888791514,8.5,6.9013347111792145,54000000.0
3256,GBR,1965,17347.4558490139,0.014654899201055116,7.9,7.089076335442508,54348050.0
3257,GBR,1966,17522.4995922205,0.010039887424401428,8.4,7.135209525883432,54648500.0
3258,GBR,1967,17912.1532167262,0.021993686998504458,8.6,7.147952584862174,54943600.0
3259,GBR,1968,18800.6914906503,0.04841421745797092,8.4,7.037291200331171,55211700.0
3260,GBR,1969,19085.7384549699,0.015047727822590673,8.3,6.978400118551469,55441750.0
3261,GBR,1970,19524.6865159129,0.022738261674188465,8.5,7.078931624671093,55663250.0
3262,GBR,1971,19833.0569103608,0.015670446419784767,9.0,6.9071550989101045,55896223.0
3263,GBR,1972,20482.7111067345,0.0322310831749828,8.3,6.935759475391735,56086065.0
3264,GBR,1973,21938.2937939268,0.06865251524139104,8.6,6.9191896566078,56194527.0
3265,GBR,1974,21556.1992721976,-0.01757024048558975,8.6,7.108735017594625,56229974.0
3266,GBR,1975,21411.8812069663,-0.006717479873987742,9.0,6.892844666246383,56225800.0
3267,GBR,1976,22017.8273799837,0.027906496117193313,8.9,6.956640676711948,56211968.0
3268,GBR,1977,22545.596298244,0.02368730010135245,8.5,7.057983992228828,56193492.0
3269,GBR,1978,23311.6577053372,0.03341380538019223,8.4,7.025627199577026,56196504.0
3270,GBR,1979,23930.4936898844,0.026199966142710807,7.8,7.121656248929415,56246951.0
3271,GBR,1980,23381.0626649925,-0.0232271253992149,8.5,7.123027935915777,56314216.0
3272,GBR,1981,23063.5915396279,-0.013671156580350896,8.3,7.123269803131856,56333829.0
3273,GBR,1982,23554.7695677663,0.021073079060645483,8.8,7.158358343192497,56313641.0
3274,GBR,1983,24400.1538085665,0.035261106536122355,8.9,7.042635761175955,56332848.0
3275,GBR,1984,25012.2474056338,0.02477616522451065,8.7,7.073693356525568,56422072.0
3276,GBR,1985,25853.7914666851,0.03309166089094617,8.0,7.085231784112892,56550268.0
3277,GBR,1986,26828.9203252802,0.03702316027942487,7.8,7.138787631716584,56681396.0
3278,GBR,1987,27993.289860294,0.042484411304481995,8.2,7.042111331481216,56802050.0
3279,GBR,1988,29336.7220502717,0.04687520997031491,8.9,7.132098110871829,56928327.0
3280,GBR,1989,29928.0161928787,0.01995499452812588,9.4,7.020011961327804,57076711.0
3281,GBR,1990,30071.2085616955,0.004773149695337153,9.5,7.185008155943379,57247586.0
3282,GBR,1991,29590.9054053428,-0.016101123502586745,8.7,6.9957661563048505,57424897.0
3283,GBR,1992,29893.0776793743,0.01015987355312653,8.9,7.165879799191592,57580402.0
3284,GBR,1993,30862.4118121654,0.03191205937146968,8.5,7.120606040810914,57718614.0
3285,GBR,1994,32308.7952722115,0.045800495386902895,9.0,7.179231747086985,57865745.0
3286,GBR,1995,33362.0161272507,0.03207851852242527,9.4,7.050729447933244,58019030.0
3287,GBR,1996,34147.3459054033,0.023266853133959486,8.4,6.9328380593496,58166950.0
3288,GBR,1997,35721.6105928791,0.04507098011061217,9.6,7.026870759872299,58316954.0
3289,GBR,1998,36773.9287790406,0.029033292631167384,9.3,7.223149790000454,58487141.0
3290,GBR,1999,37730.7155591161,0.025685362043290638,9.5,7.188941297690216,58682466.0
3291,GBR,2000,39297.1366317267,0.04067715792468363,9.2,7.243512974665482,58892514.0
3292,GBR,2001,40082.1359356822,0.01977909018783386,9.0,7.008143453013405,59119673.0
3293,GBR,2002,40594.932929345,0.012712506957907266,9.6,7.24608293610281,59370479.0
3294,GBR,2003,41706.8303930126,0.027021659661853548,9.6,6.868702551718436,59647577.0
3295,GBR,2004,42434.8209023638,0.01730435911094652,9.5,7.105047546705913,59987905.0
3296,GBR,2005,43320.5628684438,0.020658142422290027,9.5,7.036412311190399,60401206.0
3297,GBR,2006,43944.9985799069,0.014311404383283488,9.7,7.078594498667058,60846820.0
3298,GBR,2007,44882.141312304,0.02110115232462384,9.7,7.0964730032813295,61322463.0
3299,GBR,2008,44508.2874631479,-0.00836456506648986,9.2,7.192031558299085,61806995.0
3300,GBR,2009,42146.5095879962,-0.054523535240729615,9.3,7.177095157186053,62276270.0
3301,GBR,2010,42762.720840223,0.014514842914740811,8.2,6.974104659523671,62766365.0
3302,GBR,2011,42791.0934313474,0.0006632689005421355,9.5,7.085064293952548,63258810.0
3303,GBR,2012,43136.7006795996,0.008044175123478325,9.0,7.227081356768379,63711000.0
3304,GBR,2013,43585.8731772281,0.010358929498366365,8.9,7.056692391756508,64138000.0
3305,GBR,2014,44628.5724578217,0.023641203816900713,9.9,7.24358445173924,64619000.0
3306,GBR,2015,45256.040227057,0.013961854945527818,9.2,7.183718958479719,65087000.0
3307,GBR,2016,45888.7099614563,0.013882969553860036,9.4,7.086988739176858,65606000.0
3308,GBR,2017,47019.4510419999,0.02434225158221004,9.6,7.0967213784947605,65964000.0
3309,GBR,2018,47516.2099770322,0.0105095474436947,9.5,7.042985228242241,66287000.0
3310,GBR,2019,47866.9140354078,0.007353620305201147,9.6,7.16703787691222,66628000.0
3311,GBR,2020,42985.0392148248,-0.10757240588639583,9.7,7.214651570357722,66740000.0
3312,GBR,2021,46491.5068836685,0.07841751833124988,9.4,7.065869522075829,66978000.0
3313,GBR,2022,48410.095170282,0.04043872162347739,10.1,7.07021420667984,67636000.0
3314,GEO,1961,1484.57936873597,0.03172823456591711,7.8,7.046124948246909,3703600.0
3315,GEO,1962,1536.95623492798,0.03467251104921676,8.5,6.953206541886054,3760300.0
3316,GEO,1963,1578.11918589518,0.026429759485954385,7.4,7.279111917456852,3816100.0
3317,GEO,1964,1640.50449433996,0.038770063741645266,6.5,7.025982660346787,3870300.0
3318,GEO,1965,1789.99342199708,0.0872081319527318,6.9,6.945725210233766,3921600.0
3319,GEO,1966,1902.99606549797,0.061217575801902235,9.1,6.959018572919678,3966700.0
3320,GEO,1967,2002.25561911472,0.05084483383202887,6.8,7.172040773627522,4005800.0
3321,GEO,1968,2072.58285278926,0.03452122983075956,7.5,7.078678790823722,4042300.0
3322,GEO,1969,2151.35584495054,0.03730268448858709,6.6,6.883769916231626,4080300.0
3323,GEO,1970,2387.46810183883,0.10413516385991972,7.9,7.094732647312286,4119900.0
3324,GEO,1971,2421.14178156344,0.014005806667250376,7.7,7.054795021631452,4163000.0
3325,GEO,1972,2464.77210236436,0.017860110354298797,6.8,7.013105794589963,4205300.0
3326,GEO,1973,2601.53891669817,0.05400381114809161,6.7,7.0297073897328834,4242500.0
3327,GEO,1974,2806.25364402928,0.07574721008130147,7.1,6.888368565181947,4279500.0
3328,GEO,1975,2991.21007276643,0.06382764109372374,7.8,7.050469381181312,4311200.0
3329,GEO,1976,3150.85725796529,0.05199654905670137,6.4,7.02197642307216,4342400.0
3330,GEO,1977,3345.20714904597,0.059854058430135026,7.1,7.077751186085455,4372100.0
3331,GEO,1978,3572.82135997741,0.06582696095517093,7.2,7.127452899892047,4397700.0
3332,GEO,1979,3808.01905885908,0.06375354128526745,8.3,6.991360862836934,4430200.0
3333,GEO,1980,3948.86535079512,0.036319162815651396,7.3,7.0486470176796185,4467700.0
3334,GEO,1981,4122.87659127008,0.04312283681182549,8.4,7.05987532704297,4504500.0
3335,GEO,1982,4169.97924413232,0.011359936875459553,6.8,7.108489608783217,4542800.0
3336,GEO,1983,4311.29871587326,0.03332812654270967,7.6,7.1113489710516316,4582900.0
3337,GEO,1984,4506.66813674822,0.04431892323345288,7.3,6.906454433249089,4622200.0
3338,GEO,1985,4688.0718652506,0.039463273627333706,6.8,6.979331477471359,4662900.0
3339,GEO,1986,4266.72494637357,-0.09417484030503687,7.6,6.868702551718436,4704500.0
3340,GEO,1987,4285.87259530389,0.004477629358380142,6.7,7.152738596900803,4743500.0
3341,GEO,1988,4479.40018281131,0.04416497886893467,7.0,7.235763222905484,4790700.0
3342,GEO,1989,4146.2568079811,-0.07728319645894288,7.9,7.079184394609668,4803300.0
3343,GEO,1990,3534.03227732782,-0.1597664460135526,7.8,6.981470316804418,4802000.0
3344,GEO,1991,2768.81016089293,-0.2440218241108436,7.4,6.917705609835305,4835900.0
3345,GEO,1992,1513.85017404463,-0.6037614933364983,6.3,7.2492861277942096,4873500.0
3346,GEO,1993,1062.09528080207,-0.354412552713284,6.5,7.016519993773526,4911100.0
3347,GEO,1994,966.419596225484,-0.09440081152064117,7.5,6.876574161498562,4836076.0
3348,GEO,1995,1029.48054628347,0.06321152548676157,8.1,7.091742115095153,4657722.0
3349,GEO,1996,1187.123206219,0.14247855551945676,7.7,6.97709475706075,4491699.0
3350,GEO,1997,1354.78352202066,0.13210877267167476,7.3,7.073608643068784,4349913.0
3351,GEO,1998,1431.79336069224,0.055286077711540926,8.2,6.963189985870238,4243607.0
3352,GEO,1999,1503.46298776734,0.04884334882875141,8.5,6.982306010246433,4157192.0
3353,GEO,2000,1561.19867638847,0.03768280274498359,8.1,6.887960651653957,4077131.0
3354,GEO,2001,1661.83019106421,0.06246561126468819,8.5,7.065527962854679,4014373.0
3355,GEO,2002,1768.5970116888,0.062267063738324246,7.9,7.21081845347222,3978515.0
3356,GEO,2003,1977.46143338741,0.1116273342474754,7.5,7.047517221357296,3951736.0
3357,GEO,2004,2105.00472843799,0.06250379566296438,8.1,7.2094881746565775,3927340.0
3358,GEO,2005,2321.60084285163,0.09793925277480664,8.2,7.178164022763461,3902469.0
3359,GEO,2006,2554.81253503914,0.09572188296372452,8.1,7.080447286800249,3880347.0
3360,GEO,2007,2891.13702331846,0.1236710092646307,8.4,7.111430547100949,3860158.0
3361,GEO,2008,2970.15858282428,0.026965487855667547,8.0,6.947648842643813,3848449.0
3362,GEO,2009,2887.25607935922,-0.02830874868054689,8.3,7.2213974531034495,3814419.0
3363,GEO,2010,3090.06513662318,0.06788557290186947,9.5,7.095893221097532,3786695.0
3364,GEO,2011,3362.1030031968,0.08437450149304127,7.5,7.155942600735778,3756441.0
3365,GEO,2012,3609.780798626,0.07108037790515631,8.4,6.950910549296065,3728874.0
3366,GEO,2013,3806.50600649051,0.0530646598201443,8.4,7.088742612762955,3717668.0
3367,GEO,2014,3960.35080091901,0.039620897714385706,8.7,7.010763029056366,3719414.0
3368,GEO,2015,4086.6223465965,0.031386189305976586,8.6,7.028290080610875,3725276.0
3369,GEO,2016,4225.09154904806,0.03332213224861391,8.3,7.212589410251484,3727505.0
3370,GEO,2017,4442.50744127374,0.05017802707655683,8.5,7.0068763698499446,3728004.0
3371,GEO,2018,4713.65354845303,0.05924435157215413,9.2,6.992280234051825,3726549.0
3372,GEO,2019,4975.81148194814,0.05412516162178882,8.9,6.876161407390958,3720161.0
3373,GEO,2020,4659.60925318234,-0.06565687588520497,8.9,6.947648842643813,3722716.0
3374,GEO,2021,5175.19865185825,0.10494613187377233,9.0,7.058156079649662,3708610.0
3375,GEO,2022,5736.30449578597,0.10293746168056295,8.9,6.979889876741336,3712502.0
3376,GHA,1961,1106.49456785536,0.0051933480740053994,26.8,7.01678904000626,7162667.0
3377,GHA,1962,1124.53316411011,0.016171013105896748,26.9,7.279594659440641,7337375.0
3378,GHA,1963,1146.37281080406,0.01923489592787142,27.2,7.407378388240134,7514714.0
3379,GHA,1964,1144.13832736884,-0.001951079046782489,26.9,7.093155425385689,7695739.0
3380,GHA,1965,1132.30702640524,-0.010394633434293254,26.9,7.156878419255294,7882606.0
3381,GHA,1966,1058.32348060355,-0.06757113377854918,27.3,7.11550088811625,8074521.0
3382,GHA,1967,1064.83941805326,0.006137972654843615,26.9,7.068682943088419,8271913.0
3383,GHA,1968,1043.06652540406,-0.02065904989153111,27.2,7.453735668822503,8475729.0
3384,GHA,1969,1078.40357133549,0.03331681613817583,27.5,7.121090889305261,8690383.0
3385,GHA,1970,1152.05176710267,0.06606272511638167,27.4,7.01211529430638,8925813.0
3386,GHA,1971,1179.06074375302,0.02317364366192365,26.7,7.140136035648829,9176264.0
3387,GHA,1972,1117.82315272421,-0.05333496124714454,27.0,7.04141166379481,9438187.0
3388,GHA,1973,1117.34245836667,-0.0004301196855980294,27.4,7.062619989543053,9714617.0
3389,GHA,1974,1159.77576208586,0.03727361717077127,26.7,7.151015133881171,10000523.0
3390,GHA,1975,986.613046328261,-0.16170404463154942,26.5,7.081036091123942,10294308.0
3391,GHA,1976,924.779241630551,-0.06472286090323998,26.5,7.035532648923963,10594913.0
3392,GHA,1977,918.336702049617,-0.006990950126672502,27.1,6.860768487757801,10911871.0
3393,GHA,1978,966.366546263631,0.05097910851263787,26.9,7.055053966003016,11248450.0
3394,GHA,1979,913.729023099301,-0.05600915585440447,27.2,7.249570360013846,11597255.0
3395,GHA,1980,891.578049368905,-0.024541072026252664,27.2,7.117854116775538,11941448.0
3396,GHA,1981,836.509660283615,-0.06375491302135128,27.5,7.038783541388542,12281712.0
3397,GHA,1982,756.294499573179,-0.10080721879168042,27.2,6.988320926821705,12643819.0
3398,GHA,1983,700.396045771895,-0.07678489530015487,27.7,6.733401891837359,13029836.0
3399,GHA,1984,741.569874205891,0.057123436002240346,27.6,7.106852009137794,13370590.0
3400,GHA,1985,762.747783660855,0.02815802714415927,27.5,7.104472716059824,13661229.0
3401,GHA,1986,784.937923659407,0.02867721864372008,27.3,7.0037016200293465,13965217.0
3402,GHA,1987,803.929610179043,0.023907079303044476,27.9,7.100439622811638,14289108.0
3403,GHA,1988,829.017387585837,0.030729413266292305,27.3,7.070639141883617,14636568.0
3404,GHA,1989,849.686579158456,0.024626422000753934,27.0,7.178240326605397,15006813.0
3405,GHA,1990,855.85250708181,0.007230505399817844,27.5,6.9307879780927095,15394648.0
3406,GHA,1991,878.63570406594,0.02627231168410482,27.3,7.18924320727059,15787496.0
3407,GHA,1992,890.313174799419,0.013202914458707582,27.0,6.8494903708501615,16184855.0
3408,GHA,1993,910.722897752222,0.022665394654578286,27.3,6.982769982787583,16589519.0
3409,GHA,1994,918.428722656692,0.0084256224640189,27.1,7.0431599159883405,16993190.0
3410,GHA,1995,933.895311664356,0.016700046188266704,27.4,7.089159748713608,17399017.0
3411,GHA,1996,954.325387944775,0.02164034487055222,27.4,7.100109671476466,17810181.0
3412,GHA,1997,970.995739362631,0.017317389590811416,27.4,7.110451195027242,18238958.0
3413,GHA,1998,992.20631798932,0.02160898710808734,27.9,6.952154866278821,18688036.0
3414,GHA,1999,1010.88194916348,0.01864737829296992,27.4,7.1771715426270255,19149864.0
3415,GHA,2000,1022.27520714566,0.01120757163821029,27.5,7.006604643024306,19637087.0
3416,GHA,2001,1035.22666053257,0.012589659972157108,27.6,6.968379900798572,20167069.0
3417,GHA,2002,1052.46591644399,0.01651550419898662,27.8,7.085817778855708,20729388.0
3418,GHA,2003,1077.69990866645,0.023693153248153465,27.8,7.151328711807855,21296705.0
3419,GHA,2004,1108.30475353633,0.028002542952164866,27.7,7.0594457922225695,21868298.0
3420,GHA,2005,1143.31178934301,0.031097530367754977,28.0,7.041499149031733,22449438.0
3421,GHA,2006,1185.26570738595,0.03603784590245329,27.8,7.040448820707603,23040702.0
3422,GHA,2007,1205.31705804209,0.016775675945656765,27.8,7.180678980458373,23642279.0
3423,GHA,2008,1282.63416886747,0.06217325665225992,27.5,7.206451472697018,24249946.0
3424,GHA,2009,1311.63053760125,0.02235514073406275,27.9,7.125604841835237,24862664.0
3425,GHA,2010,1381.2279503506,0.05170187418301708,28.1,7.190826738876234,25474995.0
3426,GHA,2011,1537.81834019283,0.10739182718902462,27.9,7.086821543055419,26095088.0
3427,GHA,2012,1640.54072088003,0.06466114554963909,27.6,7.117043284005906,26734268.0
3428,GHA,2013,1718.59704769958,0.04648239269543186,27.8,6.998326977166524,27386193.0
3429,GHA,2014,1726.36930134647,0.004512245430898787,27.9,7.139422401237224,28041592.0
3430,GHA,2015,1722.77282833606,-0.002085431204987387,27.9,6.99365770798284,28696068.0
3431,GHA,2016,1740.81101902928,0.010416005255181382,28.2,7.077160443842865,29356742.0
3432,GHA,2017,1841.44636153249,0.0562002213584325,28.1,7.030149887195743,30008354.0
3433,GHA,2018,1915.4532323781,0.03940294061754912,28.0,7.158669627241704,30637585.0
3434,GHA,2019,1999.55372220211,0.04296974726121139,27.9,7.272953793861746,31258945.0
3435,GHA,2020,1970.19411460398,-0.014791943534231855,28.1,7.100274660752538,31887809.0
3436,GHA,2021,2030.04866500967,0.029927692449938093,28.3,7.091492499917254,32518665.0
3437,GHA,2022,2067.20895855521,0.018139602585650394,27.7,7.107015889833015,33149152.0
3438,GIN,1971,469.853004135626,0.0342744696140489,25.3,7.458647411961211,4355200.0
3439,GIN,1972,472.476065773993,0.005567202577100083,25.5,7.398663868907769,4431292.0
3440,GIN,1973,471.890918542322,-0.001239237110728375,25.8,7.4004372985118385,4506324.0
3441,GIN,1974,488.622222643696,0.03484178597929333,25.1,7.4801462584062826,4580510.0
3442,GIN,1975,494.755008028771,0.012473066700771973,24.9,7.486501199232107,4653876.0
3443,GIN,1976,525.693823301009,0.060656251507829495,24.9,7.563356343468112,4727022.0
3444,GIN,1977,500.224866623139,-0.04966122771262427,25.5,7.321849713788356,4801128.0
3445,GIN,1978,525.818457287848,0.0498982843589868,25.4,7.5036754437809785,4877854.0
3446,GIN,1979,510.937903652384,-0.028707951379395524,25.6,7.41860090254813,4959283.0
3447,GIN,1980,515.075498240815,0.008065424896701145,26.0,7.345106575952623,5047419.0
3448,GIN,1981,508.556746994401,-0.01273668234044667,25.7,7.480653886945906,5143288.0
3449,GIN,1982,507.412755095438,-0.0022520211090952813,25.4,7.398419010924175,5247672.0
3450,GIN,1983,503.254700009446,-0.008228381205889868,26.1,7.295870748755188,5359814.0
3451,GIN,1984,499.099790230844,-0.008290347609012372,25.8,7.292337176173877,5480096.0
3452,GIN,1985,511.885502734728,0.02529491637928949,25.7,7.373185968257736,5610373.0
3453,GIN,1986,514.948827108147,0.005966558328251992,25.3,7.362327961197329,5750668.0
3454,GIN,1987,518.460706253598,0.006796710406507422,26.2,7.334916645172062,5900198.0
3455,GIN,1988,536.935142790771,0.03501306899412526,25.7,7.400315093941235,6056574.0
3456,GIN,1989,544.125289836889,0.013302222249516937,25.5,7.435083974847142,6215811.0
3457,GIN,1990,548.371534819426,0.007773507930005863,25.9,7.3401219402878075,6434374.0
3458,GIN,1991,540.622747465388,-0.01423132932887583,25.8,7.371237691237607,6697166.0
3459,GIN,1992,540.768238017649,0.00026908038829986936,25.6,7.4264895468161685,6914366.0
3460,GIN,1993,551.006742654772,0.018756254673286676,25.9,7.372495078552774,7128177.0
3461,GIN,1994,555.962782286148,0.008954307474805745,25.3,7.598098532209348,7345107.0
3462,GIN,1995,565.553359749505,0.01710329596023996,25.7,7.461065514354283,7553249.0
3463,GIN,1996,574.302865750492,0.015352248210382946,26.0,7.454546323180736,7770035.0
3464,GIN,1997,591.77353015526,0.02996711343304881,25.9,7.43396200478643,7931370.0
3465,GIN,1998,601.907993085373,0.016980586942425546,26.4,7.457089824176235,8081990.0
3466,GIN,1999,611.007685844967,0.01500493999486796,25.5,7.582127304215748,8265123.0
3467,GIN,2000,614.137235083638,0.005108874863918977,25.7,7.470452030158017,8428832.0
3468,GIN,2001,628.320554864936,0.02283206084148759,26.0,7.403365736941647,8539960.0
3469,GIN,2002,650.554963973291,0.03477531542362833,26.3,7.349488026260843,8674066.0
3470,GIN,2003,644.071217908894,-0.010016482540710747,26.1,7.514363698124844,8870781.0
3471,GIN,2004,645.182843390689,0.001724447943404428,26.3,7.482175228273281,9062726.0
3472,GIN,2005,651.359606871604,0.009528126455842667,26.3,7.4674282081421115,9245844.0
3473,GIN,2006,645.472001923653,-0.009080046105233386,26.0,7.538548217795107,9441171.0
3474,GIN,2007,673.698997420626,0.042801584697478745,26.2,7.37174083590231,9662281.0
3475,GIN,2008,684.775780377366,0.016308036965868133,26.0,7.490194337557661,9898870.0
3476,GIN,2009,660.756701330284,-0.035705761323799656,26.1,7.438030526569441,10143534.0
3477,GIN,2010,675.736917327708,0.022418129305082246,26.5,7.588981688646388,10396086.0
3478,GIN,2011,696.199991395571,0.029833138274426574,26.2,7.425417480007116,10656810.0
3479,GIN,2012,719.505916794546,0.03292778675635866,25.8,7.488629217059296,10921581.0
3480,GIN,2013,729.833143236326,0.01425118733241959,26.1,7.497927983914253,11191873.0
3481,GIN,2014,738.272274481308,0.0114967550650098,26.1,7.4299955075633815,11472924.0
3482,GIN,2015,747.356966759448,0.012230245966535769,26.3,7.5161068078373665,11767070.0
3483,GIN,2016,807.236421043888,0.077073650105838,26.5,7.464739034729211,12073030.0
3484,GIN,2017,867.907502577607,0.07246855688697007,26.4,7.410649532421847,12385659.0
3485,GIN,2018,899.907328045175,0.036206644052624526,26.4,7.459799618564082,12704774.0
3486,GIN,2019,926.42221954853,0.029038302179316133,26.1,7.472671281645001,13034346.0
3487,GIN,2020,945.570903389665,0.020458784288130083,26.5,7.455876687491824,13371183.0
3488,GIN,2021,973.646890096159,0.02925982642355862,26.9,7.469026838228501,13710513.0
3489,GIN,2022,987.502501465337,0.014130327826557654,26.2,7.593877844605118,14055137.0
3490,GMB,1967,526.393360555569,-0.027518724097838287,27.2,7.0572953462517125,481588.0
3491,GMB,1968,560.868340169724,0.06343742321950074,27.6,6.463185450993212,495269.0
3492,GMB,1969,558.54686424948,-0.004147664314600341,28.6,7.040010858102608,509440.0
3493,GMB,1970,576.3284949378,0.03133927593587771,28.4,6.4990348781533,524105.0
3494,GMB,1971,559.62991364986,-0.029402105069022966,27.4,6.833247226807075,539388.0
3495,GMB,1972,544.839051932197,-0.026785263284142324,27.8,6.4050631551128685,555370.0
3496,GMB,1973,577.941930022901,0.058982963043989756,28.0,6.468009236897099,571991.0
3497,GMB,1974,594.161379584551,0.027677568729014723,27.0,6.6369958737262635,589085.0
3498,GMB,1975,648.280119394208,0.0871719206948125,27.3,6.915822650059896,606821.0
3499,GMB,1976,674.974030161572,0.04035133033704241,27.2,6.663260401756892,625667.0
3500,GMB,1977,676.455417537658,0.002192327497288815,28.1,6.433261584463537,645770.0
3501,GMB,1978,696.184905331213,0.028748749835126652,27.8,6.866724929424145,667103.0
3502,GMB,1979,664.353754557366,-0.046800523133828875,28.3,6.805611805313434,689781.0
3503,GMB,1980,682.144429383382,0.02642663821580893,28.0,6.487075005067492,713913.0
3504,GMB,1981,680.763235791179,-0.002026834392865773,28.1,6.647428936540211,739125.0
3505,GMB,1982,652.066636208096,-0.04306781484175559,27.5,6.5289807861270175,765753.0
3506,GMB,1983,696.849478073282,0.06642267110777134,28.7,6.227919112481864,794525.0
3507,GMB,1984,694.302648852541,-0.0036614716920722046,28.0,6.538863151104813,825631.0
3508,GMB,1985,662.008143550023,-0.047630101596731755,27.8,6.633713092234391,858874.0
3509,GMB,1986,662.002325492942,-8.788536370651912e-06,27.7,6.74664711858738,894019.0
3510,GMB,1987,651.245092357426,-0.01638301144843357,28.5,6.693819208418841,931091.0
3511,GMB,1988,653.000030965074,0.002691119384523155,28.0,6.889082013716516,970160.0
3512,GMB,1989,663.331309889547,0.01569740193186231,27.9,6.81695491465564,1011357.0
3513,GMB,1990,658.711165332156,-0.0069894325676242985,28.5,6.460373827772681,1054696.0
3514,GMB,1991,651.229615381431,-0.011422854240564995,28.2,6.468785092316574,1099959.0
3515,GMB,1992,646.421031932611,-0.007411248117790592,28.1,6.682985405923343,1145582.0
3516,GMB,1993,641.918738488002,-0.00698932358728932,28.3,6.618605463255322,1188365.0
3517,GMB,1994,622.551318791124,-0.030635655348752344,27.8,6.810142450115136,1227226.0
3518,GMB,1995,609.618491441846,-0.02099272712354594,28.1,6.732449057082087,1264313.0
3519,GMB,1996,605.40992484126,-0.0069275473318164416,28.5,6.5641375742000525,1301410.0
3520,GMB,1997,617.297597679527,0.019445447423670714,28.7,6.65260493153284,1338889.0
3521,GMB,1998,621.226058231623,0.006343800876184247,29.1,6.667719859997709,1376987.0
3522,GMB,1999,642.873705091153,0.03425325123587353,27.9,6.9765347943769624,1415779.0
3523,GMB,2000,659.911237641141,0.026157047707226155,28.2,6.766767585681159,1455084.0
3524,GMB,2001,679.539755947951,0.029310401975784828,28.7,6.615797411667567,1495011.0
3525,GMB,2002,640.03893213613,-0.05988673356310059,28.7,6.35749558597074,1535691.0
3526,GMB,2003,665.834222326194,0.039511718163404375,28.6,6.848960232471631,1577611.0
3527,GMB,2004,693.563314497133,0.04080180849774351,28.7,6.571722945589309,1621312.0
3528,GMB,2005,658.676285443081,-0.05161033968884876,28.8,6.943218943257706,1667037.0
3529,GMB,2006,636.596026908866,-0.03409691922084335,28.5,6.765154310383115,1715275.0
3530,GMB,2007,637.20930597537,0.0009629086926512542,28.6,6.667846981335197,1765774.0
3531,GMB,2008,657.675679192228,0.031613738639740596,28.7,6.915723448631314,1817852.0
3532,GMB,2009,681.433469086571,0.03548670108991825,28.3,6.874198495453294,1871422.0
3533,GMB,2010,701.014524591061,0.028329984495973015,29.1,6.959683371842496,1926630.0
3534,GMB,2011,625.464360270983,-0.11403425633638253,28.5,6.644310430894402,1983784.0
3535,GMB,2012,639.139881889048,0.02162898761576404,28.5,6.960727163748243,2043094.0
3536,GMB,2013,638.522368532214,-0.0009666301163901991,28.7,6.790996718371941,2103820.0
3537,GMB,2014,611.879472952196,-0.042621384302415244,28.6,6.700977081754192,2164528.0
3538,GMB,2015,619.536364296461,0.012436075279190995,28.8,6.787281125514262,2224529.0
3539,GMB,2016,615.193365494386,-0.007034764949400696,29.0,6.792793260512456,2283769.0
3540,GMB,2017,628.777299272925,0.021840504971752495,29.0,6.780603493321654,2342189.0
3541,GMB,2018,658.127833258563,0.045622049127102215,28.4,6.67101977414846,2399632.0
3542,GMB,2019,682.797642940426,0.03679935093934805,28.3,6.731733834736662,2456844.0
3543,GMB,2020,670.758642891251,-0.01778916422813559,29.3,6.815749633186113,2515733.0
3544,GMB,2021,689.49323955737,0.027547517700948987,29.2,6.767228043845161,2576010.0
3545,GMB,2022,710.686979216316,0.03027518625870851,28.7,7.070129197966396,2636470.0
3546,GNB,1971,507.729108295228,-0.0430010402537242,26.7,7.401292312610585,586221.0
3547,GNB,1972,539.728776699538,0.061118694047541666,27.1,7.182124122371793,586620.0
3548,GNB,1973,540.022721959447,0.0005444683661668392,27.3,7.328634313142655,592808.0
3549,GNB,1974,545.743584355489,0.010538023337902658,26.5,7.402146596284703,613338.0
3550,GNB,1975,554.539611146607,0.015989000317243374,26.6,7.582993038998515,650966.0
3551,GNB,1976,545.716719833003,-0.016038227068575495,26.5,7.598800251450212,694191.0
3552,GNB,1977,474.082444095876,-0.14071877370006725,27.2,7.092906162786251,741789.0
3553,GNB,1978,502.503980418456,0.05822232187035503,27.0,7.569824503971221,791694.0
3554,GNB,1979,494.912807263144,-0.015221961022763963,27.4,7.3031700512368,819867.0
3555,GNB,1980,411.228191061056,-0.18523333029103117,27.5,7.113142108707088,829303.0
3556,GNB,1981,478.365016394864,0.15122580387882856,27.4,7.434434566671295,842432.0
3557,GNB,1982,490.618441344467,0.025292646789349504,26.9,7.284889497322239,855891.0
3558,GNB,1983,466.478485144929,-0.05045482099534748,27.9,7.120606040810914,869592.0
3559,GNB,1984,500.948088022197,0.07129057950246853,27.3,7.225627022596975,883519.0
3560,GNB,1985,513.578560199997,0.02490052835143519,27.2,7.243512974665482,897697.0
3561,GNB,1986,501.441680283283,-0.02391569726758558,27.0,7.280766063536691,912126.0
3562,GNB,1987,507.779967171681,0.012560908181423969,27.7,7.371300598166826,926862.0
3563,GNB,1988,522.568587226461,0.028708024383822917,27.3,7.439030379615537,942061.0
3564,GNB,1989,545.340640363452,0.042654384961081426,27.2,7.442844154883807,957789.0
3565,GNB,1990,569.169670374215,0.042767952536442166,27.7,7.243798852311796,973669.0
3566,GNB,1991,585.58551396824,0.02843364512430213,27.5,7.34141904144898,994639.0
3567,GNB,1992,574.852002556155,-0.018499604456235552,27.4,7.417760566364225,1024356.0
3568,GNB,1993,567.860072938098,-0.012237582898009691,27.6,7.3468485680702855,1058745.0
3569,GNB,1994,568.168871993007,0.0005436464693833187,27.1,7.564912521808927,1092031.0
3570,GNB,1995,578.381849917403,0.017815606161165398,27.5,7.336025039743565,1119949.0
3571,GNB,1996,632.160906920913,0.08890967075895073,27.8,7.318141591409369,1143535.0
3572,GNB,1997,660.537774707954,0.043910352106151684,27.8,7.381128225697476,1165545.0
3573,GNB,1998,502.81554020706,-0.27283092983492274,28.4,7.362327961197329,1187473.0
3574,GNB,1999,576.330795296558,0.13645840966858813,27.3,7.657849739983832,1210206.0
3575,GNB,2000,571.094015178625,-0.009127947087304022,27.5,7.473523530212252,1234741.0
3576,GNB,2001,585.837980688333,0.025489421728594586,27.8,7.40098703434708,1261273.0
3577,GNB,2002,594.040535151552,0.013904290148809118,28.0,7.11126738834712,1289307.0
3578,GNB,2003,579.092506821836,-0.025485323233183088,27.8,7.499312603780449,1318806.0
3579,GNB,2004,572.526464627294,-0.011403274013822795,28.0,7.3283716908576455,1349563.0
3580,GNB,2005,595.94255560187,0.040085318418642935,28.1,7.549451257951003,1381585.0
3581,GNB,2006,597.257151722046,0.002203481351875425,27.8,7.538441778199477,1415303.0
3582,GNB,2007,597.482020935948,0.0003764323154431537,27.9,7.356024416081866,1450986.0
3583,GNB,2008,608.958620496925,0.019026125893375934,27.9,7.596392304064196,1488054.0
3584,GNB,2009,608.202131879882,-0.0012430382970745057,27.6,7.492593156035231,1526377.0
3585,GNB,2010,625.904027290582,0.028689767843880887,28.3,7.576660995169048,1566347.0
3586,GNB,2011,658.953470528116,0.051455877521538795,27.8,7.336871807421582,1608076.0
3587,GNB,2012,630.66862302825,-0.04387236283873719,27.8,7.554072872185285,1651417.0
3588,GNB,2013,634.095456089352,0.005418941766933472,27.9,7.47862182483325,1695973.0
3589,GNB,2014,623.610159103365,-0.01667407665081022,27.9,7.419440533160009,1741122.0
3590,GNB,2015,645.066837207039,0.03382850689574912,28.1,7.4892443779992,1786457.0
3591,GNB,2016,663.242608032005,0.027786912881238024,28.2,7.446118245741216,1831893.0
3592,GNB,2017,677.466131311367,0.021218712934687467,28.3,7.4918127769543785,1877072.0
3593,GNB,2018,686.456819839526,0.013183763414257754,27.9,7.350387711431741,1922168.0
3594,GNB,2019,706.298562874985,0.0284947174553718,27.6,7.431003422746685,1967696.0
3595,GNB,2020,710.275830755611,0.005615346923504738,28.5,7.461180516366945,2013255.0
3596,GNB,2021,729.396882757942,0.0265646160451265,28.6,7.39762280815665,2058841.0
3597,GNB,2022,752.149255217249,0.030716777280050955,27.9,7.719618393247067,2105529.0
3598,GNQ,1981,460.694903212463,0.006721212346649352,24.4,7.837554360881084,303252.0
3599,GNQ,1982,443.126779908143,-0.03888009474669918,24.200000000000003,7.8507658355556735,322216.0
3600,GNQ,1983,436.571815905833,-0.014903025546716187,24.5,7.645828022895075,343421.0
3601,GNQ,1984,415.030661056574,-0.05060048888397528,24.6,7.859297317868927,364899.0
3602,GNQ,1985,443.495676350693,0.06633565320911483,24.299999999999997,7.929882413262056,385547.0
3603,GNQ,1986,412.631312540002,-0.07213356422699402,24.25,7.864112520069376,404728.0
3604,GNQ,1987,412.790221907507,0.0003850380995320535,24.85,7.7912748545257475,422522.0
3605,GNQ,1988,407.241360186669,-0.013533494401375634,24.6,7.984360512387156,439651.0
3606,GNQ,1989,387.128291910418,-0.05064989050678381,24.450000000000003,7.810129625596445,456808.0
3607,GNQ,1990,366.314404747023,-0.05526414772882138,24.6,7.910755675668713,474274.0
3608,GNQ,1991,349.352882285968,-0.047409458620849776,24.5,7.789351041059406,492217.0
3609,GNQ,1992,453.637813917068,0.2612165775642472,24.299999999999997,7.7397509413608905,510770.0
3610,GNQ,1993,485.392231712925,0.06765817632311144,24.4,7.859393849487934,530023.0
3611,GNQ,1994,545.595470854948,0.1169205159990927,24.4,7.852672339644616,550138.0
3612,GNQ,1995,617.294826128754,0.12346894263536434,24.65,7.902690818846262,571264.0
3613,GNQ,1996,989.777266733629,0.47213318680757244,24.45,7.941935707490858,593492.0
3614,GNQ,1997,2380.32106827232,0.8775107254836092,24.450000000000003,7.9229859587111955,616893.0
3615,GNQ,1998,2833.33184629343,0.17421796877014106,25.1,7.969323151310865,641474.0
3616,GNQ,1999,3423.12126162912,0.1890994344718333,24.6,7.939568716111756,667214.0
3617,GNQ,2000,3839.08642737128,0.11468164429369843,24.7,7.886250560399949,703279.0
3618,GNQ,2001,5882.85050306586,0.42680699511997666,24.75,7.968475305048997,749836.0
3619,GNQ,2002,6604.0054631081,0.11563492942391385,24.9,8.00227587474699,797957.0
3620,GNQ,2003,7082.65489186921,0.06997246884388275,24.9,8.01832907604949,847862.0
3621,GNQ,2004,9208.60566707162,0.26248962329338,24.799999999999997,7.985858691018707,899917.0
3622,GNQ,2005,10212.4545051498,0.10346955991900941,24.85,7.72263324811323,947367.0
3623,GNQ,2006,10521.9996774827,0.029860267300799492,24.85,7.906805026024057,990343.0
3624,GNQ,2007,11594.9172068456,0.09709855760643471,24.9,8.144737236915018,1036044.0
3625,GNQ,2008,13048.0703050168,0.11807342322424219,24.700000000000003,7.9396221687037745,1084530.0
3626,GNQ,2009,12627.862381545,-0.03273458073330637,24.85,7.815207062189088,1135673.0
3627,GNQ,2010,10984.3243932426,-0.13943647147246274,25.05,7.862612664005109,1189085.0
3628,GNQ,2011,11203.9073679091,0.01979338831224453,24.75,7.817323465095465,1241835.0
3629,GNQ,2012,11650.7196270884,0.039105359075458423,24.75,8.004215253082105,1293483.0
3630,GNQ,2013,10731.6455729191,-0.08217104191060542,24.799999999999997,7.7995278830425665,1346218.0
3631,GNQ,2014,10363.4872473549,-0.034908119679421645,24.85,7.826443135456014,1399828.0
3632,GNQ,2015,9068.91003238645,-0.13343670300878685,25.0,7.653732073186615,1453923.0
3633,GNQ,2016,7971.83401904573,-0.12893750242790425,25.1,7.819957664947686,1508186.0
3634,GNQ,2017,7259.10936454803,-0.09365743739103749,25.0,7.835065077338725,1562396.0
3635,GNQ,2018,6578.90039765711,-0.09838952569750425,25.05,7.923637920051251,1616422.0
3636,GNQ,2019,6018.12066321865,-0.08909259016212268,24.95,7.952087360737176,1670177.0
3637,GNQ,2020,5575.26241511492,-0.07643564217793575,25.1,7.864054874875528,1716468.0
3638,GNQ,2021,5487.92479201992,-0.015789199962517486,25.200000000000003,7.867737484480717,1758786.0
3639,GNQ,2022,5524.24312418579,0.006596060670405635,24.950000000000003,7.867737484480717,1803545.0
3640,GRC,1961,5599.4972624979,0.11609087067679269,15.5,6.47126379226885,8398050.0
3641,GRC,1962,5586.54223274246,-0.002316286394863809,15.9,6.799613120362434,8448233.0
3642,GRC,1963,6225.1293347158,0.10823368603379535,15.6,6.611099731731247,8479625.0
3643,GRC,1964,6786.24148561981,0.08630303278891027,14.8,6.391917113392602,8510429.0
3644,GRC,1965,7481.90330099547,0.09758996003868425,14.9,6.53058604002882,8550333.0
3645,GRC,1966,7909.24507897853,0.055545126786936905,16.1,6.643138479461352,8613651.0
3646,GRC,1967,8289.86933775607,0.047001869183645795,15.0,6.436150368369428,8684088.0
3647,GRC,1968,8829.42258970423,0.063055413003962,15.4,6.676075396645641,8740765.0
3648,GRC,1969,9814.49791967552,0.10577105143310384,15.2,6.543192162194399,8772764.0
3649,GRC,1970,10666.6208776244,0.08325864936833582,15.5,6.393088955830208,8792806.0
3650,GRC,1971,11453.2123477243,0.07115092363893716,15.0,6.5710230085550645,8831036.0
3651,GRC,1972,12535.1276831236,0.09026467264847682,15.0,6.537415972849347,8888628.0
3652,GRC,1973,13488.1243950179,0.07327470617354237,15.0,6.517671272912275,8929086.0
3653,GRC,1974,12573.3482017471,-0.07023027222864009,14.9,6.50413846173159,8962022.0
3654,GRC,1975,13248.9212623097,0.05233678332060521,15.0,6.504886796721238,9046541.0
3655,GRC,1976,13938.5385978162,0.05074142972034501,14.5,6.634633357861686,9188150.0
3656,GRC,1977,14162.9910906399,0.01597473650028114,15.4,6.198681947871933,9308479.0
3657,GRC,1978,14993.6891417866,0.056997087518954714,14.9,6.650149674112825,9429959.0
3658,GRC,1979,15293.9313177537,0.019826715122952976,15.4,6.6569835605504535,9548258.0
3659,GRC,1980,15246.994403616,-0.003073708473650072,14.7,6.610157541742979,9642505.0
3660,GRC,1981,14876.1172004964,-0.02462534081438683,15.2,6.625922731319248,9729350.0
3661,GRC,1982,14617.2352230695,-0.017555727318054437,14.8,6.5543606631649745,9789513.0
3662,GRC,1983,14375.6996589942,-0.01666206978005036,14.7,6.462092981122559,9846627.0
3663,GRC,1984,14591.8630536729,0.014924790831031487,14.9,6.45661265737732,9895801.0
3664,GRC,1985,14900.0862258833,0.02090295164666678,15.1,6.378765684588475,9934300.0
3665,GRC,1986,14927.7613419499,0.0018556567948913028,15.3,6.427782118698911,9967213.0
3666,GRC,1987,14541.8603092112,-0.026191248543028678,14.8,6.519884479274924,10000595.0
3667,GRC,1988,15110.414666476,0.03835281093125964,15.2,6.515749190558129,10036983.0
3668,GRC,1989,15602.9733207597,0.03207727448886999,15.1,6.069582326371934,10089498.0
3669,GRC,1990,15438.7937023583,-0.010578080119826083,15.6,6.243778475721972,10196792.0
3670,GRC,1991,15727.4735434744,0.018525676819242776,14.6,6.414278293550759,10319927.0
3671,GRC,1992,15717.04638162,-0.0006632101403649671,14.7,6.110136076825481,10399061.0
3672,GRC,1993,15374.8626265369,-0.022012001344469567,14.9,6.273631438871653,10460415.0
3673,GRC,1994,15604.0339944242,0.01479559141990805,16.0,6.585619778460977,10512922.0
3674,GRC,1995,15857.4161930856,0.016107819297067394,15.3,6.438551329906966,10562153.0
3675,GRC,1996,16005.9511569711,0.00932331088496774,15.0,6.612712852124064,10608800.0
3676,GRC,1997,16501.0316491318,0.030462302746563807,14.8,6.43068675201428,10661259.0
3677,GRC,1998,16973.8293714071,0.02824980600493987,15.7,6.516488890273786,10720509.0
3678,GRC,1999,17358.4346978294,0.02240582884444997,16.3,6.4355091371836215,10761698.0
3679,GRC,2000,18002.9064613985,0.036454676947794695,15.9,6.078100853767529,10805808.0
3680,GRC,2001,18742.4235780691,0.04025637998049625,16.2,6.426973776564523,10862132.0
3681,GRC,2002,19548.3677447396,0.042102196708647455,15.8,6.688852721925182,10902022.0
3682,GRC,2003,20632.2557041942,0.05396387044694073,15.5,6.615127664137342,10928070.0
3683,GRC,2004,21688.1050959558,0.04990829592088453,15.7,6.432940092739179,10955141.0
3684,GRC,2005,21880.5265835801,0.008833086159468095,15.3,6.557630265907138,10987314.0
3685,GRC,2006,23220.5324419197,0.05943986216667696,15.3,6.516784617024425,11020362.0
3686,GRC,2007,23973.6936091313,0.03192022324981991,16.2,6.4454023086669245,11048473.0
3687,GRC,2008,23923.8800731311,-0.002080003228979166,16.1,6.264920912295781,11077841.0
3688,GRC,2009,22878.1346644397,-0.04469549005868423,16.0,6.772851516517336,11107017.0
3689,GRC,2010,21547.724178239,-0.05991143188948733,16.6,6.525762527059115,11121341.0
3690,GRC,2011,19448.255802525,-0.10251281431415116,15.3,6.464432528317732,11104899.0
3691,GRC,2012,17924.6620496886,-0.0815798573465063,16.3,6.597282118229541,11045011.0
3692,GRC,2013,17644.8766635021,-0.0157320655149924,16.3,6.491481972157369,10965211.0
3693,GRC,2014,17903.5252440012,0.014552167242927183,16.3,6.738270970989674,10892413.0
3694,GRC,2015,17980.7298238137,0.004302984626050943,15.9,6.55933191124117,10820883.0
3695,GRC,2016,18049.928997892,0.0038411320482811817,16.5,6.441106017548975,10775971.0
3696,GRC,2017,18352.0884461258,0.01660162866612147,16.1,6.497830240151879,10754679.0
3697,GRC,2018,18769.0389621976,0.022465268749789047,16.9,6.548075826023106,10732882.0
3698,GRC,2019,19216.6759579785,0.02356979299735329,16.9,6.712470055796324,10721582.0
3699,GRC,2020,17486.951333323,-0.09432347684233378,16.8,6.446037229323174,10698599.0
3700,GRC,2021,19231.2888803517,0.09508361710662427,16.8,6.5267876424743605,10570130.0
3701,GRC,2022,20550.5049158297,0.06634692893985417,16.5,6.271555378863942,10437805.0
3702,GRD,1978,3226.0984894223,0.05940232136405399,26.1,7.290361092944218,96305.0
3703,GRD,1979,3435.90423536845,0.0630066236437159,26.2,7.471249251315212,95490.0
3704,GRD,1980,3451.94417701718,0.004657469120479263,26.4,7.4132467011574255,94538.0
3705,GRD,1981,3523.01454992859,0.02037942744283683,26.4,7.548292509269785,94052.0
3706,GRD,1982,3655.44815778464,0.03690167134095468,26.0,7.425238690412194,94383.0
3707,GRD,1983,3765.69268144747,0.02971312279179017,26.6,7.320725486576075,94948.0
3708,GRD,1984,3877.60851229182,0.029286777328263014,25.9,7.479073751176949,95498.0
3709,GRD,1985,4083.26775949669,0.051678988500761136,25.8,7.420997979263733,96111.0
3710,GRD,1986,4346.32354009777,0.06243273525799253,26.0,7.373499851307489,96790.0
3711,GRD,1987,4705.94265134243,0.0794957793929374,26.6,7.2859177045622925,97526.0
3712,GRD,1988,4807.01372985656,0.021249941183365095,26.2,7.520126149514795,98308.0
3713,GRD,1989,4947.21594941974,0.02874893876514406,25.8,7.2798704074087475,99121.0
3714,GRD,1990,5102.69172981553,0.030943206763600628,26.2,7.390983575556024,99957.0
3715,GRD,1991,5130.48257478522,0.005431533259415033,26.1,7.362645270417825,100793.0
3716,GRD,1992,5046.3110720505,-0.01654222834326191,26.2,7.399275751690122,101602.0
3717,GRD,1993,4909.77076444883,-0.02743024234253255,26.3,7.394861816127535,102382.0
3718,GRD,1994,4956.32245138997,0.009436771249736964,26.1,7.374315486450112,103138.0
3719,GRD,1995,5026.24215573734,0.014008594087750126,26.4,7.386222986640002,103869.0
3720,GRD,1996,5213.43103712383,0.03656556884067008,26.3,7.466341966146388,104584.0
3721,GRD,1997,5438.0445822801,0.04218135705309933,26.4,7.29614204555555,105293.0
3722,GRD,1998,6036.15899808614,0.10434833772707641,26.8,7.560184626263523,106009.0
3723,GRD,1999,6409.14591451052,0.05995813719901655,26.3,7.485323243689924,106727.0
3724,GRD,2000,6677.1265230922,0.040961714400015836,26.3,7.443078374348516,107451.0
3725,GRD,2001,6509.51660313374,-0.025422534836406996,26.7,7.1925582106830745,107987.0
3726,GRD,2002,6707.36873532777,0.029941534338030706,26.6,7.3124200669195325,108404.0
3727,GRD,2003,7309.78547094579,0.08600719270064872,26.7,7.314086678418259,108884.0
3728,GRD,2004,7233.29494434962,-0.010519261359759113,26.4,7.549082710812286,109323.0
3729,GRD,2005,8162.91232124727,0.1209063427837922,26.7,7.52180513818338,109734.0
3730,GRD,2006,7808.24358323434,-0.04442096216780378,26.5,7.4205789054108005,110135.0
3731,GRD,2007,8257.36225682689,0.05592515191857039,26.4,7.321915805457525,110522.0
3732,GRD,2008,8307.49221491819,0.006052586965290985,26.2,7.40184157874383,110896.0
3733,GRD,2009,7733.12990600058,-0.07164409973167984,26.6,7.245227015936433,111254.0
3734,GRD,2010,7670.71165827663,-0.008104288673232318,26.9,7.5275787951232385,111586.0
3735,GRD,2011,7695.37616017287,0.00321025408285891,26.4,7.581770607226056,112079.0
3736,GRD,2012,7559.5628483956,-0.017806285575989733,26.5,7.315684016528275,112775.0
3737,GRD,2013,7688.75297701343,0.016945244497931,26.5,7.349616602281592,113487.0
3738,GRD,2014,8206.62862112333,0.06518358741490715,26.5,7.315351448099255,114132.0
3739,GRD,2015,8694.12438005692,0.0577052427429372,26.7,7.07284589884773,114676.0
3740,GRD,2016,8983.68397337899,0.032762601323211626,26.9,7.449323470082642,115130.0
3741,GRD,2017,9357.40728883583,0.04075821284993175,26.5,7.4847618244072684,115438.0
3742,GRD,2018,9744.16919577204,0.04050082185272785,26.1,7.362772165919549,115691.0
3743,GRD,2019,9785.56040240592,0.004238795872735679,26.4,7.16703787691222,115981.0
3744,GRD,2020,8413.28335500372,-0.15109606217236227,26.5,7.357556200910353,116341.0
3745,GRD,2021,8782.32193426078,0.04292902127420639,26.3,7.394001283773737,116688.0
3746,GRD,2022,9406.19337643226,0.0686275122602602,26.1,7.498758985873379,116913.0
3747,GRL,1971,17088.6844499834,0.10566156204302679,-19.5,6.044768319130293,47200.0
3748,GRL,1972,17731.0750292335,0.03690223519567937,-18.9,6.179395342666448,48300.0
3749,GRL,1973,18667.3128228197,0.05145526538164091,-18.9,6.092892339738095,49000.0
3750,GRL,1974,19533.1987515075,0.045341501060423894,-18.3,6.062388885444681,49500.0
3751,GRL,1975,19619.7941752242,0.004423445486214206,-19.3,6.175035323302368,49600.0
3752,GRL,1976,20747.1496877618,0.055869909273361884,-18.3,6.180637578851038,49700.0
3753,GRL,1977,22714.6391462067,0.09060074014362307,-18.2,6.084954890195321,49400.0
3754,GRL,1978,24179.2062679611,0.062483405734619524,-18.8,6.095374010498493,49200.0
3755,GRL,1979,25149.988701843,0.03936442864037559,-18.8,6.113682179832232,49600.0
3756,GRL,1980,27005.3259668971,0.07117665726999434,-17.7,6.0674992333839795,50200.0
3757,GRL,1981,26758.5557170795,-0.00917984248978243,-18.6,6.0586557966483054,51000.0
3758,GRL,1982,25327.608421672,-0.054959219369880685,-19.2,6.0014148779611505,51500.0
3759,GRL,1983,25901.4739745512,0.022404834575416643,-19.9,6.196647773045199,52100.0
3760,GRL,1984,24280.2581215331,-0.06463628013057487,-19.0,6.125776884715576,52700.0
3761,GRL,1985,24931.4968474838,0.02646834058009162,-17.9,5.882765130184641,53200.0
3762,GRL,1986,26551.2406001603,0.06294453578261994,-18.5,6.0879104453762345,53500.0
3763,GRL,1987,27705.0620966198,0.042538670134815604,-18.5,6.150815965334412,54100.0
3764,GRL,1988,28883.818146464,0.04166636890609432,-18.4,6.107468222864288,54800.0
3765,GRL,1989,30528.8015621406,0.05538903896911229,-19.5,6.107913359751229,55300.0
3766,GRL,1990,26805.5496974442,-0.1300616072007479,-18.6,6.122054116811584,55600.0
3767,GRL,1991,26823.378375534,0.0006648903637351822,-18.4,6.133831788394904,55500.0
3768,GRL,1992,25544.2992633194,-0.04885966376050099,-19.2,6.109691928472632,55300.0
3769,GRL,1993,24303.8982888635,-0.049777410055080296,-19.3,6.131226489483141,55200.0
3770,GRL,1994,25604.5956883247,0.05213509355901458,-18.8,6.0656439452822335,55500.0
3771,GRL,1995,26416.5165028368,0.031217585188844765,-18.6,6.049969276480545,55800.0
3772,GRL,1996,26772.6138141762,0.01339005280575023,-18.2,6.294343066441045,55900.0
3773,GRL,1997,27117.3732945796,0.01279511101814812,-18.4,6.228905403123016,56000.0
3774,GRL,1998,29169.0465812684,0.07293349497683543,-17.8,6.115450526888973,56100.0
3775,GRL,1999,29570.9623369365,0.013684779263316571,-18.3,6.178566327074926,56100.0
3776,GRL,2000,31623.0591501943,0.06709369671760435,-17.9,6.152732694704104,56185.0
3777,GRL,2001,31914.1710964481,0.009163571726439557,-17.8,6.132529987386585,56379.0
3778,GRL,2002,31483.6074780094,-0.013583133291728444,-17.5,6.092892339738095,56595.0
3779,GRL,2003,32787.9680355213,0.040594607052565124,-17.2,6.171282973683818,56751.0
3780,GRL,2004,34961.9356097257,0.06419829575873415,-17.4,6.154858094016418,56898.0
3781,GRL,2005,36681.8055890619,0.04802095594903477,-17.0,6.244166900663736,56935.0
3782,GRL,2006,38828.8524943222,0.0568827196531938,-17.4,6.030925615988895,56775.0
3783,GRL,2007,39896.875364094,0.02713441788463733,-17.5,6.1349153295129435,56555.0
3784,GRL,2008,42527.6668469766,0.06385683961407551,-17.7,6.160574209929706,56328.0
3785,GRL,2009,42899.7441985862,0.008711014412744689,-17.6,6.0105316098252075,56323.0
3786,GRL,2010,43481.5161087805,0.013470067573006617,-16.5,5.988209254387309,56534.0
3787,GRL,2011,42994.8790874739,-0.01125491313959337,-17.4,6.119197913617533,56890.0
3788,GRL,2012,43655.7004664255,0.015252851024172287,-17.4,6.212004712552077,56810.0
3789,GRL,2013,43338.3839246907,-0.0072951615328111785,-17.7,6.224162311227003,56483.0
3790,GRL,2014,45545.1429414917,0.04966527955506628,-17.1,6.234606784928881,56295.0
3791,GRL,2015,44536.3549705377,-0.022398165391635416,-18.2,6.274573679589626,56114.0
3792,GRL,2016,46561.7831434013,0.04447427917582658,-16.7,6.19766537769188,56186.0
3793,GRL,2017,46597.9452470348,0.0007763463048799935,-17.6,6.186208623900494,56172.0
3794,GRL,2018,47012.9860350276,0.008867415416046853,-18.0,6.181464879828938,56023.0
3795,GRL,2019,48170.7896955512,0.024328952272334448,-17.1,6.113239604033903,56225.0
3796,GRL,2020,48169.9406957389,-1.762494033030748e-05,-17.5,6.259198981750067,56367.0
3797,GRL,2021,48709.9339758895,0.011147802868400447,-16.5,6.208992359636556,56653.0
3798,GRL,2022,49679.3365414895,0.019706090531505183,-17.4,6.217802989318711,56661.0
3799,GTM,1961,1908.03005015529,0.012376145118139448,23.4,7.848231177644647,4186201.0
3800,GTM,1962,1917.85420336956,0.005135636185377379,23.2,7.694757035013707,4312044.0
3801,GTM,1963,2040.17234187307,0.06182732695338,23.2,7.656195245290791,4440264.0
3802,GTM,1964,2073.58917300822,0.016246720213875854,23.4,7.6760099320288875,4571109.0
3803,GTM,1965,2102.46768897076,0.013830739025623373,23.2,7.608175943508581,4704965.0
3804,GTM,1966,2156.03941417722,0.02516118920030941,23.0,7.716015266642587,4840958.0
3805,GTM,1967,2182.52608765914,0.012210027730691131,23.1,7.564186606605423,4978862.0
3806,GTM,1968,2309.26157484249,0.05644484709113318,23.0,7.695257638023228,5118111.0
3807,GTM,1969,2354.71263385969,0.019490887324352002,23.6,7.860107894001314,5257081.0
3808,GTM,1970,2424.60099055087,0.029248274688142395,23.3,7.683449720509648,5396966.0
3809,GTM,1971,2494.63075277231,0.028473752498085148,23.4,7.511141852334459,5538355.0
3810,GTM,1972,2609.49004937964,0.045014095495012896,23.8,7.585331864551124,5682833.0
3811,GTM,1973,2715.38832929029,0.03978015533874668,23.7,7.730701897076926,5831631.0
3812,GTM,1974,2816.26534690634,0.03647668795731551,23.2,7.5552772815158065,5981197.0
3813,GTM,1975,2802.06567003993,-0.005054777676134492,23.5,7.5766097669730375,6128731.0
3814,GTM,1976,2944.83232742931,0.049694996338470965,23.1,7.592466980720981,6262404.0
3815,GTM,1977,3105.80934677066,0.05322245978140394,23.5,7.509883061154913,6401515.0
3816,GTM,1978,3181.46964570206,0.024068902163760342,23.4,7.67915895750785,6561534.0
3817,GTM,1979,3249.09778808389,0.02103411136722322,23.5,7.779508790088556,6727797.0
3818,GTM,1980,3287.02569465938,0.011605757570285036,23.7,7.747855872498246,6900212.0
3819,GTM,1981,3226.26129373388,-0.018659139085672294,23.5,7.76395624597838,7075648.0
3820,GTM,1982,3041.6176008832,-0.05893449316687871,23.8,7.72766726033358,7240241.0
3821,GTM,1983,2891.73215349284,-0.0505337958044354,23.9,7.71186226985034,7419642.0
3822,GTM,1984,2825.72211867085,-0.02309173448691304,23.3,7.805882040228621,7630682.0
3823,GTM,1985,2730.1450010131,-0.034409227451919655,23.6,7.6412283310136475,7849693.0
3824,GTM,1986,2659.14270106243,-0.026350943698148832,23.6,7.494374596132249,8070818.0
3825,GTM,1987,2678.48941109293,0.00724920502123183,23.8,7.398663868907769,8296485.0
3826,GTM,1988,2705.90101135815,0.01018196487736045,23.8,7.7381394778471675,8532099.0
3827,GTM,1989,2734.55823253419,0.01053495116305303,23.6,7.699208148326206,8775546.0
3828,GTM,1990,2741.53944249398,0.0025497038789827897,23.8,7.709263469212147,9024773.0
3829,GTM,1991,2765.88345519371,0.008840494620066863,23.9,7.563200592358071,9272584.0
3830,GTM,1992,2823.67347786611,0.020678591387806478,23.7,7.679621214253473,9522266.0
3831,GTM,1993,2857.29765344313,0.011837612775221551,23.6,7.684646002974942,9779761.0
3832,GTM,1994,2894.43254991164,0.012912779683034614,23.9,7.511305925730326,10043718.0
3833,GTM,1995,2958.34981711979,0.02184253724280527,24.0,7.820118307518312,10312996.0
3834,GTM,1996,2967.99499537336,0.003255020446752077,23.6,7.686070471911961,10583526.0
3835,GTM,1997,3019.28867475021,0.01713462637237484,24.1,7.683725912741195,10857754.0
3836,GTM,1998,3089.97742727983,0.02314252031441022,24.3,7.774225315872336,11139145.0
3837,GTM,1999,3129.12226621472,0.012588753300281752,23.6,7.742054739297966,11422965.0
3838,GTM,2000,3165.933886028,0.01169553965222292,23.8,7.66439355732328,11697592.0
3839,GTM,2001,3166.20502444306,8.563880832745951e-05,24.0,7.684829919477369,11969422.0
3840,GTM,2002,3213.26990763198,0.014755363914369823,24.2,7.63065541769143,12246915.0
3841,GTM,2003,3222.15622111509,0.0027616878675207346,24.3,7.533426294417168,12525842.0
3842,GTM,2004,3250.20561194529,0.008667490216161866,24.2,7.6213911259693985,12807402.0
3843,GTM,2005,3284.81128421658,0.0105909430048996,24.2,7.763361387239786,13087629.0
3844,GTM,2006,3388.15165081967,0.030975334391566633,24.1,7.781389000390307,13367459.0
3845,GTM,2007,3527.77995621193,0.040384228560295554,24.0,7.647690621040842,13652040.0
3846,GTM,2008,3569.93031541246,0.011877310597547819,24.0,7.730701897076926,13935174.0
3847,GTM,2009,3516.19395579721,-0.015166934042415647,24.4,7.575328208422652,14215611.0
3848,GTM,2010,3546.62750929879,0.008618012506881101,23.8,7.80954132465341,14500112.0
3849,GTM,2011,3621.37582644774,0.020856861613628652,24.2,7.795481913731539,14792126.0
3850,GTM,2012,3655.57490299412,0.009399356846648388,24.3,7.586904949898229,15089647.0
3851,GTM,2013,3717.30457960279,0.016745457244377704,24.2,7.8897962975093865,15387337.0
3852,GTM,2014,3809.61584332802,0.02452952525439045,24.1,7.689508397876107,15681725.0
3853,GTM,2015,3893.50533299068,0.021781510218092492,24.6,7.5822801354139875,15971743.0
3854,GTM,2016,3924.7789643024,0.008000169070882635,24.7,7.631771083204549,16268760.0
3855,GTM,2017,3972.74059262672,0.012146147311437261,24.5,7.6416124477898695,16567357.0
3856,GTM,2018,4040.21214374742,0.016841019290328774,24.0,7.597095221199129,16845685.0
3857,GTM,2019,4139.12206338632,0.024186501941937166,24.5,7.472216451914037,17103803.0
3858,GTM,2020,4005.83916360689,-0.03273061580224734,24.8,7.72457920423568,17357325.0
3859,GTM,2021,4268.62864461492,0.0635395275830497,24.5,7.614460137474148,17598650.0
3860,GTM,2022,4383.90326160481,0.026646868016749536,24.2,7.808648068676195,17847877.0
3861,GUY,1961,2795.91596559797,0.02251467638188398,25.9,7.507635191571639,582568.0
3862,GUY,1962,2765.60232706682,-0.010901317639604002,25.9,7.658652365082986,595461.0
3863,GUY,1963,2373.894072225,-0.1527267758216153,26.1,7.795111413758176,608537.0
3864,GUY,1964,2587.3374565389,0.08609766265317553,26.3,7.622908539804697,621764.0
3865,GUY,1965,2799.88924384382,0.07895052273936276,26.1,7.565327094028162,635128.0
3866,GUY,1966,2885.01083833356,0.029948796112324594,26.3,7.760765364928549,648646.0
3867,GUY,1967,2947.36722517736,0.021383649084161682,25.8,7.878079547348716,662311.0
3868,GUY,1968,2916.5864939663,-0.010498382284596097,25.8,7.901414376431964,676160.0
3869,GUY,1969,3057.0032625233,0.0470211865978829,26.3,7.71159374138471,690223.0
3870,GUY,1970,3130.48106601695,0.023751577816728542,25.9,7.933581797924594,702705.0
3871,GUY,1971,3182.82907828322,0.016583760594144792,25.6,7.895920061092011,712662.0
3872,GUY,1972,3039.04595646039,-0.0462268124979488,26.0,7.834471476339875,721617.0
3873,GUY,1973,3040.96521513223,0.0006313339503574156,26.2,7.7778764100094415,730138.0
3874,GUY,1974,3240.06449958436,0.06341826688341534,25.8,7.777205944010474,738057.0
3875,GUY,1975,3480.32677141053,0.07153295232346757,25.8,7.882541308446578,745393.0
3876,GUY,1976,3501.59054165487,0.006091116532706664,25.8,7.9666907504973485,752253.0
3877,GUY,1977,3380.43034639294,-0.035214282933115015,26.2,7.6599257999915435,758654.0
3878,GUY,1978,3293.62021029982,-0.026015695119689042,26.2,7.696848800589291,764586.0
3879,GUY,1979,3210.16797697625,-0.02566406263969867,26.4,7.879632078095837,770062.0
3880,GUY,1980,3247.67276846022,0.011615403548281833,26.4,7.729515527010059,774367.0
3881,GUY,1981,3287.40767961686,0.012160646266579533,26.0,7.855312092730291,776453.0
3882,GUY,1982,2852.84256803946,-0.14178342535385013,25.9,7.687767992563664,776712.0
3883,GUY,1983,2661.88012930901,-0.06928320086303952,26.2,7.578707974032314,775891.0
3884,GUY,1984,2533.83411714106,-0.04929907173952852,25.4,7.910443866346757,774111.0
3885,GUY,1985,2603.49640007679,0.02712169398804143,25.6,7.7188188196437,771477.0
3886,GUY,1986,2591.39934975717,-0.004657291606202207,26.0,7.681652609227191,768098.0
3887,GUY,1987,2628.31843844379,0.01414624539428111,26.4,7.7306140660637395,764120.0
3888,GUY,1988,2546.09160620841,-0.03178478475230584,26.0,7.799548379255892,759663.0
3889,GUY,1989,2436.29631542227,-0.04408049732413222,25.6,7.871997728389465,754865.0
3890,GUY,1990,2377.21795364949,-0.024548105689738087,26.3,8.01872424185962,749894.0
3891,GUY,1991,2528.08038811696,0.06152939795865553,26.0,7.741142548456528,747861.0
3892,GUY,1992,2716.75893023455,0.07197932518156325,25.5,7.492593156035231,749911.0
3893,GUY,1993,2926.93693707006,0.07451686217589781,25.6,7.834115146533076,752965.0
3894,GUY,1994,3164.66777875426,0.07809162063506214,25.8,7.731053144007127,755822.0
3895,GUY,1995,3312.64996890674,0.04570038105129193,26.5,7.688042994857083,758388.0
3896,GUY,1996,3566.13499360957,0.07373391055611478,26.2,7.865226341166609,760526.0
3897,GUY,1997,3778.00652865741,0.0577141226743354,26.5,7.7573932563015155,762245.0
3898,GUY,1998,3708.04637110615,-0.01869134383272275,27.0,7.780470228139416,763586.0
3899,GUY,1999,3813.33057565798,0.027997820799194884,26.2,7.871463805185445,764483.0
3900,GUY,2000,3759.60789699989,-0.014188304865479395,26.2,7.987286679837455,764832.0
3901,GUY,2001,3847.09461851367,0.023003549619074803,26.4,7.577224332187505,764477.0
3902,GUY,2002,3894.87107415198,0.012342359558530802,26.2,7.7706874273318585,763652.0
3903,GUY,2003,3873.04123684261,-0.005620530691663461,26.7,7.67178022017552,763101.0
3904,GUY,2004,3937.11435304522,0.016408009534229606,26.4,7.761957818542871,762418.0
3905,GUY,2005,3867.93308158647,-0.017727780350528022,26.5,7.921717038029739,760914.0
3906,GUY,2006,4076.77981715707,0.052587139364471014,26.5,7.896403881045995,758966.0
3907,GUY,2007,4382.10449666813,0.07222167140148095,26.3,7.973431067403982,756861.0
3908,GUY,2008,4472.34517889699,0.02038383188159365,26.2,8.000818868719831,754606.0
3909,GUY,2009,4649.34144792756,0.03881266589964838,26.5,7.703504173202802,752094.0
3910,GUY,2010,4860.09110980566,0.044331599142250155,26.7,7.8628820346414905,749256.0
3911,GUY,2011,5133.89539813637,0.05480752329071059,26.2,7.869745690107282,746153.0
3912,GUY,2012,5403.79899428921,0.05123751577780311,26.0,7.7845564615698155,746288.0
3913,GUY,2013,5573.3421790463,0.030892682457853482,26.1,7.8268819856755005,750021.0
3914,GUY,2014,5635.71704117947,0.01112948102899125,26.3,7.539718306217085,754229.0
3915,GUY,2015,5640.41560569466,0.0008333645823910274,26.8,7.732851350671365,758781.0
3916,GUY,2016,5818.61682204646,0.031104822307652213,26.6,7.743833288731118,763548.0
3917,GUY,2017,5997.18271426826,0.030227237278417363,26.6,7.815045628658993,768479.0
3918,GUY,2018,6080.90612132746,0.013863906652719749,26.3,7.731623657265092,791556.0
3919,GUY,2019,6278.63054079553,0.03199817196097854,26.6,7.746387126284063,807665.0
3920,GUY,2020,9010.61000469878,0.36125088245493053,26.7,7.940512624854223,807481.0
3921,GUY,2021,10711.9973374148,0.17296158742513867,26.4,8.082989044968267,815482.0
3922,GUY,2022,17365.3336428642,0.4831115397087462,26.4,8.059086511982477,821637.0
3923,HKG,1962,4333.8002731663,0.09121143021974021,22.4,7.485154850997769,3305200.0
3924,HKG,1963,4847.27195675403,0.11197124521859791,22.9,6.853826936956581,3420900.0
3925,HKG,1964,5139.73439068452,0.05858533961487211,22.8,7.661197615325838,3504600.0
3926,HKG,1965,5739.51575676852,0.11037344067263355,22.8,7.719396353589872,3597900.0
3927,HKG,1966,5791.02111631566,0.0089337907988849,23.3,7.657377306470061,3629900.0
3928,HKG,1967,5737.05229885906,-0.009363092997130451,22.4,7.386161011492017,3722800.0
3929,HKG,1968,5807.3275543317,0.01217494996453894,22.5,7.680729759401637,3802700.0
3930,HKG,1969,6363.66443336324,0.09148388859163781,22.3,7.498149651967252,3863900.0
3931,HKG,1970,6782.60912097306,0.06375747382961094,22.3,7.640699929416148,3959000.0
3932,HKG,1971,7122.00285463071,0.048827131646243416,22.6,7.396457985660357,4045300.0
3933,HKG,1972,7728.20764578559,0.08168798015372225,22.8,7.7878798278722305,4123600.0
3934,HKG,1973,8435.80583339161,0.08760828009314636,23.1,8.011355109161286,4241600.0
3935,HKG,1974,8370.7690757968,-0.007739480838344193,22.7,7.756880040996435,4377800.0
3936,HKG,1975,8253.95806612799,-0.014052914195572086,22.8,7.989696033362275,4461600.0
3937,HKG,1976,9468.4600080768,0.1372734251437926,22.4,7.675081857716334,4518000.0
3938,HKG,1977,10427.0850829813,0.09644047961483615,23.2,7.317743475817886,4583700.0
3939,HKG,1978,11085.7825518651,0.06125668049819133,22.8,7.832688556237634,4667500.0
3940,HKG,1979,11709.1720689286,0.05470903605649191,22.9,7.7771640249561615,4929700.0
3941,HKG,1980,12553.0638934721,0.06959229851926452,23.1,7.410830949288067,5063100.0
3942,HKG,1981,13397.2671849205,0.06508597401441918,22.9,7.443195463512047,5183400.0
3943,HKG,1982,13579.9965035895,0.013547119928738027,22.8,8.019612794400267,5264500.0
3944,HKG,1983,14174.6667776616,0.04285847692588263,22.7,7.948102659518271,5345100.0
3945,HKG,1984,15435.9492999607,0.08524281754899832,22.2,7.480484706062943,5397900.0
3946,HKG,1985,15386.6259060365,-0.0032004746972855713,22.5,7.726300868936416,5456200.0
3947,HKG,1986,16876.223613412,0.09240706011377853,22.7,7.761872690425002,5524600.0
3948,HKG,1987,18945.6777188565,0.11567007224329728,23.4,7.781639428205799,5580500.0
3949,HKG,1988,20386.1833473406,0.07328156769516703,22.6,7.437677398439116,5627600.0
3950,HKG,1989,20635.519980503,0.012156477352563755,22.9,7.523265189814929,5686200.0
3951,HKG,1990,21357.2396746971,0.034376915183278456,23.3,7.501082124259871,5704500.0
3952,HKG,1991,22388.5913459199,0.04716073717324498,23.1,7.488629217059296,5752000.0
3953,HKG,1992,23585.6546636119,0.05208715977529721,22.3,7.8469418883331965,5800500.0
3954,HKG,1993,24621.6478184223,0.04298737461350299,22.6,7.823485853997729,5901000.0
3955,HKG,1994,25526.4330083318,0.03608845524887094,23.1,7.717618259238043,6035400.0
3956,HKG,1995,25620.0203685972,0.0036595876560081564,22.4,7.6282257551909725,6156100.0
3957,HKG,1996,25551.3713114257,-0.002683104605978315,22.5,7.574455809527099,6435500.0
3958,HKG,1997,26631.7761597523,0.041414108412189066,22.8,7.952861300127106,6489300.0
3959,HKG,1998,24856.7504063002,-0.068975733519407,23.6,7.689965896282842,6543700.0
3960,HKG,1999,25237.6325695984,0.015206874724430719,23.2,7.602850560760098,6606500.0
3961,HKG,2000,26933.2130754703,0.06502397532258364,23.1,7.768194977316276,6665000.0
3962,HKG,2001,26885.4053275596,-0.0017766253354061234,23.2,7.886720295384113,6714300.0
3963,HKG,2002,27210.0502364654,0.012002812549658515,23.5,7.721304285394378,6744100.0
3964,HKG,2003,28097.0971397308,0.032079867323938416,23.5,7.520071941627534,6730800.0
3965,HKG,2004,30304.2901619598,0.07562302562860523,23.0,7.380879035564116,6783500.0
3966,HKG,2005,32401.3558626573,0.06691097753947695,22.9,7.805759833168974,6813200.0
3967,HKG,2006,34458.0032348089,0.061541015451494374,23.3,7.814359245266748,6857100.0
3968,HKG,2007,36371.6434233987,0.05404815922683248,23.4,7.45633900835073,6916300.0
3969,HKG,2008,36924.0529643897,0.015073736329332732,22.7,7.656337166430183,6957800.0
3970,HKG,2009,35938.578391742,-0.02705185501349483,23.2,7.492760300922379,6972800.0
3971,HKG,2010,38090.0154420129,0.0581408603692708,22.9,7.700747794511798,7024200.0
3972,HKG,2011,39656.3184510131,0.04029810512323628,22.5,7.33726238157054,7071600.0
3973,HKG,2012,39887.8192650568,0.005820704688138889,22.9,7.461180516366945,7150100.0
3974,HKG,2013,40959.9776349249,0.026524438998373867,22.9,7.846980982138788,7178900.0
3975,HKG,2014,41796.8593150091,0.02022576599453174,23.4,7.637282603634833,7229500.0
3976,HKG,2015,42432.1619740441,0.015085411114416303,23.8,7.635207263234073,7291300.0
3977,HKG,2016,43087.5537128127,0.01532756662299306,23.7,7.903078978144316,7336600.0
3978,HKG,2017,44380.8176753147,0.02957316330399351,23.7,7.74122945963336,7393200.0
3979,HKG,2018,45280.4971892076,0.020069072416971423,23.6,7.69471151322014,7452600.0
3980,HKG,2019,44195.2741142906,-0.02425855128558041,24.1,7.769927677168688,7507900.0
3981,HKG,2020,41451.2989586282,-0.06409864382131403,24.2,7.612435695355756,7481000.0
3982,HKG,2021,44530.9213833761,0.07166459135999581,24.3,7.6289552739841175,7413100.0
3983,HKG,2022,43281.0067309646,-0.028469915265265655,23.7,7.736307096548285,7346100.0
3984,HND,1961,205.377946621958,-0.011797493547240023,24.1,7.656100620006844,2121242.0
3985,HND,1962,204.016219246489,-0.006652426980679138,23.9,7.609217791145796,2182064.0
3986,HND,1963,200.822729450182,-0.015776920909432057,23.9,7.516542110924009,2244878.0
3987,HND,1964,198.193157265853,-0.01318047897492125,24.1,7.521209690632833,2309855.0
3988,HND,1965,197.556956030709,-0.003215169177819277,24.0,7.47164762368482,2377157.0
3989,HND,1966,189.789344454928,-0.04011218404383765,23.9,7.735214797149676,2446751.0
3990,HND,1967,191.312073240903,0.007991242324009384,23.8,7.391969951321836,2518648.0
3991,HND,1968,183.633008201016,-0.04096674075475537,23.7,7.651215273415671,2593057.0
3992,HND,1969,179.893514809709,-0.020574153812640716,24.3,7.7496672328071945,2670289.0
3993,HND,1970,183.26395169204,0.018562381169144437,24.0,7.638439063070808,2750715.0
3994,HND,1971,186.117894078966,0.015452839442484212,23.9,7.33875817087814,2834616.0
3995,HND,1972,187.599061776512,0.007926723312072781,24.4,7.303506694902662,2922064.0
3996,HND,1973,190.114679324334,0.013320430105035364,24.4,7.461410480723483,3011459.0
3997,HND,1974,202.076390280227,0.06101833014380631,23.8,7.442961271473505,3099836.0
3998,HND,1975,206.60198350011,0.02214836170046297,24.2,7.3851068458904106,3193234.0
3999,HND,1976,232.495117476831,0.1180750673896318,24.0,7.438207043883306,3294457.0
4000,HND,1977,244.925064974283,0.05208308180578047,24.4,7.3917234485782455,3398655.0
4001,HND,1978,268.186072317287,0.0907287327746662,24.2,7.6962580928588356,3505463.0
4002,HND,1979,290.046953741013,0.07836178003866756,24.3,7.827679402088713,3614981.0
4003,HND,1980,318.017226315051,0.09206273278867094,24.6,7.756409362140481,3727173.0
4004,HND,1981,330.912192293134,0.03974750798787241,24.3,7.81083918336901,3841778.0
4005,HND,1982,335.238355650801,0.012988728124716076,24.5,7.665565972867804,3958728.0
4006,HND,1983,348.18544759768,0.03789344500415126,24.7,7.550818959374095,4078174.0
4007,HND,1984,346.071904246267,-0.006088664024098023,24.1,7.6294413243485035,4199850.0
4008,HND,1985,351.880656755497,0.016645505593992027,24.3,7.399031043503412,4323342.0
4009,HND,1986,360.878990418874,0.025250620741002372,24.4,7.388266014745769,4448899.0
4010,HND,1987,356.889613108792,-0.011116168555544093,24.7,7.390551730026625,4576910.0
4011,HND,1988,373.257584295228,0.04484222883785982,24.6,7.70070254461926,4707677.0
4012,HND,1989,388.784671302458,0.04075689032167862,24.4,7.510211594257578,4841838.0
4013,HND,1990,457.981040092588,0.16380213993287285,24.5,7.603648685210108,4980488.0
4014,HND,1991,561.125592319344,0.20311696661450096,24.6,7.45807081043454,5123792.0
4015,HND,1992,594.68900114157,0.0580938290460109,24.6,7.708051375059125,5271431.0
4016,HND,1993,656.869827849093,0.09944728598627872,24.6,7.627252234864865,5423249.0
4017,HND,1994,823.791675562094,0.22643180929875317,24.6,7.380567460549911,5579242.0
4018,HND,1995,998.356564183177,0.1921928142181848,24.8,7.610109940292996,5739637.0
4019,HND,1996,1193.38830906175,0.1784413674683787,24.3,7.588273043141941,5903954.0
4020,HND,1997,1420.73109700244,0.17437501643421527,24.8,7.557420680930122,6071454.0
4021,HND,1998,1543.75794800689,0.0830480737236563,25.0,7.595236437915456,6234431.0
4022,HND,1999,1677.77949157084,0.08325151806281728,24.3,7.529137893312772,6400463.0
4023,HND,2000,1789.47798512637,0.06445276094960306,24.4,7.531605970539426,6577773.0
4024,HND,2001,1789.18816032117,-0.00016197364831160854,24.8,7.541789195049576,6757993.0
4025,HND,2002,1807.97305547292,0.010444383661048384,24.9,7.4643952148874195,6938859.0
4026,HND,2003,1842.29750018813,0.018807075210578006,25.0,7.48189367295988,7119213.0
4027,HND,2004,1908.90950050464,0.03551870274172142,24.9,7.550030129168325,7298994.0
4028,HND,2005,1975.85647913236,0.034469827804966435,24.8,7.532891248925538,7478355.0
4029,HND,2006,2056.53491469231,0.04002052159982661,24.9,7.751518327849209,7656832.0
4030,HND,2007,2134.19540639485,0.03706723055036676,24.8,7.459684457626545,7834798.0
4031,HND,2008,2175.14709403064,0.019006574873253967,24.6,7.6624678152002375,8012587.0
4032,HND,2009,2076.30859895638,-0.04650468668733865,25.0,7.48358181696554,8189899.0
4033,HND,2010,2108.47314459603,0.015372452383291879,24.6,7.5414178127071905,8365878.0
4034,HND,2011,2144.56265540491,0.016971583948207858,24.7,7.590498525826689,8540583.0
4035,HND,2012,2188.39378817891,0.020232203344297872,24.9,7.52385941504377,8715076.0
4036,HND,2013,2205.40126728067,0.0077416282867845965,24.9,7.5962416146598875,8889278.0
4037,HND,2014,2229.24772232218,0.010754711340013934,24.9,7.500474204707589,9063122.0
4038,HND,2015,2271.20265980349,0.018645312967941585,25.3,7.494318974139299,9237305.0
4039,HND,2016,2315.72983058198,0.019415402167738627,25.3,7.54300848112318,9412380.0
4040,HND,2017,2383.37398439714,0.028792224838563918,25.1,7.614706740518479,9588137.0
4041,HND,2018,2430.13503657762,0.019429702133786364,24.7,7.480428306074208,9765210.0
4042,HND,2019,2447.61649282181,0.007167864531854917,25.2,7.3277805384216315,9943633.0
4043,HND,2020,2189.43168668222,-0.1114726845949976,25.3,7.578452330704491,10119640.0
4044,HND,2021,2423.76634916911,0.10168066660099218,25.1,7.534335215269969,10289877.0
4045,HND,2022,2482.22384904714,0.0238321987407506,24.9,7.617907058357906,10463872.0
4046,HRV,1991,7842.64431877356,-0.21817964199498796,11.0,6.971387139226911,4689022.0
4047,HRV,1992,7095.31004903355,-0.10014205374261032,12.3,6.993932975223189,4575818.0
4048,HRV,1993,6490.91059131693,-0.08903118160716161,11.6,7.020011961327804,4600463.0
4049,HRV,1994,6795.79207585721,0.04590078056231128,12.8,6.9375082371314845,4652024.0
4050,HRV,1995,7304.72692228877,0.07221805393787406,11.6,7.1770187659099,4620030.0
4051,HRV,1996,7858.19280544609,0.07303499483094633,10.8,7.17250132015086,4557097.0
4052,HRV,1997,8383.47376326709,0.06470570178933599,11.6,6.9765347943769624,4534920.0
4053,HRV,1998,8577.65913376916,0.022898689220568258,11.9,7.053326402301356,4532135.0
4054,HRV,1999,8541.53312242717,-0.004220533822753225,12.0,7.117205503164344,4512597.0
4055,HRV,2000,8880.47789126428,0.03891485791914029,12.9,6.925005632388665,4468302.0
4056,HRV,2001,9515.92714476421,0.06911156419382891,11.9,6.9734493821775,4299642.0
4057,HRV,2002,10062.0602516769,0.055805003759367366,12.6,7.131618571220696,4302174.0
4058,HRV,2003,10619.3351874985,0.05390447371407703,12.1,6.72202792905335,4303399.0
4059,HRV,2004,11059.1274155158,0.04057968365168385,11.6,7.122624693844101,4304600.0
4060,HRV,2005,11522.944604729,0.04108413319617554,11.2,7.116475309630623,4310145.0
4061,HRV,2006,12104.2947219361,0.049220094670154424,11.9,6.880178511211903,4311159.0
4062,HRV,2007,12718.2002498979,0.04947373278833034,12.8,6.967438281143311,4310217.0
4063,HRV,2008,12970.5143712302,0.01964459796593232,12.7,7.0239370332715465,4309705.0
4064,HRV,2009,12099.7045228367,-0.06949762337512233,12.5,7.075893391259617,4305181.0
4065,HRV,2010,11965.1414956676,-0.011183485616305333,11.6,7.268711047104344,4295427.0
4066,HRV,2011,11993.1337166457,0.0023367486571910234,12.6,6.678593655342365,4280622.0
4067,HRV,2012,11780.5853491253,-0.01788142867766851,12.7,6.946975992135418,4260368.0
4068,HRV,2013,11838.4554388595,0.004900301079647562,12.4,7.179917539775881,4233922.0
4069,HRV,2014,11862.7815706266,0.0020527317033529613,13.2,7.304650436407234,4201598.0
4070,HRV,2015,12283.8750299177,0.03488152927336152,13.0,7.015083856734662,4151725.0
4071,HRV,2016,12848.473748279,0.044937600710149184,12.6,7.112245941797137,4106867.0
4072,HRV,2017,13485.3711360576,0.04838044851895518,12.6,6.9708239704491195,4041407.0
4073,HRV,2018,14061.0597402919,0.04180377789843348,13.4,7.004791241493732,3988775.0
4074,HRV,2019,14641.8735578488,0.04047621935654888,13.4,7.172194312703518,3949390.0
4075,HRV,2020,13545.7402289427,-0.07781335195593009,13.1,7.028201432058005,3914206.0
4076,HRV,2021,15395.2861605128,0.12798924543822388,12.4,6.97166860472579,3878981.0
4077,HRV,2022,16618.3333786183,0.0764451372474273,13.5,6.768263300163538,3855641.0
4078,HTI,1961,1653.89922572987,-0.047887060975283724,24.7,7.359976738432074,3929030.0
4079,HTI,1962,1752.00306965988,0.05762407746822884,24.7,7.121575502835463,4001575.0
4080,HTI,1963,1688.67112439859,-0.03681784189987347,24.8,7.401292312610585,4073068.0
4081,HTI,1964,1631.54071205727,-0.03441711220319643,24.8,7.183339466235782,4146244.0
4082,HTI,1965,1636.19814585485,0.002850556396227333,24.4,7.237346754511128,4223820.0
4083,HTI,1966,1596.9765972586,-0.024263131959274986,24.6,7.398969857099012,4302639.0
4084,HTI,1967,1534.49796433614,-0.039908946456243655,24.4,6.887654607275135,4382999.0
4085,HTI,1968,1554.12753020636,0.012711045868826432,24.4,7.0964730032813295,4465328.0
4086,HTI,1969,1583.57820985315,0.01877266192651028,24.8,7.4551249599287415,4549334.0
4087,HTI,1970,1564.38895221073,-0.012191674398071228,24.5,7.417520340550807,4635124.0
4088,HTI,1971,1634.68963949244,0.04395766151361613,24.5,7.309814593955469,4723244.0
4089,HTI,1972,1619.58759427436,-0.009281417990253615,24.7,7.424582854943762,4813868.0
4090,HTI,1973,1664.49081836292,0.027347716464576344,24.9,7.1365627599207855,4906743.0
4091,HTI,1974,1727.23666370029,0.037003565375262504,24.4,7.276418080566197,5001796.0
4092,HTI,1975,1713.30379616486,-0.008099276181877002,24.5,6.968568118378649,5099086.0
4093,HTI,1976,1822.40734517244,0.06173479313888741,24.4,6.946013991099227,5198357.0
4094,HTI,1977,1853.92218428991,0.017145150269904263,24.7,7.190977420711825,5299476.0
4095,HTI,1978,1931.45229634864,0.04096871062986551,24.7,7.280214985476317,5402580.0
4096,HTI,1979,2037.86816576864,0.053632039568782375,24.7,7.669168400212171,5507590.0
4097,HTI,1980,2146.49092997378,0.051930138512684465,25.2,7.431299675155903,5614493.0
4098,HTI,1981,2045.46255796987,-0.0482104295439445,25.0,7.483356895687039,5723725.0
4099,HTI,1982,1934.639428235,-0.055702986513543884,24.8,7.179841363809362,5835937.0
4100,HTI,1983,1914.43247559,-0.010499745804679605,25.2,7.283516907716859,5951096.0
4101,HTI,1984,1882.81789284203,-0.01665168750083712,24.6,7.26073339807658,6069230.0
4102,HTI,1985,1856.96811301461,-0.01382442282791807,24.5,7.311952917523336,6190862.0
4103,HTI,1986,1811.0858236738,-0.025018542996744664,24.6,7.2668971774846565,6316122.0
4104,HTI,1987,1760.75045120756,-0.028186457088242634,25.1,7.46993919502327,6445123.0
4105,HTI,1988,1728.60254302384,-0.01842680742026115,25.0,7.355193718567724,6578145.0
4106,HTI,1989,1644.10374508487,-0.05011790355611723,24.8,7.091658916958743,6714730.0
4107,HTI,1990,1627.31264525633,-0.010265429573784957,25.0,7.240219494205811,6854441.0
4108,HTI,1991,1624.49598864977,-0.0017323635109454116,25.0,6.978493293487479,6995450.0
4109,HTI,1992,1507.81872889823,-0.07453355078147172,25.1,7.014185222597984,7136571.0
4110,HTI,1993,1398.25464638175,-0.07543927834760566,25.1,7.345687577227803,7278181.0
4111,HTI,1994,1207.6605445003,-0.14653972389727432,25.3,7.092324308316571,7419771.0
4112,HTI,1995,1302.13491168553,0.07532010340979056,25.3,7.373562616096463,7562546.0
4113,HTI,1996,1330.54039885269,0.02158001741253024,24.9,7.269268499561119,7707557.0
4114,HTI,1997,1340.99702096807,0.007828208159812888,25.5,7.130818827096176,7854298.0
4115,HTI,1998,1344.9390395747,0.0029353054936152034,25.7,7.411677126431333,8002143.0
4116,HTI,1999,1356.11344556059,0.008274159646211032,25.2,6.820998415055855,8151296.0
4117,HTI,2000,1342.89490450523,-0.00979518773506971,25.1,7.241223006583051,8303151.0
4118,HTI,2001,1314.11419693969,-0.021664836046495495,25.2,7.416077772530009,8455918.0
4119,HTI,2002,1304.5293810385,-0.0073204759788172424,25.4,7.175336679726915,8607641.0
4120,HTI,2003,1326.47161042212,0.01668014432245357,25.4,7.42684664716516,8759912.0
4121,HTI,2004,1286.90282128221,-0.030284074674759687,25.2,7.130098510125578,8910263.0
4122,HTI,2005,1304.33303731231,0.013453409784276005,25.1,7.566362773267338,9061273.0
4123,HTI,2006,1305.03813815611,0.000540437380156078,25.2,7.21118766152515,9216562.0
4124,HTI,2007,1343.61111422048,0.029128585704646603,25.1,7.645397699428633,9373296.0
4125,HTI,2008,1356.53400140048,0.00957206764640528,24.8,7.234032869193281,9530774.0
4126,HTI,2009,1412.89653523429,0.0407089592102059,25.0,7.160768263898625,9689581.0
4127,HTI,2010,1317.58389339746,-0.06984220194043811,25.0,7.430173448783935,9803294.0
4128,HTI,2011,1369.16921255852,0.03840446609657633,24.7,7.419140746006642,9914904.0
4129,HTI,2012,1354.88546124499,-0.010487221393455926,25.1,7.3147525460683775,10069771.0
4130,HTI,2013,1392.38204736859,0.027299063259412115,25.3,6.900227012561346,10222362.0
4131,HTI,2014,1411.76834802154,0.013827082565317284,25.5,7.283242163570615,10373235.0
4132,HTI,2015,1411.12684746796,-0.0004544983218988108,25.8,7.1325774206749015,10523242.0
4133,HTI,2016,1416.74881879698,0.003976114510827244,25.6,7.604446173165448,10671457.0
4134,HTI,2017,1432.67228609541,0.011176749574628886,25.5,7.377008626837169,10817754.0
4135,HTI,2018,1437.35251928349,0.0032614612445120983,25.4,7.138628876358258,10962362.0
4136,HTI,2019,1394.42114071112,-0.030323516883764334,25.6,7.2271540179854865,11105163.0
4137,HTI,2020,1331.69778506932,-0.046024717972191986,25.7,7.188337204943611,11243848.0
4138,HTI,2021,1292.71954963551,-0.02970648099249118,25.5,7.172884946963406,11374586.0
4139,HTI,2022,1256.72143592448,-0.02824188249073778,25.4,7.1572680853164155,11503606.0
4140,HUN,1961,2172.00043811551,0.04148687205249946,10.9,6.1516682986483175,10027958.0
4141,HUN,1962,2296.96408081761,0.05593968236991387,9.5,6.319148277696116,10060825.0
4142,HUN,1963,2421.36351481246,0.05274253121889583,9.6,6.428912701069197,10087947.0
4143,HUN,1964,2527.17918660934,0.04277291734941624,9.6,6.47327322180348,10119835.0
4144,HUN,1965,3589.00068076222,0.3507700671251124,9.3,6.672412620210929,10147935.0
4145,HUN,1966,3842.95403325426,0.06836754850347937,10.8,6.605433229790841,10178653.0
4146,HUN,1967,4115.82975811314,0.06859910576464934,10.5,6.268527940411622,10216604.0
4147,HUN,1968,4300.99832187155,0.04400670751605418,10.4,6.2858118574285236,10255815.0
4148,HUN,1969,4578.61133641726,0.06254858686572895,9.7,6.442221644407853,10298723.0
4149,HUN,1970,4775.63461315407,0.04213111788461532,9.9,6.519737084477693,10337910.0
4150,HUN,1971,5057.23064553546,0.05729216184024288,10.2,6.1349153295129435,10367537.0
4151,HUN,1972,5349.75018119814,0.05623083449409627,10.3,6.426812029698016,10398489.0
4152,HUN,1973,5700.48196458668,0.06350086174204783,10.0,6.193180151008571,10432055.0
4153,HUN,1974,6009.92660584739,0.05286181001056178,10.6,6.572981598996505,10478720.0
4154,HUN,1975,6345.11763758832,0.05427310473040592,10.7,6.418364935936212,10540525.0
4155,HUN,1976,6537.47467226994,0.029865313963435725,9.9,6.414278293550759,10598677.0
4156,HUN,1977,7001.71841270971,0.06860465129717319,10.5,6.348439446055712,10648031.0
4157,HUN,1978,7284.62424158897,0.03961025211804525,9.4,6.336471686179032,10684822.0
4158,HUN,1979,7467.79903899811,0.024834457126615916,10.4,6.446830313669605,10704152.0
4159,HUN,1980,7477.86543101327,0.0013470653723750559,9.1,6.5156011849336455,10711122.0
4160,HUN,1981,7691.71541684827,0.028196448677325847,10.4,6.367672474149028,10711848.0
4161,HUN,1982,7914.90849326563,0.02860430233431721,10.4,6.299500565440154,10705535.0
4162,HUN,1983,7984.11697147846,0.00870605755130427,10.9,6.161840032883536,10689463.0
4163,HUN,1984,8212.75572464126,0.028234332152504038,9.9,6.401585466752341,10668095.0
4164,HUN,1985,8206.88233186907,-0.0007154107785414254,9.3,6.4165688704684944,10648713.0
4165,HUN,1986,8347.08001662316,0.016938668083858133,10.1,6.168773562078393,10630564.0
4166,HUN,1987,8699.82535349933,0.04139117205268228,9.8,6.442221644407853,10612741.0
4167,HUN,1988,8707.48356673951,0.0008798848540401139,10.6,6.3561076606958915,10596487.0
4168,HUN,1989,8867.65103070439,0.018227103455275895,10.9,6.3431771992169,10481719.0
4169,HUN,1990,8646.44754423109,-0.025261391397981114,11.1,6.271555378863942,10373988.0
4170,HUN,1991,7618.64029551674,-0.12655063319208537,9.9,6.439510102751265,10373400.0
4171,HUN,1992,7388.08229422743,-0.030729713688284477,11.2,6.240470757947919,10369341.0
4172,HUN,1993,7353.90020686221,-0.004637388305253509,10.4,6.275703197782002,10357523.0
4173,HUN,1994,7581.00102233039,0.03041443905411434,11.8,6.333457232260573,10343355.0
4174,HUN,1995,7704.6409020455,0.016177609923085257,10.6,6.522533877351015,10328965.0
4175,HUN,1996,7725.69980358198,0.0027295462897463096,9.7,6.4600609366562365,10311238.0
4176,HUN,1997,7971.80554914825,0.03135860218426778,10.3,6.252674299228648,10290486.0
4177,HUN,1998,8297.85419511945,0.04008594034367796,10.8,6.535241271013659,10266570.0
4178,HUN,1999,8578.19506388065,0.03322657518563865,10.9,6.590987625635259,10237530.0
4179,HUN,2000,8979.73578602949,0.04574693353524317,11.9,6.140530895025876,10210971.0
4180,HUN,2001,9365.95393193015,0.04211073270979071,10.8,6.38839332419386,10187576.0
4181,HUN,2002,9836.94065083321,0.0490635611537229,11.7,6.399426535414734,10158608.0
4182,HUN,2003,10253.723920764,0.041496195692765525,10.9,6.156343190290216,10129552.0
4183,HUN,2004,10786.4881991495,0.05065330924264266,10.6,6.520179203709713,10107146.0
4184,HUN,2005,11272.7345428122,0.04409267954431684,10.3,6.5564942248874845,10087065.0
4185,HUN,2006,11734.4544729813,0.04014240331236607,10.9,6.385194398997726,10071370.0
4186,HUN,2007,11791.7074416876,0.004867184195903818,12.0,6.464276728675756,10055780.0
4187,HUN,2008,11929.7209867703,0.01163632306498208,11.9,6.432940092739179,10038188.0
4188,HUN,2009,11142.885928524,-0.06823158734658108,11.7,6.472655365744282,10022650.0
4189,HUN,2010,11287.3686666108,0.012883022420670187,10.7,6.800281420676904,10000023.0
4190,HUN,2011,11536.3578996772,0.02181932127125563,11.3,6.095148658384864,9971727.0
4191,HUN,2012,11440.7622718825,-0.008320988762555714,11.7,6.263398262591624,9920362.0
4192,HUN,2013,11729.5720798501,0.02493056527936055,11.5,6.429558174707874,9872734.0
4193,HUN,2014,12287.3779441033,0.046459370916709375,12.4,6.590850347853453,9833038.0
4194,HUN,2015,12782.9412577973,0.03953901575209784,12.2,6.3473892096560105,9797755.0
4195,HUN,2016,13145.6559885563,0.0279797931353567,11.6,6.6131157259628575,9759755.0
4196,HUN,2017,13734.2442804335,0.04380093561417375,11.7,6.436791188641277,9726756.0
4197,HUN,2018,14533.7783144312,0.05658318259652084,12.6,6.3875524934035495,9706964.0
4198,HUN,2019,15290.8085466331,0.050776420106975806,12.7,6.428589807944015,9694824.0
4199,HUN,2020,14664.2971195385,-0.04183612712412632,12.1,6.47095429056412,9670419.0
4200,HUN,2021,15787.9535427563,0.07383144306307265,11.4,6.321487460049288,9630932.0
4201,HUN,2022,16487.7973935944,0.04337334017022165,12.4,6.224954390476336,9605074.0
4202,IDN,1961,614.67800035292,0.027951867395690222,25.6,7.782306929273553,90791249.0
4203,IDN,1962,608.672830748941,-0.009817654406111487,25.6,7.937267547565947,93375850.0
4204,IDN,1963,578.480952858822,-0.050875278582248384,25.7,7.753795205645225,96051424.0
4205,IDN,1964,582.039622009982,0.006132903426999903,25.7,7.945697111450099,98833749.0
4206,IDN,1965,573.642474075567,-0.014532189676245366,25.6,7.729207719695006,101365130.0
4207,IDN,1966,575.863301570169,0.003863974074402421,25.8,7.871120418242221,103792754.0
4208,IDN,1967,568.830963804607,-0.012286994791308459,25.6,7.77384685452344,106526393.0
4209,IDN,1968,614.066837154833,0.07652046344789998,25.7,7.919137985037319,109450006.0
4210,IDN,1969,638.076485696931,0.03835438217297682,25.9,7.837001722016508,112517639.0
4211,IDN,1970,667.649761220022,0.04530556679062325,25.8,7.951559331155252,115657495.0
4212,IDN,1971,695.446971500357,0.04079103682236074,25.6,7.9357662604667,118833702.0
4213,IDN,1972,724.833992058908,0.04138788885526257,25.8,7.661385894921593,122039841.0
4214,IDN,1973,763.256635953719,0.05165167375041868,26.0,8.00363049194036,125288515.0
4215,IDN,1974,800.65408027571,0.04783466804396497,25.6,7.883182467079869,128555045.0
4216,IDN,1975,819.538910861999,0.02331288431991041,25.7,7.993822540147952,131843848.0
4217,IDN,1976,854.39856737846,0.04165591316772144,25.5,7.787091527862526,135173655.0
4218,IDN,1977,906.717766390934,0.05943343757666586,25.6,7.856822930370229,138533541.0
4219,IDN,1978,944.755242951634,0.04109466275553597,25.7,7.959520514417403,141953163.0
4220,IDN,1979,989.678300355954,0.04645404940651954,25.8,7.824525895693143,145434834.0
4221,IDN,1980,1061.791789401,0.07033318621676443,25.8,7.853682479984598,148950540.0
4222,IDN,1981,1119.39911020788,0.05283418417127361,25.9,7.921100123670543,152485035.0
4223,IDN,1982,1118.38320739334,-0.0009079550556290172,25.8,7.684048040628752,156052152.0
4224,IDN,1983,1139.00630123248,0.01827213916340753,26.0,7.870280531195827,159651381.0
4225,IDN,1984,1191.59058771764,0.04513282626563164,25.6,7.979681302387741,163251124.0
4226,IDN,1985,1195.12311547851,0.002960162616604478,25.8,7.895994510168876,166776185.0
4227,IDN,1986,1240.06475649342,0.036914395650196496,25.9,7.89510075522166,170175065.0
4228,IDN,1987,1276.13231995892,0.028670277341655392,26.1,7.783224016336037,173511154.0
4229,IDN,1988,1324.37572952378,0.03710732231049896,26.0,7.94435030989972,176855065.0
4230,IDN,1989,1396.699709074,0.05317090215020759,25.9,7.919828806233008,180201630.0
4231,IDN,1990,1470.91822258528,0.05177474396370041,26.1,7.825125428075856,183501098.0
4232,IDN,1991,1544.99580894527,0.049134350691246276,26.0,7.760424402558967,186778238.0
4233,IDN,1992,1617.10954872218,0.04561912873843088,26.0,7.837199128101204,190043744.0
4234,IDN,1993,1693.1074260189,0.045925227763362386,26.0,7.803598375587187,193305168.0
4235,IDN,1994,1790.32729962455,0.05583289789905521,26.0,7.788708946566606,196591828.0
4236,IDN,1995,1905.54236111238,0.062368219964078264,26.0,7.9425754345624675,199888057.0
4237,IDN,1996,2020.99148132509,0.058821551279303996,26.0,7.912972220050694,203204348.0
4238,IDN,1997,2081.8416693962,0.029664696607419216,26.1,7.684370064783345,206536095.0
4239,IDN,1998,1780.20049544892,-0.1565269240874212,26.3,7.932398047450072,209826788.0
4240,IDN,1999,1767.51466729756,-0.007151578769719613,26.0,7.946086636765317,213004668.0
4241,IDN,2000,1828.10265968361,0.033704213935651595,26.0,7.951101479878477,216077790.0
4242,IDN,2001,1868.59172307292,0.02190642686709854,26.1,7.9187014308976735,219097902.0
4243,IDN,2002,1926.37435868149,0.030454607672167455,26.2,7.811365957698918,222088495.0
4244,IDN,2003,1991.91820506473,0.033458431046185844,26.1,7.923022189938894,225048008.0
4245,IDN,2004,2065.70617470842,0.036374044573038056,26.1,7.8247657517806415,227926649.0
4246,IDN,2005,2155.4478015921,0.04252635735355881,26.1,7.871273049218974,230871650.0
4247,IDN,2006,2244.0802226202,0.04029723832073273,26.0,7.84290701849721,233951652.0
4248,IDN,2007,2355.1528565328,0.04830989574242128,26.0,7.911177380646498,237062337.0
4249,IDN,2008,2464.60193418272,0.04542467471262146,25.9,7.9586118682376,240157903.0
4250,IDN,2009,2546.21969707767,0.032579480180405795,26.2,7.8740925283404275,243220028.0
4251,IDN,2010,2670.8129098953,0.047773099220731474,26.3,8.054840221101024,246305322.0
4252,IDN,2011,2799.62468790318,0.0471024814540435,26.1,7.9355873855892,249470032.0
4253,IDN,2012,2930.518445323,0.045693983010102635,26.2,7.912606187835772,252698525.0
4254,IDN,2013,3055.24246006469,0.041679603298434564,26.2,7.934513463882263,255852467.0
4255,IDN,2014,3170.72103011429,0.03710006184916281,26.2,7.820118307518312,258877399.0
4256,IDN,2015,3288.22269725538,0.03638818888904183,26.3,7.770813996259355,261799249.0
4257,IDN,2016,3416.81005170972,0.038360177180654986,26.4,7.947006730255098,264627418.0
4258,IDN,2017,3553.51999262321,0.03923127705708929,26.2,7.973465516307649,267346658.0
4259,IDN,2018,3701.32155461912,0.04075127335487494,26.2,7.893795929044396,269951846.0
4260,IDN,2019,3850.90321738979,0.03961778990261955,26.4,7.779383316950099,272489381.0
4261,IDN,2020,3739.44906563161,-0.029369430783587447,26.4,7.952192933203975,274814866.0
4262,IDN,2021,3850.68877253903,0.029313742336031012,26.2,7.99033980657305,276758053.0
4263,IDN,2022,4024.91225288391,0.044251075850318955,26.1,8.011554094337546,278830529.0
4264,IND,1961,316.739644665114,0.01258693900742891,24.950000000000003,7.494235535348556,446564729.0
4265,IND,1962,318.381945826526,0.0051716233438448,25.0,7.426430017691526,457283090.0
4266,IND,1963,329.64149485279,0.034753935132473046,25.15,7.3869044598875755,468138575.0
4267,IND,1964,346.011883332873,0.04846743467174974,25.05,7.455761073872411,479229598.0
4268,IND,1965,329.392574458173,-0.049222844499695384,25.05,7.398663868907769,490140146.0
4269,IND,1966,322.241317769904,-0.021949575934003818,25.299999999999997,7.414994479212707,500740247.0
4270,IND,1967,340.080025745202,0.05388026082695152,25.0,7.462128778675613,511606372.0
4271,IND,1968,344.128288078031,0.011833558557609258,25.049999999999997,7.269164000893381,522716889.0
4272,IND,1969,358.966799409582,0.04221538514690604,25.4,7.522454313212941,533880544.0
4273,IND,1970,369.19248063917,0.02808823233007729,25.15,7.4227621491413505,545864268.0
4274,IND,1971,367.033309772096,-0.00586552953078634,24.700000000000003,7.562265575927165,558096387.0
4275,IND,1972,357.07792915078,-0.027498559361872843,25.049999999999997,7.312386706341724,570482142.0
4276,IND,1973,360.637844054436,0.009920205827780748,25.200000000000003,7.595311861228837,583465598.0
4277,IND,1974,356.615069655557,-0.011217288917823254,24.9,7.36191530862906,597041391.0
4278,IND,1975,380.159941384358,0.06393509874165293,24.700000000000003,7.4434296007175185,611309535.0
4279,IND,1976,377.496025416227,-0.007032022612529332,24.8,7.384424146096634,625861883.0
4280,IND,1977,395.443306819602,0.04644739140896181,24.95,7.534922900608107,640801103.0
4281,IND,1978,408.51694440403,0.0325259616651552,24.950000000000003,7.573967960801878,655728229.0
4282,IND,1979,378.219592791247,-0.07705843275569979,25.4,7.428422316778985,671155747.0
4283,IND,1980,394.182239921013,0.04133837997752554,25.3,7.551186867296149,687354025.0
4284,IND,1981,408.153549793307,0.0348301109049487,25.15,7.365749584102142,703696250.0
4285,IND,1982,412.596737104221,0.010827241336824223,25.049999999999997,7.45633900835073,720313473.0
4286,IND,1983,432.429235384759,0.046948002904987796,25.049999999999997,7.683794948881642,737372681.0
4287,IND,1984,438.541705512915,0.014036221405532068,25.0,7.587639899308504,754875449.0
4288,IND,1985,450.966703855867,0.02793859262356957,25.2,7.413518108405666,772647793.0
4289,IND,1986,461.725611476403,0.023577290684666963,25.1,7.471106936999575,790689978.0
4290,IND,1987,469.209956296394,0.016079536190832577,25.5,7.451154573179616,808931270.0
4291,IND,1988,502.937342187065,0.06941525784168334,25.35,7.558725380642897,827342990.0
4292,IND,1989,521.073383839123,0.03542528960927438,24.85,7.395383921143925,846039529.0
4293,IND,1990,537.870269536103,0.03172651265970394,25.35,7.448479453093991,864972221.0
4294,IND,1991,531.898397833351,-0.011164906806786945,25.35,7.404613815519512,883927600.0
4295,IND,1992,549.235069964895,0.032074038723636455,25.2,7.393386164113572,902957070.0
4296,IND,1993,563.372872336747,0.025415176056268862,25.4,7.431477384483148,922118387.0
4297,IND,1994,588.727892180632,0.04402238982329809,25.3,7.409741954080923,941163767.0
4298,IND,1995,620.699954336366,0.05288370566234413,25.4,7.467999440877855,960301044.0
4299,IND,1996,654.355928434052,0.05280363664403431,25.4,7.4943467855225,979678458.0
4300,IND,1997,667.598423093399,0.02003539323618586,25.15,7.457522730862745,999133762.0
4301,IND,1998,695.293709337082,0.04064752992398635,25.7,7.4761042499917805,1018665080.0
4302,IND,1999,742.53920839812,0.06574131555021534,25.3,7.424582854943762,1038225823.0
4303,IND,2000,756.704109533187,0.018896629341547566,25.4,7.503289630675082,1057922733.0
4304,IND,2001,778.507377522499,0.028406163267921336,25.5,7.400681662860296,1077898575.0
4305,IND,2002,793.615912901002,0.01922113949266091,25.799999999999997,7.323104709164278,1097600380.0
4306,IND,2003,841.278894562408,0.05832362023760318,25.65,7.433341428221352,1116803006.0
4307,IND,2004,892.596614580718,0.059211531880268176,25.7,7.369001927549062,1135991513.0
4308,IND,2005,947.732565644272,0.05993759927943998,25.55,7.458791510409521,1154676322.0
4309,IND,2006,1008.23275344818,0.061881969469665954,25.65,7.5199635170367305,1172878890.0
4310,IND,2007,1069.24696812234,0.05875558340979037,25.6,7.423896748570363,1190676021.0
4311,IND,2008,1086.50605251005,0.01601245874492463,25.45,7.438618796484635,1207930964.0
4312,IND,2009,1155.10163273817,0.06122124246748939,26.0,7.434700284628011,1225524753.0
4313,IND,2010,1235.15939132939,0.06701168974211758,26.1,7.653328861720459,1243481564.0
4314,IND,2011,1281.61054354937,0.03691750060512522,25.6,7.395537429579515,1261224954.0
4315,IND,2012,1333.09626557649,0.03938673166322726,25.65,7.35224877405778,1278674502.0
4316,IND,2013,1399.4537980281,0.04857776040378603,25.6,7.480794849154172,1295829511.0
4317,IND,2014,1484.31640682961,0.05887231793854664,25.75,7.512344432560291,1312277191.0
4318,IND,2015,1583.99815907985,0.06499779702645281,25.799999999999997,7.463793245569676,1328024498.0
4319,IND,2016,1694.46534973787,0.06741513199681837,26.05,7.530909087721548,1343944296.0
4320,IND,2017,1788.69770318481,0.05412055175538377,25.85,7.525046807238547,1359657400.0
4321,IND,2018,1883.35772705055,0.051568393875882634,25.75,7.626594572465537,1374659064.0
4322,IND,2019,1936.03067741063,0.027583625676216528,25.9,7.620484474269805,1389030312.0
4323,IND,2020,1806.50110583865,-0.06924795074914059,25.8,7.710339654240458,1402617695.0
4324,IND,2021,1965.30943437472,0.08425782213823751,25.8,7.6290281966011,1414203896.0
4325,IND,2022,2098.21124476122,0.0654354876548302,25.9,7.773215767138967,1425423212.0
4326,IRL,1961,8964.63951990149,0.05043008134064664,9.6,7.0192966537150445,2824400.0
4327,IRL,1962,9214.972480865,0.02754170824276514,8.7,6.98988810852066,2836050.0
4328,IRL,1963,9596.02165213766,0.040518996570028776,8.5,6.976161311646197,2852650.0
4329,IRL,1964,9911.03037513164,0.032299714863604834,9.4,7.0317412587631285,2866550.0
4330,IRL,1965,10064.9101140666,0.015406812297410255,8.8,7.130578779085422,2877300.0
4331,IRL,1966,10114.3739331697,0.004902445305287273,9.3,7.148031229036648,2888800.0
4332,IRL,1967,10649.2424333642,0.05153118279554825,9.3,7.048386408721883,2902450.0
4333,IRL,1968,11475.3650788562,0.07471381398346999,9.3,7.069533934544762,2915550.0
4334,IRL,1969,12077.4285260282,0.051135728893267896,9.1,6.8748187787358725,2932650.0
4335,IRL,1970,12295.6125499895,0.017904196007094697,9.3,7.020369423351272,2957250.0
4336,IRL,1971,12574.2863182533,0.022411464867843733,9.8,6.760646413943925,2992050.0
4337,IRL,1972,13192.7974147858,0.04801706991636756,9.0,7.002155954403621,3036850.0
4338,IRL,1973,13595.8669377775,0.03009481464458119,9.6,6.962906123446985,3085950.0
4339,IRL,1974,13942.1816273872,0.02515304941408303,9.3,7.092490587000027,3137500.0
4340,IRL,1975,14490.450187254,0.03857093033894543,9.8,6.858775096760419,3189550.0
4341,IRL,1976,14472.4965217655,-0.0012397680366209585,9.7,6.947168281338972,3238050.0
4342,IRL,1977,15450.2168687118,0.0653729834181167,9.3,7.0866543189747615,3282200.0
4343,IRL,1978,16327.2781873073,0.055214177426526234,9.3,7.026249173029926,3329100.0
4344,IRL,1979,16606.2971774956,0.016944753988534345,8.6,7.11175678476798,3373750.0
4345,IRL,1980,16921.795746439,0.01882050866262297,9.3,7.13918440988312,3412800.0
4346,IRL,1981,17280.9270056772,0.021000927966133176,9.3,7.081540504753805,3453000.0
4347,IRL,1982,17509.2117546219,0.013123720316480458,9.6,7.179231747086985,3485800.0
4348,IRL,1983,17343.0480497196,-0.009535391096658685,9.8,7.042023899787171,3510600.0
4349,IRL,1984,17986.419721408,0.03642527590756828,9.5,7.031122692932421,3532423.0
4350,IRL,1985,18511.7551873722,0.028788932600667394,8.8,7.0769071617274495,3538082.0
4351,IRL,1986,18424.0903029613,-0.004746881944029724,8.5,7.155240161682505,3539690.0
4352,IRL,1987,19281.2232196111,0.04547266828751795,9.1,6.95129358099662,3540057.0
4353,IRL,1988,20374.1557006031,0.05513548809071267,9.7,7.126167655920446,3524949.0
4354,IRL,1989,21644.2887602714,0.060474400784604754,10.1,6.97307474510278,3511009.0
4355,IRL,1990,23456.999356198,0.0804273093186918,10.2,7.080615551986579,3513974.0
4356,IRL,1991,23772.5663058612,0.013363309246487987,9.6,6.98434588114385,3534235.0
4357,IRL,1992,24400.3064402451,0.0260634516358067,9.6,7.03816931770407,3558430.0
4358,IRL,1993,24932.3770542724,0.021571550891806623,9.4,7.120040086961471,3576261.0
4359,IRL,1994,26263.7091752353,0.05202086486646351,9.7,7.190449934922871,3590386.0
4360,IRL,1995,28646.8176219898,0.08685425221965737,10.3,7.06373286043649,3608841.0
4361,IRL,1996,30518.4039336362,0.06328755007170983,9.3,7.057467552210464,3637510.0
4362,IRL,1997,33543.9942975657,0.09452793057344167,10.4,7.0558303970475,3674171.0
4363,IRL,1998,36105.9184837456,0.07359895894935953,10.2,7.193385247307787,3712696.0
4364,IRL,1999,39460.4758655009,0.08884276114254774,10.3,7.147795277956077,3754786.0
4365,IRL,2000,42599.4803921319,0.07654249587142381,9.9,7.1676549704214665,3805174.0
4366,IRL,2001,44151.1536032557,0.03577700005453188,9.8,6.888674391169345,3866243.0
4367,IRL,2002,45974.4881988842,0.04046758237944914,10.2,7.2909747781429814,3931947.0
4368,IRL,2003,46594.8620267616,0.013403639849290272,10.2,6.9175075704248155,3996521.0
4369,IRL,2004,48856.3238587396,0.04739354662516426,10.2,7.024649030453636,4070262.0
4370,IRL,2005,50547.2123729763,0.03402397326912521,10.2,7.009589584863405,4159914.0
4371,IRL,2006,51656.8194855887,0.021714421474229084,10.4,7.109552612276748,4273591.0
4372,IRL,2007,52849.6948429458,0.02282971879280815,10.5,7.008776393040865,4398942.0
4373,IRL,2008,49461.1594281353,-0.06626423472579468,9.9,7.219495616526989,4489544.0
4374,IRL,2009,46466.3794269222,-0.06245867554281759,9.9,7.239573846922003,4535375.0
4375,IRL,2010,46991.6464673949,0.011240823167963043,8.9,6.964985912436409,4560155.0
4376,IRL,2011,47539.9181739968,0.011599889550213405,10.0,7.070129197966396,4580084.0
4377,IRL,2012,47147.1604669421,-0.008295956855990383,9.7,7.1067700587177525,4599533.0
4378,IRL,2013,47928.0346487005,0.016426823842376592,9.7,7.034828361545613,4623816.0
4379,IRL,2014,52044.6201181887,0.0824008221241872,10.4,7.216342312113814,4657740.0
4380,IRL,2015,64250.1385181257,0.21068244985926476,9.7,7.22802554102707,4701957.0
4381,IRL,2016,64205.979777351,-0.0006875303893671969,10.0,7.034387929915503,4762722.0
4382,IRL,2017,69748.6221034014,0.08280131640862898,10.2,7.076738271336911,4827445.0
4383,IRL,2018,74029.0550611436,0.0595599863878391,9.9,7.1091438984933175,4898022.0
4384,IRL,2019,76485.635854651,0.032645304492023186,10.1,7.171963995248276,4976456.0
4385,IRL,2020,80927.936475395,0.05645612893886387,10.1,7.220081182346678,5039747.0
4386,IRL,2021,92781.2322150786,0.1366852947422963,10.2,7.05695084534399,5110585.0
4387,IRL,2022,97793.5366671697,0.05261410733173477,10.6,7.054190557211683,5212836.0
4388,IRN,1961,2512.11791006455,0.06879350521789718,17.5,5.4174328474381985,22125726.0
4389,IRN,1962,2629.72819341093,0.04575430611156417,17.5,5.31762967758041,22807907.0
4390,IRN,1963,2729.80655122362,0.037350253992612714,18.0,5.520260197285728,23519005.0
4391,IRN,1964,2870.3801257982,0.050213722685869655,16.6,5.319589501823576,24262859.0
4392,IRN,1965,3255.50135774216,0.12590182174134057,17.5,5.363168338867653,25036978.0
4393,IRN,1966,3518.61621818274,0.07772150172798042,18.1,5.221436322212079,25829270.0
4394,IRN,1967,3797.07696677175,0.07616375897710448,17.1,5.352805551832106,26628432.0
4395,IRN,1968,4215.93673234613,0.10464025310639258,17.3,5.607271574275357,27437391.0
4396,IRN,1969,4726.09252157204,0.11422695114766945,17.1,5.693058511293225,28273482.0
4397,IRN,1970,5085.75681676835,0.0733450959005495,18.1,5.2235938203521,29145100.0
4398,IRN,1971,5612.36301510845,0.09852799404747614,17.7,5.280662431309316,30029071.0
4399,IRN,1972,6240.70077372592,0.10612063389460147,16.1,5.775482788821392,30921179.0
4400,IRN,1973,6511.65454254456,0.042501098372031976,17.5,4.983606621708336,31839838.0
4401,IRN,1974,6688.44521322137,0.02678786459978788,16.7,5.630853294633443,32796463.0
4402,IRN,1975,6468.12239488762,-0.033495577850692015,17.2,5.47058858748849,33802973.0
4403,IRN,1976,7422.12860861168,0.1375800258360247,17.0,5.7407570774475625,34837271.0
4404,IRN,1977,6996.18431406879,-0.059100988069422655,18.0,5.615679593101228,35933181.0
4405,IRN,1978,5901.81296035878,-0.17010531731807,17.8,5.43415858945945,37126535.0
4406,IRN,1979,5016.91486789935,-0.1624444084954657,17.9,5.557599964478119,38424952.0
4407,IRN,1980,3793.35429688212,-0.2795645101980426,18.0,5.451896454476337,39842324.0
4408,IRN,1981,3394.34358172067,-0.11114027265310611,18.1,5.454893673590133,41989312.0
4409,IRN,1982,3965.27550470445,0.15546494305489844,17.0,5.835395361458093,44272141.0
4410,IRN,1983,4236.71681089406,0.06621329540135434,17.7,5.382198850528739,46029535.0
4411,IRN,1984,3788.97762858202,-0.11169240452442786,17.2,5.4289069362516384,47793998.0
4412,IRN,1985,3720.53262273169,-0.01822939152263814,17.8,5.180096735160606,49582289.0
4413,IRN,1986,3234.88543131803,-0.13987332422163945,17.3,5.62293388679288,51446045.0
4414,IRN,1987,3115.61803177018,-0.03756597434568931,18.1,5.387243575742438,53323493.0
4415,IRN,1988,2833.18757791548,-0.09502510720612811,18.2,5.500849963958122,55072694.0
4416,IRN,1989,2920.36931132344,0.03030765434707927,17.5,5.2988172415896875,56704914.0
4417,IRN,1990,3222.20102704479,0.09835459005158942,18.1,5.195730777772936,58380092.0
4418,IRN,1991,3534.65396417255,0.09255073124788282,17.7,5.572914199451162,59986931.0
4419,IRN,1992,3579.73221786246,0.012672592072410893,16.8,5.635860458170742,61184983.0
4420,IRN,1993,3514.51966574661,-0.01838513491409799,17.5,5.583120298248974,61403543.0
4421,IRN,1994,3448.25956881527,-0.019033232274248135,18.0,5.428468051013081,61520598.0
4422,IRN,1995,3492.17204969482,0.012654275488818811,18.1,5.372960909543803,62205567.0
4423,IRN,1996,3674.0326860276,0.05076597689566675,17.8,5.579729825986222,62881300.0
4424,IRN,1997,3679.27534912962,0.0014259334615847052,18.1,5.457455587886334,63639638.0
4425,IRN,1998,3704.56563043092,0.006850196332010228,18.7,5.411199523604709,64519859.0
4426,IRN,1999,3725.31745828772,0.005586058776628988,18.9,5.340418542566672,65445391.0
4427,IRN,2000,3885.30183360649,0.042048600948151105,18.6,5.27709373009641,66418659.0
4428,IRN,2001,3917.29935489016,0.008201803445315292,19.1,5.095588999976419,67452005.0
4429,IRN,2002,4198.95356080727,0.06943286576195717,18.8,5.320078858329549,68011317.0
4430,IRN,2003,4511.43134034458,0.07177913147090287,18.5,5.453610250954072,68769340.0
4431,IRN,2004,4607.45169088209,0.02106045209172791,18.8,5.547518452181536,70256316.0
4432,IRN,2005,4650.35841490708,0.009269369483867251,18.5,5.348535082708654,71828455.0
4433,IRN,2006,4778.7934584732,0.027243804992583165,18.8,5.444147814759576,73392747.0
4434,IRN,2007,5084.71796043623,0.062051462858562445,18.5,5.323497665078335,74602648.0
4435,IRN,2008,5035.94008533618,-0.009639344115733195,18.6,4.982235819574558,75514204.0
4436,IRN,2009,5023.89314362941,-0.0023950590812642503,18.7,5.481888142742423,76457825.0
4437,IRN,2010,5249.06133369759,0.043844107278982136,19.6,4.9924713234685845,77420842.0
4438,IRN,2011,5321.75870744453,0.013754565792138962,18.4,5.422744944923089,78383598.0
4439,IRN,2012,5058.64637811835,-0.050704899523575264,18.4,5.394081988532416,79370580.0
4440,IRN,2013,4916.97291948475,-0.02840585241858662,19.0,5.297817241506355,80414686.0
4441,IRN,2014,5093.20319702187,0.035213863534298895,18.6,5.313205979041787,81502045.0
4442,IRN,2015,4952.73355532178,-0.027967286866731556,19.1,5.333201768401539,82619362.0
4443,IRN,2016,5312.61724954192,0.07014494695480522,19.2,5.2278949022514904,83812228.0
4444,IRN,2017,5395.2398398598,0.01543244916473796,19.0,5.266826699456666,85026754.0
4445,IRN,2018,5127.22495367018,-0.050952485558092064,19.5,5.3831179682405015,86117998.0
4446,IRN,2019,4952.45669081078,-0.03468081347783958,18.9,5.6222108209623896,87051648.0
4447,IRN,2020,5132.82430762118,0.035772300343895225,18.6,5.574432802628352,87723443.0
4448,IRN,2021,5300.62271961895,0.032168252942197384,19.7,4.879006851617819,88455488.0
4449,IRN,2022,5465.31447539413,0.030597355579534025,19.5,5.165928178502291,89524246.0
4450,IRQ,1961,1045.35159413524,0.0464298556266689,21.7,5.471009374366148,7194553.0
4451,IRQ,1962,1061.12493114338,0.014976318638938224,22.7,5.241217774507464,7413875.0
4452,IRQ,1963,1051.08048848022,-0.009510929463795392,22.1,5.591360045241914,7667928.0
4453,IRQ,1964,1167.09649202161,0.10470036198745358,21.0,5.168208681201016,7929566.0
4454,IRQ,1965,1249.76156739787,0.06843375332871382,21.7,5.358941988364472,8202140.0
4455,IRQ,1966,1268.03983724558,0.01451948586946461,22.7,5.2663105704129505,8485104.0
4456,IRQ,1967,1117.05793442321,-0.1267738880749496,20.8,5.581238121898107,8778869.0
4457,IRQ,1968,1290.03189560145,0.14396855850768464,21.7,5.6153154933338705,9085016.0
4458,IRQ,1969,1286.79354274415,-0.0025134450428359045,21.9,5.717027701406222,9403356.0
4459,IRQ,1970,1299.35892720761,0.009717511622720387,22.4,5.163070217140011,9735611.0
4460,IRQ,1971,1322.70187022675,0.017805506074906496,21.6,5.489763831118992,10077809.0
4461,IRQ,1972,1325.75580274961,0.0023061979865204307,20.5,5.631928370888217,10430164.0
4462,IRQ,1973,1337.44392023958,0.008777556134481834,21.5,4.9684234452869465,10795869.0
4463,IRQ,1974,1501.23712514077,0.11552924816638743,21.1,5.608738925969307,11167761.0
4464,IRQ,1975,1633.76336398088,0.08459664758269092,21.4,5.462983988103271,11543639.0
4465,IRQ,1976,1852.73076542326,0.12577447429386623,21.2,5.488524417615982,11927651.0
4466,IRQ,1977,1826.17052819415,-0.014439473412429571,21.8,5.424509391785796,12331046.0
4467,IRQ,1978,2066.87426184461,0.12381628087122909,22.0,5.255931650051599,12753355.0
4468,IRQ,1979,2419.11515236455,0.15736438616949133,22.5,5.352805551832106,13170365.0
4469,IRQ,1980,2924.31916822628,0.18965985680335962,21.8,5.46721590300985,13591992.0
4470,IRQ,1981,2817.12121531585,-0.037346172691192336,22.1,5.463407986413629,14006381.0
4471,IRQ,1982,2833.0144210139,0.0056257933043486474,20.9,5.61349300330874,14406083.0
4472,IRQ,1983,2390.54919750291,-0.16981818190793252,21.2,5.2574953720277815,14840555.0
4473,IRQ,1984,2282.72261735824,-0.04615426831598857,21.6,5.362699625477305,15310733.0
4474,IRQ,1985,2260.8763214908,-0.009616369980468775,21.9,5.332235584751498,15683430.0
4475,IRQ,1986,2308.44327504947,0.020820899451869934,21.9,5.470167623474696,16074145.0
4476,IRQ,1987,2454.9950238006,0.06155134382791427,22.2,5.465102184192863,16521049.0
4477,IRQ,1988,2398.23797711999,-0.02339044276473068,21.8,5.578974824062853,16908819.0
4478,IRQ,1989,2262.47044477723,-0.05827695808983169,21.7,5.1328529268205045,17364542.0
4479,IRQ,1990,3526.57925126853,0.44387101705521026,22.0,5.128121989551922,17581206.0
4480,IRQ,1991,1254.63057385597,-1.0334871846910039,22.0,5.462135451777431,17767253.0
4481,IRQ,1992,1615.03903542774,0.2525179611370687,20.7,5.483966713434666,18300845.0
4482,IRQ,1993,2005.56353164115,0.21656595750433993,21.6,5.573673789309181,19201195.0
4483,IRQ,1994,1985.79691950682,-0.009904780074736053,22.5,5.5556690891919835,20139807.0
4484,IRQ,1995,1961.09255088499,-0.01251856249527794,22.2,5.113793386198882,20825860.0
4485,IRQ,1996,2108.82328338114,0.07262836446182863,22.6,5.535758222563071,21501321.0
4486,IRQ,1997,2478.84310444349,0.16166185487059526,21.9,5.376666332959013,22176593.0
4487,IRQ,1998,3242.95733892317,0.2686937112272618,23.1,5.216564864675778,22884399.0
4488,IRQ,1999,3691.74051342189,0.12961235827872386,23.1,5.19794439240125,23636527.0
4489,IRQ,2000,4172.78025105244,0.12248450981943648,22.6,5.245970886175828,24424056.0
4490,IRQ,2001,4116.09405320279,-0.013677872175090755,23.2,5.285232126999381,25197840.0
4491,IRQ,2002,3660.92527507177,-0.1171887454835634,22.6,5.425390449111513,26006559.0
4492,IRQ,2003,2250.06990123369,-0.48675463991080115,22.7,5.443283136798223,26802659.0
4493,IRQ,2004,3354.26588756715,0.3992716520768056,22.6,5.384953673207583,27577878.0
4494,IRQ,2005,3310.86344473993,-0.013023920216422624,22.6,5.263208189434469,28407448.0
4495,IRQ,2006,3471.98744698568,0.04751816648294316,22.7,5.489350863944013,28616515.0
4496,IRQ,2007,3565.58054079041,0.026599703857963064,22.7,5.2192741592075835,28391607.0
4497,IRQ,2008,3781.78001712762,0.0588679176430027,22.8,4.960744524482791,28971036.0
4498,IRQ,2009,3768.17284328983,-0.003604575769539764,22.8,5.251225759014186,30058206.0
4499,IRQ,2010,3881.94327045302,0.02974564413202252,24.2,5.113793386198882,31045366.0
4500,IRQ,2011,4030.01686860986,0.03743469055360116,22.4,5.25227342804663,32161424.0
4501,IRQ,2012,4387.90469058707,0.0850812600001376,23.0,5.245443876940969,33654842.0
4502,IRQ,2013,4504.82687537354,0.02629763917279604,22.6,5.367376902479531,35281989.0
4503,IRQ,2014,4446.97343234862,-0.012925723657668087,23.1,5.232177564043492,36550059.0
4504,IRQ,2015,4440.14189252367,-0.0015374035152717624,23.3,5.182906515036709,37560535.0
4505,IRQ,2016,4932.9272911439,0.10524624915634284,23.1,5.44673737166631,38469627.0
4506,IRQ,2017,4736.32710809857,-0.04067061923587367,23.1,5.204006687076795,39337353.0
4507,IRQ,2018,4749.00921836896,0.0026740470534463157,23.9,5.5782192516808555,40265624.0
4508,IRQ,2019,4898.14897668582,0.030921363204303276,23.2,5.462135451777431,41192171.0
4509,IRQ,2020,4213.99843766061,-0.1504454292551234,23.2,5.443283136798223,42116605.0
4510,IRQ,2021,4182.50064045825,-0.007502637625266928,24.0,5.038898759369115,43071211.0
4511,IRQ,2022,4412.99733146512,0.05364481858171288,23.6,5.1298987149230735,44070551.0
4512,ISL,1961,13936.3511609799,-0.020229313484790623,2.1,7.07326971745971,179029.0
4513,ISL,1962,14817.9359769201,0.061337719444958694,1.6,6.904650464028658,182378.0
4514,ISL,1963,16053.1011837088,0.08006371372401233,1.6,6.8560408432954585,185653.0
4515,ISL,1964,17328.6365207443,0.07645837215708084,2.5,6.934591932935697,188983.0
4516,ISL,1965,18273.6177694982,0.05309794449012273,1.3,6.68110558833864,192286.0
4517,ISL,1966,19538.9788473586,0.06695301791872943,0.8,6.825460036255307,195570.0
4518,ISL,1967,18983.9498131556,-0.028817510155235482,0.9,6.9276559406884735,198751.0
4519,ISL,1968,17696.4608002206,-0.07022921069452082,0.9,6.882745115977969,201488.0
4520,ISL,1969,17951.7479297311,0.01432282309792221,0.6,6.9874902470009905,203369.0
4521,ISL,1970,19189.7449557563,0.06668853156052279,1.0,6.980168959491182,204438.0
4522,ISL,1971,21521.3369695579,0.11466884074717676,1.3,7.017506142941256,206098.0
4523,ISL,1972,22518.7339350328,0.0453027219079889,2.5,7.175872195939078,209137.0
4524,ISL,1973,23691.1293819956,0.050753108288486004,1.0,7.046734306263588,212317.0
4525,ISL,1974,24706.4839013975,0.04196502491622134,2.3,7.115419643447887,215209.0
4526,ISL,1975,24550.136163704,-0.0063483147064768986,1.3,7.00397413672268,217979.0
4527,ISL,1976,25756.173264595,0.04795693619974983,2.1,7.032359442206668,220154.0
4528,ISL,1977,27820.5777488858,0.07710161686515526,1.5,6.836581459527612,221799.0
4529,ISL,1978,29265.1430704948,0.050621197850020394,1.7,6.911846896885391,223537.0
4530,ISL,1979,30388.7918271633,0.03767669901027304,-0.1,6.858775096760419,225735.0
4531,ISL,1980,31797.028945465,0.04529900550003951,1.6,6.806276110032283,228138.0
4532,ISL,1981,32777.1832348301,0.030359784207249163,0.5,6.909653476265217,230755.0
4533,ISL,1982,33038.8245612084,0.007950731544625,1.3,6.993474154384675,233860.0
4534,ISL,1983,31902.8887708197,-0.034986809015574494,0.7,7.090243488555412,236977.0
4535,ISL,1984,32868.7307491229,0.029825209896246818,2.0,7.037466885503794,239511.0
4536,ISL,1985,33684.674976315,0.024521212785582946,1.4,6.811024090022365,241405.0
4537,ISL,1986,35535.6008703994,0.05349204993997425,1.4,6.972325049631437,243180.0
4538,ISL,1987,38152.1475894792,0.07104701405672031,2.6,6.871609832345784,245859.0
4539,ISL,1988,37525.5566334753,-0.016559838368529256,1.1,6.961769867288376,249740.0
4540,ISL,1989,37159.494654456,-0.009802896406977624,1.3,7.1195547285956895,252852.0
4541,ISL,1990,37302.8060599712,0.003849238637259944,1.6,7.036236440630677,254826.0
4542,ISL,1991,36790.4868486955,-0.013829251100803575,2.4,7.1223019830708285,257797.0
4543,ISL,1992,35105.2870333046,-0.046887555351135646,1.7,7.175948674850056,261057.0
4544,ISL,1993,35206.5664833565,0.002880866170718477,1.6,7.0136456542395695,263725.0
4545,ISL,1994,36162.2911509183,0.026784281962434875,1.5,7.0155328711555685,266021.0
4546,ISL,1995,36008.5846495164,-0.004259522476214528,1.0,6.925496960458294,267468.0
4547,ISL,1996,37425.5142753793,0.03859529918936211,2.1,6.931959967678955,268916.0
4548,ISL,1997,38657.2763911898,0.03238234928857686,2.1,7.056520052247249,271128.0
4549,ISL,1998,40926.715820447,0.057048027358421294,1.5,6.967720860149571,274047.0
4550,ISL,1999,42010.9376256893,0.02614695568794545,1.7,7.0162508751354355,277381.0
4551,ISL,2000,43472.3369951306,0.034194800618914556,2.0,6.92195399838195,281205.0
4552,ISL,2001,44545.9822738464,0.02439716054178831,2.3,6.974104659523671,284968.0
4553,ISL,2002,44389.5560604909,-0.003517747294136342,2.5,7.1252830915107115,287523.0
4554,ISL,2003,45088.9226082383,0.01563237999098277,3.2,7.107425474110705,289521.0
4555,ISL,2004,48101.7116415743,0.06468116364562349,2.8,7.1223019830708285,292074.0
4556,ISL,2005,50674.4411406649,0.05210390243016505,2.0,6.978772766217417,296734.0
4557,ISL,2006,52306.128485789,0.03169187969383103,2.6,7.121090889305261,303782.0
4558,ISL,2007,55457.3601614503,0.05850089642416023,2.5,7.1499953259873354,311566.0
4559,ISL,2008,55360.8136012406,-0.0017424323350301307,2.3,6.967249850767777,317414.0
4560,ISL,2009,50581.0846167336,-0.09029432315467467,2.5,7.10052209363763,318499.0
4561,ISL,2010,49528.4864733411,-0.021029696243974882,2.7,6.839262282536836,318041.0
4562,ISL,2011,50058.8302665144,0.010650930743894449,2.4,7.169888747587542,319014.0
4563,ISL,2012,50375.4117054195,0.006304273944879313,2.5,7.0054263061555835,320716.0
4564,ISL,2013,51696.0876507326,0.02587891153814148,2.1,7.06544255481773,323764.0
4565,ISL,2014,52102.575810195,0.00783228268835856,3.2,7.1277739529488215,327386.0
4566,ISL,2015,53505.6964079339,0.026573735876315396,1.9,7.095230201016887,330815.0
4567,ISL,2016,56049.2928672039,0.046443410183044875,3.1,7.134492365806477,335439.0
4568,ISL,2017,56657.9800322797,0.010801309751883537,2.8,7.0896600822797495,343400.0
4569,ISL,2018,57731.6523639512,0.018772747855010152,2.5,7.229548881062685,352721.0
4570,ISL,2019,57118.8452777198,-0.010671488837706633,2.7,6.998600962281714,360563.0
4571,ISL,2020,52464.3073240589,-0.08500102420727806,2.3,7.073778062806589,366463.0
4572,ISL,2021,54285.0209203242,0.03411525316968955,2.7,7.045428084107209,372520.0
4573,ISL,2022,57626.2533717585,0.05972992050311632,2.5,7.128255339350929,382003.0
4574,ISR,1961,9458.63955442403,0.07317069590197356,18.6,6.220391343177919,2185000.0
4575,ISR,1962,9928.52378132969,0.04848324209364563,19.9,5.628699668531845,2293000.0
4576,ISR,1963,10593.150322061,0.06479579171024419,19.5,6.0553778728516345,2379000.0
4577,ISR,1964,10990.4498595643,0.036819104902711786,18.2,6.276267478808919,2475000.0
4578,ISR,1965,11568.0561477665,0.05122081800477574,18.9,6.137078895912954,2563000.0
4579,ISR,1966,11268.66237466,-0.026221887138806466,19.6,6.1167747380734285,2629000.0
4580,ISR,1967,11115.7010423579,-0.01366701481575383,18.0,6.279271611747914,2745000.0
4581,ISR,1968,12653.7427809761,0.1295944262616331,18.9,6.155494833929685,2803000.0
4582,ISR,1969,14000.6896335435,0.10115354451491143,19.2,6.1092475827643655,2877000.0
4583,ISR,1970,14533.7517490716,0.037367063405318035,18.9,5.986954391630096,2974000.0
4584,ISR,1971,15626.1975962966,0.07247518750209281,18.5,6.297477576244487,3069000.0
4585,ISR,1972,17084.4660920794,0.08922079613289924,18.3,5.906723318652891,3148000.0
4586,ISR,1973,17323.655731014,0.013903315800964933,18.6,5.819786150412507,3278000.0
4587,ISR,1974,17904.814221367,0.032996676818109805,18.5,6.4577111274760055,3377000.0
4588,ISR,1975,18068.1082362942,0.009078780670851216,18.4,5.967427969279741,3455000.0
4589,ISR,1976,17726.1924352735,-0.01910506391129374,18.4,5.934100229718411,3533000.0
4590,ISR,1977,17513.1500031396,-0.01209131686074194,18.6,6.2166061010848646,3613000.0
4591,ISR,1978,18100.2690966941,0.03297477788286329,18.8,5.80302430930585,3690000.0
4592,ISR,1979,18736.4481542417,0.0345439206067546,19.3,6.205970905026528,3786000.0
4593,ISR,1980,18597.509172637,-0.0074430696866301105,18.7,6.230678278599687,3878000.0
4594,ISR,1981,19204.336860022,0.03210847535120109,18.7,5.911067610035953,3956000.0
4595,ISR,1982,19239.5140824969,0.0018300576778944588,18.0,6.129485845005356,4031000.0
4596,ISR,1983,19527.3117937211,0.014847901112737816,17.9,6.1870313306519575,4105000.0
4597,ISR,1984,19453.6368526939,-0.003780053144557982,18.5,5.964607092938099,4159000.0
4598,ISR,1985,19885.1571367391,0.021939543604135636,19.0,5.9417489548620495,4233000.0
4599,ISR,1986,20400.2969995076,0.02557587864011701,18.8,6.330255521948153,4299000.0
4600,ISR,1987,21506.6299610497,0.0528117983350711,18.8,6.000672027858895,4369000.0
4601,ISR,1988,21768.7504269937,0.012114216868502226,18.8,6.316623023828922,4442000.0
4602,ISR,1989,21525.5757280153,-0.011233677844934675,18.8,5.794536837924666,4518000.0
4603,ISR,1990,22396.3023419926,0.03965407431436674,19.1,5.768320995793772,4660000.0
4604,ISR,1991,22717.7744150266,0.014251760753154485,19.0,6.490116369942264,4949000.0
4605,ISR,1992,23649.0394737135,0.040174867924115176,18.0,6.465989191147641,5123000.0
4606,ISR,1993,23976.7431106567,0.013761823578166243,18.9,5.79727281774354,5261000.0
4607,ISR,1994,25099.3242920961,0.04575660166972284,19.5,6.458181531247909,5399000.0
4608,ISR,1995,26052.1113890118,0.03725789117474321,19.1,5.575570243509278,5545000.0
4609,ISR,1996,26861.1743305822,0.030583094246649623,19.6,5.931714542702208,5692000.0
4610,ISR,1997,27144.221603813,0.01048228089271852,18.8,6.18826412308259,5836000.0
4611,ISR,1998,27618.7744807547,0.01733158482236341,20.0,5.771752601095469,5971000.0
4612,ISR,1999,27809.7288829095,0.0068901430136012465,19.9,5.376666332959013,6125000.0
4613,ISR,2000,29411.4999428787,0.05599983309150858,19.3,6.089044875446846,6289000.0
4614,ISR,2001,28804.0396341969,-0.02087011000137906,20.0,5.981414211254481,6439000.0
4615,ISR,2002,28186.5548167752,-0.021670557680373292,19.8,6.194201288644529,6570000.0
4616,ISR,2003,28079.3253966943,-0.0038115301668089074,19.8,6.317345175873304,6689700.0
4617,ISR,2004,28870.0080868057,0.027769719251070413,19.6,5.941223330671235,6809000.0
4618,ISR,2005,29600.1467243332,0.02497604443503576,19.5,5.8805329864007,6930100.0
4619,ISR,2006,30707.435814097,0.036725515972666045,19.4,5.855358414110991,7053700.0
4620,ISR,2007,32071.3107404162,0.043457049908498746,19.7,5.797879798035317,7180100.0
4621,ISR,2008,32519.7624461575,0.013886095697179357,19.9,5.664348405410794,7308800.0
4622,ISR,2009,32139.1146490917,-0.011774166568349287,19.8,5.831002324666921,7485600.0
4623,ISR,2010,33307.1044316197,0.035696907295326596,21.3,5.872399439949042,7623600.0
4624,ISR,2011,34499.9509262825,0.035187181083507824,19.3,5.992963423231718,7765800.0
4625,ISR,2012,34685.0915981013,0.005352056080385026,20.1,6.149109116189496,7910500.0
4626,ISR,2013,35436.2912873273,0.021426514922062267,19.9,6.105462651161393,8059500.0
4627,ISR,2014,36055.08530225,0.017311443646155666,20.1,5.922114468973189,8215700.0
4628,ISR,2015,36138.13561386,0.0023007796907315026,19.9,6.054908719664517,8380100.0
4629,ISR,2016,37044.0118623764,0.024758019582890256,20.3,5.948557046096705,8546000.0
4630,ISR,2017,37911.0217281157,0.023135165047417416,19.9,5.2235938203521,8713300.0
4631,ISR,2018,38695.0100079706,0.02046877078034548,20.6,6.181051314893349,8882800.0
4632,ISR,2019,39322.038041422,0.01607447475868362,20.0,6.121615231573027,9054000.0
4633,ISR,2020,37938.3809354755,-0.03582183686379814,20.1,6.319508508247561,9215100.0
4634,ISR,2021,40788.2391785198,0.07243049517351707,20.4,5.971516909298286,9371400.0
4635,ISR,2022,42539.2748766689,0.04203397951627075,19.8,6.19072515795886,9557500.0
4636,ITA,1961,10459.7143952499,0.0721943177918476,14.2,6.545062262717842,50536350.0
4637,ITA,1962,11033.6888899469,0.05342206507603109,13.3,6.593592329280758,50879450.0
4638,ITA,1963,11567.9458893944,0.047284768923717024,13.3,6.760182914515001,51252000.0
4639,ITA,1964,11794.1608575744,0.019366578623850828,13.7,6.70857236511277,51675350.0
4640,ITA,1965,12077.4620360047,0.023736507657925898,13.1,6.638436890547314,52112350.0
4641,ITA,1966,12701.1618944753,0.05035240295764609,13.8,6.7580945044277305,52519000.0
4642,ITA,1967,13514.757373119,0.062088750119078995,13.7,6.472037127702952,52900500.0
4643,ITA,1968,14308.559422797,0.05707569208157537,13.6,6.636471352339992,53235750.0
4644,ITA,1969,15095.4127815885,0.05353298913437676,13.3,6.71210529197685,53537950.0
4645,ITA,1970,15813.2011158569,0.04645419647872018,13.4,6.4760488596687455,53821850.0
4646,ITA,1971,16025.7748802391,0.013353251251285059,13.5,6.563714472860972,54073490.0
4647,ITA,1972,16523.1331589998,0.030563052546229486,13.4,6.775137754367298,54381345.0
4648,ITA,1973,17580.9120841639,0.06205236418677451,13.4,6.61324998118223,54751406.0
4649,ITA,1974,18426.9080027171,0.04699821498212309,13.5,6.585481761760737,55110868.0
4650,ITA,1975,17934.3228648852,-0.02709563249723601,13.6,6.694933276739799,55441001.0
4651,ITA,1976,19116.6107624269,0.06384127521456939,13.2,6.893047650109863,55718260.0
4652,ITA,1977,19522.996928617,0.021035469848136756,13.8,6.565546620508988,55955411.0
4653,ITA,1978,20083.8802093996,0.02832441329607427,13.1,6.751569195792809,56155143.0
4654,ITA,1979,21219.2669637857,0.05499207432301034,13.7,6.847686752516018,56317749.0
4655,ITA,1980,21901.9268708549,0.031665029924072385,13.0,6.7191339200396545,56433883.0
4656,ITA,1981,22060.3287067697,0.007206296370659615,13.5,6.555072356312942,56501675.0
4657,ITA,1982,22135.1628545397,0.0033865091956464255,14.2,6.685985783221071,56543548.0
4658,ITA,1983,22385.8416028019,0.011261264227373502,14.0,6.513081731952171,56564074.0
4659,ITA,1984,23102.8115427941,0.03152563421450871,13.3,6.8033942636573945,56576718.0
4660,ITA,1985,23742.3854949723,0.027307546405294758,13.7,6.578417531261524,56593071.0
4661,ITA,1986,24420.0802858599,0.0281438880503746,13.9,6.680227129350103,56596155.0
4662,ITA,1987,25196.9881183266,0.03131871187397017,13.8,6.675823221634848,56601931.0
4663,ITA,1988,26241.1619056876,0.04060477477754887,14.2,6.556636300614086,56629288.0
4664,ITA,1989,27109.970559768,0.03257233451735786,14.2,6.500388363584376,56671781.0
4665,ITA,1990,27625.1792306413,0.018826070248604054,14.5,6.629495345109261,56719240.0
4666,ITA,1991,28030.7653841073,0.014575022890390699,13.6,6.615797411667567,56758521.0
4667,ITA,1992,28245.4271054692,0.0076289014226560425,14.3,6.6237995882711695,56797087.0
4668,ITA,1993,27987.4328969281,-0.009175987803576646,14.0,6.597554895099754,56831821.0
4669,ITA,1994,28583.6255328648,0.02107843573646484,15.0,6.563150059130735,56843400.0
4670,ITA,1995,29408.3209572297,0.028443640006694082,14.1,6.662877235521921,56844303.0
4671,ITA,1996,29795.6597750915,0.013085077716404214,13.7,6.896390948903087,56860281.0
4672,ITA,1997,30353.3778243995,0.018545069236534317,14.5,6.582440565056801,56890372.0
4673,ITA,1998,30892.1758654455,0.01759513659361822,14.3,6.584376941872082,56906744.0
4674,ITA,1999,31405.2609007683,0.016472479887561065,14.6,6.636077780672072,56916317.0
4675,ITA,2000,32609.66746283,0.03763336885995017,14.9,6.5998704992128365,56942108.0
4676,ITA,2001,33243.599343976,0.019253455287545407,14.6,6.559615237493242,56976981.0
4677,ITA,2002,33267.4474482048,0.0007171171226723061,14.8,6.7576298204044996,57089824.0
4678,ITA,2003,33110.1698494812,-0.004738883360342783,14.8,6.578695502076378,57399184.0
4679,ITA,2004,33348.9744820456,0.007186540324829238,14.3,6.704291798434754,57828179.0
4680,ITA,2005,33407.6754716472,0.0017586563966851543,14.0,6.691835572757247,58166682.0
4681,ITA,2006,33873.0493680093,0.013834016187717069,14.7,6.497830240151879,58399861.0
4682,ITA,2007,34159.9109244074,0.008433067007965533,14.8,6.56625039983285,58756247.0
4683,ITA,2008,33550.6340800063,-0.017996998525465102,14.7,6.726712903686563,59211181.0
4684,ITA,2009,31587.0638416305,-0.06030809811525728,14.8,6.749462699987544,59555454.0
4685,ITA,2010,31928.5543621096,0.010753065801177186,14.2,6.811904953325303,59819407.0
4686,ITA,2011,32039.5032494316,0.0034688875266901675,15.0,6.535676589891606,60026841.0
4687,ITA,2012,30953.4147447427,-0.03448629395075642,14.9,6.542183734535649,60191247.0
4688,ITA,2013,30330.0221599668,-0.020345271725176417,14.5,6.664281461194676,60311613.0
4689,ITA,2014,30325.0287793923,-0.00016464846730634974,15.3,6.7448833460094955,60320707.0
4690,ITA,2015,30639.8829751432,0.0103291216544239,15.2,6.529126824827532,60229605.0
4691,ITA,2016,31077.6792675211,0.014187327553367268,15.1,6.566531772935438,60115223.0
4692,ITA,2017,31635.52277108,0.01779077447846511,14.9,6.463185450993212,60002252.0
4693,ITA,2018,31963.6417148824,0.010318432881504691,15.5,6.5543606631649745,59877221.0
4694,ITA,2019,32180.4341017428,0.0067595708432701684,15.3,6.713563549617695,59729081.0
4695,ITA,2020,29469.7989238626,-0.08799265762524122,15.3,6.555925720039882,59438851.0
4696,ITA,2021,32267.7091050201,0.0907010384189757,14.9,6.535676589891606,59133173.0
4697,ITA,2022,33891.8866526216,0.04910864189458408,15.8,6.317164686747284,59013667.0
4698,JAM,1967,4160.19545593224,0.0060556083738791955,25.6,6.993382364949574,1812865.0
4699,JAM,1968,4349.02393527166,0.0443893794583321,25.5,7.346977483888435,1833765.0
4700,JAM,1969,4538.59655791195,0.04266639882319545,26.0,7.745824976261692,1855127.0
4701,JAM,1970,5023.68060051815,0.10154501635725488,25.6,7.685565247420791,1878196.0
4702,JAM,1971,5078.13472725478,0.010781162081862306,25.5,7.4413203897176174,1903728.0
4703,JAM,1972,5906.34014145139,0.151082359698961,25.9,7.540568420502383,1931542.0
4704,JAM,1973,5497.87570868578,-0.07166459134197645,26.0,7.655343295220328,1961219.0
4705,JAM,1974,5186.84286399776,-0.058236582133234904,25.6,7.610456672346894,1990906.0
4706,JAM,1975,5101.61867279707,-0.01656732451622922,25.7,7.354682176897896,2018981.0
4707,JAM,1976,4698.21202640785,-0.08237585977191486,25.7,7.073608643068784,2045578.0
4708,JAM,1977,4520.74882814711,-0.03850436635833532,26.0,7.435614995303907,2070657.0
4709,JAM,1978,4466.16983984691,-0.01214646784920781,26.0,7.571473648851271,2094836.0
4710,JAM,1979,4367.43485325165,-0.022355335558469136,25.9,7.881144422896169,2119486.0
4711,JAM,1980,4067.64427298738,-0.07111181748101458,26.2,7.632885505395133,2145658.0
4712,JAM,1981,4120.923884804,0.013013352929249322,26.0,7.604047508686155,2173818.0
4713,JAM,1982,4148.80384290827,0.006742679964663267,26.0,7.216562633048866,2203889.0
4714,JAM,1983,4169.46768099328,0.004968311152463656,26.1,7.32409438364218,2234832.0
4715,JAM,1984,4051.26602520306,-0.028758942138939148,25.7,7.5230490203372185,2264562.0
4716,JAM,1985,3887.22002148017,-0.04133517637144024,25.7,7.277524122432028,2290656.0
4717,JAM,1986,3923.62647416332,0.009322092387996861,25.7,7.538122391419375,2312125.0
4718,JAM,1987,4199.51831662168,0.06795348509192856,26.4,7.734733807175603,2329813.0
4719,JAM,1988,4336.70453242817,0.032144903160601146,26.1,7.627836460782163,2345777.0
4720,JAM,1989,4616.03114609235,0.062420541249114336,25.9,7.37041954084111,2361916.0
4721,JAM,1990,4773.62848195303,0.03357142716082073,26.1,7.471988959448744,2379877.0
4722,JAM,1991,4960.83040580996,0.03846644348557682,26.1,7.398725074036778,2400869.0
4723,JAM,1992,5008.12883358686,0.009489211773596296,26.2,7.216342312113814,2424701.0
4724,JAM,1993,5423.3508419918,0.07965150192855219,26.3,7.7437032581737535,2449916.0
4725,JAM,1994,5442.16740407801,0.0034635404350780163,26.5,7.33849819427457,2475220.0
4726,JAM,1995,5514.51252836665,0.013205857269774413,26.4,7.662326761529082,2500151.0
4727,JAM,1996,5455.19334658148,-0.010815196080262268,25.9,7.6599257999915435,2524463.0
4728,JAM,1997,5343.48049225757,-0.020690844342851733,26.6,7.299527059958299,2547848.0
4729,JAM,1998,5174.28295609468,-0.03217644789121188,26.9,7.5932734323775914,2569736.0
4730,JAM,1999,5187.99579646328,0.002646685869173382,26.3,7.614262811243919,2589795.0
4731,JAM,2000,5197.39692210665,0.0018104521352242386,26.3,7.394800374082724,2607826.0
4732,JAM,2001,5234.02744397806,0.007023139151639768,26.4,7.528976719970493,2624403.0
4733,JAM,2002,5305.87658697244,0.013633948800762852,26.7,7.414211370230185,2640572.0
4734,JAM,2003,5467.17406988236,0.02994686321689599,26.6,7.703819993548769,2656623.0
4735,JAM,2004,5507.20135110043,0.007294712852356611,26.5,7.357173474618764,2672225.0
4736,JAM,2005,5525.73577833713,0.003359838718333563,26.4,7.96227634613728,2687066.0
4737,JAM,2006,5656.66803579988,0.023418621530019834,26.6,7.320063585572296,2700968.0
4738,JAM,2007,5710.53878446758,0.009478344649975767,26.3,7.990780044308533,2713800.0
4739,JAM,2008,5639.58974873397,-0.012502053988702855,26.0,7.61218853155905,2725635.0
4740,JAM,2009,5372.14234169511,-0.048584548003349326,26.2,7.198183577101943,2736995.0
4741,JAM,2010,5271.57221477938,-0.01889812423873849,26.0,8.105126339673511,2748568.0
4742,JAM,2011,5339.62170188798,0.012826157083539513,25.9,7.825564856825562,2760494.0
4743,JAM,2012,5284.00852557589,-0.010469807990736157,26.2,7.628177101676963,2772430.0
4744,JAM,2013,5289.88438546111,0.001111390202165552,26.6,7.447576439589381,2783687.0
4745,JAM,2014,5307.19165380801,0.003266426261573585,26.7,7.4085911711187595,2793749.0
4746,JAM,2015,5339.30718256806,0.006033086870282034,27.0,7.080699673963495,2802534.0
4747,JAM,2016,5472.28314023034,0.02460001898187336,26.8,7.36562306588335,2809915.0
4748,JAM,2017,5586.1365723133,0.02059199381504051,26.7,7.9441374911141125,2815764.0
4749,JAM,2018,5717.87621107532,0.02330952841601075,26.7,7.312820307068962,2820097.0
4750,JAM,2019,5814.79275311692,0.016807700611023435,26.8,7.382311031575095,2823271.0
4751,JAM,2020,5317.84145033966,-0.08933766668635634,26.9,7.813834045779875,2830739.0
4752,JAM,2021,5607.45378253877,0.05302926669821417,26.6,7.5959904151810616,2837682.0
4753,JAM,2022,5965.46127464873,0.06188963746233256,26.6,7.330994815189466,2839144.0
4754,JOR,1977,3356.16894521624,0.04913088435649904,18.2,4.869071729774468,2019002.0
4755,JOR,1978,3729.52306934057,0.10548023345063662,18.5,4.2626798770413155,2083595.0
4756,JOR,1979,4358.34987346028,0.15581315430055476,19.0,4.963543686562405,2153882.0
4757,JOR,1980,4671.64972548196,0.06941875324011271,18.4,5.0682750735426705,2234186.0
4758,JOR,1981,5259.18950526996,0.11846465885290769,18.4,4.378269585796169,2325517.0
4759,JOR,1982,5393.50008707247,0.025217612550806123,17.7,4.997212273764115,2426927.0
4760,JOR,1983,5044.35427017302,-0.06692488938289465,17.6,4.832305758571839,2537307.0
4761,JOR,1984,5028.22619953898,-0.0032023739032069898,18.1,4.626931677769604,2654688.0
4762,JOR,1985,4673.59710903275,-0.073138243614018,18.7,4.799914262780603,2778810.0
4763,JOR,1986,4708.74894604541,0.0074932221179437875,18.5,4.906015244966153,2909887.0
4764,JOR,1987,4600.37547536923,-0.02328433095096294,18.5,4.6141299273595635,3047634.0
4765,JOR,1988,4455.08518118154,-0.03209174414918614,18.5,5.2278949022514904,3193039.0
4766,JOR,1989,3791.16878228393,-0.1613718237148909,18.5,4.422448549172797,3349627.0
4767,JOR,1990,3496.48977109386,-0.08091481469267059,18.7,4.637637376125593,3621908.0
4768,JOR,1991,3286.63559783063,-0.061895115778378695,18.6,5.052416828111211,3915149.0
4769,JOR,1992,3564.73934155579,0.08122650831098177,17.6,4.991792206294776,4127693.0
4770,JOR,1993,3535.94786061685,-0.008109535854007532,18.5,4.673762977453703,4348020.0
4771,JOR,1994,3538.09885361169,0.0006081365159236185,19.1,5.094363509626968,4561406.0
4772,JOR,1995,3606.71295243238,0.019207282177537977,18.8,4.350277936359301,4752096.0
4773,JOR,1996,3561.74921330419,-0.012545041817695335,19.3,4.688591794127164,4912516.0
4774,JOR,1997,3582.04875443504,0.005683138257495557,18.4,4.9037921984782065,5046285.0
4775,JOR,1998,3605.63447052895,0.00656283812471159,19.7,4.525044141508807,5164284.0
4776,JOR,1999,3648.60665235433,0.011847603008490637,19.6,4.189654742026425,5276444.0
4777,JOR,2000,3725.49544709257,0.020854493285426656,19.0,4.56954300834494,5386945.0
4778,JOR,2001,3841.98511846743,0.030789342039232892,19.7,4.676560182074764,5498894.0
4779,JOR,2002,3979.40388653953,0.035142839870097475,19.5,4.848116364598481,5616066.0
4780,JOR,2003,4054.22612609768,0.018627794161480082,19.5,4.90527477843843,5741828.0
4781,JOR,2004,4296.62367370886,0.05806969712524257,19.3,4.578826210648489,5882061.0
4782,JOR,2005,4532.96248258538,0.05354617330164757,19.2,4.528289141652134,6029587.0
4783,JOR,2006,4596.56909353547,0.013934480564101293,19.1,4.574710978503383,6427371.0
4784,JOR,2007,4681.17006766931,0.018237917160691453,19.3,4.58700621536042,6827227.0
4785,JOR,2008,4902.38348073849,0.04617341835057154,19.6,4.252771798816619,6989866.0
4786,JOR,2009,5043.62638729303,0.02840383314926065,19.4,4.377014092850337,7141753.0
4787,JOR,2010,5066.49720027725,0.004524346670811141,21.1,4.659658371272161,7297043.0
4788,JOR,2011,5085.98005025386,0.0038380531986597077,19.0,4.688591794127164,7480424.0
4789,JOR,2012,5135.0327939589,0.009598485210480234,19.7,4.605170185988092,7587127.0
4790,JOR,2013,5007.76162067161,-0.025097196761439733,19.5,4.778282803696737,7991809.0
4791,JOR,2014,4703.39944986815,-0.06270349848287537,19.7,4.77912349311153,8791710.0
4792,JOR,2015,4441.61896013754,-0.05726659383173427,19.7,4.65586330030361,9544729.0
4793,JOR,2016,4326.17261571505,-0.026335711987220733,20.0,4.681204872264089,10006367.0
4794,JOR,2017,4335.92512689541,0.0022517675489144295,19.6,3.9646154555473165,10234226.0
4795,JOR,2018,4320.029787425,-0.0036726987363149277,20.3,4.809742351716865,10462306.0
4796,JOR,2019,4313.80791426608,-0.0014412766259788157,19.7,4.7535901911063645,10671891.0
4797,JOR,2020,4188.21240095719,-0.029547012560353636,19.8,4.945207488773801,10865228.0
4798,JOR,2021,4266.3790298994,0.01849145683446629,20.1,4.497584975308154,11066356.0
4799,JOR,2022,4309.61432856804,0.010082952063321216,19.6,4.874433672915854,11256263.0
4800,JPN,1961,7197.18214473058,0.10475699048138942,12.0,7.443605167652863,94055000.0
4801,JPN,1962,7765.88292703689,0.07605057549993433,11.4,7.407621062511786,94933000.0
4802,JPN,1963,8338.99399083672,0.07120242836523616,11.2,7.4885173289472915,95900000.0
4803,JPN,1964,9216.32221560597,0.1000334814782029,11.6,7.419560422861628,96903000.0
4804,JPN,1965,9648.24054656205,0.0457995059729992,10.9,7.48605261786314,97952000.0
4805,JPN,1966,10577.5937769986,0.09196239733194744,11.3,7.550082737212108,98851000.0
4806,JPN,1967,11628.8833173252,0.09475397521554996,11.5,7.337132207136614,99879000.0
4807,JPN,1968,12979.860485465,0.1099070183011257,11.3,7.383803105212184,101011000.0
4808,JPN,1969,14426.9406553992,0.10569837472020716,11.1,7.371048946702774,102219000.0
4809,JPN,1970,14318.6588003477,-0.0075338395624342525,11.1,7.396457985660357,103403000.0
4810,JPN,1971,14666.1228715572,0.023976769670895237,11.1,7.393509218319105,105697000.0
4811,JPN,1972,15678.891945691,0.06677507807285821,11.6,7.618987927088467,107188000.0
4812,JPN,1973,16701.6297669361,0.06319095979916867,11.5,7.2949206299188685,108707000.0
4813,JPN,1974,16279.1053900856,-0.02562389789996722,11.0,7.4067107301776405,110162000.0
4814,JPN,1975,16570.1490384468,0.017720418277219707,11.6,7.454256879200598,111573000.0
4815,JPN,1976,17045.1784418847,0.028264548532025202,10.9,7.465369064246887,112775000.0
4816,JPN,1977,17622.1033093596,0.033286609544370904,11.5,7.323698631377929,113872000.0
4817,JPN,1978,18383.0750924035,0.04227642542617538,11.8,7.164101471124065,114913000.0
4818,JPN,1979,19227.734800588,0.04492334820572097,12.1,7.487285732755115,115890000.0
4819,JPN,1980,19614.2922299856,0.019904738329026728,11.0,7.60060241453308,116807000.0
4820,JPN,1981,20291.567958628,0.03394693235084567,10.9,7.424642494126723,117661000.0
4821,JPN,1982,20818.8044337152,0.025651209344070836,11.6,7.3857890799231365,118480000.0
4822,JPN,1983,21402.8665366541,0.027668225763184395,11.4,7.425417480007116,119307000.0
4823,JPN,1984,22221.8862508533,0.037552807017723566,11.0,7.134811167116262,120083000.0
4824,JPN,1985,23238.9252243658,0.04475101372827339,11.6,7.45054457795352,120837000.0
4825,JPN,1986,23884.4841642864,0.027400365855887898,11.0,7.289610521451167,121482000.0
4826,JPN,1987,24894.0912634322,0.0414014266834517,11.8,7.3562160175513975,122069000.0
4827,JPN,1988,26472.7749041278,0.06148636613207259,11.2,7.37938258934397,122578000.0
4828,JPN,1989,27648.0847646202,0.043439615681311494,12.2,7.535350091301846,123069000.0
4829,JPN,1990,28904.7658863073,0.044450032616182966,12.8,7.508951630794174,123478000.0
4830,JPN,1991,29775.391651584,0.02967577777734043,12.2,7.514581753075555,123964000.0
4831,JPN,1992,29916.6529957081,0.004733012871753317,11.9,7.3632161734115416,124425000.0
4832,JPN,1993,29665.3871017287,-0.008434333000758798,11.4,7.604495995052212,124829000.0
4833,JPN,1994,29876.454752764,0.007089754987875452,12.6,7.128576134926702,125178000.0
4834,JPN,1995,30504.5332529005,0.02080460009215912,11.9,7.33810810259808,125472000.0
4835,JPN,1996,31371.432405964,0.028022378998761255,11.5,7.259678953495382,125757000.0
4836,JPN,1997,31723.3382538425,0.01115494971283404,12.1,7.413307020245419,126057000.0
4837,JPN,1998,31076.4386626557,-0.0206026997327573,12.8,7.590043716207206,126400000.0
4838,JPN,1999,30911.9243180534,-0.005307923066341758,12.5,7.487173694213739,126631000.0
4839,JPN,2000,31779.3788459032,0.027675605753154642,12.3,7.366950709511269,126843000.0
4840,JPN,2001,31793.1269485489,0.00043251725532122975,12.0,7.390119697926092,127149000.0
4841,JPN,2002,31746.2430105713,-0.0014757447710458393,12.3,7.387523578282785,127445000.0
4842,JPN,2003,32115.5810785373,0.011566916264792226,12.0,7.488461380196333,127718000.0
4843,JPN,2004,32783.1292835489,0.020572727728680462,12.9,7.471306171371008,127761000.0
4844,JPN,2005,33385.9179590327,0.01822016112889102,12.0,7.2716342117693715,127773000.0
4845,JPN,2006,33880.6890093456,0.014711013250842342,12.2,7.527363556207212,127854000.0
4846,JPN,2007,34426.6937124867,0.015987037142062732,12.7,7.3178098394241085,128001000.0
4847,JPN,2008,34008.5915147362,-0.01221905917176791,12.3,7.342066961647881,128063000.0
4848,JPN,2009,31993.8588053706,-0.06106921225487305,12.4,7.439441793415457,128047000.0
4849,JPN,2010,33311.2872381879,0.04035232360546459,12.7,7.514854254916629,128070000.0
4850,JPN,2011,33306.1802259719,-0.00015332351770069863,12.2,7.49103178840637,127833000.0
4851,JPN,2012,33909.4911855243,0.017951979036819665,12.0,7.497318143285512,127629000.0
4852,JPN,2013,34636.6924746166,0.021218645126451108,12.4,7.468113648278619,127445000.0
4853,JPN,2014,34996.8796756631,0.010345309090151744,12.2,7.487677768827454,127276000.0
4854,JPN,2015,35664.6446110613,0.018900945647649436,12.7,7.517575196952329,127141000.0
4855,JPN,2016,35934.4467886662,0.0075365049854188015,12.8,7.552867010503525,127076000.0
4856,JPN,2017,36547.7357437305,0.016922878696613353,12.2,7.355257642881359,126972000.0
4857,JPN,2018,36899.3847079435,0.009575641605083618,12.7,7.537962659768208,126811000.0
4858,JPN,2019,36837.2583653113,-0.0016850877594531966,12.9,7.381999902485127,126633000.0
4859,JPN,2020,35363.2996951789,-0.04083523797951294,13.0,7.516650907094491,126261000.0
4860,JPN,2021,36792.556429474,0.03962100319013828,13.0,7.522021576688634,125681593.0
4861,JPN,2022,37448.3504824849,0.017667109354476906,12.9,7.401475434845189,125124989.0
4862,KAZ,1991,4910.15324119135,-0.12376802733307635,7.2,5.286244785313768,17278600.0
4863,KAZ,1992,4635.42154654073,-0.05757800790328638,6.3,5.542830943598439,17332625.0
4864,KAZ,1993,4223.1282023154,-0.09315100982972346,5.5,5.689007189074046,17274487.0
4865,KAZ,1994,3740.97810892024,-0.12122902992138052,6.1,5.508578292031233,17043771.0
4866,KAZ,1995,3498.51454364229,-0.06700864138046292,7.9,5.309257306586371,16730536.0
4867,KAZ,1996,3583.36908423331,0.02396498054797469,5.6,5.334649295795427,16416027.0
4868,KAZ,1997,3728.96386519689,0.03982696808591335,7.4,5.404927101606295,16043251.0
4869,KAZ,1998,3750.56494562659,0.005776069865465416,6.8,5.455321115357702,15647785.0
4870,KAZ,1999,3899.65723139778,0.03898217908540502,7.6,5.519859636495273,15455874.0
4871,KAZ,2000,4269.33016782791,0.09056828568618513,7.4,5.552571912887299,15501103.0
4872,KAZ,2001,4822.52862802669,0.12184145655163192,7.4,5.5506312951620265,15575550.0
4873,KAZ,2002,5267.6990320263,0.08829524876908579,7.8,5.6577385361547945,15656677.0
4874,KAZ,2003,5724.43199248054,0.08314967833607945,6.7,5.654592230465429,15747380.0
4875,KAZ,2004,6233.29439373307,0.08516165894732453,8.0,5.5819914176022785,15850159.0
4876,KAZ,2005,6787.4115548789,0.08516466640818621,7.6,5.413430173648541,15968117.0
4877,KAZ,2006,7450.39687062615,0.09319764761118243,7.5,5.527442989539794,16103716.0
4878,KAZ,2007,8036.87599811505,0.07577314803689994,7.8,5.484381909620826,16257214.0
4879,KAZ,2008,8216.52181589585,0.02210653253364825,7.7,5.378975269565491,16426525.0
4880,KAZ,2009,8218.39912556048,0.00022845375155533532,7.1,5.564137192142683,16619846.0
4881,KAZ,2010,8704.70655484556,0.05748842617770222,7.6,5.457029057702858,16836810.0
4882,KAZ,2011,9223.3021336315,0.057869259734959044,6.4,5.5345745570076295,17066002.0
4883,KAZ,2012,9531.91477617058,0.0329124959511784,6.9,5.418320158942733,17306106.0
4884,KAZ,2013,9959.72586930534,0.043903929672087116,8.3,5.66608060747219,17556502.0
4885,KAZ,2014,10226.7100539683,0.02645338233167216,6.6,5.477717994914328,17816285.0
4886,KAZ,2015,10196.1226255982,-0.002995417111872456,8.0,5.663307642090483,18084169.0
4887,KAZ,2016,10151.423313302,-0.0043935897071136765,8.0,5.787204082795274,18363600.0
4888,KAZ,2017,10404.2718646317,0.024602554456365056,7.7,5.442850517280335,18651931.0
4889,KAZ,2018,10670.2120148279,0.025239457272261845,6.7,5.485211785187126,18932727.0
4890,KAZ,2019,10989.6840718388,0.02950108582994382,8.0,5.41920668382349,19209555.0
4891,KAZ,2020,10565.0359816235,-0.03940696432651514,8.3,5.390440655423842,19482117.0
4892,KAZ,2021,10873.3915275276,0.028768603720580543,8.1,5.349010480863555,19743603.0
4893,KAZ,2022,11058.3482413407,0.01686697915256019,8.2,5.518255786913298,20034609.0
4894,KEN,1961,704.532413221054,-0.1182359431749127,24.7,6.961864604629169,7987770.0
4895,KEN,1962,742.214802683441,0.052104353649109036,24.5,6.543767950320282,8299308.0
4896,KEN,1963,776.61405320386,0.04530482018110238,24.5,6.820125529021163,8627971.0
4897,KEN,1964,783.777273902912,0.009181377638791233,24.4,6.57507584059962,8973535.0
4898,KEN,1965,768.312009345226,-0.019928977766011435,24.5,6.402746040537586,9338078.0
4899,KEN,1966,847.028481793247,0.09753840794732138,24.7,6.576051654436026,9717816.0
4900,KEN,1967,841.449011083599,-0.006608901855454263,24.4,6.799724534768432,10111057.0
4901,KEN,1968,873.396320093881,0.0372640088255789,24.0,6.935467717548673,10518823.0
4902,KEN,1969,906.636182608442,0.03735182020240391,24.8,6.457083578035894,10939695.0
4903,KEN,1970,831.801819281121,-0.08614703346551256,24.9,6.500238066747841,11368791.0
4904,KEN,1971,980.029449369286,0.16398840712179474,24.4,6.458024754575957,11788904.0
4905,KEN,1972,1108.22714085008,0.12293422547472677,25.0,6.546498425538293,12206060.0
4906,KEN,1973,1133.74828467608,0.02276764139866927,25.2,6.218400896660888,12634835.0
4907,KEN,1974,1140.55255920466,0.005983636552314486,24.7,6.373490423482384,13070078.0
4908,KEN,1975,1113.00977634208,-0.024444990003225975,24.6,6.36199308533525,13511671.0
4909,KEN,1976,1100.6565011535,-0.011161035021272525,24.9,6.2373475853916815,13957623.0
4910,KEN,1977,1165.36861222478,0.057130621306196616,24.9,6.779808264651515,14428819.0
4911,KEN,1978,1203.76787713531,0.032419092907461255,24.8,6.734591659972948,14934126.0
4912,KEN,1979,1251.31913330141,0.03874176628805959,24.8,6.685111602709578,15460666.0
4913,KEN,1980,1275.28269729355,0.01896957589015713,25.0,6.217404185724193,16018459.0
4914,KEN,1981,1276.92778781689,0.0012891497474596392,24.9,6.615261649533134,16601507.0
4915,KEN,1982,1250.61396929068,-0.020822420988760193,24.8,6.7852486044893405,17206175.0
4916,KEN,1983,1221.53485890834,-0.023526457062878592,25.3,6.385868707856721,17846374.0
4917,KEN,1984,1198.09437242046,-0.019375877530692698,24.9,6.283760957110508,18514906.0
4918,KEN,1985,1204.91932367736,0.005680341830169411,24.7,6.512784907966614,19201768.0
4919,KEN,1986,1245.98851025394,0.0335165856215367,24.9,6.520473841307601,19901646.0
4920,KEN,1987,1274.22087961614,0.022405717999490093,25.3,6.393590753950631,20616096.0
4921,KEN,1988,1306.36433683504,0.024913046474612344,25.2,6.665046572173087,21356219.0
4922,KEN,1989,1320.50774519897,0.010768354599278496,24.6,6.640921039043194,22118434.0
4923,KEN,1990,1329.33312766232,0.0066610906229565,25.0,6.622204267539311,22892651.0
4924,KEN,1991,1305.46415701447,-0.018118755303913936,25.1,6.391414474528037,23646514.0
4925,KEN,1992,1255.93870622359,-0.038675387332330224,25.0,6.454569434662561,24382460.0
4926,KEN,1993,1223.50616725762,-0.026162621521665486,24.9,6.45661265737732,25117188.0
4927,KEN,1994,1219.7841113305,-0.0030467593957039796,25.0,6.6082704944112045,25857130.0
4928,KEN,1995,1237.88250467675,0.014728377228625078,25.2,6.48188336109631,26601751.0
4929,KEN,1996,1254.21025248674,0.013103831227296858,25.1,6.267959273919186,27344211.0
4930,KEN,1997,1226.19542113337,-0.022589871469214096,25.0,6.913439095450435,28101768.0
4931,KEN,1998,1232.06658106635,0.0047766845772372335,25.3,6.590301048196686,28888057.0
4932,KEN,1999,1224.63404639886,-0.006050844992258497,24.9,6.405724202897641,29733408.0
4933,KEN,2000,1195.41296851656,-0.02415035569920665,25.1,6.19766537769188,30642890.0
4934,KEN,2001,1202.29348759987,0.005739266332875026,25.4,6.435348765120091,31619170.0
4935,KEN,2002,1171.4262517349,-0.0260089473791707,25.5,6.6904695371520875,32629808.0
4936,KEN,2003,1169.14433674051,-0.0019498798529031802,25.5,6.472964341492144,33652223.0
4937,KEN,2004,1191.25443604556,0.018734754703378265,25.3,6.487836213903822,34713455.0
4938,KEN,2005,1223.44738472019,0.026665699232121476,25.3,6.3080984415095305,35796484.0
4939,KEN,2006,1263.54164666211,0.03224600958081236,25.4,6.657368991274053,36904008.0
4940,KEN,2007,1309.91092948216,0.036040533489700266,25.3,6.552793153047079,38036349.0
4941,KEN,2008,1273.77226103073,-0.027976359971628284,25.2,6.544631011363498,39206351.0
4942,KEN,2009,1276.73503486074,0.002323283032712453,25.8,6.516636764580894,40408891.0
4943,KEN,2010,1340.16467408856,0.04848643232236949,25.6,6.490571777919774,41598567.0
4944,KEN,2011,1370.58000874482,0.022441516770883574,25.4,6.567234859514355,42758461.0
4945,KEN,2012,1396.30178709756,0.01859314655191735,25.2,6.695798917058491,43888303.0
4946,KEN,2013,1413.94142522583,0.01255398089470372,25.4,6.616868075581408,44986791.0
4947,KEN,2014,1450.59338202277,0.025591559961664956,25.4,6.426812029698016,46051440.0
4948,KEN,2015,1489.11959777284,0.026212369642222733,25.5,6.677335318697152,47088526.0
4949,KEN,2016,1517.97796057742,0.019194088799753928,25.8,6.53813982376767,48139687.0
4950,KEN,2017,1542.33773973372,0.015920118078543766,25.5,6.960252847939891,49197766.0
4951,KEN,2018,1596.69045914945,0.034633745767019164,25.1,6.713684975153634,50207107.0
4952,KEN,2019,1645.70961777862,0.03023864579926716,25.6,7.023669903578493,51202827.0
4953,KEN,2020,1609.33414078281,-0.02235115349294947,25.6,6.6547966425887415,52217334.0
4954,KEN,2021,1698.89578271444,0.05415798414398587,25.5,6.913041283411374,53219166.0
4955,KEN,2022,1747.53198804428,0.028225999550580916,25.5,6.826002777109878,54252461.0
4956,KGZ,1987,1036.71012984427,0.013443280463786067,2.2,6.416405431716803,4144600.0
4957,KGZ,1988,1153.02506583629,0.1063366181788643,2.5,6.155706990502031,4218400.0
4958,KGZ,1989,1160.67608073008,0.006613682837633306,1.9,5.914313487919567,4307500.0
4959,KGZ,1990,1203.47208279448,0.03620811773553534,2.7,6.060290738037835,4391236.0
4960,KGZ,1991,1089.90005451003,-0.09912478236407729,2.3,6.048317358700765,4463634.0
4961,KGZ,1992,928.31552055094,-0.1604696023162724,2.2,6.085865222529466,4515400.0
4962,KGZ,1993,784.564919201316,-0.1682423545154803,1.3,6.369387152209746,4516777.0
4963,KGZ,1994,627.220989930123,-0.22383038651351228,1.9,6.0112671744041615,4515069.0
4964,KGZ,1995,587.298180667228,-0.06576626983131462,2.7,5.69608626802173,4560454.0
4965,KGZ,1996,619.667768615001,0.05365081261137217,1.6,6.024899323194219,4628438.0
4966,KGZ,1997,671.25000816306,0.07995818064021076,3.0,5.82452409235233,4696421.0
4967,KGZ,1998,675.058248147575,0.0056573227173606355,2.4,6.381985207830324,4769015.0
4968,KGZ,1999,689.414278205464,0.021043384227890982,3.1,6.243001172923409,4840422.0
4969,KGZ,2000,718.342832397662,0.04110457260844225,2.9,6.024657514463746,4898362.0
4970,KGZ,2001,749.423779561565,0.042357679785663294,3.1,5.983180327520285,4945073.0
4971,KGZ,2002,742.44300111832,-0.009358515763846498,3.2,6.351583553449269,4990704.0
4972,KGZ,2003,786.350474964134,0.05745648838809014,2.3,6.428266810525186,5043308.0
4973,KGZ,2004,831.482103944381,0.05580718583720934,3.6,6.202333067546579,5104713.0
4974,KGZ,2005,820.709519437592,-0.013040542047966674,3.0,6.169610732491456,5162640.0
4975,KGZ,2006,837.138026647346,0.019819729545714537,3.3,5.992464047441065,5218373.0
4976,KGZ,2007,900.02796489729,0.07243687166706714,3.3,6.022236205774735,5268385.0
4977,KGZ,2008,966.409971184817,0.07116231004272233,3.0,5.902906520126191,5318729.0
4978,KGZ,2009,981.220904665529,0.015209472368328036,2.9,6.144400203378695,5389643.0
4979,KGZ,2010,962.764789828724,-0.01898848271803999,3.4,6.2656813686061925,5467059.0
4980,KGZ,2011,1005.4831781815,0.04341434462549376,2.6,6.1837364347551045,5546587.0
4981,KGZ,2012,985.8472865972,-0.01972201840823029,2.2,5.891091572961195,5652076.0
4982,KGZ,2013,1069.78404438716,0.08171061855049722,3.6,6.110580027998144,5777150.0
4983,KGZ,2014,1088.58214229508,0.017419262169847016,2.1,5.950642552587727,5905848.0
4984,KGZ,2015,1105.65193844261,0.015559087936972027,3.6,6.159729436912202,6040036.0
4985,KGZ,2016,1128.3161612818,0.020291248092568992,3.8,6.435669483532077,6175338.0
4986,KGZ,2017,1157.18275758067,0.025261995260727588,3.1,6.140746249823736,6306696.0
4987,KGZ,2018,1175.0712778747,0.015340413888845106,2.8,6.069351085765053,6444079.0
4988,KGZ,2019,1201.87701429721,0.022555705544542448,3.7,6.035959786994534,6590211.0
4989,KGZ,2020,1093.32856461422,-0.0946577412367251,2.9,6.133831788394904,6726596.0
4990,KGZ,2021,1132.5546781282,0.03524908603237442,3.8,5.80302430930585,6851224.0
4991,KGZ,2022,1212.17812721768,0.06794298838222268,4.2,6.163946183619964,6975220.0
4992,KHM,1976,832.046370021047,0.07023447112705394,26.6,7.546129433694791,6134991.0
4993,KHM,1977,768.349009368511,-0.07964410326321669,27.0,7.342584995720205,5668551.0
4994,KHM,1978,835.709043830217,0.08403644960767753,27.1,7.549030050131371,5211653.0
4995,KHM,1979,746.08572413472,-0.11344001350034993,27.4,7.487061643118323,5088808.0
4996,KHM,1980,688.762215998489,-0.07994440852388696,27.1,7.576558536152565,5199872.0
4997,KHM,1981,678.011250962987,-0.015732214643369602,26.4,7.4770384723196965,5284495.0
4998,KHM,1982,659.062242599126,-0.0283459020264738,26.5,7.479751257977932,5436432.0
4999,KHM,1983,663.885539072704,0.007291773585607508,26.9,7.636076534549736,5636203.0
5000,KHM,1984,671.730248753369,0.011747090686246686,26.5,7.58263665073519,5845117.0
5001,KHM,1985,679.989551081934,0.012220587607333577,26.6,7.528546797349942,6043783.0
5002,KHM,1986,678.670094090388,-0.001942292775146015,26.6,7.535456860467013,6285693.0
5003,KHM,1987,790.553706971779,0.1525984556289659,27.4,7.453330095074946,6557970.0
5004,KHM,1988,852.223975284837,0.07511577922173363,27.2,7.611199265019451,6812014.0
5005,KHM,1989,849.279049748096,-0.0034615612596882173,27.3,7.44038153270698,7073473.0
5006,KHM,1990,824.051655825487,-0.030154595758786762,27.6,7.554177661035847,7374752.0
5007,KHM,1991,850.610221173097,0.03172078212148577,27.6,7.446935096244656,7686850.0
5008,KHM,1992,862.478030887335,0.013855677971459812,27.3,7.377633900414722,8113083.0
5009,KHM,1993,845.382004291868,-0.0200210758595194,27.3,7.284683728948113,8616381.0
5010,KHM,1994,513.967147967874,-0.4976292523334589,27.4,7.6098126456718385,9239162.0
5011,KHM,1995,520.926883186145,0.013450343577713575,27.2,7.527686397210823,10018497.0
5012,KHM,1996,511.670349597704,-0.017929123292768523,26.8,7.540355959674049,10801270.0
5013,KHM,1997,496.770551310941,-0.029552317125085104,27.3,7.407621062511786,11570982.0
5014,KHM,1998,499.016649050833,0.0045112079132341165,27.9,7.520505522470053,12058173.0
5015,KHM,1999,552.901492232643,0.10254039223358458,26.7,7.590599566546185,12265731.0
5016,KHM,2000,598.561915252147,0.07935011810122905,27.0,7.615938844368196,12462336.0
5017,KHM,2001,632.833573980849,0.05567750091258272,27.2,7.569772924345162,12658484.0
5018,KHM,2002,662.188341283454,0.04534254764925283,27.3,7.518987166340815,12855241.0
5019,KHM,2003,719.333494240509,0.08277506191635009,27.2,7.479073751176949,13050968.0
5020,KHM,2004,775.847139030978,0.07563043415489545,27.2,7.432602144110382,13244731.0
5021,KHM,2005,866.340290123209,0.1103222611007526,27.3,7.468570347493042,13439202.0
5022,KHM,2006,947.065220050691,0.08909018488941989,27.3,7.632304222681614,13639028.0
5023,KHM,2007,1030.23117620792,0.08417053797612706,27.1,7.7100258865604365,13841770.0
5024,KHM,2008,1090.57475806147,0.05692163826226082,26.8,7.486108701540001,14053479.0
5025,KHM,2009,1117.25834194514,0.024172917061201282,27.1,7.531873873131646,14276810.0
5026,KHM,2010,1155.85236856699,0.03396027794085832,27.7,7.44938165190084,14500726.0
5027,KHM,2011,1221.38839852454,0.055150190012965616,26.7,7.655390644826152,14722584.0
5028,KHM,2012,1295.25271477893,0.0587175794047301,27.6,7.5200177308016185,14945085.0
5029,KHM,2013,1376.29557595926,0.06068970189279366,27.2,7.643674551385951,15170208.0
5030,KHM,2014,1464.53115866927,0.062139638483850845,27.3,7.522292058960171,15396772.0
5031,KHM,2015,1547.32010444393,0.05498930663448398,27.7,7.406224880538543,15623251.0
5032,KHM,2016,1645.46671578126,0.06149959210575329,27.9,7.461640392208575,15852803.0
5033,KHM,2017,1753.93530504662,0.06383794725458358,27.4,7.613818684808629,16073372.0
5034,KHM,2018,1884.28374817086,0.0716857652144327,27.4,7.479356101462587,16274522.0
5035,KHM,2019,2008.32094006706,0.06375124552237743,27.9,7.44798435311737,16481304.0
5036,KHM,2020,1908.63427518336,-0.050911072643515354,27.8,7.499423290592229,16725474.0
5037,KHM,2021,1938.76436741728,0.015662899016171572,27.3,7.651928218145126,16974305.0
5038,KHM,2022,2011.27433313262,0.03671767162218931,27.2,7.679944666882036,17201724.0
5039,KIR,1971,1411.81592169253,-0.042829721715924585,27.433333333333334,7.040390436774844,58652.0
5040,KIR,1972,1552.54661185826,0.09501979461677745,27.666666666666668,7.756138264693558,59778.0
5041,KIR,1973,1844.90008784819,0.1725285649823336,27.733333333333334,7.401109156836088,60824.0
5042,KIR,1974,2663.39415031051,0.3671761826610833,27.633333333333336,7.105129638402384,61219.0
5043,KIR,1975,2816.41038860525,0.055861856508034435,27.46666666666667,7.168425802187068,60987.0
5044,KIR,1976,2073.59128957137,-0.3061811357315696,27.566666666666663,7.604180414505964,60661.0
5045,KIR,1977,1990.87516087898,-0.040707705137922545,27.900000000000002,7.673641638182388,60267.0
5046,KIR,1978,2025.51477996958,0.017249559184697283,27.900000000000002,7.403101715899668,59864.0
5047,KIR,1979,1781.69221291246,-0.1282602864785618,27.933333333333334,7.519131871053014,60172.0
5048,KIR,1980,1734.33011069497,-0.026942358608223138,28.03333333333333,7.490082624436838,61148.0
5049,KIR,1981,1811.68131048096,0.04363407943866804,27.96666666666667,7.411153386919331,62121.0
5050,KIR,1982,1763.17927004428,-0.027136732034773736,28.099999999999998,7.57095858316901,63134.0
5051,KIR,1983,1565.11854060036,-0.11915701698360248,28.03333333333333,7.48249422849178,64169.0
5052,KIR,1984,1754.01238303506,0.11394438789204209,27.933333333333334,7.184831305646694,65228.0
5053,KIR,1985,1492.76046834936,-0.1612788845931057,27.96666666666667,7.155474362862388,66496.0
5054,KIR,1986,1422.51662118726,-0.04819949777487231,28.03333333333333,7.51954778049925,68059.0
5055,KIR,1987,1406.31580236076,-0.011454192774531968,28.0,7.978208119189674,69733.0
5056,KIR,1988,1675.63824975673,0.1752207586631256,27.866666666666664,7.38175092949741,71427.0
5057,KIR,1989,1516.91518751205,-0.09951534655960703,27.766666666666666,7.120094001130127,73147.0
5058,KIR,1990,1387.65304955701,-0.08906492422700918,27.96666666666667,7.662937850461535,74855.0
5059,KIR,1991,1283.34653145552,-0.07814272271247269,27.933333333333334,7.613703508712478,76367.0
5060,KIR,1992,1564.72287611506,0.19823758851774365,27.900000000000002,7.597530112901223,77641.0
5061,KIR,1993,1539.30453918434,-0.016378015855264216,27.833333333333332,7.6769062525389105,78841.0
5062,KIR,1994,1547.62423440117,0.005390286573635272,27.933333333333334,7.499165002304166,80021.0
5063,KIR,1995,1566.47266832462,0.012105380585657244,27.96666666666667,7.273462640871685,81234.0
5064,KIR,1996,1539.33663487683,-0.017474816601740883,27.96666666666667,7.1946620509661665,82623.0
5065,KIR,1997,1529.24932474439,-0.006574589469334313,27.96666666666667,7.556811238029115,84147.0
5066,KIR,1998,1569.02691581722,0.02567865078252396,27.96666666666667,7.336155358372797,85657.0
5067,KIR,1999,1482.19226993632,-0.056933373105035656,27.866666666666664,7.344288298166273,87126.0
5068,KIR,2000,1555.58204812097,0.04832752781098293,27.900000000000002,7.313775788382001,88613.0
5069,KIR,2001,1477.95177621217,-0.05119258880716515,27.900000000000002,7.432365457718745,90335.0
5070,KIR,2002,1467.99273241655,-0.006761214751613842,27.933333333333334,7.451802890239031,92264.0
5071,KIR,2003,1415.54577869304,-0.03638081345795996,27.933333333333334,7.436931495960721,94175.0
5072,KIR,2004,1378.9583696722,-0.02618675647684121,27.96666666666667,7.435614995303907,96085.0
5073,KIR,2005,1368.99728765793,-0.007249844528898208,28.0,7.4347101246779985,98035.0
5074,KIR,2006,1419.38723031361,0.03614668548358235,27.933333333333334,7.434414881050656,100017.0
5075,KIR,2007,1433.35747805619,0.009794328514982631,27.900000000000002,7.431576098242939,102068.0
5076,KIR,2008,1361.83599775608,-0.05118579137547119,27.900000000000002,7.4253777517484005,104222.0
5077,KIR,2009,1340.27605600221,-0.01595818298231766,27.900000000000002,7.437147472321966,106467.0
5078,KIR,2010,1328.78776438805,-0.00860853342888479,27.866666666666664,7.434218003527526,108704.0
5079,KIR,2011,1348.0602369873,0.014399626425739775,27.866666666666664,7.435614995303907,110647.0
5080,KIR,2012,1405.5029344967,0.04172850154493091,27.933333333333334,7.435614995303907,112284.0
5081,KIR,2013,1493.49148676402,0.06072145923729089,27.900000000000002,7.435614995303907,113838.0
5082,KIR,2014,1492.8508200481,-0.00042906449423885107,27.900000000000002,7.435614995303907,115326.0
5083,KIR,2015,1639.85274740652,0.09391885566609304,27.933333333333334,7.435614995303907,116815.0
5084,KIR,2016,1731.43702001694,0.0543452614835358,27.933333333333334,7.435614995303907,118478.0
5085,KIR,2017,1768.87874841933,0.021394159264382928,27.933333333333334,7.435614995303907,120275.0
5086,KIR,2018,1802.34850714657,0.018744670292994314,27.900000000000002,7.435614995303907,122084.0
5087,KIR,2019,1834.42627824847,0.01764123703526721,28.03333333333333,7.447187795757124,123921.0
5088,KIR,2020,1779.62973024917,-0.030326451762765494,28.066666666666666,7.417039715729299,126099.0
5089,KIR,2021,1895.61362957222,0.06313727524372403,28.066666666666666,7.403386043365585,128377.0
5090,KIR,2022,1960.15475844976,0.033480827322819984,27.933333333333334,7.340403121684104,130469.0
5091,KNA,1978,4664.55711811818,0.041611326000543514,27.0,6.863594383196367,43217.0
5092,KNA,1979,5040.41499881822,0.07749552710283147,27.1,7.286465649781482,43033.0
5093,KNA,1980,5489.17511917791,0.08528957298788598,27.4,6.8305502080731655,42850.0
5094,KNA,1981,5593.93046876973,0.01890417237727604,27.4,7.053585727193677,42698.0
5095,KNA,1982,5646.52293616151,0.009357781093280337,27.1,6.964419126099679,42532.0
5096,KNA,1983,5740.25408985267,0.016463529689353606,27.6,6.946879833666187,42334.0
5097,KNA,1984,6281.96829091358,0.09017987761705548,27.1,7.044556320474283,42113.0
5098,KNA,1985,6858.00144737872,0.08773271159673612,27.0,6.9018378052181,41874.0
5099,KNA,1986,7649.33908016446,0.10920318426607167,27.2,6.99117688712121,41618.0
5100,KNA,1987,8203.61881033902,0.06995612589548017,27.9,7.162552524098142,41348.0
5101,KNA,1988,9022.84351759517,0.09518415499618271,27.3,7.093736796607579,41062.0
5102,KNA,1989,9588.26287871082,0.06078020341904633,27.0,7.113956109566034,40758.0
5103,KNA,1990,10136.986550185,0.05565103592793186,27.2,6.976628143268512,40432.0
5104,KNA,1991,9966.20374372867,-0.016991026062795456,27.2,6.8491723215498395,40358.0
5105,KNA,1992,10300.5415354294,0.032996726576483226,27.3,7.159136371707587,40715.0
5106,KNA,1993,10860.6034990877,0.05294541367138805,27.4,6.855619524561608,41242.0
5107,KNA,1994,11290.2168438156,0.038794700912236024,27.3,6.742408826394144,41776.0
5108,KNA,1995,11743.3784162332,0.0393529580059635,27.6,6.8927431588616335,42326.0
5109,KNA,1996,12269.7967435843,0.04385115057218414,27.5,7.02313543002221,42877.0
5110,KNA,1997,12940.7852855874,0.05324328063682948,27.9,6.905452629919462,43428.0
5111,KNA,1998,12710.9629751883,-0.017919126415693043,28.3,7.188941297690216,43998.0
5112,KNA,1999,12942.857504219,0.01807924442171327,27.7,7.049775539002566,44601.0
5113,KNA,2000,14039.0281125333,0.08129708153421156,27.5,6.7357800142423265,45248.0
5114,KNA,2001,14610.9099610508,0.03992733381493352,27.8,6.998692273974239,45761.0
5115,KNA,2002,14727.3908829316,0.007940578054384417,27.8,6.98434588114385,46020.0
5116,KNA,2003,14100.3067967234,-0.04351252953666673,27.9,7.035356623575859,46176.0
5117,KNA,2004,14619.795111247,0.036179884164567966,27.5,7.168040460576966,46315.0
5118,KNA,2005,16000.5658929826,0.09024764998090973,27.9,7.251344983372214,46437.0
5119,KNA,2006,16457.8622372067,0.02817922065563927,27.6,7.248930723873918,46569.0
5120,KNA,2007,16508.1437081315,0.0030505066339987508,27.6,6.977188053697474,46706.0
5121,KNA,2008,18325.7612670282,0.10445397223351449,27.2,7.25035158231131,46835.0
5122,KNA,2009,17671.2547069735,-0.03636849788647467,27.6,6.839262282536836,46916.0
5123,KNA,2010,17688.0690103409,0.0009510535195307313,28.0,7.16371445923797,46846.0
5124,KNA,2011,17958.6813977053,0.01518329626079229,27.5,7.029884412215201,46886.0
5125,KNA,2012,17770.4963640576,-0.010534066867506908,27.6,6.8158592642776,47033.0
5126,KNA,2013,18773.8926898397,0.05492764353101265,27.8,7.000790144949327,47069.0
5127,KNA,2014,20187.8061975481,0.07261155054199087,27.7,7.0162508751354355,47089.0
5128,KNA,2015,20328.8003530109,0.00695984864511523,28.0,6.466300233140817,47087.0
5129,KNA,2016,21133.6575914414,0.03882829890759787,27.9,6.994483282491961,47075.0
5130,KNA,2017,21191.6047083703,0.002738182824431945,27.7,7.073439194623068,47050.0
5131,KNA,2018,21635.4972146482,0.020730256444766226,27.4,6.9224468277251265,47008.0
5132,KNA,2019,22297.7644995701,0.030151071414833197,27.8,6.958163181525983,46952.0
5133,KNA,2020,18918.8263456611,-0.16432889755569668,27.8,6.948033125480707,46870.0
5134,KNA,2021,19031.8211910603,0.005954848553848535,27.7,6.8160784904102325,46763.0
5135,KNA,2022,21050.758653729,0.10082422225299759,27.5,6.856567242212704,46709.0
5136,KOR,1961,1077.10464038579,0.037241888333107376,12.7,7.388389700583898,25765673.0
5137,KOR,1962,1087.79362228726,0.009874892456271489,11.9,7.150779885889496,26513030.0
5138,KOR,1963,1153.23486916692,0.05841947815883852,11.5,7.362327961197329,27261747.0
5139,KOR,1964,1229.36998908154,0.0639309109620001,12.5,7.248717420876202,27984155.0
5140,KOR,1965,1286.16625407866,0.04516406329414657,11.6,7.115419643447887,28704674.0
5141,KOR,1966,1404.83811121824,0.08825617535633068,12.0,7.232010331664759,29435571.0
5142,KOR,1967,1498.01049644544,0.06421581922862529,12.0,6.99191258698886,30130983.0
5143,KOR,1968,1657.18854005249,0.10098462390668672,11.8,6.980633924394709,30838302.0
5144,KOR,1969,1856.48418780744,0.1135619614428407,11.4,7.391230260725329,31544266.0
5145,KOR,1970,2001.04656436772,0.07498584848649692,11.6,7.3674560152319755,32240827.0
5146,KOR,1971,2170.9646968132,0.08150130362850128,11.7,7.098292990547432,32882704.0
5147,KOR,1972,2286.93666830827,0.052041593110923934,11.9,7.425298290495652,33505406.0
5148,KOR,1973,2583.31158461691,0.12185891318488462,12.2,6.968944447294559,34103149.0
5149,KOR,1974,2784.47241806545,0.0749862826697214,11.4,7.269407814133649,34692266.0
5150,KOR,1975,2955.1963902217,0.05950669048812607,12.4,7.222274005387478,35280725.0
5151,KOR,1976,3294.13497099216,0.10857849675471165,11.5,7.051076098426359,35848523.0
5152,KOR,1977,3644.59385270464,0.10110132766621938,12.1,6.967249850767777,36411795.0
5153,KOR,1978,3986.99777854343,0.08979357784158637,12.6,7.15445909470536,36969185.0
5154,KOR,1979,4270.07298916474,0.06859240935154354,12.5,7.29871570088742,37534236.0
5155,KOR,1980,4139.9606854608,-0.030944629049018957,11.2,7.357556200910353,38123775.0
5156,KOR,1981,4377.64026742067,0.055823535952427505,11.4,7.186068601429818,38723248.0
5157,KOR,1982,4675.53053701243,0.06583281267571728,12.3,6.940416061221685,39326352.0
5158,KOR,1983,5227.53893142287,0.11159795956480956,12.2,7.1722710734020785,39910403.0
5159,KOR,1984,5712.63984757483,0.0887406371769881,11.7,7.172194312703518,40405956.0
5160,KOR,1985,6105.74268983951,0.06654851598437084,12.0,7.478508811328016,40805744.0
5161,KOR,1986,6740.69941617276,0.09893393760495783,11.5,7.17579571117863,41213674.0
5162,KOR,1987,7535.12660432782,0.11141194361833584,12.2,7.376320374033526,41621690.0
5163,KOR,1988,8367.04656522944,0.10472532853728644,12.1,6.838619540147275,42031247.0
5164,KOR,1989,8878.29655251462,0.05930874628911731,12.7,7.329552948377861,42449038.0
5165,KOR,1990,9672.57845182894,0.08568520944098701,13.1,7.415415899404971,42869283.0
5166,KOR,1991,10618.8431439122,0.09333515967365535,12.3,7.272814972455262,43295704.0
5167,KOR,1992,11176.560685871,0.051188711393903574,12.5,7.094068857045629,43747962.0
5168,KOR,1993,11837.4692053797,0.057451067623352614,11.9,7.319268725624505,44194628.0
5169,KOR,1994,12817.2447824958,0.07952165577037995,13.3,6.885816371463383,44641540.0
5170,KOR,1995,13924.3044000347,0.08284431841385143,12.3,6.997961546868286,45092991.0
5171,KOR,1996,14894.3278834104,0.06734463026226933,12.2,7.093238499113671,45524681.0
5172,KOR,1997,15682.2717905189,0.051550427517884856,12.8,7.239214973779806,45953580.0
5173,KOR,1998,14800.5091573641,-0.057869306324004555,13.6,7.491868538517947,46286503.0
5174,KOR,1999,16402.9168341094,0.10279759205115724,12.8,7.4972626847823225,46616677.0
5175,KOR,2000,17763.1353417297,0.07966608674049169,12.7,7.184250005793341,47008111.0
5176,KOR,2001,18460.4288193829,0.03850419696271423,12.9,7.088492247645854,47370164.0
5177,KOR,2002,19775.3800655139,0.0688082745067593,12.9,7.297700575432264,47644736.0
5178,KOR,2003,20278.0406421178,0.0251008258111991,12.6,7.618791492377822,47892330.0
5179,KOR,2004,21244.8136800528,0.04657424469202098,13.2,7.3403166127520025,48082519.0
5180,KOR,2005,22123.7613066851,0.04053939972092557,12.4,7.179460396910777,48184561.0
5181,KOR,2006,23162.1860111297,0.04586883241688078,12.8,7.370986023940444,48438292.0
5182,KOR,2007,24391.7651013448,0.05172454388302583,13.2,7.264310215720293,48683638.0
5183,KOR,2008,24934.5396367691,0.022008396807741804,12.9,7.116231793252942,49054708.0
5184,KOR,2009,25009.9148311999,0.0030183631980484904,12.8,7.195937226475569,49307835.0
5185,KOR,2010,26623.0487122927,0.06250499404881182,12.7,7.342066961647881,49554112.0
5186,KOR,2011,27393.455357272,0.028526795746779854,12.3,7.3328269167292195,49936638.0
5187,KOR,2012,27944.0564190045,0.01990039721547099,12.3,7.4188408689539855,50199853.0
5188,KOR,2013,28732.711152033,0.027831708620606577,12.8,7.113630588729827,50428893.0
5189,KOR,2014,29470.6732991655,0.025359408297761732,12.8,7.1829598299228055,50746659.0
5190,KOR,2015,30171.7906545222,0.02351176014158085,13.1,7.074201486617802,51014947.0
5191,KOR,2016,31005.4072876388,0.027254214342857352,13.5,7.23741867367402,51217803.0
5192,KOR,2017,31979.9027302467,0.03094604791265354,13.0,6.916913216766902,51361911.0
5193,KOR,2018,32852.8887488942,0.026932012805401584,13.1,7.315750516943926,51585058.0
5194,KOR,2019,33496.3113815643,0.0193956461298761,13.5,7.208156123841693,51764822.0
5195,KOR,2020,33215.9298928108,-0.00840574785963355,13.2,7.446176614338927,51836239.0
5196,KOR,2021,34792.9397214598,0.04638490773388426,13.7,7.267176448588895,51769539.0
5197,KOR,2022,35809.0138105144,0.02878515950145122,13.3,7.1048012311744735,51672569.0
5198,KWT,1971,68673.329224067,0.0011892558891055671,25.2,4.835487941050301,865076.0
5199,KWT,1972,67066.7402080857,-0.02367265685065334,24.3,5.38081858805978,920352.0
5200,KWT,1973,58987.7700113988,-0.1283581116226955,25.4,3.8501476017100584,977654.0
5201,KWT,1974,48324.5309755616,-0.19939081505619782,25.0,5.1670690799380825,1038346.0
5202,KWT,1975,39840.7601437991,-0.19304880697099946,25.0,5.09252245356844,1104863.0
5203,KWT,1976,39811.7354515366,-0.0007287830300910514,24.9,5.272486606513515,1178711.0
5204,KWT,1977,35866.6057353586,-0.10435506918908288,25.8,4.817050545023591,1258023.0
5205,KWT,1978,36140.3246475172,0.0076026079463904495,25.6,4.664382045619937,1340319.0
5206,KWT,1979,38757.8068652172,0.0699229348207524,26.1,4.794963757620747,1423514.0
5207,KWT,1980,29547.7549827285,-0.2713244355427342,25.8,4.9890711161804155,1504782.0
5208,KWT,1981,22766.1033035531,-0.26073503493729433,25.9,4.544358046591334,1583426.0
5209,KWT,1982,19135.9123854264,-0.17370593327999195,24.9,5.117993812416755,1662480.0
5210,KWT,1983,19686.2018974869,0.02835117980931301,25.1,4.515245478460105,1744295.0
5211,KWT,1984,19848.7793827107,0.008224534141334061,25.3,4.73356340075649,1820688.0
5212,KWT,1985,18264.4444880155,-0.0831862674179078,25.7,4.534747721691546,1894242.0
5213,KWT,1986,19042.3788746625,0.041710716685193105,25.4,5.20839265902005,1972520.0
5214,KWT,1987,19786.3645509832,0.03832607896978324,26.1,4.543294782270004,2052994.0
5215,KWT,1988,17116.0656840733,-0.14497550529431535,26.0,4.574710978503383,2134707.0
5216,KWT,1989,20743.6868362331,0.1922244153970354,25.4,4.581901559048737,2217468.0
5217,KWT,1990,20140.7834697754,-0.029495163813106018,26.0,4.440295542797857,1684819.0
5218,KWT,1991,14812.9200924661,-0.3072470085482806,25.4,5.08821342874163,1351399.0
5219,KWT,1992,22382.8420685118,0.4127949070988173,24.5,4.857484114602081,1634961.0
5220,KWT,1993,29323.8532618275,0.27010660305410106,25.4,5.017941869278694,1672151.0
5221,KWT,1994,31946.4902579278,0.08566103438847072,26.0,4.973971309724664,1664361.0
5222,KWT,1995,33156.8473491495,0.03718692813003699,25.5,4.894850261102546,1681513.0
5223,KWT,1996,32417.9627954317,-0.022536575399673353,26.0,5.0770470596155075,1730246.0
5224,KWT,1997,32152.4367426144,-0.008224435698920729,25.6,5.203457085524077,1787683.0
5225,KWT,1998,32306.668723862,0.004785430218484876,26.6,4.679349584162343,1844302.0
5226,KWT,1999,30798.0947114833,-0.04782084290798494,26.8,5.090678001769792,1900030.0
5227,KWT,2000,31341.9780819419,0.017505523732372907,26.3,4.706823839714591,1954709.0
5228,KWT,2001,30573.4284224199,-0.02482707226805836,26.9,4.881285622068407,2008121.0
5229,KWT,2002,30702.2162068121,0.004203561620956364,26.7,5.01926462079431,2059974.0
5230,KWT,2003,35169.6335737863,0.1358481865817982,26.7,4.897093252697127,2109881.0
5231,KWT,2004,37918.5405829238,0.07525716219253376,26.6,5.096812990337308,2157320.0
5232,KWT,2005,40451.2551656974,0.06465748316845676,26.3,5.096201182425903,2236788.0
5233,KWT,2006,41137.969927672,0.016833864467361792,26.6,4.940927881671436,2364733.0
5234,KWT,2007,41113.8693942735,-0.0005860181191543745,26.6,4.679349584162343,2507887.0
5235,KWT,2008,39852.5129115699,-0.031160056916059276,26.6,4.079230924412053,2651421.0
5236,KWT,2009,35124.0853941026,-0.12629837379671294,26.8,4.625952725170619,2795484.0
5237,KWT,2010,32568.4981754501,-0.07554158115868503,27.8,3.754198920234579,2943372.0
5238,KWT,2011,33545.346271839,0.02955263601403857,26.4,4.532599493153256,3132814.0
5239,KWT,2012,33578.3309651964,0.0009828036058259215,26.7,4.719391330078114,3337109.0
5240,KWT,2013,32311.1800008536,-0.038467646777208486,26.4,4.508659285607248,3507844.0
5241,KWT,2014,31073.1537300624,-0.03906907811785665,26.6,4.26689632742025,3665876.0
5242,KWT,2015,29882.2126495698,-0.03908081356556892,27.0,4.61512051684126,3834574.0
5243,KWT,2016,29454.4426388829,-0.014418656380726702,27.1,4.8543712716215905,4004096.0
5244,KWT,2017,27048.3706935958,-0.08521798199304165,27.1,4.579852378003801,4154812.0
5245,KWT,2018,26706.0191660864,-0.01273779340842296,27.5,5.0447146077491185,4323515.0
5246,KWT,2019,26580.2264741607,-0.004721403209829944,27.0,4.52720864451838,4442316.0
5247,KWT,2020,25541.5378987908,-0.03986150962870916,26.9,4.86830338551846,4400267.0
5248,KWT,2021,26203.2617257856,0.025577832276338697,27.9,3.6686767467964168,4360865.0
5249,KWT,2022,26579.8321646876,0.014268842550333005,27.6,4.539030383483547,4589643.0
5250,LAO,1985,592.627301998099,0.02176558844324994,23.0,7.518552926525057,3739985.0
5251,LAO,1986,604.331788271833,0.01955765982147817,23.1,7.6498354706512615,3846715.0
5252,LAO,1987,579.022620522311,-0.04278182037612499,23.9,7.416739207868757,3957612.0
5253,LAO,1988,551.363163716143,-0.04894785372374777,23.6,7.465827018344993,4072601.0
5254,LAO,1989,611.822069881845,0.1040478134076821,23.5,7.443312538967311,4190974.0
5255,LAO,1990,634.525297009385,0.0364356508094259,23.8,7.664956488332188,4311955.0
5256,LAO,1991,643.410259077746,0.013905404215620365,23.9,7.460490305825338,4435118.0
5257,LAO,1992,660.633861954064,0.02641721125609564,23.4,7.477434545541837,4559646.0
5258,LAO,1993,680.964153708638,0.030309896003632097,23.6,7.273161989844316,4685060.0
5259,LAO,1994,717.509245108717,0.05227616568154314,23.8,7.610010851906074,4809220.0
5260,LAO,1995,749.234741728538,0.04326650854302638,23.5,7.53031903808662,4929409.0
5261,LAO,1996,782.683156535545,0.04367561962255717,23.2,7.647022395155635,5045678.0
5262,LAO,1997,819.205851313643,0.04560743609129414,23.6,7.504501685255728,5152011.0
5263,LAO,1998,836.088098507116,0.020398591545304434,24.4,7.458474466409805,5248266.0
5264,LAO,1999,881.634129609675,0.05304316238703599,23.5,7.669961995473577,5340784.0
5265,LAO,2000,917.228038617529,0.039578969404273856,23.5,7.540090320145325,5431212.0
5266,LAO,2001,954.123505414634,0.039437003358129274,23.7,7.678465171489873,5521482.0
5267,LAO,2002,994.492241963795,0.04143917365088878,23.8,7.70156194264126,5610889.0
5268,LAO,2003,1038.71192767783,0.043504396120701117,23.8,7.410105084267084,5697945.0
5269,LAO,2004,1088.76034728831,0.047058338502569796,23.5,7.487901720454839,5781626.0
5270,LAO,2005,1148.68153852071,0.053575043448542026,23.9,7.591256082490277,5869523.0
5271,LAO,2006,1228.08927619923,0.06684473115847833,23.9,7.582432943258421,5963200.0
5272,LAO,2007,1301.08597549864,0.05773975394151609,23.6,7.564808851893844,6056236.0
5273,LAO,2008,1381.73754223953,0.06014251424928929,23.1,7.71262270915249,6148969.0
5274,LAO,2009,1463.3379666846,0.057378308952052315,23.8,7.436852947535576,6241642.0
5275,LAO,2010,1564.91068311647,0.06710864615917522,24.2,7.511251237589436,6334194.0
5276,LAO,2011,1666.40086189871,0.0628373773140698,23.1,7.721570219267056,6426590.0
5277,LAO,2012,1774.63585203672,0.06292911991186045,24.1,7.613719963252697,6518978.0
5278,LAO,2013,1890.27861294875,0.06312898436740078,23.7,7.700204660615944,6611385.0
5279,LAO,2014,2006.31195444447,0.0595739556736401,23.9,7.367645439068375,6703172.0
5280,LAO,2015,2121.01339097363,0.05559580094216088,24.3,7.403852977343515,6801645.0
5281,LAO,2016,2234.76098741846,0.052240292513059394,24.2,7.602151678942514,6908802.0
5282,LAO,2017,2351.57441747595,0.05095078711857148,23.8,7.669728650471935,7018147.0
5283,LAO,2018,2459.97874636195,0.045067641503518274,23.8,7.574301777744903,7128045.0
5284,LAO,2019,2554.95638019245,0.037882440961527486,24.5,7.307336443931327,7237636.0
5285,LAO,2020,2529.74622698761,-0.009916159008214187,24.3,7.394677478666568,7346533.0
5286,LAO,2021,2556.58912640405,0.01055500542561294,24.0,7.504831990791349,7453194.0
5287,LAO,2022,2589.05015191628,0.012617074139620321,23.7,7.635979986154778,7559007.0
5288,LBN,1989,2218.62643641084,-0.5727759052405759,16.0,5.988460038087683,3525285.0
5289,LBN,1990,2752.72442253257,0.21570283830368098,16.1,6.061223791522835,3595175.0
5290,LBN,1991,4031.19474543924,0.38147167454754793,16.1,6.814323334189584,3668912.0
5291,LBN,1992,4595.5808332577,0.13103235840562455,14.8,6.762845107186329,3747371.0
5292,LBN,1993,4992.69878232449,0.08288144838844502,15.8,6.21999357069853,3820647.0
5293,LBN,1994,5301.41584672248,0.059997324068962854,16.7,6.86484777797086,3889799.0
5294,LBN,1995,5542.2265103529,0.044422391422433094,16.1,6.1796024892233765,3960735.0
5295,LBN,1996,6054.52911921482,0.08841028952098284,16.6,6.556778356158042,4034781.0
5296,LBN,1997,6008.75855385657,-0.007588442925003491,15.6,6.484635235635252,4108405.0
5297,LBN,1998,6120.45672717024,0.01841855857049879,17.1,6.453152446312425,4181281.0
5298,LBN,1999,5982.41788354308,-0.022811907766701722,17.0,5.966403116512611,4255277.0
5299,LBN,2000,5958.97836750301,-0.003925763059978493,16.4,6.562161567911363,4329340.0
5300,LBN,2001,6085.76041420146,0.021052632454081177,17.0,6.56343230581621,4401918.0
5301,LBN,2002,6207.24133893746,0.01976488442233304,16.6,6.6309472030822345,4463504.0
5302,LBN,2003,6319.76518298647,0.017965484465788606,16.6,6.875748482847051,4525508.0
5303,LBN,2004,6633.75258002393,0.04848859120602533,16.5,6.58423875352114,4599279.0
5304,LBN,2005,6707.18024635316,0.011007987035773326,16.5,6.463341420735398,4671102.0
5305,LBN,2006,6696.37428200596,-0.0016124031376136827,16.4,6.426650256665227,4751136.0
5306,LBN,2007,7179.34520092306,0.06964195327639366,16.6,6.4050631551128685,4844118.0
5307,LBN,2008,7701.29823027979,0.07018073472472075,16.8,6.108135853911675,4925354.0
5308,LBN,2009,8375.48851252821,0.08392048988105749,16.7,6.5793900912548215,4992287.0
5309,LBN,2010,8955.54336184707,0.06696330473095813,18.3,6.260919001285442,5041288.0
5310,LBN,2011,8936.20027462737,-0.002162236967942377,16.2,6.674435121216367,5096020.0
5311,LBN,2012,8920.8056984673,-0.0017242061739946024,17.1,6.822415231815122,5235742.0
5312,LBN,2013,8443.53856528784,-0.05498478542070906,16.9,6.4863132163508315,5743436.0
5313,LBN,2014,7830.4151113336,-0.07538595793900882,17.3,6.370585679876545,6346990.0
5314,LBN,2015,7714.1099998804,-0.014964404637167306,17.0,6.571722945589309,6472469.0
5315,LBN,2016,8019.1416913426,0.038780275665400765,17.3,6.528834726096085,6323060.0
5316,LBN,2017,8305.57405425721,0.03509546707886102,17.1,6.076265148800447,6160128.0
5317,LBN,2018,8388.7235123835,0.00996150276830754,17.8,6.702083208579932,5984119.0
5318,LBN,2019,8064.04873416236,-0.03947261023516724,17.2,6.784909448983291,5794594.0
5319,LBN,2020,6440.82843092922,-0.2247585845475566,17.4,6.708328254285243,5702398.0
5320,LBN,2021,5973.41933892988,-0.07533765315273655,17.6,6.517523551514562,5718122.0
5321,LBN,2022,5909.03651555028,-0.01083672503919253,17.0,6.51796665025898,5744489.0
5322,LBR,1961,2443.49659480131,-0.0003347512517768436,25.1,7.768871510111636,1167717.0
5323,LBR,1962,2415.69266041905,-0.011443982263621422,25.1,7.92847809565554,1197039.0
5324,LBR,1963,2409.4954202823,-0.0025687054849168334,25.3,8.031807868132024,1227414.0
5325,LBR,1964,2470.56791446524,0.025030692691614398,24.9,7.793298101907512,1258745.0
5326,LBR,1965,2524.01173421628,0.02140154462781485,24.8,7.829709940480731,1291156.0
5327,LBR,1966,2650.22595716575,0.04879530949438138,25.3,8.008465365732393,1324383.0
5328,LBR,1967,2758.08976875735,0.039893424121251186,24.9,7.682067613959591,1358435.0
5329,LBR,1968,2816.84664683349,0.021079721604273516,25.2,8.018131434570488,1393530.0
5330,LBR,1969,2945.89004216618,0.044792943948821495,25.5,7.844632644464681,1429605.0
5331,LBR,1970,3062.76012670052,0.038905518702021524,25.4,7.7216145347043454,1466676.0
5332,LBR,1971,3133.08794246405,0.022702569711606557,24.6,7.747553659867775,1504077.0
5333,LBR,1972,3181.18745918364,0.015235460621646268,24.9,7.792885526606668,1542670.0
5334,LBR,1973,3029.07698774212,-0.04899659332148332,25.3,7.763361387239786,1583588.0
5335,LBR,1974,3089.60241101354,0.01978446444985238,24.8,7.712756844316225,1626362.0
5336,LBR,1975,2902.91706211827,-0.062326298136422764,24.7,7.688959123362365,1670913.0
5337,LBR,1976,2974.92235227576,0.024501823661918998,24.4,7.761191404471463,1717060.0
5338,LBR,1977,2938.3808063932,-0.012359255072131425,25.0,7.759528822824502,1766019.0
5339,LBR,1978,2991.43152973263,0.017893361803972496,24.8,7.740186026644468,1818247.0
5340,LBR,1979,2999.25307157856,0.002611236214479007,25.1,7.849128791223755,1872713.0
5341,LBR,1980,2792.03699789523,-0.0715918453204587,25.1,7.729691374374999,1929253.0
5342,LBR,1981,2653.14625045204,-0.051025236128737106,25.1,7.700249933042781,1986867.0
5343,LBR,1982,2514.92132162384,-0.053504680664943294,24.8,7.675267541497389,2045073.0
5344,LBR,1983,2394.57437804073,-0.04903601706154159,25.4,7.558725380642897,2107113.0
5345,LBR,1984,2272.71154024111,-0.05223187260028528,25.2,7.712846257764067,2173312.0
5346,LBR,1985,2185.92809767452,-0.038933132727721365,25.1,7.7303505267289685,2240539.0
5347,LBR,1986,2085.95288219421,-0.04681472833536837,24.9,7.5764560666371565,2308511.0
5348,LBR,1987,2005.365759545,-0.03939930085430188,25.8,7.710429284069325,2377229.0
5349,LBR,1988,1908.45304051582,-0.049533480375155925,25.4,7.702375428472716,2446941.0
5350,LBR,1989,1360.08049123405,-0.33874910473187914,25.2,7.757692510306271,2517858.0
5351,LBR,1990,754.134009462384,-0.589729078111592,25.3,7.647261098520099,2223667.0
5352,LBR,1991,735.180658658157,-0.025453820494929502,25.3,7.720372959518249,1956518.0
5353,LBR,1992,450.538677691808,-0.4896723347083274,25.1,7.72475592170908,2072461.0
5354,LBR,1993,290.388920233659,-0.4392227996374034,25.2,7.698573486715529,2155126.0
5355,LBR,1994,227.742776021788,-0.2430043120148584,25.1,7.753752293636293,2149928.0
5356,LBR,1995,216.093554614513,-0.05250537961384083,25.4,7.777122104144569,2169162.0
5357,LBR,1996,235.435058248512,0.08572367714584139,25.4,7.860570785538664,2232289.0
5358,LBR,1997,449.286058616964,0.6462246722014324,25.4,7.650739694389254,2412989.0
5359,LBR,1998,528.670341826706,0.1627052787794403,25.9,7.7500118821299235,2670124.0
5360,LBR,1999,609.040903258705,0.14152036482743746,25.3,7.833283216208774,2821684.0
5361,LBR,2000,754.850917360951,0.2146348392192028,25.3,7.76802577257814,2928117.0
5362,LBR,2001,754.422355762017,-0.0005679045910165215,25.3,7.828436359157585,3015338.0
5363,LBR,2002,762.716393927064,0.010933898822420574,25.5,7.797784167667366,3094782.0
5364,LBR,2003,528.567395543421,-0.3667159440385701,25.5,7.82974971377297,3119532.0
5365,LBR,2004,535.995882066218,0.013956158834103505,25.5,7.806330005050512,3156892.0
5366,LBR,2005,539.665378841936,0.0068228003440102825,25.7,7.783682244666731,3301015.0
5367,LBR,2006,551.377446611852,0.02147031703419433,25.6,7.850376306102322,3490787.0
5368,LBR,2007,574.609394348543,0.04127090007526668,25.6,7.7523781361649355,3669050.0
5369,LBR,2008,591.185378141907,0.028439141038734128,25.2,7.776199401399072,3821003.0
5370,LBR,2009,603.256211077605,0.0202123636567908,25.4,7.783473985091244,3943028.0
5371,LBR,2010,621.783295071575,0.03024963134924974,25.9,7.897556661792067,4058890.0
5372,LBR,2011,646.908727016597,0.0396135816504648,25.5,7.856435753657943,4221178.0
5373,LBR,2012,674.360011422232,0.04155889640776422,25.3,7.674338777615264,4373043.0
5374,LBR,2013,717.007280358975,0.061321884580262775,25.5,7.76963206281657,4470239.0
5375,LBR,2014,707.157694930142,-0.01383230544896552,25.5,7.8767523064872265,4564293.0
5376,LBR,2015,692.590082351257,-0.02081537659762489,25.7,7.717662750150781,4659431.0
5377,LBR,2016,668.031513175601,-0.0361029645826596,26.0,7.839092246394858,4755608.0
5378,LBR,2017,671.260899835355,0.004822535970725461,25.9,7.716638958024679,4848925.0
5379,LBR,2018,665.875439637137,-0.008055258330537995,25.6,7.7841818907611495,4944726.0
5380,LBR,2019,636.699384824869,-0.04480500464724724,25.5,7.775023819770697,5043721.0
5381,LBR,2020,605.025475431411,-0.05102705553402753,25.8,7.774183271683888,5149463.0
5382,LBR,2021,621.927983063426,0.02755373788418858,25.9,7.77030762440281,5259323.0
5383,LBR,2022,638.005183858289,0.025522105301914344,25.5,7.771193606952064,5373294.0
5384,LBY,1961,2971.84367839673,0.053151370161316436,21.6,4.012772908528289,1555699.0
5385,LBY,1962,3777.5309453831,0.2398880798031593,22.1,4.089332020398556,1621960.0
5386,LBY,1963,4893.76778426124,0.2588919076682483,22.3,3.824284091120139,1690457.0
5387,LBY,1964,6843.4814499726,0.3353340712334614,21.7,3.703768066607687,1753691.0
5388,LBY,1965,8525.2050717474,0.21973049215698914,21.7,3.681351187693145,1804015.0
5389,LBY,1966,9863.91368888797,0.1458559374938293,22.1,3.8110970868381857,1849063.0
5390,LBY,1967,10676.1021152589,0.07912478072171325,21.5,3.7328963395307104,1898199.0
5391,LBY,1968,13891.9893383714,0.2633045709834487,22.0,3.6216707044204863,1952781.0
5392,LBY,1969,15230.4046797114,0.09198137035989795,22.4,3.9531649487593215,2014293.0
5393,LBY,1970,15460.2338332372,0.014977430316493567,21.8,3.265759410767051,2082589.0
5394,LBY,1971,14161.8807376114,-0.08771726819407633,21.7,3.7062280924485496,2153534.0
5395,LBY,1972,14950.5563277566,0.054194611804794235,22.0,3.9627161197436642,2226091.0
5396,LBY,1973,14659.8970274195,-0.01963283931996962,21.6,3.5115454388310208,2314193.0
5397,LBY,1974,17044.2198549165,0.15069546242698273,21.7,3.910021002757473,2432211.0
5398,LBY,1975,16770.0269191519,-0.016217953779586125,21.7,3.92395157629342,2571556.0
5399,LBY,1976,19473.6763289922,0.14947044071359805,21.7,4.174387269895637,2721237.0
5400,LBY,1977,20018.4295248634,0.027589703754241413,21.9,3.7727609380946383,2881533.0
5401,LBY,1978,19521.5919192401,-0.025132194599139623,21.9,4.130354999745133,3052526.0
5402,LBY,1979,20077.740120192,0.028090613775436424,22.3,3.8199077165203406,3233846.0
5403,LBY,1980,19090.5503735732,-0.05041827688798328,21.9,3.8394523125933104,3424378.0
5404,LBY,1981,14587.3858912799,-0.26903629256778494,22.0,3.765840495250065,3621486.0
5405,LBY,1982,14580.8924435817,-0.0004452403896397783,22.0,4.037774210733707,3724765.0
5406,LBY,1983,14242.6127542805,-0.02347356574057713,21.7,3.9852734671677386,3718961.0
5407,LBY,1984,13328.5893545722,-0.06632706536140276,21.9,3.7977338590260183,3773633.0
5408,LBY,1985,13975.0974777952,0.047365690444657105,22.2,3.756538102587751,3898745.0
5409,LBY,1986,12022.664788855,-0.15048339339186967,22.0,4.007333185232471,4017403.0
5410,LBY,1987,9976.13024516634,-0.18659833663707381,22.1,3.6375861597263857,4129739.0
5411,LBY,1988,10458.6701898418,0.047236053509207565,22.4,4.177459468932607,4237755.0
5412,LBY,1989,10940.1407021471,0.04500734051532973,22.1,3.7184382563554808,4342920.0
5413,LBY,1990,11085.9439949716,0.013239340947349021,22.4,3.7909846770510898,4445239.0
5414,LBY,1991,12541.6926152482,0.1233805042736087,22.2,3.960813169597578,4544400.0
5415,LBY,1992,11949.2275026865,-0.04839187122733435,21.7,3.754198920234579,4640352.0
5416,LBY,1993,11274.3452230872,-0.05813682179930524,22.3,3.673765816303888,4733045.0
5417,LBY,1994,11280.3829303475,0.0005353828575049846,22.5,4.037774210733707,4822037.0
5418,LBY,1995,10839.2802241884,-0.039888599395240476,22.4,4.014579593753238,4906843.0
5419,LBY,1996,10891.8055687803,0.004834129999778725,22.5,3.8416005411316,4987393.0
5420,LBY,1997,11284.7780739062,0.03544402066996355,22.4,3.885679030088544,5064639.0
5421,LBY,1998,10722.8700734717,-0.051075893950567774,22.8,3.8264651170664994,5140704.0
5422,LBY,1999,10643.1452796026,-0.0074628013285007455,23.1,3.6428355156125294,5218038.0
5423,LBY,2000,10853.8059516526,0.019599748217093094,22.4,3.7184382563554808,5305021.0
5424,LBY,2001,10467.8776146012,-0.03620450421566446,23.0,3.756538102587751,5403639.0
5425,LBY,2002,10170.3095776338,-0.028838643340590053,22.9,3.6635616461296463,5508410.0
5426,LBY,2003,11267.0627623548,0.10241101974909839,22.9,3.835141961092188,5619398.0
5427,LBY,2004,11529.1086646221,0.02299135591083612,22.8,3.6000482404073204,5736693.0
5428,LBY,2005,12628.896152656,0.09111250816756034,22.7,3.7796338173824005,5858798.0
5429,LBY,2006,13176.7758911904,0.0424683441406426,22.7,4.00369019395397,5980211.0
5430,LBY,2007,13712.9602583972,0.03988551207266333,22.9,3.6635616461296463,6104380.0
5431,LBY,2008,13403.0004645911,-0.022862792757040395,23.0,3.8133070324889884,6235430.0
5432,LBY,2009,12549.0854345521,-0.06583080797807206,22.9,3.459466289786131,6366686.0
5433,LBY,2010,12913.9334939386,0.028659055089933716,23.9,3.449987545831587,6497839.0
5434,LBY,2011,6569.59477578957,-0.6758546916390973,22.4,3.8308129500026027,6343203.0
5435,LBY,2012,12599.258882136,0.6511858407170976,22.8,3.8264651170664994,6179328.0
5436,LBY,2013,10126.314927806,-0.21850051937619952,22.8,3.711130063048756,6304628.0
5437,LBY,2014,7644.24843947404,-0.2811839468839583,22.8,3.7773481021015445,6427252.0
5438,LBY,2015,7458.48917756374,-0.0246006564989667,22.5,3.7232808808312687,6531819.0
5439,LBY,2016,7236.16409923502,-0.03026162514484021,22.9,3.4436180975461075,6632126.0
5440,LBY,2017,9435.60060040046,0.2653985879892602,22.5,3.756538102587751,6738770.0
5441,LBY,2018,10020.9165751361,0.060184732602923674,23.0,3.937690752176724,6849055.0
5442,LBY,2019,8768.4104874586,-0.1335190203837655,22.6,3.914021008090819,6951033.0
5443,LBY,2020,6102.79864032512,-0.3624080861922625,22.5,3.6270040503958487,7045399.0
5444,LBY,2021,7731.35448152581,0.23653661178852126,22.9,3.563882963939251,7135175.0
5445,LBY,2022,7002.68189296358,-0.09899086800323786,22.7,3.824284091120139,7223805.0
5446,LCA,1978,4600.42587188172,0.08336581812530675,25.7,7.669401875966774,115834.0
5447,LCA,1979,4706.08425966862,0.02270731482328614,25.8,7.836606792901151,117528.0
5448,LCA,1980,4533.61559072062,-0.03733643008222742,26.0,7.794781965169766,119290.0
5449,LCA,1981,4745.07534839001,0.045587546675443846,26.1,7.883333268211163,121166.0
5450,LCA,1982,4768.47313298112,0.004918844280394907,25.8,7.833203948641057,123087.0
5451,LCA,1983,4926.91157454487,0.03268618053135519,26.2,7.651310362085928,125044.0
5452,LCA,1984,5200.74079176013,0.054088739112984285,25.6,7.85933593163474,127067.0
5453,LCA,1985,5540.54774876871,0.0632922920958201,25.6,7.771657379964571,129159.0
5454,LCA,1986,6238.03997462967,0.11857265891903879,25.8,7.799835282141234,131239.0
5455,LCA,1987,6386.06815363835,0.023452740177747344,26.4,7.784348383997746,133227.0
5456,LCA,1988,7178.18209891858,0.11692739484918313,26.0,7.89413161842298,135000.0
5457,LCA,1989,7736.20939060312,0.07486566338573297,25.6,7.705352560898547,136512.0
5458,LCA,1990,8418.43121970586,0.08451167012352023,25.9,7.752979562422432,137857.0
5459,LCA,1991,8349.33748060159,-0.008241302871475398,25.9,7.786759426070275,139520.0
5460,LCA,1992,8879.90075764079,0.06160818892591102,25.9,7.886870563989527,141617.0
5461,LCA,1993,8800.62691819002,-0.008967421350201121,26.1,7.7802195073157385,143726.0
5462,LCA,1994,8808.68294405759,0.000914973555763865,25.7,7.708545368557439,145890.0
5463,LCA,1995,8822.50069854295,0.0015674225388853102,26.1,7.832093542435593,148208.0
5464,LCA,1996,8945.86353079673,0.013885894376130636,26.1,7.911140717707226,150436.0
5465,LCA,1997,8759.56755308065,-0.02104471247778328,26.2,7.596191379811963,152569.0
5466,LCA,1998,9183.3516374622,0.04724570247583415,26.6,7.970291239067556,154677.0
5467,LCA,1999,9306.76032489833,0.013348812620094463,26.1,7.7069277541853864,156702.0
5468,LCA,2000,9198.93894352203,-0.011652907561142456,26.0,7.768617863946675,158616.0
5469,LCA,2001,8795.54582090658,-0.04484270854940853,26.4,7.655390644826152,160237.0
5470,LCA,2002,8755.45939353129,-0.004568000133462036,26.4,7.598549693958486,161641.0
5471,LCA,2003,9054.06778374517,0.03353669909835233,26.4,7.80339422312542,162976.0
5472,LCA,2004,9637.37801390276,0.0624349457740081,26.1,8.115132282441635,164239.0
5473,LCA,2005,9527.58469430542,-0.011457838183574154,26.5,8.01228336807955,165450.0
5474,LCA,2006,10045.6504032593,0.05294850194263212,26.3,7.709801706498072,166639.0
5475,LCA,2007,10147.4432459936,0.010082031683584347,26.2,7.7266977555863905,167758.0
5476,LCA,2008,10583.4310172598,0.04206788979531062,25.9,7.856048426981786,168808.0
5477,LCA,2009,10219.8024011561,-0.03496241654149834,26.3,7.652498208185733,169869.0
5478,LCA,2010,10191.3146827694,-0.0027913941963397804,26.7,8.048660479840498,170906.0
5479,LCA,2011,10576.8979743596,0.037136330441537524,26.2,8.079029256344834,171801.0
5480,LCA,2012,10517.2777635533,-0.005652780208649233,26.3,7.882239444434023,172587.0
5481,LCA,2013,10279.4155096001,-0.02287600473254514,26.3,7.726124424295464,173369.0
5482,LCA,2014,10369.9382566513,0.00876766682035246,26.2,7.691108727428231,174138.0
5483,LCA,2015,10334.9860823918,-0.0033762217034407627,26.5,7.476132572586133,174905.0
5484,LCA,2016,10644.1612913407,0.02947665977979419,26.6,7.903078978144316,175646.0
5485,LCA,2017,10960.4843512477,0.029284966910983812,26.3,7.889871203876463,176342.0
5486,LCA,2018,11233.8883578457,0.02463848300444127,25.9,7.767898850233291,177017.0
5487,LCA,2019,11077.9479823807,-0.013978492158608802,26.3,7.501082124259871,177661.0
5488,LCA,2020,8512.8183987353,-0.26338338957584995,26.4,7.726300868936416,178250.0
5489,LCA,2021,9447.30059244639,0.10415597466101367,26.2,7.559924202813525,178522.0
5490,LCA,2022,11258.6110790564,0.17540421600182654,26.0,7.769209604950459,178781.0
5491,LKA,1962,667.982821305629,0.013082542675534548,26.6,7.445767962592091,10143754.0
5492,LKA,1963,668.240296443306,0.00038537746794453653,26.7,7.80339422312542,10395040.0
5493,LKA,1964,677.506013342307,0.013770594430896566,27.0,7.217076526537399,10653397.0
5494,LKA,1965,677.922046429394,0.0006138770658505877,26.9,7.5687924056238485,10916965.0
5495,LKA,1966,694.984305802221,0.024856958167966958,27.1,7.429639530104861,11183928.0
5496,LKA,1967,722.082631704975,0.038250316958667874,26.7,7.609118614313423,11457328.0
5497,LKA,1968,745.825189330279,0.032351661398625886,26.7,7.1731917424865985,11736088.0
5498,LKA,1969,784.804405511424,0.050943279694483756,27.0,7.564860688194817,12013858.0
5499,LKA,1970,796.868367341892,0.015254983194422422,26.8,7.453388044253534,12287110.0
5500,LKA,1971,790.251931983341,-0.008337709108877434,26.4,7.3869044598875755,12551910.0
5501,LKA,1972,771.199689813601,-0.024404454784008323,26.8,7.4960418189259075,12809205.0
5502,LKA,1973,809.714792993096,0.048734737162581254,27.1,7.46353514774917,13060916.0
5503,LKA,1974,825.38633883481,0.019169487971931076,26.7,7.146772179452637,13305693.0
5504,LKA,1975,860.222494630852,0.041339504255604176,26.7,7.473182717939712,13548984.0
5505,LKA,1976,872.947233120004,0.014684040377615837,26.9,7.191579921106613,13796770.0
5506,LKA,1977,900.976972568743,0.03160458879304784,27.0,7.5864485025719315,14049371.0
5507,LKA,1978,934.571057054133,0.03660796187164195,27.1,7.389563953677635,14310128.0
5508,LKA,1979,976.036290241743,0.043412106830549746,27.3,7.446468406235018,14579614.0
5509,LKA,1980,1014.42361893248,0.038576098713278384,27.4,7.142352980341463,14847974.0
5510,LKA,1981,1054.38566444869,0.03863770066338823,27.1,7.426370485022957,15099414.0
5511,LKA,1982,1084.60957012097,0.02826179028573872,27.2,7.274548856442032,15286567.0
5512,LKA,1983,1129.27072053948,0.040351965296497205,27.5,7.198557478770161,15388794.0
5513,LKA,1984,1182.77526252586,0.04629155012023656,26.9,7.624277130858533,15441860.0
5514,LKA,1985,1233.7341803135,0.042181894798839714,27.1,7.441789487885009,15544154.0
5515,LKA,1986,1272.15733751784,0.0306686610433351,27.2,7.352569297154213,15731256.0
5516,LKA,1987,1279.04223115686,0.0053973906531474825,27.6,7.194511923357417,15916576.0
5517,LKA,1988,1297.45961601966,0.014296670179651194,27.4,7.514309176956987,16078621.0
5518,LKA,1989,1313.41060050301,0.01221905466291151,27.1,7.291042942145598,16248557.0
5519,LKA,1990,1388.58951567963,0.055661229245948185,27.4,7.535937180689723,16352458.0
5520,LKA,1991,1441.62996544401,0.037485898868792944,27.4,7.321849713788356,16475354.0
5521,LKA,1992,1481.33109855023,0.02716668058247773,27.2,7.2477214048576055,16739284.0
5522,LKA,1993,1556.88467169768,0.04974574478695093,27.2,7.5536011864240695,17025918.0
5523,LKA,1994,1620.29120747596,0.03991907152539298,27.3,7.448974308067921,17275773.0
5524,LKA,1995,1681.35052898879,0.03699146598346381,27.4,7.342002188515753,17564068.0
5525,LKA,1996,1712.0081548794,0.018069684297854494,27.3,7.425596237642033,17905018.0
5526,LKA,1997,1787.41017656806,0.043100702380051814,27.5,7.5694633907067015,18248200.0
5527,LKA,1998,1836.3894592448,0.027033650022517897,27.9,7.374064592639601,18596003.0
5528,LKA,1999,1880.10677681974,0.02352717793481851,27.2,7.462042610158663,18944731.0
5529,LKA,2000,1956.93310021177,0.04004993155110004,27.4,7.4517641965383605,19293054.0
5530,LKA,2001,1896.48251385291,-0.03137764107644525,27.5,7.277593209447151,19600362.0
5531,LKA,2002,1951.22522418199,0.02845663347417471,27.6,7.425953657077541,19805752.0
5532,LKA,2003,2052.03044701403,0.050372269566022254,27.6,7.387647355978202,19951521.0
5533,LKA,2004,2149.10628192765,0.04622230797058702,27.4,7.5485559791698735,20087605.0
5534,LKA,2005,2268.6880085282,0.05414962169784143,27.5,7.4198001591528575,20216524.0
5535,LKA,2006,2426.34872826822,0.0671858517930044,27.5,7.635448803294666,20352411.0
5536,LKA,2007,2573.54361719411,0.058896242170156654,27.4,7.3487805624888525,20492545.0
5537,LKA,2008,2708.58593724377,0.05114291577838692,27.4,7.5741477222332625,20629378.0
5538,LKA,2009,2787.27350463737,0.028637175208649168,27.7,7.332892286887765,20756435.0
5539,LKA,2010,2993.01410960302,0.07121706351705281,27.8,7.50928046999477,20879089.0
5540,LKA,2011,3232.37349786435,0.07693575337979297,27.6,7.337847956915032,21009048.0
5541,LKA,2012,3484.79048392653,0.07519122657538801,27.8,7.411858356987301,21169458.0
5542,LKA,2013,3728.93585962083,0.0677149776098318,27.5,7.29871570088742,20585000.0
5543,LKA,2014,3929.92061307909,0.05249632481754141,27.7,7.497429051065806,20778000.0
5544,LKA,2015,4057.71582716521,0.032000985703231066,27.6,7.732237692372104,20970000.0
5545,LKA,2016,4214.74117217382,0.037967972057870725,28.0,7.236267345922173,21209000.0
5546,LKA,2017,4436.00789131029,0.05116666520739521,27.7,7.40507004072018,21453000.0
5547,LKA,2018,4493.03574617534,0.012773737615537684,27.7,7.4635925085774755,21670000.0
5548,LKA,2019,4455.78188788143,-0.00832603256183262,28.0,7.577940847904736,21803000.0
5549,LKA,2020,4227.23314530167,-0.0526548771909372,28.0,7.365053535730318,21919000.0
5550,LKA,2021,4357.97224978578,0.03045919257910512,27.7,7.60150227961405,22156000.0
5551,LKA,2022,4033.14560306744,-0.07746025069585905,27.5,7.488237553884615,22181000.0
5552,LSO,1961,259.766244822179,-0.011384420213921942,11.5,6.78094411211575,758824.0
5553,LSO,1962,290.783296423173,0.11279613568033486,11.7,6.620473126551683,781814.0
5554,LSO,1963,312.241145215823,0.07119748668358383,11.2,6.889489470175245,805373.0
5555,LSO,1964,328.198191287611,0.04984187702630649,11.2,6.825242857407673,829437.0
5556,LSO,1965,325.590538885237,-0.007977091405699355,11.4,6.434225439959843,854090.0
5557,LSO,1966,314.05528569707,-0.03607153671957786,11.7,6.583685809077966,881870.0
5558,LSO,1967,336.08707480963,0.06780123809960692,11.0,6.862548686144057,913982.0
5559,LSO,1968,322.801616409112,-0.04033233376203604,11.0,6.460999316456092,948105.0
5560,LSO,1969,316.095837742896,-0.02099249224430455,11.8,6.670639570101044,983202.0
5561,LSO,1970,311.547635974626,-0.014493200589241972,11.8,6.5699020892839926,1019273.0
5562,LSO,1971,316.016165909906,0.014241119208247888,11.3,6.645351013714625,1056246.0
5563,LSO,1972,304.474412653521,-0.03720631729646762,11.5,6.671779748852549,1094063.0
5564,LSO,1973,371.74336550207,0.19961668559076706,11.4,6.630683385642372,1132697.0
5565,LSO,1974,398.583050725907,0.06971214634690348,11.2,6.869326252362355,1172420.0
5566,LSO,1975,333.011647916614,-0.1797384167650602,11.2,6.934202448996985,1213643.0
5567,LSO,1976,358.129667050375,0.07271765119013285,10.9,7.063818414613725,1253214.0
5568,LSO,1977,423.805354129932,0.16837916009118015,11.8,6.778557340510455,1289967.0
5569,LSO,1978,487.351455588325,0.13971125814137508,11.5,6.830118009254985,1327240.0
5570,LSO,1979,487.16604508229,-0.00038051755488144323,11.9,6.712348482639527,1366169.0
5571,LSO,1980,460.201617282317,-0.05694032806682259,11.5,6.462561328644976,1406521.0
5572,LSO,1981,450.102526288964,-0.022189298886918785,11.0,6.8191426206255334,1448069.0
5573,LSO,1982,456.70895712652,0.014570939701368246,11.9,6.510555915291006,1490732.0
5574,LSO,1983,452.520331729117,-0.009213638584088635,12.5,6.640398572991602,1534413.0
5575,LSO,1984,464.085693764499,0.02523652588277514,12.0,6.495567625113146,1578986.0
5576,LSO,1985,462.892172294155,-0.0025750822615506763,12.2,6.685611228001011,1624379.0
5577,LSO,1986,472.432855957162,0.02040149529188895,12.1,6.717199917261079,1666138.0
5578,LSO,1987,465.473147313833,-0.014841223673061954,12.2,6.835077053484151,1703390.0
5579,LSO,1988,494.921891483579,0.06134554576641449,11.6,6.981470316804418,1739841.0
5580,LSO,1989,513.106302889949,0.036083086678041276,11.4,6.761341260526601,1775436.0
5581,LSO,1990,533.824964193999,0.03958496100643316,11.9,6.546498425538293,1809696.0
5582,LSO,1991,560.884905718596,0.04944772250823437,11.9,6.849066282633458,1842379.0
5583,LSO,1992,590.008212092485,0.05062073027592895,12.7,6.318247133181678,1873274.0
5584,LSO,1993,601.55791413154,0.019386358021569627,12.3,6.686734473048906,1901793.0
5585,LSO,1994,628.960051227201,0.04454492949572675,11.5,6.480351263355219,1927707.0
5586,LSO,1995,641.758711944969,0.02014465183215819,12.0,6.668101175540937,1951437.0
5587,LSO,1996,670.469581774155,0.04376594025796887,11.4,6.922151159265869,1972418.0
5588,LSO,1997,689.806218455005,0.02843238011759741,11.7,6.834324000896254,1988130.0
5589,LSO,1998,696.935973937753,0.01028283172571598,12.3,6.8955814780504285,1998049.0
5590,LSO,1999,698.441087182066,0.002157286184457874,12.6,6.690345259515688,2003234.0
5591,LSO,2000,725.263668707773,0.03768443647610109,11.4,6.844282856026563,2003913.0
5592,LSO,2001,752.243212493971,0.03652442281520951,11.8,6.895176496775277,2000853.0
5593,LSO,2002,760.033443180306,0.010302743966607686,11.9,6.687607236647726,1994679.0
5594,LSO,2003,798.540500554454,0.04942325066653375,12.3,6.500688889506999,1985059.0
5595,LSO,2004,817.793597897186,0.02382429229092864,12.4,6.650149674112825,1971129.0
5596,LSO,2005,853.960500629797,0.04327496107467432,12.5,6.5156011849336455,1953076.0
5597,LSO,2006,893.750686627156,0.04554192173311211,11.9,6.947168281338972,1945063.0
5598,LSO,2007,927.26863327342,0.036816449104870586,12.3,6.682985405923343,1953268.0
5599,LSO,2008,971.881366821351,0.04699043504938771,12.4,6.6934475763303265,1966541.0
5600,LSO,2009,952.747929746529,-0.019883379588868877,12.2,6.7784435425017975,1980883.0
5601,LSO,2010,995.233432451681,0.04362694829463454,12.5,6.875541956617486,1996251.0
5602,LSO,2011,1031.99721564343,0.036273932895829475,11.9,6.862130100955861,2014009.0
5603,LSO,2012,1086.39034816283,0.05136462450810342,12.2,6.637258031284457,2034354.0
5604,LSO,2013,1093.95323489272,0.0069373626434181546,12.1,6.465833633863357,2056504.0
5605,LSO,2014,1100.04993684215,0.0055576197158124785,12.3,6.60934924316738,2080089.0
5606,LSO,2015,1121.19851342518,0.019042638526121536,12.8,6.277770673379832,2104611.0
5607,LSO,2016,1147.58748801671,0.02326368789737021,12.9,6.528834726096085,2130422.0
5608,LSO,2017,1097.82166812752,-0.044333987614468384,12.5,6.576887309080756,2157110.0
5609,LSO,2018,1068.44462913373,-0.027123941397430684,12.8,6.440787038279923,2183603.0
5610,LSO,2019,1040.99351014117,-0.02602841795572708,13.4,6.599326133385567,2209405.0
5611,LSO,2020,944.834128375429,-0.09692144778244849,12.5,6.830766237454001,2235727.0
5612,LSO,2021,955.221236301503,0.010933588141459616,12.1,6.970917853939778,2261542.0
5613,LSO,2022,967.51928598325,0.012792383837929577,12.5,6.767343125265392,2286110.0
5614,LTU,1991,7847.01714085874,-0.06013213124345107,7.0,6.427135497273212,3704134.0
5615,LTU,1992,6185.53516623455,-0.23791994895253232,7.4,6.466766614804926,3700114.0
5616,LTU,1993,5206.44260647022,-0.17231670708501134,6.2,6.5391523356065395,3682613.0
5617,LTU,1994,4730.69620782245,-0.09582444000213108,6.7,6.512042462316651,3657144.0
5618,LTU,1995,4924.09667530707,0.040068460132985706,6.9,6.549936824341326,3629102.0
5619,LTU,1996,5211.10025197912,0.056650172651941944,5.5,6.312097719699449,3601613.0
5620,LTU,1997,5685.44901491024,0.08711909220573233,6.6,6.539730453847818,3575137.0
5621,LTU,1998,6154.17245640636,0.07922019349503095,6.6,6.661343100728573,3549331.0
5622,LTU,1999,6129.99843995634,-0.00393580451781439,7.6,6.467543434544138,3524238.0
5623,LTU,2000,6384.30865426374,0.04064871162290018,8.0,6.443176906381466,3499536.0
5624,LTU,2001,6854.52512826671,0.0710658297611797,7.0,6.633581556555148,3470818.0
5625,LTU,2002,7374.0979710116,0.0730645488912387,7.7,6.417875419731609,3443067.0
5626,LTU,2003,8218.69336289848,0.10843765241787473,6.7,6.444925853484402,3415213.0
5627,LTU,2004,8851.92598922347,0.07422382309568931,6.8,6.542039590391256,3377075.0
5628,LTU,2005,9692.86853763267,0.09075535156596004,6.8,6.469095266016332,3322528.0
5629,LTU,2006,10577.2145522871,0.08731170412649014,7.2,6.413622878157807,3269909.0
5630,LTU,2007,11889.3545234657,0.11694130494772459,7.7,6.619673126509016,3231294.0
5631,LTU,2008,12324.5197331387,0.03594733040033837,8.1,6.525469443821378,3198231.0
5632,LTU,2009,10612.9204044582,-0.14951858734815637,7.1,6.595643892607181,3162916.0
5633,LTU,2010,10884.1161852582,0.025232330795482483,6.3,6.746059539981839,3097282.0
5634,LTU,2011,11836.7200384033,0.08390207156262441,7.6,6.490268195646648,3028115.0
5635,LTU,2012,12516.6184065667,0.055850666573315166,6.7,6.67228607797729,2989139.0
5636,LTU,2013,13145.8069309969,0.04904560934519253,7.5,6.527080339681191,2961250.0
5637,LTU,2014,13753.1895982305,0.045167924779233815,7.8,6.479891175930494,2937253.0
5638,LTU,2015,14269.8039878287,0.036874927440937455,8.4,6.357148785204302,2911109.0
5639,LTU,2016,14823.107153522,0.03804156194152242,7.7,6.632660322035828,2877325.0
5640,LTU,2017,15695.9993288456,0.05721860268904422,7.4,6.731376031643812,2842639.0
5641,LTU,2018,16604.9021440809,0.05629210158808462,8.0,6.363545211196563,2819200.0
5642,LTU,2019,17431.7239081591,0.04859379764596561,8.6,6.39241949973826,2811089.0
5643,LTU,2020,17443.65526328,0.0006842280066834405,9.0,6.429880755355832,2810369.0
5644,LTU,2021,18572.2895051093,0.06269467098903903,7.2,6.513823406687646,2808380.0
5645,LTU,2022,18873.8427527274,0.01610632384850952,7.9,6.490723534502507,2831639.0
5646,LUX,1961,28667.3067311773,0.028469325670373635,9.1,6.9975959829819265,316845.0
5647,LUX,1962,28703.047948503,0.001245982255092315,7.2,6.826870550241673,320750.0
5648,LUX,1963,29383.2908512794,0.023422856964300465,7.0,6.681857939471306,324100.0
5649,LUX,1964,31341.5619231648,0.06451889930651866,8.4,6.650020282898308,327750.0
5650,LUX,1965,30759.2865425734,-0.01875312365002557,7.6,7.144328250608008,331500.0
5651,LUX,1966,30876.3796196715,0.0037995279439950735,8.6,7.117529862557393,333895.0
5652,LUX,1967,30841.6917877095,-0.0011240738676203677,8.7,6.85940501804109,334995.0
5653,LUX,1968,32050.2691476033,0.03843817695238805,8.0,6.815091594118718,335850.0
5654,LUX,1969,35074.2798920936,0.0901625141875737,8.1,6.7338779689708455,337500.0
5655,LUX,1970,35515.7224522674,0.012507389155560489,8.1,6.930201467811967,339171.0
5656,LUX,1971,36116.9305153704,0.016786260327460667,8.5,6.53029436728357,342421.0
5657,LUX,1972,38035.7978774611,0.051766020940046786,8.0,6.704536896475197,346600.0
5658,LUX,1973,40744.9969610365,0.06880529250404521,8.4,6.681857939471306,350450.0
5659,LUX,1974,41911.2430319972,0.028221062866030877,8.8,6.984716320118266,355050.0
5660,LUX,1975,38731.6570541752,-0.07889684367099647,8.8,6.6235338781593365,358950.0
5661,LUX,1976,39517.1731679619,0.020078063788300682,9.0,6.441903020858877,360731.0
5662,LUX,1977,40067.8592357291,0.01383915643832978,8.7,6.9013347111792145,361358.0
5663,LUX,1978,41625.8544696349,0.038146978280048316,7.8,6.767228043845161,362007.0
5664,LUX,1979,42502.5552316585,0.020842721331945313,7.9,6.946591302767335,362856.0
5665,LUX,1980,42707.6494595092,0.004813851220067278,7.9,6.959588427622155,364150.0
5666,LUX,1981,42347.3375168142,-0.008472497871414575,8.4,7.1067700587177525,365225.0
5667,LUX,1982,42791.2621593912,0.010428376021289765,9.1,6.900629954039548,365525.0
5668,LUX,1983,44058.6362377646,0.029187461915865853,9.1,6.907455233973135,365622.0
5669,LUX,1984,46736.4543493136,0.05900307870460608,8.3,6.999422467507961,365998.0
5670,LUX,1985,47948.4434191294,0.025601871007886245,7.6,6.73268735089949,366706.0
5671,LUX,1986,52499.5072976028,0.09067744652677767,8.0,6.940416061221685,368355.0
5672,LUX,1987,54221.2112555899,0.03226839872071885,7.8,6.994208166712336,370750.0
5673,LUX,1988,58384.9152871371,0.07398537312453968,9.2,7.028024111373082,373450.0
5674,LUX,1989,63485.0197151683,0.0837464114789217,9.6,6.792456654618674,377100.0
5675,LUX,1990,66030.6478306937,0.03931502724515035,9.7,6.843643333514893,381850.0
5676,LUX,1991,70783.8040436531,0.06951122277004451,8.6,6.6368647691701925,387000.0
5677,LUX,1992,71120.7911006759,0.004749496521256447,9.4,6.8277375709961055,392175.0
5678,LUX,1993,73120.1504309245,0.02772426985287879,8.8,6.924907337799702,397475.0
5679,LUX,1994,74887.1941112367,0.02387891829840605,10.0,6.860139425040474,402925.0
5680,LUX,1995,74900.1497246575,0.0001729867573772026,9.5,6.9163185096426245,408625.0
5681,LUX,1996,74920.5623621812,0.0002724942014449283,7.8,6.570042272924791,414225.0
5682,LUX,1997,77997.2016345512,0.04024456584918923,9.3,6.804725378662593,419450.0
5683,LUX,1998,82174.3606082355,0.05217038909905014,9.3,6.935856709093012,424700.0
5684,LUX,1999,87700.5125529005,0.06508440508493685,9.8,6.960252847939891,430475.0
5685,LUX,2000,92533.1393756479,0.05363910012795614,10.0,7.004246579170898,436300.0
5686,LUX,2001,94249.1625853478,0.018375097374704552,9.4,7.076653815443951,441525.0
5687,LUX,2002,96275.0321314871,0.021267072195310988,9.9,7.018938807942752,446175.0
5688,LUX,2003,97603.4028137275,0.013703344258168215,9.7,6.644440562978651,451630.0
5689,LUX,2004,100296.956996628,0.027222997784953407,9.2,6.829901839777273,458095.0
5690,LUX,2005,101226.109631791,0.00922136840016563,9.5,6.704536896475197,465158.0
5691,LUX,2006,105618.332853323,0.042475238878695976,9.8,6.830009930357284,472637.0
5692,LUX,2007,112422.146493735,0.062428988143732767,10.0,6.971480969862681,479993.0
5693,LUX,2008,110096.656683086,-0.0209022738305098,9.5,6.90755525897947,488650.0
5694,LUX,2009,104576.122195434,-0.0514434288017771,9.6,6.870780042857242,497783.0
5695,LUX,2010,106545.854916218,0.01866020679631042,8.3,6.918299492857808,506953.0
5696,LUX,2011,105292.012346074,-0.011837894977535512,10.1,6.702328848473085,518347.0
5697,LUX,2012,104489.298083328,-0.007652904625388146,9.4,6.902441184158368,530946.0
5698,LUX,2013,105340.41498623,0.008112498066161322,8.9,6.855303418979712,543360.0
5699,LUX,2014,105585.401767492,0.0023229673370330772,10.6,6.835507114774513,556319.0
5700,LUX,2015,105462.012584423,-0.0011693030924515568,10.1,6.717804695023691,569604.0
5701,LUX,2016,108351.452194449,0.02702931291699784,9.7,6.891829128431878,582014.0
5702,LUX,2017,107142.05542835,-0.01122455592410354,10.0,6.825460036255307,596336.0
5703,LUX,2018,106788.661202756,-0.003303822402015655,10.7,6.7067400797409285,607950.0
5704,LUX,2019,107591.899505248,0.007493609108971455,10.4,6.819033348921333,620001.0
5705,LUX,2020,105274.182260744,-0.021777155116518898,10.9,6.733282837131582,630419.0
5706,LUX,2021,110873.115269021,0.051818235415462155,9.4,6.951963533646458,640064.0
5707,LUX,2022,107467.123965307,-0.0312014645686034,11.0,6.69728113076859,653103.0
5708,LVA,1991,6694.19920788241,-0.12988909233097878,6.6,6.520915634997138,2650581.0
5709,LVA,1992,4607.11398959129,-0.37363973317441257,6.9,6.446671747110961,2614338.0
5710,LVA,1993,4464.72137528124,-0.031394817913001916,5.8,6.508172834032128,2563290.0
5711,LVA,1994,4639.50575611837,0.03840103205808276,6.2,6.491936758794481,2520742.0
5712,LVA,1995,4661.66840092451,0.0047655675242506135,6.5,6.520768392119746,2485056.0
5713,LVA,1996,4822.90414861125,0.03400285706767825,5.1,6.362855674882395,2457222.0
5714,LVA,1997,5317.97997604979,0.09771726041909012,6.3,6.587963152612122,2432851.0
5715,LVA,1998,5719.98918281481,0.07287338677583399,6.1,6.619406317542652,2410019.0
5716,LVA,1999,5929.26767237825,0.03593379572673072,7.1,6.440627510481866,2390482.0
5717,LVA,2000,6336.38296707987,0.06640738572175664,7.6,6.476664623235,2367550.0
5718,LVA,2001,6833.4354323157,0.0755194429570114,6.6,6.6689903467649705,2337170.0
5719,LVA,2002,7443.22944659059,0.08547728138870347,7.0,6.356801864125367,2310173.0
5720,LVA,2003,8149.00183600084,0.09059062557405007,6.2,6.457397401983236,2287955.0
5721,LVA,2004,8957.23393555082,0.09456602113329993,6.4,6.534224789404319,2263122.0
5722,LVA,2005,10106.2626157732,0.12069382588130573,6.5,6.437911636937767,2238799.0
5723,LVA,2006,11507.4648265658,0.1298406474820215,6.9,6.380969635637417,2218357.0
5724,LVA,2007,12810.0409502542,0.10723337250618314,7.2,6.580500431410533,2200325.0
5725,LVA,2008,12506.6945041012,-0.02396525136958516,7.7,6.576330283582437,2177322.0
5726,LVA,2009,10675.425174228,-0.15831967398607283,6.6,6.603537237890257,2141669.0
5727,LVA,2010,10500.8666223014,-0.01648659807413999,5.6,6.705761486390662,2097555.0
5728,LVA,2011,11018.5152421583,0.04811927241608238,7.2,6.466611178416954,2059709.0
5729,LVA,2012,11971.0107466522,0.08291089436170651,6.2,6.702451645796258,2034319.0
5730,LVA,2013,12353.5386135301,0.031454593451512025,7.0,6.459591416340857,2012647.0
5731,LVA,2014,12731.6771959342,0.0301506058947556,7.4,6.5036891917876805,1993782.0
5732,LVA,2015,13321.9753140616,0.04532179562987615,7.9,6.352977767686964,1977527.0
5733,LVA,2016,13787.3367440023,0.0343355926705069,7.1,6.5647014309953695,1959537.0
5734,LVA,2017,14382.8612727134,0.042286764709833946,6.9,6.7067400797409285,1942248.0
5735,LVA,2018,15120.0698171804,0.04998567992994829,7.5,6.332213340496455,1927174.0
5736,LVA,2019,15328.3859933295,0.013683414869374744,8.0,6.493602542476407,1913822.0
5737,LVA,2020,14900.7295718866,-0.028296226839650274,8.6,6.4577111274760055,1900449.0
5738,LVA,2021,16070.1680032322,0.07555445784967141,6.8,6.48432984549698,1884490.0
5739,LVA,2022,16421.3748596,0.02161919715226368,7.4,6.445084697103193,1879383.0
5740,MAR,1967,904.050476074219,0.06844260874163144,16.8,6.009795503792706,13968175.0
5741,MAR,1968,966.91650390625,0.06722695103154841,17.0,5.984439932171018,14347899.0
5742,MAR,1969,1020.01104736328,0.05345659073775888,16.7,6.192362489474872,14734255.0
5743,MAR,1970,1039.61254882813,0.019034636550023798,17.1,5.931183616223052,15129449.0
5744,MAR,1971,1069.3251953125,0.028179696402724552,16.3,6.118977867406942,15527225.0
5745,MAR,1972,1068.21313476563,-0.0010405059236155978,16.2,6.027796476355372,15924692.0
5746,MAR,1973,1079.19360351563,0.010226813817741487,16.8,5.830121396699219,16326269.0
5747,MAR,1974,1112.03527832031,0.029977821600637,16.8,5.683579767338681,16733842.0
5748,MAR,1975,1167.787109375,0.048918677988883275,16.7,5.812337881210547,17150786.0
5749,MAR,1976,1263.17102050781,0.07851464394063079,16.6,6.180430646620605,17574182.0
5750,MAR,1977,1306.12939453125,0.03344286056002854,16.9,5.928790952579924,18014756.0
5751,MAR,1978,1301.05102539063,-0.0038956840304633644,17.2,5.827768454437193,18477385.0
5752,MAR,1979,1328.20642089844,0.020657057506189958,17.0,5.949078830611544,18955589.0
5753,MAR,1980,1340.24670410156,0.009024228156962799,17.2,5.838313367613807,19459943.0
5754,MAR,1981,1281.85180664063,-0.044547948182900754,17.5,5.287256419188612,19985401.0
5755,MAR,1982,1359.98828125,0.05917032661021171,17.2,5.821861762721802,20520318.0
5756,MAR,1983,1343.30456542969,-0.012343411234610357,17.6,5.385870263555899,21060696.0
5757,MAR,1984,1394.10388183594,0.037119158499272054,16.9,5.367376902479531,21593778.0
5758,MAR,1985,1442.95849609375,0.03444368689474242,17.6,5.801211619987747,22113953.0
5759,MAR,1986,1542.61840820313,0.06678572053590326,17.1,5.666426688112432,22600803.0
5760,MAR,1987,1507.19995117188,-0.023227645234817906,17.8,5.977619140285929,23054392.0
5761,MAR,1988,1654.0068359375,0.09294713712266933,17.5,5.932245187448011,23500524.0
5762,MAR,1989,1669.73254394531,0.009462730710534828,17.9,6.067267510523482,23939414.0
5763,MAR,1990,1695.63647460938,0.01539471131734782,17.8,5.7242384832235835,24375551.0
5764,MAR,1991,1786.76281738281,0.052347329071984916,17.1,5.898252165385803,24799014.0
5765,MAR,1992,1720.42248535156,-0.03783560898457061,17.2,5.638710477912486,25212468.0
5766,MAR,1993,1680.71044921875,-0.023353301217721167,16.8,5.72194977861165,25614586.0
5767,MAR,1994,1830.88061523438,0.08558047115564271,17.7,5.462559809942086,26000822.0
5768,MAR,1995,1705.4482421875,-0.07096908679188996,18.2,5.678464666671911,26399429.0
5769,MAR,1996,1886.67224121094,0.10098658342067957,17.4,6.385700173264597,26808107.0
5770,MAR,1997,1828.96862792969,-0.031062341567255736,18.1,5.943061807879815,27213337.0
5771,MAR,1998,1931.74047851563,0.05466918219626038,17.8,5.5154428455366835,27621648.0
5772,MAR,1999,1935.47875976563,0.0019333180686427198,17.5,5.781669013313272,28027179.0
5773,MAR,2000,1957.14135742188,0.011130200551971114,17.8,5.62293388679288,28423435.0
5774,MAR,2001,2078.96606445313,0.060385768230605485,18.1,5.595825999817554,28814643.0
5775,MAR,2002,2127.50708007813,0.02308022361788087,17.9,5.905634290502789,29198142.0
5776,MAR,2003,2229.576171875,0.04686060060749675,18.1,5.985697952213645,29571415.0
5777,MAR,2004,2301.08178710938,0.03156784462667783,17.8,5.746203190540153,29953018.0
5778,MAR,2005,2342.15478515625,0.01769199942589328,17.7,5.5436137225033795,30358144.0
5779,MAR,2006,2489.99291992188,0.06120851306147124,18.1,5.896879104618114,30771178.0
5780,MAR,2007,2540.615234375,0.020126402890507045,17.7,5.6458001921178536,31186468.0
5781,MAR,2008,2648.58569335938,0.041619526951947705,17.7,5.983432375410718,31606767.0
5782,MAR,2009,2710.66650390625,0.02316875014340436,18.2,5.943061807879815,32030778.0
5783,MAR,2010,2767.04223632813,0.020584417938350086,18.3,6.26625133157403,32467016.0
5784,MAR,2011,2879.53930664063,0.03985135338849499,18.1,5.974318388273011,32912588.0
5785,MAR,2012,2927.45043945313,0.01650156865880792,18.0,5.848748244906387,33355241.0
5786,MAR,2013,3008.185546875,0.027205201612389374,17.8,5.691372454579519,33787571.0
5787,MAR,2014,3051.458984375,0.014282743124965691,18.2,5.804833718725929,34204780.0
5788,MAR,2015,3146.24780273438,0.030590737314529548,18.3,5.506550305126492,34607588.0
5789,MAR,2016,3124.42504882813,-0.0069602872049383535,18.4,5.741720313996593,35023457.0
5790,MAR,2017,3242.64428710938,0.03713885305527498,18.6,5.473949935191195,35446392.0
5791,MAR,2018,3304.7119140625,0.018960167864788602,17.5,6.11787690946242,35839760.0
5792,MAR,2019,3364.73950195313,0.01800124331260733,18.0,5.485626464853031,36210898.0
5793,MAR,2020,3090.89428710938,-0.08489008377712715,18.5,5.493884150092012,36584208.0
5794,MAR,2021,3309.130859375,0.06822511231778883,18.3,5.642970335259443,36954442.0
5795,MAR,2022,3334.91162109375,0.007760603935283328,18.9,5.62293388679288,37329064.0
5796,MCO,1971,75563.4913360894,0.03673971486661287,12.6,6.758326765490208,24576.0
5797,MCO,1972,78166.2666242185,0.033864933683455334,12.4,7.055916629962658,24862.0
5798,MCO,1973,82591.4749422556,0.05506828487770221,12.6,6.627512135627354,25072.0
5799,MCO,1974,85729.7692879639,0.037293665271006304,12.7,6.683986532274009,25235.0
5800,MCO,1975,84013.6775922963,-0.02022051747208664,12.7,6.87688361531505,25500.0
5801,MCO,1976,86381.9754388114,0.027799422372067895,12.8,6.933910236458988,25895.0
5802,MCO,1977,88164.3594228972,0.020423756731368314,12.7,7.0193860951533225,26273.0
5803,MCO,1978,90506.2955443489,0.026216619141020914,12.3,6.741818751437505,26605.0
5804,MCO,1979,92704.9241426782,0.024002177971411243,12.8,6.97886590644009,26892.0
5805,MCO,1980,93468.0194964091,0.008197750031142093,12.1,6.524002737779623,27122.0
5806,MCO,1981,93739.1375755131,0.002896451961435176,12.7,6.603401672242384,27293.0
5807,MCO,1982,95085.5584399553,0.01426130917110946,13.5,6.5096629252033855,27561.0
5808,MCO,1983,94848.6831900725,-0.0024942882405962763,13.2,6.5757729476337765,27960.0
5809,MCO,1984,94912.4728109661,0.0006723148682326041,12.4,6.847368128967042,28356.0
5810,MCO,1985,95274.2669683326,0.003804624804081058,12.7,6.436951329565632,28731.0
5811,MCO,1986,96396.1831010906,0.011706853566408881,13.0,6.623268097426875,29093.0
5812,MCO,1987,97606.9041131184,0.012481623335494518,12.9,6.784343934066902,29446.0
5813,MCO,1988,100947.007030979,0.033647466504357126,13.4,6.557914074621969,29781.0
5814,MCO,1989,104091.04585503,0.030670260794778414,13.7,6.28711478920894,30084.0
5815,MCO,1990,105878.32303218,0.017024581771872604,13.7,6.539730453847818,30358.0
5816,MCO,1991,106020.668083439,0.0013435181727015078,12.9,6.606920419952056,30625.0
5817,MCO,1992,106557.974098359,0.00505513774682953,13.2,6.715383386334681,30887.0
5818,MCO,1993,104739.74521362,-0.017210538483681148,12.9,6.61056144615776,31136.0
5819,MCO,1994,106244.848706403,0.014267667577986032,14.1,6.837761907161602,31375.0
5820,MCO,1995,107691.036957759,0.013520034528310632,13.5,6.707351214637416,31609.0
5821,MCO,1996,108107.402207478,0.0038588394614134103,13.1,6.859614903654202,31837.0
5822,MCO,1997,109746.977932279,0.015052317795937853,14.1,6.517818972491599,32063.0
5823,MCO,1998,112873.551469376,0.0280906629522768,13.5,6.46302945692067,32267.0
5824,MCO,1999,116084.526849631,0.028050426882510138,13.8,6.688354713946762,32410.0
5825,MCO,2000,120456.449755199,0.0369696692990491,14.1,6.816188085456647,32455.0
5826,MCO,2001,123122.065080301,0.02188798751145704,13.8,6.256517501499402,32447.0
5827,MCO,2002,124481.821747795,0.010983432889496214,14.0,6.927361808621055,32422.0
5828,MCO,2003,126022.179894764,0.01229822718429574,14.3,6.391917113392602,32374.0
5829,MCO,2004,129403.344170518,0.02647630302924142,13.7,6.442699389460335,32307.0
5830,MCO,2005,132253.156279139,0.021783711058530386,13.2,6.3826616834184415,32210.0
5831,MCO,2006,140615.112736683,0.06130852460037595,14.2,6.413131034554154,32057.0
5832,MCO,2007,162028.404533603,0.14174519543106534,13.9,6.216406480363571,31837.0
5833,MCO,2008,163243.675530457,0.007472369908274601,13.7,6.9043494858473045,31836.0
5834,MCO,2009,142375.465128834,-0.13677633770843833,14.2,6.703801422061068,32364.0
5835,MCO,2010,141814.720026733,-0.003946271610356433,13.1,6.854881789375069,33163.0
5836,MCO,2011,148272.642343465,0.04453133995225045,14.4,6.538573882951219,33946.0
5837,MCO,2012,146472.609057682,-0.01221431494490588,14.0,6.6331868456757395,34711.0
5838,MCO,2013,157167.901201149,0.07047622622621752,13.5,6.784909448983291,35447.0
5839,MCO,2014,165288.122704322,0.050375480964085284,14.6,6.820234681452642,36128.0
5840,MCO,2015,170437.021128628,0.030675701665158428,14.4,6.491481972157369,36757.0
5841,MCO,2016,173120.108465128,0.015619771247211034,14.2,6.568779912142806,37276.0
5842,MCO,2017,165781.701248644,-0.04331375199250154,14.2,6.302802109158108,37678.0
5843,MCO,2018,173041.679774743,0.04286061883689918,14.8,6.775822607721311,38154.0
5844,MCO,2019,185582.66851648,0.06996794612011925,14.6,6.733163768250093,38109.0
5845,MCO,2020,161262.850134167,-0.14046479189864058,14.7,6.6537658474968255,38050.0
5846,MCO,2021,194674.686164262,0.18829424610560785,14.0,6.514860828047825,38527.0
5847,MCO,2022,214359.505134575,0.09632464669143204,15.5,6.256709274440827,38931.0
5848,MDA,1991,3137.8350172715,-0.17557967242995431,9.9,6.275515033325713,2981566.0
5849,MDA,1992,2225.17356234959,-0.3436981590444148,10.2,6.114345676483797,2980965.0
5850,MDA,1993,2202.16445303219,-0.010394199130298709,9.4,6.236369590203704,2975966.0
5851,MDA,1994,1526.42524496526,-0.3665121585285531,10.8,5.972026853215507,2966745.0
5852,MDA,1995,1511.95831765054,-0.009522850781550574,10.1,6.3578422665081,2953200.0
5853,MDA,1996,1425.9518091471,-0.05856618269184288,9.3,6.341593110176681,2947293.0
5854,MDA,1997,1454.80861555923,0.0200348292796928,9.3,6.435027943814805,2936413.0
5855,MDA,1998,1360.18161095544,-0.06725612797389147,10.1,6.276267478808919,2935227.0
5856,MDA,1999,1316.43254916007,-0.03269276462965287,11.1,6.175659348283617,2930622.0
5857,MDA,2000,1346.91567176561,0.02289182731840178,11.1,6.093569770045136,2924668.0
5858,MDA,2001,1432.2768928234,0.06144811976822684,10.5,6.320768294250582,2918135.0
5859,MDA,2002,1547.57421231612,0.07742326993234805,11.0,6.251903883165888,2911385.0
5860,MDA,2003,1654.36629303195,0.06672935030077198,9.8,6.051618469927729,2903198.0
5861,MDA,2004,1781.19145323724,0.07386446514664868,10.4,6.320768294250582,2896023.0
5862,MDA,2005,1919.44550763748,0.07475385008740076,10.4,6.3265071909196005,2888985.0
5863,MDA,2006,2017.17730062908,0.04966281202268075,10.2,6.196647773045199,2880967.0
5864,MDA,2007,2082.51260097669,0.03187598768303257,11.6,6.132312855695361,2874299.0
5865,MDA,2008,2249.22589719372,0.07701096539763075,11.2,6.197461939587221,2868833.0
5866,MDA,2009,2116.94357544097,-0.060612772604470955,11.2,6.0874563127617085,2865213.0
5867,MDA,2010,2269.51116145996,0.06959112220538888,10.9,6.4731187935736925,2862354.0
5868,MDA,2011,2402.94446306051,0.05713038405691151,10.4,5.9740640324278145,2860699.0
5869,MDA,2012,2389.08666147529,-0.005783702090023546,11.0,6.253828811575473,2860324.0
5870,MDA,2013,2605.85029986142,0.08684788974515456,11.2,6.271366432240801,2859558.0
5871,MDA,2014,2737.80185056647,0.04939632147067652,11.1,6.310100079881413,2857815.0
5872,MDA,2015,2749.55137054338,0.004282406274818129,11.7,6.060524083039477,2835978.0
5873,MDA,2016,2910.95486872376,0.057043400555593315,11.3,6.283014131086252,2803186.0
5874,MDA,2017,3085.33305844263,0.05817845118591247,11.2,6.247075288559693,2755189.0
5875,MDA,2018,3267.9961042872,0.05751737279115332,11.4,6.234802805707711,2707203.0
5876,MDA,2019,3438.67732670712,0.050909914478257434,12.2,5.941223330671235,2664224.0
5877,MDA,2020,3188.91691602699,-0.0754055650079799,12.3,6.105016421792097,2635130.0
5878,MDA,2021,3688.16729442144,0.14544833210472774,10.8,6.376386753984817,2595809.0
5879,MDA,2022,3610.14315344719,-0.02138224024039559,11.6,5.939118066735773,2528654.0
5880,MDG,1961,807.540073151815,-0.005815940030166722,23.2,7.428511431425036,5246158.0
5881,MDG,1962,804.713147422012,-0.003506804750990966,22.6,7.117529862557393,5384150.0
5882,MDG,1963,776.884057825641,-0.03519475380272219,22.4,7.26010086475964,5525185.0
5883,MDG,1964,787.058949603953,0.013012028304427936,22.3,7.289473993360301,5669863.0
5884,MDG,1965,763.403670639472,-0.030516201232754447,22.2,7.445651174270791,5819116.0
5885,MDG,1966,758.928205137102,-0.005879767043265538,22.8,7.356471429084617,5974279.0
5886,MDG,1967,779.716062786951,0.027022649809143928,23.0,7.396335293800808,6136486.0
5887,MDG,1968,810.5066908574,0.0387297650201095,22.3,7.345687577227803,6306493.0
5888,MDG,1969,817.562921868275,0.008668272092063667,23.2,7.312953684861757,6484716.0
5889,MDG,1970,836.540881714049,0.022947523118941326,22.7,7.178469203203764,6672003.0
5890,MDG,1971,844.493878879637,0.0094620964286527,22.3,7.420159655861342,6868868.0
5891,MDG,1972,809.524118883836,-0.04229092053779837,22.5,7.45298232946546,7074398.0
5892,MDG,1973,765.217007612961,-0.05628710378339097,22.6,7.509773526130981,7288048.0
5893,MDG,1974,757.532392832002,-0.010093164398341514,22.2,7.435614995303907,7509726.0
5894,MDG,1975,744.310095866488,-0.017608555766305933,22.3,7.3654332585372355,7739336.0
5895,MDG,1976,699.987924820762,-0.06139465887887674,22.5,7.322774599895113,7976831.0
5896,MDG,1977,695.149219761086,-0.0069365574273145825,22.9,7.2525499308901535,8222240.0
5897,MDG,1978,656.398369596654,-0.0573586518548046,22.8,7.243155512642015,8475864.0
5898,MDG,1979,699.485480907614,0.06357716214713349,22.7,7.283173465738004,8737581.0
5899,MDG,1980,685.100689761521,-0.02077921769108393,22.7,7.250067572085033,9006032.0
5900,MDG,1981,599.781047690351,-0.133001151712123,22.6,7.343038055499483,9279011.0
5901,MDG,1982,571.230461402833,-0.04877192971045208,22.7,7.529674950253715,9557671.0
5902,MDG,1983,559.661168899672,-0.0204611933169927,23.0,7.271564711821469,9843044.0
5903,MDG,1984,553.131009938747,-0.011736663943776371,22.4,7.448683246564571,10134550.0
5904,MDG,1985,543.513684745557,-0.017539995960200727,22.6,7.284820912568604,10433142.0
5905,MDG,1986,538.491952606661,-0.00928233277579249,22.5,7.3150853136998135,10736857.0
5906,MDG,1987,529.509105998087,-0.016822190147184557,23.0,7.318539548567902,11047291.0
5907,MDG,1988,532.03346958824,0.004756037876598285,22.9,7.269616749608169,11369462.0
5908,MDG,1989,537.840431033529,0.01085551945379315,22.6,7.512890582218869,11704998.0
5909,MDG,1990,538.536275056569,0.0012929379018311593,22.8,7.056347683031964,12055639.0
5910,MDG,1991,489.716098120013,-0.09502902587750128,22.8,7.233166568243925,12421412.0
5911,MDG,1992,480.810932444988,-0.018351710607858784,22.8,7.313153718201314,12800870.0
5912,MDG,1993,476.159733326381,-0.009720748838761395,22.7,7.334198793475493,13197345.0
5913,MDG,1994,461.397665709464,-0.03149308557445529,23.0,7.229983695186501,13613850.0
5914,MDG,1995,454.537946632781,-0.014978885506046424,23.0,7.310817502473991,14051275.0
5915,MDG,1996,449.6280870806,-0.010860633180658219,22.8,7.332696163590958,14510711.0
5916,MDG,1997,451.303199370831,0.0037186281478662764,23.0,7.355193718567724,14990814.0
5917,MDG,1998,453.886174768872,0.005707054197842787,23.3,7.4119187598745775,15489364.0
5918,MDG,1999,460.034389996571,0.013454797312175693,22.9,7.259467931091055,16000506.0
5919,MDG,2000,465.529509827021,0.011874240985207507,23.0,7.241223006583051,16516338.0
5920,MDG,2001,478.40561494987,0.02728345096688667,23.0,7.321651412568154,17032939.0
5921,MDG,2002,406.70122213637,-0.1623801215871712,23.1,7.37994401913321,17549913.0
5922,MDG,2003,433.601040301214,0.06404603142550513,23.2,7.291656209174461,18071854.0
5923,MDG,2004,443.278654985967,0.02207374098200532,23.0,7.3334150943758205,18606608.0
5924,MDG,2005,450.955230911228,0.017169477980003123,23.2,7.290361092944218,19159707.0
5925,MDG,2006,461.540337897729,0.0232013878822368,23.1,7.307872780763706,19730909.0
5926,MDG,2007,473.785462328449,0.026185151928859618,23.2,7.297971376327562,20318583.0
5927,MDG,2008,490.963935389518,0.03561606563733122,22.9,7.337392539061287,20923840.0
5928,MDG,2009,457.789754866068,-0.06996064554418702,23.2,7.336546212393798,21547280.0
5929,MDG,2010,447.417143030687,-0.022918662874600315,23.5,7.262137596860986,22183340.0
5930,MDG,2011,441.755158414121,-0.012735576976298013,23.3,7.236051324319173,22822300.0
5931,MDG,2012,442.641500123543,0.0020043992649991793,23.3,7.242297082086402,23462438.0
5932,MDG,2013,440.674658903628,-0.004453319347450524,23.2,7.333349758385467,24109290.0
5933,MDG,2014,443.343869908205,0.006038830701378117,23.4,7.366571562587296,24764348.0
5934,MDG,2015,445.320069480568,0.004447581908902265,23.5,7.248077238758097,25426702.0
5935,MDG,2016,451.15659433146,0.01302121416536206,23.3,7.152347161502217,26099952.0
5936,MDG,2017,456.851859574031,0.012544684812387352,23.6,7.217883540263748,26788375.0
5937,MDG,2018,459.330367799543,0.005410526853143693,23.4,7.318207928601341,27494926.0
5938,MDG,2019,467.27741349648,0.01715340776877028,23.6,7.3468485680702855,28219554.0
5939,MDG,2020,422.924255422319,-0.0997300166673405,23.4,7.220520131801381,28953556.0
5940,MDG,2021,431.599103077746,0.020304057431973277,23.4,7.2075635312317585,29691083.0
5941,MDG,2022,438.438112102315,0.01572151114646836,23.2,7.2531872569748215,30437261.0
5942,MDV,1971,1556.67751384378,0.02026242460819727,26.8,7.584671446431665,127035.0
5943,MDV,1972,1546.53448656181,-0.006537138553074584,27.5,7.549714422772649,130968.0
5944,MDV,1973,1524.56080029038,-0.014310243873461026,27.7,7.561069559040359,134952.0
5945,MDV,1974,1565.19579168738,0.02630455390657893,27.4,7.452460454181805,138978.0
5946,MDV,1975,1398.10229490993,-0.11289510921710377,27.2,7.678650228164007,143158.0
5947,MDV,1976,1364.84005073968,-0.02407857063370944,27.5,7.560497044907043,147525.0
5948,MDV,1977,1474.39229567,0.07720865913401642,27.7,7.675963548763962,151930.0
5949,MDV,1978,1645.11075211615,0.10956180650572289,27.7,7.769800996003896,156159.0
5950,MDV,1979,1772.85528875554,0.07478369586842071,27.9,7.678973994962238,160360.0
5951,MDV,1980,2045.0559250915,0.1428337320200388,27.9,7.508348477931475,164835.0
5952,MDV,1981,2222.32522307441,0.08312890917326676,27.8,7.511305925730326,169532.0
5953,MDV,1982,2096.02642325024,-0.05851067263525689,27.9,7.651643101245266,174333.0
5954,MDV,1983,2371.53402483477,0.1234936407304641,28.1,7.465598067511184,179128.0
5955,MDV,1984,2927.92105239301,0.21075561913271113,27.6,7.571216149171722,184198.0
5956,MDV,1985,3273.18636026516,0.11147129981253556,27.8,7.560809365975638,190169.0
5957,MDV,1986,3456.5941382646,0.05451981860567123,27.9,7.517683880791149,196935.0
5958,MDV,1987,3632.50000398903,0.049637366387216275,28.3,7.615741809738722,203944.0
5959,MDV,1988,3819.63284883474,0.050233187568407445,28.2,7.516215651374888,210885.0
5960,MDV,1989,4044.45259782556,0.05719190812146557,27.7,7.600952458292124,217738.0
5961,MDV,1990,4582.26127944099,0.12484639216723004,28.1,7.432424634568778,224762.0
5962,MDV,1991,4507.19492955077,-0.016517612244765445,28.1,7.566518032680252,231802.0
5963,MDV,1992,4671.99639313801,0.03591148033614644,27.9,7.516215651374888,238543.0
5964,MDV,1993,4803.909904607,0.027843676287934827,28.0,7.702285073830685,244884.0
5965,MDV,1994,5053.64633599107,0.05067987967097487,28.0,7.643003635560718,250822.0
5966,MDV,1995,5580.26342049427,0.09912595378499667,28.1,7.452402451223638,256649.0
5967,MDV,1996,5888.07241870662,0.05369269747082406,27.9,7.589386403580835,262347.0
5968,MDV,1997,6254.75856992657,0.06041386451688702,28.2,7.626667667428109,267707.0
5969,MDV,1998,6599.87173747822,0.0537076698875687,28.4,7.651167725689633,272723.0
5970,MDV,1999,6889.01246088686,0.042877530290542865,28.0,7.6487397889562425,277412.0
5971,MDV,2000,7037.08546104613,0.02126634202037181,28.0,7.5511343173079615,282019.0
5972,MDV,2001,6647.6503820039,-0.056930621220068645,28.1,7.5693085879509034,286767.0
5973,MDV,2002,7012.25568873173,0.05339596462639662,28.3,7.525909480500652,291616.0
5974,MDV,2003,7845.29307409315,0.11225431271616948,28.2,7.629149722480185,296491.0
5975,MDV,2004,8174.41607301248,0.04109554229297707,28.1,7.621146166019125,301413.0
5976,MDV,2005,7141.88377049891,-0.13503271089772184,28.1,7.492147299705045,306429.0
5977,MDV,2006,8620.72814678183,0.18819297793570833,28.0,7.7573932563015155,313851.0
5978,MDV,2007,8933.17166363858,0.03560194843855413,28.1,7.533640232482915,324479.0
5979,MDV,2008,9396.49733610486,0.05056549468476845,27.9,7.614460137474148,336170.0
5980,MDV,2009,8313.4098369723,-0.12246714195165254,28.2,7.622957450322914,348275.0
5981,MDV,2010,8569.52494600725,0.03034244480457815,28.3,7.624814279588395,360792.0
5982,MDV,2011,9005.81391375104,0.04965806032226183,28.1,7.43396200478643,373674.0
5983,MDV,2012,8907.66134868182,-0.010958627056272263,28.2,7.505052133885248,386818.0
5984,MDV,2013,9213.32791442475,0.03373938993705394,28.2,7.610704264514343,400070.0
5985,MDV,2014,9612.07861806739,0.04236937492705728,28.2,7.536790514074838,413617.0
5986,MDV,2015,9644.90655028145,0.0034094603830805426,28.2,7.6721993414241165,428154.0
5987,MDV,2016,9909.07669723415,0.027021217823740784,28.6,7.588526188474027,443308.0
5988,MDV,2017,10263.2991147672,0.03512316399736548,28.3,7.606138726337329,458287.0
5989,MDV,2018,10793.8941325367,0.05040627695353628,28.2,7.545231174671618,473099.0
5990,MDV,2019,11194.9253748064,0.03647996793235109,28.4,7.7259920703809035,487731.0
5991,MDV,2020,7295.60220956454,-0.4281888545186394,28.5,7.549767047427312,502118.0
5992,MDV,2021,9759.2219360708,0.29094094801206083,28.2,7.594783778533905,516154.0
5993,MDV,2022,10939.9963271738,0.11421278368692178,28.1,7.700793042356877,524106.0
5994,MEX,1961,4219.18150865952,0.017547063555488407,20.9,6.600278579202176,37890118.0
5995,MEX,1962,4276.14326505314,0.013410343115161538,21.3,6.494812281018014,39129200.0
5996,MEX,1963,4474.72750860693,0.04539396088404857,21.1,6.56159627677138,40424065.0
5997,MEX,1964,4845.87442776407,0.07968225156333553,20.8,6.502640109638261,41772049.0
5998,MEX,1965,5021.34799285334,0.03557071262541811,20.9,6.578000430108449,43174477.0
5999,MEX,1966,5153.81469084834,0.026038735019854542,20.6,6.676453539966464,44629106.0
6000,MEX,1967,5278.1082201842,0.023830584734580995,20.9,6.686484972049608,46129608.0
6001,MEX,1968,5589.05119195572,0.057241797773373904,20.5,6.647818066838915,47668303.0
6002,MEX,1969,5596.39687788976,0.0013134363405349347,21.1,6.651442666276413,49233194.0
6003,MEX,1970,5774.77045921641,0.03137553229756129,20.7,6.597145701886651,50814953.0
6004,MEX,1971,5809.39879113389,0.0059785789232869035,20.8,6.632396956219188,52412558.0
6005,MEX,1972,6099.20317385848,0.04868104819110641,21.2,6.630815303062258,54030168.0
6006,MEX,1973,6385.19714668136,0.04582423013320458,20.7,6.718529945871388,55667284.0
6007,MEX,1974,6559.30112731544,0.026901696266808273,20.8,6.566391096280496,57320149.0
6008,MEX,1975,6740.62499347658,0.027268587817124157,20.6,6.559190218006784,58982400.0
6009,MEX,1976,6845.37111745706,0.015420024948733513,20.3,6.710157634635666,60645512.0
6010,MEX,1977,6888.57894639639,0.006292140468239893,21.1,6.467232779058571,62308493.0
6011,MEX,1978,7309.60711417928,0.0593247109224162,20.9,6.717078917805429,63979046.0
6012,MEX,1979,7814.54966727278,0.06679781209675184,20.6,6.526641261737804,65648865.0
6013,MEX,1980,8290.28898920873,0.05909749045278723,21.2,6.557772180332977,67300334.0
6014,MEX,1981,8875.07151181967,0.0681615644823026,21.2,6.754604099487962,68892108.0
6015,MEX,1982,8676.57130964166,-0.02261995277368989,21.2,6.4692503167957724,70433260.0
6016,MEX,1983,8098.51642167462,-0.06894555314014639,20.9,6.687981045137532,71971240.0
6017,MEX,1984,8207.92337530335,0.013419065932311014,20.9,6.759371273215879,73506846.0
6018,MEX,1985,8194.16249381362,-0.001677943260165904,21.0,6.634501943182477,75043414.0
6019,MEX,1986,7713.61215359658,-0.060435429482891934,21.3,6.566391096280496,76585637.0
6020,MEX,1987,7716.49731730638,0.0003739654276433413,20.9,6.4559844179974615,78136651.0
6021,MEX,1988,7657.72747539452,-0.007645280196385329,21.0,6.620473126551683,79695531.0
6022,MEX,1989,7783.80581006403,0.016330131747373855,21.3,6.565968947537155,81247182.0
6023,MEX,1990,8036.86114405886,0.031993204742324366,21.4,6.675318680756335,82820170.0
6024,MEX,1991,8197.01179488111,0.019731070601217482,21.3,6.599734435534826,84430572.0
6025,MEX,1992,8330.26426795593,0.016125507923748117,21.1,6.638698670653521,86044809.0
6026,MEX,1993,8411.79621331335,0.009739851315147874,21.3,6.635421483477155,87653807.0
6027,MEX,1994,8623.48043000831,0.024853733532198774,21.7,6.466922027036182,89259205.0
6028,MEX,1995,7970.64038489585,-0.07872392637092851,21.7,6.610696044717759,90862455.0
6029,MEX,1996,8320.65295687947,0.04297589315126338,21.6,6.558197802812269,92452702.0
6030,MEX,1997,8770.8448154628,0.05269239975217488,21.2,6.581609540078228,94021207.0
6031,MEX,1998,9161.89527775798,0.043619933435667946,21.8,6.655440350367647,95575245.0
6032,MEX,1999,9264.977292523,0.011188343510651677,21.5,6.651442666276413,97115707.0
6033,MEX,2000,9581.96970202823,0.033641767642162534,21.7,6.5638555265321274,98625552.0
6034,MEX,2001,9398.35074347946,-0.019348955427538783,21.5,6.512487995850418,100099099.0
6035,MEX,2002,9242.27886122367,-0.016745735813001872,21.6,6.57242239305435,101548624.0
6036,MEX,2003,9221.99666685464,-0.0021969128976362384,21.7,6.632660322035828,102978515.0
6037,MEX,2004,9421.28976132695,0.02138042420392594,21.5,6.705761486390662,104394131.0
6038,MEX,2005,9491.51730268004,0.00742648765834808,21.8,6.568779912142806,105811504.0
6039,MEX,2006,9813.82804186659,0.03339393158430859,22.0,6.680101572190042,107253666.0
6040,MEX,2007,9877.69532636562,0.006486802189794361,21.6,6.6388295350128,108774360.0
6041,MEX,2008,9826.34218448486,-0.005212460453691392,21.6,6.6542813778600935,110374288.0
6042,MEX,2009,9074.11881448129,-0.07964048242929245,22.0,6.506232390106597,111999721.0
6043,MEX,2010,9389.06722076504,0.03411967567043206,21.3,6.692827882439268,113623895.0
6044,MEX,2011,9575.93437734618,0.019707164632857044,22.1,6.522680860521707,115243504.0
6045,MEX,2012,9782.51776251839,0.021343775438037227,22.3,6.5473591342415505,116818208.0
6046,MEX,2013,9738.71059661101,-0.0044881642320522275,21.7,6.810583367229864,118343573.0
6047,MEX,2014,9862.4812534745,0.012629058768789392,21.9,6.738744736247855,119784261.0
6048,MEX,2015,10021.2386113616,0.01596891654369692,22.1,6.607190580699342,121072306.0
6049,MEX,2016,10100.5021195819,0.007878435496069258,22.4,6.657882667925903,122251351.0
6050,MEX,2017,10193.7727188313,0.009191878665168574,22.6,6.653636923368497,123400057.0
6051,MEX,2018,10296.8690940459,0.010062861488318475,22.2,6.635552777378742,124573711.0
6052,MEX,2019,10159.4448367696,-0.01343607896788157,22.3,6.562867732759577,125762982.0
6053,MEX,2020,9234.64362226594,-0.09544177560139211,22.6,6.519442229691538,126799054.0
6054,MEX,2021,9728.05680024504,0.05205214104196898,22.3,6.706862336602747,127648148.0
6055,MEX,2022,10013.2479227064,0.028894844453928314,22.2,6.595507252585106,128613117.0
6056,MHL,1971,2011.13806385346,-0.01359784923892704,27.2,8.00363049194036,23366.0
6057,MHL,1972,1979.85303434478,-0.015678145888608164,27.5,8.029791082593835,23992.0
6058,MHL,1973,2587.94027907734,0.26783968340849196,27.6,7.80604495974674,24581.0
6059,MHL,1974,2900.13630613536,0.11389543772178001,27.4,7.9873886010524435,25296.0
6060,MHL,1975,2806.68563126099,-0.032753441458856614,27.2,7.9273604346951805,26154.0
6061,MHL,1976,2726.44598645498,-0.029005371936405844,27.2,7.947006730255098,27021.0
6062,MHL,1977,2704.13846484627,-0.008215560325018245,27.6,7.845885777460748,27906.0
6063,MHL,1978,2766.69030511298,0.022868405831458993,27.6,7.935480045302498,28809.0
6064,MHL,1979,2737.49266931199,-0.010609352852547715,27.7,7.862843557564204,29738.0
6065,MHL,1980,2454.9977903425,-0.108916556080211,27.8,7.885216366086096,30774.0
6066,MHL,1981,2511.56866664584,0.0227816635425242,27.8,7.83648828374618,32017.0
6067,MHL,1982,2524.11369284666,0.00498246364948951,27.7,7.919937839651859,33397.0
6068,MHL,1983,2797.12547757893,0.10270228632656409,27.8,7.7113699125680535,34811.0
6069,MHL,1984,2788.85704831238,-0.0029604229039410512,27.8,7.764508298140096,36264.0
6070,MHL,1985,2510.70662853208,-0.1050676129620971,27.7,7.926602599181384,37761.0
6071,MHL,1986,3005.51720714758,0.17988542986585188,27.8,7.99894005182145,39286.0
6072,MHL,1987,3162.8043989419,0.05100943335118657,27.8,7.85933593163474,40828.0
6073,MHL,1988,3288.88849507337,0.0390905622010802,27.7,7.83443189040871,42321.0
6074,MHL,1989,3139.41439911898,-0.04651337882103235,27.6,7.874967236034678,43586.0
6075,MHL,1990,3148.09977817114,0.002762740355468196,27.8,7.886006210979063,44629.0
6076,MHL,1991,3085.93530547753,-0.019944235942162436,27.6,8.039802343736485,45568.0
6077,MHL,1992,3247.85289298957,0.05113933986163133,27.8,7.720461694599722,46388.0
6078,MHL,1993,3391.38513154821,0.043244301611382596,27.6,7.929378526122111,47093.0
6079,MHL,1994,3544.13564721663,0.04405587586648174,27.8,7.881975238653928,47712.0
6080,MHL,1995,3791.20498901919,0.06738960043326792,27.8,7.91308200359425,48266.0
6081,MHL,1996,3365.11122501281,-0.11922289157154786,27.8,7.924976729434733,48775.0
6082,MHL,1997,3117.27400069023,-0.0765021138659776,27.8,7.922623574217286,49259.0
6083,MHL,1998,3067.73739364805,-0.016018617629297793,27.8,7.717751726038375,49717.0
6084,MHL,1999,2997.54989841042,-0.02314503009411517,27.6,7.820921133508767,50202.0
6085,MHL,2000,3040.59677355737,0.01425854878697308,27.7,7.8648424050488615,50706.0
6086,MHL,2001,3224.7911898754,0.05881439758242557,28.1,7.80008113340246,51123.0
6087,MHL,2002,3322.41127856101,0.029822607205494123,28.2,7.9097465290458215,51425.0
6088,MHL,2003,3256.97244330835,-0.019892742532142904,28.2,7.877814240064475,51639.0
6089,MHL,2004,3234.15265200518,-0.0070311032305596655,28.3,7.872035854854955,51791.0
6090,MHL,2005,3284.78403267445,0.015533944028408797,28.3,7.829789485483358,51906.0
6091,MHL,2006,3285.12078781351,0.0001025144651425336,28.1,7.806859159433471,51992.0
6092,MHL,2007,3403.47842798117,0.03539455493654309,28.0,7.80982537521632,52035.0
6093,MHL,2008,3146.26177205458,-0.07858296662409003,27.7,7.822805241420159,52030.0
6094,MHL,2009,3262.26955535477,0.03620812670519413,27.9,7.772963220626976,52019.0
6095,MHL,2010,3441.31888402121,0.05343165864536559,27.6,7.888409516679577,52044.0
6096,MHL,2011,3433.06297801838,-0.0024019352249382564,27.9,7.976148881066246,51907.0
6097,MHL,2012,3420.91444796671,-0.0035449614198928003,28.3,7.8002040363707215,51419.0
6098,MHL,2013,3602.92811901896,0.051838983472425326,28.4,7.716817084138438,50681.0
6099,MHL,2014,3620.77275283155,0.0049405894367016145,28.3,7.951136706650828,49796.0
6100,MHL,2015,3764.34426229508,0.038886208672247236,28.3,7.948102659518271,48800.0
6101,MHL,2016,3946.8444109078,0.04734269695924098,28.5,7.778169597588765,47709.0
6102,MHL,2017,4190.93468589482,0.06000740812777039,28.4,7.959171132819272,46529.0
6103,MHL,2018,4542.34293916308,0.08051916038301066,28.3,8.086502578755997,45285.0
6104,MHL,2019,5162.81500670348,0.12803902984126125,28.4,7.836014106632146,44007.0
6105,MHL,2020,5172.57528216176,0.001888710167088803,28.5,7.931536257027243,42706.0
6106,MHL,2021,5455.31704015278,0.05322005194057411,28.2,7.9425399049040815,41367.0
6107,MHL,2022,5591.46393193103,0.02465040016681108,28.0,7.960672608388117,40077.0
6108,MKD,1991,3328.63950847977,-0.05995800431337983,9.6,6.444290226575984,2055994.0
6109,MKD,1992,3146.02235459166,-0.05642475416878412,10.4,6.304083104849794,2032523.0
6110,MKD,1993,2948.27151752275,-0.06491983796336065,10.1,6.0888180923638915,2006854.0
6111,MKD,1994,2917.05894611342,-0.010643173898402303,11.3,6.352280903547264,1992666.0
6112,MKD,1995,2876.0722287817,-0.014150344605448062,10.2,6.53116913042435,1998534.0
6113,MKD,1996,2889.88516353778,0.004791211672246831,9.7,6.4157514094567345,2012553.0
6114,MKD,1997,2954.5238308875,0.022120732199224058,9.9,6.248816269751929,1996869.0
6115,MKD,1998,3038.13983382569,0.02790793363103372,10.5,6.441106017548975,2007523.0
6116,MKD,1999,3154.84918240006,0.037695260759742055,11.0,6.452048954437226,2017142.0
6117,MKD,2000,3283.37934095351,0.039932486766087294,11.3,6.0068456491462845,2026350.0
6118,MKD,2001,3169.32514368931,-0.03535450209171742,10.9,6.1735777488642,2034882.0
6119,MKD,2002,3240.11064526089,0.022088802193881207,11.2,6.557630265907138,2020157.0
6120,MKD,2003,3307.92040834712,0.02071223752440332,10.6,6.439829489531367,2022725.0
6121,MKD,2004,3473.76544811451,0.048919432647512195,10.6,6.426812029698016,2016186.0
6122,MKD,2005,3657.56307699216,0.05155795052936085,10.2,6.500238066747841,2005330.0
6123,MKD,2006,3866.74650622977,0.05561635769960738,10.6,6.498583308942647,1994287.0
6124,MKD,2007,4140.63354809364,0.06843534967576481,11.5,6.537271139769218,1982933.0
6125,MKD,2008,4392.5507164151,0.05906128008167855,11.4,6.291383937224241,1971493.0
6126,MKD,2009,4405.20045750867,0.002875678013795735,11.3,6.596463340891223,1958782.0
6127,MKD,2010,4582.36517512347,0.03942951344765078,11.0,6.598917664457565,1946298.0
6128,MKD,2011,4711.13027870081,0.027712574872767348,10.7,6.063552623502236,1937398.0
6129,MKD,2012,4708.05168535923,-0.0006536859491514946,11.4,6.386879319362645,1929821.0
6130,MKD,2013,4863.68088666968,0.03252136779380521,11.4,6.296188085414615,1922716.0
6131,MKD,2014,5053.75001236367,0.038335009089056626,11.6,6.7259935654466965,1917557.0
6132,MKD,2015,5262.68671928674,0.040511135059400516,11.4,6.540163823302054,1912430.0
6133,MKD,2016,5429.94678358359,0.031287653974128915,11.4,6.591948042804508,1906313.0
6134,MKD,2017,5510.81862920922,0.014783850220679184,11.3,6.4775875582336,1898657.0
6135,MKD,2018,5698.39334484489,0.03347108210893346,11.9,6.417059026511312,1889051.0
6136,MKD,2019,5961.58475399191,0.04515207827093448,12.0,6.458024754575957,1876262.0
6137,MKD,2020,5743.72649424581,-0.03722812934538666,11.8,6.447622769531664,1856124.0
6138,MKD,2021,6064.92315120022,0.05441365674218268,11.3,6.5641375742000525,1837114.0
6139,MKD,2022,6250.62720952063,0.03015994078638151,11.8,6.361129751084959,1831712.0
6140,MLI,1968,524.932345516454,0.021161136866685304,28.5,5.648269764725942,6082979.0
6141,MLI,1969,518.077363011379,-0.01314480805400109,29.1,5.7407570774475625,6177704.0
6142,MLI,1970,541.218632568455,0.04369874340239033,28.8,5.647212123167807,6276472.0
6143,MLI,1971,546.290613248703,0.009327768889573207,28.6,5.662265794453267,6377944.0
6144,MLI,1972,568.782332688285,0.040346724489288555,28.7,5.476463551931511,6483726.0
6145,MLI,1973,550.872855338743,-0.03199378736785352,28.9,5.473530384104697,6597106.0
6146,MLI,1974,532.892656755871,-0.03318402053519787,28.1,5.7242384832235835,6715436.0
6147,MLI,1975,584.242915257345,0.09199683769882316,28.1,5.713732805509369,6837261.0
6148,MLI,1976,652.038467051743,0.10978671160411935,28.0,5.720311776607412,6960979.0
6149,MLI,1977,680.721255932719,0.043049347814019256,28.7,5.583496308781699,7090979.0
6150,MLI,1978,657.893225953813,-0.03411025897483366,28.8,5.709101636133801,7229651.0
6151,MLI,1979,711.946119364869,0.07895958592802277,28.9,5.631928370888217,7375266.0
6152,MLI,1980,667.105922219684,-0.06505339626395656,29.2,5.628699668531845,7530515.0
6153,MLI,1981,667.725533547502,0.0009283739451051432,28.8,5.614951260949585,7692766.0
6154,MLI,1982,598.548453287839,-0.10936973158474839,28.6,5.493472881322077,7860194.0
6155,MLI,1983,572.094412286836,-0.045203445390535,29.2,5.35800036870921,8034400.0
6156,MLI,1984,544.215667495735,-0.04995841831118941,29.0,5.384495062789089,8208599.0
6157,MLI,1985,603.792264356221,0.10388458969735836,28.9,5.531411248715415,8374663.0
6158,MLI,1986,588.187728596192,-0.026184042327132673,28.6,5.5626028611934215,8531277.0
6159,MLI,1987,573.572204280431,-0.02516233352021846,29.6,5.408516158846112,8681164.0
6160,MLI,1988,624.555381780193,0.08515617768356165,28.8,5.746203190540153,8833996.0
6161,MLI,1989,635.07828701788,0.016708270508470235,28.7,5.646506406836471,8999938.0
6162,MLI,1990,589.775405883668,-0.07400648150231959,29.2,5.46763811116474,9178830.0
6163,MLI,1991,651.363081547235,0.09932541925326,28.8,5.648622063478926,9362888.0
6164,MLI,1992,606.068363319514,-0.0720744252218557,28.6,5.580484258311707,9553540.0
6165,MLI,1993,619.374429343318,0.02171719327611843,29.1,5.5649034757050835,9754786.0
6166,MLI,1994,640.081008921427,0.03288476104227378,28.4,5.8547853481927286,9967031.0
6167,MLI,1995,630.924447490876,-0.014408623973663381,28.9,5.619675965359201,10185365.0
6168,MLI,1996,656.777675999074,0.04015944771174684,29.3,5.593595515621446,10407278.0
6169,MLI,1997,668.480326665269,0.017661398515397053,29.2,5.597310230145684,10646495.0
6170,MLI,1998,695.126372030565,0.03908669225867367,29.4,5.705780477318874,10919573.0
6171,MLI,1999,707.881746305403,0.018183395455643847,28.8,5.875211590283732,11227415.0
6172,MLI,2000,682.497420451512,-0.03651830725737515,29.1,5.597310230145684,11559290.0
6173,MLI,2001,766.960343250964,0.11667634882230615,29.2,5.6222108209623896,11912158.0
6174,MLI,2002,766.073669039402,-0.0011567575191735457,29.4,5.485211785187126,12288050.0
6175,MLI,2003,814.808466518784,0.06167473641830856,29.4,5.836855428880563,12684955.0
6176,MLI,2004,800.501816705242,-0.01771427331785702,29.5,5.667809814197383,13102409.0
6177,MLI,2005,794.373328212082,-0.007685264488219268,29.5,5.685279003091641,13538647.0
6178,MLI,2006,797.10053288464,0.0034272725537594084,29.1,5.689345426858432,13990139.0
6179,MLI,2007,784.893915013531,-0.01543224142286359,29.3,5.6577385361547945,14457775.0
6180,MLI,2008,787.156518982091,0.002878540639611238,28.9,5.731073334892105,14940782.0
6181,MLI,2009,803.486738930068,0.020533571729914435,29.5,5.726847747587197,15435539.0
6182,MLI,2010,821.181286586904,0.021783216088240742,29.7,5.8988008622445625,15945198.0
6183,MLI,2011,818.399030997125,-0.003393866382167765,29.5,5.585749407744609,16469049.0
6184,MLI,2012,786.323471337187,-0.03998178170477118,29.0,5.8090429853136945,16957033.0
6185,MLI,2013,788.819448208696,0.003169209510637039,29.2,5.718671087149952,17459615.0
6186,MLI,2014,813.97566128646,0.03139300699456449,29.2,5.703782474656201,18020267.0
6187,MLI,2015,838.11986940103,0.02923066708114419,29.3,5.731397641689174,18593022.0
6188,MLI,2016,860.75307554569,0.026646542814910745,29.5,5.725543966437714,19191289.0
6189,MLI,2017,878.561348378099,0.0204780629765553,29.4,5.629058928460265,19813011.0
6190,MLI,2018,892.978322787306,0.016276567698935374,29.3,5.772686453303412,20442030.0
6191,MLI,2019,909.751069706998,0.018608706329218627,29.1,5.758270659940271,21068405.0
6192,MLI,2020,872.389426815267,-0.04193509771514847,29.4,5.818003618746224,21713836.0
6193,MLI,2021,872.332509422409,-6.524523099749047e-05,29.8,5.675040005790547,22388630.0
6194,MLI,2022,877.817842434642,0.006268433986586608,29.2,5.865901324132636,23072640.0
6195,MLT,1971,3209.60268025718,0.024078475333270788,18.8,6.054908719664517,302700.0
6196,MLT,1972,3399.79767466829,0.05756876854069937,18.8,6.101215411067101,302450.0
6197,MLT,1973,3543.68714188758,0.04145182819668136,19.1,6.263207768258254,302200.0
6198,MLT,1974,3901.97992864613,0.09631634772692088,18.9,5.435467204695271,301996.0
6199,MLT,1975,4631.07489687832,0.17130490198178627,18.8,6.061223791522835,304222.0
6200,MLT,1976,5391.64338792318,0.15206123386187542,18.5,6.3377102955561755,305774.0
6201,MLT,1977,6025.00425889495,0.11106795207876274,19.6,5.565669172526567,306970.0
6202,MLT,1978,6628.11085826257,0.09540163892617137,18.8,5.8027224225111045,310182.0
6203,MLT,1979,7249.59519476197,0.0896258069293232,19.4,6.100767281998432,313342.0
6204,MLT,1980,7679.71730114961,0.05763710463344651,18.7,5.894127314219024,316645.0
6205,MLT,1981,7875.92297738045,0.025227644584846942,19.3,5.410305868496084,318982.0
6206,MLT,1982,7884.88867120687,0.0011377199339008826,19.9,6.356801864125367,325898.0
6207,MLT,1983,7726.92163483316,-0.02023755408714578,19.6,5.915932484495545,330524.0
6208,MLT,1984,7798.10996957823,0.00917084557327108,19.1,6.0105316098252075,330593.0
6209,MLT,1985,7860.40532880415,0.007956780920835627,19.7,5.867883485336628,336452.0
6210,MLT,1986,8030.48844120651,0.021407179496508277,19.7,6.168564159920785,342121.0
6211,MLT,1987,8303.20901661104,0.033396715430205504,19.9,5.528635121610247,344485.0
6212,MLT,1988,8928.25441226785,0.072578832642332,20.1,5.992713766508414,347325.0
6213,MLT,1989,9564.95604950887,0.06888510672246007,19.8,5.8738065036397495,350722.0
6214,MLT,1990,10067.7473125276,0.05123097092465656,20.1,6.104569993213254,354170.0
6215,MLT,1991,10413.1745543774,0.03373480965029607,19.3,6.0428703351678825,363845.0
6216,MLT,1992,10789.7618108966,0.035525915511865236,19.5,6.050676406739828,367618.0
6217,MLT,1993,11161.1923768418,0.0338450910088266,19.8,5.757954953544594,371308.0
6218,MLT,1994,11682.1516222446,0.04561937961919327,20.7,5.767695800399854,374797.0
6219,MLT,1995,12336.7855166478,0.05452331689676093,19.9,6.07073772800249,377419.0
6220,MLT,1996,12719.0092297471,0.030512172570427154,19.7,6.075116119603592,379905.0
6221,MLT,1997,13286.7107759756,0.04366668179337729,20.2,6.047135744478443,382791.0
6222,MLT,1998,13877.2477535633,0.04348630084012939,20.0,5.685957889743649,385287.0
6223,MLT,1999,14446.3492424862,0.04019108829016638,20.6,5.912150740388256,387578.0
6224,MLT,2000,17178.3693621174,0.17320926209833587,20.4,5.68561850402853,390087.0
6225,MLT,2001,16920.7229743513,-0.015111914911397406,20.6,5.618950539139504,393028.0
6226,MLT,2002,17255.4217709726,0.019587317411557947,20.2,5.734311679691024,395969.0
6227,MLT,2003,17775.4180936551,0.02969009719865312,20.5,6.254789888055024,398582.0
6228,MLT,2004,17728.3576050982,-0.0026510147268545836,20.0,5.812337881210547,401268.0
6229,MLT,2005,18123.2601873346,0.022030724339987984,19.8,5.92479041383999,403834.0
6230,MLT,2006,18479.2043785147,0.01944980570691257,20.4,6.066572019594787,405308.0
6231,MLT,2007,19342.3162783941,0.04564923688215039,20.4,6.008567455007644,406724.0
6232,MLT,2008,20064.4517895547,0.03665443256078049,20.4,5.628699668531845,409379.0
6233,MLT,2009,19635.9067186725,-0.021589815960405545,20.2,6.084043728401075,412477.0
6234,MLT,2010,20750.6382477568,0.055217139473123567,20.4,5.802118375377063,414508.0
6235,MLT,2011,20867.9213022084,0.005636108802647755,20.1,5.988961416889864,416268.0
6236,MLT,2012,21529.3882643778,0.03120578386491424,20.6,5.792403666309729,420028.0
6237,MLT,2013,22626.4876843887,0.049702343631158996,20.3,5.928790952579924,424810.0
6238,MLT,2014,23866.0555833557,0.053335939490938955,20.7,5.878855602725328,433481.0
6239,MLT,2015,25529.6693210673,0.06738409768517606,20.5,5.968195920168628,444220.0
6240,MLT,2016,25969.4999809345,0.01708149316441876,20.8,5.763622475012218,454505.0
6241,MLT,2017,28546.6464943104,0.09461669663727434,20.3,6.040968742011071,467106.0
6242,MLT,2018,29536.7913868949,0.034097183529929964,20.6,5.968963281761469,483903.0
6243,MLT,2019,29522.6480165028,-0.00047895377285378515,20.5,5.982928216085695,503912.0
6244,MLT,2020,27861.80732148,-0.05790086036423148,20.6,5.848171377281505,515490.0
6245,MLT,2021,31419.5031714693,0.12017198240836358,20.9,5.674353663965389,518150.0
6246,MLT,2022,31447.3917315418,0.000887225683563031,21.1,5.4860409726309864,531113.0
6247,MMR,1961,127.564281190731,-0.017158970775994042,23.3,7.8003269242357,22210581.0
6248,MMR,1962,129.887941416412,0.018051685873605727,23.2,7.5769683092464515,22704719.0
6249,MMR,1963,144.000792900245,0.10314671618772309,23.2,7.718729938655285,23213408.0
6250,MMR,1964,132.522439576165,-0.0830668194334434,23.3,7.685289562802247,23737315.0
6251,MMR,1965,143.41721780798,0.0790060029747428,23.2,7.748373738900291,24279431.0
6252,MMR,1966,133.398254665006,-0.07241893942862809,23.7,7.692158979813635,24836496.0
6253,MMR,1967,122.678900960351,-0.08376866930788829,23.2,7.660773856579473,25406429.0
6254,MMR,1968,134.388136936628,0.0911617767354107,23.3,7.74296609880555,25989662.0
6255,MMR,1969,135.702756195556,0.009734720229176652,23.6,7.668233951702367,26585112.0
6256,MMR,1970,139.275133597401,0.025984477559120478,23.4,7.7778764100094415,27193016.0
6257,MMR,1971,141.823799627108,0.018134084274862516,22.9,7.726609572164817,27807219.0
6258,MMR,1972,142.104344664286,0.001976169915652193,23.4,7.60324970261043,28428324.0
6259,MMR,1973,137.829004501709,-0.030547790304487954,23.6,7.781597694591453,29026388.0
6260,MMR,1974,142.387514060567,0.03253849394756969,23.1,7.772457936183197,29598167.0
6261,MMR,1975,145.457960079312,0.021334797724595234,23.3,7.705127330599615,30176565.0
6262,MMR,1976,151.381528101688,0.0399162156062598,23.2,7.665237835046977,30758811.0
6263,MMR,1977,157.337620355275,0.038590618261555854,23.2,7.615741809738722,31355966.0
6264,MMR,1978,164.35842013127,0.04365558715610707,23.5,7.668514377952103,31972976.0
6265,MMR,1979,169.599433098917,0.03138984905192732,23.9,7.554282438906856,32596550.0
6266,MMR,1980,179.588600928215,0.05722930385947489,23.7,7.703819993548769,33227204.0
6267,MMR,1981,187.439973498442,0.04278996817809322,23.3,7.6706150719533825,33858783.0
6268,MMR,1982,194.360862265949,0.03625789315249417,23.2,7.553443908382381,34482965.0
6269,MMR,1983,198.973143501783,0.023453312374329016,23.3,7.6780949553719875,35162715.0
6270,MMR,1984,204.503943959468,0.02741740282278915,23.3,7.546710230458656,35899313.0
6271,MMR,1985,206.179024168361,0.008157579583544461,23.4,7.618103666861857,36622827.0
6272,MMR,1986,200.215576805336,-0.029350170670968012,23.4,7.484368643286131,37314878.0
6273,MMR,1987,188.871667527298,-0.058326893437461,23.9,7.542531546215753,37971594.0
6274,MMR,1988,164.700416639705,-0.13693960976842146,23.9,7.734646329591678,38600927.0
6275,MMR,1989,168.113854204979,0.020513286597988234,23.6,7.596191379811963,39214618.0
6276,MMR,1990,170.233436726449,0.0125291988795313,23.8,7.598950555816837,39817251.0
6277,MMR,1991,166.710439947526,-0.02091223739099579,23.8,7.644919344958857,40394154.0
6278,MMR,1992,180.333227417253,0.07854798788771422,23.4,7.645875825184813,40950342.0
6279,MMR,1993,188.680525344668,0.045248839884600045,23.5,7.534922900608107,41502429.0
6280,MMR,1994,200.124788541397,0.05888587195591288,23.8,7.6924327773876735,42055143.0
6281,MMR,1995,211.265635944507,0.05417516511986964,23.8,7.682205910606117,42605338.0
6282,MMR,1996,222.013359775898,0.049621279428727405,23.6,7.734208826850307,43154860.0
6283,MMR,1997,231.587954116039,0.042222173525114925,23.6,7.635062311188787,43708798.0
6284,MMR,1998,242.132148131424,0.0445239110179072,24.3,7.625741402889001,44257793.0
6285,MMR,1999,265.455335144782,0.09196295354469175,23.8,7.7259920703809035,44787724.0
6286,MMR,2000,298.590464506047,0.11762635326997639,23.5,7.6882721056789896,45290841.0
6287,MMR,2001,328.973872708996,0.09690538276353333,23.9,7.679621214253473,45771139.0
6288,MMR,2002,364.855800192477,0.10352387420324494,23.9,7.731623657265092,46232653.0
6289,MMR,2003,411.498764121919,0.12030380920692707,23.8,7.610902294120415,46667192.0
6290,MMR,2004,463.330135715332,0.11863381933530448,23.7,7.6644404803460695,47068772.0
6291,MMR,2005,522.099544784661,0.11941843242412187,24.1,7.619626073540185,47438365.0
6292,MMR,2006,586.085579927418,0.11560755122274013,24.0,7.750098025903935,47785135.0
6293,MMR,2007,651.729730890268,0.10616413306787642,23.8,7.752034301545998,48125043.0
6294,MMR,2008,714.620419017338,0.09212156641903313,23.6,7.678742743660419,48390793.0
6295,MMR,2009,785.634853157894,0.09474060184107369,24.1,7.630169957222651,48660459.0
6296,MMR,2010,854.932478016035,0.08453037166371846,24.5,7.704135714183734,49024382.0
6297,MMR,2011,895.512538750361,0.04637373061979666,23.6,7.809500739414256,49419820.0
6298,MMR,2012,953.123081923425,0.062347824028183396,24.0,7.559298909687007,49837446.0
6299,MMR,2013,1024.69060473254,0.07240194957995083,23.8,7.700566782655027,50262658.0
6300,MMR,2014,1099.24387750099,0.07023184137419847,24.0,7.465140008528082,50681634.0
6301,MMR,2015,1166.73305546337,0.059585023533582415,24.0,7.618496767943033,51089056.0
6302,MMR,2016,1225.37913970989,0.04904271502374247,24.2,7.7474241122048495,51495696.0
6303,MMR,2017,1290.5640902569,0.05182910414889896,23.9,7.814722683395408,51894938.0
6304,MMR,2018,1361.5683126412,0.05355780435286395,23.7,7.670241937620695,52272247.0
6305,MMR,2019,1440.98988236734,0.05669308931817607,24.3,7.5708040117180495,52640713.0
6306,MMR,2020,1301.31386350667,-0.10195587740867484,24.1,7.646210377246624,53016522.0
6307,MMR,2021,1136.9956605414,-0.13498502015130676,24.1,7.6696352972231745,53387102.0
6308,MMR,2022,1174.76697945755,0.03268041439891878,23.9,7.6838179598693905,53756787.0
6309,MNE,1998,4680.26362026027,0.05089032651013525,9.8,7.1783166246255,607662.0
6310,MNE,1999,4251.94145360234,-0.0959787462170496,10.1,7.33719729647175,606001.0
6311,MNE,2000,4391.36753581801,0.03226499891175649,10.7,7.013555697868348,604950.0
6312,MNE,2001,4421.83790075206,0.0069147341591602185,9.9,7.143617602704121,607389.0
6313,MNE,2002,4488.00506787032,0.014852873111934173,10.6,7.199304862960407,609828.0
6314,MNE,2003,4581.10485010973,0.02053190525797355,10.0,7.012925776587677,612267.0
6315,MNE,2004,4775.39661599401,0.04153682874212983,9.6,7.354170373419255,613353.0
6316,MNE,2005,4967.68285096118,0.039476472795589856,9.2,7.3409004028636105,614261.0
6317,MNE,2006,5386.53580727982,0.08094896670668383,9.9,7.095147292589197,615025.0
6318,MNE,2007,5763.03765244158,0.06756223498580027,10.7,7.185538519254671,615875.0
6319,MNE,2008,6149.68269228913,0.0649357798250847,10.6,7.201394571908045,616969.0
6320,MNE,2009,5768.65438505628,-0.06396164124410397,10.6,7.3474929810323975,618294.0
6321,MNE,2010,5917.91510729977,0.025545364552224115,9.7,7.5360438871935855,619428.0
6322,MNE,2011,6110.65726880215,0.0320501309876029,10.3,6.832061434612937,620345.0
6323,MNE,2012,5948.37632539014,-0.02691604420516569,10.6,7.1252830915107115,621418.0
6324,MNE,2013,6138.24865275199,0.03142116993527111,10.5,7.346139233847411,622587.0
6325,MNE,2014,6272.08821761355,0.021569882494009818,11.1,7.4559344892894766,623744.0
6326,MNE,2015,6421.00005731419,0.02346452948049027,11.0,7.120282677833157,624651.0
6327,MNE,2016,6634.38197201003,0.03269163906272787,10.6,7.2875606403097235,625353.0
6328,MNE,2017,6840.90834101224,0.030655004410443,10.6,7.073947453846208,625982.0
6329,MNE,2018,7159.46778433252,0.045515125201539774,11.3,7.1223019830708285,626438.0
6330,MNE,2019,7470.29237568568,0.04249849195079669,11.4,7.339148009100217,626753.0
6331,MNE,2020,6351.95187949313,-0.1621719900938814,11.0,7.109470882882726,626590.0
6332,MNE,2021,7198.3012265441,0.12508290915625508,10.4,7.248077238758097,625053.0
6333,MNE,2022,7773.59958791074,0.07688826710586483,11.3,7.012205380338601,623591.0
6334,MNG,1982,1507.62165500664,0.056027365524725425,0.3,5.402677381872279,1785364.0
6335,MNG,1983,1557.43150759483,0.0325046486487226,-0.3,5.501258210544727,1829092.0
6336,MNG,1984,1610.00431155079,0.03319886212420631,-1.4,5.611667185748395,1874349.0
6337,MNG,1985,1660.20538347139,0.030704462723269543,-1.1,5.4823042026610525,1921514.0
6338,MNG,1986,1770.29035350291,0.06420225496155307,-0.4,5.545177444479562,1970965.0
6339,MNG,1987,1784.58513378493,0.008042395511218103,-0.4,5.540478923698008,2022800.0
6340,MNG,1988,1827.38968091372,0.02370257452792135,-0.2,5.5020742040620565,2076322.0
6341,MNG,1989,1860.84571911275,0.018142527382405405,0.6,5.43153621033426,2124185.0
6342,MNG,1990,1823.45623781461,-0.020297340107268802,0.6,5.714392653768217,2098710.0
6343,MNG,1991,1613.69985423318,-0.12220414333938123,-0.2,5.575570243509278,2165342.0
6344,MNG,1992,1462.6746723198,-0.09826286157734554,0.1,5.465102184192863,2167790.0
6345,MNG,1993,1418.0656069858,-0.030973032749534113,-0.3,5.69204721843778,2165130.0
6346,MNG,1994,1432.28072706305,0.009974393469796894,0.6,5.715052066914432,2189395.0
6347,MNG,1995,1499.26495210763,0.04570686829775639,0.9,5.420977379283924,2224945.0
6348,MNG,1996,1509.32921132514,0.0066903651415133325,-0.1,5.441118165179708,2259507.0
6349,MNG,1997,1546.08098489924,0.02405801108204475,0.9,5.454466049037968,2291750.0
6350,MNG,1998,1575.67716165836,0.018961791489674695,1.6,5.665734407018671,2323809.0
6351,MNG,1999,1601.31353865438,0.016139130311756844,1.1,5.43153621033426,2356813.0
6352,MNG,2000,1598.31282040605,-0.0018756684633363108,0.2,5.439382806826639,2388299.0
6353,MNG,2001,1625.46152259484,0.01684320372521597,0.8,5.378975269565491,2417751.0
6354,MNG,2002,1680.65335337555,0.033390829269721145,1.3,5.308267697401205,2449027.0
6355,MNG,2003,1775.64906676137,0.05498340886911279,0.3,5.607638614103299,2480374.0
6356,MNG,2004,1942.36263694017,0.08973905868461962,1.2,5.2332453698043215,2508412.0
6357,MNG,2005,2060.26168223171,0.05892791875804715,-0.2,5.330300412401088,2536407.0
6358,MNG,2006,2209.74321787628,0.07004331282935095,1.0,5.312713246831769,2567168.0
6359,MNG,2007,2403.72416258662,0.08414295129641047,2.3,5.305789381386738,2601850.0
6360,MNG,2008,2576.71295838607,0.06949527043912251,1.2,5.453182077108952,2643201.0
6361,MNG,2009,2498.72967493254,-0.03073206680292806,0.5,5.37989735354046,2691115.0
6362,MNG,2010,2611.67326563924,0.0442086411598126,-0.6,5.461710913456472,2738622.0
6363,MNG,2011,3010.81642672623,0.14222016623223066,-0.1,5.41565585896527,2786317.0
6364,MNG,2012,3318.16496597089,0.0972006289312759,-0.7,5.635146682266063,2839705.0
6365,MNG,2013,3628.90708069575,0.08951961421634813,0.9,5.666426688112432,2899011.0
6366,MNG,2014,3830.35892049593,0.0540269884799649,1.2,5.442417710521793,2963113.0
6367,MNG,2015,3838.92126989984,0.0022328961125097635,1.6,5.323497665078335,3026864.0
6368,MNG,2016,3817.91962716702,-0.0054857337856368815,0.7,5.637286483367837,3088856.0
6369,MNG,2017,3956.2049437134,0.03557954415878939,1.8,5.277604324950495,3148917.0
6370,MNG,2018,4183.85566447661,0.05594801093891277,1.1,5.643324505619087,3208189.0
6371,MNG,2019,4337.8167085432,0.03613792983668063,1.3,5.476463551931511,3267673.0
6372,MNG,2020,4066.03410882791,-0.06470305502336693,1.3,5.641552398120067,3327204.0
6373,MNG,2021,4063.53669849245,-0.0006144015405524783,1.8,5.694405312843604,3383741.0
6374,MNG,2022,4205.88554513551,0.034431162204397125,0.9,5.333684510385328,3433748.0
6375,MOZ,1981,258.850606099762,0.028539545998410354,23.5,6.882745115977969,11568127.0
6376,MOZ,1982,235.767482817497,-0.09340500779812988,23.8,6.8995214740550335,11824370.0
6377,MOZ,1983,194.645654684469,-0.1916653269869979,24.7,6.748055900224462,12073822.0
6378,MOZ,1984,178.41568638255,-0.08706460563588614,24.1,6.9678150354098,12315954.0
6379,MOZ,1985,176.854086200431,-0.008791123590161654,23.9,7.018401799069201,12548949.0
6380,MOZ,1986,169.787799695594,-0.04077560057488938,23.9,6.968474014016842,12770578.0
6381,MOZ,1987,193.956902454941,0.1330865618210213,24.5,6.681231019508449,12822574.0
6382,MOZ,1988,210.222304910608,0.0805295835237807,24.1,6.873267348523464,12800558.0
6383,MOZ,1989,222.043123475899,0.05470604728613537,23.9,7.062448668658617,12906842.0
6384,MOZ,1990,221.048981086396,-0.004487302063960641,24.3,6.712591614174885,13094537.0
6385,MOZ,1991,227.4627362365,0.02860211737652385,24.3,6.9018378052181,13352090.0
6386,MOZ,1992,206.194607588583,-0.09816600833608291,24.8,6.539874931201244,13613316.0
6387,MOZ,1993,221.624579964898,0.07216444926499932,24.5,6.897906942927323,14051192.0
6388,MOZ,1994,220.478583291331,-0.005184306901923286,24.2,6.723592027308811,15033853.0
6389,MOZ,1995,212.086249862904,-0.03880753132776782,24.7,6.740519359606223,15960530.0
6390,MOZ,1996,227.198486695187,0.06883099524078329,24.2,6.955211220138432,16492480.0
6391,MOZ,1997,247.184945629196,0.08431279801859226,24.3,7.048733872241709,16949982.0
6392,MOZ,1998,266.672705397492,0.07588525981319982,24.8,6.879252918509425,17340464.0
6393,MOZ,1999,291.560018665606,0.0892237965497733,24.2,7.0430725759297665,17734506.0
6394,MOZ,2000,287.390630344484,-0.014403508866076997,24.1,7.0948155901232655,18129653.0
6395,MOZ,2001,317.185703581034,0.09864504639957072,24.4,7.0453409419347,18537729.0
6396,MOZ,2002,340.13537022259,0.06985626801665745,24.5,6.767688290085019,18958338.0
6397,MOZ,2003,356.521157404125,0.04704989956656913,24.6,6.840974245291786,19392475.0
6398,MOZ,2004,377.064958084878,0.05602388956752247,24.5,6.995033287089198,19840313.0
6399,MOZ,2005,391.699758163976,0.03807814805243215,25.1,6.720461380561624,20304569.0
6400,MOZ,2006,420.526462764726,0.07101178582646028,24.5,6.823830044044376,20787087.0
6401,MOZ,2007,442.049574057751,0.04991462519318102,24.6,6.898512697615204,21287635.0
6402,MOZ,2008,460.94729485679,0.041861674311159724,24.5,6.882540029841073,21819036.0
6403,MOZ,2009,475.788178051193,0.031689042492319075,24.6,6.8128949979581765,22391745.0
6404,MOZ,2010,494.162859074785,0.03789238600418443,24.9,6.824591037721368,22999235.0
6405,MOZ,2011,514.869957191994,0.04104922137306666,24.4,6.909553660923517,23649039.0
6406,MOZ,2012,540.2945177803,0.04820003570601816,24.6,6.865473886725531,24337846.0
6407,MOZ,2013,559.393953685688,0.03473957796214133,24.4,6.92195399838195,25051611.0
6408,MOZ,2014,585.266716133984,0.045213696205991916,24.5,6.8766773234112755,25788475.0
6409,MOZ,2015,610.563774706589,0.042315082823743744,24.9,6.787506706385962,26547572.0
6410,MOZ,2016,620.779714954555,0.016593541513318932,24.8,6.74547161592469,27337105.0
6411,MOZ,2017,618.397694360334,-0.00384452381110556,24.6,7.051336007459661,28166393.0
6412,MOZ,2018,621.153734194787,0.004446841514676336,24.7,6.933130585313365,29018644.0
6413,MOZ,2019,617.13932000195,-0.006483809697521714,24.9,7.0327125183865205,29884380.0
6414,MOZ,2020,591.804059985932,-0.04191920034347074,24.8,6.751335359710835,30783688.0
6415,MOZ,2021,588.215854695416,-0.006081619988515641,24.7,6.763538428221728,31707800.0
6416,MOZ,2022,596.086630918965,0.013292030037267644,24.6,7.051769039121042,32656246.0
6417,MRT,1962,1236.95982795432,-0.01959828784881701,28.1,4.836281906951478,869184.0
6418,MRT,1963,1179.52783787123,-0.04754239649853176,28.1,4.757032535297338,893423.0
6419,MRT,1964,1464.30309455243,0.21626520490512124,28.1,4.873669439023098,918955.0
6420,MRT,1965,1652.28152089762,0.12077764683681025,27.7,5.040841136153322,945838.0
6421,MRT,1966,1607.95446851145,-0.027194217992364322,28.2,4.876722876509988,974157.0
6422,MRT,1967,1616.06513617056,0.005031411569285993,27.6,4.9883896851489355,1003843.0
6423,MRT,1968,1727.67246895311,0.0667808426634906,27.9,4.520701029361642,1034739.0
6424,MRT,1969,1696.74542321005,-0.018063149774381948,28.5,5.067645548813036,1066754.0
6425,MRT,1970,1843.01278195638,0.0826896548593874,28.5,4.641502115235482,1099806.0
6426,MRT,1971,1820.85858753104,-0.012093472831648633,27.6,4.443827035579329,1133702.0
6427,MRT,1972,1753.90315828703,-0.037464460736940985,27.7,4.275276264727001,1168355.0
6428,MRT,1973,1624.16498937737,-0.07684984947942741,28.2,4.417635062141249,1203838.0
6429,MRT,1974,1768.31152944707,0.08503132210834785,27.5,4.6709579265260945,1240188.0
6430,MRT,1975,1628.74113850579,-0.08221774436135298,27.7,4.6913478822291435,1277330.0
6431,MRT,1976,1716.85143331303,0.05268464250155436,27.4,4.751000634199631,1315336.0
6432,MRT,1977,1636.77484526533,-0.047764303414386866,28.3,4.183575695950044,1353768.0
6433,MRT,1978,1582.97502208818,-0.03342174592820513,28.3,4.706823839714591,1392713.0
6434,MRT,1979,1612.4373704665,0.01844092698345179,28.5,4.601162164590552,1432758.0
6435,MRT,1980,1620.11239670427,0.004748598606490795,28.4,4.450852825603734,1474043.0
6436,MRT,1981,1628.68327788979,0.005276355873612637,28.4,4.590056548178043,1516877.0
6437,MRT,1982,1545.44016401408,-0.05246311781622648,28.0,4.2456340097683265,1561176.0
6438,MRT,1983,1557.69912823136,0.007901049122489567,28.9,3.9852734671677386,1606746.0
6439,MRT,1984,1464.6394547048,-0.06160070852265953,28.3,4.215086179918229,1653693.0
6440,MRT,1985,1465.59471892512,0.0006520054013137155,28.2,4.4942386252808095,1702107.0
6441,MRT,1986,1505.35291589832,0.026766254746799056,27.9,4.564348191467836,1751835.0
6442,MRT,1987,1490.41855725381,-0.009970374906658641,29.1,4.461299815568389,1803014.0
6443,MRT,1988,1472.89036624524,-0.011830285597214996,28.3,4.620058798481842,1855859.0
6444,MRT,1989,1504.99148381034,0.021560533766379564,28.3,4.736198448394496,1903048.0
6445,MRT,1990,1441.35013214637,-0.043206973495442114,28.7,4.3054155323020415,1951878.0
6446,MRT,1991,1424.8845274987,-0.011489488988615904,28.3,4.3528552573736015,2009738.0
6447,MRT,1992,1397.09016927143,-0.01969915397807931,28.2,4.430816798843313,2088135.0
6448,MRT,1993,1420.51487247759,0.016627769021573258,28.4,4.611152257665639,2174328.0
6449,MRT,1994,1331.04721876353,-0.06505337720685311,28.0,4.657762636107262,2249454.0
6450,MRT,1995,1422.1984656624,0.0662378746790857,28.5,4.715816706075155,2312017.0
6451,MRT,1996,1475.48821595821,0.03678503927665311,28.7,4.45898767581001,2358188.0
6452,MRT,1997,1384.62072172965,-0.06356267388564518,28.8,4.571613402459248,2411306.0
6453,MRT,1998,1386.65535143801,0.0014683705413789383,29.1,4.653007515402251,2474651.0
6454,MRT,1999,1399.6677525752,0.009340263316216735,28.3,4.814620410170298,2541698.0
6455,MRT,2000,1307.91078676112,-0.06780384399855954,28.5,4.638604962074329,2613441.0
6456,MRT,2001,1265.81694335882,-0.03271332610487043,29.0,4.581901559048737,2678760.0
6457,MRT,2002,1255.23785465583,-0.008392638515679174,28.9,4.507557357121091,2738655.0
6458,MRT,2003,1311.83928290699,0.04410510498591336,28.8,4.876722876509988,2802046.0
6459,MRT,2004,1342.01926086998,0.02274520557450277,28.9,4.576770711466393,2868664.0
6460,MRT,2005,1422.08355395812,0.05794769690398471,29.0,4.829113417472866,2939059.0
6461,MRT,2006,1641.14052210995,0.1432683527278824,28.8,4.604169685654508,3013660.0
6462,MRT,2007,1567.52103874761,-0.045896025157072806,28.8,4.579852378003801,3093059.0
6463,MRT,2008,1518.05671993749,-0.03206437209532709,28.8,4.808111029984782,3183269.0
6464,MRT,2009,1472.73229282851,-0.030311665043219804,28.9,4.745801315727837,3284448.0
6465,MRT,2010,1463.84763242531,-0.006051044234279601,29.4,4.976733742420574,3390965.0
6466,MRT,2011,1476.23923867862,0.008429464958821242,28.9,4.547541073151455,3502811.0
6467,MRT,2012,1492.69966692583,0.011088538652243685,28.6,4.796616650559047,3619034.0
6468,MRT,2013,1506.66419033006,0.009311724066776605,29.0,4.784152841516532,3734318.0
6469,MRT,2014,1524.45340969502,0.011737864351065497,28.7,4.620058798481842,3848514.0
6470,MRT,2015,1558.84205473416,0.022307347094925767,29.0,4.804021044733257,3965959.0
6471,MRT,2016,1531.87725661699,-0.017449324627486718,29.0,4.653007515402251,4086657.0
6472,MRT,2017,1580.01453100123,0.03094009542586562,29.0,4.532599493153256,4210600.0
6473,MRT,2018,1606.91539159026,0.016882391623794568,28.5,4.677490847567717,4337685.0
6474,MRT,2019,1609.15396170643,0.0013921157983745047,28.4,4.633757642840004,4467708.0
6475,MRT,2020,1557.19511875153,-0.03282234913741622,29.1,4.8064770426931265,4600131.0
6476,MRT,2021,1524.11753502309,-0.02147062510834541,29.1,4.704110133842995,4734874.0
6477,MRT,2022,1580.70391528747,0.03645468682160047,28.9,4.890349128221754,4875637.0
6478,MUS,1961,1742.63480195363,0.20516057637649165,23.55,7.43014379411258,680757.0
6479,MUS,1962,1707.54621113579,-0.020340846176946314,22.799999999999997,7.5491090401128496,700349.0
6480,MUS,1963,1894.71941801169,0.10401338747868749,22.700000000000003,7.179003044970493,718861.0
6481,MUS,1964,1722.20936224283,-0.09546278372170569,22.65,7.275449289403303,736381.0
6482,MUS,1965,1738.04305900988,0.009151822094463746,22.65,7.607381425639791,753000.0
6483,MUS,1966,1641.55350395725,-0.05711674959035218,23.05,7.126730153424127,768813.0
6484,MUS,1967,1680.50632491575,0.023452079906186363,23.25,7.395445327345971,783917.0
6485,MUS,1968,1536.31604673067,-0.08970775873643255,22.700000000000003,7.489495925717731,798413.0
6486,MUS,1969,1584.33693797369,0.03077861098902268,23.55,7.225554250337729,812405.0
6487,MUS,1970,1551.99104056835,-0.02062733522448923,23.35,7.40400519129574,826000.0
6488,MUS,1971,1592.80449380777,0.02595764617499885,22.9,7.153168998942075,839230.0
6489,MUS,1972,1699.77405725823,0.06499903964433607,23.35,7.811021559733539,852053.0
6490,MUS,1973,1875.33814414293,0.09829365197130002,23.25,7.531579176332332,864819.0
6491,MUS,1974,2009.85912772063,0.06927564719840884,22.65,7.171464792043008,878042.0
6492,MUS,1975,1996.33505876265,-0.006751604990688165,23.15,7.101511213401754,892000.0
6493,MUS,1976,2430.977340475,0.19698034530592068,23.45,7.36928561102325,906507.0
6494,MUS,1977,2548.34082885788,0.047149117833458654,23.75,7.344622150229833,921379.0
6495,MUS,1978,2611.60920494252,0.024524092908905004,23.45,7.153090757802844,933499.0
6496,MUS,1979,2656.80288459484,0.017156891858781442,23.45,7.58289122674023,949888.0
6497,MUS,1980,2349.54562004964,-0.12290152052954717,23.45,7.712399110555758,966039.0
6498,MUS,1981,2451.15829590895,0.04233873038411584,23.45,7.2874580358668615,980462.0
6499,MUS,1982,2554.48197864308,0.04128876833991324,23.35,7.844240718141811,992521.0
6500,MUS,1983,2540.81115429982,-0.005366072879631645,23.25,7.074582414817443,1001691.0
6501,MUS,1984,2632.51467939892,0.03545615909539457,22.95,7.195524847606016,1012221.0
6502,MUS,1985,2792.67361590261,0.059059881010462334,23.1,7.483413130749615,1020528.0
6503,MUS,1986,3041.39574405614,0.08531711414531884,23.25,7.334198793475493,1028360.0
6504,MUS,1987,3287.12429156682,0.07769657065278857,23.75,7.7284157798410416,1036082.0
6505,MUS,1988,3486.28192093578,0.058822709117016814,23.6,7.187316970201146,1043239.0
6506,MUS,1989,3614.16190844956,0.03602417535634039,23.25,7.43487739071502,1051260.0
6507,MUS,1990,3846.40593009531,0.062279196131331815,23.25,7.093446153245695,1058775.0
6508,MUS,1991,3973.88222302181,0.03260431916253026,23.65,7.218726540661867,1070266.0
6509,MUS,1992,4177.36265335488,0.04993659642800452,23.200000000000003,7.106811034767257,1084441.0
6510,MUS,1993,4337.92493399566,0.037716004732118336,23.299999999999997,7.4980942395604,1097374.0
6511,MUS,1994,4454.5426070274,0.026528278107033287,23.5,7.369789738578196,1112846.0
6512,MUS,1995,4605.76436655081,0.033384256081451014,23.35,7.486641339653038,1122457.0
6513,MUS,1996,4813.64243758838,0.044145418915441326,23.15,7.2212878300240275,1133996.0
6514,MUS,1997,5024.11496458349,0.042795250911810356,23.45,7.364926929412494,1148284.0
6515,MUS,1998,5273.4376456861,0.04843314259730569,23.75,7.403761637849777,1160421.0
6516,MUS,1999,5342.7700968418,0.013061808618186177,23.4,6.9007810152448,1175267.0
6517,MUS,2000,5724.49584395791,0.06901022017434322,23.299999999999997,7.182731978936364,1186873.0
6518,MUS,2001,5869.56961565396,0.025026828470794626,23.75,7.109552612276748,1196287.0
6519,MUS,2002,5923.09482066607,0.00907777421583944,23.75,7.326531401149974,1204621.0
6520,MUS,2003,6228.82545560651,0.050328698566556085,23.9,7.46132425028696,1213370.0
6521,MUS,2004,6457.90977761094,0.03611791697409039,23.75,7.363691677058103,1221003.0
6522,MUS,2005,6533.89994300683,0.011698298179192435,23.6,7.542107413031577,1228254.0
6523,MUS,2006,6819.92708580325,0.0428447807887089,23.8,7.448333860897476,1233996.0
6524,MUS,2007,7180.23173197486,0.051482876620601914,23.9,7.298681879969179,1239630.0
6525,MUS,2008,7545.15683789094,0.049574221812950015,23.8,7.387245022438274,1244121.0
6526,MUS,2009,7778.25811331163,0.03042654123143329,24.3,7.338628191024834,1247429.0
6527,MUS,2010,8100.95282599507,0.04064926736708152,24.3,7.420997979263733,1250400.0
6528,MUS,2011,8423.28220250903,0.03901787497308895,24.25,7.287834200699885,1252404.0
6529,MUS,2012,8694.84560747968,0.03173082860484655,24.15,7.297802134361921,1255882.0
6530,MUS,2013,8968.51243536773,0.030989433389430943,24.1,7.300000048919446,1258927.0
6531,MUS,2014,9297.64820128968,0.036041662031060184,24.5,7.270104096016674,1261208.0
6532,MUS,2015,9630.5437837507,0.03517820529747695,24.45,7.4620713338226565,1262879.0
6533,MUS,2016,9997.89198315532,0.03743457719278531,24.2,7.118583304573698,1263747.0
6534,MUS,2017,10383.8832682578,0.03788064931017132,24.65,7.257531481229713,1264887.0
6535,MUS,2018,10805.4615213739,0.039796784334386714,24.4,7.693458851149786,1265577.0
6536,MUS,2019,11111.3423669526,0.02791471872868101,24.75,7.432187906154344,1265985.0
6537,MUS,2020,9533.5982796049,-0.15314420112255256,24.1,7.148974477023577,1266014.0
6538,MUS,2021,9849.34891121846,0.03258313227689236,24.25,7.258588191437236,1266334.0
6539,MUS,2022,10703.2364271462,0.08314081294447284,23.85,7.262418200159916,1262523.0
6540,MWI,1961,273.671621408503,0.049814460946202566,22.3,7.265080011762366,3715534.0
6541,MWI,1962,268.930590447321,-0.017475607415410543,22.0,7.211113830818926,3806307.0
6542,MWI,1963,258.785106001313,-0.038455307486092494,21.6,7.268780745658128,3900506.0
6543,MWI,1964,259.238122939762,0.0017490221620359847,21.8,6.865578200082951,3997305.0
6544,MWI,1965,287.429237122103,0.10322966528687072,21.6,7.0986235417445585,4096157.0
6545,MWI,1966,317.619584182681,0.09987769232279131,22.3,6.951867853600458,4197926.0
6546,MWI,1967,332.425655375486,0.04556185172401861,22.1,7.140056768081112,4303012.0
6547,MWI,1968,318.047172486263,-0.044216529309131225,22.0,7.084896775734549,4411054.0
6548,MWI,1969,328.552929300512,0.03249823621754011,22.4,7.099119163760321,4521184.0
6549,MWI,1970,322.094520458592,-0.019852904881712874,22.4,7.09115958272733,4633944.0
6550,MWI,1971,365.077375924135,0.12526427568296672,22.0,7.0587581525186645,4751434.0
6551,MWI,1972,378.037141418137,0.03488312856327269,22.1,7.04009846596985,4874475.0
6552,MWI,1973,376.728815500011,-0.003466842182084484,22.2,6.8988154374126625,5003938.0
6553,MWI,1974,392.972432824442,0.04221385759360263,21.6,7.306934002447593,5141337.0
6554,MWI,1975,405.377974102106,0.03108043734527577,21.9,6.968191647785968,5287367.0
6555,MWI,1976,413.438148179235,0.01968802081916099,21.9,7.2525499308901535,5443384.0
6556,MWI,1977,420.514723667702,0.016971571379038153,22.5,7.033330101890203,5614983.0
6557,MWI,1978,445.993639511543,0.058825197265944595,22.1,7.293561749427117,5810132.0
6558,MWI,1979,448.71641753731,0.0060864106972227106,22.2,7.1474805898880245,6028749.0
6559,MWI,1980,433.515183153301,-0.03446428124837464,22.1,7.182656017069185,6265529.0
6560,MWI,1981,394.77170082524,-0.0936191949660925,21.9,6.937993462042747,6516454.0
6561,MWI,1982,388.989575970974,-0.01475507894663064,22.1,7.173421777376237,6778879.0
6562,MWI,1983,387.845329799767,-0.0029459206588944298,23.1,6.909952862525624,7051709.0
6563,MWI,1984,392.970121764045,0.013126957322726618,22.5,7.099366882683184,7332810.0
6564,MWI,1985,395.418720697156,0.006211672906742294,22.1,7.166960713441369,7620508.0
6565,MWI,1986,380.298046902206,-0.03898997659571979,22.1,7.1780877130988054,7906480.0
6566,MWI,1987,368.458072161033,-0.03162835384144991,22.9,6.814542897259958,8293174.0
6567,MWI,1988,360.182864554351,-0.022715065823979863,22.5,7.093155425385689,8753262.0
6568,MWI,1989,348.201112852441,-0.033831636235007956,22.1,7.315883504509785,9176220.0
6569,MWI,1990,353.771303717595,0.015870446323347664,22.7,6.811244378601294,9545852.0
6570,MWI,1991,372.997561772469,0.052921213152037794,22.5,7.047343293189191,9844227.0
6571,MWI,1992,335.726543539643,-0.10527491273182132,23.1,6.647299192783947,10135079.0
6572,MWI,1993,362.930995399017,0.07791575078733537,22.6,6.9539707027791,10284024.0
6573,MWI,1994,329.584099900642,-0.09638116459594315,22.7,6.773423566186845,10164894.0
6574,MWI,1995,385.279714072363,0.15613804427168,23.1,6.893656354602635,10150117.0
6575,MWI,1996,405.397063690478,0.05089739044760577,22.6,7.105950184932382,10352228.0
6576,MWI,1997,412.4131068375,0.017158542495704587,22.7,7.13934307707901,10562035.0
6577,MWI,1998,419.313245170577,0.016592708952191337,23.0,6.811244378601294,10792876.0
6578,MWI,1999,422.099909963762,0.006623797036791501,22.4,7.1925582106830745,11047804.0
6579,MWI,2000,418.592985038462,-0.008342987761358778,22.4,7.100274660752538,11315942.0
6580,MWI,2001,388.260039763569,-0.0752237310095829,22.7,7.107261660530193,11593058.0
6581,MWI,2002,385.308980237095,-0.007629762221760039,22.9,6.9708239704491195,11880440.0
6582,MWI,2003,397.224846758815,0.030456926504788484,22.9,6.969414659368865,12181574.0
6583,MWI,2004,408.064916052765,0.026923784725244815,22.8,7.112408940982502,12500737.0
6584,MWI,2005,410.267979592536,0.005384285231164299,23.6,6.861501894464675,12840031.0
6585,MWI,2006,417.877689776503,0.01837822656498389,22.8,6.9659298430332095,13198701.0
6586,MWI,2007,445.254305419586,0.06345681027437333,22.9,7.06527171685712,13576343.0
6587,MWI,2008,465.55147298007,0.04457707449547854,22.7,7.043945633432402,13976417.0
6588,MWI,2009,489.631418790158,0.05043023521838297,22.7,7.06373286043649,14395788.0
6589,MWI,2010,508.088650552846,0.03700303981118225,23.2,6.884486652042782,14826463.0
6590,MWI,2011,517.833736624232,0.018998277653268225,22.6,7.11175678476798,15265022.0
6591,MWI,2012,512.74031797451,-0.009884704740970918,22.7,6.990992877552193,15709577.0
6592,MWI,2013,525.357645516557,0.024309745987286746,22.6,6.999148707411348,16161816.0
6593,MWI,2014,539.562601918057,0.026679554670458572,22.7,6.966778619431598,16621538.0
6594,MWI,2015,539.605363240686,7.924868793729445e-05,23.0,6.880281301981382,17085587.0
6595,MWI,2016,538.221990810959,-0.0025669661920337816,23.0,6.950239890588293,17557739.0
6596,MWI,2017,544.795729220349,0.012139818253073642,22.8,7.130738817494981,18039715.0
6597,MWI,2018,553.528790902088,0.015902851244288918,22.8,7.132497551660044,18528081.0
6598,MWI,2019,569.866249371948,0.02908791619010387,23.0,7.306665618119627,19025752.0
6599,MWI,2020,559.447086086067,-0.01845273336236808,23.0,7.032359442206668,19533888.0
6600,MWI,2021,569.968967322435,0.01863296634562861,22.9,6.742880635791903,20047258.0
6601,MWI,2022,560.635759714941,-0.016510491067003308,22.7,7.170580975435051,20568728.0
6602,MYS,1961,1327.77650865403,0.04739443422565959,25.8,7.90041428374744,8164443.0
6603,MYS,1962,1376.65800987085,0.036153084840226946,25.7,8.008099400495006,8380172.0
6604,MYS,1963,1439.55490061108,0.04467513895413333,25.7,7.913045410418873,8602160.0
6605,MYS,1964,1477.83156448895,0.026241885241943486,25.8,7.918592262578212,8828406.0
6606,MYS,1965,1551.33616738207,0.048540748805649514,25.6,7.973844375944687,9056408.0
6607,MYS,1966,1631.47589814079,0.0503684610626669,25.9,8.064950891749143,9284688.0
6608,MYS,1967,1654.76507573676,0.014173986438069441,25.7,7.986096830807887,9507099.0
6609,MYS,1968,1746.69654709275,0.05406726607456935,25.7,7.899376093072062,9725281.0
6610,MYS,1969,1791.13966548692,0.02512578525187248,25.9,7.945094819178434,9947597.0
6611,MYS,1970,1855.24673850886,0.0351655980026786,25.9,7.984428660131493,10178802.0
6612,MYS,1971,1993.49999498673,0.07187418543722757,25.7,7.974567255100449,10423453.0
6613,MYS,1972,2128.90738683232,0.06571699885737559,26.1,7.794328796068143,10676835.0
6614,MYS,1973,2321.73809965247,0.08670720188515091,26.2,8.026888890870994,10935621.0
6615,MYS,1974,2455.31271360892,0.055938045319678054,25.8,7.910003499367163,11200906.0
6616,MYS,1975,2416.5134488266,-0.015928353683635876,25.8,7.997629501706961,11471914.0
6617,MYS,1976,2632.12032089303,0.08546394934016721,25.6,7.850103545175582,11750097.0
6618,MYS,1977,2768.88534365126,0.05065510915624216,25.9,7.926458184421945,12035713.0
6619,MYS,1978,2883.07107029481,0.040411233660024415,26.0,7.814157278105922,12328157.0
6620,MYS,1979,3077.7893337814,0.06535552064877503,26.1,7.90318985313288,12627862.0
6621,MYS,1980,3216.28778690077,0.04401624278145455,26.0,7.9974277260807725,12983363.0
6622,MYS,1981,3332.82000559163,0.035590960854769094,26.1,7.951629751210913,13399203.0
6623,MYS,1982,3420.21717115114,0.02588525525057861,26.1,7.827400378668866,13832798.0
6624,MYS,1983,3518.79492112604,0.02841452964632296,26.5,7.861688556280803,14285907.0
6625,MYS,1984,3670.36601236602,0.04217280894224018,25.8,8.08468571219619,14759009.0
6626,MYS,1985,3515.25505625205,-0.04317930311962215,26.0,7.925482838909783,15252258.0
6627,MYS,1986,3444.11713819558,-0.020444486624993985,26.0,7.898076837177208,15760419.0
6628,MYS,1987,3508.00948571695,0.018381180291505927,26.4,7.8589110981823715,16276737.0
6629,MYS,1988,3737.26006906652,0.06330396255819792,26.3,8.077012407219579,16796605.0
6630,MYS,1989,3953.81471255834,0.05632812180258462,26.1,7.878155336503324,17314997.0
6631,MYS,1990,4184.76072928976,0.05676866600823338,26.4,7.766501640191648,17833171.0
6632,MYS,1991,4456.93133148159,0.063010958054047,26.4,7.864919204065872,18342464.0
6633,MYS,1992,4726.13789172987,0.05864786864531979,26.3,7.7774574214417,18834572.0
6634,MYS,1993,5062.5911043705,0.06877007259688916,26.3,7.921680759483053,19322664.0
6635,MYS,1994,5390.10167606966,0.06268582038203263,26.3,7.967037515186307,19820446.0
6636,MYS,1995,5771.35211956083,0.06834214063550448,26.4,8.04757348846137,20330599.0
6637,MYS,1996,6190.46429134886,0.0701037013502841,26.3,8.049746290952191,20850087.0
6638,MYS,1997,6480.55649455855,0.04579629490311987,26.6,7.80990651770257,21375218.0
6639,MYS,1998,5857.96702940857,-0.10100376537871902,27.0,7.862728117448636,21906713.0
6640,MYS,1999,6070.95621987091,0.035713504680476404,26.3,8.12340958808191,22435531.0
6641,MYS,2000,6455.61419792583,0.06143404572796918,26.5,8.07539599406067,22967816.0
6642,MYS,2001,6334.92795651698,-0.018871729082082567,26.6,7.982074875081202,23526538.0
6643,MYS,2002,6516.90671560155,0.02832139182416782,26.8,7.847645343106617,24102477.0
6644,MYS,2003,6732.92049458099,0.03260916793483659,26.6,8.01984303105167,24679602.0
6645,MYS,2004,7025.34558004381,0.042515405725319866,26.5,7.901858541224401,25256772.0
6646,MYS,2005,7234.02442689141,0.02927110330390903,26.6,7.9195379923155125,25836071.0
6647,MYS,2006,7469.8106921211,0.03207414620081295,26.5,8.032230227175974,26417909.0
6648,MYS,2007,7769.59693350488,0.039348631920820054,26.4,8.062905418610505,26998389.0
6649,MYS,2008,7976.11785374773,0.026233520272757715,26.2,8.16174606482976,27570059.0
6650,MYS,2009,7700.46111294033,-0.035171596732917365,26.5,8.11605869266852,28124778.0
6651,MYS,2010,8118.92270511981,0.052917261724571674,26.7,8.01948120679563,28655776.0
6652,MYS,2011,8400.32248683558,0.034072622813658526,26.4,8.133470005426476,29162039.0
6653,MYS,2012,8710.52671359902,0.03626216491836409,26.6,8.061360675944286,29662831.0
6654,MYS,2013,8964.80724896203,0.028774345110662125,26.7,8.020960569953147,30174265.0
6655,MYS,2014,9341.73055971278,0.041184913412154245,26.6,7.924217084622569,30696137.0
6656,MYS,2015,9648.6797937523,0.03232957721064089,26.8,7.860840706684769,31232798.0
6657,MYS,2016,9901.47960179812,0.025863103646269536,27.1,7.91746349154424,31789685.0
6658,MYS,2017,10293.7629205362,0.03885396942527386,26.7,8.072436167619951,32355644.0
6659,MYS,2018,10610.1950240479,0.030277163485678216,26.7,8.063598201104519,32910967.0
6660,MYS,2019,10902.9834855856,0.02722113244475466,27.0,7.84062777044797,33440596.0
6661,MYS,2020,10171.4657842762,-0.06945013813368384,26.9,8.002894878171274,33889558.0
6662,MYS,2021,10388.2667120857,0.021090640566375995,26.7,8.082803779729671,34282399.0
6663,MYS,2022,11191.6511756943,0.07449110109904566,26.5,8.14351740579748,34695493.0
6664,NAM,1981,3538.05908413962,-0.0015446324442542902,19.7,5.128121989551922,992500.0
6665,NAM,1982,3461.85974021427,-0.021772353626504426,20.1,5.591360045241914,1010308.0
6666,NAM,1983,3309.62139241894,-0.04497214194978305,20.2,5.474369310328396,1037511.0
6667,NAM,1984,3213.57377389991,-0.029450156834251118,20.3,5.423186348593906,1065989.0
6668,NAM,1985,3137.53895430851,-0.023944922960801307,20.3,5.554508771908447,1096890.0
6669,NAM,1986,3187.74903180322,0.015876314960593163,20.1,5.572534188046247,1131081.0
6670,NAM,1987,3196.99658679727,0.002896767393099964,20.4,5.4289069362516384,1167889.0
6671,NAM,1988,3111.60654486305,-0.027072635726661076,19.9,5.676411277860069,1209696.0
6672,NAM,1989,2974.56787424784,-0.045040390629938365,19.9,5.473949935191195,1288947.0
6673,NAM,1990,2857.33777498196,-0.04020843267838092,20.1,5.599532453282402,1369303.0
6674,NAM,1991,2989.40001637296,0.04518236043118229,19.9,5.738505910714586,1415684.0
6675,NAM,1992,3104.24536078011,0.03769794199344467,20.3,4.906015244966153,1461322.0
6676,NAM,1993,2959.27503800966,-0.04782632709309098,20.3,5.66953603592761,1508697.0
6677,NAM,1994,2918.37740296161,-0.01391654083353,20.1,5.420977379283924,1556304.0
6678,NAM,1995,2945.36226956201,0.009204043360647063,20.3,5.10230248262208,1602170.0
6679,NAM,1996,2958.24060697383,0.004362880806557001,19.9,5.305789381386738,1646103.0
6680,NAM,1997,3004.30804359997,0.015452571037976703,20.1,5.779508185184337,1689264.0
6681,NAM,1998,3025.32668011049,0.006971805958302824,20.4,5.171619713502079,1732745.0
6682,NAM,1999,3050.46098873323,0.008273643968310651,20.4,5.598421958998375,1776368.0
6683,NAM,2000,3083.59657884697,0.010803913089963757,20.1,5.751937516543248,1818647.0
6684,NAM,2001,3055.40444831936,-0.009184663299011575,20.1,5.665041646339771,1857048.0
6685,NAM,2002,3145.94566281247,0.029202559817482765,20.2,5.6722918075648305,1889970.0
6686,NAM,2003,3232.30589658857,0.0270812497482531,20.3,5.647917341814805,1917464.0
6687,NAM,2004,3582.89503259701,0.10297535953784731,20.5,5.654942309236727,1942082.0
6688,NAM,2005,3627.75059772278,0.012441644213364356,20.5,5.571012696691494,1966582.0
6689,NAM,2006,3834.99894666178,0.055556374001616504,20.2,6.03572063836252,1991888.0
6690,NAM,2007,3987.61796106565,0.039024890231075915,20.3,5.62003848122324,2018600.0
6691,NAM,2008,4036.38187484707,0.012154664786999447,20.4,5.641907070938114,2047056.0
6692,NAM,2009,3989.20711387651,-0.011756222344812883,20.6,5.848748244906387,2077394.0
6693,NAM,2010,4165.12990200988,0.04315497126241574,20.5,5.621125240975192,2109811.0
6694,NAM,2011,4302.72451368462,0.032500965798059056,20.3,6.202333067546579,2146325.0
6695,NAM,2012,4420.96741373862,0.027110114138761077,20.2,5.775793010632473,2194654.0
6696,NAM,2013,4549.26759093897,0.028607706954337786,20.5,5.431098477781855,2252508.0
6697,NAM,2014,4701.95694189098,0.03301254169137202,20.6,5.760792729372981,2312139.0
6698,NAM,2015,4774.10650865775,0.01522804514519116,20.9,5.394081988532416,2374300.0
6699,NAM,2016,4648.62713460213,-0.026634901681232392,20.8,5.426710581316436,2439213.0
6700,NAM,2017,4476.73324402105,-0.037678342298294254,20.3,5.670914871030584,2506853.0
6701,NAM,2018,4400.47537705743,-0.017181018509974777,20.2,5.659133722987319,2577327.0
6702,NAM,2019,4243.09274481966,-0.03642015103488205,20.6,5.642616039418714,2650494.0
6703,NAM,2020,3787.49943973286,-0.11358640138357323,20.2,5.664001604644357,2728762.0
6704,NAM,2021,3809.80753359714,0.005872648836232841,20.0,5.629058928460265,2810548.0
6705,NAM,2022,3905.55135268164,0.024820293046449393,20.1,5.627261336748458,2889662.0
6706,NER,1961,753.981029403906,0.01546702370830122,26.3,5.367376902479531,3608162.0
6707,NER,1962,807.672762509411,0.06878977184374069,27.1,5.249652194566756,3714520.0
6708,NER,1963,858.546951094184,0.06108438893324131,27.5,5.128714582161857,3823873.0
6709,NER,1964,835.221509892938,-0.02754439754775273,27.1,5.426710581316436,3935814.0
6710,NER,1965,867.904426539843,0.03838462994616432,26.9,5.217649463480582,4049695.0
6711,NER,1966,840.539531726947,-0.03203761559891927,27.1,5.174453379325651,4165544.0
6712,NER,1967,818.380472772694,-0.026716631221806786,26.9,5.240158452374504,4283590.0
6713,NER,1968,799.123593259994,-0.023811735369386078,27.2,5.053694783556702,4403637.0
6714,NER,1969,734.9092210604,-0.08376863591131034,28.1,5.043425116919247,4525725.0
6715,NER,1970,737.081602875182,0.0029516262691648976,27.2,4.963543686562405,4650275.0
6716,NER,1971,758.401953641467,0.0285149178487325,27.3,4.880526608749236,4776225.0
6717,NER,1972,700.360678791067,-0.07961806918081482,27.7,4.751864565138895,4904845.0
6718,NER,1973,565.626253176058,-0.21366192774910608,27.8,4.591071261608589,5037865.0
6719,NER,1974,598.962615904251,0.05726565531187244,27.0,5.183467524869095,5174953.0
6720,NER,1975,566.675700752682,-0.0554120015696391,27.0,5.0323967858777685,5317019.0
6721,NER,1976,555.074291271365,-0.020685220819014916,27.4,5.0369526024136295,5464962.0
6722,NER,1977,581.701168587623,0.046854896897900566,26.8,5.1101789244325175,5619716.0
6723,NER,1978,641.441821701708,0.09776162907630415,27.4,5.302309387817574,5782932.0
6724,NER,1979,667.364414151822,0.03961775586653005,27.7,5.063860055333554,5955556.0
6725,NER,1980,631.839702011287,-0.0547005188578682,27.6,5.143416405330075,6135971.0
6726,NER,1981,612.157290468376,-0.03164646585769315,27.3,4.9344739331306915,6322006.0
6727,NER,1982,607.151503137229,-0.00821090683693626,27.4,4.9104465668408235,6512732.0
6728,NER,1983,566.647875215942,-0.06904027378035771,27.3,4.73795129722191,6708644.0
6729,NER,1984,457.605845032569,-0.21372986622319523,27.8,4.341204640153626,6909971.0
6730,NER,1985,478.48763243638,0.0446221508115201,27.4,4.826712455935327,7118457.0
6731,NER,1986,493.804077148173,0.03150846952512065,27.7,5.020585624949423,7335811.0
6732,NER,1987,479.510568113117,-0.029372899615026427,27.9,4.609162207257629,7561150.0
6733,NER,1988,497.164557867416,0.036155139702133354,27.4,5.232177564043492,7793748.0
6734,NER,1989,486.865683851794,-0.020932791780436943,26.8,5.062595033026967,8034780.0
6735,NER,1990,465.923889536505,-0.04396598825140252,27.8,4.768988271217486,8286059.0
6736,NER,1991,449.719266854731,-0.03539875695727002,27.7,5.125153747538848,8546900.0
6737,NER,1992,444.632775312455,-0.011374819189652108,27.0,5.090678001769792,8817633.0
6738,NER,1993,432.184449587188,-0.0283962537077036,27.6,4.932313327320786,9100789.0
6739,NER,1994,426.267506763664,-0.013785364416182055,27.3,5.360352757467489,9398258.0
6740,NER,1995,422.523153898523,-0.008822851918291796,27.7,4.937347498326424,9714529.0
6741,NER,1996,409.039358698404,-0.032432864473044276,27.8,4.843399374720342,10044852.0
6742,NER,1997,401.724988110363,-0.018043637617926045,28.0,4.929425238670713,10383969.0
6743,NER,1998,427.086030331896,0.06121772379077495,28.1,5.177279038170981,10741413.0
6744,NER,1999,411.735699209485,-0.03660383239921394,28.0,5.321056853517526,11117411.0
6745,NER,2000,392.898616941042,-0.04683003029439803,27.4,4.9849755473156785,11509630.0
6746,NER,2001,406.923493665264,0.03507358509190084,27.7,5.006627272698717,11920647.0
6747,NER,2002,412.123793192578,0.012698581611384263,27.9,4.912654885736052,12349144.0
6748,NER,2003,406.333757497876,-0.014148888435983054,27.9,5.226284163648205,12796984.0
6749,NER,2004,393.398781453199,-0.032351076221007524,28.1,5.048573133436648,13265836.0
6750,NER,2005,407.190931059924,0.0344583850496436,28.2,5.240158452374504,13756192.0
6751,NER,2006,415.852022114801,0.02104728738464523,28.1,5.072043922224899,14268581.0
6752,NER,2007,413.419126261066,-0.005867568981624771,28.1,5.1310814471721224,14803610.0
6753,NER,2008,429.195542798877,0.03745071387038035,27.6,5.132262782217954,15361915.0
6754,NER,2009,421.650901333136,-0.017734902146063547,28.7,5.006627272698717,15943675.0
6755,NER,2010,441.079166112039,0.04504665067744629,28.8,5.141078590121546,16548835.0
6756,NER,2011,434.986264873953,-0.013909918741466853,28.3,4.9849755473156785,17176283.0
6757,NER,2012,463.066265496402,0.06255571027994478,28.1,5.295814236329918,17836769.0
6758,NER,2013,469.690214200878,0.014203192800606779,28.2,5.136974216139274,18519898.0
6759,NER,2014,482.74524741946,0.02741571778491725,28.3,5.042133961155627,19215909.0
6760,NER,2015,485.662574175279,0.00602501449465187,27.8,5.1298987149230735,19939498.0
6761,NER,2016,488.184823801581,0.005179980500705561,28.4,5.220896219579452,20685753.0
6762,NER,2017,497.172608329608,0.01824319481516845,27.9,5.076423034634259,21435446.0
6763,NER,2018,513.423699765289,0.032164163486645414,28.1,5.32544603393629,22188069.0
6764,NER,2019,526.60361746086,0.025346686754320835,27.8,5.21112415484566,22947757.0
6765,NER,2020,532.208221196997,0.010586689489995749,27.8,5.436774109695053,23717613.0
6766,NER,2021,520.912751008043,-0.021452242741031746,28.0,4.972587226458726,24502140.0
6767,NER,2022,565.873385794358,0.08278778991493407,27.5,5.2235938203521,25311973.0
6768,NGA,1961,1428.11709253056,-0.01863592851306617,26.2,7.055053966003016,45989310.0
6769,NGA,1962,1455.81737398191,0.019210653823824586,26.6,7.224462030474534,46965292.0
6770,NGA,1963,1547.48395499912,0.06106284523624783,27.0,7.223222737441855,47973575.0
6771,NGA,1964,1589.68156021223,0.026903362391754726,26.7,7.140056768081112,49012016.0
6772,NGA,1965,1631.55987468294,0.026002815961901682,26.5,7.118826249062078,50086764.0
6773,NGA,1966,1528.59450365725,-0.06518784739078143,26.8,7.151955572821957,51188234.0
6774,NGA,1967,1260.72712413558,-0.1926600509866283,26.6,7.080110671464242,52293065.0
6775,NGA,1968,1218.43317476067,-0.034122886798569674,26.8,7.191881035231141,53432783.0
6776,NGA,1969,1480.04711892594,0.19450817401741016,27.4,7.181591944611865,54631914.0
6777,NGA,1970,1808.39459104007,0.20036556103283765,26.9,7.0597035352541955,55893838.0
6778,NGA,1971,2018.17321464639,0.10975326764353355,26.5,7.0430725759297665,57214684.0
6779,NGA,1972,2036.693978214,0.009135141292796689,26.9,6.998966159035521,58601748.0
6780,NGA,1973,2093.63873175724,0.027575677787257113,27.2,6.91512803331155,60082139.0
6781,NGA,1974,2267.04408449537,0.07957324538087995,26.4,7.090993082560445,61679144.0
6782,NGA,1975,2089.85507779218,-0.08138209471541469,26.3,7.0997796112374765,63410815.0
6783,NGA,1976,2214.3226160701,0.057851817249757964,26.5,7.089743446874854,65258009.0
6784,NGA,1977,2278.69721767682,0.028657343848798256,26.5,6.951867853600458,67234590.0
6785,NGA,1978,2082.55279909937,-0.09000943545515927,26.6,7.181515896092873,69326532.0
6786,NGA,1979,2155.78965300242,0.03456263629799938,26.9,7.132976670091312,71498242.0
6787,NGA,1980,2177.41578655365,0.009981669879399746,26.9,7.1474805898880245,73764641.0
6788,NGA,1981,1834.28760820949,-0.17148257290511104,26.9,7.039572703602324,76068103.0
6789,NGA,1982,1659.098143512,-0.1003820140253211,27.0,6.97363664809565,78378701.0
6790,NGA,1983,1440.01747782647,-0.1416189167998647,27.1,6.804725378662593,80438260.0
6791,NGA,1984,1387.92176005615,-0.03684775923354078,27.3,6.975600825877204,82526443.0
6792,NGA,1985,1428.92742820393,0.02911662097618084,27.0,7.033947304219897,84897973.0
6793,NGA,1986,1391.47877234568,-0.02655706600021368,27.1,6.989703861629304,87235953.0
6794,NGA,1987,1398.24883299026,0.004853573461378602,27.4,6.950335726517255,89591716.0
6795,NGA,1988,1461.19132231327,0.044031457083914205,26.9,7.100274660752538,92020090.0
6796,NGA,1989,1449.68017647141,-0.007909113028420123,26.4,7.0536721538822915,94531014.0
6797,NGA,1990,1577.19616627771,0.08430572815122961,27.2,7.017864501662167,97120925.0
6798,NGA,1991,1541.59066261007,-0.022833911151878716,27.0,7.144643932088019,99720162.0
6799,NGA,1992,1571.1902261785,0.019018656836914616,26.6,7.030945889537335,102372770.0
6800,NGA,1993,1498.958950378,-0.04706260391492911,27.0,7.001245622069476,105122069.0
6801,NGA,1994,1433.38861092416,-0.044729535025570755,26.7,7.131298750317674,107935714.0
6802,NGA,1995,1395.07488456803,-0.027093204522309122,27.1,7.105950184932382,110819428.0
6803,NGA,1996,1416.10189471248,0.014959857698776169,27.1,7.13854948922687,113754779.0
6804,NGA,1997,1420.23877961219,0.0029170599079550996,27.2,7.131858369791047,116754792.0
6805,NGA,1998,1419.31770917937,-0.000648742484088416,27.5,7.069278713138808,119846254.0
6806,NGA,1999,1390.4692113901,-0.02053501731667584,27.2,7.138628876358258,123047320.0
6807,NGA,2000,1421.67987952016,0.02219793381792634,27.0,7.048038824429193,126382494.0
6808,NGA,2001,1465.45720342369,0.030328091878730312,27.1,7.063219381606209,129862595.0
6809,NGA,2002,1644.39518877708,0.11520537218543847,27.3,7.072930676941121,133471989.0
6810,NGA,2003,1717.21451111739,0.04333085757070876,27.4,7.163869281966256,137202644.0
6811,NGA,2004,1824.80269456838,0.060768360839327684,27.4,7.0623629972085755,141057045.0
6812,NGA,2005,1889.25175325842,0.03470898431188196,27.5,7.092158001979916,145017253.0
6813,NGA,2006,1949.15856804582,0.031216922948474668,27.5,7.091492499917254,149077334.0
6814,NGA,2007,2020.83316299437,0.0361121074190871,27.5,7.093238499113671,153267261.0
6815,NGA,2008,2098.2833922073,0.037609694863149024,27.1,7.109961159081466,157595014.0
6816,NGA,2009,2204.60725603823,0.049429799691820264,27.8,7.060390525405731,162049464.0
6817,NGA,2010,2315.46676509642,0.04906191574685881,27.9,7.136960421674942,166642886.0
6818,NGA,2011,2370.97657091881,0.023690631909726534,27.5,6.9775611532261,171379598.0
6819,NGA,2012,2403.65387896987,0.01368810365766393,27.4,7.135846570020281,176200625.0
6820,NGA,2013,2495.34106573862,0.037435390382507094,27.5,6.991820654099804,181049443.0
6821,NGA,2014,2583.61556958171,0.034764381915039166,27.6,7.05738145293795,185896915.0
6822,NGA,2015,2585.73360671797,0.000819459929112476,27.4,6.958828549166138,190671878.0
6823,NGA,2016,2481.81490350403,-0.041019152940690695,27.8,7.102417047860697,195443700.0
6824,NGA,2017,2441.71236404537,-0.016290526749362044,27.5,7.066808208836737,200254579.0
6825,NGA,2018,2431.77857832597,-0.004076666847032229,27.5,7.152112226695544,204938755.0
6826,NGA,2019,2431.53528475874,-0.0001000525873022795,27.3,7.178850547829519,209485641.0
6827,NGA,2020,2228.68631426529,-0.08711054713118926,27.4,7.1451172675339025,213996181.0
6828,NGA,2021,2206.66406255564,-0.009930413974969632,27.6,7.031122692932421,218529286.0
6829,NGA,2022,2254.29080414598,0.02135352304992555,27.1,7.124639280125202,223150896.0
6830,NIC,1961,1744.7208044908,0.04240870435315802,25.4,7.700476264438175,1836451.0
6831,NIC,1962,1877.61357007595,0.0734070474535109,25.2,7.81565087006791,1892320.0
6832,NIC,1963,2019.88717598921,0.07304006350209047,25.3,7.784098633746698,1950159.0
6833,NIC,1964,2188.82131607494,0.08032153071993964,25.4,7.768279568950215,2010176.0
6834,NIC,1965,2325.01525343397,0.060363412532058014,25.3,7.653400028499837,2072681.0
6835,NIC,1966,2328.5857540659,0.0015345111567599545,25.3,7.9154576922904045,2137820.0
6836,NIC,1967,2414.36617844551,0.03617568987722919,25.1,7.688730169907602,2205567.0
6837,NIC,1968,2371.24274974907,-0.01802261597110455,25.0,7.86507278440789,2275836.0
6838,NIC,1969,2441.31574997698,0.029122951062900526,25.5,7.881144422896169,2348398.0
6839,NIC,1970,2398.11905738633,-0.017852431769321164,25.3,7.888034380688382,2423065.0
6840,NIC,1971,2401.30052707543,0.001325772876953124,25.1,7.6668306396561885,2499825.0
6841,NIC,1972,2384.28263463196,-0.007112179896652471,25.6,7.608076663290083,2573578.0
6842,NIC,1973,2464.78252733539,0.03320528242663556,25.6,7.766840537085513,2649278.0
6843,NIC,1974,2729.2971301556,0.10194053516854584,25.1,7.693025748417888,2732075.0
6844,NIC,1975,2643.01314610112,-0.03212450502516084,25.3,7.717262260658278,2816943.0
6845,NIC,1976,2697.47745066256,0.020397449227273157,25.3,7.584671446431665,2903851.0
6846,NIC,1977,2836.58656757735,0.05028435770311912,25.7,7.616677378657444,2992534.0
6847,NIC,1978,2539.73418617049,-0.11054199203158266,25.6,7.815408817460629,3080314.0
6848,NIC,1979,1817.55422400472,-0.33456766006916094,25.6,7.9128990243252915,3164525.0
6849,NIC,1980,1850.00093520346,0.017694380234495988,25.8,7.88788428687947,3252403.0
6850,NIC,1981,1894.88127210693,0.02397003872437775,25.6,7.985041780935494,3345674.0
6851,NIC,1982,1828.54514537516,-0.035635535185869927,25.7,7.811041821721038,3438745.0
6852,NIC,1983,1863.30005132263,0.01882848865117559,26.0,7.690057370852975,3530282.0
6853,NIC,1984,1789.10508553038,-0.040633594177954535,25.3,7.782014952379364,3619104.0
6854,NIC,1985,1675.6223973461,-0.0655308658539937,25.6,7.5690505300929,3706479.0
6855,NIC,1986,1620.24861448766,-0.03360507356046938,25.6,7.639882759182966,3794157.0
6856,NIC,1987,1572.33304244354,-0.030019072573925776,26.0,7.656857371686529,3882164.0
6857,NIC,1988,1345.33743053301,-0.15591567131987016,25.9,7.841217729364612,3972320.0
6858,NIC,1989,1291.34380129627,-0.040961476703796684,25.6,7.672664825768973,4066476.0
6859,NIC,1990,1260.87382799969,-0.023878387726212758,25.8,7.6890049077636275,4162559.0
6860,NIC,1991,1229.80604541878,-0.024948524579869513,26.0,7.6638772587034705,4259637.0
6861,NIC,1992,1206.96231902297,-0.01874974737607893,26.0,7.649168676951571,4357026.0
6862,NIC,1993,1176.11536055025,-0.02588978255164065,26.0,7.713025060679031,4453732.0
6863,NIC,1994,1189.83516111818,0.011597837088530127,26.0,7.565741494448493,4549316.0
6864,NIC,1995,1234.76828254706,0.037068549548221696,26.1,7.805474625270857,4642931.0
6865,NIC,1996,1288.94097201516,0.042937602273658726,25.6,7.862805079006376,4729974.0
6866,NIC,1997,1317.89046510399,0.02221139644360104,26.2,7.658274739399952,4809573.0
6867,NIC,1998,1346.07276130615,0.021158961470102433,26.3,7.796715923184336,4883655.0
6868,NIC,1999,1420.31830106942,0.05368971498125319,25.5,7.797332357337869,4954018.0
6869,NIC,2000,1458.37490084556,0.02644173199548039,25.7,7.662232714693689,5022633.0
6870,NIC,2001,1482.31517247279,0.0162824370769572,26.1,7.655295943372414,5087825.0
6871,NIC,2002,1475.48635411179,-0.004617504205686629,26.2,7.663125802722214,5149909.0
6872,NIC,2003,1494.95618752566,0.01310923336683878,26.3,7.760594898275675,5210963.0
6873,NIC,2004,1555.87425694816,0.039940710350464315,26.1,7.828715093704554,5272912.0
6874,NIC,2005,1601.48770707458,0.028895403394585628,26.1,7.781472483297231,5342105.0
6875,NIC,2006,1644.37193565251,0.026425495122064824,26.2,7.800941137141195,5418855.0
6876,NIC,2007,1703.20780299405,0.035154906681944986,26.1,7.70903911814666,5497243.0
6877,NIC,2008,1736.65740610408,0.019448818745882335,25.9,7.9022655190497275,5576593.0
6878,NIC,2009,1655.72028962416,-0.04772610024041235,26.2,7.678280080563427,5656601.0
6879,NIC,2010,1704.37875049059,0.028964540658310334,26.0,7.859721987308762,5737450.0
6880,NIC,2011,1786.62863418308,0.04712972422704631,26.0,7.761574684930981,5819051.0
6881,NIC,2012,1876.1759720149,0.048905248548422264,26.0,7.684462052641013,5901287.0
6882,NIC,2013,1941.45628552626,0.034202706212729694,26.1,7.6659408557213045,5983845.0
6883,NIC,2014,2006.64869646533,0.03302766125132983,26.2,7.641516432427338,6066492.0
6884,NIC,2015,2074.45620634731,0.03323303474362227,26.4,7.617267813628347,6149417.0
6885,NIC,2016,2140.14405941606,0.031174094145871578,26.4,7.667251840083616,6232666.0
6886,NIC,2017,2209.63273423213,0.03195317386208529,26.3,7.795111413758176,6316231.0
6887,NIC,2018,2107.3396261623,-0.04740000683603629,25.9,7.690103105000384,6400080.0
6888,NIC,2019,2019.91518620044,-0.04237078777608083,26.3,7.562837078735289,6483657.0
6889,NIC,2020,1950.19181218473,-0.03512779054109583,26.4,7.846433529733921,6565267.0
6890,NIC,2021,2128.30880041334,0.08739994096667036,26.2,7.687584615677807,6644741.0
6891,NIC,2022,2175.73845893874,0.02204045433973878,26.0,7.8009820712577405,6730654.0
6892,NLD,1961,14224.1182314908,-0.010201839634607524,9.9,6.816516798547866,11638712.0
6893,NLD,1962,14982.5961198552,0.051950277955006285,8.1,6.611637727709255,11805689.0
6894,NLD,1963,15317.701569492,0.02211985615136669,7.8,6.5473591342415505,11965966.0
6895,NLD,1964,16364.8301230503,0.06612540243910026,9.0,6.558765017801951,12127120.0
6896,NLD,1965,17536.876282833,0.06917135263022978,8.6,6.871402449516339,12294732.0
6897,NLD,1966,17783.94814303,0.013990380698269078,9.3,6.912643313054913,12456251.0
6898,NLD,1967,18511.982842123,0.04012198287562363,9.9,6.683360945766275,12598201.0
6899,NLD,1968,19496.2041912974,0.051801546165771484,9.1,6.694809552644373,12729721.0
6900,NLD,1969,20510.813369307,0.050732438739492736,9.0,6.581055139509627,12877984.0
6901,NLD,1970,21502.1601779399,0.04720117497451071,8.9,6.708816416364745,13038526.0
6902,NLD,1971,22165.2563522764,0.030372630285024016,9.6,6.347214062970213,13194497.0
6903,NLD,1972,22717.6684657726,0.02461693447852653,8.9,6.500087747318773,13328593.0
6904,NLD,1973,23757.103847771,0.04473862689358121,9.4,6.576051654436026,13439322.0
6905,NLD,1974,24382.2162536421,0.02597242936461619,9.7,6.812345094177479,13545056.0
6906,NLD,1975,24166.3316974406,-0.008893612199909029,9.8,6.512339506726974,13666335.0
6907,NLD,1976,25045.8760435944,0.03574877267890919,9.6,6.3164424043034595,13774037.0
6908,NLD,1977,25524.9125498698,0.018945753007065136,9.6,6.622603336383981,13856185.0
6909,NLD,1978,26052.3422406161,0.020452739437963885,8.9,6.507128447514222,13941700.0
6910,NLD,1979,26394.2545939226,0.013038680024722638,8.5,6.7293460590080985,14038270.0
6911,NLD,1980,26537.6091767537,0.005416583627075866,8.9,6.721184707898767,14149800.0
6912,NLD,1981,26149.6418067245,-0.014727448299112211,9.2,6.812235077124725,14247208.0
6913,NLD,1982,25707.035535118,-0.01707078211047275,9.9,6.568779912142806,14312690.0
6914,NLD,1983,26139.8440229261,0.016696030522936667,10.0,6.667974086514904,14367070.0
6915,NLD,1984,26833.4395822094,0.026188114144028773,9.2,6.742290839254605,14424211.0
6916,NLD,1985,27397.7293863055,0.020811285513239852,8.4,6.637126961096183,14491632.0
6917,NLD,1986,28005.4470401859,0.02193888755754969,8.8,6.676579555970663,14572278.0
6918,NLD,1987,28365.7413369862,0.012783097656601683,8.5,6.736492349544916,14665037.0
6919,NLD,1988,29152.902991327,0.027372369815200415,10.1,6.799724534768432,14760094.0
6920,NLD,1989,30259.4216390842,0.037253099250195376,10.6,6.481423978192588,14848907.0
6921,NLD,1990,31308.9023923163,0.03409488345894118,10.7,6.597009266931805,14951510.0
6922,NLD,1991,31820.8200188143,0.01621831453912037,9.5,6.482495543545793,15069798.0
6923,NLD,1992,32119.9405340091,0.009356244582406248,10.4,6.703556143668865,15184166.0
6924,NLD,1993,32297.9651797151,0.005527193004875031,9.5,6.7763929607853095,15290368.0
6925,NLD,1994,33054.4378569838,0.023151603635756857,10.5,6.796823718274855,15382838.0
6926,NLD,1995,33916.4887954068,0.025745456931472788,10.2,6.68910163294078,15459006.0
6927,NLD,1996,34915.1788311903,0.029020366906992834,8.3,6.381985207830324,15530498.0
6928,NLD,1997,36211.6548633578,0.03645936637946967,10.0,6.499636653408409,15610650.0
6929,NLD,1998,37661.7102516626,0.039262910581120636,10.1,6.933228074955168,15707209.0
6930,NLD,1999,39298.7167162926,0.04254792966567145,10.7,6.799278802646053,15812088.0
6931,NLD,2000,40665.3000211594,0.03418328465076037,10.8,6.776735016543733,15925513.0
6932,NLD,2001,41297.284710124,0.015421602824689629,10.1,6.8327084046592255,16046180.0
6933,NLD,2002,41135.4020353856,-0.003927638155065694,10.6,6.815968883351428,16148929.0
6934,NLD,2003,40981.839972092,-0.003740073060019,10.4,6.4446080905328875,16225302.0
6935,NLD,2004,41663.1290344572,0.01648750078369332,10.2,6.743705766975631,16281779.0
6936,NLD,2005,42411.3480862811,0.017799428115447213,10.4,6.700238983553627,16319868.0
6937,NLD,2006,43841.0915818567,0.0331555715788312,10.7,6.620473126551683,16346101.0
6938,NLD,2007,45445.542186196,0.03594319255033973,11.0,6.808155913759382,16381696.0
6939,NLD,2008,46227.1987545514,0.017053608391131903,10.5,6.738270970989674,16445593.0
6940,NLD,2009,44304.4041948677,-0.04248425289156721,10.3,6.621671927894053,16530388.0
6941,NLD,2010,44659.2793901474,0.007978021216285214,8.9,6.679599185844383,16615394.0
6942,NLD,2011,45239.7198745589,0.012913348425717786,10.7,6.6356840540445035,16693074.0
6943,NLD,2012,44631.8855633239,-0.013526932708041173,10.1,6.735661242343618,16754962.0
6944,NLD,2013,44487.0378593394,-0.003250663853865632,9.7,6.57813948315741,16804432.0
6945,NLD,2014,45042.0515907444,0.012398670529254474,11.5,6.63200177739563,16865008.0
6946,NLD,2015,45793.8135434697,0.016552473316313154,10.8,6.718046503754165,16939923.0
6947,NLD,2016,46655.0340264754,0.01863182548027531,10.6,6.6507963791731965,17030314.0
6948,NLD,2017,47670.0858101833,0.021523237296062092,10.7,6.7650389767805414,17131296.0
6949,NLD,2018,48463.0055608731,0.016496665641273722,11.3,6.448097941790546,17231624.0
6950,NLD,2019,49254.024789064,0.016190350940286535,11.2,6.69913081376713,17344874.0
6951,NLD,2020,47086.5674755497,-0.045003317138833765,11.6,6.661343100728573,17441500.0
6952,NLD,2021,49780.8328352542,0.055642258372385456,10.3,6.7530877989699984,17533044.0
6953,NLD,2022,51777.5314828276,0.039326272890708225,11.5,6.5441995739511825,17700982.0
6954,NOR,1961,20227.1285176285,0.052900687097933385,0.20000000000000018,6.91478054391889,3609800.0
6955,NOR,1962,20629.9003234553,0.01971679612367261,-1.1,6.810142450115136,3638918.0
6956,NOR,1963,21249.4697217383,0.029590445347299266,-0.8999999999999999,6.8481644975685,3666537.0
6957,NOR,1964,22146.068523721,0.04132804666368983,-0.19999999999999996,6.878274973659629,3694339.0
6958,NOR,1965,23136.0792639605,0.04373328451993075,-1.25,6.709426284042365,3723168.0
6959,NOR,1966,23821.1851946921,0.029182047002109357,-1.8,6.7463533724406854,3753012.0
6960,NOR,1967,25100.6009370621,0.05231646859310679,-1.0499999999999998,6.855198028243461,3784539.0
6961,NOR,1968,25452.983165056,0.013941165262041366,-1.85,6.719435770384546,3816486.0
6962,NOR,1969,26383.7076098102,0.035913730824631784,-1.6,6.749052587786816,3847707.0
6963,NOR,1970,26701.7236417902,0.011981435541422059,-1.25,6.733758970934172,3875763.0
6964,NOR,1971,28030.3990851474,0.048561483666691885,-1.1,7.000516759063448,3903039.0
6965,NOR,1972,29286.7414678929,0.043845301119866065,0.30000000000000004,6.96659006470303,3933004.0
6966,NOR,1973,30388.4883212761,0.03692895907355975,-1.05,7.059402828591277,3960612.0
6967,NOR,1974,31397.839295441,0.0326752152444616,0.5,6.956545443151569,3985258.0
6968,NOR,1975,32770.0457956661,0.042775781897834264,-0.3500000000000001,6.963521056887994,4007313.0
6969,NOR,1976,34524.6447084379,0.05215854819612531,-0.45000000000000007,6.824101893984884,4026152.0
6970,NOR,1977,35806.4153172386,0.03645366776461856,-1.0499999999999998,6.871609832345784,4043205.0
6971,NOR,1978,37045.2927566048,0.034014216408623454,-1.25,6.7733663759434855,4058671.0
6972,NOR,1979,38525.7890433847,0.03918656976360424,-1.6500000000000001,6.935078574631027,4072517.0
6973,NOR,1980,40140.624596794,0.04106104137513533,-0.8499999999999999,6.862025427275962,4085620.0
6974,NOR,1981,40672.4843926846,0.013162900964337254,-1.6,6.8308742346461795,4099702.0
6975,NOR,1982,40621.6222424701,-0.0012513122772688234,-0.5999999999999999,6.884947139656129,4114787.0
6976,NOR,1983,42082.9236226217,0.03534155134744488,-0.6499999999999999,6.987074648186392,4128432.0
6977,NOR,1984,44513.8993106664,0.05615944072297374,0.2499999999999999,6.805944012835452,4140099.0
6978,NOR,1985,46848.855504719,0.05112509499508633,-1.5,6.928488845369044,4152516.0
6979,NOR,1986,48571.5788151708,0.03611198234567681,-0.7999999999999999,6.845933065338794,4167354.0
6980,NOR,1987,49188.0385044421,0.012611912307807671,-0.7999999999999999,6.9203753103382395,4186905.0
6981,NOR,1988,48762.6929680464,-0.008684941982282979,-0.75,6.911846896885391,4209488.0
6982,NOR,1989,49061.776096194,0.006114708577367622,0.1499999999999999,7.056304586085376,4226901.0
6983,NOR,1990,49851.0329994152,0.015958977641396643,0.6000000000000001,7.007057480055999,4241473.0
6984,NOR,1991,51032.3512657967,0.02342055181379088,0.35,6.902692484639675,4261732.0
6985,NOR,1992,52547.0912157066,0.029249972930980306,0.25,7.013780573625441,4286401.0
6986,NOR,1993,53735.9945035246,0.02237332258522251,-0.44999999999999996,6.874663743981937,4311991.0
6987,NOR,1994,56123.4582597097,0.04347081024702426,-0.30000000000000004,6.9144825997315635,4336613.0
6988,NOR,1995,58151.5422795873,0.035498525122889646,-0.55,6.817611729129172,4359184.0
6989,NOR,1996,60732.7551542334,0.04343077510138471,-0.6000000000000001,6.7357800142423265,4381336.0
6990,NOR,1997,63480.1841751685,0.04424462081494518,-0.04999999999999982,6.877965950171385,4405157.0
6991,NOR,1998,64823.4786672121,0.020940065881481118,-0.5,6.895986295382138,4431464.0
6992,NOR,1999,65786.3001204135,0.014743748951060454,0.25,6.963284588774617,4461913.0
6993,NOR,2000,67611.3411021859,0.027364124964599057,0.55,6.971480969862681,4490967.0
6994,NOR,2001,68725.4043162798,0.01634318037609006,-0.1499999999999999,6.8912701427222744,4513751.0
6995,NOR,2002,69352.0430510008,0.00907668918953064,0.5000000000000001,6.748231858464161,4538159.0
6996,NOR,2003,69702.361157641,0.00503858687211256,0.5499999999999999,6.8810518961475875,4564855.0
6997,NOR,2004,72292.1208978835,0.036480952127909916,0.7,6.908654874224973,4591910.0
6998,NOR,2005,73933.7446235264,0.022454203893028435,0.55,7.015353289580155,4623291.0
6999,NOR,2006,75428.8816534082,0.020020898251800645,0.95,6.969179580969136,4660677.0
7000,NOR,2007,77205.7545984008,0.023283748210952027,0.65,6.933423025730715,4709153.0
7001,NOR,2008,76876.8705028009,-0.004268938108296538,0.7499999999999999,6.879818660289114,4768212.0
7002,NOR,2009,74688.7531445371,-0.028875537085086833,0.5000000000000001,6.862810212938968,4828726.0
7003,NOR,2010,74505.4313586335,-0.0024574936184666996,-0.49999999999999994,6.697898071993661,4889252.0
7004,NOR,2011,74563.8349085669,0.0007835760433270167,1.0,7.075259262425668,4953088.0
7005,NOR,2012,75669.0612719716,0.014713772164494543,0.10000000000000009,6.847792937809454,5018573.0
7006,NOR,2013,75711.2410395262,0.000557268918109699,0.5,6.82730415458451,5079623.0
7007,NOR,2014,76430.7374974687,0.00945829453066871,1.5499999999999998,6.783721498058689,5137232.0
7008,NOR,2015,77220.9524311414,0.010285886228174945,0.95,6.9874902470009905,5188607.0
7009,NOR,2016,77532.2750022669,0.004023476553895122,1.25,6.855356110182929,5234519.0
7010,NOR,2017,78961.7757906168,0.01826958331225015,0.8999999999999999,6.911199341384692,5276968.0
7011,NOR,2018,79313.2889434042,0.004441808080308363,1.2000000000000002,6.862757913051401,5311916.0
7012,NOR,2019,79937.5097885912,0.007839509090013408,0.7,6.912344731315945,5347896.0
7013,NOR,2020,78387.0435023102,-0.01958654954305139,1.25,7.099820874725485,5379475.0
7014,NOR,2021,81199.3391492139,0.03524845632897744,0.8500000000000001,6.842950055616021,5408320.0
7015,NOR,2022,83756.7383805061,0.03100951716524669,1.2,6.927851980681259,5457127.0
7016,NPL,1961,327.106042340229,-0.00015039120044324505,9.1,7.095064377287131,10318396.0
7017,NPL,1962,326.931761367814,-0.0005329385413261889,9.1,7.19548735018396,10521116.0
7018,NPL,1963,326.647935131857,-0.0008685283686711287,9.1,7.101099199057828,10729818.0
7019,NPL,1964,344.303003365182,0.05263915349247661,9.4,6.959398512133975,10946392.0
7020,NPL,1965,333.249080677851,-0.03263189301290925,9.1,6.973168417530369,11173411.0
7021,NPL,1966,349.354951533981,0.047198258061389886,9.6,6.878944197128018,11408710.0
7022,NPL,1967,336.664372577306,-0.037001951443126124,9.0,6.895277757471025,11652716.0
7023,NPL,1968,331.720617039361,-0.014793407314823703,9.0,7.041849013462836,11906266.0
7024,NPL,1969,339.099773054614,0.022001280171032533,9.8,6.885509670034818,12167036.0
7025,NPL,1970,340.306833356848,0.003553281822262555,9.5,7.042985228242241,12436190.0
7026,NPL,1971,328.993729996026,-0.033808968874705414,8.8,7.206303104744224,12710061.0
7027,NPL,1972,331.963144339485,0.008985258907729055,9.4,6.932057571505102,12989099.0
7028,NPL,1973,323.260045911092,-0.026566856721728094,9.4,7.185841457760471,13275239.0
7029,NPL,1974,336.306374003459,0.039565476885456974,9.5,7.04342189040367,13568435.0
7030,NPL,1975,333.76929822544,-0.00757254145125863,9.2,7.128335547893182,13870695.0
7031,NPL,1976,340.906119257416,0.02115709884204975,9.3,6.966684346511425,14177649.0
7032,NPL,1977,343.403337654578,0.007298538569705748,9.2,6.941576827457648,14499175.0
7033,NPL,1978,350.30570504545,0.019900548388219086,9.0,7.135050201418823,14839695.0
7034,NPL,1979,350.320446364022,4.208041205622237e-05,9.6,6.9914528380037035,15190590.0
7035,NPL,1980,334.219179007322,-0.04705129432483535,9.6,7.002155954403621,15553105.0
7036,NPL,1981,353.700814105005,0.05665439556269014,9.2,7.037818163280305,15922423.0
7037,NPL,1982,358.609920101425,0.013783826314638148,9.2,6.925398714154732,16297987.0
7038,NPL,1983,339.778376746619,-0.053941652229184456,8.9,7.11574458252467,16689119.0
7039,NPL,1984,364.032308849685,0.0689490522973415,9.4,7.065527962854679,17085242.0
7040,NPL,1985,377.725353860231,0.036924730171380205,9.7,7.150701457592526,17477692.0
7041,NPL,1986,386.340559561214,0.022551904696595848,9.1,7.027758071376834,17868124.0
7042,NPL,1987,384.659636696973,-0.004360376393323762,9.7,7.080699673963495,18250505.0
7043,NPL,1988,405.638929689076,0.05310454541842624,9.9,7.097466134207946,18638661.0
7044,NPL,1989,413.894023064039,0.020146529952095982,9.3,6.975507381032956,19057807.0
7045,NPL,1990,422.724738575869,0.021111272879315024,9.4,7.107753020789034,19524573.0
7046,NPL,1991,438.15619419594,0.03585422356200052,9.4,6.911348814492268,20036500.0
7047,NPL,1992,443.462044821677,0.012036762516194344,9.2,6.799167338565238,20609707.0
7048,NPL,1993,448.13094087379,0.010473251369518266,9.5,6.8586700712916455,21180159.0
7049,NPL,1994,472.951082824345,0.05390649572179296,9.6,6.894366041863121,21717479.0
7050,NPL,1995,477.741099613336,0.010076988979636603,9.7,6.941770157569414,22245439.0
7051,NPL,1996,492.212428031946,0.02984143445405607,9.7,6.966684346511425,22741862.0
7052,NPL,1997,506.426874424217,0.02846955137841789,8.7,7.13966033596492,23219463.0
7053,NPL,1998,511.54871132025,0.010062874175109648,9.8,7.124800271834477,23680357.0
7054,NPL,1999,524.27256909301,0.02456890594931238,10.1,7.162475013731091,24125199.0
7055,NPL,2000,547.221082273632,0.04284117400867604,9.8,7.110777752300125,24546509.0
7056,NPL,2001,564.28622920391,0.03070872823967985,9.9,7.076738271336911,24946748.0
7057,NPL,2002,556.438454538796,-0.014005050573715927,10.1,7.100604557662746,25328981.0
7058,NPL,2003,570.28967363428,0.024587860318441734,9.9,7.083555618785827,25688758.0
7059,NPL,2004,589.46992868617,0.0330792760202101,10.1,7.066637604042329,26016656.0
7060,NPL,2005,603.190108570995,0.023008711184027142,9.9,6.845560675389019,26309458.0
7061,NPL,2006,617.477638588722,0.023410436732987705,10.3,6.946879833666187,26565425.0
7062,NPL,2007,633.226129136597,0.025184737339708718,10.2,6.982491625096154,26788492.0
7063,NPL,2008,666.865095417138,0.051760177338397106,9.9,7.05142262879455,26990037.0
7064,NPL,2009,692.400000816919,0.037576054769139056,10.6,6.846411648741085,27173035.0
7065,NPL,2010,721.265221364302,0.04084309726234103,10.7,7.033682835579928,27341952.0
7066,NPL,2011,742.617252662576,0.029173852509069675,9.9,7.258623395887082,27464494.0
7067,NPL,2012,775.310578479839,0.04308292124824131,9.9,7.025004839032377,27534915.0
7068,NPL,2013,801.039060847856,0.032646015481277324,9.7,7.053499293034843,27589996.0
7069,NPL,2014,846.665541773599,0.05539603174690999,9.9,6.424058322604399,27672370.0
7070,NPL,2015,875.543635474862,0.03353924838793887,10.0,7.029618866738978,27823629.0
7071,NPL,2016,875.188943730855,-0.0004051923784054168,10.6,7.0315645647084235,27955462.0
7072,NPL,2017,951.857298563641,0.08397532834973909,10.3,7.011484464744614,28011258.0
7073,NPL,2018,1021.91492204011,0.07101839367336549,10.2,7.013735602519369,28079689.0
7074,NPL,2019,1077.11796498188,0.05261068148402437,9.9,6.924710719631551,28414064.0
7075,NPL,2020,1031.53618783934,-0.04323978761722813,9.7,7.031829594084064,28966574.0
7076,NPL,2021,1062.7888430629,0.02984730151876125,10.0,7.058672164298998,29475010.0
7077,NPL,2022,1113.55462341223,0.04666082494777335,10.1,6.965552377708354,29715436.0
7078,NRU,1971,40345.3868680191,0.020852029014864826,27.6,7.067319848653476,6762.0
7079,NRU,1972,41210.034732511,0.02120472791802719,27.5,8.281723990411392,6812.0
7080,NRU,1973,42070.9569728444,0.020675856331600073,28.0,7.630121398211302,6866.0
7081,NRU,1974,42933.9084788349,0.02030427665905421,27.8,7.134811167116262,6923.0
7082,NRU,1975,43773.6321401769,0.01936970901346946,27.5,7.549293325808852,6987.0
7083,NRU,1976,42076.93210631,-0.0395319706192403,27.4,8.096908818409723,7064.0
7084,NRU,1977,40326.5657651193,-0.04248920765009778,27.4,8.261035625483267,7163.0
7085,NRU,1978,38465.7106875672,-0.04724323894859772,27.8,7.718018606210762,7298.0
7086,NRU,1979,36531.2675417174,-0.051598674097995456,27.7,8.027737593386439,7468.0
7087,NRU,1980,34662.1759396181,-0.05251947697722592,27.7,7.878534196140362,7649.0
7088,NRU,1981,32869.3601050747,-0.05310814183749457,27.8,7.925952568462601,7839.0
7089,NRU,1982,31144.9255525497,-0.053889591688120575,27.6,8.158831110776715,8040.0
7090,NRU,1983,29619.2697084151,-0.0502261751715416,28.0,7.62676511906781,8216.0
7091,NRU,1984,28231.7429896562,-0.047978170361945516,28.2,7.103075321561748,8377.0
7092,NRU,1985,26878.234178397,-0.049130162090662566,28.2,7.352953789308901,8551.0
7093,NRU,1986,25550.4332223009,-0.05066254836010309,27.9,8.155046160021609,8742.0
7094,NRU,1987,24264.5145128641,-0.051639297424165065,27.6,8.676570190215077,8946.0
7095,NRU,1988,23017.5695398506,-0.0527571575965009,27.7,7.718374335682253,9165.0
7096,NRU,1989,21833.2189717035,-0.052825201326212934,27.8,7.69484807238461,9390.0
7097,NRU,1990,20706.6309011684,-0.052978633656818985,27.7,7.887208585813932,9622.0
7098,NRU,1991,16385.3907599423,-0.23406385186038214,27.7,7.829550831490737,9850.0
7099,NRU,1992,13486.9440398913,-0.19466802116757265,27.7,7.935157955293451,10021.0
7100,NRU,1993,11222.4924165458,-0.18380209340025822,27.6,7.969288559408826,10102.0
7101,NRU,1994,10751.3677180067,-0.04288703987440812,27.7,7.953845448391137,10137.0
7102,NRU,1995,9872.21990191669,-0.085308233832043,27.9,7.725639040943408,10165.0
7103,NRU,1996,8686.03582792511,-0.12800808333662417,27.8,7.652118250926352,10183.0
7104,NRU,1997,7897.46665184584,-0.09517462783044905,27.8,7.879821246323706,10197.0
7105,NRU,1998,6965.8305020692,-0.12552519159076425,27.8,7.70634297200008,10198.0
7106,NRU,1999,6515.32854617119,-0.06685920097776865,27.6,7.797496675622756,10187.0
7107,NRU,2000,6079.9670062498,-0.06915836913534434,27.7,7.797496675622756,10168.0
7108,NRU,2001,5690.157298319,-0.06626137690778755,27.7,7.797496675622756,10130.0
7109,NRU,2002,5147.16201696177,-0.10029239433582404,27.7,7.797496675622756,10082.0
7110,NRU,2003,5173.61228781975,0.005125648131798499,27.7,7.797496675622756,10059.0
7111,NRU,2004,4949.8909692212,-0.04420559632983334,27.8,7.797496675622756,10060.0
7112,NRU,2005,4955.30929946913,0.0010940376047710032,27.7,7.797496675622756,10049.0
7113,NRU,2006,5382.10161869099,0.08261934581712893,27.7,7.797496675622756,10034.0
7114,NRU,2007,4199.70508141733,-0.24806462922624029,27.7,7.797496675622756,10020.0
7115,NRU,2008,5045.18472364491,0.18341996421379037,27.7,7.797496675622756,10009.0
7116,NRU,2009,4761.56658392323,-0.057857539960810556,27.7,7.797496675622756,10016.0
7117,NRU,2010,4748.76539924078,-0.002692060053458789,27.7,7.797496675622756,10043.0
7118,NRU,2011,5417.44487923767,0.1317396114879621,27.7,7.797496675622756,10098.0
7119,NRU,2012,6626.18317072945,0.20140466793368894,27.8,7.797496675622756,10267.0
7120,NRU,2013,6735.42128061862,0.01635141111681193,27.7,7.797496675622756,10517.0
7121,NRU,2014,7638.99065218892,0.125885122011125,27.7,7.797496675622756,10742.0
7122,NRU,2015,7747.25584993607,0.01407321592071753,27.8,7.797496675622756,10954.0
7123,NRU,2016,7925.5779662048,0.022756549810141635,27.8,7.797496675622756,11150.0
7124,NRU,2017,7308.31758516515,-0.0810821518293352,27.7,7.797496675622756,11324.0
7125,NRU,2018,7149.78109138393,-0.0219313551167879,27.7,7.797496675622756,11477.0
7126,NRU,2019,7687.19643322519,0.0724744043444403,28.0,7.797496675622756,11587.0
7127,NRU,2020,7770.69883784016,0.010803956863119524,28.0,7.797496675622756,11643.0
7128,NRU,2021,8325.88214663427,0.06900889295731893,28.0,7.797496675622756,11709.0
7129,NRU,2022,8260.97398991108,-0.007826496777024516,27.8,7.797496675622756,11801.0
7130,NZL,1961,17996.2994403492,0.01262427150828671,10.6,7.3555132992805525,2419700.0
7131,NZL,1962,18085.1055698634,0.004922552700740823,11.2,7.50019775542045,2482000.0
7132,NZL,1963,18811.2424590491,0.03936599143037789,10.3,7.255661893229013,2531800.0
7133,NZL,1964,19545.5529434408,0.038293095388009846,10.5,7.33079831936437,2585400.0
7134,NZL,1965,20400.821266037,0.04282736854670688,10.3,7.4308256291645645,2628400.0
7135,NZL,1966,21290.7952737465,0.042699674361685425,10.5,7.365686326993603,2675900.0
7136,NZL,1967,19954.242076855,-0.06483307637709679,10.6,7.357747509140379,2724100.0
7137,NZL,1968,19770.3133261154,-0.009260270542293725,10.5,7.420638783857572,2748100.0
7138,NZL,1969,21591.7644365614,0.08813048027959347,10.5,7.257919071305212,2772800.0
7139,NZL,1970,21002.9179781897,-0.027650586487844464,11.2,7.402695393517904,2810700.0
7140,NZL,1971,21474.7868604152,0.02221816339834959,11.5,7.4400292339539975,2853000.0
7141,NZL,1972,22178.422208047,0.032240300784756926,10.6,7.367961065747761,2903900.0
7142,NZL,1973,23444.9751911817,0.0555363507739699,11.0,7.2389995880590465,2961300.0
7143,NZL,1974,24337.3044230626,0.037354140263651914,11.1,7.372306571216138,3023700.0
7144,NZL,1975,23455.088729321,-0.036922859900656135,11.0,7.423329609770332,3083100.0
7145,NZL,1976,23464.4106379675,0.0003973575547426833,10.2,7.424403916050917,3110500.0
7146,NZL,1977,22470.6980107817,-0.04327268245276805,10.2,7.408409347426631,3120200.0
7147,NZL,1978,22535.0591103112,0.0028601293488286217,11.1,7.370293612116601,3121200.0
7148,NZL,1979,23119.3447156647,0.025597421470624937,11.0,7.488461380196333,3109000.0
7149,NZL,1980,23386.9182653647,0.011507116894648561,10.7,7.394554568145273,3112900.0
7150,NZL,1981,24381.7421797248,0.041657763332587194,11.2,7.361820056926364,3124900.0
7151,NZL,1982,24365.1461840714,-0.0006809048475364676,10.5,7.246510621617919,3156100.0
7152,NZL,1983,24875.3726430216,0.020724587522286342,10.4,7.366634763724938,3199300.0
7153,NZL,1984,25843.014090163,0.03816205291169794,11.0,7.373750886830334,3227100.0
7154,NZL,1985,26098.7180996912,0.009845881699977355,11.1,7.314219887423385,3247100.0
7155,NZL,1986,26813.4528237392,0.0270175344384338,11.0,7.362645270417825,3246300.0
7156,NZL,1987,26839.2140438143,0.0009602960508328096,11.0,7.368592020403056,3274400.0
7157,NZL,1988,26676.0826100035,-0.00609664710085589,11.2,7.366950709511269,3283400.0
7158,NZL,1989,26592.054624787,-0.0031549087043707402,11.2,7.39357073974396,3299200.0
7159,NZL,1990,26383.7472178844,-0.007864287967535688,11.3,7.351286587896758,3329800.0
7160,NZL,1991,24865.5042514483,-0.05926671335594058,10.4,7.395046119614464,3495100.0
7161,NZL,1992,24878.7289857361,0.0005317092550729541,9.8,7.377008626837169,3531700.0
7162,NZL,1993,26166.825450812,0.05047922350199485,10.1,7.266268532194509,3572200.0
7163,NZL,1994,27141.2086609657,0.03656078343170854,10.5,7.4045225454970875,3620000.0
7164,NZL,1995,28013.5837412609,0.03163633843495006,10.9,7.53176672070722,3673400.0
7165,NZL,1996,28563.8412321497,0.01945209919909452,10.8,7.3987862754199485,3732000.0
7166,NZL,1997,28776.5479198966,0.007419121724351996,10.6,7.295395802177749,3781300.0
7167,NZL,1998,28766.2686680046,-0.00035727316147848853,11.7,7.433193615115973,3815000.0
7168,NZL,1999,30155.9191339983,0.04717775284236758,11.6,7.368402775803847,3835100.0
7169,NZL,2000,30839.2953866092,0.022408474291177427,11.0,7.332369205929062,3857700.0
7170,NZL,2001,31705.2483531253,0.0276925293213246,11.1,7.363850128041624,3880500.0
7171,NZL,2002,32628.4322594563,0.028701833095119866,10.9,7.401170212488334,3948500.0
7172,NZL,2003,33502.6490755696,0.0264404491229282,10.9,7.283791576399489,4027200.0
7173,NZL,2004,34358.6289046143,0.025228679908794405,10.4,7.420878261796811,4087500.0
7174,NZL,2005,35112.0769481474,0.02169195139313196,11.3,7.245084291323332,4133900.0
7175,NZL,2006,35649.0258495224,0.01517667719865834,10.7,7.346526205796774,4184600.0
7176,NZL,2007,36400.0153308952,0.02084737473317766,11.0,7.238640508734566,4223800.0
7177,NZL,2008,35722.2274262581,-0.018796083798971353,11.1,7.4139100110982294,4259800.0
7178,NZL,2009,35352.6428453692,-0.010399960228811622,10.6,7.320725486576075,4302600.0
7179,NZL,2010,35476.3713609154,0.003493727613932407,11.3,7.367077059881012,4350700.0
7180,NZL,2011,35961.911959259,0.013593497838945368,11.2,7.452170405741683,4384000.0
7181,NZL,2012,36588.819747177,0.01728234510668436,10.8,7.335503595330759,4408100.0
7182,NZL,2013,37240.0279166822,0.01764147969813834,11.4,7.348458822516321,4442100.0
7183,NZL,2014,38025.4674998632,0.020871930558282514,11.0,7.299729796907802,4516500.0
7184,NZL,2015,38648.7302562109,0.016257789522590826,10.9,7.37994401913321,4609400.0
7185,NZL,2016,39205.0341298225,0.014291238098367742,11.6,7.328437352895162,4714100.0
7186,NZL,2017,39667.6884236272,0.011731802460305474,11.4,7.335242771124794,4813600.0
7187,NZL,2018,40257.9139260803,0.014769641128522082,11.5,7.360676328246597,4900600.0
7188,NZL,2019,40615.7266946543,0.00884874479648623,11.4,7.474885618958595,4970300.0
7189,NZL,2020,39702.3112090418,-0.022745945764469866,11.3,7.361883559069582,5072400.0
7190,NZL,2021,41309.8198451344,0.039690837500774734,11.6,7.456570088652162,5084600.0
7191,NZL,2022,42716.0866783034,0.03347534613191705,12.1,7.456512323582683,5081700.0
7192,OMN,1961,2340.35098184797,-0.006175432129087888,27.0,3.9908341858524357,539854.0
7193,OMN,1962,2761.22358425937,0.16537299875398492,27.0,3.6913763343125234,549941.0
7194,OMN,1963,2830.31567381374,0.024714341833024456,27.2,4.626931677769604,560827.0
7195,OMN,1964,2774.30598973251,-0.019987628821986014,26.4,3.624340932976365,572577.0
7196,OMN,1965,2726.45883180126,-0.01739698614399554,27.0,3.8088822465086327,585236.0
7197,OMN,1966,2803.36373992104,0.027816395855285947,27.0,3.8394523125933104,598804.0
7198,OMN,1967,4549.4544111564,0.48418728429623403,26.9,3.970291913552122,613318.0
7199,OMN,1968,8071.18754392145,0.5732933106989986,26.8,3.8732821771117156,628798.0
7200,OMN,1969,9884.06486534758,0.20262322393029564,27.4,3.6686767467964168,645255.0
7201,OMN,1970,10961.4530607756,0.1034610005035681,27.4,4.86830338551846,662680.0
7202,OMN,1971,10760.5017745238,-0.018502664303635896,26.9,3.696351468952637,681119.0
7203,OMN,1972,11489.2538016852,0.06552995950296037,26.6,4.792479284293085,700593.0
7204,OMN,1973,9570.57985616872,-0.1827183518088411,27.0,3.7013019741124933,721179.0
7205,OMN,1974,10302.3883519357,0.07368195252404419,26.9,3.1179499062782403,746988.0
7206,OMN,1975,12294.9633240241,0.17681394547988916,26.8,3.845883202923601,778864.0
7207,OMN,1976,14168.4469653325,0.14182775484335153,27.0,4.581901559048737,814701.0
7208,OMN,1977,13631.6155316852,-0.03862568118672449,27.5,4.036008985209137,855314.0
7209,OMN,1978,12472.0886586901,-0.08889852597235226,27.2,4.400603020246817,900304.0
7210,OMN,1979,12343.1364832537,-0.010393082105029094,27.3,4.215086179918229,949116.0
7211,OMN,1980,12406.641239648,0.005131754836043001,27.4,3.3603753871419,1001248.0
7212,OMN,1981,13751.4981915284,0.10291586448108525,27.4,4.178992036282385,1057320.0
7213,OMN,1982,14513.9813596912,0.053964638995774195,26.9,4.548599834499697,1117678.0
7214,OMN,1983,16018.8528993149,0.09865391823244885,26.8,4.618086411254637,1181459.0
7215,OMN,1984,17703.059313537,0.09997113242789446,26.8,3.3877743613300146,1247716.0
7216,OMN,1985,18998.6682034202,0.0706314149359315,27.1,3.068052935133617,1325480.0
7217,OMN,1986,18173.3411741214,-0.044413132548056566,27.0,3.877431560658527,1413419.0
7218,OMN,1987,16524.1793523574,-0.09513102607706969,27.5,4.604169685654508,1500996.0
7219,OMN,1988,16544.4404102283,0.0012253949848322065,27.6,4.203198967134183,1588568.0
7220,OMN,1989,17522.6182543769,0.05744239957303954,26.9,4.395682961121367,1676228.0
7221,OMN,1990,16629.4556601528,-0.05231695781861312,27.5,4.182050142641207,1763954.0
7222,OMN,1991,16805.7218402658,0.010543853886163745,27.1,3.735285826928092,1851473.0
7223,OMN,1992,17404.1314569504,0.0349882039375089,26.8,4.370712874773608,1938238.0
7224,OMN,1993,17694.1605143981,0.016527052614581095,27.4,3.681351187693145,2021675.0
7225,OMN,1994,17848.8187662711,0.00870265977165019,27.4,3.6136169696133895,2081834.0
7226,OMN,1995,18398.7242065917,0.03034399513586372,27.3,4.531523645819793,2120528.0
7227,OMN,1996,18639.2039411697,0.012985775713911352,27.2,4.087655574071304,2156926.0
7228,OMN,1997,19458.9266441148,0.043038816875789365,27.2,4.65586330030361,2190720.0
7229,OMN,1998,19167.755471589,-0.015076453467406381,28.1,4.294560608892605,2222489.0
7230,OMN,1999,18965.2142322448,-0.010622993467928055,27.7,3.7773481021015445,2252909.0
7231,OMN,2000,19881.7364316776,0.04719507180470828,27.7,3.481240089335692,2282131.0
7232,OMN,2001,20546.0554077598,0.03286742848486135,27.9,3.4719664525503626,2310217.0
7233,OMN,2002,20150.1131971413,-0.019459065455659896,27.9,4.01096295328305,2337140.0
7234,OMN,2003,19485.6441506077,-0.03353190906246439,27.9,3.6189933266497696,2363796.0
7235,OMN,2004,19534.8601445269,0.0025225722171740017,28.1,4.018183201256536,2404821.0
7236,OMN,2005,19629.0451546015,0.0048097956998507385,27.7,3.7887247890836524,2459802.0
7237,OMN,2006,20096.3965576134,0.02353015829698002,27.9,4.160444363926624,2514795.0
7238,OMN,2007,20642.7489563377,0.026823594361399472,28.0,4.746669748261791,2570174.0
7239,OMN,2008,22007.7338963517,0.06402981471161873,27.5,3.481240089335692,2626529.0
7240,OMN,2009,22819.1977324647,0.0362082551566143,28.0,4.007333185232471,2684659.0
7241,OMN,2010,22766.0503620721,-0.0023317804199916026,28.3,3.765840495250065,2757446.0
7242,OMN,2011,20993.9079436935,-0.08103810934470346,27.9,3.7013019741124933,3076763.0
7243,OMN,2012,19824.1215485946,-0.05733284146360873,27.7,3.784189633918261,3547106.0
7244,OMN,2013,19299.9400516869,-0.02679746647811143,27.7,4.37197629882038,3833913.0
7245,OMN,2014,18726.2026946971,-0.03017823307881784,27.7,4.412798293340635,4002439.0
7246,OMN,2015,18808.3077921839,0.004374919367739594,28.1,3.32862668882732,4184895.0
7247,OMN,2016,18830.6057208608,0.001184833949988473,28.1,3.730501128804756,4390877.0
7248,OMN,2017,18277.945563615,-0.029788337415391553,28.1,3.8501476017100584,4537396.0
7249,OMN,2018,18269.6769435562,-0.00045248471077741215,28.1,3.681351187693145,4597877.0
7250,OMN,2019,18089.586668488,-0.009906237361059667,28.1,3.893859034800475,4591241.0
7251,OMN,2020,17743.8858800477,-0.01929545140726141,27.8,4.206184043977636,4522497.0
7252,OMN,2021,18291.3387983888,0.03038665898469617,28.1,3.5263605246161616,4500424.0
7253,OMN,2022,18792.4460565306,0.02702732548183029,27.9,4.030694535145645,4730226.0
7254,PAK,1961,427.414442837169,0.03198028470634018,19.9,5.881649681100775,46921277.0
7255,PAK,1962,435.1234635969,0.017875680545693662,20.0,5.589119566336061,48156128.0
7256,PAK,1963,460.576971263091,0.05685017370009415,20.7,5.350909816667207,49447776.0
7257,PAK,1964,482.253588996217,0.04599010506937695,19.7,5.669191029886582,50799999.0
7258,PAK,1965,518.130266832876,0.07175659706761106,20.0,5.6185876285929695,52209010.0
7259,PAK,1966,533.122629474003,0.028524780746968403,20.1,5.550242719287699,53678667.0
7260,PAK,1967,546.281789318268,0.02438346850191131,19.9,5.895228939227156,55214768.0
7261,PAK,1968,569.341263423297,0.041345074048024344,19.8,5.332718793265369,56810507.0
7262,PAK,1969,583.741428686659,0.02497811137044348,20.6,5.353278924622011,58460939.0
7263,PAK,1970,631.587748383334,0.07877875876359575,20.6,5.718014056902925,60166719.0
7264,PAK,1971,617.297392498723,-0.022885979098200337,20.3,5.284218442168535,61847899.0
7265,PAK,1972,605.334383311172,-0.019569900312172095,19.7,5.5801071132949795,63583194.0
7266,PAK,1973,629.496808036671,0.039139777802263076,20.3,5.722931293494962,65461912.0
7267,PAK,1974,632.894770036852,0.005383385417824016,20.0,5.304796332645746,67415487.0
7268,PAK,1975,640.124357568775,0.011358297922837934,19.7,5.871554250435424,69461175.0
7269,PAK,1976,652.838055213587,0.019666631135301316,20.0,5.949600343009283,71620254.0
7270,PAK,1977,657.659383934214,0.00735804638628057,20.7,5.672635745659364,73901827.0
7271,PAK,1978,688.190284180422,0.04537823183591261,20.3,5.8998973535824915,76307379.0
7272,PAK,1979,689.743593740588,0.002254549718256449,20.2,5.749392985908253,78997039.0
7273,PAK,1980,729.775997454804,0.05641770899665577,20.7,5.651084685655752,82291010.0
7274,PAK,1981,755.351886399493,0.034446081119417826,20.5,5.750347943803522,85802049.0
7275,PAK,1982,775.040043703995,0.025730981942750475,19.8,5.837147186723625,89089246.0
7276,PAK,1983,799.413201289567,0.030963262824312388,19.8,5.876895092364846,92227711.0
7277,PAK,1984,813.98181157513,0.018060061112275427,20.2,5.621125240975192,95164936.0
7278,PAK,1985,848.459508815423,0.04148434138390922,20.5,5.497987561676604,98229285.0
7279,PAK,1986,865.38378020321,0.019750722437541057,19.9,5.814428994743265,101606764.0
7280,PAK,1987,890.342222772156,0.028432823713991695,20.6,5.415211118019536,105130717.0
7281,PAK,1988,926.557789336634,0.03987050880600762,21.0,5.770194240175453,108724739.0
7282,PAK,1989,941.244309440788,0.015726315756938725,19.9,5.724565013838729,112336629.0
7283,PAK,1990,950.884644833285,0.010190023030783202,20.6,5.838313367613807,116155576.0
7284,PAK,1991,966.522495703734,0.016311817428405817,20.2,5.500441550638171,120060406.0
7285,PAK,1992,1011.6250844611,0.04560873749820704,20.1,5.83305481036034,123546848.0
7286,PAK,1993,1001.25854820003,-0.01030027543214107,20.7,5.442417710521793,127020117.0
7287,PAK,1994,1009.06429520182,0.007765704155684894,20.5,5.93990806019358,130748083.0
7288,PAK,1995,1028.96592446155,0.019530880058084676,20.3,5.826884671790184,134582253.0
7289,PAK,1996,1047.88663514614,0.018221066371422623,20.2,5.801816214927566,138557092.0
7290,PAK,1997,1028.99804758369,-0.01818984801913004,19.8,5.82600010738045,142531804.0
7291,PAK,1998,1026.50033720969,-0.00243027347704583,20.8,5.616043560348194,146522356.0
7292,PAK,1999,1035.49888206288,0.008728036260864158,21.2,5.406723240391823,150565377.0
7293,PAK,2000,1049.54229686852,0.01347083914777869,21.0,5.336094730882067,154879127.0
7294,PAK,2001,1057.86767778646,0.00790109596989197,21.1,5.462983988103271,159270907.0
7295,PAK,2002,1059.04171024589,0.0011091949295858328,21.2,5.333201768401539,163222549.0
7296,PAK,2003,1090.27523993746,0.029065725779680918,20.7,5.900171288661591,167110248.0
7297,PAK,2004,1146.99632842666,0.050716459050221374,21.4,5.493061443340548,171286000.0
7298,PAK,2005,1201.23359367214,0.04620238637685237,20.5,5.741720313996593,175453212.0
7299,PAK,2006,1243.94142602543,0.034935884523886074,21.1,5.879135362134062,179682690.0
7300,PAK,2007,1265.35567539842,0.017068340962618223,21.1,5.715381610499553,184493231.0
7301,PAK,2008,1258.05188934452,-0.005788844063238763,21.0,5.772997543677674,189499113.0
7302,PAK,2009,1269.07432116444,0.008723348815470544,21.5,5.608372289851543,194376534.0
7303,PAK,2010,1256.69482201323,-0.009802636408844378,21.5,5.970496240671785,199239047.0
7304,PAK,2011,1261.83161907857,0.004079214023364308,21.1,5.733341276897746,203746065.0
7305,PAK,2012,1275.48806898966,0.010764573219787188,20.6,5.547518452181536,207667125.0
7306,PAK,2013,1309.70080446386,0.02646981301920448,21.2,5.807842144580979,211073978.0
7307,PAK,2014,1343.30778121043,0.025336348089884275,20.8,5.502481951264444,214264647.0
7308,PAK,2015,1380.47020838317,0.027289106167898147,21.1,5.947251392431657,217290883.0
7309,PAK,2016,1452.18658269177,0.050646236777522446,21.7,5.623656430176916,220138869.0
7310,PAK,2017,1495.26187528032,0.029230950290664026,21.4,5.605434351638425,223273967.0
7311,PAK,2018,1561.68169819559,0.04346189337374806,21.7,5.23750522715128,226928892.0
7312,PAK,2019,1573.8330826937,0.007750845510660298,20.9,5.888046587909494,230800899.0
7313,PAK,2020,1526.00597486307,-0.030860249568485543,20.8,5.977619140285929,235001746.0
7314,PAK,2021,1595.02792175422,0.04423739365546364,21.5,5.4860409726309864,239477801.0
7315,PAK,2022,1642.28066974826,0.02919468617467391,21.7,6.113239604033903,243700667.0
7316,PAN,1961,2738.92057625434,0.07406652916311973,25.6,7.821603029205152,1159870.0
7317,PAN,1962,2876.85690276555,0.049134452472850754,25.4,7.833045394653093,1195301.0
7318,PAN,1963,3029.18708775457,0.05159595067397316,25.7,7.790365124487403,1232124.0
7319,PAN,1964,3068.94216036666,0.013038633393790633,25.5,7.803843303538772,1270065.0
7320,PAN,1965,3250.82374034455,0.05757549374434312,25.5,7.741359812237338,1308835.0
7321,PAN,1966,3394.6940811312,0.04330522550602289,25.7,7.830783264508957,1348388.0
7322,PAN,1967,3578.25394607532,0.052661308576306354,25.3,7.844005488595896,1388628.0
7323,PAN,1968,3718.61324388066,0.03847585800448172,25.3,7.812337735724132,1429447.0
7324,PAN,1969,3918.90853389286,0.05246236491985634,25.9,7.815368469662604,1470886.0
7325,PAN,1970,4074.77256196417,0.03900175231962244,25.6,7.947572521139741,1513070.0
7326,PAN,1971,4343.14860006858,0.0637846368425663,25.2,7.8642278004891235,1556081.0
7327,PAN,1972,4418.27167740913,0.017149027446631493,25.7,7.821723315486647,1599723.0
7328,PAN,1973,4530.75753293497,0.025140554918232638,25.7,7.922696061622631,1643690.0
7329,PAN,1974,4520.03887921142,-0.002368555925130522,25.2,7.878458435694855,1687926.0
7330,PAN,1975,4480.69945015922,-0.008741433894609685,25.0,7.954618028848163,1732389.0
7331,PAN,1976,4441.08263061532,-0.008880979062777072,25.3,7.754438664904284,1776935.0
7332,PAN,1977,4379.72113932511,-0.013913126904421702,25.6,7.738880202483985,1821543.0
7333,PAN,1978,4693.26541163253,0.06914353446298627,25.7,7.80090020134898,1866311.0
7334,PAN,1979,4789.06360030808,0.020206311767175578,25.7,7.845220246087699,1911552.0
7335,PAN,1980,5288.474557208,0.09919493903777088,25.9,7.804822415888533,1957534.0
7336,PAN,1981,5640.28641679043,0.06440500653070202,25.6,7.943072717277933,2004418.0
7337,PAN,1982,5803.40555090203,0.028510061848276536,25.7,7.785305182539862,2052271.0
7338,PAN,1983,5413.92590021182,-0.06947040478821265,26.2,7.7778764100094415,2101106.0
7339,PAN,1984,5432.18286435842,0.0033665495683425917,25.4,7.884086932941414,2150782.0
7340,PAN,1985,5570.80309068112,0.025198171029050087,25.5,7.7884602831312835,2200915.0
7341,PAN,1986,5640.36989319688,0.01241042226271638,25.6,7.823725959645366,2251325.0
7342,PAN,1987,5416.48516426817,-0.04050253584847319,26.1,7.849986624856646,2301970.0
7343,PAN,1988,4590.31309186722,-0.1654988779292026,25.7,7.880464150761091,2352848.0
7344,PAN,1989,4563.16882343936,-0.005930933878017797,25.6,7.815005266204143,2403820.0
7345,PAN,1990,4828.75878297145,0.05657215428411888,26.0,7.843574090663838,2455583.0
7346,PAN,1991,5172.60691959995,0.0687873473140499,26.0,7.8041697808515,2508265.0
7347,PAN,1992,5480.880622945,0.05788898446507851,26.0,7.753237205845362,2561336.0
7348,PAN,1993,5661.07625832598,0.03234824011911108,26.1,7.794246379617773,2615099.0
7349,PAN,1994,5703.67338985136,0.007496395842599313,25.9,7.789288920898287,2669546.0
7350,PAN,1995,5686.40441004349,-0.0030322871087058445,26.0,7.820800750691262,2724557.0
7351,PAN,1996,5799.88560096133,0.01976005886551846,25.7,7.854458817264487,2780227.0
7352,PAN,1997,6122.6466478841,0.05415626845979915,26.1,7.812337735724132,2836695.0
7353,PAN,1998,6504.97011881774,0.06057205653700315,26.4,7.8235658956194145,2893914.0
7354,PAN,1999,6709.72276088415,0.030991114442640466,25.6,7.878458435694855,2951822.0
7355,PAN,2000,6856.14919005847,0.021588308743888618,25.6,7.836567291409964,3010369.0
7356,PAN,2001,6787.86267897348,-0.010009824370200704,25.9,7.837199128101204,3069537.0
7357,PAN,2002,6825.17747437166,0.005482227105074955,26.1,7.8433779391557845,3129344.0
7358,PAN,2003,7037.08165700349,0.030575202564254056,26.2,7.8630743978237705,3189807.0
7359,PAN,2004,7468.76593139801,0.059536235335590604,25.9,7.861110554993108,3251155.0
7360,PAN,2005,7935.87135060821,0.060663376786594725,26.0,7.816699088193238,3313026.0
7361,PAN,2006,8557.9801770364,0.07547104269365867,26.0,7.818108418189539,3375024.0
7362,PAN,2007,9507.64641073854,0.10523215851692314,25.9,7.881484385503557,3437490.0
7363,PAN,2008,10288.1549911493,0.07889687241701715,25.7,7.876638460975463,3500648.0
7364,PAN,2009,10267.0633151993,-0.002052197455457261,26.1,7.8268819856755005,3564381.0
7365,PAN,2010,10698.0717633911,0.04112248103693794,26.2,7.889646467940241,3628535.0
7366,PAN,2011,11761.4988547604,0.09476787178565083,25.9,7.899858244217239,3693505.0
7367,PAN,2012,12668.2945474105,0.074270991716471,26.1,7.762808701385103,3759256.0
7368,PAN,2013,13236.8306754449,0.04390076718618907,26.3,7.757350498418024,3825329.0
7369,PAN,2014,13611.5490809559,0.027915482619528476,26.4,7.825684667524801,3892101.0
7370,PAN,2015,14082.6548502728,0.034025258155333304,26.6,7.743486502997875,3960035.0
7371,PAN,2016,14474.1243636349,0.027418640953582596,26.6,7.766713464209047,4029086.0
7372,PAN,2017,15045.5456426827,0.03871944818492956,26.1,7.812701909155635,4098707.0
7373,PAN,2018,15375.6500855703,0.021703117985957476,26.0,7.868215994600766,4167860.0
7374,PAN,2019,15602.5315209709,0.014648083288284042,26.3,7.8468245977456315,4234700.0
7375,PAN,2020,12647.0914227279,-0.21000591639615251,26.3,7.856087166401087,4293261.0
7376,PAN,2021,14552.9345271768,0.14036539731912256,26.0,7.857364726049117,4345405.0
7377,PAN,2022,15956.0671087873,0.09204648090136125,25.7,7.812985063496868,4400773.0
7378,PER,1961,2819.64448663957,0.04174201049770243,19.6,7.355832777894177,10475123.0
7379,PER,1962,3013.56779249399,0.06651388151754656,19.6,7.325214831938669,10784612.0
7380,PER,1963,3054.09341665986,0.013358104673166338,19.7,7.292201019866226,11102099.0
7381,PER,1964,3161.27865870871,0.034493789960579946,19.3,7.319401246165382,11427978.0
7382,PER,1965,3244.42752499768,0.02596233243996693,20.0,7.382124365737512,11761085.0
7383,PER,1966,3413.00557819899,0.05065438729438476,19.6,7.286054719017532,12101297.0
7384,PER,1967,3445.54689195427,0.009489337024170652,19.3,7.365749584102142,12448814.0
7385,PER,1968,3355.06834981307,-0.02661049860634712,19.3,7.309480067474579,12803993.0
7386,PER,1969,3377.29242666322,0.006602188538279208,20.2,7.27814573380681,13166767.0
7387,PER,1970,3404.48746273535,0.008020072100364928,19.5,7.43141815154962,13501237.0
7388,PER,1971,3474.09968688628,0.020240959161261785,19.1,7.35461821578623,13838067.0
7389,PER,1972,3500.78314670801,0.007651337129413349,20.1,7.462559509920338,14210147.0
7390,PER,1973,3625.43301411272,0.034987033673850476,19.3,7.505162187261247,14582867.0
7391,PER,1974,3866.6634321787,0.06441823959652915,18.8,7.367203394288356,14956552.0
7392,PER,1975,3933.70255577203,0.017189135571168634,18.9,7.476529004702325,15333957.0
7393,PER,1976,3893.41831349783,-0.010293592918710459,19.4,7.391600174416353,15716809.0
7394,PER,1977,3811.69775974603,-0.021212819472617994,19.5,7.412643310081374,16109806.0
7395,PER,1978,3619.69303247044,-0.05168547153613545,19.3,7.296209858256895,16516059.0
7396,PER,1979,3674.96184299482,0.015153525170289228,19.6,7.1785454837637,16933139.0
7397,PER,1980,3797.43621611508,0.032783409311326395,19.7,7.295870748755188,17360949.0
7398,PER,1981,3909.66676934412,0.029125986070043908,19.3,7.449730671740344,17798805.0
7399,PER,1982,3805.24470888803,-0.027071843433876808,19.8,7.415837142077065,18246503.0
7400,PER,1983,3325.45532400634,-0.13477369741660716,20.4,7.288381097076656,18705957.0
7401,PER,1984,3361.21738023781,0.010696619618421721,19.4,7.337522679613266,19174716.0
7402,PER,1985,3347.82743034644,-0.003991616704885459,19.2,7.084226422097916,19648204.0
7403,PER,1986,3578.0009133316,0.06649263315289033,19.4,7.321519189904997,20117122.0
7404,PER,1987,3837.26769850321,0.06995633613936825,20.2,7.249428254002522,20582320.0
7405,PER,1988,3397.01630742059,-0.12186308678616165,19.5,7.181135566723058,21054702.0
7406,PER,1989,2912.6643430804,-0.15382924559425692,19.3,7.264590210122234,21532589.0
7407,PER,1990,2706.92253156841,-0.07325585170329951,19.5,7.303708626717706,22014771.0
7408,PER,1991,2709.27754515647,0.0008696184421221886,19.7,7.17096533950943,22483775.0
7409,PER,1992,2640.31373880219,-0.025784260294797967,20.0,7.2094881746565775,22946340.0
7410,PER,1993,2723.2842310292,0.030940839266786924,19.8,7.379756910890546,23413783.0
7411,PER,1994,2998.57693125514,0.09629923005788754,19.8,7.368339686311381,23881493.0
7412,PER,1995,3158.98338644792,0.052112442811344195,19.8,7.223514474005809,24348919.0
7413,PER,1996,3186.90077024092,0.008798636472965526,19.2,7.304986582163198,24811171.0
7414,PER,1997,3331.15151093297,0.04426914413498473,20.3,7.335177554442343,25274147.0
7415,PER,1998,3258.29746206218,-0.022113235239658025,20.5,7.298445101508147,25738095.0
7416,PER,1999,3250.37802318947,-0.0024335036518134956,19.4,7.441203080784407,26186504.0
7417,PER,2000,3286.27308475523,0.010982817281897539,19.5,7.392216393316799,26598331.0
7418,PER,2001,3261.6642505136,-0.007516550279900613,19.5,7.429876862489979,26964601.0
7419,PER,2002,3398.74991419297,0.04117012031077394,19.8,7.40098703434708,27288217.0
7420,PER,2003,3502.79165687646,0.03015257510108782,19.8,7.4416136018587,27580490.0
7421,PER,2004,3640.60299869744,0.038589060092540706,19.9,7.43384382941404,27852190.0
7422,PER,2005,3835.13219279722,0.0520545774041512,19.7,7.304246912291193,28101180.0
7423,PER,2006,4091.36268615581,0.06467418534775149,19.9,7.465540821611406,28324491.0
7424,PER,2007,4407.79121686416,0.0744956164701982,19.3,7.403609386817982,28530699.0
7425,PER,2008,4778.52642172313,0.08075851286745461,19.5,7.396641995229374,28719041.0
7426,PER,2009,4801.17153740507,0.004727739425176125,19.9,7.406467834864325,28896811.0
7427,PER,2010,5167.39259325937,0.07350826888252904,19.8,7.215313505438708,29086019.0
7428,PER,2011,5453.45718713631,0.05388152651736,19.6,7.3555132992805525,29304086.0
7429,PER,2012,5740.04346272472,0.05121702837992004,19.8,7.27807668495472,29550366.0
7430,PER,2013,6021.46142765232,0.04786320972120883,19.4,7.340835554123275,29817919.0
7431,PER,2014,6103.91864749969,0.013600974230101315,19.8,7.325807502595773,30115826.0
7432,PER,2015,6231.71150338894,0.02072004855854459,20.4,7.328043315981939,30457600.0
7433,PER,2016,6392.25474941014,0.025436047367234593,20.3,7.283173465738004,30866494.0
7434,PER,2017,6457.41940254721,0.01014270261073591,20.0,7.414452392164348,31324637.0
7435,PER,2018,6593.14437459526,0.020800613361506848,19.7,7.336285660021297,31897584.0
7436,PER,2019,6626.26083494969,0.005010290418724139,19.8,7.429164696287772,32449303.0
7437,PER,2020,5831.83024758521,-0.12770978125839605,20.0,7.1375168825979225,32838579.0
7438,PER,2021,6550.96747543872,0.11628185769779797,19.8,7.29015644749175,33155882.0
7439,PER,2022,6671.28902042137,0.01820035277737375,19.6,7.089576710734409,33475438.0
7440,PHL,1961,1150.62906586528,0.023608935319169966,26.0,7.788418833213141,28792621.0
7441,PHL,1962,1168.60880125748,0.01550517595058043,25.8,7.88570539124302,29723536.0
7442,PHL,1963,1211.82149959902,0.03631061667802804,25.7,7.706972723269149,30674731.0
7443,PHL,1964,1214.70925760191,0.0023801547601367545,26.0,7.906694551166181,31643032.0
7444,PHL,1965,1241.10921652117,0.02150075521417616,25.9,7.810068782925433,32625316.0
7445,PHL,1966,1257.98440669165,0.013505253668306239,26.3,7.835421068877797,33617170.0
7446,PHL,1967,1285.2931010298,0.021476023639500852,25.8,7.756409362140481,34621320.0
7447,PHL,1968,1311.52148738311,0.020201117488728215,25.9,7.591155108087202,35638342.0
7448,PHL,1969,1334.73174869948,0.017542430344845705,26.2,7.602251549111378,36660799.0
7449,PHL,1970,1348.64912771152,0.010373110972295763,26.3,7.856977759091266,37622204.0
7450,PHL,1971,1388.24899930969,0.02893979498057142,25.7,7.984803389734406,38518659.0
7451,PHL,1972,1430.58532244744,0.030040436610807575,26.0,7.822164241438274,39408560.0
7452,PHL,1973,1522.01742049488,0.061953028244110975,26.3,7.805026277019038,40294130.0
7453,PHL,1974,1540.04224351715,0.011773141738976811,26.0,7.8667989399219405,41174341.0
7454,PHL,1975,1587.49928255808,0.030350152948078524,26.0,7.827559830156089,42120826.0
7455,PHL,1976,1683.65998853926,0.05880998853827979,25.9,7.770982729913683,43201488.0
7456,PHL,1977,1730.59409726768,0.027494769992652657,26.2,7.709308333385869,44367962.0
7457,PHL,1978,1772.22820167607,0.02377286749181806,26.2,7.745219230310321,45575281.0
7458,PHL,1979,1822.1450227022,0.02777676513079097,26.3,7.675685203985768,46807103.0
7459,PHL,1980,1867.56862352125,0.024622992539597988,26.4,7.820881007513136,48043740.0
7460,PHL,1981,1881.81520256172,0.007599460746108733,26.0,7.712533275713268,49311727.0
7461,PHL,1982,1898.13930580212,0.008637249304713102,26.2,7.6706150719533825,50695707.0
7462,PHL,1983,1878.60173410166,-0.010346351936896703,26.5,7.6327886484044045,52194620.0
7463,PHL,1984,1696.57673822151,-0.10191520418300382,26.3,7.8847271016665585,53726181.0
7464,PHL,1985,1537.66555840437,-0.09834714231231256,26.4,7.845102753381902,55213006.0
7465,PHL,1986,1551.40892775445,0.008898108537477079,26.3,7.888522030040657,56645077.0
7466,PHL,1987,1576.97337027736,0.01634391781894795,26.8,7.585382647884045,58157496.0
7467,PHL,1988,1638.03682404026,0.03799104475637893,26.7,7.8543035980169895,59739052.0
7468,PHL,1989,1696.00236347127,0.034775464647672116,26.3,7.860377940103683,61265260.0
7469,PHL,1990,1704.07568899121,0.004748914917813707,26.6,7.790902792263038,62854666.0
7470,PHL,1991,1656.38349704781,-0.02838623634736681,26.6,7.618447638757831,64382249.0
7471,PHL,1992,1624.34939806129,-0.019529244307118,26.4,7.55260467413433,65926125.0
7472,PHL,1993,1620.35505833942,-0.002462068144126306,26.5,7.741663902250325,67530621.0
7473,PHL,1994,1654.74613902838,0.02100230970423489,26.6,7.719662795262925,69019291.0
7474,PHL,1995,1693.80873081644,0.023332073317134494,26.5,7.899042159892698,70546246.0
7475,PHL,1996,1752.23800104559,0.033914148568227276,26.4,7.844123110285471,72190242.0
7476,PHL,1997,1800.25913137613,0.027036787782518168,26.5,7.615446184982923,73908810.0
7477,PHL,1998,1746.52590513282,-0.0303019986632469,27.1,7.6930713470134595,75791024.0
7478,PHL,1999,1759.42105225652,0.007356189600430163,26.5,8.093523378653227,77753257.0
7479,PHL,2000,1793.34761146436,0.019099239903574983,26.7,8.023454091373745,79625397.0
7480,PHL,2001,1807.70892524758,0.007976209079485486,26.7,7.950396683711585,81401488.0
7481,PHL,2002,1837.25429286854,0.016211968660527987,26.6,7.772752716468742,83068889.0
7482,PHL,2003,1892.82161995051,0.029796411385217603,26.5,7.836843769086153,84731835.0
7483,PHL,2004,1978.34489133113,0.0441919452846129,26.6,7.7651449029361315,86394504.0
7484,PHL,2005,2037.8776605946,0.02964832218300728,26.7,7.823325751531809,88015962.0
7485,PHL,2006,2110.42044781284,0.034978288153903137,26.7,7.839289240268986,89508986.0
7486,PHL,2007,2209.34651083329,0.04580958334357632,26.7,7.89632946244131,91075184.0
7487,PHL,2008,2264.9462907288,0.024854270604010686,26.4,8.039350920132263,92699095.0
7488,PHL,2009,2256.72554835463,-0.0036361557071638018,26.4,7.9217895911749485,94384250.0
7489,PHL,2010,2373.14312064664,0.05030039750480686,26.6,7.829948556508906,96337125.0
7490,PHL,2011,2416.75212064542,0.018209252091411443,26.4,8.087916832204535,98248614.0
7491,PHL,2012,2533.74141964959,0.04727249251450605,26.7,7.976835765044209,100175512.0
7492,PHL,2013,2654.41506933978,0.04652728520019345,26.7,7.89577114630822,102076336.0
7493,PHL,2014,2776.92005909479,0.0451181035690551,26.6,7.825564856825562,103767130.0
7494,PHL,2015,2909.85818010301,0.046761923511865255,26.8,7.758760544157663,105312992.0
7495,PHL,2016,3076.3374186759,0.05563539496930936,27.2,7.8003269242357,106735719.0
7496,PHL,2017,3247.4503878362,0.05413045280787543,26.7,8.048979958454122,108119693.0
7497,PHL,2018,3410.93647976109,0.049116688674928355,26.9,7.918301088781796,109465287.0
7498,PHL,2019,3575.88170922922,0.04722489660142237,27.0,7.743833288731118,110804683.0
7499,PHL,2020,3198.66690008413,-0.11147764840684182,27.1,7.825484975050546,112081264.0
7500,PHL,2021,3350.97587587776,0.046517480365022124,27.0,7.91939255363584,113100950.0
7501,PHL,2022,3577.70136573244,0.06546890793437399,27.0,8.008565151193734,113964338.0
7502,PLW,1971,12495.810670217,-0.03255391534398733,27.5,8.223814926419575,11759.0
7503,PLW,1972,12091.1710549566,-0.032917920363422226,27.6,8.160489675640763,12194.0
7504,PLW,1973,11770.0449586069,-0.026917780360509624,27.8,7.946546789331707,12552.0
7505,PLW,1974,11657.0914082085,-0.009643041634099347,27.6,8.388996117410981,12687.0
7506,PLW,1975,11689.5208549178,0.0027780876472114358,27.4,8.19775897978374,12655.0
7507,PLW,1976,11737.5344891963,0.00409899586605178,27.5,7.998570583348022,12598.0
7508,PLW,1977,11974.7821942458,0.02001117185286283,27.7,7.9263498596642155,12525.0
7509,PLW,1978,11997.6955070578,0.0019116355076249647,27.5,8.253826424611157,12440.0
7510,PLW,1979,12052.5989169192,0.004565724166956997,27.5,8.221720853489394,12337.0
7511,PLW,1980,12072.0875292275,0.0016156576037698045,27.5,8.280559049919528,12271.0
7512,PLW,1981,11899.882079637,-0.014367481243775515,27.5,8.165960554081792,12402.0
7513,PLW,1982,11582.6500026437,-0.027020201769147434,27.5,8.060224240440958,12694.0
7514,PLW,1983,11523.2042458531,-0.005145526091400399,27.6,7.92004686118372,13006.0
7515,PLW,1984,11756.6032846059,0.020052301472556877,27.5,8.180964925031866,13337.0
7516,PLW,1985,12077.8887489268,0.026961340386156607,27.4,8.246276458630344,13688.0
7517,PLW,1986,12429.3988970436,0.02868814051375601,27.7,8.225744032395212,14024.0
7518,PLW,1987,12821.7006648603,0.031074554553622846,27.9,8.199491677311533,14334.0
7519,PLW,1988,13231.67012091,0.03147410770802672,27.9,8.226038429485484,14645.0
7520,PLW,1989,13670.963657321,0.03266093500105072,27.7,8.148272140488686,14945.0
7521,PLW,1990,14117.5711002162,0.032146056301140646,27.8,8.132236343939423,15259.0
7522,PLW,1991,14473.3492441159,0.02488877622856478,27.5,8.31230695637286,15614.0
7523,PLW,1992,13229.3220919377,-0.0898732385008234,27.5,7.963668813117131,15989.0
7524,PLW,1993,11330.6949085817,-0.15492032993624072,27.5,8.010791102710026,16372.0
7525,PLW,1994,11869.3000771999,0.0464398345265451,27.6,7.9108106907520295,16770.0
7526,PLW,1995,12837.708188873,0.07843155117942935,27.7,8.083452057956336,17195.0
7527,PLW,1996,13804.33934348,0.07259619554792174,27.9,8.020434824861683,17654.0
7528,PLW,1997,13767.7795410714,-0.0026519415492245457,27.8,7.86584033251327,18108.0
7529,PLW,1998,13727.7611804865,-0.0029109002981684284,28.0,7.8919663073402715,18524.0
7530,PLW,1999,12727.4358812353,-0.07566017709926776,27.8,8.288911462245904,18901.0
7531,PLW,2000,12216.9793626185,-0.04093323378298486,28.0,8.196905279215542,19178.0
7532,PLW,2001,12996.5090361666,0.06185405053418336,28.1,8.292197926738552,19352.0
7533,PLW,2002,13503.9227174315,0.038299429178325184,28.1,8.032392625474397,19503.0
7534,PLW,2003,13111.7142001123,-0.029474170513003273,27.8,8.328040354469264,19659.0
7535,PLW,2004,13456.8137686422,0.025979533283285505,28.0,7.914983005848394,19820.0
7536,PLW,2005,13845.7172322875,0.02849038203932075,27.9,8.2568409015697,19819.0
7537,PLW,2006,14037.3706523634,0.013747145878920008,27.9,8.21970317797337,19593.0
7538,PLW,2007,14346.8995831129,0.021810756349308846,27.8,8.045331837668387,19302.0
7539,PLW,2008,13759.0034121669,-0.0418404584951233,27.8,8.200645143329789,19009.0
7540,PLW,2009,13113.5786666921,-0.04804517062773783,27.9,8.216061071240052,18709.0
7541,PLW,2010,12933.0676102142,-0.013860820665119178,27.7,7.8888220037952035,18396.0
7542,PLW,2011,13758.7587383152,0.06188820831687458,27.6,8.387175618091511,18078.0
7543,PLW,2012,14289.7833891839,0.03786921315229108,27.8,8.04715756165849,17765.0
7544,PLW,2013,14184.0449521037,-0.007427095638291803,28.0,7.894877191616883,17648.0
7545,PLW,2014,14725.8436432778,0.03748628317917024,28.0,8.155821520818584,17715.0
7546,PLW,2015,15938.3652222848,0.07912508874406221,28.2,7.72263324811323,17770.0
7547,PLW,2016,16179.3959628749,0.01500946869972175,28.3,7.929054464547576,17797.0
7548,PLW,2017,15612.6700180498,-0.035655813342405196,28.1,8.33117681718331,17812.0
7549,PLW,2018,15545.7219371676,-0.004297281066609315,28.1,8.02832473500229,17814.0
7550,PLW,2019,15606.4827634374,0.003900905499552465,27.7,8.105428281159545,17798.0
7551,PLW,2020,14673.8845975778,-0.0616170338463089,27.5,8.16718171149304,17792.0
7552,PLW,2021,12932.0857060233,-0.12635786856727194,27.2,8.378689457165157,17783.0
7553,PLW,2022,12889.6216058288,-0.0032890263964304722,27.2,8.346143863660162,17759.0
7554,PNG,1961,1358.94134628412,0.034726500031173835,24.8,8.104250193452113,2046127.0
7555,PNG,1962,1412.56784779974,0.038703241954952006,25.1,8.074929235070975,2093919.0
7556,PNG,1963,1437.51485607465,0.01750661157119726,24.9,7.9834741688369375,2141376.0
7557,PNG,1964,1527.22988798729,0.06053973538872359,25.1,8.07246736935477,2188325.0
7558,PNG,1965,1648.27983167304,0.07627665415992091,24.5,7.921463060559803,2235820.0
7559,PNG,1966,1705.99059094553,0.034413715936785216,24.8,8.078874258436995,2285774.0
7560,PNG,1967,1736.12038081553,0.017507023839715252,24.7,8.074960359115858,2337532.0
7561,PNG,1968,1771.43806840821,0.020138727117752886,24.9,7.943853662261004,2390803.0
7562,PNG,1969,1874.00506195675,0.05628620022397257,25.1,8.069091944222208,2446927.0
7563,PNG,1970,2028.5358613526,0.07923639729868981,25.2,8.139352977920192,2505628.0
7564,PNG,1971,2105.15949919314,0.037076953589861184,25.1,8.106966766206362,2566421.0
7565,PNG,1972,2171.49663633103,0.0310253881324023,24.7,7.887058367997817,2628432.0
7566,PNG,1973,2259.80527474783,0.03986202397164895,25.3,8.158315823922305,2690629.0
7567,PNG,1974,2266.53521520955,0.0029736805863063154,25.1,7.993214781071947,2752671.0
7568,PNG,1975,2196.98934842024,-0.031164383390048123,25.1,8.120826566293333,2814820.0
7569,PNG,1976,2076.43535316399,-0.056435294144481674,24.9,8.006200887093147,2877327.0
7570,PNG,1977,2048.9082542917,-0.01334555859947173,25.0,8.092178224063357,2940327.0
7571,PNG,1978,2177.15239817535,0.060710691149220786,25.2,8.03197033502975,3003714.0
7572,PNG,1979,2171.05741868956,-0.002803444973610958,25.2,7.950537682689576,3067341.0
7573,PNG,1980,2077.58361339529,-0.04400884452472731,25.3,7.988305424831839,3131512.0
7574,PNG,1981,2029.42105281099,-0.023454937341183424,25.4,8.06044531518091,3197019.0
7575,PNG,1982,1994.61292972615,-0.017300545387986865,25.0,7.841453615511326,3264291.0
7576,PNG,1983,2016.07588072498,0.010702977419203563,25.5,8.106876332577048,3333633.0
7577,PNG,1984,1966.70397098497,-0.024793958388174886,25.3,8.007300465698847,3405198.0
7578,PNG,1985,2002.02298435765,0.01779913116414278,25.2,8.128791668733953,3478936.0
7579,PNG,1986,2051.25221816556,0.024292283268932735,25.4,7.993012112603088,3554793.0
7580,PNG,1987,2062.9612180845,0.005691990322543639,25.4,7.882314918980268,3632543.0
7581,PNG,1988,2077.6016087929,0.007071720600979603,25.6,8.081691466931535,3711880.0
7582,PNG,1989,2002.68081599173,-0.03672746470673527,25.4,8.069467554593471,3796078.0
7583,PNG,1990,1892.30679279448,-0.05669008088681693,25.5,8.086133313896585,3896481.0
7584,PNG,1991,2008.35151943089,0.05951763586173797,25.2,7.978619458447522,4021837.0
7585,PNG,1992,2206.99633305172,0.09431821977926802,25.4,7.918228282083548,4166699.0
7586,PNG,1993,2515.6383945071,0.1308941403700148,25.3,7.839328634387449,4320872.0
7587,PNG,1994,2570.33691061958,0.02151037780622822,25.2,7.873407440394017,4480208.0
7588,PNG,1995,2397.40045298857,-0.0696519782006284,25.1,8.047317553979202,4644278.0
7589,PNG,1996,2492.07962762784,0.03873254797563508,25.1,8.094927744629727,4813361.0
7590,PNG,1997,2310.98773975643,-0.0754425276063806,25.0,8.03027938769656,4987883.0
7591,PNG,1998,2147.04526266919,-0.07358242561483763,25.2,8.047669447007353,5166390.0
7592,PNG,1999,2112.0950973955,-0.016412208488972624,25.1,8.05623651480338,5349333.0
7593,PNG,2000,1989.57882204274,-0.05975742288495667,25.1,8.035667436695109,5537064.0
7594,PNG,2001,1920.78003889393,-0.03519159532973504,25.1,8.040092437051868,5728435.0
7595,PNG,2002,1854.41831737462,-0.03516030244650992,25.1,8.041734711487537,5924003.0
7596,PNG,2003,1832.67870314447,-0.011792402551844994,25.3,8.033917881737253,6123997.0
7597,PNG,2004,1821.84741071002,-0.005927621700676511,25.2,8.037866234709618,6328041.0
7598,PNG,2005,1875.82273480514,0.029196307984938663,25.1,8.038963823353235,6535905.0
7599,PNG,2006,1915.2349405788,0.020792944405411795,25.1,8.035602692918582,6747720.0
7600,PNG,2007,2000.9726186689,0.04379307220148476,25.1,8.045203591435445,6963345.0
7601,PNG,2008,1934.03201558753,-0.0340264207118981,25.1,8.045331837668387,7183002.0
7602,PNG,2009,2003.24109727039,0.0351594665506596,25.1,8.05092657084741,7406438.0
7603,PNG,2010,2140.50939027384,0.06627741602358661,25.2,8.06739994945853,7633523.0
7604,PNG,2011,2102.03192060639,-0.018139375381160505,25.1,8.045075328753297,7859346.0
7605,PNG,2012,2139.48096660428,0.01765880248094387,25.2,8.050990330092523,8081390.0
7606,PNG,2013,2162.10592595591,0.010519451799553714,25.2,8.043181540772963,8302698.0
7607,PNG,2014,2391.3578028163,0.10077861051245574,25.2,8.048660479840498,8523441.0
7608,PNG,2015,2484.5963398603,0.03824888470751642,25.2,8.030409562130485,8743246.0
7609,PNG,2016,2557.09463030035,0.028761496288478128,25.3,8.038867025740833,8961718.0
7610,PNG,2017,2584.8883636271,0.010810616855614796,25.2,8.03579691167425,9178714.0
7611,PNG,2018,2518.45899317321,-0.026035116981197426,25.2,8.032327669319779,9394513.0
7612,PNG,2019,2572.56177967896,0.021255000033095328,25.2,8.046389241999734,9609010.0
7613,PNG,2020,2438.61137922293,-0.05347343343550559,25.2,8.037737027396304,9815746.0
7614,PNG,2021,2378.3893914666,-0.0250052381002126,25.3,8.054903731310311,10012896.0
7615,PNG,2022,2467.24008628973,0.036676619614143036,25.3,8.04257091261046,10203169.0
7616,POL,1991,4735.9276980893,-0.07628501245368291,8.1,6.248429646897702,38246193.0
7617,POL,1992,4840.16858549117,0.021771920820549795,8.8,6.267959273919186,38363667.0
7618,POL,1993,5008.34908886395,0.03415678577625059,7.8,6.363717521010033,38461408.0
7619,POL,1994,5262.31523522496,0.04946475108493864,8.8,6.398262100449925,38542652.0
7620,POL,1995,5671.89573674798,0.07495231826808357,8.2,6.335586024975094,38594998.0
7621,POL,1996,6012.95806433166,0.05839341090149652,6.6,6.296372400224832,38624370.0
7622,POL,1997,6391.13172823376,0.06099454411145544,7.9,6.418038618426381,38649660.0
7623,POL,1998,6684.11477782234,0.044822420634586635,8.3,6.516340994096632,38663481.0
7624,POL,1999,6998.79475144289,0.04600417325382189,8.9,6.401419560488998,38660271.0
7625,POL,2000,7401.57697647848,0.055955126570403024,9.5,6.408199247474377,38258629.0
7626,POL,2001,7494.96089503246,0.012537831630943685,8.3,6.536691597591305,38248076.0
7627,POL,2002,7640.99307757777,0.01929666464043045,9.1,6.415424237852311,38230364.0
7628,POL,2003,7915.55424389704,0.03530213667139748,8.4,6.186620061882023,38204570.0
7629,POL,2004,8323.38773754587,0.05023963657254349,8.3,6.391749595174604,38182222.0
7630,POL,2005,8598.57681241557,0.032527350685233714,8.2,6.323821183395508,38165445.0
7631,POL,2006,9137.65850849801,0.06080746932011749,8.6,6.295081482572068,38141267.0
7632,POL,2007,9760.7042604352,0.06596038369654167,9.3,6.49767955831629,38120560.0
7633,POL,2008,10187.2017910883,0.042767650444908156,9.4,6.387720716130836,38125759.0
7634,POL,2009,10446.5289138524,0.025137555781046927,8.7,6.499937405290376,38151603.0
7635,POL,2010,10808.3975674238,0.03405362265286627,7.6,6.65260493153284,38042794.0
7636,POL,2011,11370.313427173,0.05068248900463601,8.9,6.292679633842347,38063255.0
7637,POL,2012,11542.2353368014,0.015007072147534828,8.6,6.4007556600496756,38063164.0
7638,POL,2013,11628.2286809525,0.007422703223614491,8.6,6.4577111274760055,38040196.0
7639,POL,2014,12093.1622787394,0.039204543034525585,9.8,6.421622267806518,38011735.0
7640,POL,2015,12637.5220324406,0.04403013582036586,9.8,6.23166185298802,37986412.0
7641,POL,2016,13026.1858988718,0.030291303630125554,9.3,6.491026978595262,37970087.0
7642,POL,2017,13695.6452848724,0.050116288494189476,9.1,6.583824073855235,37974826.0
7643,POL,2018,14551.0850277089,0.06058764330120958,9.9,6.2136075980886085,37974750.0
7644,POL,2019,15221.3090624454,0.04503079490579154,10.2,6.275138598162224,37965475.0
7645,POL,2020,15090.2228440113,-0.008649317761872055,10.1,6.424869023905388,37515748.0
7646,POL,2021,16368.6239689025,0.081319289417765,8.7,6.455827296463632,36981559.0
7647,POL,2022,17303.64494323,0.05555083992181942,9.7,6.284320710833492,36821749.0
7648,PRT,1961,4257.65388017102,0.045820707581244235,16.8,6.5489351786970165,8929316.0
7649,PRT,1962,4506.63560592298,0.05683261352781166,16.05,6.51789281410138,8993985.0
7650,PRT,1963,4752.12521484661,0.05304104189272074,15.75,6.999924166453514,9030355.0
7651,PRT,1964,5049.218554524,0.06064155799630022,16.15,6.503164788284634,9035365.0
7652,PRT,1965,5448.51725866832,0.07611001939461026,15.850000000000001,6.793970489675517,8998595.0
7653,PRT,1966,5713.62838085394,0.04751075606148447,16.05,6.805057880743794,8930990.0
7654,PRT,1967,6183.79174970692,0.07907736996498116,15.8,6.5270071734108095,8874520.0
7655,PRT,1968,6761.48789974347,0.08931133429179638,15.899999999999999,6.70594504560432,8836650.0
7656,PRT,1969,6967.12459996009,0.02995963084608988,15.65,6.886582713749336,8757705.0
7657,PRT,1970,7669.77195112354,0.09608428216463949,15.950000000000001,6.792063804485945,8680431.0
7658,PRT,1971,8213.1050452452,0.06844417243627454,15.399999999999999,6.465833633863357,8643756.0
7659,PRT,1972,8885.14073194285,0.07864924595942746,15.100000000000001,6.880743729735287,8630430.0
7660,PRT,1973,9877.2804544881,0.10585691547210452,15.7,6.472964341492144,8633100.0
7661,PRT,1974,9851.78068681759,-0.0025849969937681294,15.600000000000001,6.39634615167773,8754365.0
7662,PRT,1975,9072.05093725209,-0.08245385748666578,15.75,6.558197802812269,9093470.0
7663,PRT,1976,9426.10699955096,0.03828481822410801,15.75,6.686672103634846,9355810.0
7664,PRT,1977,9849.08360264936,0.04389523562171682,15.899999999999999,6.7875630936537314,9455675.0
7665,PRT,1978,10017.7579882054,0.016980901356092204,16.049999999999997,6.761862078801734,9558250.0
7666,PRT,1979,10469.8136145657,0.04413690591978536,15.95,6.765903654741896,9661265.0
7667,PRT,1980,10832.5268441458,0.034057129872829606,16.1,6.419994928147142,9766312.0
7668,PRT,1981,10912.7743508823,0.007380709083383508,16.35,6.353935163643291,9851362.0
7669,PRT,1982,11077.8729596103,0.015015629911998118,16.1,6.321936676174716,9911771.0
7670,PRT,1983,11007.5061325594,-0.00637227596285328,16.35,6.608675161577986,9957865.0
7671,PRT,1984,10759.1130776416,-0.02282429216534787,15.8,6.764115828780526,9996232.0
7672,PRT,1985,11030.9534416691,0.024952146689635413,16.4,6.840225622188537,10023613.0
7673,PRT,1986,11477.2965980764,0.039665604889888684,15.95,6.403905268952571,10032734.0
7674,PRT,1987,12212.9985072923,0.062129960778756654,16.75,6.918200536843676,10030031.0
7675,PRT,1988,13141.2966199784,0.07325884954159889,16.3,6.609281855452135,10019610.0
7676,PRT,1989,14008.1059570799,0.06387647348779346,16.95,6.910351904829403,10005000.0
7677,PRT,1990,14593.2706053569,0.04092434602240225,16.75,6.621605365508433,9983218.0
7678,PRT,1991,15265.8793018366,0.04505972198864505,16.2,6.621339071651589,9960235.0
7679,PRT,1992,15444.2006161246,0.01161334121814761,16.25,6.27673746988774,9952494.0
7680,PRT,1993,15110.1392558339,-0.021867575845245568,15.7,6.5151570365807965,9964675.0
7681,PRT,1994,15214.9307536408,0.006911239768923494,16.5,6.326417773474197,9991525.0
7682,PRT,1995,15811.7171369279,0.038474023986674766,17.2,6.583132558718074,10026176.0
7683,PRT,1996,16304.3794463959,0.03068249328329742,16.45,7.038608087400899,10063945.0
7684,PRT,1997,16946.086865108,0.03860319433961301,17.15,6.84609261859003,10108977.0
7685,PRT,1998,17671.3135082912,0.04190567531126632,16.950000000000003,6.449522105335317,10160196.0
7686,PRT,1999,18258.0911720943,0.03266571460345702,16.55,6.552436557814545,10217828.0
7687,PRT,2000,18822.0933092937,0.030423022210664286,16.55,6.73268735089949,10289898.0
7688,PRT,2001,19053.089945659,0.012197934407941702,16.9,6.7339969528486705,10362722.0
7689,PRT,2002,19095.1102477398,0.002203004013939136,16.75,6.720340775122173,10419631.0
7690,PRT,2003,18846.5411893632,-0.013102888528242929,17.0,6.756932389247553,10458821.0
7691,PRT,2004,19137.8370898949,0.015337969154641584,16.8,6.315177153343887,10483861.0
7692,PRT,2005,19251.71450683,0.0059327471259766895,16.6,6.452600852586607,10503330.0
7693,PRT,2006,19529.3122100477,0.014316405111411967,17.05,6.708023031928389,10522288.0
7694,PRT,2007,19979.5706280792,0.022793755734367593,16.6,6.395261598115449,10542964.0
7695,PRT,2008,20014.4749330004,0.001745475522337614,16.700000000000003,6.657368991274053,10558177.0
7696,PRT,2009,19371.1318876855,-0.0326718476244654,17.2,6.71319918451984,10568247.0
7697,PRT,2010,19698.6836791397,0.01676790439248066,17.1,7.092449019921148,10573100.0
7698,PRT,2011,19389.6395896162,-0.015812933547893593,17.05,6.653250051224913,10557560.0
7699,PRT,2012,18679.7626789594,-0.03729815347832677,16.9,6.502939959715469,10514844.0
7700,PRT,2013,18597.7214623964,-0.004401656974026835,16.75,6.65486103201602,10457295.0
7701,PRT,2014,18836.8967978906,0.012778470900229877,17.1,6.72898740038748,10401062.0
7702,PRT,2015,19215.7813014347,0.019914342113107608,17.15,6.239203145277572,10358076.0
7703,PRT,2016,19662.82312462,0.02299781758966546,17.2,6.795482036499351,10325452.0
7704,PRT,2017,20364.1962735946,0.03504857246050541,17.6,6.366642254277689,10300300.0
7705,PRT,2018,20997.7745987013,0.03063818636065463,16.65,6.751919847424009,10283822.0
7706,PRT,2019,21569.1874752919,0.026849329870955785,17.1,6.246300545154681,10286263.0
7707,PRT,2020,19778.7139525722,-0.08665948397235823,17.5,6.604485683188642,10297081.0
7708,PRT,2021,20747.6990734163,0.047829045983812435,17.1,6.6806037062703885,10361831.0
7709,PRT,2022,22042.8680283647,0.060553751647420384,17.8,6.638960382248839,10434332.0
7710,PRY,1961,1575.52406103644,0.043696652557382976,24.7,7.143222579985179,1927394.0
7711,PRY,1962,1589.79545588368,0.009017409759608519,23.5,6.855408798609928,1973130.0
7712,PRY,1963,1624.51869505985,0.02160622039553317,24.9,6.9957661563048505,2021909.0
7713,PRY,1964,1651.13204882209,0.016249558601416858,23.7,6.98072689143796,2073119.0
7714,PRY,1965,1710.03289597261,0.03505146488500088,24.0,7.271217139609844,2125177.0
7715,PRY,1966,1702.11401817257,-0.004641589132321933,24.0,6.988597666826238,2177584.0
7716,PRY,1967,1814.19962099789,0.0637733716819211,24.2,6.864952156656828,2229994.0
7717,PRY,1968,1852.79561030551,0.021051248881735596,23.8,6.958828549166138,2282391.0
7718,PRY,1969,1896.19771964484,0.023155041737138227,23.8,7.112001393191883,2334992.0
7719,PRY,1970,1957.05006174244,0.03158758803756978,23.9,6.95129358099662,2388028.0
7720,PRY,1971,2019.34109541627,0.031332998867013906,23.1,7.109389146808464,2442537.0
7721,PRY,1972,2103.85688114327,0.04100100247806271,23.8,7.080110671464242,2499881.0
7722,PRY,1973,2203.53402180623,0.046290174783085725,23.5,7.116799905916845,2561102.0
7723,PRY,1974,2329.53831328205,0.055607654062933776,23.3,7.059273926621047,2625621.0
7724,PRY,1975,2428.10852282564,0.04144246944702168,23.3,7.082128665926917,2691648.0
7725,PRY,1976,2547.26283802519,0.04790681722990886,23.0,6.984994059322939,2758836.0
7726,PRY,1977,2770.71211550828,0.08408498275593068,24.3,6.995857727203683,2827874.0
7727,PRY,1978,3027.55721498509,0.08865172612224548,24.0,6.798944373123957,2899269.0
7728,PRY,1979,3301.62489424794,0.0866586447908606,23.5,7.118259286749883,2973968.0
7729,PRY,1980,3592.56127303015,0.08445065516118255,23.8,6.9673440703937946,3053235.0
7730,PRY,1981,3816.55409047898,0.06048255030804839,23.8,6.9111495120501525,3137604.0
7731,PRY,1982,3659.88259197454,-0.041916876749491294,23.9,7.19975302550152,3226189.0
7732,PRY,1983,3450.26584009734,-0.05897978502790657,23.2,7.317477977342943,3318068.0
7733,PRY,1984,3448.83908839232,-0.00041360487777630794,23.6,7.1597583589769,3412936.0
7734,PRY,1985,3504.47829642444,0.01600398558240279,24.1,6.930005887916956,3510671.0
7735,PRY,1986,3575.79690422229,0.02014639769715565,24.3,7.207637624515236,3611474.0
7736,PRY,1987,3739.83410213482,0.0448531911475083,23.3,7.183870715062453,3714889.0
7737,PRY,1988,3851.51631859871,0.02942566702357219,23.3,6.870364889763578,3820546.0
7738,PRY,1989,4006.15999912344,0.03936625656888815,23.4,7.089826804520882,3927802.0
7739,PRY,1990,4059.77343113311,0.013293990599743566,23.5,7.212957965151907,4035747.0
7740,PRY,1991,4091.49044786451,0.0077821494364958,24.1,7.057639728519429,4144364.0
7741,PRY,1992,4054.04426060844,-0.00919435062081675,23.3,7.324951309966,4253600.0
7742,PRY,1993,4147.78440621564,0.022859347926138085,23.7,6.935662232235145,4362696.0
7743,PRY,1994,4262.14495791711,0.027198231151507102,24.5,7.049688774870804,4471417.0
7744,PRY,1995,4445.18978188914,0.042050018832371805,23.8,6.978679617318836,4579806.0
7745,PRY,1996,4411.37280078232,-0.007636629930905414,23.4,7.202214335712942,4687543.0
7746,PRY,1997,4496.02336469138,0.01900737563924082,24.4,7.234970515769245,4794412.0
7747,PRY,1998,4402.11110078249,-0.021109087859400688,23.4,7.284409305236182,4900025.0
7748,PRY,1999,4252.49065726668,-0.0345793732038544,23.6,6.897704943128636,5003135.0
7749,PRY,2000,4074.48953320404,-0.04275937736687041,23.5,7.116799905916845,5100868.0
7750,PRY,2001,3972.88427866686,-0.025253121452621485,24.4,7.005698353312101,5187689.0
7751,PRY,2002,3916.4402230868,-0.014309214599542486,24.2,7.098706162474146,5261328.0
7752,PRY,2003,4035.71833919883,0.030001178071291434,24.0,7.114850745874739,5326436.0
7753,PRY,2004,4151.34584799368,0.028248269449980157,23.7,7.093985852272807,5388175.0
7754,PRY,2005,4193.2808652562,0.010050867875996516,23.8,6.957592513829309,5448097.0
7755,PRY,2006,4349.31197066182,0.03653421466096063,24.3,7.080783788864499,5505148.0
7756,PRY,2007,4540.38235899198,0.042993563622415465,23.7,7.028201432058005,5559386.0
7757,PRY,2008,4788.6631877791,0.05324005995145065,23.8,7.007329083878229,5613574.0
7758,PRY,2009,4727.59685811395,-0.012834278928689713,24.0,7.107589260860723,5671236.0
7759,PRY,2010,5191.05014254402,0.0935190067417615,23.5,7.076146930242594,5737971.0
7760,PRY,2011,5342.19015717376,0.028699694366030926,23.8,7.084645445778885,5814626.0
7761,PRY,2012,5230.26244858764,-0.02117425248768967,24.5,7.062020237993567,5897008.0
7762,PRY,2013,5583.12274473463,0.06528679333858811,23.7,7.047864986966783,5982445.0
7763,PRY,2014,5794.4764468976,0.03715687551914648,24.6,7.24829067833772,6069811.0
7764,PRY,2015,5879.33792308671,0.01453903040655291,24.6,7.290906609493717,6159103.0
7765,PRY,2016,6041.95879367268,0.0272841055034867,23.6,7.175566221791506,6249126.0
7766,PRY,2017,6243.13363139058,0.032753977886738284,24.5,7.133615137790575,6338660.0
7767,PRY,2018,6354.2392005297,0.01763993995308688,23.9,7.159058596090203,6427382.0
7768,PRY,2019,6243.53620897773,-0.01757545877556943,24.4,7.0428978729244305,6515058.0
7769,PRY,2020,6109.19608100615,-0.021751531800694224,24.6,6.850761557462016,6603739.0
7770,PRY,2021,6276.7748423663,0.027061098206745626,24.1,6.902843234621116,6684182.0
7771,PRY,2022,6204.20811531911,-0.01162849833372448,23.9,6.9043494858473045,6760464.0
7772,QAT,1971,77675.3464912706,-0.02585061692328061,26.8,3.487375077903208,131346.0
7773,QAT,1972,77353.1713145939,-0.004156340330652597,26.0,4.592084946439436,146506.0
7774,QAT,1973,77575.6695607259,0.00287226571683874,27.0,2.9338568698359038,161841.0
7775,QAT,1974,74990.5113238523,-0.033892251587159805,26.7,4.207673247529104,177362.0
7776,QAT,1975,72933.0257600177,-0.027820025164134066,26.7,4.177459468932607,193087.0
7777,QAT,1976,72987.3330356338,0.0007443413458094739,26.5,5.35800036870921,209052.0
7778,QAT,1977,62780.3632823847,-0.15064356804095524,27.4,4.560172820057356,225285.0
7779,QAT,1978,63674.7422249551,0.01414563457323581,27.2,3.32862668882732,241808.0
7780,QAT,1979,62635.7126245715,-0.016452367915158916,27.6,4.395682961121367,258670.0
7781,QAT,1980,58124.478851269,-0.07474870678170298,27.4,4.400603020246817,275913.0
7782,QAT,1981,55123.9160428053,-0.05300322791655354,27.5,3.7256934272366524,293553.0
7783,QAT,1982,48371.0591595479,-0.13068198632166705,26.5,5.263725921778417,311537.0
7784,QAT,1983,44870.8820292396,-0.07511260639682149,26.6,4.52720864451838,329709.0
7785,QAT,1984,44508.1749755191,-0.008116197617502152,27.0,4.089332020398556,347878.0
7786,QAT,1985,41414.2759332122,-0.07204722891915694,27.1,3.9531649487593215,365940.0
7787,QAT,1986,41743.9008915961,0.007927703500415717,27.0,4.418840607796598,382422.0
7788,QAT,1987,40228.6328822141,-0.036974351357102364,27.5,3.877431560658527,397005.0
7789,QAT,1988,41126.7851333773,0.022080612802730215,27.4,4.699570861409576,411264.0
7790,QAT,1989,42209.6973646985,0.025990374373062508,26.8,4.530446639792155,425646.0
7791,QAT,1990,42210.1309227872,1.0271475256118379e-05,27.4,4.127134385045092,440175.0
7792,QAT,1991,40169.0307706643,-0.04956394159880162,27.1,4.476199804691132,454853.0
7793,QAT,1992,43310.767958526,0.07530496684547217,26.3,4.242764567340374,469657.0
7794,QAT,1993,41423.720599232,-0.044547608651281934,27.2,4.66814498514948,484545.0
7795,QAT,1994,40756.9289476104,-0.016227817329049543,27.7,3.7977338590260183,499459.0
7796,QAT,1995,40528.4858249639,-0.00562078017863854,27.2,4.623991940228679,514325.0
7797,QAT,1996,41126.2109141166,0.01464057279419606,27.7,4.677490847567717,529019.0
7798,QAT,1997,51382.616690416,0.22265426520300124,27.2,4.706823839714591,550500.0
7799,QAT,1998,54189.9837433703,0.053196171009600945,28.3,4.388257184424518,580540.0
7800,QAT,1999,53562.7696068249,-0.011641859739832228,28.6,4.398146016553765,612500.0
7801,QAT,2000,54948.2228055384,0.025537108453217883,28.0,4.312140507209715,644989.0
7802,QAT,2001,54316.5419511925,-0.011562517766517288,28.2,2.70805020110221,677925.0
7803,QAT,2002,55493.6049997751,0.021438968352494925,28.0,4.11414718951828,711205.0
7804,QAT,2003,54970.419888684,-0.00947256853461198,28.1,4.1728476237100445,744682.0
7805,QAT,2004,63107.0086346445,0.13803661489399488,28.1,4.259859000699674,773332.0
7806,QAT,2005,63555.6239820478,0.00708365544005396,27.7,4.188138441508461,825408.0
7807,QAT,2006,68036.6212164734,0.06813061682902166,28.1,4.210645017918261,972831.0
7808,QAT,2007,64614.0465071968,-0.051614282168433334,28.2,3.711130063048756,1208595.0
7809,QAT,2008,64393.5954479866,-0.003417646744752645,28.1,3.5322256440685598,1426938.0
7810,QAT,2009,63939.8050831437,-0.007072083406184149,28.3,4.617098756853365,1608903.0
7811,QAT,2010,74271.9022959058,0.14979061940761618,29.0,3.493472657771326,1616832.0
7812,QAT,2011,83533.4963791019,0.1175149910558222,28.1,4.120661870539474,1624761.0
7813,QAT,2012,82441.7405083009,-0.013155837432503148,28.3,3.7999735016195233,1722438.0
7814,QAT,2013,77379.6735599552,-0.06336773762246217,28.1,3.5322256440685598,1916426.0
7815,QAT,2014,71756.0649338302,-0.07545175083985711,28.2,4.417635062141249,2151745.0
7816,QAT,2015,68985.2946961507,-0.0393790182236291,28.5,3.929862923556477,2344557.0
7817,QAT,2016,67294.4585771356,-0.024815467398932256,28.8,3.1654750481410856,2477113.0
7818,QAT,2017,64497.6987225375,-0.04244834969444078,28.5,4.999237249143887,2545820.0
7819,QAT,2018,64410.8171280981,-0.0013479576119745929,29.0,4.023564380161053,2580734.0
7820,QAT,2019,63430.4607609581,-0.015337387127745572,28.4,5.125153747538848,2638657.0
7821,QAT,2020,57769.604104354,-0.09348144289800508,28.3,4.021773869387265,2794148.0
7822,QAT,2021,65488.5117911123,0.12541197794888959,29.3,3.0587070727153796,2504910.0
7823,QAT,2022,64315.6263643699,-0.0180721102636916,29.0,4.131961425793407,2657333.0
7824,ROU,1991,4409.1517208357,-0.12963546409071647,8.9,6.550365794105536,23001155.0
7825,ROU,1992,4059.09860455382,-0.08272138702337806,9.6,6.236956502085953,22794284.0
7826,ROU,1993,4126.76859277572,0.01653374728247492,8.8,6.369900982828227,22763280.0
7827,ROU,1994,4295.27065788629,0.04001989275722728,10.5,6.259963800142989,22730211.0
7828,ROU,1995,4572.25803354276,0.06249261170200171,9.3,6.540308238061494,22684270.0
7829,ROU,1996,4764.63682106299,0.04121413404360652,8.8,6.4692503167957724,22619004.0
7830,ROU,1997,4546.66753054721,-0.04682676241613315,8.7,6.567796973076092,22553978.0
7831,ROU,1998,4463.60791806212,-0.018437164504016224,9.3,6.558906771292869,22507344.0
7832,ROU,1999,4453.78126046181,-0.0022039324248801506,10.0,6.555214634181859,22472040.0
7833,ROU,2000,4569.31124324524,0.02560902408867527,10.5,6.098298976021809,22442971.0
7834,ROU,2001,4875.30310600635,0.06481979719801423,9.8,6.5275192249197485,22131970.0
7835,ROU,2002,5248.54994632668,0.07376955964537935,10.4,6.393590753950631,21730496.0
7836,ROU,2003,5410.30835796252,0.030354251255621634,9.4,6.244166900663736,21574326.0
7837,ROU,2004,6008.64048461485,0.1048924250662715,9.6,6.565968947537155,21451748.0
7838,ROU,2005,6328.09022324183,0.051799974069982824,9.3,6.648466281031574,21319685.0
7839,ROU,2006,6876.77841417966,0.083151800381982,9.6,6.477895014039251,21193760.0
7840,ROU,2007,7483.97375820611,0.08461361349228191,10.9,6.522974762066806,20882982.0
7841,ROU,2008,8318.00342795388,0.10565835141383495,10.6,6.424706936215593,20537875.0
7842,ROU,2009,7924.87058070212,-0.04841626431416124,10.6,6.434225439959843,20367487.0
7843,ROU,2010,7660.70667630517,-0.03390175422967445,10.0,6.699746615252198,20246871.0
7844,ROU,2011,8044.57194920892,0.048893337080070154,9.8,6.14996290492866,20147528.0
7845,ROU,2012,8234.28553425194,0.023309028242463725,10.4,6.38839332419386,20058035.0
7846,ROU,2013,8287.95844089676,0.006497070921904324,10.5,6.4752786216271225,19983693.0
7847,ROU,2014,8661.47397274241,0.04408124166184102,10.9,6.612578524768096,19908979.0
7848,ROU,2015,8977.01748158196,0.03578278535144186,11.0,6.379783496381176,19815616.0
7849,ROU,2016,9286.87678236598,0.03393460680429783,10.6,6.568639551415506,19702267.0
7850,ROU,2017,10106.2269557253,0.08454945918876788,10.5,6.454726753942363,19588715.0
7851,ROU,2018,10714.1701157127,0.05841541108230608,11.1,6.441265469036198,19473970.0
7852,ROU,2019,11197.3162915853,0.04410695754296512,11.6,6.290828124333601,19371648.0
7853,ROU,2020,10854.049431887,-0.031135902879471544,11.2,6.415424237852311,19265250.0
7854,ROU,2021,11546.3224998072,0.061828758097076886,10.2,6.520473841307601,19122059.0
7855,ROU,2022,12076.3033811896,0.04487814620145514,11.1,6.20979654142497,19048502.0
7856,RUS,1990,7849.51904296875,-0.032139315658149314,-3.8,6.205970905026528,147969406.0
7857,RUS,1991,7432.021484375,-0.05465436920515643,-4.1,6.112132306832955,148394216.0
7858,RUS,1992,6345.912109375,-0.15798704900302596,-4.7,6.111245585427039,148538197.0
7859,RUS,1993,5798.91455078125,-0.09014008967625209,-4.4,6.1092475827643655,148458777.0
7860,RUS,1994,5071.74267578125,-0.13398627204363223,-4.8,6.160363083569796,148407912.0
7861,RUS,1995,4862.646484375,-0.04210164776549696,-3.0,6.155494833929685,148375787.0
7862,RUS,1996,4686.86279296875,-0.03681938925595318,-4.6,6.104793232414985,148160129.0
7863,RUS,1997,4760.33935546875,0.015555514311605734,-4.1,6.160151912626133,147915361.0
7864,RUS,1998,4515.50927734375,-0.052800981606047515,-5.0,6.154220948407096,147670784.0
7865,RUS,1999,4819.38037109375,0.0651273888220345,-4.6,6.113018242660559,147214776.0
7866,RUS,2000,5323.66650390625,0.09951689234928729,-4.4,6.167726112522061,146596869.0
7867,RUS,2001,5618.95556640625,0.053983545925245124,-4.3,6.168145224011851,145976482.0
7868,RUS,2002,5910.171875,0.05052910870111482,-3.8,6.158249364752807,145306497.0
7869,RUS,2003,6370.45361328125,0.07499576486544512,-3.7,6.115450526888973,144648618.0
7870,RUS,2004,6856.67822265625,0.0735524224359807,-4.2,6.200306313711332,144067316.0
7871,RUS,2005,7323.38525390625,0.06584958708838151,-3.4,6.129485845005356,143518814.0
7872,RUS,2006,7949.89697265625,0.08208628171872157,-4.6,6.180223671560361,143049637.0
7873,RUS,2007,8640.40625,0.0832906322185405,-2.9,6.195425279005418,142805114.0
7874,RUS,2008,9093.7001953125,0.05113228616614407,-3.2,6.202535517187923,142742366.0
7875,RUS,2009,8381.8681640625,-0.08151106663176044,-4.5,6.159306782637103,142785348.0
7876,RUS,2010,8755.1201171875,0.04356786456147965,-4.4,6.167935690223761,142849468.0
7877,RUS,2011,9120.8203125,0.040921061104981504,-3.3,6.14568665295577,143018195.0
7878,RUS,2012,9464.0107421875,0.03693651514594798,-3.9,6.1796024892233765,143378447.0
7879,RUS,2013,9601.537109375,0.014426939483266565,-3.5,6.221782302170192,143805638.0
7880,RUS,2014,9493.8125,-0.011282930597809937,-3.6,6.1609963289735425,144237223.0
7881,RUS,2015,9277.7138671875,-0.02302510468850194,-2.9,6.1886747163956874,144640716.0
7882,RUS,2016,9269.3173828125,-0.0009054263008927421,-3.2,6.1764907763090635,145015460.0
7883,RUS,2017,9418.99609375,0.016018771490992734,-2.9,6.2176036074019905,145293260.0
7884,RUS,2018,9674.787109375,0.026794723354436556,-3.5,6.169610732491456,145398106.0
7885,RUS,2019,9882.0244140625,0.02119415650456702,-2.9,6.1921579695846,145453291.0
7886,RUS,2020,9632.3251953125,-0.02559274101099618,-1.7,6.18353014285133,145245148.0
7887,RUS,2021,10231.318359375,0.06032879357607612,-3.7,6.188058763188655,144746762.0
7888,RUS,2022,10119.115234375,-0.011027210940412147,-2.9,6.214408078419525,144236933.0
7889,RWA,1961,310.179296686229,-0.07149638922737989,17.9,7.193911187437871,3106779.0
7890,RWA,1962,336.744890383341,0.08217513516073183,17.6,7.228533578923107,3186025.0
7891,RWA,1963,296.885223860219,-0.12598002939002217,17.6,7.355001921105257,3258890.0
7892,RWA,1964,253.960302907042,-0.1561676454251435,17.6,7.110369539043854,3334834.0
7893,RWA,1965,264.745732576347,0.04159189862303325,17.7,7.04342189040367,3423210.0
7894,RWA,1966,275.384328995724,0.039397816313194056,17.9,7.072591521435072,3521626.0
7895,RWA,1967,285.673011810951,0.03668015941693348,17.7,7.102334733171594,3629577.0
7896,RWA,1968,296.365698093507,0.03674631690547692,17.3,7.165879799191592,3744010.0
7897,RWA,1969,318.996903173836,0.0735872365232959,18.0,7.00615160083833,3861271.0
7898,RWA,1970,327.998900695343,0.027828862021226364,17.7,7.123511611862329,3980669.0
7899,RWA,1971,322.291570860414,-0.017553621446446677,17.5,7.129057135416976,4100044.0
7900,RWA,1972,313.929067418669,-0.026289574945018934,17.9,7.157190164250415,4220335.0
7901,RWA,1973,315.402013687922,0.004680998612784926,18.0,7.126971126958367,4345047.0
7902,RWA,1974,310.613878247446,-0.015297467286140787,17.7,7.070809065418435,4474228.0
7903,RWA,1975,295.238839588637,-0.050765937281217255,17.6,7.145274996240854,4607728.0
7904,RWA,1976,342.54792335616,0.14862691562794694,17.9,7.074963197966044,4745954.0
7905,RWA,1977,339.209052263947,-0.009794979461293707,18.0,7.2376344001337065,4888240.0
7906,RWA,1978,359.445304950933,0.05794543292559329,17.9,7.177858749159625,5035171.0
7907,RWA,1979,390.149786099315,0.0819687087240446,17.9,7.131458673554861,5189541.0
7908,RWA,1980,412.074486729936,0.054673393732068476,18.0,7.1223019830708285,5353259.0
7909,RWA,1981,420.800443010869,0.02095458816316942,18.0,7.087740775978544,5527230.0
7910,RWA,1982,414.594814975325,-0.014857020371375818,17.9,7.081036091123942,5711549.0
7911,RWA,1983,424.972030699827,0.024721662806728162,18.3,7.106196217655975,5905311.0
7912,RWA,1984,393.469656930382,-0.07701940247980765,17.9,7.013555697868348,6107627.0
7913,RWA,1985,397.163320202828,0.009343627831566614,17.8,7.050035786238908,6317228.0
7914,RWA,1986,405.130712442313,0.019862179813605607,17.9,7.019117746835597,6531881.0
7915,RWA,1987,391.97455925022,-0.033012823993659346,18.3,7.1294577924999425,6749493.0
7916,RWA,1988,396.759990962299,0.01213460328654481,18.2,7.162242446576277,6968071.0
7917,RWA,1989,384.656204658632,-0.030981580663501873,17.8,7.011574607621134,7184706.0
7918,RWA,1990,365.724969994263,-0.05046835761591684,18.0,7.040974122768359,7375307.0
7919,RWA,1991,349.345634840907,-0.045819812987504704,18.1,7.049515224019968,7526966.0
7920,RWA,1992,362.337679403993,0.03651480322428924,18.0,7.036676059048976,7683266.0
7921,RWA,1993,320.530460792077,-0.12259927973888818,18.0,7.021262519775732,7981132.0
7922,RWA,1994,187.38014700737,-0.5368378882533618,18.1,7.158280507037564,6792352.0
7923,RWA,1995,303.318867879127,0.4816451963309447,18.4,7.114850745874739,5674118.0
7924,RWA,1996,289.237930832775,-0.04753498192123562,18.1,7.077413661822694,6708764.0
7925,RWA,1997,284.862132396583,-0.015244322224940987,18.3,7.11550088811625,7755238.0
7926,RWA,1998,297.571387031591,0.043648835360543536,18.2,7.136244516621099,8081681.0
7927,RWA,1999,307.99726200079,0.03443674071677716,18.3,6.96356834380135,8147912.0
7928,RWA,2000,331.096659537835,0.07231946219339047,18.5,7.0067858024450915,8213931.0
7929,RWA,2001,356.017640545099,0.07256992619771374,18.6,7.263539826635723,8287094.0
7930,RWA,2002,397.558649363458,0.11036218706171663,18.8,7.065527962854679,8400180.0
7931,RWA,2003,397.480382602602,-0.00019688784565818906,18.8,7.135846570020281,8586875.0
7932,RWA,2004,415.943819000396,0.045404619727909434,18.6,6.756350824822904,8816844.0
7933,RWA,2005,443.00802474736,0.0630376837736204,18.6,6.904449821973411,9054528.0
7934,RWA,2006,471.150850642442,0.061590435676127875,18.5,7.198781752684307,9299246.0
7935,RWA,2007,493.803359157317,0.046959059444597884,18.5,7.201841799106912,9549933.0
7936,RWA,2008,534.678298622161,0.07952787549377938,18.4,7.019475528592545,9804269.0
7937,RWA,2009,553.621518556047,0.03481601872267159,18.8,7.1284959456800365,10060432.0
7938,RWA,2010,579.419162804581,0.04554488454846872,18.8,7.238424999233355,10317553.0
7939,RWA,2011,610.376236415572,0.052049389724685646,18.4,7.235691184581063,10573733.0
7940,RWA,2012,647.436613845487,0.05894534706161014,18.2,7.046212022129153,10829901.0
7941,RWA,2013,661.893969452494,0.022084481011845014,18.4,7.124800271834477,11093340.0
7942,RWA,2014,682.709499066795,0.030964062177953444,18.2,7.114525516178402,11364757.0
7943,RWA,2015,725.691418696952,0.061055443054550906,18.2,7.144959513944681,11640022.0
7944,RWA,2016,748.798132068173,0.031344549241974384,18.5,7.141482623835992,11919183.0
7945,RWA,2017,765.845359390541,0.0225108380755481,18.6,7.0572953462517125,12202060.0
7946,RWA,2018,808.704812752127,0.05445370263596061,18.3,7.047864986966783,12487996.0
7947,RWA,2019,863.872077583172,0.06599072818482288,18.5,7.243227015269766,12776103.0
7948,RWA,2020,821.257133282758,-0.050588443843790465,18.3,7.222711993568799,13065837.0
7949,RWA,2021,871.041835304187,0.05885375140139004,18.4,7.097300680865411,13355260.0
7950,RWA,2022,935.89483254264,0.07181310472317382,18.3,7.267036822785819,13651030.0
7951,SAU,1961,17298.293002979,0.07556639651023822,24.7,4.622027303054514,2526347.0
7952,SAU,1962,18662.1709966542,0.07589070730814562,25.6,4.428433007488037,2620910.0
7953,SAU,1963,19550.8030373597,0.04651782807195026,25.4,4.646312129319266,2719341.0
7954,SAU,1964,20493.3238237963,0.04708280430386225,24.5,4.641502115235482,2821968.0
7955,SAU,1965,22142.5223049519,0.07740068006633116,25.2,4.500920164614292,2928771.0
7956,SAU,1966,23078.4502404354,0.04139944605284285,25.5,4.441474093317302,3039887.0
7957,SAU,1967,24200.3423309688,0.04746748687979796,24.4,4.681204872264089,3157242.0
7958,SAU,1968,25058.3006930606,0.03483835866367002,24.9,4.695924549256556,3282711.0
7959,SAU,1969,25526.1820461871,0.018499534695534336,25.4,4.605170185988092,3417114.0
7960,SAU,1970,37361.6585899953,0.38094033485278267,25.2,4.30406509320417,3562470.0
7961,SAU,1971,41183.7863535133,0.09739963660894091,24.8,4.722063937459591,3724031.0
7962,SAU,1972,46644.4807983879,0.12450996564290051,24.5,4.803201036487226,3905722.0
7963,SAU,1973,54345.6747311957,0.15281041920347427,25.0,4.328098292648326,4106344.0
7964,SAU,1974,59924.2484951345,0.09771621084708215,24.8,4.736198448394496,4323632.0
7965,SAU,1975,53743.5631866678,-0.10885733431481093,24.8,4.681204872264089,4556287.0
7966,SAU,1976,58684.0931086193,0.08794479871614236,24.7,4.852811208902689,4807933.0
7967,SAU,1977,58778.0556094879,0.0015998774402863347,25.1,4.504244267398131,5083048.0
7968,SAU,1978,55609.8360446202,-0.05540848843876134,25.1,4.360547602996758,5381902.0
7969,SAU,1979,58225.422273254,0.04596197529535928,25.5,4.6549122778829055,5703698.0
7970,SAU,1980,58094.2921854594,-0.0022546503652325356,25.3,4.476199804691132,6047997.0
7971,SAU,1981,56355.6151035112,-0.030385535384041873,25.3,4.705015520957808,6420551.0
7972,SAU,1982,44478.9420537359,-0.2366660175373827,24.6,4.91705694713669,6824486.0
7973,SAU,1983,37250.5135148497,-0.17735013453223658,24.5,4.583946549536464,7252941.0
7974,SAU,1984,33693.40348127,-0.10036365456137197,25.0,4.574710978503383,7697307.0
7975,SAU,1985,29520.521333039,-0.13221641589309563,25.3,4.72384171570559,8151779.0
7976,SAU,1986,28170.2401365966,-0.046819553506860956,25.1,4.724729421045731,8628639.0
7977,SAU,1987,25788.646157361,-0.08833178275515863,25.4,4.563305981889393,9130194.0
7978,SAU,1988,26066.2475442659,0.01070695624180118,25.3,4.686750172980514,9629165.0
7979,SAU,1989,24884.331934111,-0.04640291406700392,24.9,4.751000634199631,10128394.0
7980,SAU,1990,25918.9650837526,0.040736577540190666,25.3,4.661550519424199,10640691.0
7981,SAU,1991,26742.682261559,0.03128593223941856,25.2,4.659658371272161,11160744.0
7982,SAU,1992,26709.0328186878,-0.0012590595929751203,24.4,4.709530201312334,11686676.0
7983,SAU,1993,25649.064468644,-0.04049471801476656,25.1,4.953006181259619,12215862.0
7984,SAU,1994,24808.6528928409,-0.033314598707828935,25.5,4.572646994282532,12750040.0
7985,SAU,1995,23876.246129794,-0.03830842036363258,25.3,4.832305758571839,13289245.0
7986,SAU,1996,23699.1352161738,-0.007445520216496249,25.6,4.785823685681349,13831009.0
7987,SAU,1997,23406.0346643453,-0.012444677952304417,25.1,4.763881877142913,14374943.0
7988,SAU,1998,23179.8581162861,-0.009710163815146444,26.0,4.6520537718869415,14922185.0
7989,SAU,1999,22214.4256445476,-0.042541835283261165,26.2,4.666265285347902,15472075.0
7990,SAU,2000,22247.8566987439,0.0015037941704498792,25.7,4.545420181582317,16177722.0
7991,SAU,2001,21193.0922894351,-0.04857038264798241,26.0,4.591071261608589,17041397.0
7992,SAU,2002,20025.4319998275,-0.05667222743124967,25.9,4.694096395182493,17910910.0
7993,SAU,2003,20765.9387688082,0.03631101950292326,25.9,4.471638793363569,18786767.0
7994,SAU,2004,21545.894988606,0.036871225387208995,25.8,4.576770711466393,19669480.0
7995,SAU,2005,21838.1915349374,0.013475031634353485,25.7,4.499809670330265,20559890.0
7996,SAU,2006,21616.3355772516,-0.010211036689716124,25.9,4.536891345234797,21459144.0
7997,SAU,2007,21196.7926036633,-0.019599427629490407,25.9,4.5217885770490405,22368313.0
7998,SAU,2008,21629.8405734551,0.020223991364117566,25.9,4.467056883858457,23287877.0
7999,SAU,2009,20577.5453445336,-0.04987341985619054,26.1,4.4272389774954295,24217654.0
8000,SAU,2010,21830.1424272816,0.05909124546357347,26.9,4.489759334476764,23978487.0
8001,SAU,2011,23314.5576023168,0.06578626034717061,25.8,4.560172820057356,25091867.0
8002,SAU,2012,23643.0358324647,0.013990648331068556,26.1,4.593097604753822,26168861.0
8003,SAU,2013,23057.3494468535,-0.025084036960736356,25.9,4.589040804058207,27624004.0
8004,SAU,2014,23404.7306039825,0.014953597853807565,26.1,4.56954300834494,28309273.0
8005,SAU,2015,23256.1549553531,-0.0063683382336563454,26.2,4.509760001183433,29816382.0
8006,SAU,2016,22783.0328538685,-0.02055374041103697,26.2,4.540098189244376,30954198.0
8007,SAU,2017,23035.1199977707,0.011003921891173718,26.2,4.58700621536042,30977355.0
8008,SAU,2018,24393.5188306638,0.05729746757996601,26.5,4.660604892876192,30196281.0
8009,SAU,2019,24905.6697428558,0.020778002745771573,26.1,4.7318028369214575,30063799.0
8010,SAU,2020,22827.671935548,-0.08712199663891695,26.1,4.617098756853365,31552510.0
8011,SAU,2021,24922.6716948944,0.08780441761492597,26.6,4.4331949212482815,30784383.0
8012,SAU,2022,26706.917926066,0.06914473115741515,26.3,4.591071261608589,32175224.0
8013,SDN,1961,828.766967773438,-0.02733340344510271,25.9,5.6798312538336875,8634941.0
8014,SDN,1962,861.476318359375,0.03870855151914565,26.8,5.69035945432406,8919028.0
8015,SDN,1963,813.293090820313,-0.0575560168489746,27.0,5.5928509139489195,9218077.0
8016,SDN,1964,780.661743164063,-0.040949601218160936,26.0,5.7011122461003225,9531109.0
8017,SDN,1965,808.854431152344,0.03547701541977055,26.5,5.569488886872828,9858030.0
8018,SDN,1966,757.518859863281,-0.06557052951416331,27.0,5.489763831118992,10197578.0
8019,SDN,1967,746.402099609375,-0.014783972072212492,26.0,5.5649034757050835,10550597.0
8020,SDN,1968,739.073913574219,-0.009866528195595414,26.4,5.538907831465967,10917999.0
8021,SDN,1969,727.628051757813,-0.01560793459649723,27.4,5.372960909543803,11298936.0
8022,SDN,1970,748.2431640625,0.02793801107207905,26.6,5.462983988103271,11695771.0
8023,SDN,1971,742.029479980469,-0.008339037980594988,26.3,5.414321042304342,12105539.0
8024,SDN,1972,682.653015136719,-0.08340227287702984,26.7,5.427589702252176,12527856.0
8025,SDN,1973,661.991394042969,-0.03073414401560104,27.2,5.27709373009641,13049315.0
8026,SDN,1974,711.013854980469,0.07143936030703113,26.9,5.517051209373546,13580723.0
8027,SDN,1975,795.953491210938,0.11284883978598437,27.0,5.473949935191195,14064798.0
8028,SDN,1976,898.202575683594,0.1208548722449665,27.5,5.427150238391005,14569716.0
8029,SDN,1977,923.200622558594,0.02745094184677388,26.8,5.4475990692637914,15086614.0
8030,SDN,1978,837.251831054688,-0.09772167144346167,27.1,5.6153154933338705,15695003.0
8031,SDN,1979,765.673095703125,-0.08936958802109007,27.8,5.473949935191195,16355352.0
8032,SDN,1980,747.91943359375,-0.023460047563449216,27.7,5.485211785187126,17058905.0
8033,SDN,1981,773.544799804688,0.033688323561282374,27.5,5.442850517280335,17780572.0
8034,SDN,1982,790.597045898438,0.021804827688956863,27.2,5.236973736306985,18486645.0
8035,SDN,1983,782.225158691406,-0.010645788506687737,27.1,5.191288793789513,19109770.0
8036,SDN,1984,726.964111328125,-0.07326551493858258,27.9,4.844187086458591,19546528.0
8037,SDN,1985,669.103332519531,-0.08293860450266521,27.8,5.346154695962197,19905872.0
8038,SDN,1986,692.196655273438,0.03393159278974611,27.4,5.307277107919509,20288238.0
8039,SDN,1987,776.530822753906,0.11496623710207743,27.6,5.205653681684617,20704904.0
8040,SDN,1988,764.454162597656,-0.015674270057512096,27.2,5.672979565501156,21138431.0
8041,SDN,1989,823.076843261719,0.07388749980592646,26.8,5.404927101606295,21578022.0
8042,SDN,1990,764.450439453125,-0.07389237014842642,27.7,5.0363030408448335,22021481.0
8043,SDN,1991,805.367309570313,0.05214126266436203,27.4,5.437644431769136,22470676.0
8044,SDN,1992,842.008605957031,0.04449177650902669,26.7,5.4450117456988405,22927355.0
8045,SDN,1993,862.978149414063,0.024599136386408205,27.6,5.455321115357702,23445592.0
8046,SDN,1994,850.299438476563,-0.014800803419285913,27.2,5.665388086668889,24043948.0
8047,SDN,1995,877.693298339844,0.031708646080853775,27.2,5.510197725583535,24672143.0
8048,SDN,1996,908.66015625,0.03467394467114282,27.7,5.359412465907847,25231528.0
8049,SDN,1997,1050.31994628906,0.14487894872736895,27.7,5.426270730858498,25799821.0
8050,SDN,1998,1069.27197265625,0.01788318900439556,27.9,5.628699668531845,26458999.0
8051,SDN,1999,1074.88098144531,0.005231923005259098,27.9,5.710095836712793,27130613.0
8052,SDN,2000,1111.11865234375,0.033157362228489085,27.7,5.463407986413629,27816745.0
8053,SDN,2001,1150.17626953125,0.03454790573840061,27.8,5.423627557513483,28516770.0
8054,SDN,2002,1185.21533203125,0.030009264390694845,28.0,5.387243575742438,29228727.0
8055,SDN,2003,1226.42077636719,0.034175516497380265,28.0,5.588745664667843,29896035.0
8056,SDN,2004,1255.67114257813,0.023570215234584246,28.1,5.27709373009641,30556637.0
8057,SDN,2005,1290.24438476563,0.027161441380560092,28.3,5.534179690270021,31262444.0
8058,SDN,2006,1336.1240234375,0.03494125673434567,28.0,5.554895693948484,31992435.0
8059,SDN,2007,1372.10961914063,0.026576520724757025,27.9,5.725870071120206,32764135.0
8060,SDN,2008,1381.62561035156,0.006911360967539082,28.2,5.435031189863859,33623980.0
8061,SDN,2009,1301.34729003906,-0.05986067965964992,28.6,5.266826699456666,34569113.0
8062,SDN,2010,1311.22314453125,0.0075602949507915795,29.2,5.538514672428074,35414399.0
8063,SDN,2011,1388.21813964844,0.057060611162523145,27.9,5.394081988532416,36140806.0
8064,SDN,2012,1288.25854492188,-0.07472966969323469,28.1,5.591732970847578,36923178.0
8065,SDN,2013,1283.45922851563,-0.0037323862107330186,28.5,5.517452896464707,37785849.0
8066,SDN,2014,1307.3896484375,0.018473559532451667,28.2,5.66608060747219,38823318.0
8067,SDN,2015,1292.37963867188,-0.011547314314762858,28.4,5.420977379283924,40024431.0
8068,SDN,2016,1297.15454101563,0.003687850728409714,28.7,5.616043560348194,41259892.0
8069,SDN,2017,1261.87353515625,-0.027575501670889402,28.2,5.471429984256681,42714306.0
8070,SDN,2018,1185.94445800781,-0.062058081117776887,28.2,5.731073334892105,44230596.0
8071,SDN,2019,1126.55297851563,-0.05137695902709272,28.1,5.717356594683319,45548175.0
8072,SDN,2020,1056.86474609375,-0.06385577056817482,27.5,5.645446897643238,46789231.0
8073,SDN,2021,1009.54888916016,-0.04580315184232475,28.2,5.564137192142683,48066924.0
8074,SDN,2022,973.225280761719,-0.03664327814831925,27.5,5.739149618493492,49383346.0
8075,SEN,1961,1152.52290412241,0.0013203813658941854,28.1,6.755419617678439,3436375.0
8076,SEN,1962,1118.94105784212,-0.029570615130807276,28.1,6.666065810380829,3534686.0
8077,SEN,1963,1108.08162394471,-0.009752500553583232,28.3,6.702819947316597,3635876.0
8078,SEN,1964,1118.91076488152,0.009725427303876266,28.0,6.772965952633498,3740535.0
8079,SEN,1965,1101.64022957194,-0.015555493751001848,27.6,6.793129753140834,3849788.0
8080,SEN,1966,1100.59486152036,-0.0009493701506482211,28.2,6.784004471545962,3964299.0
8081,SEN,1967,1055.3388045333,-0.04198895972332828,27.5,6.794922470707793,4083870.0
8082,SEN,1968,1088.7452650791,0.03116404311287635,27.9,6.296556681069359,4207587.0
8083,SEN,1969,987.490527976809,-0.09761427439874204,28.8,6.817283375818062,4334974.0
8084,SEN,1970,1040.51139206618,0.05230068961271339,28.6,6.4253551293998505,4466328.0
8085,SEN,1971,1008.44746972351,-0.031300325914568994,27.7,6.550794579933587,4601864.0
8086,SEN,1972,1041.19576478941,0.03195783698247556,28.0,6.2373475853916815,4741631.0
8087,SEN,1973,954.176200047314,-0.08727675502724086,28.2,6.352106611607826,4885181.0
8088,SEN,1974,965.741329994361,0.012047673561175642,27.4,6.562726539677803,5029437.0
8089,SEN,1975,1010.12268801923,0.044931051722779,27.5,6.703433481908515,5170810.0
8090,SEN,1976,1071.68040327701,0.05915609016494994,27.4,6.502490150876639,5308564.0
8091,SEN,1977,1017.81439448073,-0.051570309114655544,28.3,6.271555378863942,5439549.0
8092,SEN,1978,955.002175635959,-0.06369923816371159,28.0,6.641182169740591,5568096.0
8093,SEN,1979,997.714580570366,0.04375362536469041,28.4,6.469715324941794,5702895.0
8094,SEN,1980,1012.16661480231,0.014381231432930797,28.4,6.293234418877382,5845638.0
8095,SEN,1981,1037.70140590886,0.024914884013425898,28.3,6.496171489865795,5997160.0
8096,SEN,1982,1091.73478914466,0.05075990028220012,27.8,6.371611847231857,6156961.0
8097,SEN,1983,1002.79157255651,-0.08498029738792923,28.9,6.093795478205444,6324504.0
8098,SEN,1984,1014.21873121746,0.011330909812332202,28.2,6.326328348032599,6499364.0
8099,SEN,1985,1020.46425733551,0.006139084828918229,28.1,6.4600609366562365,6683287.0
8100,SEN,1986,1022.55326037551,0.002045017969670049,27.9,6.450628387550081,6878192.0
8101,SEN,1987,1055.32454152497,0.03154564595546816,28.8,6.495114487124877,7081530.0
8102,SEN,1988,1016.8279275159,-0.03716043531895963,28.2,6.595643892607181,7289618.0
8103,SEN,1989,1027.27575950199,0.01022249804158637,28.1,6.663260401756892,7502207.0
8104,SEN,1990,990.777522619822,-0.03617567235966046,28.6,6.360265670844555,7720523.0
8105,SEN,1991,988.63221583773,-0.0021676235904122265,28.5,6.3695584584200144,7943085.0
8106,SEN,1992,974.054860027128,-0.014854761155690177,28.3,6.394927652545473,8168395.0
8107,SEN,1993,960.506561720788,-0.0140068127665538,28.5,6.424869023905388,8396288.0
8108,SEN,1994,934.692068072302,-0.027243677668391975,28.0,6.625127080833035,8624078.0
8109,SEN,1995,960.84709282163,0.02759814765740476,28.4,6.536836514626557,8848101.0
8110,SEN,1996,956.588791201654,-0.00444166989494299,28.8,6.407374913077685,9067014.0
8111,SEN,1997,962.736689457399,0.006406333208266446,28.8,6.4457198193855785,9283495.0
8112,SEN,1998,995.979085689636,0.03394631200522724,29.3,6.51426814763338,9502952.0
8113,SEN,1999,1033.76396461633,0.03723549588388675,28.2,6.760530559225612,9730887.0
8114,SEN,2000,1048.37474052363,0.01403462285671253,28.5,6.561030665896573,9968260.0
8115,SEN,2001,1067.36886550595,0.017955517138478427,28.9,6.430042006666349,10212942.0
8116,SEN,2002,1042.25509944289,-0.023809885465444935,28.9,6.178773645412976,10466214.0
8117,SEN,2003,1074.38578467686,0.030362404706192336,28.8,6.708206176521556,10721176.0
8118,SEN,2004,1098.20064546027,0.021923928408048354,29.0,6.417712194398675,10975704.0
8119,SEN,2005,1119.0505307548,0.018807521768114732,29.0,6.773880970425809,11235472.0
8120,SEN,2006,1118.7830430051,-0.00023905955662772982,28.7,6.5500798347098215,11500094.0
8121,SEN,2007,1123.99862153285,0.004650999258710264,28.9,6.466766614804926,11770344.0
8122,SEN,2008,1138.66883930214,0.012967370232138009,28.8,6.707961976276143,12048959.0
8123,SEN,2009,1142.65317233964,0.003493007184667718,28.6,6.687856457832816,12337389.0
8124,SEN,2010,1153.53431121583,0.009477641006642834,29.4,6.809260032233038,12635413.0
8125,SEN,2011,1139.74447892639,-0.012026447509584592,28.8,6.463185450993212,12958897.0
8126,SEN,2012,1154.05677992367,0.012479273591964102,28.7,6.762266972233531,13310495.0
8127,SEN,2013,1147.3859217191,-0.005797126195590252,28.9,6.616332886914633,13710849.0
8128,SEN,2014,1180.7987108505,0.02870483971735105,28.8,6.458024754575957,14152102.0
8129,SEN,2015,1218.00613555438,0.03102412357191131,29.0,6.594276651486346,14593331.0
8130,SEN,2016,1257.40906916238,0.031838102895954457,29.2,6.582025138892826,15034521.0
8131,SEN,2017,1312.10932775878,0.04258270656271712,29.2,6.578000430108449,15475002.0
8132,SEN,2018,1355.09610863533,0.032236364563834385,28.7,6.513230110912307,15914498.0
8133,SEN,2019,1379.60875249843,0.01792756559100539,28.5,6.547215734226965,16352922.0
8134,SEN,2020,1361.7914374888,-0.012998879884773551,29.4,6.644830857656083,16789219.0
8135,SEN,2021,1414.53951093499,0.038002977757146894,29.5,6.57702651698799,17220867.0
8136,SEN,2022,1433.19918752288,0.013105095389392751,28.9,6.82143457251561,17651103.0
8137,SGP,1961,3777.39463491526,0.04478571832727063,26.6,7.742184984375972,1702400.0
8138,SGP,1962,3951.76046995379,0.045126646252185765,26.5,7.866415607222802,1750200.0
8139,SGP,1963,4239.9926615122,0.07040037024767898,26.7,7.659595805881301,1795000.0
8140,SGP,1964,4004.45879353131,-0.05715309977916405,26.6,8.077416102590329,1841600.0
8141,SGP,1965,4214.50928654512,0.05112472524012901,26.5,7.717662750150781,1886900.0
8142,SGP,1966,4529.52603020969,0.07208414100024463,26.7,7.9275047192245225,1934400.0
8143,SGP,1967,4984.78417700352,0.09577280306567104,26.4,8.13540554666243,1977600.0
8144,SGP,1968,5562.32007695611,0.10962519325964415,26.5,7.81156848934518,2012000.0
8145,SGP,1969,6237.25093664419,0.11452422903002102,26.8,7.856435753657943,2042500.0
8146,SGP,1970,6997.19902931212,0.11497040002528713,26.7,7.89577114630822,2074507.0
8147,SGP,1971,7722.8645117911,0.09867541565574456,26.3,7.66439355732328,2112900.0
8148,SGP,1972,8590.60864812538,0.1064842429493833,26.7,7.6341437933218845,2152400.0
8149,SGP,1973,9325.56611338064,0.08209008398296547,26.7,7.999242242707658,2193000.0
8150,SGP,1974,9732.7270627095,0.04273445769148232,26.3,7.716148947546469,2229800.0
8151,SGP,1975,9974.22091805681,0.02450972568438914,26.3,7.701426297308381,2262600.0
8152,SGP,1976,10572.5669041736,0.05825876220355575,26.4,7.783182348801291,2293300.0
8153,SGP,1977,11141.5797970038,0.05242141898482444,26.7,7.59337419312129,2325300.0
8154,SGP,1978,11863.6939677002,0.06279877200642758,26.8,8.013111443183591,2353600.0
8155,SGP,1979,12834.1600895857,0.07862756364815482,26.9,7.805882040228621,2383500.0
8156,SGP,1980,13953.890170834,0.08364796156873133,26.9,7.958052290704026,2413945.0
8157,SGP,1981,14737.3005854209,0.05462339998799237,27.0,7.544279196600992,2532835.0
8158,SGP,1982,15106.2507664821,0.02472688153662972,27.1,7.702375428472716,2646466.0
8159,SGP,1983,16186.9145138401,0.06909455356740146,27.4,7.711951763317377,2681061.0
8160,SGP,1984,17280.3703822303,0.06536802752658843,26.6,8.083482917867771,2732221.0
8161,SGP,1985,17149.31550146,-0.007612936938933501,26.9,7.844240718141811,2735957.0
8162,SGP,1986,17396.0281363675,0.014283651774402273,27.0,7.894280777538743,2733373.0
8163,SGP,1987,18986.7527003627,0.08749959755593117,27.3,7.9451302581790575,2774789.0
8164,SGP,1988,20595.9751389187,0.08135416540572749,27.1,7.936266939970758,2846108.0
8165,SGP,1989,22031.8971300219,0.06739559775857096,26.9,7.858524729272535,2930901.0
8166,SGP,1990,23272.7000932159,0.05478973095213391,27.4,7.653494909661253,3047132.0
8167,SGP,1991,24132.7153290621,0.0362873986730019,27.3,7.887696637932568,3135083.0
8168,SGP,1992,24973.4311358112,0.03424410269270339,27.3,7.88386089315745,3230698.0
8169,SGP,1993,27139.9524278985,0.08319439638772153,27.2,7.96077727841595,3313471.0
8170,SGP,1994,29220.2727915476,0.07385584049658434,27.3,7.85755815338874,3419048.0
8171,SGP,1995,30379.8991144598,0.038918434313197636,27.4,8.064667921820671,3524506.0
8172,SGP,1996,31349.3171805131,0.03141130994174368,27.4,7.954372272531867,3670704.0
8173,SGP,1997,32835.2518506082,0.04631020348523762,27.8,7.518661504158171,3796038.0
8174,SGP,1998,31043.108180076,-0.05612586483179527,28.0,7.79461720016548,3927213.0
8175,SGP,1999,32557.0469904063,0.04761701765423787,27.3,7.885517332944393,3958723.0
8176,SGP,2000,34890.0811365168,0.06920873806735806,27.5,7.984564941689402,4027887.0
8177,SGP,2001,33597.8690808226,-0.037739935946472514,27.6,7.971914139580868,4138012.0
8178,SGP,2002,34598.8267483781,0.029357127737943856,28.0,7.725859698946466,4175950.0
8179,SGP,2003,36709.7965038255,0.059223881666593314,27.7,7.993113451971831,4114826.0
8180,SGP,2004,39856.6356222613,0.08224525221294421,27.6,7.870204142837375,4166664.0
8181,SGP,2005,41798.4880834671,0.04757126226268937,27.7,7.788335928222213,4265762.0
8182,SGP,2006,44159.4101820552,0.0549458768704536,27.5,7.997259548619519,4401365.0
8183,SGP,2007,46178.8139470199,0.04471507484078607,27.5,8.040962212414746,4588599.0
8184,SGP,2008,44601.5799302699,-0.03475183749170796,27.4,8.035991092716317,4839396.0
8185,SGP,2009,43331.8746638962,-0.028880783225588402,27.6,7.900006551658837,4987573.0
8186,SGP,2010,48752.0515441859,0.11785877989754034,27.9,7.934047739403606,5076732.0
8187,SGP,2011,50713.5326393594,0.039445511429052615,27.6,8.014401872678569,5183688.0
8188,SGP,2012,51679.352717333,0.018865543631397586,27.7,7.957947335047694,5312437.0
8189,SGP,2013,53298.9728558286,0.030858725412020505,27.8,7.998738540485755,5399162.0
8190,SGP,2014,54681.9336458253,0.02561631418683774,27.9,7.755038853553013,5469724.0
8191,SGP,2015,55645.6068614606,0.01746975813827234,28.0,7.69389176638491,5535002.0
8192,SGP,2016,57076.5241936787,0.025389764847336238,28.1,7.885818209248893,5607283.0
8193,SGP,2017,59493.3758595703,0.041472079101703585,27.7,7.903226808730733,5612253.0
8194,SGP,2018,61101.5252578902,0.02667185290755647,27.8,7.90022897158858,5638676.0
8195,SGP,2019,61106.3119775351,7.833735962670119e-05,28.2,7.624325974485671,5703569.0
8196,SGP,2020,59083.8574841572,-0.03365741844301162,28.1,7.869898531038381,5685807.0
8197,SGP,2021,67846.8565377728,0.1382953075374811,27.7,8.162430703281835,5453566.0
8198,SGP,2022,68271.0897525302,0.0062333380708814445,27.7,8.038576576672263,5637022.0
8199,SLB,1981,2097.65987058075,-0.052880971221242135,26.2,7.822845290279774,246555.0
8200,SLB,1982,1992.76539144137,-0.051299058025002786,26.0,8.153033161124801,255200.0
8201,SLB,1983,2000.77054669128,0.004009061691632176,26.2,7.949373846130126,264068.0
8202,SLB,1984,1937.44655061808,-0.03216148461978907,26.2,7.929882413262056,273163.0
8203,SLB,1985,1815.01919486421,-0.06527485174342562,26.2,8.14430175373956,282455.0
8204,SLB,1986,1753.10130916621,-0.03470964719411551,26.3,7.974395188406974,291842.0
8205,SLB,1987,1840.37378172277,0.048582297081402714,26.5,7.7068827830793145,301414.0
8206,SLB,1988,1804.4092409884,-0.019735445328393553,26.4,8.188216790689951,311265.0
8207,SLB,1989,1822.69662304536,0.010083817623448788,26.3,7.928333951511147,321282.0
8208,SLB,1990,1805.73206812837,-0.0093509780551857,26.6,8.017373446826781,331435.0
8209,SLB,1991,1856.36888711081,0.027656280975529413,26.1,8.010658349067404,341738.0
8210,SLB,1992,2029.95282373454,0.08939018479768013,26.1,8.05721909780768,352205.0
8211,SLB,1993,2049.2778143568,0.009474892159511583,26.1,8.05721909780768,362839.0
8212,SLB,1994,2151.02993990041,0.04845932384628604,26.0,8.05721909780768,373675.0
8213,SLB,1995,2299.97687833528,0.06695230073705272,26.1,8.05721909780768,384733.0
8214,SLB,1996,2270.46028385944,-0.012916490828236427,26.1,8.05721909780768,396009.0
8215,SLB,1997,2186.40705532991,-0.03772299661576639,26.0,8.05721909780768,407474.0
8216,SLB,1998,2153.35862620817,-0.015230807568340943,26.1,8.05721909780768,419071.0
8217,SLB,1999,2086.00899568939,-0.03177610599422209,26.1,8.05721909780768,430500.0
8218,SLB,2000,1747.71795607153,-0.1769417571274774,26.1,8.05721909780768,440469.0
8219,SLB,2001,1577.65519966257,-0.10237121795459103,26.0,8.05721909780768,449125.0
8220,SLB,2002,1504.84671895171,-0.04724864875686041,26.0,8.05721909780768,457671.0
8221,SLB,2003,1573.84348435767,0.044829661763203354,26.1,8.05721909780768,466154.0
8222,SLB,2004,1664.57315979072,0.05604802317580937,26.1,8.05721909780768,474611.0
8223,SLB,2005,1755.74082446273,0.05332215996991607,26.1,8.05721909780768,483080.0
8224,SLB,2006,1796.71439810674,0.023068772513838987,26.1,8.05721909780768,491594.0
8225,SLB,2007,1830.23321405807,0.018483735545475,26.1,8.05721909780768,500156.0
8226,SLB,2008,1911.18969015528,0.04328252447000924,26.0,8.05721909780768,508790.0
8227,SLB,2009,1930.46287614922,0.010033883783691522,26.1,8.05721909780768,518141.0
8228,SLB,2010,2058.95691648883,0.064439696980088,26.1,8.05721909780768,532968.0
8229,SLB,2011,2132.02844199392,0.034874343393685336,26.0,8.05721909780768,552945.0
8230,SLB,2012,2105.91423758379,-0.012324156749193627,26.0,8.05721909780768,573606.0
8231,SLB,2013,2136.72116177034,0.01452279668003964,26.0,8.05721909780768,594945.0
8232,SLB,2014,2085.16067273086,-0.02442657312443508,26.0,8.05721909780768,616908.0
8233,SLB,2015,2045.47721526649,-0.019214794173741723,26.0,8.05721909780768,639415.0
8234,SLB,2016,2084.24845745225,0.018777218841274923,26.0,8.05721909780768,662379.0
8235,SLB,2017,2075.36705302305,-0.00427030714894272,26.0,8.05721909780768,685672.0
8236,SLB,2018,2061.8996970669,-0.006510290167965671,26.0,8.05721909780768,709101.0
8237,SLB,2019,2043.09139778307,-0.009163689014247467,26.0,8.05721909780768,728147.0
8238,SLB,2020,1930.65510307199,-0.056604674913455,26.0,8.05721909780768,744498.0
8239,SLB,2021,1880.5519827183,-0.02629403539002695,26.0,8.05721909780768,762591.0
8240,SLB,2022,1788.61727922057,-0.050122489941373694,26.0,8.05721909780768,781066.0
8241,SLE,1961,886.038579044036,0.002238828338139598,25.9,8.018427882142614,2304227.0
8242,SLE,1962,911.239720141179,0.028045509610824304,25.9,8.038156890139653,2342242.0
8243,SLE,1963,911.161475061012,-8.587031266316103e-05,26.2,8.006300898761259,2382258.0
8244,SLE,1964,955.181698510419,0.04718145070951518,25.8,7.913045410418873,2424390.0
8245,SLE,1965,1005.40380599095,0.051242954196411006,25.7,7.9217533152603385,2468666.0
8246,SLE,1966,1003.80265359623,-0.0015938160322184203,26.1,8.145172530527429,2514638.0
8247,SLE,1967,985.455777250999,-0.018446468595639587,25.9,7.955635519243473,2562384.0
8248,SLE,1968,986.440732190591,0.0009989926112146108,26.1,8.025647182382203,2611532.0
8249,SLE,1969,1050.49379146851,0.0629123654111261,26.4,8.04321366877091,2661365.0
8250,SLE,1970,1119.62920786369,0.06373723487302385,26.3,7.8370412063511035,2712286.0
8251,SLE,1971,1137.08055497496,0.015466494875775005,25.8,7.8681394483668035,2763222.0
8252,SLE,1972,1126.45855224582,-0.009385374138476621,26.1,7.829590611111643,2814388.0
8253,SLE,1973,1130.75817630364,0.0038096733944001926,26.3,7.847020074416114,2866955.0
8254,SLE,1974,1148.8917972974,0.0159094630202663,25.8,7.885818209248893,2920459.0
8255,SLE,1975,1146.78716522182,-0.0018335600923116147,25.6,7.844632644464681,2974657.0
8256,SLE,1976,1121.22071390809,-0.022546248241075872,25.5,7.942468841800015,3028820.0
8257,SLE,1977,1101.18995150596,-0.01802664569955237,26.0,7.882012986610825,3085354.0
8258,SLE,1978,1106.11941393464,0.004466497266692571,26.0,7.951277601332286,3145517.0
8259,SLE,1979,1133.68037540161,0.02461144319846742,26.3,7.92486824407111,3207499.0
8260,SLE,1980,1165.12783269719,0.02736149896525042,26.2,7.900303100573046,3272089.0
8261,SLE,1981,1174.70023539592,0.008182187600699109,26.2,7.962067308753666,3338940.0
8262,SLE,1982,1205.86429259504,0.026183568867787166,26.0,7.870891428087797,3408183.0
8263,SLE,1983,1155.5985621559,-0.04257811973472503,26.5,7.903965634032166,3481646.0
8264,SLE,1984,1176.83294082111,0.018208436404687944,26.3,7.760594898275675,3558758.0
8265,SLE,1985,1089.92411667933,-0.07671880568130796,26.1,7.797373439440457,3638438.0
8266,SLE,1986,1076.77818848429,-0.01213465225432575,25.9,7.745738463587531,3728380.0
8267,SLE,1987,1124.08995764348,0.043000357921715526,26.7,7.786053343346197,3829718.0
8268,SLE,1988,1016.68318068952,-0.100428236639174,26.3,7.811527986297319,3934517.0
8269,SLE,1989,998.840220254123,-0.01770599793131833,26.2,7.900191905035579,4034037.0
8270,SLE,1990,992.259351903398,-0.006610309605780351,26.4,7.745824976261692,4196828.0
8271,SLE,1991,1003.77238191056,0.011536046738838124,26.3,7.769843224841976,4246267.0
8272,SLE,1992,828.516034463031,-0.1918843730184392,26.2,8.033301568890328,4166366.0
8273,SLE,1993,841.770438078312,0.01587114792183897,26.3,7.850454224132593,4157130.0
8274,SLE,1994,822.218309819245,-0.02350139469095769,26.1,7.933223233612244,4173105.0
8275,SLE,1995,755.343467472038,-0.08483337391018786,26.3,7.913447861718553,4179179.0
8276,SLE,1996,764.924518087367,0.012604590184984943,26.4,7.897222120389449,4199210.0
8277,SLE,1997,710.743788352538,-0.07346514886595834,26.5,7.831974497178414,4253716.0
8278,SLE,1998,716.346032939256,0.007851325517866492,26.9,8.001221013497368,4295785.0
8279,SLE,1999,698.548063578049,-0.025159350410022263,26.2,7.921862139056583,4318043.0
8280,SLE,2000,727.240914632596,0.0402538184932375,26.3,7.911653876577808,4423611.0
8281,SLE,2001,642.036645844304,-0.12461242171141151,26.5,7.907246803449053,4692716.0
8282,SLE,2002,766.788693742901,0.1775658835199332,26.7,7.90625252964727,4971435.0
8283,SLE,2003,806.066489012144,0.04995496533998356,26.5,7.855622194291036,5177687.0
8284,SLE,2004,829.759768928304,0.028969992194901373,26.6,7.915165604223776,5355717.0
8285,SLE,2005,842.906030904902,0.0157192580548271,26.7,7.836409269839691,5501712.0
8286,SLE,2006,859.824260714965,0.019872538434870357,26.8,8.026594941330215,5624466.0
8287,SLE,2007,872.68836234614,0.01485049849211073,26.8,7.86022363697488,5749352.0
8288,SLE,2008,882.54147817868,0.01122726962008258,26.5,7.9024134699303055,5894722.0
8289,SLE,2009,872.23959352481,-0.011741639086988442,26.5,7.903115937839772,6055646.0
8290,SLE,2010,902.769891411394,0.034403544771178574,26.8,7.927757167068335,6222714.0
8291,SLE,2011,950.760763054593,0.05179477318194792,26.5,7.9068786691495045,6387251.0
8292,SLE,2012,1025.04366004502,0.07522801849310223,26.3,7.905884029071925,6551080.0
8293,SLE,2013,1146.81973456475,0.11225745640518081,26.5,7.908056222183458,6714051.0
8294,SLE,2014,1032.23789355905,-0.10526350574528731,26.4,7.899005049321747,6876385.0
8295,SLE,2015,964.575980888989,-0.06779582975824727,26.6,7.917427058353599,7037655.0
8296,SLE,2016,1002.77862282013,0.0388414418331422,26.9,7.91216677225142,7205328.0
8297,SLE,2017,1010.54694071207,0.007716940154780083,26.8,7.90411333361149,7379299.0
8298,SLE,2018,1015.6678297205,0.005054646709860222,26.6,7.905146620292841,7554563.0
8299,SLE,2019,1046.96778078594,0.0303518020780702,26.5,7.831537876614588,7731991.0
8300,SLE,2020,1010.25294614757,-0.035697417298455214,26.9,7.876410731062155,7912558.0
8301,SLE,2021,1045.7661615758,0.034549044523616956,27.2,7.949267975609674,8094602.0
8302,SLE,2022,1077.08884538507,0.029512102413852936,26.5,7.914836903137929,8276807.0
8303,SLV,1966,2747.27195376382,0.04096777735053614,24.3,7.613226209230914,3290961.0
8304,SLV,1967,2816.01216463995,0.02471335562500432,24.3,7.183794839649844,3385184.0
8305,SLV,1968,2827.32143813783,0.0040080170457565956,24.1,7.559924202813525,3480773.0
8306,SLV,1969,2847.56496825494,0.007134456810039325,24.8,7.768744695071203,3576485.0
8307,SLV,1970,2858.56429944097,0.0038552736167432045,24.5,7.623397537369454,3668796.0
8308,SLV,1971,2898.75101500994,0.013960454153366442,24.4,7.2120732050853436,3757523.0
8309,SLV,1972,3004.66954382527,0.03588763342131429,24.9,7.116637620944077,3846830.0
8310,SLV,1973,3077.74959330351,0.024031085241519534,24.8,7.531445194526861,3938068.0
8311,SLV,1974,3168.28127650095,0.028990578380424736,24.3,7.502186486602924,4029671.0
8312,SLV,1975,3189.0656409164,0.006538714573226301,24.7,7.357683743796821,4120449.0
8313,SLV,1976,3278.58861289779,0.02768505748585426,24.5,7.2870132949211275,4210310.0
8314,SLV,1977,3426.85616236824,0.04423024128768205,25.0,7.230056145829533,4301256.0
8315,SLV,1978,3532.98751537256,0.030500564520350437,24.8,7.400131759079598,4394114.0
8316,SLV,1979,3320.1122024217,-0.062145256384791736,24.8,7.654253635039077,4480388.0
8317,SLV,1980,2757.38812393103,-0.1857146785022028,25.1,7.552394755477039,4540382.0
8318,SLV,1981,2582.45156646321,-0.06554473244518544,24.8,7.6061884639713195,4570599.0
8319,SLV,1982,2392.38390078794,-0.07644885046898864,25.0,7.389810989252014,4622477.0
8320,SLV,1983,2385.3964125653,-0.002924995603065028,25.3,7.381564159068851,4707367.0
8321,SLV,1984,2371.58493413585,-0.0058068410331584275,24.5,7.459454095957708,4798003.0
8322,SLV,1985,2339.0115535039,-0.01383005311930674,24.8,7.282761179605593,4894706.0
8323,SLV,1986,2297.53500731075,-0.017891614831959224,24.8,7.174341388139183,4992769.0
8324,SLV,1987,2309.06459110733,0.005005691345611574,25.2,7.251699530442051,5092441.0
8325,SLV,1988,2305.62179387936,-0.0014921048060463349,25.1,7.696167183767863,5195833.0
8326,SLV,1989,2282.53716167277,-0.010062784321555718,24.8,7.503179371013467,5298979.0
8327,SLV,1990,2348.20460167761,0.028363422392134297,25.0,7.3098814858247865,5399726.0
8328,SLV,1991,2341.93382299132,-0.002674028719438226,25.2,7.319003631846029,5495077.0
8329,SLV,1992,2465.75989060719,0.051523023885867936,25.1,7.696803373919286,5585609.0
8330,SLV,1993,2574.95134564317,0.043330607001146326,25.0,7.581515745741892,5659957.0
8331,SLV,1994,2670.21278543567,0.036327525115081194,25.2,7.180602862475462,5714129.0
8332,SLV,1995,2773.32529027549,0.037888901863339264,25.3,7.52310306708767,5762131.0
8333,SLV,1996,2775.04629038695,0.000620362260037588,24.8,7.541470875772656,5805286.0
8334,SLV,1997,2842.88487409077,0.02415190905306197,25.3,7.425536655314134,5844578.0
8335,SLV,1998,2900.32064261101,0.02000195996514975,25.5,7.440557635551497,5880781.0
8336,SLV,1999,2946.4330235012,0.01577399687275527,24.7,7.416438609676094,5913900.0
8337,SLV,2000,2964.89346881406,0.006245808059775371,24.9,7.42684664716516,5943366.0
8338,SLV,2001,2978.59734844668,0.004611399037492525,25.3,7.394861816127535,5968060.0
8339,SLV,2002,3016.06307728602,0.01249986287848781,25.4,7.334590412826494,5986631.0
8340,SLV,2003,3057.16467629097,0.013535545905032365,25.5,7.387090235656757,5998599.0
8341,SLV,2004,3081.23629665234,0.007843001413501582,25.4,7.422792023519593,6004671.0
8342,SLV,2005,3163.36118376833,0.026304216591650942,25.3,7.458993213359389,6005578.0
8343,SLV,2006,3302.34817354347,0.04299865511188905,25.3,7.563044816985842,6002319.0
8344,SLV,2007,3359.1623024135,0.01705784496454754,25.2,7.408106234454107,6009824.0
8345,SLV,2008,3420.44927357443,0.018080280855780728,25.2,7.59583966519962,6029297.0
8346,SLV,2009,3337.81150878211,-0.02445655365340116,25.5,7.263399692106345,6048279.0
8347,SLV,2010,3398.49346060363,0.018016878266404746,25.1,7.463363045520021,6068249.0
8348,SLV,2011,3515.19664634846,0.03376323500295264,25.3,7.453967351418385,6090127.0
8349,SLV,2012,3600.31912505518,0.02392701877704262,25.4,7.409015297878427,6113975.0
8350,SLV,2013,3665.90044167854,0.018051504459672074,25.3,7.481217616596103,6138839.0
8351,SLV,2014,3713.94992016222,0.01302198692753187,25.4,7.289473993360301,6162955.0
8352,SLV,2015,3790.34089108162,0.020359981156836682,25.8,7.377821406274829,6183676.0
8353,SLV,2016,3875.84691357954,0.02230823734206666,25.8,7.422194366317963,6200800.0
8354,SLV,2017,3954.84014277572,0.02017598411467958,25.6,7.424642494126723,6213533.0
8355,SLV,2018,4046.16291720583,0.022828822791890246,25.2,7.360040357734192,6219807.0
8356,SLV,2019,4143.11437097867,0.023678764375668848,25.6,7.199155430802329,6222318.0
8357,SLV,2020,3808.53195436409,-0.08420396747929182,25.8,7.479299637782834,6234673.0
8358,SLV,2021,4247.54750394978,0.10909795740920103,25.6,7.414151105668742,6255782.0
8359,SLV,2022,4355.96037108555,0.02520334900222565,25.3,7.450079569807499,6280319.0
8360,SMR,1998,51376.4130293207,0.05948256751405445,13.9,6.75110146893676,26125.0
8361,SMR,1999,55318.4208680654,0.07392678432326072,13.7,6.8509732648831525,26459.0
8362,SMR,2000,55806.8967854415,0.008791499073248943,14.4,6.620739651073516,26799.0
8363,SMR,2001,58173.2673485907,0.04152846525344778,13.9,6.628173642564224,27143.0
8364,SMR,2002,57615.3840607029,-0.00963630888011302,14.5,6.890303885368382,27491.0
8365,SMR,2003,59090.2064374385,0.025275582533517138,14.3,6.570042272924791,27843.0
8366,SMR,2004,58393.1973140469,-0.011865800261038117,13.7,6.807603397031696,29457.0
8367,SMR,2005,59049.5507985237,0.011177536775978325,13.3,6.830982220176224,29836.0
8368,SMR,2006,60604.3235393604,0.025989300587477615,14.1,6.497528853772263,30184.0
8369,SMR,2007,62776.9178275821,0.0352212193304009,14.4,6.523268577259164,31211.0
8370,SMR,2008,61572.7157847481,-0.019368608548001376,14.2,6.762382625966384,31662.0
8371,SMR,2009,52873.2443236949,-0.15232141431153146,14.2,6.654023645899904,33066.0
8372,SMR,2010,49672.6753589594,-0.062442442193619385,13.2,6.931862354325371,33270.0
8373,SMR,2011,46450.0042070199,-0.06707843451076911,14.8,6.4792773965649,32620.0
8374,SMR,2012,42082.5364542056,-0.09874371226434953,14.2,6.530148499002369,33469.0
8375,SMR,2013,42293.4679807917,0.004999809303734892,13.8,6.739573285741901,33041.0
8376,SMR,2014,42492.831738275,0.004702743852906366,15.1,6.930103682645899,32655.0
8377,SMR,2015,43146.8035302005,0.015272939967445609,14.9,6.492391338694725,32897.0
8378,SMR,2016,43886.1965081114,0.01699150360787982,14.5,6.603537237890257,33101.0
8379,SMR,2017,43057.7582484571,-0.019057410830800592,14.4,6.327400925897314,33825.0
8380,SMR,2018,42818.6755959614,-0.005568076350909834,15.3,6.597827597583036,34522.0
8381,SMR,2019,43525.4039798176,0.016370414052625293,15.1,6.84970234753352,34663.0
8382,SMR,2020,40506.8341853183,-0.07187406197620305,15.0,6.688105616922183,34770.0
8383,SMR,2021,46834.1172363873,0.14514123291600534,14.2,6.541462805948445,34252.0
8384,SMR,2022,51277.3242468583,0.09063669386848439,15.4,6.372295374257785,33755.0
8385,SOM,1961,300.51342992721,-0.05914937407739185,26.9,5.885826215084985,2952054.0
8386,SOM,1962,313.492610868796,0.04228334508462073,26.9,5.4240685718535975,3030091.0
8387,SOM,1963,313.980360234436,0.001554646929318615,26.7,5.769570215194204,3110361.0
8388,SOM,1964,287.182893086474,-0.08921116599012002,26.4,5.588745664667843,3192796.0
8389,SOM,1965,263.102792359573,-0.08757446964666737,26.6,5.646506406836471,3277874.0
8390,SOM,1966,279.600767518587,0.06081795412398083,26.9,5.531807209916391,3365106.0
8391,SOM,1967,288.543367817663,0.031482640960766695,26.6,5.9740640324278145,3454537.0
8392,SOM,1968,286.759457432372,-0.006201659454847963,26.4,5.9604897428085515,3546590.0
8393,SOM,1969,274.575438546097,-0.04341769206654433,27.2,5.527840524826286,3641015.0
8394,SOM,1970,279.670909034091,0.018387542200462015,27.3,5.364573162325102,3738448.0
8395,SOM,1971,278.264327679558,-0.005042106115244138,26.7,5.392718041969521,3837691.0
8396,SOM,1972,311.416426424529,0.11255952730818475,27.0,5.81353333861532,3939436.0
8397,SOM,1973,266.402554956838,-0.15612247894892306,27.2,5.3442462984364365,4045592.0
8398,SOM,1974,261.538388550626,-0.018427455227524092,26.8,5.2327116094500425,4151842.0
8399,SOM,1975,292.525184353171,0.11196968924666884,26.8,5.270946169751904,4257535.0
8400,SOM,1976,279.998608750835,-0.04376612890832288,27.0,5.542439324247439,4365812.0
8401,SOM,1977,309.814719435257,0.10118980514676146,27.0,5.794536837924666,4484050.0
8402,SOM,1978,305.259525649104,-0.014812120995062905,27.0,5.519058033245936,4814892.0
8403,SOM,1979,256.278933202769,-0.17489588442324244,27.0,5.62003848122324,5449117.0
8404,SOM,1980,239.470243473533,-0.0678372693757261,27.2,5.226284163648205,5936154.0
8405,SOM,1981,252.485050366444,0.0529228757304967,26.9,5.787817203599275,5982849.0
8406,SOM,1982,258.564156472616,0.02379181017689902,26.9,5.8126368795682835,6003840.0
8407,SOM,1983,221.453992833667,-0.15492899005618543,27.1,5.282187984618153,6198430.0
8408,SOM,1984,220.505292974997,-0.004293161593273531,26.7,5.413430173648541,6428389.0
8409,SOM,1985,231.960661998941,0.05064609791938235,26.9,5.382658514981787,6693289.0
8410,SOM,1986,217.822044975288,-0.06288937496401203,27.0,5.462983988103271,6974788.0
8411,SOM,1987,231.385120661873,0.06040508934143762,27.3,5.586499314041468,7228302.0
8412,SOM,1988,239.054073867183,0.03260626551367185,27.2,5.562986664690745,7235360.0
8413,SOM,1989,252.360849486732,0.05417022883619005,26.8,5.790571604728592,7114817.0
8414,SOM,1990,259.400021870102,0.02751135052545539,27.1,5.5819914176022785,7082811.0
8415,SOM,1991,277.598802350398,0.06780555813094491,27.1,5.407620101438487,6813760.0
8416,SOM,1992,266.498410042717,-0.04080863680412605,27.0,5.400873954873129,6495107.0
8417,SOM,1993,269.406204622777,0.01085201745649833,26.9,5.489350863944013,6681399.0
8418,SOM,1994,210.446194601917,-0.24699028211859186,27.0,5.623295223743515,7026797.0
8419,SOM,1995,211.087530841799,0.0030428727099129915,27.2,5.527442989539794,7285007.0
8420,SOM,1996,219.93638187378,0.04106544566538339,27.1,5.404927101606295,7554474.0
8421,SOM,1997,214.852351288921,-0.02338727720878797,27.1,5.776723099057916,7824525.0
8422,SOM,1998,219.712160749461,0.022367275448194057,27.3,5.527045296156147,8155417.0
8423,SOM,1999,226.444111028772,0.030179834578238918,27.0,5.491826112732555,8492059.0
8424,SOM,2000,233.032393086303,0.028679305973590807,27.1,5.565669172526567,8838713.0
8425,SOM,2001,239.839074088089,0.028790703782910043,27.1,5.471850417308912,9198493.0
8426,SOM,2002,248.636454000924,0.03602363169144329,27.3,5.597310230145684,9550063.0
8427,SOM,2003,257.910337235953,0.03662018892754482,27.3,5.586499314041468,9909157.0
8428,SOM,2004,266.257271856551,0.03185103436211101,27.2,5.596939379038152,10280998.0
8429,SOM,2005,275.457040797983,0.033968655878644505,27.2,5.573294066502264,10644228.0
8430,SOM,2006,284.47078986532,0.0321988918020395,27.2,5.610935924289849,10975502.0
8431,SOM,2007,294.210404466601,0.03366459635753394,27.1,5.632286472951131,11322582.0
8432,SOM,2008,304.741448811237,0.03516853545732701,27.0,5.577084821610244,11663084.0
8433,SOM,2009,317.038184814662,0.03955851516803577,27.5,5.521460917862246,11961201.0
8434,SOM,2010,329.970504936872,0.03998104803528424,27.2,5.512621969195042,12261756.0
8435,SOM,2011,349.577449077711,0.05772186528758105,27.2,5.634432396521408,12348830.0
8436,SOM,2012,369.617204753489,0.05574275156744424,27.2,5.542830943598439,12461160.0
8437,SOM,2013,397.108796344814,0.07174240101015084,27.3,5.603225219664886,12869594.0
8438,SOM,2014,417.516796906402,0.0501144862407763,27.3,5.5302224235308195,13339491.0
8439,SOM,2015,445.583080073396,0.06505894118941757,27.5,5.647212123167807,13806963.0
8440,SOM,2016,458.92147682461,0.02949540418727281,27.5,5.599902344168809,14348740.0
8441,SOM,2017,506.501098879426,0.09864737227157239,27.4,5.784132827309859,14916629.0
8442,SOM,2018,498.981065013918,-0.014958344073361829,27.1,5.646506406836471,15452487.0
8443,SOM,2019,494.444039712384,-0.009134169903155964,27.4,5.751619804070361,16030971.0
8444,SOM,2020,462.867053737278,-0.06599410736733446,27.3,5.520260197285728,16651191.0
8445,SOM,2021,461.627830726021,-0.0026808666533026937,27.2,5.657389435086491,17271431.0
8446,SOM,2022,460.046226685238,-0.003432028015796895,27.4,5.745883650674837,17801897.0
8447,SRB,1996,3200.76825835814,0.060621171253743,9.2,6.7903221820900415,7622185.0
8448,SRB,1997,3497.55048957119,0.08867200162859845,9.55,6.609281855452135,7598538.0
8449,SRB,1998,3699.40380796484,0.056108810327959446,10.05,6.745353989623313,7567745.0
8450,SRB,1999,3329.4517344386,-0.10536402756013175,10.25,6.839048080972346,7540401.0
8451,SRB,2000,3542.35365914848,0.06198373555532832,11.3,6.334522195087529,7516346.0
8452,SRB,2001,3788.98233947399,0.06730608934680404,10.25,6.66574741002153,7503433.0
8453,SRB,2002,4038.65251197442,0.06381362867095675,11.1,6.72844917114864,7500031.0
8454,SRB,2003,4233.77644906089,0.047183272627760786,10.15,6.617803967086313,7480591.0
8455,SRB,2004,4527.43498659451,0.06706117867731898,10.0,6.802561416103631,7463157.0
8456,SRB,2005,4809.1384076488,0.06036239184146375,9.55,6.8679744089702925,7440769.0
8457,SRB,2006,5016.41289322251,0.04219717233476317,10.3,6.71149705644931,7411569.0
8458,SRB,2007,5431.27887426624,0.0794595111593761,11.45,6.77776048236595,7381579.0
8459,SRB,2008,5735.94772695749,0.05457836376530523,11.25,6.65524728153801,7350222.0
8460,SRB,2009,5578.0119741931,-0.02792055421817885,11.15,6.818650803899316,7320807.0
8461,SRB,2010,5690.70327182682,0.020001402476097496,10.2,6.980680408996694,7291436.0
8462,SRB,2011,5737.00120175811,0.008102796733464146,10.5,6.313457462464361,7236519.0
8463,SRB,2012,5739.3075023532,0.0004019237693242417,11.05,6.617737146732808,7201497.0
8464,SRB,2013,5793.33614525565,0.00936975767706727,11.0,6.725813650006468,7166553.0
8465,SRB,2014,5716.54047153506,-0.013344506791060695,11.65,6.97176240895643,7131787.0
8466,SRB,2015,5820.3215576888,0.017991700929039567,11.45,6.692393868109982,7095383.0
8467,SRB,2016,6024.95754653784,0.03455492245502079,10.9,6.877141420364301,7058322.0
8468,SRB,2017,6200.26118592152,0.028680984791165542,11.05,6.6492435838301365,7020858.0
8469,SRB,2018,6524.08029755191,0.05090857478226063,11.85,6.6677834226864325,6982604.0
8470,SRB,2019,6870.75810896296,0.051774458088168274,12.05,6.742762704309957,6945235.0
8471,SRB,2020,6850.96742168834,-0.0028845790499545387,11.4,6.681231019508449,6899126.0
8472,SRB,2021,7465.67601077148,0.08592611251592785,10.7,6.7779882209230715,6834326.0
8473,SRB,2022,7862.95387364846,0.051846362476961616,11.7,6.580639137284949,6664449.0
8474,SSD,2009,2293.80166888543,0.002015069158381344,29.3,6.7459419828195335,9243556.0
8475,SSD,2010,2295.07026096006,0.0005528993296577411,29.2,6.892540113175657,9745953.0
8476,SSD,2011,2073.23981819145,-0.10165094454170553,28.4,6.84683686401272,10288109.0
8477,SSD,2012,1069.19619080938,-0.6622053706782118,28.0,6.865265227361185,10756240.0
8478,SSD,2013,1165.16202707495,0.08595301375998332,28.4,6.8512907420010105,11166275.0
8479,SSD,2014,1197.09491969479,0.02703756504118804,28.0,6.895480248106525,11235073.0
8480,SSD,2015,1080.14718624765,-0.10280040600954532,28.3,6.852453963197048,11107561.0
8481,STP,1971,1015.74666793194,0.030644417257133405,24.5,7.719618393247067,79330.0
8482,STP,1972,1017.08121320436,0.0013129940577147892,24.3,7.583858024932824,81041.0
8483,STP,1973,1011.34975679533,-0.005651137994638233,24.7,7.765229752963759,82798.0
8484,STP,1974,1045.17670623037,0.03290013645101464,24.2,7.615988096960123,84672.0
8485,STP,1975,1075.52552217484,0.028623431971944946,24.2,7.7308775359638275,86708.0
8486,STP,1976,1065.93941593131,-0.00895290892110534,23.9,7.696485329435812,88922.0
8487,STP,1977,1281.27707655704,0.18400080556033505,24.5,7.7339462332998465,91301.0
8488,STP,1978,1283.3570836238,0.0016220695763280446,24.4,7.644440761556566,93794.0
8489,STP,1979,1454.96872023117,0.12550503608928043,24.7,7.624130585661289,96252.0
8490,STP,1980,1405.76061531863,-0.03440588275184542,24.7,7.584569804921185,98544.0
8491,STP,1981,1234.82085380117,-0.1296526176104278,24.7,7.586702110140941,100615.0
8492,STP,1982,1249.50268222753,0.011819716024058735,24.5,7.532730679438749,102508.0
8493,STP,1983,1179.55626040759,-0.05760730068043696,24.8,7.501855305940849,104380.0
8494,STP,1984,1087.44153359985,-0.08131059692238107,25.0,7.827559830156089,106394.0
8495,STP,1985,1163.80724250137,0.06786901604212492,24.7,7.7313164982640155,108658.0
8496,STP,1986,1071.36164381493,-0.08276633260740152,24.5,7.614608106598194,111150.0
8497,STP,1987,1014.69125831664,-0.05434601653960058,25.2,7.597045029214778,113919.0
8498,STP,1988,1008.24359402711,-0.0063745860284472045,24.9,7.88998355290757,116939.0
8499,STP,1989,1013.50760361265,0.005207388017850256,24.8,7.737659892896942,119979.0
8500,STP,1990,967.490807502814,-0.04646654462537292,24.8,7.743139596962568,122980.0
8501,STP,1991,957.946483063679,-0.009914010349578284,24.8,7.632885505395133,125697.0
8502,STP,1992,946.482495103288,-0.0120394370859076,24.6,7.550608665487616,128110.0
8503,STP,1993,939.606669438019,-0.007291125207340876,24.8,7.642380238988391,130467.0
8504,STP,1994,943.891404294867,0.004549770778017326,24.7,7.642476171452011,132732.0
8505,STP,1995,947.331538535199,0.003638003702921111,25.0,7.7122201956740355,134895.0
8506,STP,1996,947.030151309961,-0.0003181939641159204,24.8,7.756922818999992,136962.0
8507,STP,1997,942.971185295678,-0.004295205697391502,24.7,7.714186500995421,138922.0
8508,STP,1998,953.9855008639,0.011612747330599582,25.3,7.757051142032013,140751.0
8509,STP,1999,966.2268289095,0.01275014610716152,25.0,7.810555420673793,142442.0
8510,STP,2000,959.938180991352,-0.006529731596311095,25.1,7.778504563885914,144018.0
8511,STP,2001,973.424252100436,0.01395112433626089,25.1,7.736176083599651,146375.0
8512,STP,2002,982.32906557627,0.009106337626040073,25.3,7.848035937596388,149922.0
8513,STP,2003,1036.86196260207,0.054027737574362966,25.3,7.675081857716334,153814.0
8514,STP,2004,1047.05796134884,0.009785481668301621,25.1,7.6813297086546966,157705.0
8515,STP,2005,1089.14778798762,0.03941125474663831,25.2,7.531873873131646,161639.0
8516,STP,2006,1157.0861446542,0.060509356072105724,25.2,7.582840316723674,165638.0
8517,STP,2007,1170.51612474435,0.011539883170217813,25.2,7.916479329187379,169700.0
8518,STP,2008,1214.14114724792,0.03659216834616519,25.1,7.769336361050765,173793.0
8519,STP,2009,1225.60541902997,0.00939798938097347,25.2,7.694757035013707,177853.0
8520,STP,2010,1216.3502521663,-0.007580163136252871,25.4,7.539292977910391,181802.0
8521,STP,2011,1214.96130276731,-0.001142551679375714,25.0,7.666783828655595,185649.0
8522,STP,2012,1225.6945255615,0.00879541626676339,25.1,7.834115146533076,189439.0
8523,STP,2013,1263.70423995281,0.03053963798840531,25.1,7.656337166430183,193148.0
8524,STP,2014,1301.32146445028,0.02933297831927728,25.2,7.623593069461781,196767.0
8525,STP,2015,1298.10946596396,-0.0024713102267712728,25.2,7.561953709403507,200291.0
8526,STP,2016,1342.533807689,0.03364978066118418,25.2,7.610605235003468,203689.0
8527,STP,2017,1375.59403284199,0.0243269319882371,25.1,7.674710386686802,206970.0
8528,STP,2018,1413.84348618541,0.027426210944865304,25.3,7.736132408802186,210187.0
8529,STP,2019,1420.66008316091,0.004809738248516382,25.1,7.726918180124942,213392.0
8530,STP,2020,1430.84119299096,0.007140907267735308,25.2,7.672478658031304,217435.0
8531,STP,2021,1428.28676097975,-0.001786861401097184,25.5,7.695257638023228,221961.0
8532,STP,2022,1403.23356704678,-0.017696392634904967,25.2,7.786053343346197,226305.0
8533,SUR,1961,3994.89569571431,0.013816100389151487,26.0,7.488237553884615,272791.0
8534,SUR,1962,3988.11140027838,-0.0016996845894343693,26.1,7.567242258049447,283912.0
8535,SUR,1963,4025.39761164569,0.009305905912937007,26.2,7.78451484951896,297034.0
8536,SUR,1964,4120.48612086465,0.023347455408636364,26.4,7.391476885056068,309041.0
8537,SUR,1965,4456.89702951005,0.07848164370130917,26.2,7.545495452270344,320000.0
8538,SUR,1966,5133.97497313157,0.14142741710262818,26.4,7.696939647739025,331135.0
8539,SUR,1967,5561.3080987637,0.07995314244659646,26.0,7.8053523684090385,342679.0
8540,SUR,1968,5782.53661381848,0.03900909678263531,26.0,7.906620894479961,354616.0
8541,SUR,1969,5840.34086091936,0.009946714797251843,26.5,7.7237393695011445,366906.0
8542,SUR,1970,5799.86722281584,-0.006954137060276366,26.2,7.97525522595762,379442.0
8543,SUR,1971,5834.02486729504,0.0058721092417926,25.8,7.948067325702039,391932.0
8544,SUR,1972,5719.04237661422,-0.01990575921403348,26.3,7.880388536394325,397413.0
8545,SUR,1973,5639.38579790557,-0.01402621620089306,26.4,7.812620993186824,395772.0
8546,SUR,1974,5692.08851903754,0.009302073089791918,26.0,7.7233413067346595,393676.0
8547,SUR,1975,5888.95396298107,0.03400115488335409,26.1,7.862766598967891,391170.0
8548,SUR,1976,6454.72147950716,0.0917334888716379,26.1,7.972534979113795,388289.0
8549,SUR,1977,7172.62107128024,0.10545927331442684,26.4,7.710160370478604,385067.0
8550,SUR,1978,7717.46333376568,0.07321457767366724,26.3,7.7590593893367386,381502.0
8551,SUR,1979,7750.38885062687,0.004257290048883533,26.6,7.866108835228679,377602.0
8552,SUR,1980,7110.25141539986,-0.08620541237529977,26.6,7.6901945670208445,375377.0
8553,SUR,1981,7613.41613760027,0.0683743682720479,26.4,7.7946583939617,375459.0
8554,SUR,1982,7272.42377342797,-0.045822342426664164,26.2,7.703819993548769,376555.0
8555,SUR,1983,6948.36988386005,-0.045582546870210905,26.4,7.659548654974816,378746.0
8556,SUR,1984,6754.87416435162,-0.028242740261601895,25.8,7.8230054696810445,382193.0
8557,SUR,1985,6804.88235329589,0.00737600496077917,26.0,7.627252234864865,386972.0
8558,SUR,1986,6765.64454752431,-0.005782813799941167,26.5,7.576097340623111,392330.0
8559,SUR,1987,6272.92938552246,-0.07561408171991246,26.8,7.641180306040653,396911.0
8560,SUR,1988,6672.84558173621,0.061802940737667456,26.4,7.6846919852717654,402227.0
8561,SUR,1989,6847.85742586796,0.025889425904153995,26.0,7.959450647862495,408409.0
8562,SUR,1990,6474.95571162121,-0.055994051143873236,26.5,7.989187498440394,412493.0
8563,SUR,1991,6609.4013410012,0.020551313420224204,26.2,7.704902049560567,415013.0
8564,SUR,1992,6594.9041494915,-0.0021958288294960937,26.0,7.598098532209348,417589.0
8565,SUR,1993,6127.17764098658,-0.07356302578274665,26.1,7.80339422312542,419352.0
8566,SUR,1994,6290.15749631679,0.02625188309280624,26.2,7.805678353498108,422375.0
8567,SUR,1995,6184.2834422862,-0.016974964543116755,26.7,7.600552398277787,429606.0
8568,SUR,1996,6114.83571706509,-0.011293241803375764,26.4,7.914252278742441,438830.0
8569,SUR,1997,6330.13718248353,0.03460400450715717,26.8,7.652023239049797,448067.0
8570,SUR,1998,6343.51344766536,0.002110878789233439,27.1,7.613473116715935,457406.0
8571,SUR,1999,6127.31035739875,-0.03467689999257573,26.5,7.748460023899697,466916.0
8572,SUR,2000,6128.31602380553,0.0001641150566698002,26.5,7.894616304225583,476643.0
8573,SUR,2001,6255.55274185687,0.02054950644442144,26.6,7.579167967396076,486560.0
8574,SUR,2002,6301.31731043167,0.007289200416344954,26.5,7.729647415432645,496551.0
8575,SUR,2003,6567.84309876847,0.0414267746930399,26.9,7.557159536594163,506414.0
8576,SUR,2004,7021.98919924338,0.06686105648721785,26.5,7.70796153183549,513923.0
8577,SUR,2005,7261.8171350196,0.03358355198424867,26.8,7.861187641136912,519313.0
8578,SUR,2006,7599.35696921481,0.04543354280067291,26.7,7.753237205845362,524997.0
8579,SUR,2007,7897.25648915828,0.03845178490510648,26.6,7.891368154120448,531016.0
8580,SUR,2008,8129.11464659446,0.028936598767874244,26.5,7.821843587301092,537245.0
8581,SUR,2009,8276.69079768793,0.017991208324140473,26.6,7.631916513071252,543568.0
8582,SUR,2010,8603.90786745855,0.03877327684645593,26.9,7.74157702882485,549923.0
8583,SUR,2011,9003.28597674886,0.04537311598551952,26.5,7.783390669115358,556269.0
8584,SUR,2012,9140.92898611536,0.015172400691879417,26.3,7.728943809422966,562633.0
8585,SUR,2013,9303.46008775809,0.017624363492117823,26.4,7.883408660249799,569020.0
8586,SUR,2014,9224.24378410547,-0.008551171468193175,26.5,7.657708033363535,575373.0
8587,SUR,2015,8813.61705392067,-0.04553729394678285,27.0,7.812094879736538,581627.0
8588,SUR,2016,8293.31553031406,-0.060848085462737345,26.9,7.702194711023955,587757.0
8589,SUR,2017,8338.69235401862,0.0054565794591390215,26.8,7.763021309018518,593713.0
8590,SUR,2018,8666.64870697797,0.03857576508605831,26.6,7.778546426784926,599513.0
8591,SUR,2019,8677.30522021731,0.0012288448902797455,26.8,7.559507384175697,605768.0
8592,SUR,2020,7213.10766669943,-0.18481114180243452,26.9,7.637861000527614,612317.0
8593,SUR,2021,6973.89941868115,-0.033725354346325176,26.7,7.992843190830359,617896.0
8594,SUR,2022,7081.33357325783,0.015287721952329747,26.6,7.945732529112892,623164.0
8595,SVK,1991,7338.79874023232,-0.15829209633342245,7.3,6.6433990318338525,5303294.0
8596,SVK,1992,6843.30017436782,-0.06990507295353154,8.2,6.543911845564792,5305016.0
8597,SVK,1993,6946.84564117976,0.015017595060202282,7.5,6.491178666119254,5325305.0
8598,SVK,1994,7348.918397432,0.05626545361360158,8.7,6.670639570101044,5346331.0
8599,SVK,1995,7755.6233338553,0.053865026132088545,7.8,6.695675300023907,5361999.0
8600,SVK,1996,8212.83193942756,0.05727963008163961,6.4,6.742998553367654,5373361.0
8601,SVK,1997,8647.39434311517,0.05156024175663099,7.3,6.67228607797729,5383291.0
8602,SVK,1998,8966.21926231252,0.03620605674393751,7.9,6.7530877989699984,5390516.0
8603,SVK,1999,8914.68326467255,-0.005764377974267987,8.2,6.783551675522831,5396020.0
8604,SVK,2000,8997.21199594319,0.0092150287923225,9.1,6.648855007955808,5388720.0
8605,SVK,2001,9277.35808851002,0.03066206641193503,7.8,6.792119935383212,5378867.0
8606,SVK,2002,9690.68468262889,0.04358826456006604,8.6,6.741228328086823,5376912.0
8607,SVK,2003,10168.02256533,0.048082671045797554,8.0,6.449522105335317,5373374.0
8608,SVK,2004,10718.2101858841,0.05269642829693488,7.8,6.731376031643812,5372280.0
8609,SVK,2005,11412.1593630008,0.0627352163336301,7.5,6.773652294458657,5372807.0
8610,SVK,2006,12430.2015488557,0.08544972233713821,8.0,6.612444179365865,5373054.0
8611,SVK,2007,13770.9602691527,0.10243292652900848,8.9,6.728628613084702,5374622.0
8612,SVK,2008,14497.1114407172,0.051387371965356365,9.0,6.686859200208406,5379233.0
8613,SVK,2009,13680.7537106597,-0.05795941211122191,8.5,6.805390272304109,5386406.0
8614,SVK,2010,14596.1477776887,0.06476763657115114,7.5,7.063219381606209,5391428.0
8615,SVK,2011,14950.8735178599,0.024012084361764607,8.5,6.49586960307105,5398384.0
8616,SVK,2012,15159.6570420004,0.01386802998093195,8.5,6.567656474305226,5407579.0
8617,SVK,2013,15249.8824513785,0.005934037518395385,8.4,6.7232312986329825,5413393.0
8618,SVK,2014,15647.6491763517,0.02574889841207373,9.5,6.806165423220504,5418649.0
8619,SVK,2015,16442.0760860018,0.04952297092911273,9.4,6.566109683586927,5423801.0
8620,SVK,2016,16740.7413996428,0.018001688928523052,8.8,6.8605588441511625,5430798.0
8621,SVK,2017,17195.2888721963,0.026790090334809946,8.8,6.744412480785964,5439232.0
8622,SVK,2018,17869.0149173679,0.038432759192552624,9.6,6.618471925163382,5446771.0
8623,SVK,2019,18250.9802475637,0.021150588066864984,9.7,6.70502691241052,5454147.0
8624,SVK,2020,17763.8563847352,-0.02705293800837616,9.4,6.8019502200851605,5458827.0
8625,SVK,2021,18808.4540496595,0.05714059947816175,8.4,6.682108597449809,5447247.0
8626,SVK,2022,18964.8298400624,0.008279750535365338,9.4,6.546785410760524,5431752.0
8627,SVN,1991,12395.9173883243,-0.09384794278721209,8.5,7.115013321066123,1999429.0
8628,SVN,1992,11735.8458123902,-0.05471927277076816,9.9,7.054795021631452,1996498.0
8629,SVN,1993,12098.3412867237,0.030420456713203592,9.1,6.9985096422506015,1991746.0
8630,SVN,1994,12757.6301288509,0.05306117462422577,10.4,7.071063896594161,1989443.0
8631,SVN,1995,13278.7428559643,0.0400349410185612,9.2,7.105293801580952,1989872.0
8632,SVN,1996,13674.183297426,0.029345149108905844,8.2,7.1783166246255,1988628.0
8633,SVN,1997,14400.670888341,0.051765170749112244,9.0,6.959588427622155,1985956.0
8634,SVN,1998,14874.2904782546,0.03235945638837201,9.5,7.112327444710911,1981629.0
8635,SVN,1999,15646.6885879812,0.050625051421970824,9.5,7.129938369201223,1983045.0
8636,SVN,2000,16146.1216848394,0.0314205747008689,10.6,7.027669375647474,1988925.0
8637,SVN,2001,16576.7158840406,0.026319175653538807,9.4,6.894872653151124,1992060.0
8638,SVN,2002,17099.658209132,0.031059422409223103,10.2,7.05695084534399,1994530.0
8639,SVN,2003,17635.3608581831,0.03084755055302324,9.6,6.802950164616011,1995733.0
8640,SVN,2004,18425.2601213581,0.04381652973239625,9.1,7.127934440832331,1997012.0
8641,SVN,2005,19102.2776603905,0.03608502135384839,8.8,7.105293801580952,2000474.0
8642,SVN,2006,20166.5323431214,0.054216838496772723,9.5,6.938866274007189,2006868.0
8643,SVN,2007,21485.780992381,0.06336695147935245,10.4,7.024293095230089,2018122.0
8644,SVN,2008,22175.2369557321,0.03158484669945061,10.3,7.074286149869768,2021316.0
8645,SVN,2009,20307.6188322273,-0.08798008628542675,10.1,7.168888016200381,2039669.0
8646,SVN,2010,20444.1201295876,0.0066991893520373935,9.1,7.203851850034936,2048583.0
8647,SVN,2011,20535.4155754108,0.004455667703062716,10.1,6.807050574860505,2052843.0
8648,SVN,2012,19894.8697964548,-0.03168908530191139,10.3,7.063561730120337,2057159.0
8649,SVN,2013,19704.2186005128,-0.009629144344609486,10.0,7.187657164114956,2059953.0
8650,SVN,2014,20228.7081986391,0.026270038436814858,10.8,7.331387691045751,2061980.0
8651,SVN,2015,20697.2748530619,0.02289924858060921,10.7,7.117692002809065,2063531.0
8652,SVN,2016,21309.7122138949,0.029160899280627817,10.2,7.297294236540043,2065042.0
8653,SVN,2017,22397.7634988337,0.04979816879935761,10.3,7.1872791637324545,2066388.0
8654,SVN,2018,23293.966665323,0.03923327556389289,11.0,7.114525516178402,2073894.0
8655,SVN,2019,23943.1800949889,0.027489141717795817,11.0,7.2140628155570825,2088385.0
8656,SVN,2020,22811.8050540778,-0.04840535986009087,10.7,7.249428254002522,2102419.0
8657,SVN,2021,24665.4410464026,0.07812494849780194,9.8,7.008053000297501,2108079.0
8658,SVN,2022,25275.715967757,0.024440975623775785,11.1,6.9018378052181,2112076.0
8659,SWE,1961,17684.0141602488,0.05054689379713473,3.4,6.476972362889683,7519998.0
8660,SWE,1962,18335.7770665432,0.03619310551859023,1.5,6.3833377016966795,7561588.0
8661,SWE,1963,19204.1484530655,0.046272138738673974,2.0,6.327400925897314,7604328.0
8662,SWE,1964,20361.4017863414,0.05851471837021016,2.6,6.342473469420088,7661354.0
8663,SWE,1965,20941.3474037449,0.028084509971844085,1.6,6.401751345495359,7733853.0
8664,SWE,1966,21176.7259593757,0.011177197213088519,1.0,6.47126379226885,7807797.0
8665,SWE,1967,21722.1060270222,0.025427706421281115,2.7,6.528104105766952,7867931.0
8666,SWE,1968,22386.3016044153,0.030118783344455835,1.7,6.329542636514291,7912273.0
8667,SWE,1969,23343.0283759473,0.04184913263087431,1.7,6.240080894395223,7968072.0
8668,SWE,1970,24623.249431809,0.0533927265570302,1.5,6.36784407432105,8042801.0
8669,SWE,1971,24685.407089056,0.00252116746052522,2.3,6.330967899538387,8098334.0
8670,SWE,1972,25175.8867084479,0.0196743968416353,3.1,6.323821183395508,8122300.0
8671,SWE,1973,26129.7839499588,0.03718915145297608,2.7,6.372124536297175,8136312.0
8672,SWE,1974,26887.3346708697,0.028579534430566156,3.5,6.474507789861521,8159955.0
8673,SWE,1975,27464.4049610736,0.02123545555334516,3.8,6.292679633842347,8192437.0
8674,SWE,1976,27654.2494023205,0.006888600389833854,1.8,6.164787403438236,8222286.0
8675,SWE,1977,27116.3390871045,-0.019642937049740183,2.0,6.478048706500939,8251540.0
8676,SWE,1978,27511.0807850431,0.014452396606133178,1.4,6.294896929650995,8275599.0
8677,SWE,1979,28505.2342759779,0.03549886806474767,1.6,6.4760488596687455,8293678.0
8678,SWE,1980,28931.0264163728,0.014826868448770014,1.6,6.3799530310090296,8310531.0
8679,SWE,1981,29027.7824143923,0.0033387880066459985,1.5,6.509067155152996,8320503.0
8680,SWE,1982,29373.4380991971,0.011837414286478776,2.6,6.360265670844555,8325263.0
8681,SWE,1983,29918.1729235917,0.01837528589420323,2.9,6.4731187935736925,8329033.0
8682,SWE,1984,31155.2490743847,0.04051665479464717,2.9,6.459434860567543,8336605.0
8683,SWE,1985,31775.7912577093,0.01972197801195641,0.4,6.542183734535649,8350386.0
8684,SWE,1986,32555.1791684435,0.024231751574809834,1.8,6.431331081933479,8369829.0
8685,SWE,1987,33534.9428309982,0.029651494558823543,0.9,6.482342533064276,8397804.0
8686,SWE,1988,34235.4074821733,0.020672450210730275,2.8,6.482495543545793,8436489.0
8687,SWE,1989,34910.5951930064,0.019529955322575177,4.1,6.372466183037772,8492964.0
8688,SWE,1990,34903.3480401006,-0.00020761333900409795,4.1,6.486160788944089,8558835.0
8689,SWE,1991,34268.9743998346,-0.01834234860429973,3.1,6.377067026119895,8617375.0
8690,SWE,1992,33673.8489875564,-0.017518866699713698,3.6,6.487075005067492,8668067.0
8691,SWE,1993,32787.2810455518,-0.02668087449901968,2.6,6.4775875582336,8718561.0
8692,SWE,1994,33862.4221711967,0.03226524184597679,2.7,6.338240658867467,8780745.0
8693,SWE,1995,35064.4138802129,0.03488085758091053,2.8,6.430364431302384,8826939.0
8694,SWE,1996,35605.4537507466,0.015312054758357618,2.0,6.331145914670143,8840998.0
8695,SWE,1997,36675.7506543343,0.029616970188278913,3.3,6.356454822650428,8846062.0
8696,SWE,1998,38211.7233090832,0.041026569879710095,2.5,6.627776790915388,8850974.0
8697,SWE,1999,39786.0271902555,0.04037341358872659,3.3,6.508023702721733,8857874.0
8698,SWE,2000,41561.7747635857,0.04366509393944895,4.1,6.6866097303306,8872109.0
8699,SWE,2001,42014.4022302506,0.01083160078050227,2.8,6.550508743144447,8895960.0
8700,SWE,2002,42831.7584103774,0.019267376614712006,3.4,6.359400843323733,8924958.0
8701,SWE,2003,43475.3655433221,0.014914621970156361,3.3,6.339653587396416,8958229.0
8702,SWE,2004,45114.6701230708,0.03701300517528594,3.3,6.45833828334479,8993531.0
8703,SWE,2005,46189.6828420555,0.023548984534835782,3.6,6.433582972864182,9029572.0
8704,SWE,2006,48078.3520110084,0.040075555620015635,3.9,6.45378246680893,9080505.0
8705,SWE,2007,49262.152916545,0.02432408324257196,3.8,6.5093650845459345,9148092.0
8706,SWE,2008,48428.6587081751,-0.017064336347509368,4.0,6.526934001786732,9219637.0
8707,SWE,2009,45974.3911151254,-0.05200723397997287,3.3,6.471727865291332,9298515.0
8708,SWE,2010,48205.5492512742,0.04738961754688198,1.4,6.450628387550081,9378126.0
8709,SWE,2011,49356.5905257047,0.0235971594589639,4.1,6.500538637835167,9449213.0
8710,SWE,2012,48789.7906883637,-0.011550219816530927,2.7,6.585067597331541,9519374.0
8711,SWE,2013,48928.4994141291,0.0028389530513059924,3.5,6.352455165114317,9600379.0
8712,SWE,2014,49557.6183647959,0.012775963195066353,4.3,6.429558174707874,9696110.0
8713,SWE,2015,51188.1652120493,0.03237235711150532,4.1,6.5141199226275495,9799186.0
8714,SWE,2016,51626.3235312369,0.008523331237073606,3.7,6.421459652959424,9923085.0
8715,SWE,2017,51894.3748177808,0.005178710922395524,3.3,6.500087747318773,10057698.0
8716,SWE,2018,52203.0872589761,0.005931236748077495,3.9,6.268338420843159,10175214.0
8717,SWE,2019,53024.4099494317,0.015610736576210371,3.7,6.5036891917876805,10278887.0
8718,SWE,2020,51624.5811789573,-0.026754434116181613,4.8,6.484177115447046,10353442.0
8719,SWE,2021,53997.1337068799,0.0449330271612709,3.2,6.393757964050511,10415811.0
8720,SWE,2022,54304.1877501033,0.005670380782495599,4.0,6.387215963028507,10486941.0
8721,SWZ,1971,1001.92984186377,0.10201543711043204,21.1,6.711983674463778,453183.0
8722,SWZ,1972,1027.69283540475,0.02538834202821505,21.2,6.9000254809201955,465788.0
8723,SWZ,1973,1089.3879155982,0.05829966905319939,21.3,6.810583367229864,479038.0
8724,SWZ,1974,1119.36003750229,0.027141133718701305,21.2,6.555356891810665,492988.0
8725,SWZ,1975,1238.16350597544,0.10087211130826024,21.0,6.923530198097499,507673.0
8726,SWZ,1976,1175.66310630915,-0.05179690401169523,21.0,6.850549805211358,523330.0
8727,SWZ,1977,1150.13175298559,-0.021955830581617874,21.7,6.867245735643927,540348.0
8728,SWZ,1978,1127.62759129896,-0.019760554619480786,21.5,6.912344731315945,558446.0
8729,SWZ,1979,1124.88785465554,-0.0024326030699466372,21.7,6.4129670329137705,577199.0
8730,SWZ,1980,1223.7010122456,0.08419653727303089,21.3,6.647558663465216,596644.0
8731,SWZ,1981,1357.00746151632,0.10340199616587409,21.0,6.924514062797091,616808.0
8732,SWZ,1982,1328.04038032375,-0.021577421913545614,21.6,6.268148865350222,637652.0
8733,SWZ,1983,1300.5544789406,-0.02091376166752923,22.2,6.626320319290823,658957.0
8734,SWZ,1984,1336.42629570893,0.02720841203784552,21.7,6.938478451624977,680783.0
8735,SWZ,1985,1337.19295932987,0.0005735024839514935,22.0,6.657882667925903,706196.0
8736,SWZ,1986,1442.88839640842,0.07607432511790524,21.8,6.45833828334479,734732.0
8737,SWZ,1987,1590.689371117,0.09752055357506162,22.0,6.669117306709278,763811.0
8738,SWZ,1988,1618.91934480167,0.017591366533793895,21.7,6.706250902771409,799798.0
8739,SWZ,1989,1745.0256877423,0.07501042077198239,21.6,6.721907512411624,837800.0
8740,SWZ,1990,2027.97481893357,0.15026839263715885,21.7,6.493451222206768,872428.0
8741,SWZ,1991,1982.41521742784,-0.02272176082409505,21.8,6.54405572010644,908189.0
8742,SWZ,1992,1969.96082517613,-0.0063022512735528835,22.6,6.164997597868857,943416.0
8743,SWZ,1993,1972.8034062953,0.0014419232014892813,22.3,6.625657584824257,971318.0
8744,SWZ,1994,2020.38481816452,0.02383241725509677,21.4,6.395428529089879,971212.0
8745,SWZ,1995,2119.58163612274,0.047930730446632985,21.9,6.584515111129642,970433.0
8746,SWZ,1996,2157.86134438392,0.01789888510634441,21.5,6.761341260526601,989841.0
8747,SWZ,1997,2187.69829843414,0.01373237298951313,21.6,6.81355448358331,1006635.0
8748,SWZ,1998,2216.00896777397,0.012857829852403135,22.3,6.795370148387346,1019653.0
8749,SWZ,1999,2256.76912984402,0.018226386176671383,22.1,6.846624278977906,1030782.0
8750,SWZ,2000,2273.04683761056,0.0071869488510918345,21.2,7.272953793861746,1041414.0
8751,SWZ,2001,2283.98316815361,0.004799771572697509,21.6,6.772965952633498,1051064.0
8752,SWZ,2002,2358.56935643468,0.032134308013759494,21.8,6.328472354571239,1059441.0
8753,SWZ,2003,2448.83792077995,0.0375583636627681,22.1,6.552793153047079,1066700.0
8754,SWZ,2004,2522.14342097167,0.02949550989326255,22.2,6.712348482639527,1073159.0
8755,SWZ,2005,2658.75180508187,0.05274766257681929,22.6,6.534950953113521,1079022.0
8756,SWZ,2006,2823.48728215402,0.06011597938324442,21.9,6.692827882439268,1084436.0
8757,SWZ,2007,2928.46845823015,0.03650683002998889,22.1,6.5237091382472725,1090705.0
8758,SWZ,2008,2950.67334362132,0.0075538205146488124,22.1,6.613518437559682,1098091.0
8759,SWZ,2009,2973.83456912379,0.007818824394652424,22.0,6.684611727667927,1105153.0
8760,SWZ,2010,3069.52175725884,0.031669549293858346,22.4,6.492694277200526,1111650.0
8761,SWZ,2011,3108.70225253092,0.012683586890601006,21.9,6.650408406326429,1117833.0
8762,SWZ,2012,3218.50138205493,0.034710484959759924,22.3,6.805722553416985,1123863.0
8763,SWZ,2013,3332.11983927912,0.034692847907951574,22.2,6.562020275081739,1129990.0
8764,SWZ,2014,3381.79292071291,0.014797328943132015,22.2,6.586585362369367,1136299.0
8765,SWZ,2015,3419.82276559528,0.011182708035137878,22.8,6.36784407432105,1142813.0
8766,SWZ,2016,3500.17688847942,0.02322477997753225,22.8,6.447622769531664,1149507.0
8767,SWZ,2017,3596.23605400492,0.027074251165236873,22.3,6.7602988095142615,1158195.0
8768,SWZ,2018,3565.54285067501,-0.008571443395954503,22.7,6.6198065043018115,1168929.0
8769,SWZ,2019,3759.67106964666,0.053015157545004854,23.1,6.5489351786970165,1179874.0
8770,SWZ,2020,3609.3669136859,-0.040799085302591465,22.3,6.525322869984546,1192729.0
8771,SWZ,2021,3719.03838239806,0.02993274871744589,22.0,6.835077053484151,1206593.0
8772,SWZ,2022,3695.64957179548,-0.006308799054458802,22.4,6.633976111699347,1218917.0
8773,SYC,1961,2931.52295872465,-0.07816911927400483,26.8,8.053887083618223,42889.0
8774,SYC,1962,3094.82323303369,0.05420872166032176,26.6,7.6846919852717654,44042.0
8775,SYC,1963,3322.94260496593,0.07111992638513875,26.3,7.808972981358771,45176.0
8776,SYC,1964,3432.56045494626,0.03245575384683974,26.3,7.892750840863279,46322.0
8777,SYC,1965,3311.93105019453,-0.0357750528882157,26.3,7.990881610114799,47500.0
8778,SYC,1966,3679.30050746873,0.10519123649291906,26.8,7.613324979540639,48699.0
8779,SYC,1967,3608.07514941437,-0.01954822408612955,26.7,7.744526499624958,49911.0
8780,SYC,1968,3787.78708615717,0.048607535753143694,26.6,7.81375322137086,51134.0
8781,SYC,1969,3698.74352837889,-0.023788791235407558,26.9,7.461927707251494,52365.0
8782,SYC,1970,3934.10745937442,0.06169086009113123,26.9,7.346719635630705,53600.0
8783,SYC,1971,4466.48702153242,0.12691816327605387,26.2,7.533693709848633,54695.0
8784,SYC,1972,4635.19530046487,0.037076135732704074,26.6,7.6973937597308435,56029.0
8785,SYC,1973,4978.1966610497,0.07138937504881149,26.8,7.395782994072124,56892.0
8786,SYC,1974,4952.09433656679,-0.005257123805483488,26.0,7.88788428687947,57937.0
8787,SYC,1975,4992.67635279626,0.0081615238324666,26.3,7.488405428314937,59292.0
8788,SYC,1976,5689.07506488881,0.13057557119519636,26.4,7.5309627113374,60504.0
8789,SYC,1977,5226.17270451846,-0.08486846669982384,26.8,7.759144757272594,61786.0
8790,SYC,1978,6294.51380248905,0.18599921528347352,26.9,7.7987692276714995,62150.0
8791,SYC,1979,7226.36841156741,0.1380581865821835,26.8,7.490808536745009,62686.0
8792,SYC,1980,6795.44213443153,-0.061484502490092297,26.9,7.4517061531799555,63261.0
8793,SYC,1981,6453.04441345632,-0.05170009156349131,26.9,7.680960551712661,64035.0
8794,SYC,1982,6282.31243363473,-0.026813886916572827,27.1,7.580291505637958,64413.0
8795,SYC,1983,6251.16837292603,-0.00496974867398059,27.1,7.7918946508392075,64335.0
8796,SYC,1984,6481.83312252185,0.03623497369118667,26.3,7.537376758662204,64717.0
8797,SYC,1985,7091.31069778707,0.08986682951820235,26.5,7.6141147910142175,65244.0
8798,SYC,1986,7100.93735358387,0.0013566078098889989,26.8,7.306464282593294,65652.0
8799,SYC,1987,7137.55603586632,0.005143628896066232,27.3,7.50041892096376,68499.0
8800,SYC,1988,7489.74029923645,0.04816369806808929,26.9,7.519041433061762,68755.0
8801,SYC,1989,8210.90696953337,0.09192926475349594,26.6,7.631334666662284,69167.0
8802,SYC,1990,8779.85231337378,0.0669961980229381,26.8,7.643291226033869,69507.0
8803,SYC,1991,8902.83798776266,0.01391051423246914,27.0,7.701109719959108,70439.0
8804,SYC,1992,9497.7554107084,0.0646853971949568,26.6,7.8804263442924,70763.0
8805,SYC,1993,9981.2446035158,0.049652294186151025,26.6,7.626229017488091,72253.0
8806,SYC,1994,9481.8805265777,-0.05132512794177657,26.9,7.859644788096156,74205.0
8807,SYC,1995,9388.81967720743,-0.009863079035744349,27.0,7.735389645250835,75304.0
8808,SYC,1996,10177.0904671696,0.080619576203949,26.6,7.650073503548532,76417.0
8809,SYC,1997,11284.8459766598,0.10332160012948322,27.2,7.729427591730368,77319.0
8810,SYC,1998,11339.3481297046,0.00481805081950526,27.3,7.558516743045645,78846.0
8811,SYC,1999,11326.9386083063,-0.001094976233346756,26.8,7.6061884639713195,80410.0
8812,SYC,2000,11703.7535246117,0.0327257681623081,26.7,7.690331744368507,81131.0
8813,SYC,2001,11427.9413083015,-0.02384825584832484,26.9,7.644775793986052,81202.0
8814,SYC,2002,11218.2606464315,-0.01851848309731352,27.0,7.83399634170946,83723.0
8815,SYC,2003,10677.9692081272,-0.049360199077952416,27.1,7.875499292445208,82781.0
8816,SYC,2004,10412.0868936027,-0.02521533377751517,26.8,7.790778740740146,82475.0
8817,SYC,2005,11297.3118190493,0.08159747267579576,27.0,7.621587050734915,82858.0
8818,SYC,2006,12105.4475265558,0.0690907547974362,27.1,7.651500512305174,84600.0
8819,SYC,2007,13112.8210098816,0.07993489453855318,27.2,7.530265379942642,85033.0
8820,SYC,2008,12473.2921769121,-0.05000072201428907,27.0,7.460777951447916,86956.0
8821,SYC,2009,12116.3783687977,-0.029031611088047526,27.3,7.655011785189115,87298.0
8822,SYC,2010,12313.5566919249,0.01614270397845985,27.5,7.517085973448972,89770.0
8823,SYC,2011,13843.7116081878,0.11713026850805086,27.3,7.443195463512047,87441.0
8824,SYC,2012,14135.0010570653,0.02082297191097915,27.3,7.4128847102032465,88303.0
8825,SYC,2013,14050.3135581314,-0.006009353093634928,27.3,7.664909589516375,89949.0
8826,SYC,2014,14395.6158118771,0.02427898988137045,27.3,7.702194711023955,91359.0
8827,SYC,2015,15333.1051727105,0.06309052495283396,27.7,7.683771937364377,93419.0
8828,SYC,2016,16962.6753972731,0.10100113773399855,27.5,7.535456860467013,94677.0
8829,SYC,2017,17921.5731976918,0.054989828339572,27.4,7.5615377360198055,95843.0
8830,SYC,2018,18628.1862276696,0.03867062851769809,27.4,7.417940697860704,96762.0
8831,SYC,2019,19481.6461053742,0.04479697471261268,27.5,7.825644732219989,97625.0
8832,SYC,2020,17048.361729788,-0.13341868409003332,27.6,7.872112103425331,98462.0
8833,SYC,2021,17005.0422063679,-0.0025442124299033253,27.3,7.568585858065539,99258.0
8834,SYC,2022,15471.2109575418,-0.09452896113373832,27.1,7.626813841326583,119878.0
8835,SYR,1961,556.25436306031,0.07293038863964973,17.9,5.833347679010845,4815466.0
8836,SYR,1962,672.560727258327,0.18986673100138685,19.2,5.600641715736688,4959340.0
8837,SYR,1963,596.197694870389,-0.12052009328819935,18.3,6.111245585427039,5110467.0
8838,SYR,1964,631.861471921623,0.05809786525698346,17.3,5.735604086979157,5269087.0
8839,SYR,1965,626.627336298573,-0.008318176163150781,17.8,5.882765130184641,5435267.0
8840,SYR,1966,560.706261645555,-0.11115483334288445,19.0,5.71042701737487,5609047.0
8841,SYR,1967,588.016884321719,0.04755849170146753,16.8,6.124026720190953,5790198.0
8842,SYR,1968,590.709459738166,0.004568626320058833,17.9,6.076953933123397,5978742.0
8843,SYR,1969,679.257175646847,0.13967552368476532,18.1,6.04784488054409,6175166.0
8844,SYR,1970,645.574169891246,-0.05085970563083819,18.4,5.471009374366148,6380609.0
8845,SYR,1971,680.205581126782,0.05225497097234122,17.7,5.8988008622445625,6598094.0
8846,SYR,1972,826.209921247468,0.19445380551292502,17.0,5.782593655080491,6826024.0
8847,SYR,1973,715.159740182938,-0.14434295259412622,17.6,5.358471289367784,7060321.0
8848,SYR,1974,869.845673631733,0.19580987869922328,17.6,5.977112040883582,7302160.0
8849,SYR,1975,978.290679370316,0.11749103476073586,17.5,5.811739616161293,7554364.0
8850,SYR,1976,1061.23480762356,0.081381577929724,17.2,6.014692673227189,7817320.0
8851,SYR,1977,1006.94924402261,-0.052507933681051,17.9,5.745564008671156,8090501.0
8852,SYR,1978,1069.74525699473,0.060495333242990945,18.1,5.710758088392627,8372759.0
8853,SYR,1979,1043.217366274,-0.02511098338365958,18.6,5.81651574464344,8661909.0
8854,SYR,1980,1155.12764624005,0.10190129492226863,17.7,5.9048167403823095,8957663.0
8855,SYR,1981,1204.04762186175,0.04147804505330832,18.2,5.956614269672236,9260189.0
8856,SYR,1982,1197.24945479248,-0.005662094288457098,17.1,5.80302430930585,9572511.0
8857,SYR,1983,1183.930996936,-0.011186549708665616,17.3,5.782285536144145,9904809.0
8858,SYR,1984,1056.12410830319,-0.1142345499680264,17.8,5.6674642119820895,10258398.0
8859,SYR,1985,1114.96205910663,0.05421467144546899,18.0,5.658785108725465,10625672.0
8860,SYR,1986,991.109212549915,-0.11775092296085532,18.2,5.767695800399854,11002844.0
8861,SYR,1987,973.61912796931,-0.017804544526403454,18.0,5.938063770380866,11388923.0
8862,SYR,1988,1110.6213319583,0.1316547081000614,17.6,6.183117431330821,11782264.0
8863,SYR,1989,927.805625100958,-0.17985264108389298,18.2,5.23590990641942,12179060.0
8864,SYR,1990,931.884004809498,0.004386093443984329,18.2,5.371567828287629,12579208.0
8865,SYR,1991,972.284722031189,0.04244033688591031,18.1,5.871272361779576,12980821.0
8866,SYR,1992,1065.20347690082,0.09127243255007311,16.6,5.8998973535824915,13385571.0
8867,SYR,1993,1097.10915461797,0.02951284015033817,17.7,5.741399338227508,13795686.0
8868,SYR,1994,1142.06267499391,0.040157312323591654,18.8,6.014448383498357,14208583.0
8869,SYR,1995,1188.1740389135,0.03958171610381722,18.2,5.491826112732555,14616801.0
8870,SYR,1996,1270.04979705395,0.06663840236780505,18.7,5.986954391630096,15018104.0
8871,SYR,1997,1299.29708277572,0.02276730269588967,17.7,5.801513963149536,15417542.0
8872,SYR,1998,1352.12635287652,0.039855016847234914,19.1,5.643324505619087,15820413.0
8873,SYR,1999,1271.32082241485,-0.06162205184730851,19.1,5.319099905730565,16228061.0
8874,SYR,2000,1248.38345857564,-0.01820689644922524,18.4,5.743644008081332,16637888.0
8875,SYR,2001,1264.321407912,0.012686060585693326,19.2,5.878015854600402,17051338.0
8876,SYR,2002,1331.12579353123,0.051489503676223514,18.5,5.791488055075306,17468332.0
8877,SYR,2003,1307.48124980131,-0.01792246913102069,18.6,5.975843166205025,17889296.0
8878,SYR,2004,1363.6138135409,0.042035815072448024,18.5,5.7670702138921195,18336875.0
8879,SYR,2005,1411.6316668592,0.03460785444607506,18.5,5.609105427714293,18814091.0
8880,SYR,2006,1420.72014052107,0.006417638396039038,18.4,5.741078259399898,19637022.0
8881,SYR,2007,1411.68909698729,-0.0063769557156767576,18.7,5.626901430320244,20884125.0
8882,SYR,2008,1423.59407304833,0.00839778273372005,18.8,5.28776185260852,21636564.0
8883,SYR,2009,1484.40718049155,0.04183077620432574,18.7,5.767695800399854,21976969.0
8884,SYR,2010,1526.36518590261,0.027873725979013386,20.3,5.489763831118992,22482421.0
8885,SYR,2011,1542.71903961106,0.010657256231348278,18.2,5.787204082795274,22878098.0
8886,SYR,2012,1142.29215064994,-0.3005095675022966,19.0,5.97685839471862,22759763.0
8887,SYR,2013,884.328816905262,-0.25596322288428297,18.8,5.69204721843778,21666917.0
8888,SYR,2014,847.658909813856,-0.04235063241780601,19.4,5.640487624283887,20273659.0
8889,SYR,2015,847.731545352582,8.568591211410848e-05,19.1,5.721294899740832,19424618.0
8890,SYR,2016,802.968607901263,-0.05424839213526411,19.2,5.7791991139409555,19193834.0
8891,SYR,2017,795.881817153216,-0.008864915751438218,19.1,5.381278887262384,19224668.0
8892,SYR,2018,792.412864720441,-0.004368154081506148,20.0,6.0014148779611505,19577845.0
8893,SYR,2019,771.517948289192,-0.02672261414760868,19.3,6.024657514463746,20353534.0
8894,SYR,2020,753.135305709477,-0.024115035164334664,19.4,5.857933154483459,21049429.0
8895,SYR,2021,746.077458768389,-0.00941547357220518,19.7,5.525054453372377,21628839.0
8896,SYR,2022,716.943843933856,-0.03983191028368882,19.2,5.692721527296776,22462173.0
8897,TCD,1961,797.06897570897,-0.0062794477142844585,25.9,6.108580693776662,3111947.0
8898,TCD,1962,822.960172923158,0.031966587723798234,26.6,6.014448383498357,3175598.0
8899,TCD,1963,793.479197033756,-0.03648048404200299,26.8,5.902633333401366,3240905.0
8900,TCD,1964,757.985041722417,-0.04576367133193848,26.3,6.03667688992953,3307479.0
8901,TCD,1965,747.496564326635,-0.013933942536486832,26.4,5.75447558897172,3374220.0
8902,TCD,1966,719.764274166884,-0.037805947622163494,26.7,5.881370624310908,3440903.0
8903,TCD,1967,711.310053749761,-0.011815345442816039,26.2,5.872117789475416,3508512.0
8904,TCD,1968,694.261863760083,-0.02425920133052273,26.5,5.792098555704769,3578231.0
8905,TCD,1969,727.223958670081,0.04638527414632598,27.3,5.839769183855788,3651113.0
8906,TCD,1970,725.503971135201,-0.0023679428243612577,26.6,5.822157927391522,3727828.0
8907,TCD,1971,694.390943212965,-0.04383142530916473,26.4,5.716369590161673,3807316.0
8908,TCD,1972,686.870232109947,-0.010889736942423234,27.0,5.614951260949585,3893252.0
8909,TCD,1973,614.675542174797,-0.1110508288195744,27.2,5.603225219664886,3985909.0
8910,TCD,1974,630.550198936402,0.025498215007436542,26.6,5.8239330757866625,4078356.0
8911,TCD,1975,672.70447468139,0.06471334693405595,26.7,5.878855602725328,4167234.0
8912,TCD,1976,679.058004450974,0.009400433367649619,27.1,5.680854970012496,4251297.0
8913,TCD,1977,681.351575202057,0.0033718858768292392,26.5,5.777032936395794,4331667.0
8914,TCD,1978,665.899724938575,-0.022939340027674504,26.9,5.81651574464344,4411366.0
8915,TCD,1979,512.207079129412,-0.2624101013536171,27.3,5.855644823965447,4505384.0
8916,TCD,1980,480.157386509886,-0.0646150559752181,27.2,5.846149715943123,4515453.0
8917,TCD,1981,484.574160471131,0.009156546884812933,27.0,5.818300928098793,4520959.0
8918,TCD,1982,487.048325220219,0.005092862985932811,27.1,5.661570625846892,4738483.0
8919,TCD,1983,536.180952503714,0.09610835346088731,27.0,5.553347106724568,4979130.0
8920,TCD,1984,540.007159507647,0.0071106957657987024,27.3,5.369241704884735,5045145.0
8921,TCD,1985,651.091982291067,0.1870685282514959,27.1,5.644739934022418,5096269.0
8922,TCD,1986,606.106003865961,-0.0715960314262789,27.1,5.5902404332570725,5251069.0
8923,TCD,1987,571.257670964466,-0.0592145241407005,27.4,5.521060837840906,5438309.0
8924,TCD,1988,637.738401241228,0.11008779935484458,27.0,5.9974466187855295,5625602.0
8925,TCD,1989,646.594144558976,0.013790639653755932,26.7,5.727499001273517,5819586.0
8926,TCD,1990,602.670685765046,-0.07034788839133466,27.3,5.471850417308912,5982833.0
8927,TCD,1991,630.620682697131,0.04533362389477258,27.3,5.7954496631820245,6205676.0
8928,TCD,1992,652.785002167398,0.03454328375047844,26.7,5.720639591722624,6474656.0
8929,TCD,1993,537.410535926223,-0.19448552740503278,27.1,5.542439324247439,6629146.0
8930,TCD,1994,578.423503785715,0.07354400452643528,27.0,5.9710067052055855,6783450.0
8931,TCD,1995,560.331446829175,-0.03177782790492678,27.2,5.763936397475948,7089064.0
8932,TCD,1996,547.925799475536,-0.022388602618057085,27.4,5.704115752446321,7410108.0
8933,TCD,1997,559.25985583523,0.020474348159988054,27.7,5.713402718033191,7670366.0
8934,TCD,1998,577.909573477303,0.03280318563876072,27.7,5.859931157146132,7938840.0
8935,TCD,1999,554.148900751381,-0.04198398460861963,27.6,5.831589179143857,8222705.0
8936,TCD,2000,530.600331266396,-0.04342435852590665,27.2,5.717027701406222,8512093.0
8937,TCD,2001,572.806706826392,0.07653925839524778,27.3,5.721622392784532,8804124.0
8938,TCD,2002,600.171451974963,0.04666704326520943,27.4,5.571012696691494,9116192.0
8939,TCD,2003,661.55691667897,0.09738065400830465,27.7,5.745564008671156,9487833.0
8940,TCD,2004,845.518131165737,0.24535359072427898,27.8,5.799698531486028,9920036.0
8941,TCD,2005,952.871910087319,0.11953087515639016,27.7,5.8805329864007,10328092.0
8942,TCD,2006,914.21066458867,-0.04141945625992882,27.7,5.84759417668828,10706424.0
8943,TCD,2007,920.35281567764,0.006696060512239477,27.6,5.867600559885596,11081660.0
8944,TCD,2008,916.08727463451,-0.004645453708595149,27.6,5.83656358589002,11476296.0
8945,TCD,2009,871.485311278207,-0.04991262783144368,28.2,5.75447558897172,11893754.0
8946,TCD,2010,956.953018707396,0.09355528769881438,28.4,5.85678964378138,12312575.0
8947,TCD,2011,965.286963559567,0.008671130709029029,27.7,5.812935788552724,12754997.0
8948,TCD,2012,1016.42152061942,0.05161799590076477,27.6,5.953503040820864,13210998.0
8949,TCD,2013,1008.61711428961,-0.007707946737546045,27.8,5.786897381366708,13691079.0
8950,TCD,2014,993.321157706456,-0.015281444446638481,27.7,5.872681011118015,14188678.0
8951,TCD,2015,993.990730610869,0.0006738478581906904,27.6,5.876895092364846,14647621.0
8952,TCD,2016,923.565872051196,-0.07348575547991487,27.9,5.85707564406933,15114655.0
8953,TCD,2017,879.075895464417,-0.049370888871230534,27.5,5.8289456176102075,15622759.0
8954,TCD,2018,898.834794005046,0.022228014262230644,27.5,5.798183150077685,16156531.0
8955,TCD,2019,917.203710060136,0.020230344777452558,27.6,5.901539839579995,16685223.0
8956,TCD,2020,884.980541934939,-0.03576393770842401,27.2,5.9020867359567655,17224679.0
8957,TCD,2021,857.52763057976,-0.03151225748061037,27.5,5.878295849002344,17828273.0
8958,TCD,2022,862.602128172536,0.0059001505996514325,27.1,5.855644823965447,18455316.0
8959,TGO,1961,495.26050964275,0.09729826544733733,26.9,7.00913789327074,1702717.0
8960,TGO,1962,504.980942509924,0.019436784721770017,26.9,7.302226845615436,1732959.0
8961,TGO,1963,520.581685697876,0.030426121762126,27.2,7.372997591126162,1765072.0
8962,TGO,1964,583.5986207254,0.11426664053420854,26.9,7.0283787213058755,1799410.0
8963,TGO,1965,660.540801620043,0.12384544263701969,27.0,7.081708586105575,1835588.0
8964,TGO,1966,708.069104577703,0.06948279837384597,27.3,7.05712311063296,1873489.0
8965,TGO,1967,731.676981544196,0.032797440257922084,26.9,7.117043284005906,1912764.0
8966,TGO,1968,752.401293925333,0.02793068263174625,27.2,7.3847345219642975,1953523.0
8967,TGO,1969,797.208661989611,0.05784663663989509,27.5,7.0960589074536395,2043416.0
8968,TGO,1970,777.002861044773,-0.025672421266757617,27.4,7.097714262905303,2149478.0
8969,TGO,1971,752.37904040803,-0.032203792470600234,26.6,7.052115329488973,2219826.0
8970,TGO,1972,787.044654998576,0.04504474753512522,26.9,6.987674902158011,2283863.0
8971,TGO,1973,796.107086341115,0.011448719781547823,27.3,7.038344848685739,2344510.0
8972,TGO,1974,813.830115793367,0.02201793388925033,26.6,7.1138747392905515,2404292.0
8973,TGO,1975,813.557188093519,-0.0003354182520105553,26.5,7.076315920526055,2463796.0
8974,TGO,1976,778.017342693471,-0.0446674077027609,26.4,6.925988047243197,2523488.0
8975,TGO,1977,812.677773562489,0.043585873192081515,27.1,6.751452284586736,2583984.0
8976,TGO,1978,881.123628658871,0.08086325523848537,26.8,7.057467552210464,2646501.0
8977,TGO,1979,814.702993063501,-0.07837432260756305,27.1,7.201096309285597,2714349.0
8978,TGO,1980,907.69294556498,0.10808253460032358,27.2,7.022333183689573,2791408.0
8979,TGO,1981,850.770673923962,-0.0647635418257142,27.6,6.9648914703529465,2879440.0
8980,TGO,1982,797.522278038586,-0.06463284479388687,27.4,6.916615907414333,2961652.0
8981,TGO,1983,736.580535856035,-0.07949118975783875,27.8,6.725513718988353,3033077.0
8982,TGO,1984,759.310233229592,0.03039185396173849,27.7,6.969414659368865,3105743.0
8983,TGO,1985,779.215630036591,0.025877377891660558,27.6,7.012295458256061,3194539.0
8984,TGO,1986,767.131587089305,-0.015629463814367917,27.4,6.925005632388665,3296340.0
8985,TGO,1987,748.062358533017,-0.025172005872253322,27.8,7.028112775645871,3397614.0
8986,TGO,1988,774.0729921202,0.03417983268575142,27.2,7.120120957124469,3501545.0
8987,TGO,1989,781.968520041802,0.010148309825866342,26.9,7.103322062526113,3606918.0
8988,TGO,1990,757.568150002531,-0.03170098369723107,27.5,6.918596302160012,3714021.0
8989,TGO,1991,730.890821015159,-0.03584940739808218,27.2,7.183567178863431,3822636.0
8990,TGO,1992,682.175898912642,-0.06897655205572573,27.0,6.882745115977969,3932581.0
8991,TGO,1993,585.840956389145,-0.15223919362236327,27.3,6.9877672169515215,3887974.0
8992,TGO,1994,670.817431721652,0.13544866881719209,27.1,7.045428084107209,3904183.0
8993,TGO,1995,687.145176769208,0.02404857371660185,27.4,7.128816664092023,4110450.0
8994,TGO,1996,716.372671266443,0.04165493235359019,27.4,7.025538314638521,4291136.0
8995,TGO,1997,792.111709235126,0.10050190673428894,27.4,7.054017785960389,4438794.0
8996,TGO,1998,754.708267677364,-0.048371154732468113,27.9,6.999696152680494,4551635.0
8997,TGO,1999,754.520837025414,-0.0002483793246890187,27.4,7.180907299649593,4665754.0
8998,TGO,2000,730.148392769906,-0.03283510357381658,27.5,6.966495774004737,4783722.0
8999,TGO,2001,718.084179469825,-0.016660987473913202,27.7,6.801727874336607,4904144.0
9000,TGO,2002,727.322768684689,0.012783548660569188,27.8,7.045166634805097,5027130.0
9001,TGO,2003,757.076842057466,0.040094404510270465,27.8,7.176483863516831,5154112.0
9002,TGO,2004,731.610797958447,-0.034216081165853396,27.7,7.075808863978387,5281320.0
9003,TGO,2005,680.485159475257,-0.07244266219426443,28.0,6.999878567857943,5413154.0
9004,TGO,2006,678.890227390526,-0.002346567154296153,27.9,6.985919299951491,5569664.0
9005,TGO,2007,650.046681355874,-0.0434152686523106,27.8,7.156254637558655,5748443.0
9006,TGO,2008,654.896723036341,0.007433370668096018,27.5,7.197435354096591,5936138.0
9007,TGO,2009,668.669623161752,0.020812552872587098,27.9,7.125122177518892,6130946.0
9008,TGO,2010,686.014185396121,0.025608204609900653,28.2,7.1969861514237685,6325788.0
9009,TGO,2011,706.442158827353,0.029343022815980113,27.9,7.025360521056401,6500582.0
9010,TGO,2012,733.683602929868,0.03783654825529137,27.6,7.040974122768359,6653718.0
9011,TGO,2013,759.841612443554,0.03503212987820703,27.8,6.9587335237467665,6798848.0
9012,TGO,2014,786.587399651446,0.034593834238087595,27.9,7.133375760171239,6937644.0
9013,TGO,2015,813.894676975085,0.03412712704584653,28.0,6.95540193244949,7071502.0
9014,TGO,2016,832.959515987733,0.02315407256548596,28.2,6.996864454053913,7200884.0
9015,TGO,2017,851.735728621337,0.022291260308794136,28.1,7.00270175629109,7324386.0
9016,TGO,2018,876.562800915869,0.02873205040210447,28.0,7.1143628616562475,7458206.0
9017,TGO,2019,900.166602437871,0.02657150857083046,27.9,7.252762418053187,7619925.0
9018,TGO,2020,899.748802355348,-0.00046424414049095475,28.1,7.032359442206668,7788054.0
9019,TGO,2021,928.301087692897,0.031240512237052265,28.3,7.042198755531627,7936176.0
9020,TGO,2022,970.535975822983,0.044492343182112926,27.7,7.066125614953578,8068616.0
9021,THA,1961,606.205592712551,0.022926318917791733,26.3,7.486220859458467,27650334.0
9022,THA,1962,632.983035716153,0.04322443153364297,26.2,7.3959057537089095,28481040.0
9023,THA,1963,663.55436582592,0.047167166391096416,26.2,7.44372219515446,29342322.0
9024,THA,1964,688.017307298417,0.03620320521429221,26.3,7.46014502182582,30232141.0
9025,THA,1965,722.392299176819,0.04875434841778059,26.4,7.415295511756598,31149337.0
9026,THA,1966,779.304978301365,0.07583412700801251,26.8,7.516542110924009,32086071.0
9027,THA,1967,822.065821475732,0.0534179976386282,26.2,7.31959999405434,33037801.0
9028,THA,1968,863.617164738641,0.04930910760217788,26.5,7.331845851213466,34002560.0
9029,THA,1969,894.636115562961,0.0352874865703896,26.7,7.431121934242439,34973782.0
9030,THA,1970,969.511716318085,0.0803754987065286,26.5,7.5618497322783815,35954408.0
9031,THA,1971,989.909220029885,0.020820682467247664,25.8,7.436970767859719,36937387.0
9032,THA,1972,1005.14454673498,0.015273395763269804,26.6,7.37800887698308,37933929.0
9033,THA,1973,1079.19199094554,0.0710812458296175,26.6,7.413307020245419,38947787.0
9034,THA,1974,1099.02939594966,0.018214818375190234,26.1,7.453098264773688,39952891.0
9035,THA,1975,1125.83955126106,0.024101602154001256,26.3,7.49426334905237,40940005.0
9036,THA,1976,1202.74424654629,0.06607679287895696,26.2,7.400925967509407,41896504.0
9037,THA,1977,1291.9197681028,0.07152348643694406,26.5,7.263679941530166,42843974.0
9038,THA,1978,1394.18134022016,0.07617808567845152,26.8,7.4197402304679745,43788976.0
9039,THA,1979,1438.53929504306,0.03132083019659504,27.1,7.21081845347222,44718434.0
9040,THA,1980,1482.08742004737,0.029823292704799442,26.8,7.456223448172638,45650022.0
9041,THA,1981,1538.43127414973,0.03731173107589303,26.0,7.373248752749986,46575855.0
9042,THA,1982,1589.42168596819,0.032606986457006215,26.1,7.360485579557416,47494577.0
9043,THA,1983,1645.99169094684,0.03497282366140819,26.5,7.431121934242439,48423309.0
9044,THA,1984,1707.9308019841,0.036939526270129974,26.2,7.358512376282008,49351708.0
9045,THA,1985,1754.62716249659,0.02697381084189754,26.2,7.378446172008009,50270753.0
9046,THA,1986,1818.90504659625,0.03597830596507823,26.2,7.36593933142253,51177834.0
9047,THA,1987,1957.75963674452,0.07356607970204188,27.1,7.342066961647881,52074105.0
9048,THA,1988,2180.41358654182,0.10771380041001777,26.8,7.49348427277479,52969595.0
9049,THA,1989,2406.26996824545,0.09856324010727491,26.8,7.293561749427117,53848956.0
9050,THA,1990,2631.51971095863,0.08948369866149442,27.2,7.370230641807081,54738329.0
9051,THA,1991,2810.56702001316,0.06582473329841765,27.2,7.303977805723369,55637434.0
9052,THA,1992,2989.85385369019,0.06183825837247081,26.9,7.247365444294277,56528834.0
9053,THA,1993,3186.99707103229,0.06385460855526048,26.9,7.247151807120597,57408198.0
9054,THA,1994,3391.48986604062,0.06219019695434547,26.9,7.446176614338927,58260854.0
9055,THA,1995,3614.93244016732,0.06380385333256555,26.8,7.45118361129214,59098232.0
9056,THA,1996,3766.86364433088,0.04116956395225735,26.4,7.489523871558693,59920064.0
9057,THA,1997,3614.60848543994,-0.04125918367526005,27.0,7.2793877985538495,60724584.0
9058,THA,1998,3295.36018381294,-0.09246807274778845,27.6,7.374315486450112,61522630.0
9059,THA,1999,3403.08737356896,0.03216759642796241,26.4,7.517031600504935,62299043.0
9060,THA,2000,3514.71662970608,0.032275833932185805,26.6,7.503454997376117,63007815.0
9061,THA,2001,3599.02524877358,0.023704139994199735,26.8,7.420878261796811,63651141.0
9062,THA,2002,3783.75422073266,0.05005365227322223,26.9,7.435614995303907,64266437.0
9063,THA,2003,4018.15538187068,0.06010624024870914,26.9,7.376382962047941,64868166.0
9064,THA,2004,4232.77157261934,0.05203405951865214,26.8,7.3015525822226195,65452047.0
9065,THA,2005,4372.25730206261,0.03242242422858865,27.0,7.394062774934402,66017420.0
9066,THA,2006,4551.5250018314,0.04018292120678524,26.9,7.473296334936936,66567687.0
9067,THA,2007,4760.66708464831,0.044925460212567714,26.8,7.459569283425439,67102394.0
9068,THA,2008,4805.76393990836,0.009428216061659,26.4,7.4703950614623,67619830.0
9069,THA,2009,4737.45679763314,-0.014315567185581912,26.8,7.41728005701508,68121080.0
9070,THA,2010,5059.35747831657,0.06573904353295745,27.4,7.430588521872405,68579447.0
9071,THA,2011,5070.23740191942,0.002148146676208995,26.4,7.614016098687466,69007208.0
9072,THA,2012,5403.87846036273,0.06372928782154119,27.2,7.395782994072124,69436098.0
9073,THA,2013,5516.61164164135,0.020646909615825493,26.9,7.493595606553574,69845114.0
9074,THA,2014,5541.46599361845,0.004495246759889326,27.0,7.33033967889769,70216367.0
9075,THA,2015,5688.85335397884,0.026249622778550474,27.4,7.316348821764833,70540795.0
9076,THA,2016,5857.78052935926,0.0292620742703793,27.5,7.4132467011574255,70859841.0
9077,THA,2017,6076.74307700082,0.03669809173721994,27.0,7.613028639339923,71160187.0
9078,THA,2018,6314.19948412043,0.03833210924764607,27.0,7.402573464602311,71376079.0
9079,THA,2019,6434.53770518034,0.018879014206536482,27.6,7.216415757819109,71522271.0
9080,THA,2020,6032.42244606793,-0.06453133536477651,27.5,7.37800887698308,71641484.0
9081,THA,2021,6119.11018526099,0.014268028972390212,27.0,7.430232755488575,71727332.0
9082,THA,2022,6279.82250415973,0.025925025023626702,26.8,7.656431769334563,71735329.0
9083,TJK,1986,1420.20197771086,0.0017856743711330836,2.2,6.410174881966167,4772139.0
9084,TJK,1987,1355.73849750343,-0.04645277685112603,2.2,6.767688290085019,4939059.0
9085,TJK,1988,1491.07389448452,0.09515027243456586,2.8,6.49767955831629,5114989.0
9086,TJK,1989,1353.85336651245,-0.09654172280033535,1.7,6.363028103540465,5267249.0
9087,TJK,1990,1312.94701318034,-0.030680633136309865,2.5,6.4775875582336,5398768.0
9088,TJK,1991,1188.37461269952,-0.09968773718029933,2.0,6.684486719854776,5541205.0
9089,TJK,1992,827.586884623268,-0.3618276825084559,1.9,6.503389566317273,5649400.0
9090,TJK,1993,682.727259317268,-0.19241864594506364,1.3,6.745824411835916,5724993.0
9091,TJK,1994,528.04821736829,-0.25690785200794153,1.9,6.444290226575984,5825368.0
9092,TJK,1995,452.904385394465,-0.1535065668747677,2.6,6.23519473203058,5948584.0
9093,TJK,1996,369.934883507426,-0.20235403380563177,1.7,6.446988855088883,6066523.0
9094,TJK,1997,371.661243144454,0.0046558030535415185,2.7,6.366814031311523,6139829.0
9095,TJK,1998,389.089746664022,0.045827225544079475,2.4,6.826436757804549,6176397.0
9096,TJK,1999,401.406381787908,0.031164306832467403,3.0,6.6551829169771155,6208370.0
9097,TJK,2000,429.537300984643,0.06773425005488232,3.0,6.351234695954017,6284735.0
9098,TJK,2001,461.681195760256,0.07216601530435085,3.2,6.377916716034216,6407377.0
9099,TJK,2002,501.80856647117,0.08334410485262733,3.0,6.653894755005867,6531669.0
9100,TJK,2003,546.391479808684,0.08511700954108292,2.4,6.772508129574112,6658575.0
9101,TJK,2004,590.957111385699,0.07840773039277238,3.4,6.652863029353347,6790547.0
9102,TJK,2005,618.333702588577,0.045284838346084655,2.9,6.526641261737804,6924720.0
9103,TJK,2006,649.163328755334,0.0486560636717277,3.1,6.48478789573783,7057566.0
9104,TJK,2007,686.48090192413,0.05589405811363779,3.1,6.436791188641277,7194477.0
9105,TJK,2008,726.185491338269,0.056227074565023294,2.6,6.336294616678791,7338403.0
9106,TJK,2009,739.212878526331,0.017780462522605234,2.9,6.603808314064321,7490230.0
9107,TJK,2010,770.604105393791,0.041588817282259605,3.4,6.606785312203421,7652141.0
9108,TJK,2011,809.368229154093,0.04907921962221806,2.6,6.516784617024425,7824785.0
9109,TJK,2012,849.519080831738,0.048416422780563906,2.2,6.513823406687646,8014084.0
9110,TJK,2013,889.882383099979,0.04641889806327626,3.4,6.510109519926104,8216724.0
9111,TJK,2014,925.970961482804,0.039753574891777,2.2,6.471109053390398,8425552.0
9112,TJK,2015,956.916310930656,0.03287306317115046,3.3,6.638960382248839,8643840.0
9113,TJK,2016,997.352614556708,0.041388444781051525,3.7,6.640790448119078,8865631.0
9114,TJK,2017,1042.26391757642,0.04404608705038182,3.0,6.498282149476434,9085946.0
9115,TJK,2018,1094.8002018221,0.0491766914453855,3.1,6.371953669145969,9307333.0
9116,TJK,2019,1148.34676712493,0.04775143171090068,3.5,6.570042272924791,9529966.0
9117,TJK,2020,1171.90127480359,0.020304136849656373,2.6,6.524736359703803,9749310.0
9118,TJK,2021,1254.06999592306,0.06776680768240073,3.7,6.259198981750067,9966908.0
9119,TJK,2022,1325.75545290849,0.055588191327704095,4.0,6.623268097426875,10182222.0
9120,TKM,1988,2851.04436832654,0.07415672090291991,16.3,5.110782242701195,3559363.0
9121,TKM,1989,2652.88326493557,-0.07203829915039162,15.9,4.842611042003125,3662459.0
9122,TKM,1990,3497.89920091387,0.2765154869434756,16.1,4.948759890378168,3760562.0
9123,TKM,1991,3254.31337476988,-0.07218125133852205,15.8,5.1029105702054265,3855894.0
9124,TKM,1992,2704.98191255663,-0.1848860830316843,15.2,5.244389024522481,3944689.0
9125,TKM,1993,2685.83184101107,-0.007104735193797396,14.9,5.12455904041457,4032407.0
9126,TKM,1994,2175.72604028722,-0.21062806994766436,15.4,5.004617221770693,4116662.0
9127,TKM,1995,1983.16344483491,-0.09266915131011455,16.7,4.670021158307708,4191203.0
9128,TKM,1996,2079.99758720175,0.047673464559260026,15.5,4.635699391022914,4263819.0
9129,TKM,1997,1811.89459160428,-0.13799370018850698,16.4,4.923623917106626,4336730.0
9130,TKM,1998,1908.07863828898,0.051723753688043494,16.2,5.052416828111211,4410507.0
9131,TKM,1999,2182.50137303073,0.13437485062764498,16.8,4.817050545023591,4492170.0
9132,TKM,2000,2256.40240323977,0.03330005011955173,16.6,4.7140245909001735,4582677.0
9133,TKM,2001,2307.71956018735,0.02248814558527812,16.7,4.8064770426931265,4675409.0
9134,TKM,2002,2268.02824244615,-0.01734899517976629,16.6,5.1515559851526325,4769465.0
9135,TKM,2003,2296.70842307223,0.012566139135202548,15.8,5.236441962829949,4863865.0
9136,TKM,2004,2365.72190264503,0.02960624211287577,16.9,5.120386158055375,4958093.0
9137,TKM,2005,2624.2315668841,0.10370489714909237,16.5,5.053694783556702,5052257.0
9138,TKM,2006,2858.53224143565,0.08552017404035261,16.5,4.967727793084979,5147105.0
9139,TKM,2007,3115.9792751828,0.08623518608655623,16.5,5.023222409601727,5244046.0
9140,TKM,2008,3506.50453694834,0.11807620597232749,16.0,4.532599493153256,5345029.0
9141,TKM,2009,3647.67813083756,0.03947115377909327,16.5,5.155601064346442,5451592.0
9142,TKM,2010,3902.54200118683,0.06753729934435171,17.2,4.791649752930709,5564356.0
9143,TKM,2011,4383.14380872567,0.1161380954823219,15.9,4.9788005705762375,5683417.0
9144,TKM,2012,4762.66047536389,0.08304020403178569,16.1,5.0323967858777685,5808546.0
9145,TKM,2013,5131.14087328544,0.07452159141084458,17.1,4.918520005188451,5939341.0
9146,TKM,2014,5535.50161297771,0.07585416079479579,15.9,4.898585790287632,6075283.0
9147,TKM,2015,5759.497903834,0.0396681137298156,16.8,5.14574876790343,6215770.0
9148,TKM,2016,5979.47627661058,0.03748268353009543,17.0,5.1065513509260825,6360041.0
9149,TKM,2017,6221.41962759021,0.0396651316910539,16.6,4.938781190328272,6507061.0
9150,TKM,2018,6460.13015920839,0.03765134941959758,16.8,4.852030263919617,6655524.0
9151,TKM,2019,6719.32320157703,0.03933796933621814,17.1,5.202907181743378,6803944.0
9152,TKM,2020,6964.38162887016,0.0358213852322713,16.2,5.061328408411774,6949912.0
9153,TKM,2021,7244.61385880341,0.03944945609631034,17.4,4.4942386252808095,7092043.0
9154,TKM,2022,7549.25301930356,0.041190343785071803,17.4,4.9473404437239425,7230193.0
9155,TLS,1991,684.870530173927,0.07847113815558071,25.1,7.1493672345793895,778278.0
9156,TLS,1992,736.591648101201,0.07280385214861607,25.4,7.24429894162388,799318.0
9157,TLS,1993,789.900697434911,0.06987357260935312,25.2,7.022333183689573,821437.0
9158,TLS,1994,823.062424783438,0.041124809973475784,24.7,7.317212408359839,844493.0
9159,TLS,1995,854.130472722832,0.03705191239889061,24.9,7.497207223203318,868146.0
9160,TLS,1996,897.360531368488,0.04937375100007024,25.0,7.348973556796119,892282.0
9161,TLS,1997,907.916565963385,0.011694775190649764,24.8,7.2445845947001635,917184.0
9162,TLS,1998,865.831377976116,-0.0474623107240113,25.6,7.219861635344442,942530.0
9163,TLS,1999,631.072912537914,-0.3162687693108488,24.6,7.166420402363426,834697.0
9164,TLS,2000,1117.56429796112,0.5714854555189266,24.7,7.21192566893872,745088.0
9165,TLS,2001,1192.74796162196,0.06510827326343893,24.9,7.0493416430440075,812249.0
9166,TLS,2002,1028.1319342253,-0.14851635695510268,25.2,7.124156149428954,879159.0
9167,TLS,2003,964.32256461813,-0.06407292922561503,25.3,7.244798780971642,916878.0
9168,TLS,2004,955.470548287377,-0.009221909387122196,25.0,7.2140628155570825,929074.0
9169,TLS,2005,964.026614173558,0.008914962439805052,25.3,7.01920720427628,948311.0
9170,TLS,2006,897.573763670928,-0.07142359737393456,24.4,7.167886282346627,976597.0
9171,TLS,2007,961.848462090269,0.06916160952346573,24.7,7.122947300508726,1004889.0
9172,TLS,2008,1042.86835443002,0.08087331440384826,24.7,7.184098306763924,1032429.0
9173,TLS,2009,1120.09698448398,0.07144032498273933,24.9,7.111838327557605,1058782.0
9174,TLS,2010,1195.38067803197,0.06504941882960225,25.0,7.2622779083527265,1084679.0
9175,TLS,2011,1237.48383284275,0.03461545732898319,24.6,7.392093179911025,1110207.0
9176,TLS,2012,1269.41629276068,0.02547703181119232,24.8,7.235475038465449,1134885.0
9177,TLS,2013,1281.92864092574,0.009808511827793076,25.3,7.382435456111774,1158695.0
9178,TLS,2014,1312.96494079465,0.023922198715840004,25.1,7.217956872863788,1181903.0
9179,TLS,2015,1319.59297370991,0.005035442436873261,25.1,7.162475013731091,1205131.0
9180,TLS,2016,1333.6585468432,0.010602617045368135,25.7,7.124397743953987,1228312.0
9181,TLS,2017,1267.08660142883,-0.051205702277977494,25.2,7.237993840847831,1251703.0
9182,TLS,2018,1237.20064730412,-0.023868965535450037,25.2,6.890303885368382,1275959.0
9183,TLS,2019,1507.24748294374,0.1974338433904661,25.3,6.745589228391747,1300945.0
9184,TLS,2020,1947.83997138866,0.2564359232146902,25.4,6.823286122355687,1326053.0
9185,TLS,2021,2015.82039246197,0.034305203564920284,25.4,6.730779408512935,1350139.0
9186,TLS,2022,1579.71084680858,-0.24378443325778587,25.3,6.998783577329701,1369295.0
9187,TON,1982,2709.79083604504,0.04559808397083298,25.2,7.639642287858013,97980.0
9188,TON,1983,2763.00220930298,0.01944639590221886,25.4,7.165184308262897,97998.0
9189,TON,1984,2811.26351483563,0.017316186147430024,25.5,7.424105613390828,97990.0
9190,TON,1985,2995.82264405074,0.06358483463151643,25.4,7.342843912156372,97984.0
9191,TON,1986,3058.48239938638,0.020699978705630784,25.3,7.433725640074581,98010.0
9192,TON,1987,3138.07903391439,0.025691995043697347,25.1,7.1853870155804165,98376.0
9193,TON,1988,3060.57558256904,-0.02500784291751046,25.7,7.653874344308188,98969.0
9194,TON,1989,3059.09419981652,-0.0004841381427862501,25.3,7.774519575705891,99403.0
9195,TON,1990,2987.63694151968,-0.023636104639223277,25.6,7.516378894471428,99700.0
9196,TON,1991,3173.08632726861,0.06022196468734542,25.4,7.535563618233742,99895.0
9197,TON,1992,3177.04257553004,0.0012460373116400802,25.4,7.530479995245536,100022.0
9198,TON,1993,3293.13542006864,0.0358893697933631,25.2,7.542955499587233,100103.0
9199,TON,1994,3454.05483581131,0.04770872946450844,25.4,7.54040907911312,100166.0
9200,TON,1995,3667.018949682,0.059830201071610745,25.7,7.363976870754087,100225.0
9201,TON,1996,3668.59609669275,0.0004299972190686674,25.8,7.655627359231329,100275.0
9202,TON,1997,3632.11240437129,-0.009994645319942208,25.6,7.579474512128462,100674.0
9203,TON,1998,3689.21670248881,0.015599751170190856,25.8,7.118502309959795,101388.0
9204,TON,1999,3749.82348312358,0.01629460793693127,25.6,7.81565087006791,102046.0
9205,TON,2000,3866.68591314331,0.03068901926149259,25.8,7.8572099572347245,102677.0
9206,TON,2001,3901.1807203994,0.008881469167898004,26.1,7.602850560760098,103288.0
9207,TON,2002,4050.98962313421,0.037681946523889565,25.8,7.593978544469258,103874.0
9208,TON,2003,4030.19690552619,-0.005145967963631648,25.8,7.571885510471589,104464.0
9209,TON,2004,3928.06030724493,-0.025669491154419077,25.7,7.570700950808961,105071.0
9210,TON,2005,3880.07054158497,-0.012292409251839942,25.9,7.582025403772393,105671.0
9211,TON,2006,3775.24848570829,-0.02738712972741375,25.7,7.5903974748969345,106253.0
9212,TON,2007,3665.89549972281,-0.029393560810508035,26.0,7.588981688646388,106726.0
9213,TON,2008,3833.60169058266,0.044732106736868005,25.7,7.580699752224563,107020.0
9214,TON,2009,3630.76096995072,-0.05436249058777953,25.7,7.579627749263228,107203.0
9215,TON,2010,3653.97817265087,0.006374224486728863,25.8,7.579678823090456,107400.0
9216,TON,2011,3892.76807750666,0.0633040082309293,25.7,7.5839088831655115,107570.0
9217,TON,2012,3932.59367180675,0.010178682959715246,25.6,7.580189417944541,107460.0
9218,TON,2013,3962.16980948788,0.007492631316171838,25.8,7.564497777648283,107078.0
9219,TON,2014,4058.81584447473,0.024099460253474092,25.7,7.5848238893293916,106609.0
9220,TON,2015,4123.90347238813,0.01590889242437754,25.6,7.5839088831655115,106095.0
9221,TON,2016,4419.8147470039,0.06929762319535371,26.0,7.580393582910542,105524.0
9222,TON,2017,4568.62484962494,0.03311446867711432,25.9,7.583043941240769,105356.0
9223,TON,2018,4583.55968565688,0.003263668740713044,25.7,7.5932734323775914,105567.0
9224,TON,2019,4566.07508700721,-0.0038219274030968364,26.0,7.590094260825479,105669.0
9225,TON,2020,4647.0077529158,0.0175695256881081,26.0,7.6124851207851485,105704.0
9226,TON,2021,4612.90086913298,-0.0073666035841633,25.8,7.573993642984865,105490.0
9227,TON,2022,4533.96809820124,-0.017259398953557437,25.8,7.575533368191541,105042.0
9228,TTO,1961,4788.56071267227,0.11004102507315672,25.7,7.52196747145394,863144.0
9229,TTO,1962,4824.5834589262,0.007494512559130584,25.8,7.434198313643204,880194.0
9230,TTO,1963,5000.61610501024,0.0358367245369724,25.9,7.591256082490277,896804.0
9231,TTO,1964,5286.92600003603,0.055675854721686235,25.6,7.463821918993714,912963.0
9232,TTO,1965,5234.94990319612,-0.009879705880083023,25.6,7.502352035812805,928425.0
9233,TTO,1966,5363.48703368849,0.024257054856386517,25.8,7.804618513190194,942937.0
9234,TTO,1967,5395.89309733749,0.0060237971416921,25.5,7.525046807238547,956418.0
9235,TTO,1968,5603.54489539881,0.037761287821087564,25.6,7.483188171522526,969006.0
9236,TTO,1969,5687.88323085245,0.014938748750003228,26.2,7.581311809777079,980706.0
9237,TTO,1970,5824.93325556077,0.023809377857450187,25.9,7.717929654066957,991471.0
9238,TTO,1971,5820.28897269207,-0.0007976289372404466,25.5,7.637186171619329,1002585.0
9239,TTO,1972,6081.88911964672,0.04396544600973762,25.7,7.646926897853362,1014921.0
9240,TTO,1973,6104.85549762827,0.003769079584596824,25.9,7.4999765409521215,1027851.0
9241,TTO,1974,6258.69385969705,0.02488707696078052,25.5,7.438383530044307,1040761.0
9242,TTO,1975,6274.58069926899,0.0025351472204473424,25.5,7.573736791469313,1053469.0
9243,TTO,1976,6596.06929726034,0.04996724864269986,25.5,7.4488578936323995,1066311.0
9244,TTO,1977,7109.45338585193,0.07495145063843545,26.0,7.327386242563201,1079554.0
9245,TTO,1978,7722.66513853923,0.08273416842681414,26.1,7.470565957814079,1093380.0
9246,TTO,1979,7897.63747651267,0.02240413148197895,26.2,7.666456090281521,1107639.0
9247,TTO,1980,8608.64103141529,0.08620280876812103,26.4,7.670475162894043,1121744.0
9248,TTO,1981,8896.49691094672,0.03289112383384918,26.5,7.762000379884411,1135132.0
9249,TTO,1982,9131.57369955301,0.02608045178808105,26.2,7.641996417077044,1147927.0
9250,TTO,1983,8102.01202981345,-0.11962561595665555,26.7,7.649168676951571,1160534.0
9251,TTO,1984,7555.02398178157,-0.06989965956253918,26.0,7.655011785189115,1172984.0
9252,TTO,1985,7156.0601298809,-0.05425320167890746,26.0,7.690880265660314,1187366.0
9253,TTO,1986,6830.7477176866,-0.04652542523963099,26.2,7.59312227222312,1203124.0
9254,TTO,1987,6442.887063726,-0.05845740161402624,26.8,7.466742297855146,1217364.0
9255,TTO,1988,6126.40553612494,-0.05036853608876157,26.4,7.684278068463134,1230069.0
9256,TTO,1989,6019.13660888101,-0.017664376807694282,26.0,7.4957641414187774,1241600.0
9257,TTO,1990,6058.21521640153,0.006471409373062897,26.3,7.628712160181349,1252208.0
9258,TTO,1991,6197.46242847246,0.02272468458409449,26.3,7.524399313555967,1262171.0
9259,TTO,1992,6771.98415842128,0.08865420245137834,26.4,7.550661243105336,1271674.0
9260,TTO,1993,6680.48480038241,-0.013603565169240994,26.6,7.629149722480185,1280466.0
9261,TTO,1994,6876.49857217898,0.028919034112179887,26.2,7.584112290234608,1288341.0
9262,TTO,1995,7100.85381245723,0.03210543815800193,26.6,7.514527243795337,1295169.0
9263,TTO,1996,7573.78560828675,0.06447799071291804,26.4,7.62539993114247,1300928.0
9264,TTO,1997,8112.94285878867,0.06876764741566888,26.5,7.518770070003463,1305836.0
9265,TTO,1998,8742.6993105224,0.07475831736055127,27.0,7.76442338687232,1310225.0
9266,TTO,1999,9412.08108378445,0.07377509818274319,26.6,7.7336835707759,1314708.0
9267,TTO,2000,10023.0206669207,0.0628904282254581,26.4,7.6868048885427855,1319774.0
9268,TTO,2001,10395.2041042218,0.03646004197279673,26.9,7.341613461591519,1325567.0
9269,TTO,2002,11165.960015838,0.07152531003376161,26.8,7.546710230458656,1332011.0
9270,TTO,2003,12714.5004334846,0.12987324256435606,27.0,7.480935791494894,1338709.0
9271,TTO,2004,13657.2534995604,0.07152766384036902,26.7,7.7225004312895695,1345380.0
9272,TTO,2005,15075.4179709902,0.09879469592958401,27.0,7.714052557474738,1294494.0
9273,TTO,2006,17021.2241679562,0.12139557748949414,26.8,7.618496767943033,1297944.0
9274,TTO,2007,17758.6995224652,0.042414463975966044,26.7,7.522724678478058,1303188.0
9275,TTO,2008,18285.2735441992,0.029220501725696124,26.5,7.573274292424609,1308587.0
9276,TTO,2009,17461.9640940055,-0.046070976371796135,26.9,7.4112541273616666,1310106.0
9277,TTO,2010,17938.0949459463,0.026901625537647078,27.2,7.744353241947044,1317714.0
9278,TTO,2011,17746.509252615,-0.010737825931618872,26.7,7.752678894507876,1328019.0
9279,TTO,2012,18835.6674122954,0.05956344044494699,26.7,7.4880136774634645,1335194.0
9280,TTO,2013,19392.1974593783,0.029118517151115242,26.8,7.563044816985842,1340557.0
9281,TTO,2014,20032.5402001718,0.0324871690631916,26.8,7.5096639791078115,1345343.0
9282,TTO,2015,19887.2327716498,-0.007280004842710852,27.0,7.233888537808171,1349667.0
9283,TTO,2016,18331.034459758,-0.08148246097510992,27.1,7.605740736182332,1353895.0
9284,TTO,2017,17402.6155328454,-0.05197498269439116,26.7,7.665284718471351,1356633.0
9285,TTO,2018,17205.615135339,-0.011384721004075615,26.3,7.518498633287266,1359193.0
9286,TTO,2019,17225.361633712,0.001147019480185918,26.6,7.307068167605103,1363985.0
9287,TTO,2020,15679.9611486825,-0.0939992742230018,26.7,7.521426258040286,1366725.0
9288,TTO,2021,15558.0940536829,-0.00780251603208626,26.5,7.692980147742991,1367558.0
9289,TTO,2022,15712.230497272,0.009858400522052335,26.4,7.778127718911288,1365805.0
9290,TUN,1962,1340.33151049925,-0.05915949800977671,19.1,5.728149831104496,4369136.0
9291,TUN,1963,1180.78687826247,-0.12673591704073495,19.0,5.872681011118015,4427131.0
9292,TUN,1964,1109.8459662917,-0.061959825631386245,19.2,5.846438775057725,4489869.0
9293,TUN,1965,1064.7331955074,-0.04149698946282321,19.1,5.751937516543248,4561385.0
9294,TUN,1966,1079.99552603311,0.01423265144009278,19.3,5.620763118936109,4652287.0
9295,TUN,1967,1057.05063575993,-0.021474287659431823,19.2,5.612397912854348,4760970.0
9296,TUN,1968,1138.64343236254,0.074354971310016,19.3,5.507767590730244,4879899.0
9297,TUN,1969,1162.96264201228,0.021133168716941597,18.8,6.038586654176717,5004697.0
9298,TUN,1970,1187.21320404709,0.020637964443310786,19.2,5.426710581316436,5131396.0
9299,TUN,1971,1280.0898058676,0.07532152092798317,18.9,5.75890177387728,5261658.0
9300,TUN,1972,1469.53638869636,0.1380167329036901,18.7,5.949339620807311,5396557.0
9301,TUN,1973,1422.82399710974,-0.03230334214226449,19.0,5.969218938160663,5537242.0
9302,TUN,1974,1497.83333235932,0.05137599173204155,18.8,5.635860458170742,5684674.0
9303,TUN,1975,1562.5286594028,0.04228582568009909,18.8,5.934894195619588,5839262.0
9304,TUN,1976,1641.27217423592,0.049166212643467766,18.4,6.1870313306519575,5996994.0
9305,TUN,1977,1653.43687109839,0.007384416634701019,19.6,5.4638318050256105,6155931.0
9306,TUN,1978,1717.12055168258,0.03779271634249781,18.9,5.728149831104496,6309390.0
9307,TUN,1979,1788.22151737064,0.04057277012567262,19.3,5.876053695596654,6456419.0
9308,TUN,1980,1877.33460917719,0.04863144956738985,18.7,5.7595324897606925,6606195.0
9309,TUN,1981,1936.27493963202,0.030912983252322945,19.4,5.24649761781824,6758284.0
9310,TUN,1982,1884.78227052679,-0.02695368516728447,19.8,6.1152296544419125,6908642.0
9311,TUN,1983,1932.42391419246,0.024962821128990065,19.7,5.537334267018537,7053800.0
9312,TUN,1984,1996.46327787975,0.032602125097914936,19.0,5.988710758911361,7220044.0
9313,TUN,1985,2055.19144815615,0.028991751624986684,19.7,5.52823790214127,7409903.0
9314,TUN,1986,1974.71267916921,-0.039946096860320246,19.7,5.911609321858518,7600301.0
9315,TUN,1987,2055.73899547611,0.04021248294040891,19.9,5.481888142742423,7789987.0
9316,TUN,1988,2009.63775948264,-0.02268090514205312,20.1,5.501666290534067,7974440.0
9317,TUN,1989,2000.28670492904,-0.004663963916210712,19.8,5.536940488710632,8151660.0
9318,TUN,1990,2114.47034536085,0.055513830660133046,20.0,6.051618469927729,8324509.0
9319,TUN,1991,2151.20851677353,0.01722543163435919,19.1,5.767383056065796,8501827.0
9320,TUN,1992,2270.86449442765,0.05413080849889074,19.3,5.884992302597465,8682512.0
9321,TUN,1993,2274.64182637585,0.0016620075085640451,19.6,5.464678903763262,8857910.0
9322,TUN,1994,2305.16127524434,0.013328040516609185,20.6,5.643324505619087,9018448.0
9323,TUN,1995,2322.59207185194,0.007533192774908493,19.9,5.881091489626612,9161258.0
9324,TUN,1996,2452.90929820496,0.054590954384516444,19.6,5.8886009116487426,9294432.0
9325,TUN,1997,2551.55055160864,0.03942644510299598,20.4,5.910254491682439,9421270.0
9326,TUN,1998,2639.87498120997,0.03403032660316896,19.8,5.6185876285929695,9541667.0
9327,TUN,1999,2766.57007135231,0.04687675112126222,20.5,5.77734267776423,9655963.0
9328,TUN,2000,2864.54703666618,0.03480192372603419,20.3,5.430222437427975,9764935.0
9329,TUN,2001,2941.73893592906,0.026590646022188302,20.6,5.552959584921617,9869677.0
9330,TUN,2002,2950.20410959054,0.0028734763458269086,20.3,5.620763118936109,9971515.0
9331,TUN,2003,3058.22895827842,0.03596161895685768,20.6,6.140315493840337,10071632.0
9332,TUN,2004,3218.72320748457,0.05114878490017816,20.0,5.765191102784844,10166163.0
9333,TUN,2005,3301.93817216029,0.02552485945475169,19.8,5.735604086979157,10255472.0
9334,TUN,2006,3444.5513526091,0.0422840435597891,20.4,5.872681011118015,10346410.0
9335,TUN,2007,3642.11977444786,0.055772203241447826,20.4,5.837438859468874,10441702.0
9336,TUN,2008,3760.11828478704,0.03188454786397976,20.4,5.3986150878634005,10542635.0
9337,TUN,2009,3835.25011939301,0.019784237246238234,20.3,5.918087077303206,10650681.0
9338,TUN,2010,3906.90625867605,0.01851116973966782,20.4,5.730099782973574,10765980.0
9339,TUN,2011,3784.7412903401,-0.03176828935669462,20.2,5.896329351992943,10886035.0
9340,TUN,2012,3900.04620132702,0.030010866303383565,20.6,5.527840524826286,11009647.0
9341,TUN,2013,3947.58763533174,0.012116267552400473,20.3,5.785055194784937,11141361.0
9342,TUN,2014,4021.59954703591,0.01857505365147638,20.8,5.620763118936109,11274288.0
9343,TUN,2015,4014.94773686432,-0.0016553904196943137,20.6,5.785055194784937,11402264.0
9344,TUN,2016,4015.28893802703,8.497910503280082e-05,20.8,5.660874973644924,11528674.0
9345,TUN,2017,4062.80606534519,0.011764574531142102,20.5,5.687653092726317,11650498.0
9346,TUN,2018,4127.97005697994,0.015911890534475504,20.5,5.805134968916488,11765514.0
9347,TUN,2019,4153.27978615515,0.006112557514697414,20.5,5.884992302597465,11875081.0
9348,TUN,2020,3749.26841452928,-0.10233760053803387,20.7,5.669191029886582,11974057.0
9349,TUN,2021,3902.53322990199,0.04006515690949897,21.0,5.202907181743378,12048622.0
9350,TUN,2022,3986.54558325666,0.021299198899788152,21.2,5.080161356744866,12119334.0
9351,TUR,1961,2410.64315192164,-0.01598696235566255,11.3,6.36199308533525,29119238.0
9352,TUR,1962,2477.15779671441,0.02721827333089788,12.2,6.421459652959424,29916147.0
9353,TUR,1963,2630.46192631855,0.060047614902909,11.4,6.629099017737668,30726841.0
9354,TUR,1964,2702.27677562415,0.02693519975500447,10.4,6.332924325240234,31543072.0
9355,TUR,1965,2709.66882095403,0.002731753228069067,10.8,6.512784907966614,32345220.0
9356,TUR,1966,2937.88808573302,0.08086456390225827,12.4,6.466300233140817,33177672.0
9357,TUR,1967,2998.05906252199,0.020274115091397427,10.3,6.554787739831727,34050421.0
9358,TUR,1968,3121.39879143887,0.04031613181319926,11.1,6.624198021107306,34921684.0
9359,TUR,1969,3170.16461269859,0.015502282896404651,11.0,6.522533877351015,35787774.0
9360,TUR,1970,3196.68555963572,0.008330995582022993,11.6,6.329007638730688,36638465.0
9361,TUR,1971,3295.46998829981,0.030434284177033533,11.0,6.430203231979072,37518611.0
9362,TUR,1972,3456.20727498748,0.04762302994872414,10.4,6.3447587828872365,38430221.0
9363,TUR,1973,3487.3522082994,0.008970944156144967,10.7,6.220788957497273,39329533.0
9364,TUR,1974,3601.7966810353,0.03229003032841682,10.7,6.3177060564257586,40210234.0
9365,TUR,1975,3780.9371520204,0.04853910368899861,10.8,6.452994879149095,41053126.0
9366,TUR,1976,4092.05544946496,0.0790754959793194,10.2,6.507725373363912,41899984.0
9367,TUR,1977,4145.06343835049,0.012870694561454954,11.1,6.3133668704454555,42773298.0
9368,TUR,1978,4123.30032361003,-0.0052642011466659255,11.1,6.487531799898427,43645306.0
9369,TUR,1979,4017.92426432571,-0.02588847499503366,11.7,6.500688889506999,44510429.0
9370,TUR,1980,3842.04482389031,-0.04476068602751759,10.8,6.445243515494697,45408815.0
9371,TUR,1981,3949.28850759335,0.027530706938780014,11.6,6.575354741730978,46321190.0
9372,TUR,1982,4003.50315441713,0.01363432841637291,10.5,6.300785794663244,47322096.0
9373,TUR,1983,4104.90632975913,0.025013157626261773,10.6,6.483565961875693,48447410.0
9374,TUR,1984,4280.87525403423,0.041974563221485184,10.9,6.2805830873457245,49574069.0
9375,TUR,1985,4364.45011849922,0.019334718919823857,10.8,6.377916716034216,50687115.0
9376,TUR,1986,4572.10668339085,0.046481873522649764,11.3,6.3473892096560105,51777772.0
9377,TUR,1987,4904.82484018353,0.0702453021823004,10.7,6.553505962258243,52843670.0
9378,TUR,1988,4919.41900099648,0.002971052385158046,10.7,6.605162593794602,53909626.0
9379,TUR,1989,4837.93436492876,-0.016702588778121807,11.1,6.189085141191105,54976723.0
9380,TUR,1990,5188.18244439241,0.06989558692501419,11.2,6.233822317345996,56015628.0
9381,TUR,1991,5134.41760877172,-0.010417011514526564,10.8,6.460373827772681,57009887.0
9382,TUR,1992,5301.80855982172,0.03208157911680232,9.8,6.3741726680935304,57990118.0
9383,TUR,1993,5609.85056730997,0.05647608228475143,10.5,6.281892845227788,58999167.0
9384,TUR,1994,5255.80339736897,-0.06519120722518501,11.8,6.446671747110961,60033836.0
9385,TUR,1995,5577.82539654281,0.059466111442301184,11.3,6.427782118698911,61024503.0
9386,TUR,1996,5887.67309798528,0.054061873288206996,11.4,6.494509983555011,61951134.0
9387,TUR,1997,6230.18622126407,0.05654536356423634,10.7,6.48844476405192,62852966.0
9388,TUR,1998,6261.28870069222,0.004979803249314685,11.9,6.5276654772052005,63734383.0
9389,TUR,1999,5989.55700860592,-0.044368572420639296,12.2,6.310463584065713,64591923.0
9390,TUR,2000,6326.25746472488,0.05469136927098717,11.4,6.371953669145969,65425961.0
9391,TUR,2001,5906.92348536699,-0.06858368847836083,12.4,6.453467506176404,66245128.0
9392,TUR,2002,6211.70542960394,0.05031034956015823,11.5,6.464276728675756,67048795.0
9393,TUR,2003,6496.07277294612,0.044762320940764155,11.4,6.498131535725114,67831730.0
9394,TUR,2004,7061.62219794984,0.08347699266359321,11.5,6.3690444517266105,68592617.0
9395,TUR,2005,7623.14640948457,0.07651440091121664,11.6,6.439989144676593,69329557.0
9396,TUR,2006,8078.5153787571,0.058018916294571454,11.4,6.405889396587618,70045349.0
9397,TUR,2007,8477.53328393352,0.04821140576172134,12.0,6.367157496882476,70158112.0
9398,TUR,2008,8447.93976396947,-0.0034969244330440574,11.8,6.1735777488642,71051678.0
9399,TUR,2009,7925.30110421185,-0.06386228346264033,11.9,6.629627419335168,72039206.0
9400,TUR,2010,8472.57809050119,0.06677452812998652,13.2,6.529126824827532,73142150.0
9401,TUR,2011,9265.85910238578,0.0895017396125013,11.1,6.479584333338335,74223629.0
9402,TUR,2012,9588.32066531438,0.03420917944896651,12.1,6.6039438246004725,75175827.0
9403,TUR,2013,10269.4489140773,0.06862760226712084,11.9,6.309190740908139,76147624.0
9404,TUR,2014,10597.9801881716,0.03149007195321829,12.5,6.49888437773914,77181884.0
9405,TUR,2015,11064.6494504662,0.04309185739155197,11.9,6.524002737779623,78218479.0
9406,TUR,2016,11279.6169531569,0.019241995372615506,12.2,6.519442229691538,79277962.0
9407,TUR,2017,12005.6459824832,0.0623797502386747,12.0,6.332391134078575,80312698.0
9408,TUR,2018,12255.0082146169,0.020557649608694106,13.1,6.578834458513759,81407204.0
9409,TUR,2019,12238.2950220128,-0.0013647154927678429,12.5,6.4253551293998505,82579440.0
9410,TUR,2020,12338.643833135,0.00816614057322873,12.7,6.337002706635798,83384680.0
9411,TUR,2021,13670.938029516,0.10253615558352358,12.6,6.389233448581676,84147318.0
9412,TUR,2022,14273.5747654873,0.04313764130952613,12.3,6.326686001827542,84979913.0
9413,TUV,1971,2387.33440865195,-0.019841085312725326,27.7,7.5348160744142225,5685.0
9414,TUV,1972,2337.90270361547,-0.020923186370839453,27.9,8.002326078490526,5692.0
9415,TUV,1973,2297.20893293803,-0.017559368343349924,28.0,8.127463627694132,5681.0
9416,TUV,1974,2203.95816697513,-0.04143996801128225,27.8,7.704676717758536,5822.0
9417,TUV,1975,2066.06812776167,-0.06460756477218688,27.8,7.598248942076519,6117.0
9418,TUV,1976,1956.79791178129,-0.05433792704685736,27.9,7.776409181340684,6404.0
9419,TUV,1977,1804.13909241825,-0.08122589789457013,28.0,8.168429726177378,6686.0
9420,TUV,1978,1702.08841977479,-0.058227541579841,27.9,8.12560140224058,6957.0
9421,TUV,1979,1641.76535990535,-0.036083877457990354,28.1,7.976148881066246,7184.0
9422,TUV,1980,1590.96075030684,-0.031434022632439884,28.1,8.030181745749502,7366.0
9423,TUV,1981,1597.62775483214,0.004181796572545693,28.2,8.100191795489742,7526.0
9424,TUV,1982,1317.70001104881,-0.1926320748439041,28.1,8.071124814865525,7664.0
9425,TUV,1983,1412.9006993372,0.0697570238013272,28.0,8.276623686278649,7789.0
9426,TUV,1984,1496.60501526062,0.057554395006102155,28.0,8.129911753741702,7902.0
9427,TUV,1985,1442.84746867701,-0.03658064986931642,28.2,7.943818177989404,8046.0
9428,TUV,1986,1731.913772882,0.18260845429867878,28.2,8.017670119154372,8217.0
9429,TUV,1987,1908.42569769573,0.09705163594939048,27.9,8.352106261543836,8371.0
9430,TUV,1988,2237.59193215442,0.15912159717904295,28.1,8.111267977475617,8518.0
9431,TUV,1989,2157.53418798733,-0.03643426735699773,27.9,7.803802486379233,8662.0
9432,TUV,1990,2450.79726036268,0.1274473940522194,28.3,8.057155734482352,8798.0
9433,TUV,1991,2502.27716517093,0.02078779934132946,28.4,8.094988759303774,8928.0
9434,TUV,1992,2540.7562718213,0.015260598169024142,28.1,8.098095581576777,9038.0
9435,TUV,1993,2619.69518382039,0.030596187426667143,28.0,8.182922529549865,9126.0
9436,TUV,1994,2863.67111176146,0.08904643827404612,28.3,8.027117458568844,9207.0
9437,TUV,1995,2698.96068050891,-0.05923764146584887,28.3,8.048532659810926,9280.0
9438,TUV,1996,2521.22126914168,-0.06812335102003253,28.2,7.8920410513421,9342.0
9439,TUV,1997,2756.31403388992,0.08915087745384387,28.3,8.182503365357116,9400.0
9440,TUV,1998,3166.39547155271,0.13869957351525564,28.3,8.123142688123327,9451.0
9441,TUV,1999,3102.1067626385,-0.020512384190578103,28.3,7.717306767412185,9496.0
9442,TUV,2000,3056.55101983122,-0.014794318930926309,28.4,7.635593699332013,9544.0
9443,TUV,2001,3043.15907920605,-0.004391015941822118,28.4,7.8547691834991324,9586.0
9444,TUV,2002,3320.16858154912,0.08711941256890121,28.5,8.029139637992444,9623.0
9445,TUV,2003,3152.22822039796,-0.051905984891183365,28.4,8.052423839408933,9695.0
9446,TUV,2004,3042.6128529965,-0.03539293693869716,28.5,8.02374896548102,9816.0
9447,TUV,2005,2864.90524160208,-0.06018136224912585,28.6,8.032847200454626,9940.0
9448,TUV,2006,2900.92710155819,0.012495100959596606,28.4,8.012581554116714,10056.0
9449,TUV,2007,3069.67368184077,0.05654088729475504,28.6,7.968838755757833,10182.0
9450,TUV,2008,3230.22109521715,0.05097932203391764,28.3,7.815166706249697,10321.0
9451,TUV,2009,2987.80397939993,-0.07801192291539927,28.4,8.01829613851552,10461.0
9452,TUV,2010,2879.29645720352,-0.036992683896137635,28.5,7.961195849003526,10614.0
9453,TUV,2011,3028.2511217061,0.05043928671665121,28.3,7.9720866336733724,10780.0
9454,TUV,2012,2922.07629963849,-0.03569084021291946,28.2,7.9884072422732535,10934.0
9455,TUV,2013,3030.55285189857,0.03645063713430208,28.2,8.054522609537294,11001.0
9456,TUV,2014,3035.24325598472,0.0015465092916286949,28.2,8.029530555676674,10984.0
9457,TUV,2015,3357.83417700071,0.10100460441750059,28.3,8.055919346479495,10963.0
9458,TUV,2016,3558.61212970652,0.058074441686981615,28.4,8.043599124255573,10930.0
9459,TUV,2017,3666.20189700038,0.02978560308642031,28.4,8.068465613248458,10869.0
9460,TUV,2018,3757.85997284742,0.024693418480765672,28.3,7.986300905499933,10751.0
9461,TUV,2019,4345.99606453315,0.1454053370827726,28.4,8.029335115936638,10581.0
9462,TUV,2020,4233.0183205634,-0.02633968673377396,28.6,8.060634768923189,10399.0
9463,TUV,2021,4396.04894488478,0.03779088087627258,28.4,8.06060319579192,10194.0
9464,TUV,2022,4515.29701517492,0.02676479835854373,28.4,7.977316303256243,9992.0
9465,TZA,1961,820.259765625,-0.017202596287238414,22.6,7.131538625583686,10187886.0
9466,TZA,1962,869.289978027344,0.05805568379438597,22.2,6.968097507988299,10487756.0
9467,TZA,1963,897.041076660156,0.031424893154683886,22.1,7.116312971967928,10799528.0
9468,TZA,1964,918.554931640625,0.023700054292978834,22.1,6.900730664045173,11127826.0
9469,TZA,1965,929.989868164063,0.012371982959321848,22.1,6.851819646651834,11470728.0
9470,TZA,1966,1006.95916748047,0.07951665157695054,22.6,6.829469360583593,11827459.0
9471,TZA,1967,1030.11999511719,0.02274023133418357,22.3,7.073184968105874,12200109.0
9472,TZA,1968,1059.94592285156,0.028542595075123245,22.0,7.095395997253692,12602076.0
9473,TZA,1969,1058.02795410156,-0.0018111359116836923,22.6,6.75786218940752,13036700.0
9474,TZA,1970,547.600341796875,-0.6586163161286622,22.5,6.947937068614969,13492677.0
9475,TZA,1971,549.467468261719,0.0034038520690664598,22.1,6.803616239240991,13971451.0
9476,TZA,1972,567.920104980469,0.03303117892622698,22.4,6.994941640661053,14479308.0
9477,TZA,1973,581.759033203125,0.024075581117447342,22.6,6.818377467830921,15010101.0
9478,TZA,1974,572.999633789063,-0.01517125209641268,22.2,6.838726692571701,15561630.0
9479,TZA,1975,574.565002441406,0.002728159397427099,22.2,6.7818518620929815,16138361.0
9480,TZA,1976,572.357055664063,-0.0038502171779155603,22.4,6.757281165627302,16736211.0
9481,TZA,1977,552.289428710938,-0.0356907835820488,22.6,6.971949991024133,17352929.0
9482,TZA,1978,544.240051269531,-0.014681815999713521,22.4,7.057036981697891,17976566.0
9483,TZA,1979,539.403015136719,-0.008927419753292476,22.4,7.095064377287131,18592038.0
9484,TZA,1980,536.933166503906,-0.004589370886165511,22.5,6.882437470997847,19189769.0
9485,TZA,1981,515.711853027344,-0.040325444462249393,22.4,6.846198973283031,19784703.0
9486,TZA,1982,498.374603271484,-0.034196175481967295,22.5,7.014634640609233,20398571.0
9487,TZA,1983,480.399017333984,-0.0367349649695603,23.0,6.779467258680606,21079874.0
9488,TZA,1984,486.725524902344,0.01308331561412146,22.4,6.920079028670969,21779066.0
9489,TZA,1985,476.979888916016,-0.02022603190371619,22.3,6.882027130409406,22501693.0
9490,TZA,1986,486.831359863281,0.02044345106639689,22.4,6.996040843849498,23258959.0
9491,TZA,1987,493.825897216797,0.014265240820107827,23.0,6.76849321164863,24030378.0
9492,TZA,1988,513.868591308594,0.039784553551776014,22.9,6.922742408790385,24769686.0
9493,TZA,1989,519.22265625,0.010365227446814451,22.3,7.018133186451746,25438759.0
9494,TZA,1990,541.544799804688,0.04209299452388393,22.7,6.89172751790494,26110207.0
9495,TZA,1991,538.966979980469,-0.004771488406206892,22.7,6.928439870174969,26780436.0
9496,TZA,1992,528.781555175781,-0.019078900001422205,22.8,6.838833833515715,27457588.0
9497,TZA,1993,518.66259765625,-0.019321836495532985,22.6,6.750048282952101,28332692.0
9498,TZA,1994,506.972503662109,-0.02279680219125968,22.8,6.908854674425438,29442356.0
9499,TZA,1995,508.840423583984,0.003677689025481712,23.0,6.847049403864742,30383497.0
9500,TZA,1996,522.333251953125,0.0261713401486956,22.7,6.854670907889681,30945762.0
9501,TZA,1997,529.954223632813,0.014484834425287474,22.9,7.0239370332715465,31578089.0
9502,TZA,1998,535.363159179688,0.010154686507124921,23.1,6.916814123470483,32420458.0
9503,TZA,1999,546.605529785156,0.02078207131816967,22.7,6.874198495453294,33300330.0
9504,TZA,2000,555.348083496094,0.015867704486090872,22.8,6.777418777254134,34260139.0
9505,TZA,2001,573.400146484375,0.031988714292254805,22.9,6.824591037721368,35198299.0
9506,TZA,2002,598.421569824219,0.04271166292434092,23.1,7.02384799796899,36121304.0
9507,TZA,2003,621.720703125,0.038195489709329955,23.3,6.643789733147672,37089555.0
9508,TZA,2004,650.516540527344,0.045275763485685516,22.9,6.889591308354466,38109668.0
9509,TZA,2005,680.051208496094,0.04440137691176371,23.1,6.646650221380809,39182076.0
9510,TZA,2006,704.502746582031,0.035324128010501,22.8,7.064588073008926,40294902.0
9511,TZA,2007,731.52001953125,0.0376323579087785,22.8,6.840225622188537,41435512.0
9512,TZA,2008,752.540466308594,0.028330183136603182,22.7,6.824591037721368,42570728.0
9513,TZA,2009,772.929565429688,0.026733154972398587,23.0,6.827087375914682,43633982.0
9514,TZA,2010,801.29931640625,0.036046629702834565,23.2,6.787393922310954,44758488.0
9515,TZA,2011,838.999267578125,0.045975277819001015,22.8,6.908155199003464,46029367.0
9516,TZA,2012,851.910705566406,0.015271882166813633,22.8,6.699623485288365,47374260.0
9517,TZA,2013,882.8115234375,0.03563001191597337,23.0,6.8737847594109835,48824128.0
9518,TZA,2014,913.811218261719,0.03451227796990075,22.9,6.847792937809454,50351512.0
9519,TZA,2015,939.127319335938,0.027327054814375806,23.0,6.891015954977839,52020962.0
9520,TZA,2016,970.156127929688,0.032505954810009285,23.2,7.002792694316889,53824013.0
9521,TZA,2017,1001.55895996094,0.03185600985262127,23.2,6.872853226972873,55652890.0
9522,TZA,2018,1024.01525878906,0.02217368162315836,22.8,6.956069139260688,57437145.0
9523,TZA,2019,1051.7666015625,0.026739800400494396,23.2,7.089826804520882,59174891.0
9524,TZA,2020,1041.25964355469,-0.010040052094844043,23.1,7.140136035648829,60972798.0
9525,TZA,2021,1054.31726074219,0.012462235249461884,23.0,6.911348814492268,62830412.0
9526,TZA,2022,1070.58532714844,0.015312122400436223,22.9,6.9153265444784555,64711821.0
9527,UGA,1983,370.539961015941,0.03106446089776327,23.5,6.9914528380037035,14221881.0
9528,UGA,1984,359.510382451245,-0.030218238915201923,23.3,6.905853471692541,14607677.0
9529,UGA,1985,337.997945432752,-0.061703240134667325,23.0,7.039046664663313,15023681.0
9530,UGA,1986,329.57852173859,-0.02522518557927267,23.2,6.965174769849623,15467579.0
9531,UGA,1987,332.185941474188,0.007880245536142638,23.6,6.964324630470031,15954170.0
9532,UGA,1988,348.37383295348,0.04758125900434251,23.3,7.183643071551207,16470483.0
9533,UGA,1989,358.769886121704,0.02940506141124999,22.7,7.044992297287222,17010698.0
9534,UGA,1990,369.839286985576,0.030387354542733114,23.4,7.029972911706386,17569897.0
9535,UGA,1991,377.780503685951,0.021244797102868418,23.1,7.082464602773951,18155901.0
9536,UGA,1992,377.609612721367,-0.0004524575150970378,23.0,6.98896653440696,18785032.0
9537,UGA,1993,395.163949168597,0.045439848607191635,23.1,6.920770216059632,19445161.0
9538,UGA,1994,406.592301920177,0.028510228233419532,23.0,7.1258460866596955,20108801.0
9539,UGA,1995,441.226201168263,0.08174670355673186,23.4,7.068001628124234,20665667.0
9540,UGA,1996,468.427898950193,0.05982452041982089,23.1,7.152738596900803,21231550.0
9541,UGA,1997,478.250663988847,0.02075280450791972,23.2,7.135368824967799,21856046.0
9542,UGA,1998,487.008977266219,0.0181475600329577,23.3,7.066552290729135,22515806.0
9543,UGA,1999,509.455395054388,0.045059745598553747,23.1,7.1143628616562475,23257281.0
9544,UGA,2000,509.19755319016,-0.0005062408550013942,23.5,7.001973954221119,24000150.0
9545,UGA,2001,519.456547890884,0.01994710339983463,23.7,7.073354459631703,24745676.0
9546,UGA,2002,547.405338919875,0.05240638492464189,24.0,7.087239480955931,25532870.0
9547,UGA,2003,564.720539196569,0.031141438097892937,23.9,7.078341579557671,26352124.0
9548,UGA,2004,585.339489080616,0.03586101423403676,24.0,7.0468213271051345,27154515.0
9549,UGA,2005,604.404813057618,0.03205219160738082,24.0,6.936537080407589,27963289.0
9550,UGA,2006,650.270540867444,0.0731442992831095,23.9,7.1268104843877405,28794003.0
9551,UGA,2007,684.542241787248,0.05136186169759949,23.9,7.233094342611016,29653430.0
9552,UGA,2008,722.565167003452,0.054057257751418675,23.9,7.108735017594625,30539553.0
9553,UGA,2009,749.342865535423,0.03638903071113031,24.4,7.025271612409976,31451151.0
9554,UGA,2010,768.624091660131,0.025405379325635913,24.2,7.188941297690216,32390802.0
9555,UGA,2011,816.516366587228,0.060444934518997684,23.7,7.164875045851278,33354543.0
9556,UGA,2012,823.580468285493,0.008614302803787943,23.3,7.205263912251653,34337438.0
9557,UGA,2013,828.988669729986,0.006545227824181765,23.4,7.245940333607025,35337042.0
9558,UGA,2014,845.978664791099,0.020287652717742688,23.4,7.036060539135061,36395539.0
9559,UGA,2015,862.934610355811,0.01984477769206361,23.4,7.148109867026701,37531446.0
9560,UGA,2016,874.648370639216,0.013483025405546911,23.6,7.102005406641365,38799152.0
9561,UGA,2017,871.093880017151,-0.004072188242741248,23.5,7.235547092361794,40177388.0
9562,UGA,2018,895.07512785438,0.027157901268642703,23.3,7.138866999945524,41565831.0
9563,UGA,2019,920.939101515671,0.028486255447638165,23.5,7.349230824613334,42999637.0
9564,UGA,2020,917.0350317644,-0.00424823783114725,23.5,7.2786979530518785,44457152.0
9565,UGA,2021,919.401675217265,0.0025774313419368866,23.4,7.1864470595957854,45910930.0
9566,UGA,2022,933.094056370423,0.014782901005590432,23.5,7.210670732074507,47312719.0
9567,UKR,1988,3209.2822265625,0.02128971748654962,8.2,6.430847873419607,51724853.0
9568,UKR,1989,3321.19091796875,0.03427612213255493,9.8,6.24726888066174,51917817.0
9569,UKR,1990,3102.310546875,-0.06817625727230414,9.6,6.260537030310592,52054092.0
9570,UKR,1991,2826.06469726563,-0.09326199398320245,8.6,6.245137303457015,52170961.0
9571,UKR,1992,2538.85278320313,-0.10717285873828164,8.8,6.283574302886914,52323671.0
9572,UKR,1993,2177.23486328125,-0.15365665849744925,7.9,6.246300545154681,52350126.0
9573,UKR,1994,1687.48449707031,-0.25481670354652675,9.0,6.175035323302368,52075998.0
9574,UKR,1995,1493.38208007813,-0.12219555666557191,8.9,6.3965962663149085,51665539.0
9575,UKR,1996,1355.57336425781,-0.09681888825154683,7.7,6.331501849893691,51226109.0
9576,UKR,1997,1326.27795410156,-0.0218480236093459,7.8,6.493451222206768,50786885.0
9577,UKR,1998,1311.59362792969,-0.01113358054010849,8.6,6.3833377016966795,50379731.0
9578,UKR,1999,1319.533203125,0.006035132324343273,9.6,6.300051580239659,49976446.0
9579,UKR,2000,1409.22265625,0.0657602046812178,9.6,6.246881658972487,49556660.0
9580,UKR,2001,1547.2783203125,0.09345922037334731,9.0,6.434707019550176,49106855.0
9581,UKR,2002,1644.28125,0.060805893530998745,9.5,6.289530024939451,48677281.0
9582,UKR,2003,1814.25854492188,0.0983735104128094,8.4,6.252289165389881,48315136.0
9583,UKR,2004,2042.44494628906,0.11847072425031602,9.0,6.468785092316574,47979507.0
9584,UKR,2005,2122.6015625,0.038494895163311504,9.0,6.39241949973826,47585556.0
9585,UKR,2006,2298.13232421875,0.079454271638566,8.7,6.311190196268436,47278694.0
9586,UKR,2007,2498.35205078125,0.08353457472281622,10.1,6.2656813686061925,47062798.0
9587,UKR,2008,2567.69409179688,0.027376920767731683,9.8,6.28711478920894,46819175.0
9588,UKR,2009,2188.17016601563,-0.15994260166229157,9.6,6.329542636514291,46623731.0
9589,UKR,2010,2285.93383789063,0.0437089687110781,9.4,6.491481972157369,46456003.0
9590,UKR,2011,2418.12084960938,0.05621610745517014,9.1,6.119197913617533,46307853.0
9591,UKR,2012,2426.92944335938,0.003636124672614649,9.4,6.318607688440676,46210056.0
9592,UKR,2013,2432.41625976563,0.0022582541244124954,9.7,6.332035515298156,46126770.0
9593,UKR,2014,2308.6435546875,-0.052224962603028224,9.7,6.24280675278087,45972380.0
9594,UKR,2015,2094.47387695313,-0.09735775718216022,10.4,6.2049617213703865,45784896.0
9595,UKR,2016,2156.0830078125,0.02899076403056,9.8,6.460373827772681,45616832.0
9596,UKR,2017,2217.7529296875,0.02820133628932009,9.8,6.262826670692666,45436041.0
9597,UKR,2018,2308.6669921875,0.040175808875995145,9.9,6.303168275401672,45208907.0
9598,UKR,2019,2398.07836914063,0.037997438802501726,10.7,6.128396401603126,44957458.0
9599,UKR,2020,2324.107421875,-0.03133167635490519,10.9,6.189495397607116,44680014.0
9600,UKR,2021,2426.6123046875,0.04316011061586433,9.4,6.441743671005939,44298640.0
9601,UKR,2022,1874.66296386719,-0.2580672807142932,10.0,6.327400925897314,41048766.0
9602,URY,1961,6714.42564871062,0.012021616670597979,18.0,7.128255339350929,2562044.0
9603,URY,1962,6529.05672885775,-0.027995812816765664,17.3,6.764808269662204,2593298.0
9604,URY,1963,6464.23937649481,-0.009977128130245205,17.9,7.364736989876008,2623766.0
9605,URY,1964,6548.58687153197,0.012963928778740197,16.9,6.869949564246238,2653180.0
9606,URY,1965,6547.98299761764,-9.221863752095771e-05,17.7,6.962811484730215,2681169.0
9607,URY,1966,6682.54699505643,0.020342138633250073,17.2,7.166574806748817,2707646.0
9608,URY,1967,6380.1382925838,-0.04630942848700137,17.9,7.227444610068898,2732277.0
9609,URY,1968,6447.95879059088,0.01057384107115844,17.7,7.026693203053651,2754606.0
9610,URY,1969,6778.45463653142,0.04998553211073897,17.8,6.813224795135904,2773974.0
9611,URY,1970,6894.77166584278,0.017014248535797805,17.8,7.078004254541822,2790807.0
9612,URY,1971,6839.05314002361,-0.008114102561989966,17.4,7.102828519701255,2806462.0
9613,URY,1972,6712.49475408714,-0.018678613910399378,17.7,7.215754552196813,2821644.0
9614,URY,1973,6694.22057407495,-0.002726125062302742,17.4,7.1297782026276435,2837133.0
9615,URY,1974,6847.46769966687,0.02263435178694806,17.4,7.0326242610280065,2853944.0
9616,URY,1975,7218.47356615208,0.05276460807715644,17.6,7.029884412215201,2872320.0
9617,URY,1976,7453.06660958971,0.031982060022778924,17.0,7.181896080867251,2891392.0
9618,URY,1977,7514.58267665845,0.00821991646962772,18.1,7.346461720870104,2909461.0
9619,URY,1978,7874.42397763508,0.046774546724421384,17.5,7.280283886844036,2925715.0
9620,URY,1979,8322.21087541239,0.055307913411644094,17.4,6.809480709713797,2939903.0
9621,URY,1980,8772.55429720278,0.052700068183947124,18.1,7.233094342611016,2951953.0
9622,URY,1981,8875.41372143275,0.011656932839549938,17.9,7.106606137727303,2963246.0
9623,URY,1982,7976.3987522595,-0.10679792535006882,18.0,7.156488601295344,2975492.0
9624,URY,1983,7125.0572968269,-0.11286925764206401,17.4,7.157891235359948,2988778.0
9625,URY,1984,7011.48236418771,-0.01606862487041738,17.3,7.340705844025162,3002488.0
9626,URY,1985,7080.00108604848,0.009724918190416432,18.1,7.154146497016037,3017037.0
9627,URY,1986,7663.58167679033,0.07920539519430214,18.2,7.329487359554173,3032845.0
9628,URY,1987,8229.87299178332,0.07129112592619613,17.7,7.0708940163593175,3049896.0
9629,URY,1988,8302.57484462415,0.008795106714662992,17.1,6.909853077064283,3067961.0
9630,URY,1989,8344.46966462033,0.005033314883098328,18.0,6.7151409327027505,3086255.0
9631,URY,1990,8320.3559048693,-0.0028939728747872095,17.6,7.303035362031936,3104403.0
9632,URY,1991,8565.26927800028,0.029010539682319703,18.1,7.175642724105739,3122354.0
9633,URY,1992,9193.55122074713,0.07078671337698772,17.6,7.186976660516051,3139702.0
9634,URY,1993,9388.10939080161,0.02094164611027871,17.7,7.274964541635769,3156345.0
9635,URY,1994,10019.3479243955,0.06507408601810027,18.2,7.077751186085455,3172834.0
9636,URY,1995,9822.89680356996,-0.019801947087886518,17.6,7.00270175629109,3189440.0
9637,URY,1996,10316.2027570949,0.04899967340377209,17.7,6.9877672169515215,3206324.0
9638,URY,1997,11138.8676127212,0.07672483631940352,18.3,7.193535544144321,3223345.0
9639,URY,1998,11584.9491858277,0.03926619290206723,17.4,7.257284754759998,3239280.0
9640,URY,1999,11357.0866859804,-0.019864844966585693,17.5,6.961201254687763,3254015.0
9641,URY,2000,11096.3309569487,-0.023227417446818777,17.5,7.288654433145052,3266206.0
9642,URY,2001,10643.5574019273,-0.04165973893743313,18.5,7.372620730371749,3274251.0
9643,URY,2002,9806.7713064359,-0.08188167360293086,18.0,7.541630048077011,3278867.0
9644,URY,2003,9878.75684344081,0.00731358156336448,17.6,7.329093736246592,3281186.0
9645,URY,2004,10366.9067382871,0.0482320100026552,17.9,6.988689896478136,3283148.0
9646,URY,2005,11131.3984890038,0.07115111951569553,18.0,7.210227436906553,3285771.0
9647,URY,2006,11574.470540231,0.039032049462651486,18.3,7.075132388390269,3289506.0
9648,URY,2007,12310.482735502,0.06164929707281175,17.5,7.2602414622994145,3295153.0
9649,URY,2008,13165.83628166,0.06717415970022955,18.1,6.803949110256548,3302177.0
9650,URY,2009,13691.71420689,0.03916553341608342,17.9,7.118178265886966,3310091.0
9651,URY,2010,14722.3780081191,0.07257780226710153,17.9,7.131618571220696,3318580.0
9652,URY,2011,15443.9961926395,0.0478516821574857,17.8,7.022065625159548,3326825.0
9653,URY,2012,15949.3176985435,0.03219571891996509,18.5,7.19668657083435,3335401.0
9654,URY,2013,16639.4054750651,0.04235765529774049,17.7,7.036939737362963,3345337.0
9655,URY,2014,17122.0364563225,0.02859260943455233,18.4,7.43307534889858,3356334.0
9656,URY,2015,17125.9016800298,0.00022572008325383308,18.4,7.159913795364871,3368017.0
9657,URY,2016,17357.2349992841,0.013417386701297218,17.7,7.098210335672814,3379283.0
9658,URY,2017,17611.6036800874,0.014548562494375972,18.7,7.2525499308901535,3388438.0
9659,URY,2018,17608.94412947,-0.0001510226721546104,18.3,7.1996036603033335,3394534.0
9660,URY,2019,17758.4384273402,0.008453845175619534,18.2,7.2258453076053,3397206.0
9661,URY,2020,16443.363490131,-0.07693884675067864,18.2,6.799724534768432,3398968.0
9662,URY,2021,17416.0052308469,0.05746766372031331,18.1,6.979238380604001,3396695.0
9663,URY,2022,18249.2912168828,0.04673661756382508,17.8,6.899924699866949,3390913.0
9664,USA,1961,19108.9353618196,0.006162186594545815,15.2,7.217149918339568,183691000.0
9665,USA,1962,19965.1435740168,0.04383188612543343,15.2,7.044076526340375,186538000.0
9666,USA,1963,20545.7842448928,0.02866784188803173,15.4,7.318075249816483,189242000.0
9667,USA,1964,21437.5840707345,0.042489872922436334,15.0,7.260276608595878,191889000.0
9668,USA,1965,22526.2055153932,0.049533674473295264,14.85,7.393140010266175,194303000.0
9669,USA,1966,23714.9390303358,0.051425867335060715,14.95,7.170119543449628,196560000.0
9670,USA,1967,24044.5651288028,0.013803800449849746,15.4,7.4394124123280605,198712000.0
9671,USA,1968,24948.3569003897,0.03689897548955123,15.299999999999999,7.428689636896416,200706000.0
9672,USA,1969,25471.6161794352,0.020756776882826955,15.149999999999999,7.274479558773871,202677000.0
9673,USA,1970,25231.1271587521,-0.009486304223932152,15.200000000000001,7.23871233491524,205052000.0
9674,USA,1971,25734.4828317751,0.019753400001491173,15.100000000000001,7.221543598518397,207661000.0
9675,USA,1972,26798.5336106847,0.04051533300707888,14.9,7.155474362862388,209896000.0
9676,USA,1973,28042.5519181903,0.04537589794582608,15.25,7.072973063292722,211909000.0
9677,USA,1974,27637.2997756103,-0.014556766452692216,15.55,7.274375603266734,213854000.0
9678,USA,1975,27309.8688183059,-0.011918169450424898,14.95,7.139144739150198,215973000.0
9679,USA,1976,28509.1430593189,0.04297671288196092,15.1,7.108857699419467,218035000.0
9680,USA,1977,29528.9663682275,0.0351468474488108,15.75,7.083555618785827,220239000.0
9681,USA,1978,30834.9992322862,0.04327869117188854,15.45,7.254743457331325,222585000.0
9682,USA,1979,31462.1003882108,0.020133275625763503,15.35,7.288381097076656,225055000.0
9683,USA,1980,31081.6216322106,-0.012166958964865415,15.75,7.357205374071691,227225000.0
9684,USA,1981,31559.1293376105,0.01524620786207187,16.05,7.092365880579563,229466000.0
9685,USA,1982,30696.0834382608,-0.027727836915167003,15.25,7.545997387372749,231664000.0
9686,USA,1983,31810.9216076638,0.03567460644988607,15.399999999999999,7.023714430149732,233792000.0
9687,USA,1984,33818.823551545,0.061207879677613874,15.75,6.985595563100474,235825000.0
9688,USA,1985,34918.1302039172,0.03198862712242878,15.049999999999999,7.201618210508999,237924000.0
9689,USA,1986,35794.8877746784,0.024798899216126102,15.95,7.247863753612294,240133000.0
9690,USA,1987,36701.9453874612,0.02502467786855611,15.8,7.257601963327289,242289000.0
9691,USA,1988,37889.3773459827,0.031841030205264076,15.850000000000001,7.121817721560154,244499000.0
9692,USA,1989,38911.5418959959,0.026620121759918902,15.35,7.438383530044307,246819000.0
9693,USA,1990,39200.0658091762,0.007387512146950215,15.75,7.321948849654141,249623000.0
9694,USA,1991,38637.8398179104,-0.014446323152549567,15.9,7.2416527752308815,252981000.0
9695,USA,1992,39447.9472850606,0.020749910158331275,15.700000000000001,7.308207845266757,256514000.0
9696,USA,1993,40002.4762253198,0.013959345224551,15.4,7.036456273997871,259919000.0
9697,USA,1994,41106.9881833481,0.027236778009999796,15.85,7.181211644169936,263126000.0
9698,USA,1995,41710.8207256668,0.014582449126383068,15.850000000000001,7.01764054251138,266278000.0
9699,USA,1996,42783.8165724095,0.0253993286490104,15.450000000000001,7.300135147541646,269394000.0
9700,USA,1997,44151.6860410035,0.03147120162874373,15.5,7.27897394836171,272657000.0
9701,USA,1998,45596.4306879224,0.0321983238240815,15.7,6.8605588441511625,275854000.0
9702,USA,1999,47234.2455290381,0.03528973131435187,15.4,7.035840618745356,279040000.0
9703,USA,2000,48616.2546282435,0.02883876197588897,15.7,7.0041103672249,282162411.0
9704,USA,2001,48597.4246124122,-0.0003873943711187877,15.799999999999999,6.9957661563048505,284968955.0
9705,USA,2002,48967.3661217576,0.007583540732415628,15.8,7.126890808898808,287625193.0
9706,USA,2003,49905.5233080788,0.01897760544809657,15.9,7.134851010134775,290107933.0
9707,USA,2004,51348.3473386025,0.02850106743481895,16.0,7.463965273782727,292805298.0
9708,USA,2005,52649.5713060461,0.02502534460800021,16.1,7.072803507105635,295516599.0
9709,USA,2006,53596.315236412,0.017822223912814295,16.0,7.15894192132099,298379912.0
9710,USA,2007,54152.8292673551,0.010329900662359393,16.05,6.922742408790385,301231207.0
9711,USA,2008,53703.962897927,-0.00832342501286476,15.45,7.138470095792665,304093966.0
9712,USA,2009,51863.6183416558,-0.034869246757931904,15.25,7.119392890110145,306771529.0
9713,USA,2010,52812.6829869279,0.018133820936723666,15.7,6.897300821078278,309378227.0
9714,USA,2011,53215.5362314388,0.007599018186757789,15.799999999999999,7.16018575092124,311839461.0
9715,USA,2012,54000.8410778217,0.014649233818808227,16.0,6.992004511427037,314339099.0
9716,USA,2013,54728.860179812,0.013391556739433597,15.649999999999999,7.1052117233603616,316726282.0
9717,USA,2014,55665.2411187802,0.0169647360784424,15.9,7.216452478649004,319257560.0
9718,USA,2015,56849.4697923159,0.021050978944545662,16.6,7.108039536150264,321815121.0
9719,USA,2016,57430.8499298804,0.010174720451971098,16.7,7.128856746662122,324353340.0
9720,USA,2017,58435.9707535619,0.017350023610900323,16.35,7.189997582683553,326608609.0
9721,USA,2018,59817.6556798612,0.02336922507935668,16.299999999999997,7.320460778745796,328529577.0
9722,USA,2019,61047.9648238812,0.020359000920043613,16.5,7.057983992228828,330226227.0
9723,USA,2020,59533.609024416,-0.02511885315007234,16.65,7.190713712597504,331578104.0
9724,USA,2021,63096.7856149746,0.05812881649120882,16.3,7.213326384269658,332100166.0
9725,USA,2022,64322.2332819139,0.01923551856670258,16.2,6.929321056896698,333996304.0
9726,UZB,1988,1733.22868026946,0.059806498434025634,13.2,5.422303346329028,19460630.0
9727,UZB,1989,1740.60611634042,0.004247436964673668,12.7,5.241747015059643,19977183.0
9728,UZB,1990,1726.30546724627,-0.008249838426846345,13.2,5.408068230507156,20464956.0
9729,UZB,1991,1677.00705207512,-0.028972868861500523,12.8,5.523059639225943,20962910.0
9730,UZB,1992,1452.98873488236,-0.14338805645308472,12.3,5.553347106724568,21485090.0
9731,UZB,1993,1387.10439786651,-0.04640422422251067,11.7,5.7011122461003225,21987955.0
9732,UZB,1994,1287.14935182537,-0.07478843896415732,12.1,5.479805242593414,22463291.0
9733,UZB,1995,1250.27933587957,-0.029062973313022766,13.8,5.004617221770693,22917589.0
9734,UZB,1996,1247.8810920149,-0.001920008478749402,12.1,5.0689042022202315,23351981.0
9735,UZB,1997,1290.28380529458,0.03341521170684736,13.4,5.43372200355424,23758960.0
9736,UZB,1998,1324.80194060935,0.02640077119917006,12.9,5.6736668507515775,24134929.0
9737,UZB,1999,1362.51315204654,0.0280679309071461,13.8,5.436338664445412,24476008.0
9738,UZB,2000,1397.01202350998,0.02500478651518634,13.7,5.214935757608986,24787054.0
9739,UZB,2001,1437.5947280451,0.028635702386655915,13.7,5.221436322212079,25090283.0
9740,UZB,2002,1476.49258739973,0.02669801251429682,13.7,5.612032616046633,25399980.0
9741,UZB,2003,1520.35493285443,0.029274414253183778,12.8,5.741399338227508,25711259.0
9742,UZB,2004,1613.64273882937,0.059550377882893635,14.2,5.542830943598439,26029350.0
9743,UZB,2005,1704.33893207214,0.054683118487505844,13.8,5.4089638866351,26356975.0
9744,UZB,2006,1807.87328626177,0.05897386205511701,13.6,5.379436417832829,26699043.0
9745,UZB,2007,1951.57878907892,0.076487505941075,13.7,5.354224998486333,27076008.0
9746,UZB,2008,2095.38214534409,0.07109726459575327,13.2,5.1951766076285235,27494774.0
9747,UZB,2009,2228.0552685669,0.06139318309740194,13.4,5.549465114271844,27939328.0
9748,UZB,2010,2359.64199067641,0.05738078054821649,14.1,5.291292751611072,28385506.0
9749,UZB,2011,2512.68783806993,0.06284312334741227,12.8,5.39725731440294,28823196.0
9750,UZB,2012,2657.09909084172,0.05588192832802452,13.0,5.341376856008484,29261903.0
9751,UZB,2013,2823.00205379328,0.06056591645302678,14.2,5.496348217047172,29724065.0
9752,UZB,2014,2990.56339751192,0.057660920121302084,12.6,5.427589702252176,30222994.0
9753,UZB,2015,3172.89899391083,0.05918388218670856,14.0,5.586874056410478,30749346.0
9754,UZB,2016,3327.90932206401,0.04769859651116981,14.4,5.637642672151656,31284568.0
9755,UZB,2017,3425.78819696408,0.028987300126889437,13.7,5.365040998590945,31819178.0
9756,UZB,2018,3559.85436594803,0.0383880598469144,13.4,5.266826699456666,32373490.0
9757,UZB,2019,3733.50435754861,0.047627663055752834,14.2,5.481888142742423,32964701.0
9758,UZB,2020,3723.82133264406,-0.0025969176481410727,13.6,5.307772525318792,33586372.0
9759,UZB,2021,3951.99657327359,0.05947053180539008,14.4,5.015954455573856,34243696.0
9760,UZB,2022,4109.08421031655,0.038979271007184124,14.5,5.5020742040620565,34938955.0
9761,VCT,1961,1939.66469287754,0.026868623571406403,25.2,7.735039918471314,85870.0
9762,VCT,1962,1979.82636619047,0.02049402760393093,25.3,7.7131144501490105,87236.0
9763,VCT,1963,1828.80305562311,-0.0793474621258694,25.4,7.758461609643447,88523.0
9764,VCT,1964,1870.01630410003,0.02228546470650894,25.1,7.71306975641283,89749.0
9765,VCT,1965,1862.12344325272,-0.0042296768870748735,25.1,7.663642489363268,90927.0
9766,VCT,1966,1839.36577504715,-0.0122966479833444,25.4,8.037801633139777,92052.0
9767,VCT,1967,1645.03065408812,-0.11166180598040132,25.1,7.81931483648039,93124.0
9768,VCT,1968,1733.52074010648,0.0523954316192663,25.1,7.6868048885427855,94123.0
9769,VCT,1969,1765.57519142046,0.018322074418809287,25.8,7.8869081276129185,95058.0
9770,VCT,1970,1936.84186796237,0.09258221870319705,25.5,7.987830139651789,95964.0
9771,VCT,1971,1975.6350896206,0.019831167538198358,25.0,7.713203831629227,96872.0
9772,VCT,1972,2462.63408498903,0.22034163231147819,25.3,7.7818897933229,97790.0
9773,VCT,1973,2169.26206845432,-0.12684449424016986,25.4,7.525262545333337,98691.0
9774,VCT,1974,1960.73500671385,-0.10106764272686686,24.9,7.6708948313621175,99556.0
9775,VCT,1975,1796.5524456671,-0.08744988597995818,25.0,7.752335163302292,100387.0
9776,VCT,1976,1967.10533477435,0.09069356855974675,25.0,7.689050690068775,101197.0
9777,VCT,1977,2209.82859542058,0.11635186493717686,25.5,7.639257413418546,101999.0
9778,VCT,1978,2407.57735888949,0.0857060427419869,25.7,7.711548979629146,102775.0
9779,VCT,1979,2472.09724439688,0.02644588053936392,25.8,7.891779422890383,103478.0
9780,VCT,1980,2514.62240573852,0.01705577822677551,26.0,7.838146135235074,104213.0
9781,VCT,1981,2609.11340911199,0.03688781823474052,26.1,7.964989863196268,105073.0
9782,VCT,1982,2702.87100530067,0.035304069734816146,25.8,7.86733535895469,105969.0
9783,VCT,1983,2739.02396317327,0.013287095753069522,26.3,7.733420839242227,106838.0
9784,VCT,1984,2896.40873406993,0.05586996290023638,25.6,7.890694803803222,107687.0
9785,VCT,1985,3052.17492262736,0.05238282385830484,25.6,7.825165384124208,108506.0
9786,VCT,1986,3200.23126773368,0.047368652483113394,25.8,7.8160138391590275,109281.0
9787,VCT,1987,3193.20991401073,-0.002196424850438916,26.4,7.756323760359912,110001.0
9788,VCT,1988,3621.01730321683,0.1257283558356086,26.0,7.919792459118057,110658.0
9789,VCT,1989,3651.65305261403,0.008424946851107507,25.6,7.7221018749439265,111272.0
9790,VCT,1990,3784.79942946706,0.03581293839427069,25.9,7.793710507060173,111812.0
9791,VCT,1991,3813.79398874435,0.007631596640237603,25.8,7.778337094762643,112222.0
9792,VCT,1992,4046.68638456042,0.05927387834569764,25.9,7.8628820346414905,112509.0
9793,VCT,1993,4210.24289444354,0.039621971094685904,26.0,7.804414568907065,112735.0
9794,VCT,1994,4150.97674020379,-0.014176675036937425,25.7,7.776367228872823,112918.0
9795,VCT,1995,4468.26394261096,0.07365628782219247,26.1,7.848153086199526,113047.0
9796,VCT,1996,4522.93058114134,0.012160188952613282,26.1,7.921644479620187,113119.0
9797,VCT,1997,4680.55582185707,0.0342567258215265,26.3,7.67758568431304,113141.0
9798,VCT,1998,4870.32086653059,0.039742953043754525,26.7,8.005834092044102,113180.0
9799,VCT,1999,4994.11436770598,0.025100271342440195,26.2,7.8227251388888766,113366.0
9800,VCT,2000,5067.96739467376,0.014679736251704156,26.1,7.845611788770853,113545.0
9801,VCT,2001,5158.56617678847,0.017718839294799338,26.5,7.6438182605189136,113501.0
9802,VCT,2002,5441.52648867536,0.05340095787738974,26.4,7.695985340788774,113347.0
9803,VCT,2003,5816.20788359407,0.0665888569472699,26.5,7.777205944010474,113141.0
9804,VCT,2004,6071.94945269221,0.04303123241430207,26.2,8.06170766268341,112835.0
9805,VCT,2005,6244.35953746008,0.027998866863836014,26.6,7.990305934102897,112450.0
9806,VCT,2006,6707.27875985734,0.07151473651214424,26.3,7.806452142455244,112014.0
9807,VCT,2007,6960.17151500732,0.03701079822429243,26.2,7.7406644019172415,111531.0
9808,VCT,2008,7019.9950843874,0.008558400804242083,26.0,7.850804780156984,111028.0
9809,VCT,2009,6955.82358345268,-0.009183283418149557,26.4,7.678372630308981,110508.0
9810,VCT,2010,6678.04200697308,-0.040754402535569056,26.7,8.020993419845567,109959.0
9811,VCT,2011,6674.58198966102,-0.0005182528004041842,26.2,8.055570345095811,109349.0
9812,VCT,2012,6790.68325958275,0.017244984786152884,26.3,7.825884320129932,108736.0
9813,VCT,2013,6996.57386151332,0.029869017041338708,26.3,7.77741551292798,108135.0
9814,VCT,2014,7116.22071347207,0.01695620494961858,26.2,7.70782675186359,107535.0
9815,VCT,2015,7353.73556054184,0.03283163781353515,26.5,7.498482061942612,106960.0
9816,VCT,2016,7702.8942635647,0.04638771297579858,26.6,7.879859075675505,106349.0
9817,VCT,2017,7872.92690537077,0.021833763323575894,26.3,7.926385969220614,105663.0
9818,VCT,2018,8179.99598957084,0.03826176039836504,26.0,7.793256852036412,104926.0
9819,VCT,2019,8294.67434486665,0.013922003321363619,26.3,7.56262929732059,104167.0
9820,VCT,2020,7989.74651933597,-0.03745462912736919,26.3,7.7725000529730615,103526.0
9821,VCT,2021,8211.33588012942,0.02735658947133679,26.2,7.719040987559124,102841.0
9822,VCT,2022,8532.7381341339,0.038394686471233896,26.0,7.8636512654486515,102046.0
9823,VEN,1961,4043.45816255099,-0.004184819781496429,25.3,7.500142456390934,8455915.0
9824,VEN,1962,4237.66091446092,0.04691113923981227,25.2,7.5412586066145675,8756870.0
9825,VEN,1963,4253.76727167506,0.003793561265965195,25.3,7.59448189173916,9064021.0
9826,VEN,1964,4569.0561303971,0.0715016403908475,25.2,7.489747410175919,9377712.0
9827,VEN,1965,4602.17927579862,0.007223299360216373,25.1,7.468342023957602,9697790.0
9828,VEN,1966,4519.26855046647,-0.018179791285684033,25.3,7.618496767943033,10024854.0
9829,VEN,1967,4497.64285468018,-0.004796706162222719,24.9,7.535990535364939,10358513.0
9830,VEN,1968,4674.65175390836,0.03860121935466765,25.0,7.503950933465632,10697530.0
9831,VEN,1969,4561.50539687455,-0.024501968884827363,25.6,7.563356343468112,11040280.0
9832,VEN,1970,4763.35090255391,0.043298691758034025,25.2,7.616529715427782,11387790.0
9833,VEN,1971,4688.39362744011,-0.015861378049164543,24.7,7.529674950253715,11741008.0
9834,VEN,1972,4607.96565874392,-0.017303542811202277,25.2,7.5463406715494,12099180.0
9835,VEN,1973,4791.30384469208,0.039016104943549124,25.4,7.4977062667136325,12463537.0
9836,VEN,1974,4748.78544631825,-0.008913685940907357,24.9,7.4468184441593674,12835351.0
9837,VEN,1975,4745.62478036356,-0.0006657951354505087,24.8,7.504336491565751,13215892.0
9838,VEN,1976,4965.67045974867,0.045325230887156565,24.8,7.501247856381898,13606284.0
9839,VEN,1977,5126.15825238163,0.031808174364284625,25.4,7.4508350982774605,14006812.0
9840,VEN,1978,5097.30484165888,-0.005644562329948144,25.3,7.536950433049565,14416684.0
9841,VEN,1979,4991.58511548965,-0.020958419889538504,25.5,7.6292955340433,14834552.0
9842,VEN,1980,4638.42050983556,-0.07337961681203531,25.6,7.56584506772668,15258218.0
9843,VEN,1981,4454.62233557454,-0.04043161675354945,25.4,7.716416255754423,15687297.0
9844,VEN,1982,4445.33179135954,-0.0020877742642557706,25.3,7.531873873131646,16121874.0
9845,VEN,1983,3909.2596213442,-0.12850650899320826,25.8,7.5203429516836655,16562205.0
9846,VEN,1984,4003.49960197112,0.02382087819793277,25.2,7.558777533241411,17008841.0
9847,VEN,1985,3925.30258570776,-0.019725438947309826,25.0,7.629489916393995,17461434.0
9848,VEN,1986,4060.77175121478,0.033929601892584316,25.2,7.578963552023328,17923536.0
9849,VEN,1987,4150.89606462834,0.02195118806737284,25.9,7.525046807238547,18394963.0
9850,VEN,1988,4306.46260516457,0.03679259573905824,25.4,7.628663530327473,18871020.0
9851,VEN,1989,3611.62173337683,-0.17595992077005818,25.1,7.461295505155665,19348921.0
9852,VEN,1990,3761.00501781068,0.04052930856462744,25.5,7.614213473601755,19827010.0
9853,VEN,1991,4024.34298644958,0.06767545070971792,25.4,7.46296135842886,20304896.0
9854,VEN,1992,4168.51186162522,0.03519744003618719,25.4,7.454430555641825,20780948.0
9855,VEN,1993,4086.137450399,-0.019958969219212364,25.4,7.5703917043370605,21254520.0
9856,VEN,1994,3905.12306758015,-0.04531083700279481,25.4,7.539665150070893,21725188.0
9857,VEN,1995,3973.55920518961,0.017372920116569546,25.7,7.547079652844576,22193821.0
9858,VEN,1996,3881.59743994053,-0.02341543806685209,25.5,7.613868041932106,22662113.0
9859,VEN,1997,4044.09570748455,0.04101118718717345,25.8,7.462272376372553,23131685.0
9860,VEN,1998,3982.54013627533,-0.01533812650531452,26.2,7.66692425508408,23601337.0
9861,VEN,1999,3673.62857141093,-0.0807399557428159,25.4,7.72484426873626,24066593.0
9862,VEN,2000,3732.15152475602,0.01580499848037853,25.4,7.572039914856981,24526708.0
9863,VEN,2001,3789.56578237406,0.015266559586697426,25.9,7.387461683689258,24979922.0
9864,VEN,2002,3396.89746362025,-0.10938893890547696,25.9,7.489970898834801,25435671.0
9865,VEN,2003,3078.26141026099,-0.09849754391058596,26.1,7.567500782908052,25892703.0
9866,VEN,2004,3576.82370624267,0.1501102132751715,25.8,7.593827490870119,26340838.0
9867,VEN,2005,3875.81409628464,0.0802805564079705,26.0,7.6527356081821,26785804.0
9868,VEN,2006,4190.56607050126,0.07808009506370261,25.8,7.593978544469258,27224686.0
9869,VEN,2007,4489.56571662594,0.06892014955411874,25.8,7.620165725722929,27649363.0
9870,VEN,2008,4655.65136715099,0.036325854715176575,25.6,7.606238199131601,28053696.0
9871,VEN,2009,4451.37446074164,-0.04486891336563836,26.1,7.361629526297989,28438298.0
9872,VEN,2010,4323.73301534677,-0.029093763032017605,26.3,7.730086917922908,28813101.0
9873,VEN,2011,4444.55159079494,0.027559831377237387,25.8,7.654158825842514,29185212.0
9874,VEN,2012,4638.41209800487,0.04269310299389062,25.8,7.510594746510549,29553826.0
9875,VEN,2013,4642.55149314778,0.0008920184583693924,25.9,7.525909480500652,29912198.0
9876,VEN,2014,4412.9795921313,-0.050714000080244404,26.0,7.381128225697476,30254079.0
9877,VEN,2015,4096.61989137473,-0.0743878888339804,26.3,7.411737540266119,30573972.0
9878,VEN,2016,3374.43091608185,-0.19393552430427974,26.4,7.49654144421734,30765720.0
9879,VEN,2017,2863.33227846365,-0.16424061372793197,25.9,7.491478142260793,30565323.0
9880,VEN,2018,2359.38238345005,-0.19358619606216187,25.6,7.556532511806142,29807592.0
9881,VEN,2019,1759.05547364548,-0.29362288056598906,25.9,7.523211151826211,28938098.0
9882,VEN,2020,1255.86457068119,-0.3369527659520539,26.0,7.5139819875113805,28444077.0
9883,VEN,2021,1272.94397516527,0.013508072182921715,25.7,7.550871525936517,28237826.0
9884,VEN,2022,1376.93801227125,0.07852989370272567,25.6,7.582432943258421,28213017.0
9885,VNM,1985,603.977495797078,0.014150103517231116,24.3,7.457320731064058,59060622.0
9886,VNM,1986,607.58999788783,0.005963370287104475,24.5,7.546129433694791,60347048.0
9887,VNM,1987,616.715148033271,0.01490693583263436,25.1,7.368907348504555,61584651.0
9888,VNM,1988,635.398203948006,0.029844650437324205,24.7,7.408833551293248,62843228.0
9889,VNM,1989,668.323172497837,0.050519952528208734,24.7,7.372620730371749,64147348.0
9890,VNM,1990,687.860316254161,0.02881394090802214,25.0,7.50069530912505,65504552.0
9891,VNM,1991,713.747210806804,0.0369430645413793,25.1,7.415837142077065,66891775.0
9892,VNM,1992,759.910853953724,0.06267227580992518,24.7,7.377633900414722,68260337.0
9893,VNM,1993,805.606443630458,0.058394210949414216,24.7,7.3762577821016055,69586384.0
9894,VNM,1994,861.122422555836,0.06664134087559326,24.9,7.559194656142292,70854391.0
9895,VNM,1995,927.625512005765,0.07439142744734539,24.7,7.453503932537357,72049940.0
9896,VNM,1996,998.924907248853,0.07405149966070024,24.5,7.496485942621654,73156447.0
9897,VNM,1997,1064.77802859908,0.06384202466538991,24.9,7.483750474731224,74226889.0
9898,VNM,1998,1110.1126773248,0.04169516768827197,25.5,7.439676811042861,75299660.0
9899,VNM,1999,1148.04465210832,0.03359867142993789,24.7,7.547976253732677,76287452.0
9900,VNM,2000,1212.19657794381,0.054373874812501555,24.7,7.429045952595891,77154011.0
9901,VNM,2001,1273.8052690094,0.049574627877892574,24.9,7.541948316698412,77969361.0
9902,VNM,2002,1340.51670460271,0.05104644469176112,25.0,7.516814079159796,78772224.0
9903,VNM,2003,1418.74337471509,0.0567163923444749,25.1,7.381252797482128,79563777.0
9904,VNM,2004,1510.94449049599,0.06296341325161503,24.8,7.36783482703018,80338971.0
9905,VNM,2005,1609.96268313651,0.0634760548677269,25.0,7.4790172715519585,81088313.0
9906,VNM,2006,1699.67620343393,0.05422676380077984,25.1,7.435614995303907,82167897.0
9907,VNM,2007,1788.9485028957,0.05119025434657409,24.9,7.466170346341041,83633375.0
9908,VNM,2008,1856.00519883979,0.03679841676008433,24.4,7.5507663900482855,85175788.0
9909,VNM,2009,1927.13427057454,0.03760763010019019,25.0,7.384610383176974,86460018.0
9910,VNM,2010,2027.58184375924,0.05080980746904107,25.2,7.373939122125007,87455152.0
9911,VNM,2011,2132.90453762087,0.05064081047615421,24.4,7.491757012281284,88468314.0
9912,VNM,2012,2224.11404253256,0.0418739696863204,25.1,7.533693709848633,89510356.0
9913,VNM,2013,2320.08431444934,0.042244874262092225,24.9,7.518444337101561,90573104.0
9914,VNM,2014,2439.28655744423,0.050102074606528824,25.0,7.4267276278838965,91679578.0
9915,VNM,2015,2577.56885340113,0.05514104774245876,25.4,7.4649681823012495,92823254.0
9916,VNM,2016,2715.57887431272,0.05215849423211161,25.3,7.473750673881598,94000117.0
9917,VNM,2017,2868.13680013379,0.05465747635723428,25.0,7.523535335965639,95176977.0
9918,VNM,2018,3048.28327602145,0.06091595144190709,25.0,7.472273316944902,96237319.0
9919,VNM,2019,3241.07648966529,0.06132695268500932,25.5,7.401902589695315,97173776.0
9920,VNM,2020,3303.16949807493,0.018976936975587222,25.4,7.421476705860154,98079191.0
9921,VNM,2021,3358.21734764714,0.01652782039373335,25.2,7.4717045210704,98935098.0
9922,VNM,2022,3617.66311280437,0.07441798654469167,24.9,7.451067453782427,99680655.0
9923,VUT,1980,2895.87344923446,-0.14394926110535522,24.6,7.7538810241391625,115660.0
9924,VUT,1981,2956.47411625043,0.02071060627850052,24.7,7.911250702492775,118249.0
9925,VUT,1982,2945.60896664167,-0.003681805806485805,24.4,8.044497943011514,121035.0
9926,VUT,1983,2961.75555335141,0.005466609302747116,24.6,8.014765539101289,123998.0
9927,VUT,1984,3165.91343131171,0.0666594329733412,24.6,8.011056557136378,127109.0
9928,VUT,1985,3117.97526578841,-0.015257779960878182,24.6,7.938695252416376,130356.0
9929,VUT,1986,3034.96283476477,-0.026984658997669442,24.5,7.7925553437649215,133720.0
9930,VUT,1987,2872.65282872819,-0.05496324548104781,24.6,8.01671385970439,137187.0
9931,VUT,1988,2752.41645883526,-0.04275669526784043,25.1,8.194533126064783,140756.0
9932,VUT,1989,2724.19008987511,-0.010308068927139757,24.7,8.177628177084776,144393.0
9933,VUT,1990,2967.38199450714,0.08550891153536089,24.8,7.820479658976684,148063.0
9934,VUT,1991,2985.57198500513,0.006111267506267559,24.5,7.953494078043178,151793.0
9935,VUT,1992,2987.67246596791,0.000703296530586428,24.4,7.746603253713636,155608.0
9936,VUT,1993,2936.88740967171,-0.017144328451498048,24.3,7.509225670970178,159463.0
9937,VUT,1994,3128.05786349354,0.06306200473713997,24.3,7.730833629134113,163314.0
9938,VUT,1995,3087.19404922191,-0.013149717396682803,25.0,7.747899038276423,167137.0
9939,VUT,1996,3089.28646118538,0.0006775418589892723,24.9,7.821282195033561,170911.0
9940,VUT,1997,3171.92553062882,0.026398680860273416,24.5,7.827161153756437,174626.0
9941,VUT,1998,3142.89632206241,-0.009194056057795663,25.4,7.955740717805857,178313.0
9942,VUT,1999,3088.79816363894,-0.017362698890844186,25.1,8.044337498901875,182048.0
9943,VUT,2000,3197.45596137228,0.03457341009960224,24.9,7.989153586915559,186281.0
9944,VUT,2001,3012.01602489196,-0.05974585127207632,24.7,8.035149369075699,191031.0
9945,VUT,2002,2784.99720920365,-0.07836275897527933,24.8,7.957667399431058,195863.0
9946,VUT,2003,2833.77914920751,0.017364337932105123,24.7,7.987184748233473,200746.0
9947,VUT,2004,2875.65032353901,0.014667638932319704,24.9,7.729779286462969,205711.0
9948,VUT,2005,2955.66861124127,0.027446041481689498,24.9,8.020336216877643,210760.0
9949,VUT,2006,3129.08540327369,0.057015868781800094,24.7,8.026954201258635,215923.0
9950,VUT,2007,3141.20026364818,0.003864218025505295,24.9,8.076359939470281,221276.0
9951,VUT,2008,3234.97623699324,0.029416605877850444,24.7,8.011156084382044,226896.0
9952,VUT,2009,3249.66193798709,0.004529389521650273,24.9,7.886006210979063,232731.0
9953,VUT,2010,3214.3726213639,-0.01091877430318533,25.2,7.944456702310496,238248.0
9954,VUT,2011,3244.13703026186,0.00921717895496954,24.7,8.041992078623176,243474.0
9955,VUT,2012,3205.68705963169,-0.011922937923825927,24.5,8.024207485778577,248883.0
9956,VUT,2013,3149.6849727764,-0.017623999384419164,24.6,8.007766588563953,254482.0
9957,VUT,2014,3175.63375342175,0.00820478060875196,24.6,7.986164860332727,260240.0
9958,VUT,2015,3214.41948587141,0.012139557313041394,24.6,8.009097172221113,266101.0
9959,VUT,2016,3257.49719984988,0.013312393299811376,25.0,8.010293185652719,272087.0
9960,VUT,2017,3316.81034596861,0.01804441154110137,24.9,8.008864447848834,278507.0
9961,VUT,2018,3319.75630455318,0.0008877960346662661,24.6,8.010060739487864,285259.0
9962,VUT,2019,3349.5593410421,0.00893741920609692,24.7,8.008964193497512,291985.0
9963,VUT,2020,3085.16558189305,-0.08222346805737324,24.9,8.009496002324777,298858.0
9964,VUT,2021,2979.39062838967,-0.03488653665061481,24.9,8.01102337918644,305868.0
9965,VUT,2022,3073.86062658113,0.03121551216553531,25.0,8.012548426725328,313046.0
9966,WSM,1971,2713.75861507558,0.11188414624794785,26.3,7.976286295611792,142503.0
9967,WSM,1972,2718.01973633836,0.0015689602414576953,26.6,8.161346475830266,144538.0
9968,WSM,1973,2876.83917859234,0.056788606963772637,26.8,8.226814152083197,146516.0
9969,WSM,1974,2519.47781408786,-0.1326405205931378,26.3,7.978687998543505,149431.0
9970,WSM,1975,2361.78247984541,-0.06463504139808585,26.5,8.091076295577201,153344.0
9971,WSM,1976,2520.01001063196,0.06484625196732985,26.4,7.931033202758639,157113.0
9972,WSM,1977,2459.15342216343,-0.024445720604949983,26.7,7.695212139012824,159753.0
9973,WSM,1978,2586.58842793436,0.050522644753485224,26.7,8.211265678623107,161375.0
9974,WSM,1979,2842.21967740579,0.0942455253155714,26.9,8.023093571565832,162882.0
9975,WSM,1980,2642.83412063183,-0.0727334515738054,26.9,8.14835890712986,164322.0
9976,WSM,1981,2384.5320209018,-0.10284898444287727,26.7,8.183201874766498,165678.0
9977,WSM,1982,2350.19488924474,-0.01450463112492617,26.8,7.866032127523352,166484.0
9978,WSM,1983,2357.06875047975,0.0029205358556509964,26.9,7.650882391847103,166714.0
9979,WSM,1984,2386.24368254951,0.012301656449070109,26.8,7.932685145962721,166796.0
9980,WSM,1985,2478.98471196715,0.0381286374023011,26.8,7.857828888823861,166849.0
9981,WSM,1986,2612.12337560311,0.0523143584319925,26.8,8.063755584758978,167061.0
9982,WSM,1987,2615.34940653937,0.001234260408518928,26.7,7.6849218650456566,167661.0
9983,WSM,1988,2567.13985910386,-0.018605320969473205,27.0,8.138301852243105,168346.0
9984,WSM,1989,2655.65474358004,0.033898848153635974,26.7,8.038641128200542,168768.0
9985,WSM,1990,2534.12204893501,-0.046843986767252765,27.2,7.834669382493423,169042.0
9986,WSM,1991,2471.07143007975,-0.025195411329476336,27.2,8.079029256344834,169368.0
9987,WSM,1992,2452.18685335209,-0.00767161430876051,27.2,8.124713407865393,170331.0
9988,WSM,1993,2531.28193070432,0.0317456467552395,27.0,8.06739994945853,171774.0
9989,WSM,1994,2447.20260205264,-0.03378028926091847,27.1,8.132089378049942,173159.0
9990,WSM,1995,2589.40524057852,0.05648263536713127,27.5,7.890619959105933,174571.0
9991,WSM,1996,2751.65426684601,0.060774069900623395,27.6,8.108803811790827,176071.0
9992,WSM,1997,2746.33660844689,-0.0019344011941520023,27.4,7.914727312095061,177547.0
9993,WSM,1998,2785.31171323751,0.014091911669487978,27.5,7.343426229147367,178905.0
9994,WSM,1999,2824.55330392791,0.013990436717770116,27.4,8.042699496897637,180275.0
9995,WSM,2000,2945.37217923198,0.04188495617559518,27.6,8.041702535937736,181685.0
9996,WSM,2001,3137.46403765812,0.06317965652329072,28.1,7.879480717744393,183166.0
9997,WSM,2002,3291.3424477268,0.04788067808359919,28.1,7.987286679837455,184471.0
9998,WSM,2003,3444.99857743289,0.0456279711539711,27.6,8.012680929706839,185430.0
9999,WSM,2004,3535.73813824914,0.02599859457932041,27.5,7.780804424817269,186249.0
10000,WSM,2005,3755.78242822467,0.060374547102354015,27.8,8.177487733563908,186978.0
10001,WSM,2006,3820.92239453139,0.017195224797168507,27.5,8.231029964933727,187709.0
10002,WSM,2007,3818.25503804332,-0.0006983360761054769,27.8,8.196960378670072,188753.0
10003,WSM,2008,3925.8743329936,0.02779556449389453,27.6,8.014104229021969,190107.0
10004,WSM,2009,3875.94291686166,-0.01280011983721785,27.5,8.046068934501799,191513.0
10005,WSM,2010,4081.15535978003,0.05159115815767201,27.6,8.06974916981507,193023.0
10006,WSM,2011,4201.45663738908,0.029051158841815194,27.2,7.907872320901148,194713.0
10007,WSM,2012,4007.91092846814,-0.04716114348815914,27.3,8.007333767395572,196498.0
10008,WSM,2013,3976.39289268132,-0.007895040120454055,27.5,8.04795726740941,198268.0
10009,WSM,2014,3967.23730470679,-0.0023051405468734742,27.4,8.025156609546828,200037.0
10010,WSM,2015,4084.36083819933,0.029095291080675878,27.3,8.194174054674772,201782.0
10011,WSM,2016,4373.23792440391,0.06833842803080614,27.8,7.892676149897117,203499.0
10012,WSM,2017,4393.37316255965,0.004593627654475796,27.6,8.052455671843001,205415.0
10013,WSM,2018,4321.00518344962,-0.016609249654166547,27.5,8.227989962592519,207582.0
10014,WSM,2019,4466.08075482035,0.033023178846713463,27.7,8.125039097367745,209780.0
10015,WSM,2020,4283.06392492734,-0.04184261159980096,27.7,8.405345009622856,211944.0
10016,WSM,2021,4032.1373106241,-0.06037203838739025,27.5,7.915129087215975,213779.0
10017,WSM,2022,4095.15875576978,0.015508899347802085,27.5,7.923999937214818,215261.0
10018,YEM,1991,1761.81146099568,0.02272581125974238,25.8,5.0479310788399525,14430201.0
10019,YEM,1992,1835.28111559428,0.040855147333652475,25.6,5.2235938203521,14989494.0
10020,YEM,1993,1838.28268593285,0.0016341466590450437,25.8,5.14049328135447,15563914.0
10021,YEM,1994,1890.75509687978,0.028144458501101255,25.8,5.050496827521386,16149147.0
10022,YEM,1995,1927.42298079078,0.019207596129366067,25.9,5.111987788356544,16740058.0
10023,YEM,1996,1949.99754744654,0.01164424728333735,25.9,5.12574810119676,17313177.0
10024,YEM,1997,1987.6265785116,0.01911313796469294,25.9,5.195730777772936,17873936.0
10025,YEM,1998,2041.67107777046,0.026827375481146554,26.4,5.160777952525975,18446013.0
10026,YEM,1999,2053.79786274001,0.005922066843671914,26.0,5.250176991220101,19029420.0
10027,YEM,2000,2114.67265566851,0.029209332641488395,25.9,5.176149732573829,19624141.0
10028,YEM,2001,2129.77268762778,0.007115226816692299,26.0,5.12455904041457,20226147.0
10029,YEM,2002,2148.88860494788,0.00893552595221525,26.1,5.14865659199363,20835086.0
10030,YEM,2003,2164.86083019467,0.007405297167970559,26.2,5.13167228913909,21456379.0
10031,YEM,2004,2185.78999159086,0.009621237695778717,26.0,5.141078590121546,22095167.0
10032,YEM,2005,2237.63762643152,0.023443362876147233,26.0,5.119788607992779,22790085.0
10033,YEM,2006,2234.74266863312,-0.0012945939350990088,26.1,5.119788607992779,23543083.0
10034,YEM,2007,2235.75075901067,0.00045099737241738325,26.2,5.242275975664412,24318082.0
10035,YEM,2008,2244.04491655237,0.00370292201679856,25.8,5.133442723357803,25111941.0
10036,YEM,2009,2257.46902086832,0.005964279705349185,26.3,5.118592435601348,25927724.0
10037,YEM,2010,2356.19960422096,0.04280570040200793,26.3,5.120386158055375,26754387.0
10038,YEM,2011,1994.83663337222,-0.16648782490157554,26.1,5.143416405330075,27582897.0
10039,YEM,2012,1981.45800046603,-0.006729221359523585,26.1,5.112590016619249,28433647.0
10040,YEM,2013,2014.7289059487,0.016651710761559357,26.0,5.112590016619249,29312952.0
10041,YEM,2014,1950.1625450589,-0.03257192281471788,26.1,5.1298987149230735,30226309.0
10042,YEM,2015,1362.1738120601,-0.3588309106411973,26.4,5.116795489924646,31159379.0
10043,YEM,2016,1197.95865971172,-0.12846282355626837,26.2,5.139321635057579,32109010.0
10044,YEM,2017,1103.45634849842,-0.0821716027315107,26.3,5.1328529268205045,33090921.0
10045,YEM,2018,1079.32938366255,-0.02210748139398877,26.0,5.126342101808226,34085182.0
10046,ZAF,1961,4032.2227245037,0.009665555793702651,17.7,6.281518803704818,16908035.0
10047,ZAF,1962,4155.85711467972,0.03020092369936833,17.9,6.121176153629639,17418522.0
10048,ZAF,1963,4329.07391977209,0.0408349516434523,17.6,6.300418754835302,17954564.0
10049,ZAF,1964,4532.23430548773,0.045861398270872655,17.4,6.103229510438802,18511361.0
10050,ZAF,1965,4664.09699107786,0.028679202448252283,17.5,5.937272318024555,19089380.0
10051,ZAF,1966,4722.49942007925,0.012443953076385128,17.9,6.007091802993681,19690087.0
10052,ZAF,1967,4906.85685086378,0.03829538665372034,17.3,6.343880434126331,20314066.0
10053,ZAF,1968,4953.80064833126,0.009521505463000679,17.1,6.023205432892045,20957287.0
10054,ZAF,1969,5029.64691362757,0.015194695839170436,17.8,6.148895555056811,21614676.0
10055,ZAF,1970,5135.5615026895,0.02083939999073081,17.8,6.024899323194219,22279984.0
10056,ZAF,1971,5200.7432180827,0.012612356388101986,17.5,6.264920912295781,22942143.0
10057,ZAF,1972,5137.37692437712,-0.012258918718947243,17.8,6.170029055024225,23609456.0
10058,ZAF,1973,5220.82176643606,0.016112192814837556,17.8,6.218201633932322,24294263.0
10059,ZAF,1974,5385.83133677931,0.03111686275736858,17.3,6.5051859739859985,24989108.0
10060,ZAF,1975,5327.51843473453,-0.010886133499907302,17.3,6.387720716130836,25690940.0
10061,ZAF,1976,5301.98639575895,-0.0048040032882123995,17.1,6.541751239754887,26395450.0
10062,ZAF,1977,5155.68575875517,-0.02798140548581074,17.8,6.362165662779806,27118952.0
10063,ZAF,1978,5168.06930314104,0.0023990399328486234,17.6,6.252289165389881,27869507.0
10064,ZAF,1979,5220.72505658187,0.010137115536302588,18.0,6.094246741751008,28634162.0
10065,ZAF,1980,5399.54067871187,0.03367759847746221,17.8,6.1301389417957415,29518857.0
10066,ZAF,1981,5498.59203384975,0.01817817516624487,17.3,6.339123973119759,30541044.0
10067,ZAF,1982,5291.38261097586,-0.03841249076666031,17.9,6.009304465236313,31615339.0
10068,ZAF,1983,5015.37142372166,-0.05357209362618143,18.5,6.096725057765475,32739304.0
10069,ZAF,1984,5091.71936365917,0.015108084762754714,18.3,6.057720342885047,33892788.0
10070,ZAF,1985,4865.05694085787,-0.04553714623678928,18.4,6.263969527959916,35042093.0
10071,ZAF,1986,4712.81869464239,-0.031792241756217976,18.3,6.109469780298887,36180515.0
10072,ZAF,1987,4664.13011613961,-0.010384831367149516,18.4,6.205567353770043,37326190.0
10073,ZAF,1988,4714.22284174624,0.010682729092287957,17.9,6.403739747144695,38480649.0
10074,ZAF,1989,4687.291051902,-0.005729261014183251,17.7,6.283760957110508,39628575.0
10075,ZAF,1990,4544.23023212165,-0.030996467293169516,18.0,6.011757250375744,40746268.0
10076,ZAF,1991,4396.36069450543,-0.03308126362476216,18.0,6.258816353086512,41687898.0
10077,ZAF,1992,4225.814328485,-0.03956510108393552,18.6,5.807541708947054,42443509.0
10078,ZAF,1993,4193.59826135345,-0.007652843715211688,18.5,6.162893662735513,43297156.0
10079,ZAF,1994,4258.26184733408,0.015301920970253846,17.8,6.001662372084428,44004139.0
10080,ZAF,1995,4337.29729686998,0.018390351508935865,18.1,6.255750041753367,44541554.0
10081,ZAF,1996,4465.50649854807,0.029131233948797686,17.6,6.384857073981877,45123018.0
10082,ZAF,1997,4527.04992403877,0.01368785103579917,17.9,6.238519918468505,45666838.0
10083,ZAF,1998,4494.85711232358,-0.007136617174280602,18.4,6.2426122948317895,46223880.0
10084,ZAF,1999,4552.85007973031,0.012819548730131913,18.7,6.131226489483141,46730335.0
10085,ZAF,2000,4700.87555500704,0.0319953516545457,17.7,6.468164456144597,47159719.0
10086,ZAF,2001,4786.482450463,0.01804700926619951,18.0,6.327579577081353,47566800.0
10087,ZAF,2002,4916.81498068625,0.02686517029398061,18.1,6.074195944705447,48019415.0
10088,ZAF,2003,5011.62223150169,0.019098702162166248,18.4,5.969474529216367,48500348.0
10089,ZAF,2004,5187.35683424034,0.034464625569029295,18.7,6.189700462716007,48991421.0
10090,ZAF,2005,5406.07581377638,0.04129918480466088,18.7,6.022478600637151,49490033.0
10091,ZAF,2006,5650.9883176549,0.044306981577856064,18.1,6.375876246018314,49998277.0
10092,ZAF,2007,5891.42069421698,0.04166671968971336,18.5,6.101887228358073,50528584.0
10093,ZAF,2008,6009.71963138635,0.0198809240777873,18.6,6.126869184114185,51114599.0
10094,ZAF,2009,5847.05811084505,-0.027439449388628745,18.5,6.1855911493516995,51728516.0
10095,ZAF,2010,5953.94506512821,0.01811538828354209,18.8,6.1886747163956874,52344051.0
10096,ZAF,2011,6067.12482726885,0.018830787539275917,18.1,6.335054251498059,52995205.0
10097,ZAF,2012,6121.55783860713,0.008931789382746302,18.3,6.186208623900494,53782567.0
10098,ZAF,2013,6170.87670863373,0.008024307060017222,18.4,6.082903607424764,54678791.0
10099,ZAF,2014,6155.00589462516,-0.002575202651240005,18.6,6.137078895912954,55594838.0
10100,ZAF,2015,6112.27382485974,-0.0069668652845180645,19.1,5.933835434271345,56723537.0
10101,ZAF,2016,6095.295060428,-0.002781680044471102,19.2,6.0607573736039315,57259551.0
10102,ZAF,2017,6125.6920507497,0.004974565921653351,18.7,6.11257537285704,57635162.0
10103,ZAF,2018,6117.2701406047,-0.0013757963704854603,18.8,5.99918467012312,58613001.0
10104,ZAF,2019,6032.82972598668,-0.013899766266307623,19.4,5.984691662820553,59587885.0
10105,ZAF,2020,5569.58483319272,-0.07989566035872997,18.6,6.155919102073512,60562381.0
10106,ZAF,2021,5750.90937479584,0.032037479512814215,18.3,6.283387613817017,61502603.0
10107,ZAF,2022,5786.86505344736,0.006232708963340272,18.6,6.251711186373694,62378410.0
10108,ZMB,1961,1166.74596436267,-0.017803890829104496,21.4,7.128896827625674,3254086.0
10109,ZMB,1962,1102.4458219947,-0.05668746088764465,21.1,7.1499953259873354,3358099.0
10110,ZMB,1963,1103.10813202806,0.0006005838597236135,20.8,7.015083856734662,3465907.0
10111,ZMB,1964,1199.39219025665,0.08368315041269181,21.1,6.7818518620929815,3577017.0
10112,ZMB,1965,1355.45680953779,0.12232360597076575,20.9,6.820343821971168,3692086.0
10113,ZMB,1966,1239.68921603925,-0.08927781034966475,21.5,6.844708977264502,3812003.0
10114,ZMB,1967,1295.60864749847,0.044119866828292054,21.2,6.999787364428631,3936343.0
10115,ZMB,1968,1270.07901687655,-0.019901466257249645,21.3,6.930690250264633,4065593.0
10116,ZMB,1969,1224.90387889791,-0.036216741835802146,21.5,7.085985142872835,4197116.0
10117,ZMB,1970,1246.65383007205,0.017600651259400912,21.7,6.889082013716516,4321718.0
10118,ZMB,1971,1211.70972726075,-0.028430665968779856,21.2,6.88653164253051,4442525.0
10119,ZMB,1972,1286.57716971439,0.05995297516972986,21.3,6.816407239522832,4569309.0
10120,ZMB,1973,1238.05913338778,-0.038440396794250375,21.5,6.780149154376991,4702693.0
10121,ZMB,1974,1279.53707253685,0.03295341205706759,20.8,7.0851480425393385,4842746.0
10122,ZMB,1975,1213.57721788882,-0.052925973898923395,21.1,6.877399158967238,4990086.0
10123,ZMB,1976,1250.5415032312,0.030004283557507172,20.9,7.029353250729624,5143842.0
10124,ZMB,1977,1157.75814389903,-0.07709115949341161,21.6,6.965552377708354,5302480.0
10125,ZMB,1978,1129.47163480066,-0.024735557048317425,21.2,7.148895906998002,5465374.0
10126,ZMB,1979,1062.9629308153,-0.06068971703449133,21.4,7.028998986267501,5631728.0
10127,ZMB,1980,1062.93600223771,-2.5333826714657448e-05,21.3,6.886122978855023,5802833.0
10128,ZMB,1981,1094.46195855082,0.029227987765439778,21.1,6.828712071641684,5983289.0
10129,ZMB,1982,1030.04718157436,-0.06065827191035833,21.5,6.907355198960797,6178637.0
10130,ZMB,1983,977.759709968015,-0.05209594301075704,22.3,6.799167338565238,6381038.0
10131,ZMB,1984,944.930593972368,-0.03415246525294524,21.8,6.880178511211903,6580490.0
10132,ZMB,1985,931.808263595704,-0.013984411499138538,21.6,6.885407415318229,6780953.0
10133,ZMB,1986,910.944542362099,-0.02264504792150568,21.4,7.001063456115789,6986471.0
10134,ZMB,1987,908.680042753164,-0.0024889757991921613,22.3,6.700115914203892,7191282.0
10135,ZMB,1988,939.599679398111,0.03346086752889832,21.7,6.864952156656828,7391440.0
10136,ZMB,1989,905.747380200891,-0.03669347421128144,21.6,6.996772975299789,7589216.0
10137,ZMB,1990,878.589205998477,-0.030442991352034987,22.0,6.800949274664328,7786169.0
10138,ZMB,1991,856.761723583768,-0.025157601563120302,21.7,6.885100588417331,7981650.0
10139,ZMB,1992,821.850104215064,-0.04160182098924459,22.4,6.671653126503536,8176680.0
10140,ZMB,1993,857.039669609389,0.0419261829942732,21.8,6.896390948903087,8373921.0
10141,ZMB,1994,764.639411345433,-0.1140798414680777,22.0,6.678090510677662,8576269.0
10142,ZMB,1995,768.035201563368,0.00443120248205453,22.5,6.675192505751435,8785763.0
10143,ZMB,1996,796.018059633101,0.03578630610206446,22.0,6.856672488752821,9004053.0
10144,ZMB,1997,805.53240180321,0.011881553942009404,22.1,6.962906123446985,9237063.0
10145,ZMB,1998,781.663383813883,-0.030079235118519065,22.4,6.854987213443481,9482408.0
10146,ZMB,1999,796.377985981253,0.018649737504171426,21.6,6.778329731541679,9740005.0
10147,ZMB,2000,804.48463418783,0.010127936525399228,21.7,6.981563206126856,10017631.0
10148,ZMB,2001,822.020935308251,0.021563997055330297,22.0,6.997138840116823,10325185.0
10149,ZMB,2002,833.021177549004,0.013293201595085513,22.2,6.819798000222995,10647949.0
10150,ZMB,2003,863.650190656785,0.036108749824498076,22.3,6.939060128810549,10983595.0
10151,ZMB,2004,895.475258534826,0.03618677756265587,22.1,7.016430295607793,11338198.0
10152,ZMB,2005,929.079255855905,0.03683945580089176,23.0,6.763884908562435,11718819.0
10153,ZMB,2006,968.563565019492,0.041620064874912543,21.9,6.952824242349715,12129553.0
10154,ZMB,2007,1013.08567432637,0.04494196239097725,22.0,6.888776312384334,12565085.0
10155,ZMB,2008,1053.58612301068,0.03919890379411051,21.8,6.93770235535009,13021324.0
10156,ZMB,2009,1110.71918102486,0.052808016016161474,21.9,6.956735901203759,13490389.0
10157,ZMB,2010,1183.41712409199,0.06339840505034822,22.4,6.961011645282569,13965594.0
10158,ZMB,2011,1208.46424569634,0.020944213631781672,21.8,6.8909142617861106,14437796.0
10159,ZMB,2012,1258.78938578996,0.04080011912988635,21.9,7.029530335908058,14913629.0
10160,ZMB,2013,1280.77012176778,0.017311100473357044,21.7,6.936925656281917,15398997.0
10161,ZMB,2014,1299.01241762504,0.01414274237617974,21.8,6.944280053664509,15895315.0
10162,ZMB,2015,1295.87788680068,-0.002415926672217239,22.2,6.823177302506839,16399089.0
10163,ZMB,2016,1303.57513869133,0.005922226185388624,22.3,6.803838165562364,16914423.0
10164,ZMB,2017,1308.76829240086,0.003975863577975858,22.1,7.075808863978387,17441320.0
10165,ZMB,2018,1321.25045711573,0.009492144067876573,21.8,6.944762004611233,17973569.0
10166,ZMB,2019,1301.18132976178,-0.015306037137261974,22.1,6.920079028670969,18513839.0
10167,ZMB,2020,1228.73500113195,-0.05728738123917587,21.9,6.951963533646458,19059395.0
10168,ZMB,2021,1269.10821808895,0.032329277540168455,22.0,6.914035516939287,19603607.0
10169,ZMB,2022,1298.8480495593,0.023163292573105565,21.7,6.947360533574496,20152938.0
10170,ZWE,1961,1177.31430674299,0.029974437198063697,21.2,6.58285581871354,3930401.0
10171,ZWE,1962,1157.23429368398,-0.017202904458149426,21.4,6.815091594118718,4055959.0
10172,ZWE,1963,1191.33584789891,0.029042310047974418,20.7,6.51040713897592,4185877.0
10173,ZWE,1964,1141.57779156678,-0.0426639055692295,20.9,6.440148774336123,4320006.0
10174,ZWE,1965,1160.44360882467,0.016391020201385942,20.9,6.11257537285704,4458462.0
10175,ZWE,1966,1141.5669678277,-0.01640050163179918,21.2,6.575215300888529,4601217.0
10176,ZWE,1967,1198.76044817273,0.04888621128456272,20.9,6.588926477533519,4748307.0
10177,ZWE,1968,1184.42922220119,-0.012027073548415146,21.1,6.335586024975094,4900440.0
10178,ZWE,1969,1290.10547997347,0.08546299293332904,21.4,6.834861953461813,5058181.0
10179,ZWE,1970,1533.4013269655,0.17276437506483866,21.7,6.18353014285133,5215918.0
10180,ZWE,1971,1620.79990255539,0.05543143687403518,21.1,6.474816193873218,5374712.0
10181,ZWE,1972,1702.6722095134,0.049279110497490564,20.9,6.64703965476017,5542445.0
10182,ZWE,1973,1692.67295502401,-0.005889995221512123,21.3,6.633450003571995,5720404.0
10183,ZWE,1974,1747.41005201736,0.031825811754932154,20.6,6.921756798617951,5908328.0
10184,ZWE,1975,1660.1827816457,-0.05120701568991137,20.7,6.581193768469438,6098658.0
10185,ZWE,1976,1617.90703618176,-0.02579434475266318,20.6,6.732210706467206,6287105.0
10186,ZWE,1977,1468.96137583067,-0.09657775696463666,21.3,6.85751406254539,6449512.0
10187,ZWE,1978,1408.65320721669,-0.04192152827898976,20.8,6.943701405755606,6543575.0
10188,ZWE,1979,1432.33639033816,0.01667287466988565,21.1,6.440627510481866,6647556.0
10189,ZWE,1980,1547.24303557325,0.07716771005714751,20.9,6.5641375742000525,7041303.0
10190,ZWE,1981,1634.85792339379,0.05508124310387874,20.5,6.77719090896102,7498635.0
10191,ZWE,1982,1613.8207054948,-0.012951426943491384,21.3,6.218600119691729,7796496.0
10192,ZWE,1983,1578.2877877611,-0.022263895820689328,22.1,6.245719093447244,8098404.0
10193,ZWE,1984,1494.11174302875,-0.05480870235814006,21.4,6.413622878157807,8391488.0
10194,ZWE,1985,1543.54602241645,0.03255050299156359,21.2,6.732091509852249,8686813.0
10195,ZWE,1986,1524.05510786515,-0.01270776480864022,21.3,6.618872485953837,8982578.0
10196,ZWE,1987,1491.43889200127,-0.021633263327739627,21.9,6.241639437473222,9284644.0
10197,ZWE,1988,1554.121523425,0.04116909599069096,21.2,6.566953684199695,9583094.0
10198,ZWE,1989,1588.24428841402,0.02171873571742111,21.3,6.55933191124117,9864798.0
10199,ZWE,1990,1653.56521361694,0.04030450739855418,21.6,6.543767950320282,10137281.0
10200,ZWE,1991,1700.16751573044,0.02779309246639361,21.7,6.323283115047848,10404816.0
10201,ZWE,1992,1503.8338876162,-0.12270901250829525,22.4,6.19766537769188,10702700.0
10202,ZWE,1993,1497.59397309998,-0.004157970003474176,21.8,6.587412264290795,10860288.0
10203,ZWE,1994,1633.9654774338,0.08715006621237542,21.4,6.23342985266278,10873148.0
10204,ZWE,1995,1621.41919547814,-0.007708056242242023,22.2,6.182291496945648,10974599.0
10205,ZWE,1996,1759.94136824269,0.081978682665798,21.6,6.636733647423464,11158360.0
10206,ZWE,1997,1773.50690066801,0.007678391215733882,21.7,6.773995288802613,11369827.0
10207,ZWE,1998,1789.35135307089,0.008894295381341344,22.2,6.588238483010338,11594297.0
10208,ZWE,1999,1746.22663873399,-0.024395928056132554,21.5,6.6198065043018115,11783458.0
10209,ZWE,2000,1677.34896793251,-0.04024270174659872,21.4,6.848429812897322,11892055.0
10210,ZWE,2001,1690.14666163116,0.007600755408885718,21.7,6.832816192317643,11971901.0
10211,ZWE,2002,1525.07935706564,-0.10276886107434446,22.0,6.14010004624713,12087653.0
10212,ZWE,2003,1250.91948331231,-0.1981675785727699,22.1,6.47095429056412,12232323.0
10213,ZWE,2004,1165.54447081543,-0.07069053278924908,22.1,6.696787303598061,12365896.0
10214,ZWE,2005,1088.63148420699,-0.06826694642305231,22.9,6.4428585871045465,12483432.0
10215,ZWE,2006,1038.22375658033,-0.04741006172132689,21.9,6.654539043411635,12636445.0
10216,ZWE,2007,987.200362596937,-0.050393585151894627,22.0,6.601501820944921,12804058.0
10217,ZWE,2008,803.044944654991,-0.206462337141204,22.0,6.418854212631938,12959149.0
10218,ZWE,2009,896.915532877845,0.11055100807123441,22.1,6.5497937935179396,13142790.0
10219,ZWE,2010,1056.20884563889,0.16347952382413222,22.3,6.602994864995605,13356548.0
10220,ZWE,2011,1184.93421020563,0.11500131801061642,21.8,6.673045091296462,13595424.0
10221,ZWE,2012,1360.15230034275,0.13790942479213353,22.0,6.458181531247909,13817887.0
10222,ZWE,2013,1367.81831689463,0.005620322068685901,21.6,6.535821654082765,14013808.0
10223,ZWE,2014,1381.25404125871,0.009774810984933602,21.8,6.493148512956689,14207359.0
10224,ZWE,2015,1387.12632595026,0.004242403658505367,22.4,6.110136076825481,14399013.0
10225,ZWE,2016,1378.34256192374,-0.006352480480511957,22.3,6.352803597173591,14600294.0
10226,ZWE,2017,1422.91948946927,0.03182900422550716,21.9,6.886020786836131,14812482.0
10227,ZWE,2018,1472.14603844842,0.034010486806760554,22.1,6.483871585349955,15034452.0
10228,ZWE,2019,1357.53087818754,-0.08105370735798001,22.5,6.638175041894338,15271368.0
10229,ZWE,2020,1230.81933361016,-0.09798744642215951,22.0,6.584653261299096,15526888.0
10230,ZWE,2021,1312.20001358807,0.06402505577589412,22.0,6.4806578707468585,15797210.0
10231,ZWE,2022,1369.19761495571,0.04251975746312997,21.9,6.622869293832357,16069056.0
