approach,coefficient,percentile,threshold_value,n_valid,n_above,model_score,AFG,AGO,ALB,ARE,ARG,AUS,AUT,BDI,BEL,BEN,BFA,BGD,BGR,BHR,BOL,BRA,BRB,BWA,CAF,CAN,CHE,CHL,CHN,CIV,CMR,COG,COL,COM,CRI,CUB,CYP,DEU,DJI,DMA,DNK,DOM,DZA,ECU,EGY,ESP,ETH,FIN,FRA,GAB,GBR,GHA,GIN,GMB,GNB,GNQ,GRC,GTM,HKG,HND,HRV,HTI,HUN,IDN,IND,IRL,IRN,IRQ,ISL,ISR,ITA,JAM,JOR,JPN,KEN,KHM,KOR,KWT,LAO,LBN,LBR,LBY,LKA,LSO,LUX,MAR,MDG,MEX,MKD,MLI,MLT,MMR,MNE,MNG,MOZ,MRT,MUS,MWI,MYS,NAM,NER,NGA,NIC,NLD,NOR,NPL,NZL,OMN,PAK,PAN,PER,PHL,POL,PRT,PRY,QAT,ROU,RUS,RWA,SAU,SDN,SEN,SGP,SLE,SLV,SRB,SVN,SWE,SWZ,SYC,SYR,TCD,TGO,THA,TTO,TUN,TZA,UGA,URY,USA,VEN,VNM,YEM,ZAF,ZMB,ZWE
approach0,h1,5,0.0039642950607592,1001,950,0.3295785697222563,0.022954784253896368,0.014857302357965424,0.025645660305075958,-0.016960630993560342,0.008748352270427768,-0.006444623330464258,0.010624299439834013,0.01778044987009328,0.02224630093989794,-0.006209246683412712,0.012677193306225583,0.012278840939469744,0.0044649052486760744,0.01055807472027524,0.0234028420655598,0.011416312354070974,0.009313767758995718,0.0075298881814509465,0.015125234104232117,0.021174494660159228,0.013995319982672073,0.021031246627388457,0.012385613627690206,0.005368513675127199,0.014050184486004664,0.0027173741267723164,0.005000480326242141,0.0035173699730517254,-0.003653411889647606,-0.010572231096097551,0.0007112552514088174,0.005149618464665272,0.00830012790410362,0.0059315776860036935,0.0067126817514473755,0.0004960916354914031,0.010174994866744256,0.010117748277002516,0.01257350308161349,0.018179735741648627,-0.0029907981606736786,-0.004967392232191244,0.016415052307700885,0.0025161686959790115,-0.011616498323296044,-0.0011199006477448023,0.0015234741762218014,0.015973655149199566,0.01492472138518456,-0.009228991052437567,0.011618046602637162,0.006842496572819386,0.016966326881401483,0.007539460199300843,-0.00011534353623623029,0.02074888932782348,0.005458897063070671,-0.003493117758598561,-0.012578802410263611,0.004404050780971327,-0.01712146636228222,0.0019336246841434018,0.018734560459098687,0.008385813256156036,0.01442774680881655,0.00465049674533482,0.005369683869656037,0.0043197369661322205,0.015953275211585703,0.008407684240000853,-0.0028118873269989356,0.02481383911923013,0.004176491721178144,0.05052281906134547,0.003550730769546857,-0.012078930576224643,0.001322327899936612,0.006204483073205932,0.010602997341859844,0.00681672108818615,0.006746251521954128,-0.0032769384956222933,0.01780150835944555,0.015679701895588375,-0.009784584018337462,-0.0013030090869771277,-0.009726196386863053,-0.023567451215032374,0.008523250534468936,0.0032381109677316507,-0.011783116559485302,0.012049428428057531,0.0061126117704242856,0.006966838561166129,0.021256128525156532,0.001346467736621862,-0.001704717302894036,0.008794252808461085,0.014789063867225373,-0.007425656252676226,0.006266988138249611,0.011680856949753845,0.01521238250799166,0.00276729175407685,0.004000080522227898,0.008114416385519838,0.026781137012764043,0.0034593456422990325,0.0019917969122420515,-0.002855498275255511,0.014062354709058329,0.015002367039085931,0.009493677429464446,0.0032354809245705588,0.008126733058181991,0.015407488752575596,0.015010876129016627,0.009918529831098978,-0.002072912925316764,-0.008331299163864415,0.0193815336767345,-0.007695345410430208,-0.0007057575402737264,0.004669548991251842,-0.020110263961005456,-0.007113617410880433,0.023266553138165905,-0.015185001633626516,0.0005021855175157612,0.017106012542412393,0.02335113009598204,-0.004628713243556757,0.013040213026055769,0.010988601004983625,0.006914145606256483,-0.0004029596394926095,0.01432545672347472,0.01762862103451532,0.0037368860835855014,0.03030406846501054
approach0,h1,25,0.0063972053919259,1001,750,0.5994365266281678,0.053558322546724185,0.006551517731073307,0.06322417550359254,-0.06584597993630725,-0.009820570910067102,-0.012687346223824822,0.016329040892620092,0.029041486546638018,0.019807848782866257,0.008137763261578009,0.032725365542349054,0.012490165715822791,0.04632312854801868,0.008343064228380596,-0.0030103902841600513,0.014538106487124197,0.009367792009321096,-0.011573679296180871,0.011245395051255005,0.020500960116494327,0.005986927384722356,0.04180402508563641,-0.02907457034776812,0.022863715750671483,0.03789068796563844,0.027377044929083463,-0.005430326078195179,0.0016262152975775029,-0.021334283962215473,-0.023741334931655762,0.013220346439235756,-0.006685801538816478,0.0025921216946527374,0.004350960688516479,-0.010213229817165647,-0.014492506575974194,0.008920825214971204,-0.00027671874516852586,0.007178429114472722,0.027772047621688542,0.009363202054807142,-0.025000208637125456,0.01517335652491163,-0.003943951665006995,-0.025888578192378373,0.0021653737035704397,0.017627983165458664,0.0013890876320515836,0.035817882512128515,-0.02569831191139814,-0.008109228148383971,-0.003666132771691557,0.037580947250963434,0.003940261698908031,0.01358645659050954,0.02284985677241575,0.014658791235954219,0.01486480115332905,-0.0029305323937129455,0.017953149917051228,-0.04861684893074531,-0.014122046213909688,0.009864647350060126,0.006755411336142292,0.026147195400378808,-0.0024131797863285263,-0.003996206187656056,0.02094479499774031,0.024796414762843638,-0.023202671190886426,-0.02210789936026984,0.06379081387045876,0.006360386419858716,0.1675260898362892,0.044751776359182774,-0.05446981957669223,0.02356125299888636,-0.01838054355202048,0.01071542313711726,-0.0035078438686065756,0.002470276320396231,0.018238178634647318,-0.005251803153172266,-4.3270730062713175e-06,0.002287311966872336,-0.004094231310292533,-0.07013212209409247,-0.09666101611358513,0.01707907333841136,0.0018722407151834566,-0.022788489401064867,0.015262940040705244,0.011906441916458428,0.019411643007035274,0.04908450282992178,-0.014559057128823898,-0.018073840106845998,0.00893039358297791,-0.0026864542098171545,-0.004256138472844527,-0.002650454023941505,0.03207808072086542,0.01455578290718167,0.0217809785424509,0.03015198131950453,0.0006351823354103885,0.06952399243901543,-0.0015988490123745747,-0.00753234908495326,-0.054010193863870376,0.025289786475039683,0.028217591474181833,0.03707614828433353,-0.026419081225899435,-0.01541916970276736,0.016620291084524928,0.03960587142114514,-0.002879312258444988,-0.00117128549900942,0.0013923068997598945,0.020302533400892806,-0.059744559159514515,-0.016157358378772885,0.005152799295629288,-0.04018926324249537,-0.03655140840038946,0.029446406515333548,-0.03291694675578123,-0.020462395049656176,-0.008699918615342861,-0.003988618955760748,-0.016849903736769478,0.01808627288087572,0.027662466175218642,0.01039529766868684,0.006553770751255281,0.024841527715211996,0.013769090824642907,0.001536028108535703,0.041173338582329036
approach0,h1,75,0.009955340520791,1001,250,0.5778514103463266,0.02981493983267612,0.011126943948653812,0.05579771412044772,-0.04352146565292218,0.010194189451568103,0.01506066086826453,0.028908165283793048,-6.676537634222462e-05,0.0007899761704937003,-0.016637023161726716,0.020830248076976397,-0.001092575673897804,0.004492916120844473,0.03288800771081707,-0.009658607178578416,0.027117899505455748,0.026743533277201696,-0.007203487057607932,-0.018454850163027017,0.015151619668528595,0.0058464642416033545,0.040091710533006475,-0.009743699846200271,0.016696631235681113,-0.0019461242921767798,-0.00422157651648657,0.011668712384759437,-0.006826752354124868,0.016941875228756554,0.025291277346269576,0.019304538368989987,-0.006417387077360334,-0.007405517626932638,0.012548038861373385,-0.01888515090070136,-0.0040807175118257825,0.005269576133400927,0.011795214115973795,0.003934326679832876,0.012206134379271379,0.006867694173045429,-0.0841421048079719,0.011006210791939504,-0.0011188867377014064,-0.022150808568274505,0.018958880529338105,-0.00889841454078229,0.01930244599351117,0.035697405680305584,-0.017514458526217684,0.005526411273901154,-0.0034646114428115576,0.008156351049865106,0.00767282795008878,-0.005321292831629375,-0.002817926513382092,0.024509998398377947,-0.0008030429000801856,0.006457303183539979,0.037758047157266,-0.0513824837105285,-0.012485512755494439,-0.008289704099737456,0.0067034539169479115,-0.00414952176491868,-0.012350281099273766,-0.000464433770514739,0.02625238101168735,0.00399167379573212,-0.008134000485658752,-0.021259267780787322,0.09168362366739173,-0.012871449215607067,0.189992633366933,-0.004421788326145357,-0.022738339056616007,-0.008169635385010601,-0.022070775162313813,0.011952919479031862,-0.004198500574825598,-0.012921041784929324,0.009003630537163368,0.005807575749518646,0.006670786217611207,-0.016856135055275622,-0.025438021028058838,-0.04956489257676972,-0.08855918080062038,0.04022146159109102,0.001911101940937846,-0.044780109972819275,0.007888007681045,0.01312320544522607,0.005392927417838893,0.0344038609484549,-0.022970733810922406,-0.015066011939317248,0.00667520248853512,-0.03698540261559583,-0.017223067804434933,-0.01778274729664658,0.01424516825809673,0.010803049416853013,0.012219097869517422,0.01776621573418081,-0.009729363637908231,0.03491636316287512,0.02685455828137455,-0.008864723302959003,-0.054254202583783974,0.00567835886909894,-0.017752447796171474,0.015867228876164326,-0.028528837077356744,0.013291244977268026,0.012162546695467954,0.013537451956700301,-0.002916284362582138,-0.024040858773898596,0.0008054595144000518,-0.0058847354443398794,-0.06362647474468908,-0.007031382838648525,0.02031898747729252,-0.03020356867513037,-0.011728957591210697,-0.0004975351979139148,0.0010228146878997028,0.0066407513031840806,-0.013641185227020135,-0.008183853859499582,-0.004837453226849305,0.014640637593524493,-0.0019430365754507083,0.025541425360069998,0.005069913037344942,0.011857108130419429,-0.01943813711950082,0.008845571174303176,0.027544874338748228
approach0,h1,95,0.0130937468086598,1001,50,0.3307939988332792,0.0122655951632708,0.017216225451621405,0.019494231302856414,-0.013896710776292055,-0.0017457378647566107,0.01247325824317496,0.008192251197696232,-0.0028172047624256237,-0.006242658638031945,-0.004034795477092476,0.0005246898384934405,0.005093318766078367,0.00306165906781785,0.010831024863877846,-0.007654436252859227,0.003688452764530392,0.007358283372869374,0.002126073865594591,-0.0033056075222996483,-0.007081904658282314,-0.0023478423952629154,6.71595051003962e-07,0.006546138643026978,0.0052159641427774826,0.007259543831838624,0.0039699910443310085,-0.0009041736663179035,-0.00019553760902526248,-0.006844247987570756,0.004651107838697982,0.00396466488205393,-0.012720718847774586,-0.006348628996557111,-0.0034605675016877455,0.0005288748690190186,-0.0010395346825257754,0.014436285173620587,0.0032908138228024547,-0.0028079299404200845,0.0048513475120906015,0.001225170188262699,-0.026301248748134734,0.01945157235129185,0.00792549539460652,0.0035650344639117076,-0.0020415513398287354,-0.002483158425338153,-0.0023476913294032966,-0.002383603424691221,-0.0024323201314505483,-0.006933030141443299,0.0039546065041297035,0.005143694581423598,0.0023342086089652905,-0.009494737291718718,0.0032768170903879424,0.002469048267729146,-0.0029815108942423453,-0.0012998915901094358,0.006343069526564232,-0.003812041947045407,-0.006303756018386113,-0.007489201439153905,-0.007511615751428704,0.006758897988099734,-0.012130955242248328,-0.0063590355634903116,0.004909807895715119,-0.006338959947663515,0.000532201432482492,-0.003977009478741788,0.03671719405610022,-0.0007167969328130963,0.06585599789507403,0.0041591084034952415,-0.01562615683830131,-0.00878070120018669,-0.0037031216314967006,0.011074803945884639,0.007004651254723652,-0.010368261911378695,-0.005876377403475037,-0.00022100874196958557,0.0043874266267738314,0.004607144513022913,0.0019523128652096408,-0.011132155283380506,-0.02053585046188793,0.007154976740969079,0.0044346119268392735,-0.00983394324202495,-0.006821372619806576,-0.0034602903755259276,-0.003002891950798458,0.014505769635211465,-0.0018129126260728085,-0.006911523831941994,0.002075903818186697,-0.024595310435590774,0.010600468242462593,0.004612014118023871,0.0010505502181069144,0.006659411995237575,-0.0017229800252781557,-0.0016959909768502947,0.0007419478386379262,-0.007414528288014052,0.002294515917579237,-0.0045042198598522504,-0.014299885135674432,-0.0076911148599079614,-0.01781655135974612,0.015710200940581488,-0.004677225185431634,0.0028577545893802955,0.012893959481065038,-0.0010194359172055432,-0.0018101750878025385,-0.0003240093230849608,-0.007631583661802813,-0.0019028989504701038,-0.03660897514361788,-0.0044748727942416095,0.006680844665928495,0.00027496454586344813,0.013586456552331816,0.0033901447030673364,-0.00037428383852713965,0.014045843196139253,0.0016467205615502065,0.0021004277612236342,-0.005818689852894864,0.006262198818571067,0.004587172161417418,0.003749663238119141,0.0006849766374426884,-0.008014887071732545,-0.007446644910284685,-0.0006049622759781159,0.011375665819518804
approach0,h2,5,-0.0004753754741258,1001,950,0.34883781623340737,0.0018341712689543127,-0.001875841136203434,0.0063935980079980505,0.021764728127749246,0.017693724220838605,-0.008409738634690495,-0.0019138661772334607,0.0033137034073727166,0.015181302524461137,0.020204464627298552,0.005637918922552451,0.007325189174921334,0.0010319616590345384,0.00047368682576790985,0.012526415855150352,0.0035323986579847196,-0.00803093232601981,0.0072826152469752424,0.0048912961198892164,0.019993690445754577,0.006909128206726369,0.015219484139722857,0.007457545754417662,0.007149864738614148,0.009175028154827477,-0.0053746552980992015,0.013814654380158735,-0.0039670212806105455,0.0018874087357406977,-0.00802076113696973,0.00430126758324966,-0.0002787810011867383,0.007552020544719767,0.00792359168135471,0.014263250311789455,0.02695914792529444,0.0012099395990302895,0.00021134214708999014,0.02170397045577232,0.008276119292183744,0.011956622365402297,0.03006066325212005,0.0116236506923794,0.0035857502945772814,-0.009809906423077462,0.004802380519379172,0.011349949202106701,0.00018575728872719747,0.0001291458921517854,0.004202247787924544,0.011867360802961215,0.013625105745177083,0.011518684926421646,0.018535319316168107,0.007050478348633696,0.008425344696777345,0.00846286249766888,0.015054978281626104,-0.004643134400130847,-0.005605223406263127,0.005074518472650874,0.030160215711206573,0.007449778806993209,-0.00439988739619699,0.011849305665195448,0.016240104164459025,-0.002741411902702625,-0.0007390758414940126,0.012847333000789489,0.008238634217182985,0.016244896413125952,-0.06842674224781982,0.0028782722501089313,-0.02280607313584996,0.004577363971416929,0.03166827966556058,0.018476961139284195,0.013055692135716494,0.00700084379375966,-0.0022827789497836533,0.011128571313577312,0.010714825568425086,0.0035492769620651143,0.0005206934811468802,0.005974624065866328,0.005125508788358995,0.017818081100580932,0.030426336949914812,-0.008925340321310694,-0.0003846605347846508,0.026655874670814046,0.010448134702365226,0.008020971680527185,0.013455791448897646,-0.003015881417469007,0.015383788550330652,0.01378172856818798,0.002248695952672042,0.014144059778490863,0.00881784177220736,-0.0018027573260396453,3.399052125859815e-05,-0.002099809340642693,0.02166835892270669,-0.00820095201035094,0.001292049109929173,0.010218159772110305,-0.0018052275106652266,-0.004769674695600873,0.024870533624310874,0.0014516681878201283,0.010332415973637116,-0.01228826958933496,0.021500301085144287,0.017287017930780267,-0.0013911491448021767,-0.0060916552370471975,0.004867588693587938,0.02216077684501207,-0.0043773902358416415,0.007470298780473717,0.022019743713779422,0.018548102845452212,0.006160074304190473,0.0005629346939553205,0.010385355094526252,0.004755448623543863,0.01470761129150911,0.005156870420975221,0.0104370092158548,0.009855322268265727,0.010364670022931906,0.011599499984454477,0.012082955390319207,-0.001084211972464253,0.004880682402101176,0.01045889179989297,0.003608001269834085,0.007876624463577474,-0.006933628510443757
approach0,h2,25,-0.0003520443141032,1001,750,0.5807075786740159,0.011407599996051607,-0.007692240078340079,-0.022641040703677902,0.07993909785708213,0.010903076513606901,0.0015707143449251114,-0.013975213087972466,-0.011951471405186346,0.017390000333409553,0.02177955090461209,-0.007633688904370672,0.03067803743269772,-0.006370458137660479,-0.0020985684526638113,0.01194728958282043,-0.013882302339143587,0.004781215653347038,0.003230832246148733,0.010267056504506981,0.013472920834205574,-0.005693520313840399,0.005908496050348561,0.00665100514162221,-0.009754622097639241,0.007422348240752344,-0.00014091943197606926,0.011475406082541436,0.003379757364132453,0.00974316450316495,-0.0014508498547111236,-0.008585597647553088,0.008232328180556935,0.00940563596711465,0.01745594543883446,0.018941571227707524,0.029886771698190043,-0.01517351896977549,0.014040808113210837,0.0065896611919595525,0.009709608301073314,0.028350002082921134,0.03346345407637207,-0.0012951389846199823,-0.011229722399643781,-0.0011132922960189941,0.016297131492000357,-0.005338192285026367,-0.010964551182542536,-0.043700022227529334,0.006991814914684209,0.005683749654646731,0.01053748688480003,-0.005912376470559415,-0.0001715170369397251,0.00474042567662419,-0.00025330463587765325,-0.007366330715779235,0.02046997988694032,-0.009786407273599869,-0.019607569210382682,-0.00039240418722727086,0.05926132681155489,0.0015205781738622665,-0.012076511831212673,-0.0047990797009685796,0.014620950937209755,-0.0022403023090057424,-0.002623923456866529,0.0016427644016961916,0.023456295791601273,0.015701868391146328,-0.17193126971305797,-0.0024068085811069923,-0.08443877745099776,0.006120134972360961,0.12833249525339555,0.020635246720970026,0.011679814721426198,-0.009336340682757484,-0.005026853920382417,0.015737353191483727,-0.0007601009363185675,0.0038056135425538797,-0.008442435820697182,0.008738177158361261,0.003422706804612808,0.013989173227545317,0.05537217010044525,-0.038608986611505525,-0.009927930383799976,0.06870909484545466,0.019457523605074006,0.007816472689596985,0.010941888900406406,-0.05694101876751407,0.03758964730855434,0.028714700334939773,0.0196229176193019,0.016091901488921874,0.010928805673985457,-0.0025811850071579684,-0.03163325042880817,0.01390742616707271,0.007511250924075898,-0.024859145236028942,-0.007420121749877599,-0.0010955396982065546,0.00997495643872757,0.0165350885104597,0.07452175648949756,0.005387963789406983,0.015120416850655728,-0.00027844674598106675,0.022833975592881348,-0.007598744262176646,-0.029395526198195316,-0.022205314872226926,0.025829574974988792,0.006899159455649041,0.02224960271670315,0.019086065575329825,0.031342169032380546,0.029382114475805535,0.004273052703475451,-0.001690426778162224,0.030138369578665163,0.0005294746585135304,0.034009605268671396,0.012266495755540533,0.02548525861078401,0.03218891805728098,0.006562428467028896,0.00786787087760783,0.01652184503740684,-0.004775391061606866,-0.004142326292053862,0.009956396411614929,0.007581183628661476,-0.006292268953697047,-0.047002987033093246
approach0,h2,75,-0.0002129669881031,1001,250,0.5881469709792231,-0.020699396940931113,0.010185444763030009,-0.022810530780797464,0.07510012797358784,-0.01098796027110047,0.012047836203360515,-0.013187792203337356,-0.018948412731568096,-0.01673034228018076,0.01621334261717735,0.0021550296356286774,-0.005350224265739056,-0.006450173146480574,-0.028918461052110246,-0.004530722207099228,-0.018381106279255925,0.011761645618252208,-0.013040738122465857,-0.004926428647843987,-0.014761536645199674,0.00819736224953311,-0.023762078434789217,0.00021031563617469017,-0.013987523349292352,-0.025560748414322043,0.018724170027672897,-0.015265425191527661,0.006157773650288457,0.03021629419464581,-0.006313162222257021,-0.03335292491779437,0.002822771130588449,0.018727474423081723,0.03017972029860769,0.009307458753599469,0.013038689085150927,-0.013215145566916399,0.006126758780940046,-0.004997842338116013,-0.009050672700575283,0.0023548266783249335,0.015762909429995812,-0.0032872364546414103,-0.00865127882117069,0.013923343388279408,0.008286881844304914,-0.003333866538775321,-0.011893483712547078,-0.04562746336443199,0.022138345915462022,0.0007391192681360584,0.0034175412400800024,-0.00021641486772571578,0.003248175492189767,0.007003430560063327,-0.0017367678573782259,-0.0038361465864411998,0.0151624514963907,0.008156527686836076,-0.0039848791729657634,-0.0002724926417319827,0.036290770116033606,0.004405674423757187,0.005623507161646286,-0.0048696300827871485,0.018288480329983696,-0.006105619280672346,0.0005920974930497275,0.0038843446491610596,-0.0019533598952485003,0.027037484644708384,-0.1274280332858071,0.018114350371862525,-0.07921236069054652,0.01940176668809986,0.17573889617566746,0.01677390166761525,0.017458455297850423,-0.002428766735128658,-0.00605089200129124,0.021547392857993015,-0.002155208152249256,0.005613674438097123,-0.016125320526083422,0.008229000041304363,-0.007264388642823475,0.02565543028796584,0.05932230270961926,0.0010161467484639808,0.006106950216271537,0.06947904328316654,0.022584070923417444,-0.0036512922161418236,-0.005136745977975827,-0.07235980796586168,0.025138494478781692,0.01653309519187325,0.02454896135436963,0.02229143292271828,0.02680405878758269,0.02035788589264013,-0.04343121451442632,-0.005985584182044125,-0.016611906500731972,0.001130357470527258,0.011651394456534982,-0.026901917215990293,0.0010595104694550404,0.019504520468560542,0.05988513858969348,-0.003584982089918684,-0.005214560208746638,0.019676984866229603,0.045433559504262144,-0.019346810461632127,-0.03576305233970763,-0.014736668334211096,0.005748295005845869,0.009843388780771425,0.002145613757201143,-0.010538471578904314,0.03908213135509305,0.01902813357252739,0.004091988815291811,-0.0061706996670811785,0.020847940519150777,-0.03624665633888582,0.020679797027298854,-0.00010133863093137081,-0.01640725432018094,-0.013751135137582691,-0.007885451409789065,-0.00847343821755658,0.009293112527895706,-0.007041724565565219,0.0180541369280521,-0.011702761392114513,0.00048570425596499746,-0.003150423947026214,-0.06381511818285515
approach0,h2,95,-0.0001084209180652,1001,50,0.3533616399343842,-0.0032777011727651967,0.0009891497952809886,-0.0011432591363623248,0.015334477301239397,0.0029493376939627967,0.008953588875249423,0.0005329658984687311,0.0006096034604606186,-0.003327304160301239,0.01402687005411499,-0.003362962729546855,0.0031422638994880094,-0.001017831234314693,-0.01764821179752457,-0.009417958576047492,-0.010505721910496993,-0.001363577365762671,-0.005639206138523258,-0.001985407176758106,0.004080076150708431,-0.013241101876169482,-0.017006229357645158,0.00040946662216030747,-0.0017949973190747896,-0.0064524804623662235,-0.00033285799018432146,-0.006261705982850709,0.0072482579227807166,0.008887908947350299,0.0040126868238124945,-0.0022283780192572534,-0.005882053412620774,-0.011027863717620056,-0.006366645235719217,0.007696062257241806,0.005373830607608117,0.0033139252928115264,-0.010294120795218525,-0.0035339536543183845,0.009090273218468864,-0.004971906662717237,0.012295451008297681,-0.005630295687697578,0.0137858022155407,0.015591397253611765,0.016176926482043587,0.0015617200739654153,-0.012406776363102156,-0.007590484004043092,-0.007833341575773657,-0.0005024922191177597,0.0036669568600437253,-0.016310512335607943,0.007617148366408859,0.0035272893517576676,-0.011138350758366215,0.0037888962300242695,0.011018934154737082,0.0038318709418577613,0.009463644658839802,-0.01666183705407033,0.006658650027415041,-0.005457745448574639,-0.0074131309829784855,0.010930971678126462,0.007278057458561837,-0.008596672079223083,-0.0033785548020691105,-0.006449725350060484,-0.0019208296937871351,0.003366206751782286,-0.032967884905569324,-5.803347631320576e-05,-0.02551097777083595,0.009892606118513166,0.07754053384488757,0.005562814705901094,0.004389169752284231,0.007167919867404074,-0.006732686880215779,0.014258605790546497,-0.008384422319008792,0.005394918313356254,-0.014475223851681046,0.01046685480183181,-0.012803891920464775,0.004207000424139993,0.017890274212368454,0.003439232134834682,0.005206771835377583,0.02708465457784152,-0.012795495295061608,0.006474579917484286,0.002542780005106191,-0.018816297436683956,-0.0011807085330585293,-0.0026922327589436142,-0.0015827751109258863,-0.001000143243312746,0.009425591649614,0.005963790511027205,-0.014012252171556347,-0.003652154336290946,0.00222518242663686,0.011761832008831689,4.613632388560541e-05,-0.004831906527373519,-0.003941462815222332,0.007228935037379121,0.018191292220357775,0.0035738407663184328,-0.00399200639031593,0.0037953498967409393,0.016668007253163246,-0.009721682282555925,-0.014252454958390295,0.0025248189612139937,-0.0006744280796674787,0.011031416154146063,-0.002650048622384088,0.004793353895549787,0.011791405271467601,0.005443245618029511,-0.0008358313871448305,0.0001294186531243073,0.00999276968811001,-0.01202750154989819,0.005926203631930846,-0.0007003096147253241,-0.007667450948111694,-0.005329830375379622,0.015582049084609504,-0.003243797332090028,0.0009053664050762103,-0.009478273734769282,0.005793970846850803,-0.010576753012112493,-0.003733908387916398,0.005932567761245341,-0.020283024913004273
approach0,T_opt,5,9.423072089007947,1001,950,0.2861473625075932,0.021817863427709555,-0.009564668974307139,0.015448123481640126,0.01104005436149372,0.00548420591870619,0.0024043320522479233,0.00828826863689781,0.006730789160228404,0.023021846943236002,0.009538127321466396,0.01073542097209472,-0.0035892045456045957,0.022836633283641748,0.003918576331739372,0.018474359801072954,0.0025270267949473735,0.01663801402284612,0.006188015000402171,0.0069651659618203375,0.015355876484708547,0.002909220957949414,0.023199605869313543,0.0020049711599657177,-0.0009376558594580229,0.0069569105442026866,0.007171077617812402,0.0006844130015013588,0.003271715153205418,0.024110149116617467,-0.009345826858332643,-0.0025475186223145162,0.00851390814456266,-0.002849850203545748,0.018013105194160953,0.017624275206933826,0.011281282950216265,0.017834676461814133,0.0005279187740047878,-0.003222140414609196,0.017275717486812815,0.006854696468785705,-0.008496946559629721,0.011190766301124852,-0.0022553547823472506,-0.003526445406506814,0.009289106929117868,-0.002606364017612158,0.0005200634622902446,0.0028153417619127116,-0.007720466696683342,0.005059956316956238,0.005421924092531312,0.019646238984709033,0.015501944530417405,0.008286079011074624,0.012078638356315709,0.009390724486544304,0.011391996086684474,0.008262482449281735,0.01132498904134368,-0.026772845322420677,0.014673400385931436,0.005845052736360943,-0.0038478890750658513,0.008442938434175387,0.01090816368694291,0.0011964201860571867,0.010998291357897406,0.014543280726046402,0.010054042330066432,0.008770576788322562,-0.00754297891100735,0.00962540340193363,0.05182921568435109,0.018004861472306698,0.018517246201673904,0.013668062787886905,0.002042436866896924,0.017877624184730587,0.0035687173486653057,0.00027580651411833294,-0.005809669197469688,-0.0020306678847940136,-0.007927094538806042,-0.010332031555769953,-0.0011573195275135263,-0.03214327741359957,-0.0175880867458104,0.016746319411852412,-0.002658724967360082,0.005854493859477679,0.005171051822657726,0.0076271956354571555,0.0035483801769497537,0.012046539582716656,0.009730524896781298,-0.0024406026076642055,0.014597865112687805,0.02057850914957741,-0.004250980352967248,0.003971318584570335,0.012160437002717805,0.011742693741540727,0.008086755014398338,0.011947557873202116,0.01686053689090546,0.03144633751251204,0.0003546060625768048,0.009251932244629803,0.0029125948987792673,0.007577142460551544,0.006229874938080844,0.02111648732836087,0.01288609154870387,-0.0037675509599180493,-0.0007483567373220328,0.0028665184148002365,0.0031989696395467873,-0.008180264060445986,0.006519967991522647,0.01017054580901252,-0.005715256925061056,0.009463452566012949,0.010057502683583864,-0.012940123766831265,0.01971764392214269,0.01473680364187927,0.022695051098227288,-0.0010635784427914532,0.013103859677332012,-0.001690565054477386,-0.0008119515409535597,0.0092617708179247,0.009495701663466468,0.00945666540865904,0.013298040199722813,-0.003843664555825248,0.0030102322851975616,0.008687000837755835,0.017494790998618608
approach0,T_opt,25,12.213759840269176,1001,750,0.5362001181946866,0.0655403508683299,-0.01621563290861887,0.0369490766536593,0.034741093905394045,0.016181127891199614,0.011024285767043243,0.012176834316177127,-0.007872102233335794,0.040532616149496846,0.002753388412045924,0.02857114284296501,0.008965344863167616,0.026707280386220136,0.014217597254908346,0.003211232218641561,-0.010293657292855196,0.026667021669826405,-0.005703740273093432,-0.022310769186495542,0.02757132803764839,0.0006090455412674778,0.025055676950414496,-0.020168284408918866,-0.0021509027714120867,0.006288475757191395,0.013567136323193438,0.017679642472130625,0.0053851912446904425,0.009308181284230305,-0.006575024899456168,-0.013871191534722598,-0.0032225013695382325,0.00878161541668948,0.016082748599047528,-0.0011882592642625273,0.034288580331456146,0.01860472788097231,-0.0004102037751205776,0.0006508011795792398,0.044404316579943676,0.03812632226594015,-0.03710089086760339,0.030061511497854174,-0.011720300259491577,-0.0004159621396166886,0.00980406068394648,-0.017353533685158302,-0.014577608292802814,-0.011320408169096352,-0.027620136082674804,-0.006506978187934193,0.02024996543756096,0.027105906927994312,0.009120569113288336,0.003857599282784417,0.023918186710534473,0.012250284388792814,0.022092424080236144,-0.000976645999483619,0.020658677705971185,-0.07981800088046156,0.03245708874267296,0.029797234108479984,-0.024432257812234834,-0.001161826654078538,0.00012162245286543097,-0.020679433147955544,0.026708083149469087,0.015357644945741818,0.0017001599385623838,-0.00030072329526604005,-0.0945266769740898,0.006642751008373391,0.15988015727296395,0.03794624921446687,0.11937102963833462,0.01491466270835358,-0.0028996205149679037,0.022139991831325225,-0.005149740957771766,0.012567603748192168,0.021202527951092738,-0.0013749040046732537,-0.010566563210649652,-0.015537700059450703,-0.025853024020675394,-0.07068946135764269,-0.03354233032161941,0.01863617770836625,4.765095104249453e-05,0.02625308475143653,0.012604224459666982,0.004126980186067896,0.012041221731077235,-0.005233294715477503,0.03851945173969099,-0.021507782523506703,0.021133700046560802,-0.00316003230730939,-0.003699760899818603,0.005207011888981598,-0.011024975068569183,0.006299373361486025,0.0013906114383065143,0.010818499848230783,-0.002484457615606404,0.04562753172215479,0.01532293228770772,0.003930840188426543,0.009133666289700476,0.015229219477066973,0.004839088072923379,0.0290226057500468,0.018071937305328384,-0.015155702683644738,-0.00719606208062399,0.008139013865914129,0.009629075800885845,-0.014555823042699359,-0.020489184728912833,0.008331549000620126,-0.029745241479594012,-0.001288990918431411,-0.0016396909616472957,-0.05953311927581585,0.003564500427777421,-0.008169821861528287,0.021219257303950308,-0.01290007176276006,-0.017109466639754527,0.005630014813445242,-0.004518476675319016,0.011970211560670373,0.029842370366393263,0.0003706475321372006,-0.004167909580300545,-0.008545448226205524,-0.01944356460862032,0.009655476292583398,-0.029455237841848322
approach0,T_opt,75,16.932061858345556,1001,250,0.6037608064807767,0.01904129296331376,0.003607805541666169,0.04363724074072818,0.03026214698015941,-0.010064678351774926,0.021050772228310203,0.012171932130447389,0.004013649578192557,0.010116882860736007,0.018664768374086163,0.016894761041688675,0.007555472067078857,0.020021094101626474,-0.031048926984546237,-0.004084451601400273,0.006509197183542446,0.0035865434063912785,-0.014011836389360084,-0.00866166706677091,0.015285020460392033,0.0029426679916829852,0.026062576417532818,-0.01420484386225172,0.003030977121813912,-0.006586176896848546,0.03386171411531097,0.0031471168658933823,0.003601808296333487,0.0033496814966127754,-7.768210863137726e-06,-0.028804197746092206,0.0016563818909750543,-0.007497209557943727,0.022734972068720848,0.0022524057238643706,0.01888330767921751,-0.01228158994638045,-0.011370751888940933,0.007898948592093984,0.009018180470802103,0.021596910737180758,-0.015783598962106148,0.008509270264096185,-0.033688507340010304,0.004580022625833,0.03101285905138966,0.0015640079651853033,-0.037839614389460596,-0.011356138538079437,-0.02524995666558799,-0.008538888583083784,0.011646582652985793,-0.003816822213194,0.0009736105394359193,-0.01240437846281681,-0.0048776384570618,-0.004236347446843388,0.0019567237575105383,0.01819276804109614,0.018618492424296442,-0.07546471725751953,0.05060100677232639,0.004015139817475951,-0.018480899129983814,0.003974190363282778,0.0013188196916319988,-0.03868999328220331,-0.004615923140483865,0.0037057448962643817,0.020465982947145307,0.003818240082368106,-0.1111201141229044,0.001332326201795124,0.11089439696904901,0.021685544235123387,0.1838667458446002,0.0197903279207072,-0.0012502476935684,-0.018374051366948117,-0.021294121356953827,0.014082005393581285,-0.003368315172098957,0.0005682608687885872,-0.016328773367196934,-0.004843982039343256,-0.03306303820074816,-0.032565646162138334,-0.023888390224700504,-0.017935456845286517,0.025385922546166034,0.05891507462208559,0.0250668043105687,0.009553324509194258,0.009130843258625749,-0.0482387326107063,0.007243524265207281,0.006348326151611438,0.004543543225386858,0.007553459995979898,0.006203154314485974,0.01308738838802531,-0.023608884322807715,0.002635977045792227,0.009419544620014285,-0.009465517958871334,-0.014067075031417013,0.022329032083657656,0.009762616472764923,0.013755503593395179,0.02156369273146668,0.02644728376476487,0.007313462617446448,0.027054209935252004,-0.018528658427755248,-0.029685959567233237,-0.025066641685589287,-0.03793227090909902,-0.0023759493184991286,0.018868307743366047,-0.034834086719829675,0.012798025145479425,-0.024574609915673153,0.021897218724499817,0.007847451387934435,-0.05411073954010512,-0.003169858110675036,-0.031250777080034375,0.0271621393294146,-0.011762588946457467,-0.010448546583356304,-0.0010309682562119858,0.018605655096114893,0.027408500374578693,0.03240926169995678,0.01929216580022524,0.009249150944497561,-0.011536101104988518,0.00908177188878912,-0.015672141600413195,-0.05681742500380005
approach0,T_opt,95,26.19642366402756,1001,50,0.3462634477604897,0.0018162433902873141,0.006770833873464395,0.010020009446202172,0.006095187015666166,-0.005934649458289359,0.0024001739555650423,0.0005093076267982367,0.011107703439891072,-0.004450126931098069,0.004883888872773946,0.004520684474027734,0.0005430536128963014,-0.005209331467523684,-0.01581363168795318,-0.006776881477124765,-0.0004291845337911237,-0.004128233007642126,-0.006206261118251624,0.0018141309175163638,-0.00597174645983058,-0.007419266910811994,-0.006391475970463627,-0.005784885583865288,-0.004004629065578451,0.0011096744011685027,0.00633144980006878,-0.013841899724636626,0.005168524370692073,0.0033791660493034384,-0.010638182227409252,-0.0041328709539502385,-0.001520533086798116,-0.004525178680534339,-0.009122826800714691,0.0007290294088709666,0.002107677439093767,0.0037017135479340225,-0.005885493352103829,-0.0010999813811310424,0.0025383871941003066,-0.005508259046106628,0.012498132013404571,-0.0015854665792996766,-0.0004291801043034508,-0.002786136860075647,0.012282691702843268,0.0030970893771566426,-0.009202919745946593,-0.006529506761818002,-0.0017972627254698257,0.008186198413038099,0.005600783178809446,-0.0022123023118099,-0.0020337713358753564,0.012716595192461887,-0.002938780609725917,0.004152009876896349,0.007432861793567597,0.0022366342917899355,0.0066702581771781256,-0.009449693914851254,0.006168203610880425,-0.0008698127572219633,0.0073149853020397,-0.0018712525168844648,0.01086135927282083,-0.01068923791164995,0.0008728903261068137,-0.0013360208539471485,0.00011241998937220471,-0.006498728677696058,-0.03266051208796575,-0.0007663512823304778,0.0013411290646183516,0.011191600403280405,0.09138773366608288,0.0029061958493001964,0.008750038058199464,0.0044425191787557505,-0.01368137485283908,0.008815600894335028,-0.00835728253146172,0.0010065042405442391,-0.0044356222365315705,0.0070706441621141885,-0.01318635644801178,-0.00627084944551887,-0.002112369450793404,0.0010289261975031765,0.0036405543041381863,0.026393451880575094,0.0028361523924252544,0.010621919995015463,0.001452744165337255,-0.018845644203932838,0.004437606917140003,-0.0035352556799074495,0.0006735883264646263,0.010131815432851153,0.0070507710214335545,-0.001072392533394361,-0.01928567209486523,0.008586587866087268,0.0034267754787932116,0.005217423118801966,-0.01468381895533533,-0.0009691759296644432,0.001206200482771922,0.014436155065983081,0.016159364639418156,-0.000892966514242784,-0.004967678065149136,0.0139750647706453,0.010891895220947731,-0.008126392864716359,-0.008939221650009481,-0.0013223803884000159,-0.010438425566742175,-0.0008524719001796778,-0.000704882961723484,0.005259770992827375,0.0044924023844209885,0.0027475426421211726,0.004476631024567607,-0.009490997475964791,0.0008767790908679224,-0.0047488081015637255,0.003234320591816863,-0.004997704634734562,-0.004960160686748963,-0.005938924231154649,0.006334788657255967,0.00026819206632019976,0.009385786007832558,-0.008299906626679612,0.0026441338008650083,-0.00807555160018113,-0.0043864390474674005,0.003176550793299768,-0.019696911856212057
approach0h0,h1,5,0.0,1001,0,0.0,0.0,0.0,0.0,0.0,0.0,0.0,0.0,0.0,0.0,0.0,0.0,0.0,0.0,0.0,0.0,0.0,0.0,0.0,0.0,0.0,0.0,0.0,0.0,0.0,0.0,0.0,0.0,0.0,0.0,0.0,0.0,0.0,0.0,0.0,0.0,0.0,0.0,0.0,0.0,0.0,0.0,0.0,0.0,0.0,0.0,0.0,0.0,0.0,0.0,0.0,0.0,0.0,0.0,0.0,0.0,0.0,0.0,0.0,0.0,0.0,0.0,0.0,0.0,0.0,0.0,0.0,0.0,0.0,0.0,0.0,0.0,0.0,0.0,0.0,0.0,0.0,0.0,0.0,0.0,0.0,0.0,0.0,0.0,0.0,0.0,0.0,0.0,0.0,0.0,0.0,0.0,0.0,0.0,0.0,0.0,0.0,0.0,0.0,0.0,0.0,0.0,0.0,0.0,0.0,0.0,0.0,0.0,0.0,0.0,0.0,0.0,0.0,0.0,0.0,0.0,0.0,0.0,0.0,0.0,0.0,0.0,0.0,0.0,0.0,0.0,0.0,0.0,0.0,0.0,0.0,0.0,0.0,0.0,0.0,0.0,0.0,0.0,0.0,0.0,0.0
approach0h0,h1,25,0.0,1001,0,0.0,0.0,0.0,0.0,0.0,0.0,0.0,0.0,0.0,0.0,0.0,0.0,0.0,0.0,0.0,0.0,0.0,0.0,0.0,0.0,0.0,0.0,0.0,0.0,0.0,0.0,0.0,0.0,0.0,0.0,0.0,0.0,0.0,0.0,0.0,0.0,0.0,0.0,0.0,0.0,0.0,0.0,0.0,0.0,0.0,0.0,0.0,0.0,0.0,0.0,0.0,0.0,0.0,0.0,0.0,0.0,0.0,0.0,0.0,0.0,0.0,0.0,0.0,0.0,0.0,0.0,0.0,0.0,0.0,0.0,0.0,0.0,0.0,0.0,0.0,0.0,0.0,0.0,0.0,0.0,0.0,0.0,0.0,0.0,0.0,0.0,0.0,0.0,0.0,0.0,0.0,0.0,0.0,0.0,0.0,0.0,0.0,0.0,0.0,0.0,0.0,0.0,0.0,0.0,0.0,0.0,0.0,0.0,0.0,0.0,0.0,0.0,0.0,0.0,0.0,0.0,0.0,0.0,0.0,0.0,0.0,0.0,0.0,0.0,0.0,0.0,0.0,0.0,0.0,0.0,0.0,0.0,0.0,0.0,0.0,0.0,0.0,0.0,0.0,0.0,0.0
approach0h0,h1,75,0.0,1001,0,0.0,0.0,0.0,0.0,0.0,0.0,0.0,0.0,0.0,0.0,0.0,0.0,0.0,0.0,0.0,0.0,0.0,0.0,0.0,0.0,0.0,0.0,0.0,0.0,0.0,0.0,0.0,0.0,0.0,0.0,0.0,0.0,0.0,0.0,0.0,0.0,0.0,0.0,0.0,0.0,0.0,0.0,0.0,0.0,0.0,0.0,0.0,0.0,0.0,0.0,0.0,0.0,0.0,0.0,0.0,0.0,0.0,0.0,0.0,0.0,0.0,0.0,0.0,0.0,0.0,0.0,0.0,0.0,0.0,0.0,0.0,0.0,0.0,0.0,0.0,0.0,0.0,0.0,0.0,0.0,0.0,0.0,0.0,0.0,0.0,0.0,0.0,0.0,0.0,0.0,0.0,0.0,0.0,0.0,0.0,0.0,0.0,0.0,0.0,0.0,0.0,0.0,0.0,0.0,0.0,0.0,0.0,0.0,0.0,0.0,0.0,0.0,0.0,0.0,0.0,0.0,0.0,0.0,0.0,0.0,0.0,0.0,0.0,0.0,0.0,0.0,0.0,0.0,0.0,0.0,0.0,0.0,0.0,0.0,0.0,0.0,0.0,0.0,0.0,0.0,0.0
approach0h0,h1,95,0.0,1001,0,0.0,0.0,0.0,0.0,0.0,0.0,0.0,0.0,0.0,0.0,0.0,0.0,0.0,0.0,0.0,0.0,0.0,0.0,0.0,0.0,0.0,0.0,0.0,0.0,0.0,0.0,0.0,0.0,0.0,0.0,0.0,0.0,0.0,0.0,0.0,0.0,0.0,0.0,0.0,0.0,0.0,0.0,0.0,0.0,0.0,0.0,0.0,0.0,0.0,0.0,0.0,0.0,0.0,0.0,0.0,0.0,0.0,0.0,0.0,0.0,0.0,0.0,0.0,0.0,0.0,0.0,0.0,0.0,0.0,0.0,0.0,0.0,0.0,0.0,0.0,0.0,0.0,0.0,0.0,0.0,0.0,0.0,0.0,0.0,0.0,0.0,0.0,0.0,0.0,0.0,0.0,0.0,0.0,0.0,0.0,0.0,0.0,0.0,0.0,0.0,0.0,0.0,0.0,0.0,0.0,0.0,0.0,0.0,0.0,0.0,0.0,0.0,0.0,0.0,0.0,0.0,0.0,0.0,0.0,0.0,0.0,0.0,0.0,0.0,0.0,0.0,0.0,0.0,0.0,0.0,0.0,0.0,0.0,0.0,0.0,0.0,0.0,0.0,0.0,0.0,0.0
approach0h0,h2,5,0.0,1001,0,0.0,0.0,0.0,0.0,0.0,0.0,0.0,0.0,0.0,0.0,0.0,0.0,0.0,0.0,0.0,0.0,0.0,0.0,0.0,0.0,0.0,0.0,0.0,0.0,0.0,0.0,0.0,0.0,0.0,0.0,0.0,0.0,0.0,0.0,0.0,0.0,0.0,0.0,0.0,0.0,0.0,0.0,0.0,0.0,0.0,0.0,0.0,0.0,0.0,0.0,0.0,0.0,0.0,0.0,0.0,0.0,0.0,0.0,0.0,0.0,0.0,0.0,0.0,0.0,0.0,0.0,0.0,0.0,0.0,0.0,0.0,0.0,0.0,0.0,0.0,0.0,0.0,0.0,0.0,0.0,0.0,0.0,0.0,0.0,0.0,0.0,0.0,0.0,0.0,0.0,0.0,0.0,0.0,0.0,0.0,0.0,0.0,0.0,0.0,0.0,0.0,0.0,0.0,0.0,0.0,0.0,0.0,0.0,0.0,0.0,0.0,0.0,0.0,0.0,0.0,0.0,0.0,0.0,0.0,0.0,0.0,0.0,0.0,0.0,0.0,0.0,0.0,0.0,0.0,0.0,0.0,0.0,0.0,0.0,0.0,0.0,0.0,0.0,0.0,0.0,0.0
approach0h0,h2,25,0.0,1001,0,0.0,0.0,0.0,0.0,0.0,0.0,0.0,0.0,0.0,0.0,0.0,0.0,0.0,0.0,0.0,0.0,0.0,0.0,0.0,0.0,0.0,0.0,0.0,0.0,0.0,0.0,0.0,0.0,0.0,0.0,0.0,0.0,0.0,0.0,0.0,0.0,0.0,0.0,0.0,0.0,0.0,0.0,0.0,0.0,0.0,0.0,0.0,0.0,0.0,0.0,0.0,0.0,0.0,0.0,0.0,0.0,0.0,0.0,0.0,0.0,0.0,0.0,0.0,0.0,0.0,0.0,0.0,0.0,0.0,0.0,0.0,0.0,0.0,0.0,0.0,0.0,0.0,0.0,0.0,0.0,0.0,0.0,0.0,0.0,0.0,0.0,0.0,0.0,0.0,0.0,0.0,0.0,0.0,0.0,0.0,0.0,0.0,0.0,0.0,0.0,0.0,0.0,0.0,0.0,0.0,0.0,0.0,0.0,0.0,0.0,0.0,0.0,0.0,0.0,0.0,0.0,0.0,0.0,0.0,0.0,0.0,0.0,0.0,0.0,0.0,0.0,0.0,0.0,0.0,0.0,0.0,0.0,0.0,0.0,0.0,0.0,0.0,0.0,0.0,0.0,0.0
approach0h0,h2,75,0.0,1001,0,0.0,0.0,0.0,0.0,0.0,0.0,0.0,0.0,0.0,0.0,0.0,0.0,0.0,0.0,0.0,0.0,0.0,0.0,0.0,0.0,0.0,0.0,0.0,0.0,0.0,0.0,0.0,0.0,0.0,0.0,0.0,0.0,0.0,0.0,0.0,0.0,0.0,0.0,0.0,0.0,0.0,0.0,0.0,0.0,0.0,0.0,0.0,0.0,0.0,0.0,0.0,0.0,0.0,0.0,0.0,0.0,0.0,0.0,0.0,0.0,0.0,0.0,0.0,0.0,0.0,0.0,0.0,0.0,0.0,0.0,0.0,0.0,0.0,0.0,0.0,0.0,0.0,0.0,0.0,0.0,0.0,0.0,0.0,0.0,0.0,0.0,0.0,0.0,0.0,0.0,0.0,0.0,0.0,0.0,0.0,0.0,0.0,0.0,0.0,0.0,0.0,0.0,0.0,0.0,0.0,0.0,0.0,0.0,0.0,0.0,0.0,0.0,0.0,0.0,0.0,0.0,0.0,0.0,0.0,0.0,0.0,0.0,0.0,0.0,0.0,0.0,0.0,0.0,0.0,0.0,0.0,0.0,0.0,0.0,0.0,0.0,0.0,0.0,0.0,0.0,0.0
approach0h0,h2,95,0.0,1001,0,0.0,0.0,0.0,0.0,0.0,0.0,0.0,0.0,0.0,0.0,0.0,0.0,0.0,0.0,0.0,0.0,0.0,0.0,0.0,0.0,0.0,0.0,0.0,0.0,0.0,0.0,0.0,0.0,0.0,0.0,0.0,0.0,0.0,0.0,0.0,0.0,0.0,0.0,0.0,0.0,0.0,0.0,0.0,0.0,0.0,0.0,0.0,0.0,0.0,0.0,0.0,0.0,0.0,0.0,0.0,0.0,0.0,0.0,0.0,0.0,0.0,0.0,0.0,0.0,0.0,0.0,0.0,0.0,0.0,0.0,0.0,0.0,0.0,0.0,0.0,0.0,0.0,0.0,0.0,0.0,0.0,0.0,0.0,0.0,0.0,0.0,0.0,0.0,0.0,0.0,0.0,0.0,0.0,0.0,0.0,0.0,0.0,0.0,0.0,0.0,0.0,0.0,0.0,0.0,0.0,0.0,0.0,0.0,0.0,0.0,0.0,0.0,0.0,0.0,0.0,0.0,0.0,0.0,0.0,0.0,0.0,0.0,0.0,0.0,0.0,0.0,0.0,0.0,0.0,0.0,0.0,0.0,0.0,0.0,0.0,0.0,0.0,0.0,0.0,0.0,0.0
approach1,h1,5,0.0031688738192917,1001,950,0.32021950843602276,0.022039148982446605,0.008802426342942706,0.02870995009908274,-0.024918571844609317,0.010516733663877795,-0.008704444054126844,0.008425460983395881,0.017291037500254475,0.0220465453449496,-0.0031346148998769438,0.006707712828032144,0.004362494406961365,0.0032108084188244845,0.0045157777405058575,0.024514702053815667,0.010338510033213382,0.006004283574314227,0.006311052007870533,0.015046310921805781,0.027686282984039277,0.013384615253584633,0.01868688344799342,0.009492814071297708,0.010469327390066993,0.012161972168141024,-0.0016683983099017065,0.007844376285124952,0.00588787258493529,0.000138306659886611,-0.014356013995999704,3.5606581537237295e-05,0.005426623503718475,0.005802614441534311,0.00432129785003515,0.009356672003913364,0.010957435305255172,0.010581143603043928,0.005383715364851498,0.008296837583762238,0.01317030867228809,-0.006354548605349236,-0.006534653027504399,0.015504358890311093,0.005249245787608603,-0.009447029708818793,-0.0032126364397842702,0.0023042262051055414,0.017764047514503643,0.014106683418701,-0.004661665215787757,0.010392204521249487,0.009070791434780118,0.01491688430376244,0.005346897497848767,-0.005305943325969655,0.01777588915889046,0.006752277620521423,-0.004479818723017545,-0.0019006173248495538,0.009225445981722851,-0.014615762778016154,0.0009381928801269982,0.016428010067726154,0.010857159872262715,0.018240485432811038,0.0025377039366616845,0.002341141878882953,0.007633218403525253,0.01868140680700938,0.007155389656037417,-0.0015312796948952793,0.021521851292808876,-0.0005924214997541843,0.055421230632895405,0.0013367725155705086,-0.0029738622014412884,0.006600479110830643,0.0041426506390455095,0.011636379256717153,0.006128293784494518,0.005890394650088997,-0.0040885701936873055,0.01689727514630661,0.01324524393125509,-0.008627980734459815,0.0006775511393930607,-0.017974021467342654,-0.011908609603953665,0.013130515948562033,0.0046702650224695,-0.012260864503147999,0.011439840258383249,0.0072219392539124225,0.004553023798794808,0.022766347121448434,0.0035286876053341053,-0.005648783011818157,0.010214603789622568,0.01577180620115318,-0.003342500793650019,0.010097588523698773,0.015720169114183953,0.010454921243076811,0.008006763705041891,0.0018895906087731135,0.009213120846421306,0.027304258923634767,-0.0011378864399289972,0.0017471278422413177,-0.006358499057666268,0.018733098190003596,0.01565257282792573,0.010526478532247412,-0.000591556968143417,-0.0006417240098484413,0.013820788042987333,0.016792585331217073,0.007737388320745249,0.004490712847428736,-0.010498590287764238,0.025179212110945745,-0.006706779826751722,-0.004013821818095401,0.008766471413010908,-0.014746602441498563,-0.007950543671993573,0.018442449087452344,-0.01022251927529183,0.0032032243522333746,0.012474370602080303,0.017222837292336375,0.0005904200083814799,0.014875034847131137,0.010460830047468289,0.0005210589861566854,0.0013572842534050333,0.014297450764836201,0.02272426154258516,0.0025999476202489304,0.029504555631778652
approach1,h1,25,0.0051375657958493,1001,750,0.5883588648454614,0.05861712785096217,0.003703672539278986,0.06205268265460342,-0.058176639239868454,0.0011727232143139907,-0.012284220339980452,0.011126408022103358,0.027691447432963215,0.02009352510428638,0.007200564586387103,0.037088144312092966,0.009543628318644547,0.04657398548828194,0.008099532650624238,-0.0010399203779444047,0.011723643256161015,0.014349989729074492,-0.0029591042888714725,0.0026768028908227817,0.03366241336200415,0.01110538947183505,0.04998538399572605,-0.028053491867649546,0.02922112763381313,0.03508821705168442,0.030429550269406424,-0.0030668618096244583,0.0016132427863701,-0.017710006990250354,-0.018326298405637344,0.003050414040321329,-0.01035589823269684,-0.008132386626785445,-0.006724418012903326,-0.015557025631861503,-0.001807226989280715,0.008932995699701135,-0.0033479676945393326,0.006867209476216328,0.02562608849883634,0.011028798413889436,-0.030869085609001347,0.017418812961422673,-0.005277810329222778,-0.024291690083777975,0.002273116696705284,0.018013489239495417,0.006500994610395349,0.031127439249872036,-0.027808760915738105,-0.004673858267823769,-0.0003961986977959655,0.03403612167924862,0.00585534471213655,0.012069847861197604,0.020543060890180927,0.015944913230410085,0.012323950403871964,-0.013450312056675334,0.020353953752204224,-0.04726410122185715,-0.007902088998864444,0.022651672718617854,-0.002741171426482637,0.030712191275197746,0.0008982932859862933,-0.01993998254493331,0.02069526159804622,0.010116440342633337,-0.014363856254871021,-0.01813686340964961,0.05788203574854427,0.01399395920947952,0.17024463524599012,0.03104253302802638,-0.030750172216655866,0.014968260643995361,-0.026373958345735884,0.009923223700062439,-0.001319493358042028,-0.0040615568008429415,0.021053561732962623,-0.005610000340066527,-0.008354977701176785,-0.003309849972261138,-0.007951661757618637,-0.0734924003438912,-0.09703332986913595,0.018252591369322224,0.006577780742814343,-0.027510671790988428,0.014120475419318775,0.016560185678774996,0.017105437831624107,0.04488134922564632,-0.0098574865456841,-0.02414115289018216,0.009889156487269096,0.006204784178333714,0.005239957328349448,-0.004537675306562825,0.02802955040277289,0.015331013351132516,0.014211385347008741,0.029240613234873727,-0.004249349896435748,0.06809800554656469,0.007746131428977482,-0.01031106162164799,-0.048902535881927035,0.021174125808984916,0.043808316309168836,0.04570361239940458,-0.020978794403307847,-0.01366836025644182,0.01260043012393609,0.020018154400339876,-0.011334808447133561,0.0057523343944148805,-0.011032463539336918,0.01865281095500235,-0.062369095011005654,-0.015463320286191469,0.008286461771589383,-0.03205027432346705,-0.030987932351848567,0.02927850677734304,-0.02969495603574512,-0.015777334614821885,-0.01714204517973831,-0.0018089993105112022,-0.021954953022434498,0.013781358128540758,0.024793071630588935,0.017121691957380905,0.012238100414368066,0.014440465666945353,0.01597085367055114,0.004349692289898458,0.03852257132153486
approach1,h1,75,0.0080731428748819,1001,250,0.5887196065172914,0.039782733580436394,0.016188430547353104,0.062170784034897314,-0.03488741351902595,0.017895266955237556,0.017332553305175406,0.021015798307552902,0.0033498894712162483,0.006967413419056469,-0.005903971353331969,0.014256810613351505,0.0020582419344018534,-0.005729682567247417,0.018963766023086085,-0.004440301388104889,0.02909109333560718,0.016392390578964064,-0.005734691857819764,-0.019820296898876905,0.01987784357118176,-0.00990430666513602,0.03954407580755595,-0.007982907611501482,0.02410304500422544,-0.014127377366188621,-0.00809518728298489,0.008558383115045998,-0.014536530209494539,0.013121825209917623,0.03481093306313294,0.016897594084318117,-0.01000115197765452,-0.00086240124717316,0.007276823013501441,-0.022372615097796297,-0.01209600866659321,0.009845319450414933,0.013478660466953923,0.0028807137032522967,0.017480605636231602,0.005300013854297799,-0.07228369752874854,0.009248532673460937,-0.01633583467201219,-0.013277432498451161,0.010875397635569526,-2.863571160078779e-05,0.019987661815638824,0.03518819849320007,-0.022728694352570328,0.008170591471073182,-0.0071846684306209095,0.011587106435207682,0.006314806346864089,-0.012052833580953486,-0.004698485255427131,0.018416287034892332,0.0013706082243493418,0.004125817603721664,0.03363546666715608,-0.06471925018872106,-0.016311649111680347,0.0016282783502166946,0.00790489911126022,0.0011379958106140162,-0.00251683536015717,0.006152193208298715,0.02567474782319099,0.0003409896278844249,9.153237469090164e-05,-0.01992664354230838,0.08739516923614057,-0.008841480377415452,0.21073988125475712,-0.0047416706945694505,-0.009434793903691919,0.003834970118217332,-0.016900629487163466,-0.005312730093044778,-0.007468484005067777,-0.00691442068516325,0.009024044881908888,0.0008096414631955096,0.007670332210639886,-0.024015098517110006,-0.027089847641047386,-0.05340360343483399,-0.07199221931504254,0.030532464636358687,0.0005203613010943148,-0.03153319914144351,0.00849790707649083,0.010040427467614445,0.017878976780530728,0.03707747591788437,-0.026851523867065883,-0.021705168276053996,-0.007329627704101866,-0.030476309321153174,-0.00756976413405153,-0.019341244695330734,0.014989664269334697,0.015654732501450344,0.01973996622732689,0.022926436709880756,0.00047127860837385335,0.026552656384215903,0.030126438260130117,-0.004321327112967689,-0.043299206678019106,-0.0035672897995607175,-0.008238381813408469,0.023903559892519955,-0.029122610916406656,0.011482185369782004,0.010898121561021103,0.019226769620331104,-0.013656345805963498,-0.027235995905890507,-0.003987212203020823,-0.016416449737267916,-0.06322360651566271,-0.011251264217176735,0.015800887758398035,-0.046016401116248204,-0.00810003484759463,-0.010309892800312597,0.008884806875390958,0.007055548908943948,-0.01749610888170289,-0.005589976378577408,-0.0028637238293982605,0.012844964768502536,0.0002259017587827308,0.009614271463138008,0.008259696114983051,0.0029092211925469983,-0.014489238345117044,0.00580592187475381,0.012512681673198441
approach1,h1,95,0.0105750398744648,1001,50,0.33939384896970737,0.017477306100309283,0.018402272194460875,0.016900175220278705,-0.012881549836272165,0.0010547667685069798,0.010655099325657561,-0.00013449821917963043,0.002989379443233425,-0.008755378374453645,-0.0048119702650531535,-0.0020363003014881335,0.0065319454957396585,-0.0019856119311322876,-0.0011141848162409072,-0.007536116720019411,0.00015117917424438757,0.00832643212232599,0.006109839467825611,-0.006669072414481168,-0.0035385645584985774,-0.0015701692800291645,0.006757232809922755,0.0044696640060150426,0.006129434782664427,0.005187414677888303,0.0032797885513268744,0.0004967713728081496,-0.00023072278236241882,-0.0037756332110387473,0.004734082562317778,0.005192210946464514,-0.013387991145736905,-0.003201858299359114,0.003014118017803547,-0.003923999533061966,-0.001875048283079806,0.019390352339284878,0.007509170424479045,-0.003906364208634821,0.008753465713101566,-0.0009194979690446544,-0.025279226447196053,0.01657691442970283,0.002523175008861003,0.0025415376149964266,-0.001076774292563391,0.0005655990388301925,0.00019043248383243542,0.0010930436823781255,-0.004503515139482734,0.0007209208637750418,0.0037864288398142248,0.005609548057551517,0.000843128944889901,-0.00962979310113177,0.0038978568503051664,-0.0004340698493541734,-0.0006570728920630401,0.011074184956524985,0.0025934392010552292,-0.005610178062582891,-0.011825434378190596,-0.001808651861438821,-0.00610699121559681,0.006068342313127687,-0.006835876290470709,-0.003416974135428191,0.008793336186091212,0.0014743611061813246,0.008307504208056302,-0.006883446255598584,0.03447326404705834,-0.005035278903546743,0.0741857896648075,0.005963118888455138,-0.002797809821228691,-0.007971848205539929,-0.004692763615469333,0.0026098712147584833,0.0026389776836927012,-0.007257115362986262,-0.005152291563268982,-0.004454917992332738,0.002935763599245816,0.0017464984992471278,-0.004002680037324,-0.015678486796793612,-0.01657559620412833,0.007951269911225392,-0.0017087723939392821,-0.008757355958208868,-0.0018770616110497804,-0.001929552772705291,-0.004815704154476607,0.010500007326848509,-0.0004354437131036579,0.0001501282977403413,0.0015765127516545012,-0.024843159030096637,0.008110108246020873,0.0037674231387901957,0.0004694862376665174,0.009683953531470028,-0.009007940235735546,-0.001767914331574238,-0.008514439019623718,-0.00798921109763257,-0.0010984335146613077,-0.006919696814909084,-0.011043635802170739,-0.004993004705866999,-0.018856581589728087,0.024413278061410693,-0.009812856646700955,0.007743496152968349,0.009123730972502277,-0.005833470913716219,-0.006272864858273441,0.0020431581286687863,-0.00942250371519189,-0.00509120489026196,-0.035967727520920215,-0.0068615680397681195,0.00373452155498608,-0.0007376840136098517,0.011480077667955595,0.0014823922770685288,-0.0003939108169749878,0.010363805048559705,5.252344846518823e-05,0.0011131419705280483,-0.003989540474126951,0.002140646654266395,0.010483722137434879,0.004939800818830594,0.0054511395044480595,-0.01246036769774118,-0.01039294608344879,0.0005136191118555334,0.008289883699656114
approach1,h2,5,-0.000352372410919,1001,950,0.3517109359065258,0.00044964707146863403,-0.005638708960372671,0.001761796715956625,0.02342938315565784,0.01288333464463806,-0.012348407151049734,-0.0005622794197420438,-0.0010130348436855237,0.016161812969996164,0.013881484244735502,0.01350177914618878,0.006232104390547423,0.001690881069607283,-0.0030793102921497437,0.012545916219686128,0.003588982381989665,-0.004836631594919672,0.006209204055104944,0.008960620532050465,0.016249706489322606,0.0072681481071069885,0.011010927633825156,0.007389499780481976,0.010893687764128896,0.01607093779795076,0.00023201147317606762,0.013771819479242258,0.0018441069573878785,0.0004710408196337071,-0.011334626024734777,0.002127930716419941,0.005499641871371039,0.008866091379995451,0.011693414277074684,0.017899445133999083,0.020826728745266594,-0.00042877025492321814,0.00016599106245058712,0.022082735083045715,0.011899413832702623,0.010194370465576837,0.03266970127433483,0.005026808581118548,0.004627114859030447,-0.00514419219728712,0.006086556703795778,0.010640722559307293,0.004308383699317333,-0.0029145152053343427,0.005833284821433832,0.005752916845158804,0.011942224597353512,0.005419136322128294,0.018465393842266132,0.01792577292832489,0.004986775493771554,0.009549341265891763,0.013668708623235503,-0.0062614209346916715,-0.009520227346697512,0.009308636234410389,0.03031060633908468,0.01090229684831856,0.0008695975314498721,0.010629710441217704,0.015003043156903017,-0.0035233221326699893,-0.0020711939737426983,0.0074035463890535,0.013792939239251713,0.01516743447916914,-0.061720001612327345,0.010273351157087475,-0.028025695280558822,0.009425671612505758,0.027954263156176176,0.015613127071828246,0.01629487678464597,0.00371141106878395,-0.002301850001462659,0.017764185218187064,0.008579146426937705,-0.0036620080466304855,-0.001074485804222025,0.00734383248415019,0.0025539013101246177,0.015826110688413754,0.0245894977773084,-0.013570744976567586,0.004814181963297196,0.023715126482514094,0.011367503145651426,0.011489558474884894,0.017856731039021613,-0.0006815960891154854,0.015127517126728045,0.018882783701212394,0.0023177096665924247,0.016852551851482954,0.007874511001747363,-0.0071519667199641795,0.0033822203833723708,-0.0011976139802824413,0.02025966945610958,-0.008455896491101855,0.0034755592913388866,0.00834668393425524,-0.0023110898208338476,-0.004256777469301856,0.025383081619843054,0.0020338613587278583,0.007842355408974253,-0.018062962389034792,0.018377191504308096,0.014851421324788963,-0.002707065995195844,-0.0025425121621030474,0.007770142090496385,0.0185567622166233,-0.003306711784128223,0.012453074353033649,0.02695457445250704,0.015600879684030245,0.008800215094346791,0.001876457120252321,0.005811623300478781,0.00786129810744067,0.01623864998476428,-0.0006024403376953032,0.011361127241462054,0.009297959404894881,0.012032277110826155,0.011046237216070788,0.009367723727841806,0.0022627620498994454,0.0017392175891603398,0.006150849245707094,0.0040958837691208,0.011559269861449957,-0.009844518117006812
approach1,h2,25,-0.000265775081895,1001,750,0.5816797847983701,-0.009086228938835775,-0.010736780807785581,-0.031180762663723396,0.07574264323212458,0.009672613899427595,-0.002277237165689004,-0.0036469593659027785,-0.018053724765272682,0.01620599973262117,0.031069045212704538,0.002110196528623734,0.03060088787270045,-0.004119853212225803,-0.005589699323601302,0.013416622753315122,-0.018953142420531956,-0.005804964874650209,0.009579156470796346,0.006550386968680369,0.007392674618757176,0.000986792026254936,-0.0011179135396771874,-0.0030318380906290653,-0.017914872068600974,0.012289768256596792,-0.0019533742677516133,0.01407440959045492,-0.002456017210959453,0.01928354574907296,-0.009091359450566282,-0.010611251545111132,0.024996459536680164,0.016071137691205512,0.018347106682798143,0.03180687563403796,0.023849933304708974,-0.012402617147938503,0.00966808865658354,0.006596271894011178,0.006959058155531363,0.01986187836188221,0.05197491268256002,0.001822386525519827,-0.0015589471753795032,0.000838402408975562,0.014439427399098039,-0.008810528626639738,-0.009776102329771868,-0.034957692660130255,0.003743138907664173,0.00577091328943077,0.00531934750351034,0.004414945166707849,-0.00023388525409869833,-0.006795382493813016,-0.0017405045232409353,-0.0009346853638967298,0.01651188533356256,-0.0070093529488247895,-0.021795636438866603,0.008693554987440056,0.05312265227372121,0.0016104733112733728,-0.016210209420923626,-0.004594329748327901,0.018017614908999002,-0.0003293542186773007,-0.009386925561428892,0.008248637790761166,0.016366264706579273,0.024271127397243113,-0.1642884808641944,0.0018252496233931818,-0.09335686383860131,0.02184690516629584,0.12292787927824245,0.01883126334655243,0.0026604039869225736,-0.009053079516868106,-0.006573802700715557,0.007320505875963241,-0.014477771643299126,-0.0014731554785047257,-0.0055079319359010465,-7.336503013424464e-05,0.0073689663438079155,0.024780523770889063,0.0541739534073581,-0.03941263474112547,0.0029080990258443587,0.06590945704984477,0.013993982979617531,0.00889346862015106,0.00573732809869141,-0.05429945902831414,0.03505975849565009,0.027321057631212342,0.018365505889222537,0.01712828659307757,0.013986088701950422,-0.0019254559440846537,-0.024734618809695207,0.012489802101906821,0.017201898705664014,-0.022298499305609325,-0.002091862112883029,-0.005429207556616002,0.010329597190315749,0.014555949544025115,0.07502129709965753,0.00515640739646436,0.008021870891099663,-0.002687437612627082,0.018762022993296476,-0.0023825343971931277,-0.03467919514577211,-0.018606968006520674,0.0257512730075721,0.013532759987797821,0.021320343737366333,0.016545235369813685,0.04164362813413856,0.032880530785849585,0.006622782973797928,0.012754320931066593,0.03107240181273225,0.0008849249765062791,0.03604140103802295,0.02189553198757735,0.022018828070946628,0.02259443438160344,0.006074002756804104,0.0011549979739244823,0.006394967851720723,-0.004064169083098208,-0.005706552497343663,0.004239201666646285,0.013316130943669357,-0.01717839943021346,-0.041797807815441734
approach1,h2,75,-0.0001665532928913,1001,250,0.5832391837748676,-0.026104025178129358,0.0003100675353610756,-0.021514069415473,0.07479060003472479,-0.00880707352203295,0.016887965342932618,-0.009862930019795563,-0.019963268765149998,-0.0184677814813882,0.016482218437194517,-0.0033521023925265625,-0.0024513296744624463,-0.008425168234478711,-0.01884314293469366,-0.0016312825579434323,-0.018935130952349895,0.014182033139743429,-0.0069168003746200215,-0.012739279196113677,-0.026314301150581615,0.006121264427877769,-0.03160266329329689,0.006182968438747929,-0.0076561179014540005,-0.024227975001251026,0.008048129114513814,-0.0020671203160125807,0.008185898320760466,0.029551264804301036,-0.00804105054427644,-0.03148681267063949,-0.0023823338097848446,0.013384388268404337,0.035658100830419995,0.01307763692106909,0.017536020023335003,-0.00728196578654545,0.0029481170367254795,-0.01170766493589441,-0.006816342956603141,0.0034118752469179565,0.015452803003710176,0.0017609970263719535,-0.00669960391549888,0.03063587656848605,0.005165680649972186,0.0005629886971272799,-0.003718617734055754,-0.04041819107373527,0.028393718033076065,0.001748826948177025,0.0038506225808855217,-0.000704936207175471,-0.008464579334001646,0.004447681292803506,-0.0023647201053852984,-0.01157888230851497,0.013423153222397946,0.010294702472777749,-0.01101698223675556,-0.0012882546204309392,0.03763538024421134,0.014147594240615641,0.00676249471168465,-0.005246868167956017,0.0234202761869696,-0.0072234713786104,-0.0027587027528636014,-0.0018945081149322994,0.002080072257379639,0.02909421228340796,-0.11923669961953812,0.019745629173338237,-0.08984036417875665,0.022577937894004634,0.17076724041930924,0.014025582107002041,0.015129130323425739,-0.0037352857260285997,-0.0019103593354001143,0.01507357438582218,-0.002489381115992233,-0.00042919626841597756,-0.011430357732203895,0.008400778101458034,-0.003522442339679616,0.03063109796438214,0.05943561307323638,-0.00046020786768698196,0.006283141563525274,0.06843816017005719,0.015088580444061944,-0.001897123139628181,-0.003511738030834821,-0.06994804170837915,0.023548111684505046,0.015468912431103377,0.022906626729520447,0.017623193855454744,0.01667071307519167,0.01672370572089104,-0.04638064450866317,-0.004590971073584079,-0.01014176322122857,-0.005285918638779592,0.005904986371977294,-0.03553855571645513,0.008004610783363349,0.011500186409110002,0.06027198372926921,0.0032063112301346196,-0.015050280331336804,0.013060386903307623,0.044999202187452327,-0.018871601560364798,-0.027798075558690436,-0.01352293304699044,0.006359636679953481,0.013373654431874549,0.0050058738973037704,-0.004517591331081313,0.04752831078907389,0.019250656661749358,-0.0018324867048176525,-0.0032779770608508917,0.021218977038654958,-0.037852798144872093,0.019048278703966512,0.011031053264498027,-0.013437761901077773,-0.011644985447546212,-0.006250707594022681,-0.007883426643958462,0.0020403597866564963,-0.006253984235936334,0.019589921448586407,-0.016641499698273814,-0.002420501727126897,-0.007024449385711121,-0.06276642884251302
approach1,h2,95,-9.349746370519362e-05,1001,50,0.3341804439770256,-0.00661231616638201,-0.007460077434136745,-0.00018061799461549163,0.018751466359861926,0.004956529610426043,0.010145039864779456,0.0008517213428857983,-0.0022766120129833847,-0.0020875026275334035,0.015502265323644309,-0.009235835683021134,0.0021358217140987935,-0.0075459986353167904,-0.018376243314565097,-0.009213041103518775,-0.010637736022458065,0.0027081202270861585,-0.0016291983384676342,0.0034477440885895584,0.0005547342392442792,-0.00972749400377399,-0.012545016274419707,-0.00020264423313394214,-0.0016787967653034983,-0.004415725459225967,0.0011674640922073303,-0.0069886106824604685,0.010029547428579737,0.011786479113852194,0.0022351870916190696,-0.0030159584845874526,0.0027523919015212985,-0.013437624298002606,-0.008034309552008373,0.008605526237193238,0.006549502697504497,0.009358331230632204,-0.009513716187952182,-0.0010990550256724518,0.0006422634875273905,-0.00034617742720220984,0.010103176273735102,-0.0009696831709073523,0.016155025151807174,0.01671228705594928,0.010976678261420524,0.007433424039798939,-0.012678966801498624,-0.010844260000698897,-0.0033704396242533307,-0.006042484213962657,-0.0023973320029168086,-0.014335063607110402,0.004574088271675015,0.00972985363802575,-0.007528189116417365,-0.00010845156341774201,0.0046709846564370145,0.0025602312180413884,0.00174653589771464,-0.013320606071414828,0.010809950991091744,-0.00868536232293134,-0.006310757285811712,0.011162868404152416,0.00513743153913972,-0.006977316070087261,-0.0003583436504545241,-0.011254052914915253,0.00391266374847252,0.008770604402056497,-0.03111664583714961,-0.0023230286551904553,-0.03038293028942151,0.009699900193897814,0.0707803658349189,0.0017059840893501408,0.00528570359103156,0.0014277384649712347,-0.006581280917589666,0.009467967073380823,-0.009070218411085957,0.005449287434628173,-0.011068078443087803,0.008733035862593623,-0.010360033822470275,-7.378299715306985e-05,0.020112084592576844,0.0059877080605987825,0.008950656905677944,0.025325293829815798,-0.0067242579213168206,0.010735610084424932,0.0019184605414985217,-0.017268893401486515,0.005440624826998337,-0.004640325020210408,-0.002955326158231815,0.0016341877581896114,0.011974757624642299,0.0018474948286865199,-0.015243999645906503,-0.005495159764928418,0.00556202140128429,0.009937708629468883,-0.0006238375046880434,-0.0054030165121725865,-0.002444498969478257,0.010002112140515097,0.019012384765277793,0.005878588510259209,-0.007488001239560234,-0.007510195613629354,0.017170250808488947,-0.01196871166697824,-0.01130160816362405,0.0021357398800970814,-0.006309230668325157,0.008066236758216792,-0.0017831028529677832,-0.0013834695888472331,0.00800785324294664,0.010439839174159395,-0.0027781361015853227,0.004962704932169925,0.014993320625690918,-0.011631921235436726,0.014543854343217425,0.00018605860422266692,-0.008984446291388287,-0.007096209885131065,0.017383474781191576,-0.0015807893371573198,-0.0038749176106202617,-0.006346284762148888,0.0013153612565540533,-0.01152305027566948,-0.00557868635210896,0.004162044979893421,-0.020030640101269807
approach1,T_opt,5,9.926838043021506,1001,950,0.29560421162991646,0.021680943924776513,-0.011282482721887182,0.015675197120027996,0.010146476941161374,0.004106423007654628,0.004027359948380636,0.004957842982953017,0.007430554813292342,0.01970482315167405,0.00973770650596305,0.011034841817017815,-0.005908888471478668,0.024024877507373598,0.0016435634800091702,0.022343966540713453,-0.001059244239745568,0.017290763852522616,0.005305911337562497,0.007747518516296876,0.018050877484463646,0.0008945306039644407,0.021242392019536562,0.003563281317131797,-0.0010405483310219048,0.0059081995770157,0.008370921164053621,0.002025839215622017,0.0028560691755883773,0.02777196003390279,-0.013154559966523687,-0.001733746810536417,0.006377944897360537,-0.005398040350085832,0.016523105666380683,0.017092780154340723,0.014062617310147064,0.016358530286338813,0.0014476636646180395,0.0017213484670656927,0.01757423232802774,0.005085582895085045,-0.008821607863599295,0.01130728309615189,-0.001961868264368293,-0.006958936269511653,0.009496910675599574,-0.0004186264719826284,0.005378881934112612,-0.0013119635646913243,-0.007599236725764562,0.0064963971063646255,0.0019980637828019322,0.021559565321655205,0.012243003658214641,0.009790849988332847,0.01091418090624513,0.008807071483868742,0.00910904146243759,0.014218878059020106,0.011153704921214841,-0.027075150351104867,0.01330421213762448,0.010294097579032383,-0.003965429282444356,0.006537448221129187,0.010318433868126926,-7.602313144227778e-05,0.010114992794000226,0.015036767103743073,0.008689321286129287,0.008708684138846158,-0.006778451830327564,0.006983975419202691,0.05257685777118285,0.016881634360119423,0.018975051239023464,0.014114537962803483,0.0014631227448054012,0.01883592723713972,0.004961118313575326,-0.0013425114068202028,-0.006254119601582675,0.0010991518565600634,-0.006674786172036476,-0.012418411425732658,-0.004198146369551639,-0.03125446749466422,-0.017379366628903475,0.019783245721953363,-0.0033777423696315194,0.004376111120946997,0.007838628985904726,0.007923500411748162,0.0041092092742860045,0.015670900226691875,0.011158384544349052,-0.005330531251177963,0.013983264308272994,0.019971637901964594,-0.001828512275838622,0.005818109003864947,0.012557174456863022,0.010169388927691203,0.011249685595847901,0.012464749003193717,0.016438773896727404,0.031060700675449207,3.414785084876991e-05,0.009386210806505497,0.0033506401757990942,0.006128319810785137,0.009423850097566069,0.017851644001215396,0.014047488859225958,-0.005250781425696568,5.2159583075307193e-05,0.006771307555685853,0.004394605329873381,-0.008303753171943686,0.004614658369800563,0.010677522640109113,-0.0054496317533578136,0.008337466716781906,0.008488902662668534,-0.013592436058846849,0.0211606200488801,0.01694542202026155,0.02254019246769913,0.004030620486299353,0.015088607253623352,-0.0012618189529077489,-0.0025625387611137333,0.007412043146499464,0.007694509093545258,0.0064121959981407965,0.01430686630251641,-0.0019898853178907236,0.0022933441737885106,0.008277590097818364,0.01546938150068895
approach1,T_opt,25,13.028228724902045,1001,750,0.5375308105807541,0.06181607468928915,-0.014368798184970347,0.038950135622528595,0.037619027439468544,0.01203094088665275,0.005628298001718109,0.01111317255880028,-0.011561708336584355,0.040342857181074436,0.003638092479138485,0.02318146208487979,0.0028089864254546362,0.02844368142269984,0.019281224043247752,0.004634833205361793,-0.005608360050969652,0.022279280480483624,-0.003271182729694549,-0.022345114022926993,0.03475463659204053,-0.0033192775370077844,0.025275497645668096,-0.01372806474019854,0.0017547713788364453,0.006571764052811912,0.017218560180728128,0.013834886769325492,0.010566008127652259,0.00857668306497764,-0.01195506467920119,-0.018482924120258256,-0.005288909183511388,0.008701100467559897,0.02044869126502804,-0.0008336919205179857,0.041267961892325455,0.012897027613824538,6.403125479643914e-05,0.004327293450693587,0.04555705911237315,0.03888875008090123,-0.04098950408990136,0.026656674397433088,-0.013161845231619666,-0.004181264328468451,0.009397054872631774,-0.018778378672213637,-0.01423538781719812,-0.009906764947572297,-0.02772867107862089,-0.005759057569071073,0.020057612863158457,0.02403690524333851,0.009749938298653876,-0.0014088213420764342,0.02331426340733187,0.012845706715145126,0.020658182384578696,0.00047442726308887656,0.021015225325586473,-0.07824283628441829,0.027699728891251336,0.0264354251588723,-0.021117923404994007,-0.0008779569439322623,-0.0053242010755388414,-0.014005584254645672,0.029323041034733602,0.017933448832196466,0.0023733320880802225,0.000983904359034114,-0.09636074221184966,0.004688372555056851,0.16197251570578286,0.035842987477188906,0.11953864858906396,0.02211141493987242,-0.001030860806651922,0.01549774251186458,-0.005193897944128188,0.019080457658551694,0.020766090786483435,-0.0035391059299071962,-0.01533757395736594,-0.012617930303549175,-0.028337445703297187,-0.0763560124000006,-0.02833682233940591,0.01871544890662674,0.0021729080987495514,0.020933327307935908,0.015077780721546547,0.010333675762192688,0.010917791820519298,-0.004978470260130244,0.036257915577630306,-0.023254940039916683,0.01894447575718919,-0.0022550011385376045,0.0008930590976732513,0.0001705086052857692,-0.01341815715487513,0.0035851328762270835,0.0037305599645556034,0.008152904032668353,0.0009568959445030766,0.04426594724810448,0.013602090085892818,0.008260719741383586,0.011411975192961402,0.009515855019721794,0.0027066035136468305,0.03253505085681349,0.01423158402671645,-0.012832263509507141,-0.008151304774204476,0.012426735329291883,0.006899196721757914,-0.009834765594803483,-0.02391302145208219,0.010016118504525492,-0.02806508975637325,-0.00545608313867707,0.00547951118013466,-0.0601266960337212,0.00021274302532239006,-0.0044850538625068985,0.02743183817814162,-0.016323736245480974,-0.011775825062389111,0.0040473139364173225,-0.007708097225761646,0.009632251785071315,0.031464207906021155,0.0036789838576376833,-0.008461897940579857,0.0004638747783253412,-0.02617423644732988,0.009308184839439711,-0.026954760869879933
approach1,T_opt,75,17.832399997950724,1001,250,0.6025257507907094,0.02018886093140995,0.0009199592246710003,0.03787061298183846,0.02692296897428602,-0.010361340447903981,0.02615855418682319,0.012876873369561032,0.0028871245722965067,0.00499319668935504,0.018751687346790346,0.011939092890456466,-0.002191769996818499,0.018050673570203693,-0.02942368098694635,-0.0005431785840350201,0.004164198254359777,0.008645993226761111,-0.015762314253962156,-0.011046451987859899,0.013101669282544557,0.0025886495116552947,0.027992404316919108,-0.009092977894662619,0.008032040975165472,-0.0057361876467275225,0.04098873656411924,0.00993755792664502,0.0028252024308410588,0.010109724301514713,-0.006411237076053315,-0.02542169867815744,-0.003673938686111016,-0.00272468507346214,0.015914285324995524,0.0013397483122527787,0.01912768298990107,-0.01707359374928465,-0.0038060758987367984,0.012690963413158765,0.00314321283173787,0.02084074678713923,-0.01629334255042583,0.005263297627783402,-0.03049047672410862,0.004183188091543319,0.03089760310927251,0.003658717860887605,-0.03644088844759058,-0.014951286884125448,-0.028114562298950374,-0.008397671511811852,0.013505374414121682,-0.006656733573142216,0.004108067524060321,-0.01602637735159592,-0.007537346687334527,-0.00258706364340058,0.005586349093924121,0.017009422246687198,0.021916355098185448,-0.0708735384408355,0.05452139822593442,0.0026170018207551087,-0.022802710127869247,0.001605447839164267,-0.0009559473755367288,-0.03837288493745601,0.0022872488006562414,-0.0010430804147286725,0.01568391184094208,-0.0002523712852681888,-0.10656807147111501,0.0014145346373208197,0.10920126673725246,0.023802169598783108,0.18903554530342745,0.0229658912665492,-0.0012946420539611102,-0.018231581149895523,-0.019243674725287246,0.01117773867829433,-0.003997138597892164,-0.0001675128459598038,-0.019919833714646496,-0.0007063582265739582,-0.02755252268495782,-0.03580342664457232,-0.021455127059067887,-0.009433583677496719,0.03351399848561713,0.05767427920886277,0.023293885420844665,0.011336612702352498,0.010304300804770905,-0.04657172494461203,0.010616386110486997,0.002261927413115256,0.0007160922113721106,0.007298312467174571,0.0077996758114990804,0.010347653707225502,-0.01970962755834918,-0.0011532378250032164,0.014215314998799631,-0.006591727579318748,-0.0029902573586815667,0.02218593419371866,0.005922051060956593,0.009179278565453601,0.02713995839268328,0.025900021312035726,0.010173952428618252,0.015071810819628516,-0.016485643644113104,-0.038981980452174006,-0.0230513466504497,-0.03497708008026729,-0.0030734058862142213,0.019341900912961042,-0.03661963047907752,0.011689416794773852,-0.02577862502855989,0.017016765190114823,0.014725835470442488,-0.04891231887499716,-0.0027734943020505344,-0.030172560257547533,0.023252041911540823,-0.005034979119944559,-0.01371178698093099,0.0019296802708924834,0.010432140002621396,0.017522065360412793,0.02663174233344837,0.01908570702281972,0.01029782228843025,-0.00977437630158787,0.007799419294264384,-0.01847669124617734,-0.06257943421227852
approach1,T_opt,95,25.55173492019292,1001,50,0.34439379346690646,0.0011369599631905576,0.004242116123899981,0.008243349481227366,0.00559696367013216,-0.006148609903773026,0.0016139296574741299,0.0009378638384490443,0.012253738165715877,-0.003326094390825756,0.00520280049035344,0.0046729663803961475,0.0013646016356808031,-0.007053226480744653,-0.016897533895168446,-0.007872971937334761,0.001400984366110259,-0.004352002916272155,-0.008757031563022589,0.00041285138495587674,-0.004070454201436312,-0.006070325787355824,-0.006934495139566704,-0.006000038011209045,-0.005206067952172067,0.00013462921094330345,0.005561712992387063,-0.013058994220658619,0.0058380071116881215,0.0038578552707976546,-0.00916583769278787,-0.004193858062937258,0.001104495996149363,-0.003658121024861294,-0.00978646136658341,0.0006927010037782377,0.003432884571568066,0.0019300696202921973,-0.006315815060745043,-0.0003476436952182995,0.0005105994931821315,-0.006310256196545275,0.012808020908749648,-0.0007148692770157054,7.30937073606195e-05,-0.0023162166290412603,0.01352893853610912,0.0029445186144532428,-0.009977340159028241,-0.005845759477994738,-0.00529602009356453,0.005080106457574124,0.003936179024759373,-0.0041435454212969906,-0.0009329285455891745,0.009551822788543135,-0.0035019780399270237,0.006648272702464902,0.008209255582443481,0.0017785233400574628,0.004658841762474952,-0.009596245948964629,0.007260970009541683,-0.0008869860342349527,0.007362460391242401,0.0018844304046031761,0.010076966066835653,-0.01324420542406482,-0.0012738317407323574,-0.0004551786572352086,-0.0003447774161001588,-0.00720914414955473,-0.03192329755956373,-0.0019501086598976806,0.0004479500523454996,0.011190745872540432,0.09074706043029726,0.004213761808911989,0.010012077590301066,0.005978148249558007,-0.010791175801025347,0.004382015840901201,-0.008576428257728171,0.0004742674427871546,-0.0051807525739714965,0.00710910280518158,-0.012843754308719835,-0.00481036281669071,-0.0007218885130216557,0.0010257663310808442,0.0011769366743581986,0.028466124819880596,0.0007675058781724769,0.010504550351012672,0.0004405556850648794,-0.01925597546829994,0.004815339576464683,-0.004323170161221222,-0.0006995121303386741,0.010842296548467394,0.006131234204161963,-0.0019410040440179296,-0.017172916796811287,0.003827258265316026,0.004037007256446682,0.005551229420177004,-0.014056017717586178,0.0004276647966673123,-0.0008739506338539566,0.01671728459962873,0.017568889851692637,-1.991511433803786e-05,-0.0030799924150017267,0.014099030062020899,0.011619954248089877,-0.009156341549731349,-0.008339456337737874,-0.0016956190920922373,-0.006857747101220204,0.0017878770497924109,0.0001355968495701449,0.006792148062703056,0.005004433991280189,0.004772055885374487,0.003641847514593589,-0.008485131965301958,0.0020618007240519013,-0.004027774889013635,0.003983634724692617,-0.0029566762689999916,-0.005873268619616804,-0.008817465828370495,0.007710326629692077,0.002292670997838869,0.008087926328087826,-0.008230271930086025,0.00583341944222481,-0.009230193390371112,-0.0024731925260846306,0.0025639600642831523,-0.022375897946696716
approach1h0,h1,5,0.0,1001,0,0.0,0.0,0.0,0.0,0.0,0.0,0.0,0.0,0.0,0.0,0.0,0.0,0.0,0.0,0.0,0.0,0.0,0.0,0.0,0.0,0.0,0.0,0.0,0.0,0.0,0.0,0.0,0.0,0.0,0.0,0.0,0.0,0.0,0.0,0.0,0.0,0.0,0.0,0.0,0.0,0.0,0.0,0.0,0.0,0.0,0.0,0.0,0.0,0.0,0.0,0.0,0.0,0.0,0.0,0.0,0.0,0.0,0.0,0.0,0.0,0.0,0.0,0.0,0.0,0.0,0.0,0.0,0.0,0.0,0.0,0.0,0.0,0.0,0.0,0.0,0.0,0.0,0.0,0.0,0.0,0.0,0.0,0.0,0.0,0.0,0.0,0.0,0.0,0.0,0.0,0.0,0.0,0.0,0.0,0.0,0.0,0.0,0.0,0.0,0.0,0.0,0.0,0.0,0.0,0.0,0.0,0.0,0.0,0.0,0.0,0.0,0.0,0.0,0.0,0.0,0.0,0.0,0.0,0.0,0.0,0.0,0.0,0.0,0.0,0.0,0.0,0.0,0.0,0.0,0.0,0.0,0.0,0.0,0.0,0.0,0.0,0.0,0.0,0.0,0.0,0.0
approach1h0,h1,25,0.0,1001,0,0.0,0.0,0.0,0.0,0.0,0.0,0.0,0.0,0.0,0.0,0.0,0.0,0.0,0.0,0.0,0.0,0.0,0.0,0.0,0.0,0.0,0.0,0.0,0.0,0.0,0.0,0.0,0.0,0.0,0.0,0.0,0.0,0.0,0.0,0.0,0.0,0.0,0.0,0.0,0.0,0.0,0.0,0.0,0.0,0.0,0.0,0.0,0.0,0.0,0.0,0.0,0.0,0.0,0.0,0.0,0.0,0.0,0.0,0.0,0.0,0.0,0.0,0.0,0.0,0.0,0.0,0.0,0.0,0.0,0.0,0.0,0.0,0.0,0.0,0.0,0.0,0.0,0.0,0.0,0.0,0.0,0.0,0.0,0.0,0.0,0.0,0.0,0.0,0.0,0.0,0.0,0.0,0.0,0.0,0.0,0.0,0.0,0.0,0.0,0.0,0.0,0.0,0.0,0.0,0.0,0.0,0.0,0.0,0.0,0.0,0.0,0.0,0.0,0.0,0.0,0.0,0.0,0.0,0.0,0.0,0.0,0.0,0.0,0.0,0.0,0.0,0.0,0.0,0.0,0.0,0.0,0.0,0.0,0.0,0.0,0.0,0.0,0.0,0.0,0.0,0.0
approach1h0,h1,75,0.0,1001,0,0.0,0.0,0.0,0.0,0.0,0.0,0.0,0.0,0.0,0.0,0.0,0.0,0.0,0.0,0.0,0.0,0.0,0.0,0.0,0.0,0.0,0.0,0.0,0.0,0.0,0.0,0.0,0.0,0.0,0.0,0.0,0.0,0.0,0.0,0.0,0.0,0.0,0.0,0.0,0.0,0.0,0.0,0.0,0.0,0.0,0.0,0.0,0.0,0.0,0.0,0.0,0.0,0.0,0.0,0.0,0.0,0.0,0.0,0.0,0.0,0.0,0.0,0.0,0.0,0.0,0.0,0.0,0.0,0.0,0.0,0.0,0.0,0.0,0.0,0.0,0.0,0.0,0.0,0.0,0.0,0.0,0.0,0.0,0.0,0.0,0.0,0.0,0.0,0.0,0.0,0.0,0.0,0.0,0.0,0.0,0.0,0.0,0.0,0.0,0.0,0.0,0.0,0.0,0.0,0.0,0.0,0.0,0.0,0.0,0.0,0.0,0.0,0.0,0.0,0.0,0.0,0.0,0.0,0.0,0.0,0.0,0.0,0.0,0.0,0.0,0.0,0.0,0.0,0.0,0.0,0.0,0.0,0.0,0.0,0.0,0.0,0.0,0.0,0.0,0.0,0.0
approach1h0,h1,95,0.0,1001,0,0.0,0.0,0.0,0.0,0.0,0.0,0.0,0.0,0.0,0.0,0.0,0.0,0.0,0.0,0.0,0.0,0.0,0.0,0.0,0.0,0.0,0.0,0.0,0.0,0.0,0.0,0.0,0.0,0.0,0.0,0.0,0.0,0.0,0.0,0.0,0.0,0.0,0.0,0.0,0.0,0.0,0.0,0.0,0.0,0.0,0.0,0.0,0.0,0.0,0.0,0.0,0.0,0.0,0.0,0.0,0.0,0.0,0.0,0.0,0.0,0.0,0.0,0.0,0.0,0.0,0.0,0.0,0.0,0.0,0.0,0.0,0.0,0.0,0.0,0.0,0.0,0.0,0.0,0.0,0.0,0.0,0.0,0.0,0.0,0.0,0.0,0.0,0.0,0.0,0.0,0.0,0.0,0.0,0.0,0.0,0.0,0.0,0.0,0.0,0.0,0.0,0.0,0.0,0.0,0.0,0.0,0.0,0.0,0.0,0.0,0.0,0.0,0.0,0.0,0.0,0.0,0.0,0.0,0.0,0.0,0.0,0.0,0.0,0.0,0.0,0.0,0.0,0.0,0.0,0.0,0.0,0.0,0.0,0.0,0.0,0.0,0.0,0.0,0.0,0.0,0.0
approach1h0,h2,5,0.0,1001,0,0.0,0.0,0.0,0.0,0.0,0.0,0.0,0.0,0.0,0.0,0.0,0.0,0.0,0.0,0.0,0.0,0.0,0.0,0.0,0.0,0.0,0.0,0.0,0.0,0.0,0.0,0.0,0.0,0.0,0.0,0.0,0.0,0.0,0.0,0.0,0.0,0.0,0.0,0.0,0.0,0.0,0.0,0.0,0.0,0.0,0.0,0.0,0.0,0.0,0.0,0.0,0.0,0.0,0.0,0.0,0.0,0.0,0.0,0.0,0.0,0.0,0.0,0.0,0.0,0.0,0.0,0.0,0.0,0.0,0.0,0.0,0.0,0.0,0.0,0.0,0.0,0.0,0.0,0.0,0.0,0.0,0.0,0.0,0.0,0.0,0.0,0.0,0.0,0.0,0.0,0.0,0.0,0.0,0.0,0.0,0.0,0.0,0.0,0.0,0.0,0.0,0.0,0.0,0.0,0.0,0.0,0.0,0.0,0.0,0.0,0.0,0.0,0.0,0.0,0.0,0.0,0.0,0.0,0.0,0.0,0.0,0.0,0.0,0.0,0.0,0.0,0.0,0.0,0.0,0.0,0.0,0.0,0.0,0.0,0.0,0.0,0.0,0.0,0.0,0.0,0.0
approach1h0,h2,25,0.0,1001,0,0.0,0.0,0.0,0.0,0.0,0.0,0.0,0.0,0.0,0.0,0.0,0.0,0.0,0.0,0.0,0.0,0.0,0.0,0.0,0.0,0.0,0.0,0.0,0.0,0.0,0.0,0.0,0.0,0.0,0.0,0.0,0.0,0.0,0.0,0.0,0.0,0.0,0.0,0.0,0.0,0.0,0.0,0.0,0.0,0.0,0.0,0.0,0.0,0.0,0.0,0.0,0.0,0.0,0.0,0.0,0.0,0.0,0.0,0.0,0.0,0.0,0.0,0.0,0.0,0.0,0.0,0.0,0.0,0.0,0.0,0.0,0.0,0.0,0.0,0.0,0.0,0.0,0.0,0.0,0.0,0.0,0.0,0.0,0.0,0.0,0.0,0.0,0.0,0.0,0.0,0.0,0.0,0.0,0.0,0.0,0.0,0.0,0.0,0.0,0.0,0.0,0.0,0.0,0.0,0.0,0.0,0.0,0.0,0.0,0.0,0.0,0.0,0.0,0.0,0.0,0.0,0.0,0.0,0.0,0.0,0.0,0.0,0.0,0.0,0.0,0.0,0.0,0.0,0.0,0.0,0.0,0.0,0.0,0.0,0.0,0.0,0.0,0.0,0.0,0.0,0.0
approach1h0,h2,75,0.0,1001,0,0.0,0.0,0.0,0.0,0.0,0.0,0.0,0.0,0.0,0.0,0.0,0.0,0.0,0.0,0.0,0.0,0.0,0.0,0.0,0.0,0.0,0.0,0.0,0.0,0.0,0.0,0.0,0.0,0.0,0.0,0.0,0.0,0.0,0.0,0.0,0.0,0.0,0.0,0.0,0.0,0.0,0.0,0.0,0.0,0.0,0.0,0.0,0.0,0.0,0.0,0.0,0.0,0.0,0.0,0.0,0.0,0.0,0.0,0.0,0.0,0.0,0.0,0.0,0.0,0.0,0.0,0.0,0.0,0.0,0.0,0.0,0.0,0.0,0.0,0.0,0.0,0.0,0.0,0.0,0.0,0.0,0.0,0.0,0.0,0.0,0.0,0.0,0.0,0.0,0.0,0.0,0.0,0.0,0.0,0.0,0.0,0.0,0.0,0.0,0.0,0.0,0.0,0.0,0.0,0.0,0.0,0.0,0.0,0.0,0.0,0.0,0.0,0.0,0.0,0.0,0.0,0.0,0.0,0.0,0.0,0.0,0.0,0.0,0.0,0.0,0.0,0.0,0.0,0.0,0.0,0.0,0.0,0.0,0.0,0.0,0.0,0.0,0.0,0.0,0.0,0.0
approach1h0,h2,95,0.0,1001,0,0.0,0.0,0.0,0.0,0.0,0.0,0.0,0.0,0.0,0.0,0.0,0.0,0.0,0.0,0.0,0.0,0.0,0.0,0.0,0.0,0.0,0.0,0.0,0.0,0.0,0.0,0.0,0.0,0.0,0.0,0.0,0.0,0.0,0.0,0.0,0.0,0.0,0.0,0.0,0.0,0.0,0.0,0.0,0.0,0.0,0.0,0.0,0.0,0.0,0.0,0.0,0.0,0.0,0.0,0.0,0.0,0.0,0.0,0.0,0.0,0.0,0.0,0.0,0.0,0.0,0.0,0.0,0.0,0.0,0.0,0.0,0.0,0.0,0.0,0.0,0.0,0.0,0.0,0.0,0.0,0.0,0.0,0.0,0.0,0.0,0.0,0.0,0.0,0.0,0.0,0.0,0.0,0.0,0.0,0.0,0.0,0.0,0.0,0.0,0.0,0.0,0.0,0.0,0.0,0.0,0.0,0.0,0.0,0.0,0.0,0.0,0.0,0.0,0.0,0.0,0.0,0.0,0.0,0.0,0.0,0.0,0.0,0.0,0.0,0.0,0.0,0.0,0.0,0.0,0.0,0.0,0.0,0.0,0.0,0.0,0.0,0.0,0.0,0.0,0.0,0.0
approach2,h1,5,0.0043536066875876,1001,950,0.3222345418783872,0.02243611003844051,0.01428051729851695,0.02231415587294707,-0.020313164105903395,0.012220210802341555,-0.0032945075219669526,0.01322987674614042,0.01621611481496794,0.009380317373202612,-0.009910606624195899,0.011880877071113597,0.004586851068662214,0.009149544394485652,0.010452614383043745,0.018311829343656702,0.012278762726925439,0.0025199235744213996,0.0025293145195349163,0.014753275677669247,0.02109587012041905,0.007238999436677784,0.025549839435385448,0.006881250376110914,0.009843697455508133,0.017168750357671767,0.007463589049486423,0.005386207528603115,0.007103302159355441,0.0016733117771151628,-0.005277063865753592,0.002304765872860266,0.004253580135931834,0.0013860985173110402,-0.007584546177104996,0.009492831789521273,0.004739671358318337,0.010020084753498809,0.0037696107412044915,0.008131868530856562,0.01921822533333327,0.0009618407524625517,-0.007067450375753576,0.010812485136409837,0.002541013869185999,-0.006782698166381097,0.0025612034936121006,0.0061493858310059865,0.013334142798679427,0.007846471472056244,-0.004603688693933415,0.0045305847979858534,0.002780005611143173,0.017331319807872884,0.016238388525006177,0.009688206037455224,0.020029117053683026,0.007762564404882065,-0.004012982750165473,-0.007846691946438285,0.011130188809731326,-0.012814797742431652,-0.002701939011653413,0.019921905096883095,0.01064571738910913,0.01751694006602536,-0.002390668915159274,0.0015131289737779648,0.00421307708769766,0.007279912593922576,0.00045719212989333777,-0.0033419137144658426,0.029030331259841877,0.01071632313862731,0.04856488242948792,0.00588311078094608,-0.008508949866049265,0.0015087399292730936,0.004464464261313084,0.011139542366462328,0.0066362671093211645,0.011765282661669478,-0.005218270392975975,0.01919086330671587,0.015124969315289335,-0.005233048257638892,-0.002658656240660877,-0.012846901343731851,-0.0361993897349612,0.009552998691895532,-0.004272910819294181,-0.0007647271069933584,0.005839772445484417,0.01244491967716711,0.0040175030478725934,0.024820568600965164,0.009027294529791667,0.002570489172693008,0.015990827794552274,0.011349443505248386,-0.0033510231826252013,0.009687686325672148,0.016115837020881502,0.009249195457392799,-0.0010695008746071672,0.00846412629526004,0.008539441199744015,0.028811915250082382,0.0027096791461247646,0.0037339455237243493,0.002751502944887638,0.020094165430982424,0.009147423332024994,0.010357121959894813,-0.0037531789705062806,0.01305572597832826,0.012876324770527333,0.012424301573472756,0.0043915653316518085,0.0012276288081461157,-0.0038137314917986304,0.022692773612398996,-0.008343144670329653,-0.007981292439512616,0.010162653304776061,-0.022427163180488287,-0.001726384838709051,0.016759096339491204,-0.00847365292255618,-0.005612506255569083,0.0163416916983617,0.024029667141456885,0.0054396579939882785,0.011072255874320303,0.006368978639058821,0.011386839686698406,0.003913854115794094,0.017063545387488284,0.012769906482884405,0.003700353950499639,0.023917855233482027
approach2,h1,25,0.0064547944621729,1001,750,0.595732188270545,0.044955475882551194,0.007624437273665855,0.06882976646476853,-0.05005127563644888,0.0004247502105398102,-0.02266012897142263,0.014304800774293955,0.03373646207522975,0.013022605837580862,0.016963633269332194,0.03720988332020349,0.012001815045087044,0.05423149310807794,0.023604208887628354,-0.0012663255783123273,0.01224485053160701,0.011087955705841743,-0.013320011293779644,0.0014155324927467884,0.029242375608580055,-0.0014345201727906862,0.04630443567928705,-0.028442446634195193,0.020017297336755484,0.03923909410909533,0.030752002349821644,0.003721100962662564,-0.0015075009829542173,-0.009382896792304533,-0.02145763445205302,0.012780075084360906,-0.017669622209940134,-0.0034095780032222297,-0.00556125182423433,-0.018004772624510577,-0.00524683263546467,0.014171343568707525,-0.012995075709784545,0.007591865408570167,0.03017430777049278,0.020085645896473,-0.04536341753817948,0.017914703231635562,-0.006131252259535841,-0.020638655092653044,0.005134788884191381,0.007198112633910247,-0.002034110527735505,0.017594686274065338,-0.003657431149602588,-0.004459252683505312,-0.009125610396483705,0.03869301415712655,0.01371040370774393,0.013897595821460718,0.015504183658717599,0.021091442330759498,0.011120723262541788,-0.0079283309591718,0.02550401828085002,-0.0537390660432192,-0.004264151008123152,0.021463681192987093,-0.004010728372077634,0.024196579668685998,-0.0017888866117435342,-0.003421699497124276,0.027806754846577568,0.014458332110728427,-0.009792544520637589,-0.024879608590918336,0.06165711475630489,0.01281775053623547,0.16650943604009233,0.028201902924273266,-0.017040965464266346,0.016607388038739155,-0.025522636991977696,0.010034046984074846,-0.006604368652836303,0.00594445483004033,0.016472261416705963,0.01624186976178807,-0.004890676976146362,-0.0038984445149935418,-0.006180871855054653,-0.06720632098142165,-0.11415016878636042,0.028998965921319838,0.0067943956835382745,-0.024036299319561034,0.016279093970142766,0.0034465567189353903,0.024708655438026077,0.04431465818604552,-0.020317666001838576,-0.018546211715011682,-0.009821087316467279,-0.011242777589219884,-0.005495334663563006,0.00173788560576503,0.019435690980779425,0.018127974602391808,0.016073007193497083,0.03332528634462479,0.0007598708325786373,0.05680742715127377,0.011608001288647366,0.006807308798075531,-0.040809935344053305,0.021061545512702326,0.02844894927672626,0.04259241813835371,-0.019733492893377027,-0.022678272477104376,0.008307686321701084,0.02162206033322317,-0.012912159967173296,0.0011424124195837486,0.009202287169790817,0.024064112595949358,-0.0784138447855267,-0.018549507571844905,0.003803236263309047,-0.0453337521606422,-0.018454193097990325,0.019537270856027772,-0.019915876825762572,-0.019209230363951557,-0.01095382803182686,-0.009299714434865486,-0.021183530054129634,0.017791696564343103,0.02277452171903449,0.01891430018407739,0.0021960099114915095,0.011554487426851846,0.022817784341496176,0.012633415815927364,0.03784819048557908
approach2,h1,75,0.0095106070930683,1001,250,0.5864454169450194,0.04313556109821286,0.024768854139415857,0.04985027920311004,-0.046254965007957775,0.013015526274224663,0.02535694606478339,0.030829022969124598,-0.00023825255323197542,-0.00923408154662967,-0.019424787612607283,0.003138374534194287,-0.010992893985700532,0.013252405395455316,0.021849965666762637,-0.01837626826666526,0.0225752687853015,0.01715255668799704,0.0005198265495008989,-0.025560397474293964,0.021229742222241825,-0.007114109038760619,0.05406344270742003,-0.004495007190326304,0.012511928057228588,-0.01541527970200077,-0.01059035537715309,0.011541024194278113,-0.008837996816383035,0.002984998508351419,0.023537248474617897,0.013536521104472128,-0.004753688564708418,-0.00959164252813383,0.005847626154146933,-0.03987571244553963,-0.008836623722344037,0.01933947253274024,0.012393889818094632,-1.1029396394354046e-05,0.01415213116959534,-0.004164761173806342,-0.08229571220414411,0.016281669575144694,-0.013254671585527511,-0.016994035779843094,0.0005143443973728411,-0.002848815388974281,0.011380849012813991,0.027735605113284587,-0.00033401445761348236,0.010483120270808034,0.0010532014472709166,0.011771435013784897,0.0006026516878219791,-0.0007851988289262271,-0.01036554989543822,0.016968701774220746,0.007211828658289571,0.006646913230010938,0.02859407640175619,-0.052798028218094206,-0.018939975179241557,0.009041118137336384,0.0015583845303324545,-0.011326217616950983,-0.0075686617416137565,0.010952006064707401,0.03252291161116149,0.007630118142485593,-0.006770321221106636,-0.012098185706251565,0.08891885181098957,-0.014513280259738482,0.18409914147885453,-0.010106358854108145,0.0006165735045377627,-0.0026083197427097665,-0.005140457214009833,-0.004598278263770253,-0.0034337344534853265,-0.002649990443364468,0.013035499647428754,0.008955390752121683,0.0030576380555682996,-0.008541990923612033,-0.02937777780596089,-0.05774660951375431,-0.09927127169472585,0.028469279861825285,0.0016721819250933023,-0.047233009635403694,0.010423859144834648,0.015435595965608314,0.015353660728355084,0.028115559317337446,-0.015722724127401916,-0.016520280920972144,0.0012563664859807436,-0.04649297770599374,-0.012765393561138483,-0.0180790275427327,0.02995576439625049,0.022476829523299702,0.008200261928227374,0.011484255380842282,-0.0029226840206329555,0.03097534476612667,0.0334243940940811,-0.0036756905669278056,-0.03814613454559647,0.004774226346594723,-0.027726958416813566,0.028495660237791057,-0.026955198632982964,0.003358326282904424,-0.000886495391728066,0.018485698434172713,-0.0013088825997941318,-0.008807051549987158,0.012988232202695946,0.001621666645977328,-0.0777859386939084,-0.01172644096347818,0.017208736227184024,-0.03637335831150326,-0.004315712996298196,-0.001176737829567993,0.005610284570778718,0.009446084349631543,-0.005648590382374789,-0.015433803189397206,-0.0019303770294526769,0.013071782981949564,0.006099228351282897,0.029552585920242957,0.023711406142902302,0.010353370836234752,-0.011406159522465837,0.0034283212321024603,0.018006153605452924
approach2,h1,95,0.0123360959668275,1001,50,0.3320748923980871,0.021462758685657404,0.017439590048953263,0.019298622937769204,-0.013676456202617138,-0.003721631392958574,0.007245892247342229,0.0024829951888917477,-0.0021013507377951306,-0.011675626527918006,-0.0034912608296585844,0.0005004735610348775,0.0012325019281359158,0.006078603713722023,0.001673954891045615,-0.011601886171493499,0.0019006642841565002,0.006143954097307137,0.006430211282309679,-0.006778021261677478,-0.0010295631879120365,-0.0023170473524164355,-0.007234002763200846,0.0005403570919458121,0.005269452011259501,0.007500521307419733,0.001827889019797706,0.00032253771177520076,-0.0013968505911121781,-0.0019194957314668587,0.007475464847151638,0.006385884181825582,-0.012340980680423944,-0.005822236659871909,-0.0020038621195107324,-0.006874946604286096,0.0033602163181632692,0.01785692778423071,0.0024862088619644527,0.0004041134434664348,0.00401410996523679,0.005545205935653532,-0.024789056350220356,0.017741006079296982,0.005642334421366654,0.0040255378208838635,0.002300095664581628,-0.00013359821986421924,-0.0016062604347830745,-0.00021910678139121578,-0.002730022924778812,-0.0008020395515945539,-0.0008824274547190054,0.010764278903556818,0.0032387000775622567,-0.011087648744068734,0.00966101031067634,0.0011394784224639833,-0.003758050260968681,0.0066533996665426405,0.010189568066903316,-0.0041130701360854146,-0.011680434678944576,-0.0003709347753490747,-0.004825523591835554,-0.0012590220101696926,-0.012018605946568398,-0.0009462284178752001,0.006586004333461307,-0.0011703176275787482,0.011462289388836283,0.0015988750140146554,0.037525857835958756,-0.0032936896557507842,0.06305032517714648,0.0002967012262030076,-0.0030319991808630768,-0.010487597985450235,-0.009481152076564246,-0.00017995074081169835,-0.0010540363177320737,-0.01334538945584219,-0.003409373855077151,0.0052949760445119495,0.000816870505218263,0.004260437740556058,0.002222239082301495,-0.012604924856355074,-0.026176715174184816,0.007462103006192236,0.005370075395425137,-0.003165963714767206,-0.0013060518675806591,-0.0023231279647629513,-0.005010215763395177,0.006433111431517654,0.00040069573137031323,0.0010162484240988853,-0.00023486898156337577,-0.029811293878964557,0.0052367874248628096,0.003779749061295135,0.00375328418420752,0.008172399809334232,-0.003957050014198488,-0.003962143427176755,0.0009020803742769397,-0.006054270702071062,0.0009589059383595363,-0.011444532353947417,-0.009350779273606984,-0.0017342133742051474,-0.02283402380209412,0.019565249199930843,-0.014917496687438705,0.001669611600067426,0.012157858560751644,-0.00016806938472265463,-0.0031677404983610127,-0.0016502337615344896,-0.005651640871305808,-0.0007794688543474116,-0.03558564371419032,-0.0026221191397400537,0.006344908170571325,-0.004105096296588159,0.011314220499298873,-0.0024225094813255296,0.005862858182506675,0.016130161302026123,-0.002580602722564375,0.0061321348546283655,-0.0016110824152944497,0.005619901717151547,0.007932502358483102,0.005852548521813741,-0.0015389482411864869,-0.010914027386956758,-0.008584325073312388,0.00394445253938536,0.0009213168705794229
approach2,h2,5,-0.000411395956793,1001,950,0.3494342001563888,-0.0022592610241396333,-0.01081541304242282,0.004296368354774991,0.018257227657444884,0.008825132585663203,-0.012328443445040792,-0.0013686574129588317,0.004559810309652124,0.013265067420681698,0.013302994322638165,0.01526654140697046,0.0071845314563296556,-0.0014454457759696484,-0.0006437167843625791,0.008694902248573305,0.01113847790485355,-0.004625017744628132,0.000299811274878335,0.009570907254572594,0.012344910014451597,0.010374042597241596,0.014456414071615464,0.0033010362023193126,0.011582055211112446,0.016465019695505012,0.00015124450351688317,0.01294298547245116,0.00208586299392641,-2.287574397080716e-05,-0.006855832646775237,-0.0012704625034873542,0.000621459018932847,0.009860727607284417,0.01633528989030382,0.01718784343553486,0.019010813194664692,-0.0018417263034034544,0.002196863101144843,0.012399898263526284,0.011131263705738852,0.007606772312811763,0.031346835465373826,0.00679970313014151,0.0038539720627725417,-0.007783017818760064,0.00881544263405934,0.010636767838397405,-8.812247213946158e-05,-0.0012758684996695083,-0.003158959454766141,0.011193009203558639,0.012733906195210119,0.009438886208490885,0.020460802982734554,0.01863917572152273,0.00365954654539308,0.00601321439256426,0.01358438244585514,-0.0007468283598297868,-0.002958256684495792,0.011196549701332856,0.03321119429637358,0.009725840931027584,0.0063418418781130675,0.011103058840014758,0.01996682069859679,2.6890426835786668e-05,-0.0035210608933741424,0.012292017825538123,0.017151770781480936,0.01662261234380439,-0.064112697822501,0.005974615128964125,-0.02837405279318302,0.009414010289051714,0.03209666554622216,0.014741069880221008,0.017084790503335133,0.005459054960319131,-0.005862090792547403,0.00978224747393052,0.011631166388439217,0.0019997386757769466,0.0022946654626604685,0.003470279277416853,-0.0008709060242465642,0.01733615779094746,0.030833559324459595,-0.01052114016189888,0.005963684683953673,0.019510409939289812,0.016333337191200288,0.007894516277309601,0.018307011601233228,-0.0013367021074377626,0.015183693826026454,0.015690980525944975,0.0035840234810685465,0.020525289729733616,0.013319570666600476,0.001081442695555209,5.594586259062562e-05,-0.0025591795021881166,0.02302081890517339,-0.005666682805902292,0.005567004548032624,0.009058819299350701,-0.003348435753070194,-0.004883382261670954,0.023205750890304286,0.000773869026910636,0.006833910919972376,-0.009795950017908348,0.021312884024463807,0.015062645789608345,-0.0018636485046968614,-0.00738382548770402,0.009606716085064429,0.016018744025035284,-0.0053540449878085,0.005456854763313336,0.026762818890805777,0.00991056214091995,0.004170550433463715,0.0040737876600982345,0.006610729620079426,0.006568960553172671,0.016520944161235007,0.004813059653678965,0.01045812894481406,0.005266691052767548,0.014090380466626258,0.0044520523886585886,0.011382598585887325,-0.0005358776882921114,0.0024811502911819923,0.008349092583525383,9.989758774895784e-05,0.009464422316141467,-0.01059282208445576
approach2,h2,25,-0.0003139138022476,1001,750,0.5926430605622162,-0.004743786535887071,-0.004199475227791167,-0.021432927918762862,0.05960416753595721,0.0008901064194516417,-0.005113317477901247,-0.0006257092538912833,-0.008629770356582073,0.015907151708821236,0.03738656880812159,0.0037258953940246782,0.029653459674933616,-0.0005750031246889026,-0.03396031241591237,0.010706791375180838,-0.023053168356486298,-0.0027867974543062494,0.015281489845928531,0.012775415352842802,-0.0006573979971541445,0.01397436619329621,-0.020542845552378047,-0.0031642305451762,-0.0030839479943365385,0.004964215271115068,0.002491315599605491,0.012650498536910465,7.240159419791975e-06,0.012258400332438971,-0.0042096285211027235,-0.005565971248556574,0.021434323676945234,0.010677795172239124,0.025377272148786857,0.028800262878134506,0.017393280602016753,-0.0007614784416962173,0.014992369963771734,0.0011244750780531713,0.009064858103368711,0.03515892432940926,0.06695693492685721,-0.0007814635692242437,0.004711025880208539,0.015091881558240022,0.011770977171501603,-0.004638845017927308,-0.008680611547323833,-0.029266285934943084,-0.010874644329616677,0.007160450028908066,0.01096470496685851,-0.01455876442537016,0.011253568917891936,0.00369139393117389,-0.006083724238564654,-0.008923128130166331,0.029973816793104673,0.003169659709406765,-0.013745158754825508,0.008466841502158531,0.06518427713166182,-0.010199268213845352,-0.015403826850267463,0.0036715634436510283,0.011181076353606812,0.004325657573642679,-0.01799834358571069,2.5621917302202923e-05,0.01646675123802554,0.02067845966073134,-0.18511896179671308,0.011045491807530053,-0.08910968131248857,0.025709101994522573,0.09636702148117524,0.013611923558686997,0.003459800519626412,-0.018550086839953035,-0.003162351801553373,0.021902888501117174,-0.004627241410509703,0.0012926164617612212,-0.005083782109041583,0.014100133490673596,0.0014372133583824133,0.027674578511969864,0.07408651989160561,-0.04360082720203815,-0.00421322463330963,0.0710231820743929,0.009172411433091776,0.001185246217330984,0.007563314143252418,-0.0549039179520555,0.023986744415661797,0.02667504184825406,0.0031922410964336963,0.029089698523850793,0.011457258545598408,0.0011057417390804188,-0.02371043173532314,0.013832351333815447,0.010097612917145024,-0.023432465110889818,-0.006063856044437977,-0.014276770955378226,-0.00574203952423495,0.02355846787662956,0.062373048220481245,0.002258138707359209,0.010766319106431966,0.0018498660541920627,0.022233042418608844,0.0012051034724476217,-0.01609973141412991,-0.013439264744434281,0.022941844020672605,0.016036819626211382,0.005781878294461635,0.02018645504692893,0.04497187824978442,0.014587760359332836,0.00921019835798894,0.0009582341610999794,0.023677936282636244,0.0057120775764535675,0.035526196899835605,0.017166457264481023,0.023535676733923056,0.027666131528820165,0.0062341144608586575,0.0004281336781517889,0.004936763394251817,-0.008995969093304409,-0.004129815619240328,0.003693906062575608,0.019235405724337903,-0.02360109189177293,-0.03783898708411525
approach2,h2,75,-0.0002063051338573,1001,250,0.5806385733413426,-0.03573116809074088,0.009712479889416595,-0.02352705927370968,0.07095513615331084,-0.004179583344022408,0.01594815896561654,0.0007842147199730379,-0.01849340892910959,-0.0154821729481323,0.021718757779887646,0.000856959286160159,0.008871903834816633,-0.011837559793221333,-0.03619430941541858,-0.0068489865880695805,-0.013475952646627432,0.010850537929047652,-0.004249230449810373,-0.012499539241959899,-0.015240666349115993,0.0070805612936950205,-0.03353450175949304,-0.00014324505602355143,0.00033982512419859084,-0.023392878254897744,0.00607362065121393,-0.00888176147560486,0.0034845595329960483,0.029030012402750986,-0.004095176949112762,-0.032315249908068173,0.008679142737010478,0.017771995771453136,0.03209378200850858,0.026249444322047323,0.021032001429209343,-0.002585909028535272,0.0061558715629747105,-0.0022188029215578584,-0.002398146564827907,-0.0013472294979068999,0.01705814641790719,-0.003300484858611022,-0.026124941471063663,0.02139981465230456,0.014336675821955532,7.303780619642708e-05,-0.009378490378636199,-0.04014304630877909,-0.005107857557302378,-0.008210692807680123,0.018270285651795733,-0.017185269739811562,0.007592349171860016,-0.0006569256496408195,-0.0019774104252250216,-0.0029726325055605407,0.012074713279841734,-0.006599221040816002,-0.006866424123056738,0.005662860575198953,0.054934734283977896,0.0009616259707200562,0.009311772037521298,0.0015357167030264195,0.012727829517067144,-0.007838361585142003,0.003235835078194904,-7.51310674896831e-05,0.006631283763874094,0.025450252156087858,-0.13720209345891307,0.017849116418850685,-0.09287519131311796,0.02160709786649329,0.15033663117064733,0.004705279283727978,0.0220015317156695,0.007600973731367438,0.0003421899301977345,0.011277009145579072,-0.002898440564391545,-0.0018940994194995946,-0.017069100428018586,0.0028974919591668938,-0.003452361316767334,0.02727029431760896,0.08443548624065828,-0.0013033068189317945,0.009151924830421165,0.07164905809950654,0.012292079200251913,-0.0017579584336321098,0.007791444891267745,-0.08013444832576724,0.014712719846182654,0.020413435894627116,0.021213199249523473,0.0169325804555512,0.02317630825993496,0.020679719913220266,-0.04383668618222332,-0.018344822906107495,-0.012936484530623888,-0.0026181485448374953,0.013891241655816206,-0.015690707715437673,0.00678683220336667,0.01635987221088569,0.04912563437327962,0.005903568645346722,-0.0029527610351947706,0.011473560260804812,0.05705683584749948,-0.008518656170661547,-0.01616828510335886,-0.013653083917050337,0.008865802299020797,0.006392104657976919,-0.00808085104413548,-0.011596700475353647,0.04806820807583949,0.03563607761702631,-0.009814029247668256,-0.0043877916802308944,0.012384145550507472,-0.03884423449033742,0.02124506429151728,0.0022339064278159553,-0.014539190474085197,-0.012757011963944267,-0.011402514856962757,-0.009908891772537063,-0.002412297497437396,-0.010174113722486002,0.0179474241265865,-0.006302033027429026,0.00041936897528087325,-0.01156997337033723,-0.06077125393093995
approach2,h2,95,-0.0001275194074112,1001,50,0.3391459629326571,0.0001957965187557205,-0.0028664942729613816,0.0006760274707987984,0.019053012442115526,0.0035212180783632226,0.004975661977918742,-0.004573836378409575,0.003393269218454597,0.002860666318354658,0.015058420005200024,-0.015304895733709096,0.004174030875859883,-0.014249318936834485,-0.013494494058725947,-0.00959356373971343,-0.005326049521200775,0.0008163985956404773,0.003929755324521677,0.0014597337944954533,0.004279678671635213,-0.011727737244954354,-0.015379017478611447,0.0024948842922292245,-0.0006054022765751149,-0.011652897765198494,0.001602890800662107,-0.002967578155298082,0.00979697182470353,0.009776642030006543,-0.0037623131827651873,-0.004594678933594942,-0.0030915451178146233,-0.010476958796648839,0.005643854554136677,0.0036855423609175753,-0.00015441481076646467,0.004608479525873268,-0.01104406911028907,-0.004470237480349196,0.0016154318855810192,-0.002672545081011917,0.011624071237106594,-0.0066625755895929825,0.016678515357684363,0.018740603678076236,0.015565578341672475,0.0021060022710234255,-0.014157321732377345,-0.00685159295718692,-0.007207218186511377,-0.0005215085297375095,-0.003479009341732578,-0.014056461380155092,0.002189211194317575,0.013041104058661539,-0.00767897862362219,0.004513530752756883,0.005142159850506684,0.004259380776971226,0.003328295178950281,-0.011988019647152445,0.01187202733605677,-0.004873773044921015,-0.004378155532887554,0.003506505002447889,0.007345533006731829,-0.005494950539906373,-0.005851811283666956,-0.006406742891757252,0.0035091006191792827,0.0008134361404306015,-0.035792670181055135,-0.002568315683354732,-0.028545671693935282,0.010136026505176997,0.0677395846836175,0.005839903589015519,0.00416682125220405,0.0035278862861332604,-0.006698369368153519,0.010430736240078366,-0.004667347806158611,0.0023067951053380867,-0.009580891179061014,0.0037658839634700245,-0.012840425729700256,0.0018217978262068633,0.02490682366649951,0.007160325814072454,0.0053812640893617595,0.02489213348285796,-0.003310245910043903,0.005456764729359017,0.00016497271452538525,-0.022096009827179984,0.004250868190623264,-0.0008718439855575728,-0.000661144614723026,0.0006494016438766039,0.004905442512112406,0.0038175628911379473,-0.016138083550210097,-0.004948667719616148,0.0033997402837077995,0.005312766589230198,-0.00524773861758729,-0.0016682320063740258,-0.007402079846041437,0.014685958598855457,0.005285171346384404,0.004778120527582157,-0.0030046029673083873,0.0015165651231310012,0.01901884007782003,-0.010781001235409695,-0.009751930332366782,0.00585324995785029,-0.004382692419147832,0.008341503576575196,-0.001606793499226677,-0.0043789423733038915,0.004718769774709433,0.015755735926317307,-0.002390904142637235,0.007403513150731277,0.014376292419021539,-0.004150417247114584,0.015177482571914916,0.0024072425133734657,-0.014418082655916821,-0.00787289843370156,0.014511097572758702,0.0037138404045649644,0.0006101826362591629,-0.009219104130537354,0.005927192716655054,-0.008968395963525447,-0.006768491460893113,0.006408331407457367,-0.02250749075462522
approach2,T_opt,5,10.809259828749996,1001,950,0.32133256365026863,0.02063355730967395,-0.01289798712331086,0.01869194969818202,0.019978399374683774,0.005156759424231992,0.009385986805994173,0.004034940234584733,0.0011436279415205225,0.01192138602928165,0.01007045694799084,0.013558493992429864,-0.0014653811598062793,0.029300165283013165,-0.0020495669682962527,0.01928902009330885,-0.0008853034194967711,0.021150995290695654,-0.0009193837298428573,0.005196575467494672,0.01721090697861646,-0.00403056432617721,0.020117635220388366,0.00019437299275824231,0.002817977098121138,0.006953387623565282,0.011217010424898088,0.0021652994647626154,0.003221962311832094,0.027609808408858464,-0.013696060386707568,-0.0001274785543776075,0.004225789059365499,0.0018688387105025173,0.018126199297906168,0.012362434270038225,0.007212676723942105,0.019980602540138608,0.005919143295830846,0.005292621073559137,0.016691626384955943,0.0018793607648744984,-0.02161330646971125,0.007671449037496857,0.0008335610902130957,0.00817329522230877,0.006593875121221377,-0.0008476456989550095,0.0005887804482235595,0.0013401966077917623,-0.013294750280969901,-0.00017056703689250982,-0.0074711021728858275,0.022590975983975376,0.00842073029349406,0.008837791614872127,0.005972721729125639,0.010292895269969588,0.014586973959008098,0.007493368338084446,0.011273406709747708,-0.0241287512608698,0.016027507731317524,0.00818654782029078,0.0021987656496183358,0.011173661685138368,0.008245377758027268,-0.006787767654462106,0.011243776393155274,0.010889980882945809,0.004626065223158117,0.00546434028663061,-0.016696125630358594,0.005760951086487016,0.051672998462227435,0.01750541499754968,0.030681380733450773,0.015249545517200418,0.004837244185635027,0.012003765672196142,-0.001503046133844308,0.005660920899047479,-0.002652644943192837,0.007394588915558157,-0.006532171692969435,-0.008379527610561939,0.004835809216841878,-0.031015483465145256,-0.015038363558425492,0.022234962284707824,-0.007591233308473977,0.0072104699245501775,0.013723986352719217,0.0010964944072372404,0.005278446145809952,0.010807966624090599,0.011912189920607,0.0035344853919102425,0.010639017169036858,0.01862254871010093,0.0015085138849781276,0.0005548629078466049,0.01258348036904344,0.0016391926452668307,0.003450647184804066,0.007772054172474755,0.016214489190610974,0.029414495277886386,0.0018510861687990963,0.01858732499318712,0.015285634594913194,0.00983188621258109,0.004792498962071052,0.02109309329248465,0.012466376497390151,-0.004823591963685711,0.002146513849093354,0.010555183634586093,0.004781278629948368,-0.008392413599152881,0.013922035908870443,0.011003897465163816,-0.009801614309054558,0.00637229058883931,0.012276806646570377,-0.013251466013115429,0.02274954748171603,0.010791670352520507,0.02452987099164841,0.003314176767702511,0.007621723363157501,0.007261963972129826,-0.0006465256285054519,0.0063688872510175056,0.0037629273700071795,0.006388124700648354,0.006365971346281772,-0.0006735524595201329,0.002213773013931773,0.018145019645586204,0.014223793226495765
approach2,T_opt,25,13.230504403400564,1001,750,0.5543059928899471,0.05197749180668457,-0.01121397668055308,0.042377315024870826,0.04564536899777537,0.026503680719266683,0.007204926955680157,0.011789151707832167,-0.011482131314944188,0.03060158396342117,0.0019459556158317876,0.012944408674499357,-0.005029186273549801,0.03877850811328297,0.0053532675286028595,0.012778423146166711,-0.0014549211323690234,0.01476011954449211,0.002856850543660843,-0.024535152099255927,0.029257227813958987,-0.00043543610464134505,0.027636195376032714,-0.016485260370719377,0.010924144422981258,-0.01066992396852408,0.02689541864378727,0.017453831753596775,0.011148400369038082,0.013380421191187118,-0.003910853338983247,-0.013152925059383303,-0.008665683862643485,0.008145577096483518,0.03707691750854401,-0.009030462652721463,0.03385533366428496,0.025054757602523216,-0.005026356454806971,-0.005646617766892376,0.03823376667535802,0.024329843973671786,-0.05039440751597459,0.02291345386854296,-0.02285578453553384,-0.011017044722888128,0.015156817202437327,-0.01552444548205442,-0.0048375871031102234,-0.01972066938599663,-0.031259162759938834,0.009383238250135473,0.011365570450334825,0.02283940609195161,0.015416800557769618,0.006670116547919113,0.018212609601984175,0.013013053980576268,0.01969941782374381,-0.0043794080170687175,0.013101972219879231,-0.08475590411969304,0.029438049294184192,0.039738753038383104,-0.01801986178927991,0.018382001853205952,0.005299394909965071,-0.029208001967354586,0.03823022828300847,0.002507200586140801,-0.0001125909051544402,-0.014904852613742997,-0.11645604414021057,0.001740729241973469,0.13447906884018587,0.037316604115055156,0.12441967767377714,0.029904379478172587,-0.005353701929184236,0.005929934940723455,0.008179896762745251,0.020712378420008844,0.01984331307849465,0.01563916983696363,0.004293226989830114,-0.012327061430438404,-0.023778874523277718,-0.0707643846111953,-0.04555339529394607,0.011774758919783973,-0.0036550261788245667,0.02202025922244953,0.0061209518167604626,0.010748137586160278,0.015381422750161943,-0.008898052022855096,0.03655746495521328,-0.016686204468234087,0.0147985022377227,-0.009716305439545204,0.0006906873909877948,0.0049509991990606406,-0.018485559910680002,-0.0011858437913644677,0.011961388238541537,-0.007647641478957905,-0.0009528511405892531,0.046061445135235746,0.012335202866774425,0.00867377231987721,0.0049407876583505775,0.022251025247740294,0.002835039142443121,0.02874768143524288,0.02367887406373801,-0.0008625671614566274,-0.001665403243177585,0.0075428742455073555,0.008728000427642834,-0.0004395001243648368,-0.011954660787139807,0.01227764162847713,-0.03235364810042775,-0.0016962026727953133,0.01658732096828639,-0.062276070793709934,0.030316998968990757,-0.017938273018508318,0.02922267509456393,-0.0039759899300206465,-0.010946965915254389,0.004107992132408363,-0.011970075113993292,0.006183379306590079,0.021145480477666758,0.0071401767410726145,-0.00534258042579025,-0.013236273785350333,-0.019996158552287834,0.01449960447231017,-0.027367363293739254
approach2,T_opt,75,17.56432411436771,1001,250,0.612933513620405,0.017840180349038687,0.012685172505038898,0.05239078804515868,0.01952125886371977,-0.00316844569400016,0.021371362657985185,0.019671818678185314,0.003487241768027137,-0.0015939941153774704,0.02443612755985918,0.004471402188611563,0.0036340707918421575,0.029723541938091423,-0.04384982795053222,0.0013123456021734443,0.006115792815954188,0.003655947655011451,-0.009429281660261305,-0.0033440029237478824,0.014566260449742598,-0.002636587130493072,0.02401321676857528,-0.012390020027517495,0.004895928939473451,-0.0047212550013244585,0.04044142653544752,0.0145585903544582,0.00019865867438029726,0.008315635288945657,0.0006242733833065131,-0.031155394465088644,-0.011080993520255746,0.0007383854997957892,0.03476704364473432,-0.008187993886026448,0.03174092776347421,-0.01887883510867868,-0.00269871866844009,0.0018331719569597065,-0.0022588429699982194,0.01688660006578497,-0.021499754746828033,0.003957126312904306,-0.02718197476379387,0.0038891786301509627,0.025774438783556685,0.0019387930441847317,-0.023262096054458253,-0.03160990999186793,-0.050946042142678054,-0.010003369212484486,0.019703723908202957,-0.002403376676757784,0.004473974752827991,-0.004757401081721284,-0.008477440997350174,0.005509991547078319,0.0040338401323910264,0.003578213838053821,0.028851642815128566,-0.07880047912081237,0.056654150248218904,0.008371732125879739,-0.00142757945449392,0.007348431283381106,0.0018774936742162168,-0.04301426076734309,-0.003675989026581273,0.0006214217402154458,0.014172491133507846,-0.0002844733856703051,-0.12210096699042694,0.004569247698053042,0.08749870366289486,0.02332137982077608,0.1718740101097114,0.022165332059926473,0.005176216666570154,-0.0240195451592011,-0.025733139126668393,0.014141343128073814,-0.002953607560767159,0.014925966674237477,-0.004616296444689159,0.0012422755745374221,-0.019075008557527237,-0.036489385769735115,-0.021037958041158614,-0.013808214680668222,0.023508511839692887,0.05629694805061333,0.026747552580184613,0.0015878535461287396,0.0230320986661173,-0.05942154725744009,0.019371967937704366,0.005876141428788648,0.01191389678537895,0.008206660972241049,0.014306012144235398,0.007395269327608152,-0.021835559830506925,-0.005661308417087894,0.019184644587176006,-0.00865529865356697,-0.006814311174930825,0.023271490888403898,0.008088700865419414,0.017396949376840918,0.014112824044122587,0.022566679729468228,0.005482090720994703,0.019133388875318416,-0.003934224528738104,-0.03253259207164917,-0.020562290108489704,-0.03245142156376818,-0.0034883696445863893,0.015547589493406736,-0.031147270421486222,0.011064366637400375,-0.030510018243398322,0.023822463727890146,0.004570637727475641,-0.05417944415740972,-7.949138541475664e-05,-0.029470708878533734,0.018747831262839253,-0.002642580341013825,-0.01861222460331082,-0.0003778381098399775,0.008473706399441689,0.02245165778705319,0.023863531542564105,0.01807620171463972,0.012072443912946249,-0.0031871336618071577,0.00851070707833414,-0.01999485687844341,-0.06660421284380542
approach2,T_opt,95,23.60379244253589,1001,50,0.34142023684972456,0.0022788464351064675,0.006752307473664827,0.008231194223482964,0.0031020636405248055,-0.001944692630573907,0.0005623194916030208,-0.0002832170255578628,0.005699325498383763,-0.00139599798632155,0.010098477238448018,-0.0010856013937764575,-0.002727692142454989,-0.0027560062398939954,-0.01882807798029556,-0.004150761662358815,0.00045956151907147313,0.00041987480796026183,-0.007817732085430266,0.0026967328660293353,-0.0011969664399718292,-0.005769566651098911,-0.010299430360784855,-0.007754813281337458,0.0005234132115223928,0.003134339373702129,0.0135946870259889,-0.010907425713097498,0.012577220504199191,0.005885397480117821,-0.01008049125288151,-0.003520123707569194,-0.0017179993782731945,-0.004850818644791257,-0.007656725364019517,-0.0014328442186279434,0.006437745449999123,-0.0015924073946844346,-0.006136515230898092,-0.0023152293585744794,0.007826403443453454,-0.008644057766113804,0.01684764562200962,-0.0012311521014567953,-0.002552559037677442,0.002635862152238145,0.015463794219203846,-0.002573403939450958,-0.011845356073008899,-0.004121445497036726,-0.014250869069528202,0.003416086849914092,0.0015457428977493559,-0.0036587163771097664,0.004161013117361841,0.004814893778474388,-0.002102875731796379,0.005249445448603668,0.005462023361006759,-0.00040828533963614775,0.00830243134347216,-0.010970937968818508,0.0202092783897148,-0.0019702991274766117,0.007555774284304467,0.0043354451077017115,0.005962927046490213,-0.015910854251356736,-0.0038206002157510728,-0.00636424373288592,-0.002382669531937889,-0.0075224199806819434,-0.035637007158789424,-0.002502287055851783,-0.0002483611451670947,0.009408419196576681,0.08085892491263966,0.014799127294712115,0.0010007218824390303,-0.0005269134159612012,-0.015063595968168699,0.006888978199257674,-0.009217705375533918,0.0027013550146626534,-0.012127838397485022,0.008955595589788298,-0.006826947870500878,-0.0065798908249171464,-0.0016686911747158504,0.001491788299798711,-0.0022857971613532086,0.02210707582698248,0.0027087523103653402,0.0051092391250763276,0.006501972838840992,-0.02298061979531297,0.0031258004218235984,0.007106547696275417,0.0017800343547793216,0.007083640558074424,0.008799285125572567,-0.0019097590483693368,-0.01591934118099189,-0.00047915713962338666,0.00805764403693993,-0.000293920980086283,-0.01237444068376074,0.0034699890590360223,0.0029551158025604876,0.0076477734387530825,0.011761635537748404,0.01044203453511831,-0.0022178645942762774,0.01721093230834718,0.011355795125583126,-0.007682240181774238,-0.009034011306199824,0.003421375663679513,-0.005008871387471487,0.00904023887363656,-0.00033442003365654195,0.008697273113860359,-0.0024868174664731436,0.004997312371929347,0.0017073355008153479,-0.014248104662422632,0.006033237091412634,-0.005183825845348735,0.0006886800063749766,0.0015457722798915123,-0.01106102107659732,-0.00843435609357379,0.007235585040546412,0.0021152485584270903,0.0005881183919905402,-0.002921392201785119,0.009972822592416558,-0.0038860821975392843,-0.007323515424022838,0.0014359202479213417,-0.018933011173804713
approach2h0,h1,5,0.0,1001,0,0.0,0.0,0.0,0.0,0.0,0.0,0.0,0.0,0.0,0.0,0.0,0.0,0.0,0.0,0.0,0.0,0.0,0.0,0.0,0.0,0.0,0.0,0.0,0.0,0.0,0.0,0.0,0.0,0.0,0.0,0.0,0.0,0.0,0.0,0.0,0.0,0.0,0.0,0.0,0.0,0.0,0.0,0.0,0.0,0.0,0.0,0.0,0.0,0.0,0.0,0.0,0.0,0.0,0.0,0.0,0.0,0.0,0.0,0.0,0.0,0.0,0.0,0.0,0.0,0.0,0.0,0.0,0.0,0.0,0.0,0.0,0.0,0.0,0.0,0.0,0.0,0.0,0.0,0.0,0.0,0.0,0.0,0.0,0.0,0.0,0.0,0.0,0.0,0.0,0.0,0.0,0.0,0.0,0.0,0.0,0.0,0.0,0.0,0.0,0.0,0.0,0.0,0.0,0.0,0.0,0.0,0.0,0.0,0.0,0.0,0.0,0.0,0.0,0.0,0.0,0.0,0.0,0.0,0.0,0.0,0.0,0.0,0.0,0.0,0.0,0.0,0.0,0.0,0.0,0.0,0.0,0.0,0.0,0.0,0.0,0.0,0.0,0.0,0.0,0.0,0.0
approach2h0,h1,25,0.0,1001,0,0.0,0.0,0.0,0.0,0.0,0.0,0.0,0.0,0.0,0.0,0.0,0.0,0.0,0.0,0.0,0.0,0.0,0.0,0.0,0.0,0.0,0.0,0.0,0.0,0.0,0.0,0.0,0.0,0.0,0.0,0.0,0.0,0.0,0.0,0.0,0.0,0.0,0.0,0.0,0.0,0.0,0.0,0.0,0.0,0.0,0.0,0.0,0.0,0.0,0.0,0.0,0.0,0.0,0.0,0.0,0.0,0.0,0.0,0.0,0.0,0.0,0.0,0.0,0.0,0.0,0.0,0.0,0.0,0.0,0.0,0.0,0.0,0.0,0.0,0.0,0.0,0.0,0.0,0.0,0.0,0.0,0.0,0.0,0.0,0.0,0.0,0.0,0.0,0.0,0.0,0.0,0.0,0.0,0.0,0.0,0.0,0.0,0.0,0.0,0.0,0.0,0.0,0.0,0.0,0.0,0.0,0.0,0.0,0.0,0.0,0.0,0.0,0.0,0.0,0.0,0.0,0.0,0.0,0.0,0.0,0.0,0.0,0.0,0.0,0.0,0.0,0.0,0.0,0.0,0.0,0.0,0.0,0.0,0.0,0.0,0.0,0.0,0.0,0.0,0.0,0.0
approach2h0,h1,75,0.0,1001,0,0.0,0.0,0.0,0.0,0.0,0.0,0.0,0.0,0.0,0.0,0.0,0.0,0.0,0.0,0.0,0.0,0.0,0.0,0.0,0.0,0.0,0.0,0.0,0.0,0.0,0.0,0.0,0.0,0.0,0.0,0.0,0.0,0.0,0.0,0.0,0.0,0.0,0.0,0.0,0.0,0.0,0.0,0.0,0.0,0.0,0.0,0.0,0.0,0.0,0.0,0.0,0.0,0.0,0.0,0.0,0.0,0.0,0.0,0.0,0.0,0.0,0.0,0.0,0.0,0.0,0.0,0.0,0.0,0.0,0.0,0.0,0.0,0.0,0.0,0.0,0.0,0.0,0.0,0.0,0.0,0.0,0.0,0.0,0.0,0.0,0.0,0.0,0.0,0.0,0.0,0.0,0.0,0.0,0.0,0.0,0.0,0.0,0.0,0.0,0.0,0.0,0.0,0.0,0.0,0.0,0.0,0.0,0.0,0.0,0.0,0.0,0.0,0.0,0.0,0.0,0.0,0.0,0.0,0.0,0.0,0.0,0.0,0.0,0.0,0.0,0.0,0.0,0.0,0.0,0.0,0.0,0.0,0.0,0.0,0.0,0.0,0.0,0.0,0.0,0.0,0.0
approach2h0,h1,95,0.0,1001,0,0.0,0.0,0.0,0.0,0.0,0.0,0.0,0.0,0.0,0.0,0.0,0.0,0.0,0.0,0.0,0.0,0.0,0.0,0.0,0.0,0.0,0.0,0.0,0.0,0.0,0.0,0.0,0.0,0.0,0.0,0.0,0.0,0.0,0.0,0.0,0.0,0.0,0.0,0.0,0.0,0.0,0.0,0.0,0.0,0.0,0.0,0.0,0.0,0.0,0.0,0.0,0.0,0.0,0.0,0.0,0.0,0.0,0.0,0.0,0.0,0.0,0.0,0.0,0.0,0.0,0.0,0.0,0.0,0.0,0.0,0.0,0.0,0.0,0.0,0.0,0.0,0.0,0.0,0.0,0.0,0.0,0.0,0.0,0.0,0.0,0.0,0.0,0.0,0.0,0.0,0.0,0.0,0.0,0.0,0.0,0.0,0.0,0.0,0.0,0.0,0.0,0.0,0.0,0.0,0.0,0.0,0.0,0.0,0.0,0.0,0.0,0.0,0.0,0.0,0.0,0.0,0.0,0.0,0.0,0.0,0.0,0.0,0.0,0.0,0.0,0.0,0.0,0.0,0.0,0.0,0.0,0.0,0.0,0.0,0.0,0.0,0.0,0.0,0.0,0.0,0.0
approach2h0,h2,5,0.0,1001,0,0.0,0.0,0.0,0.0,0.0,0.0,0.0,0.0,0.0,0.0,0.0,0.0,0.0,0.0,0.0,0.0,0.0,0.0,0.0,0.0,0.0,0.0,0.0,0.0,0.0,0.0,0.0,0.0,0.0,0.0,0.0,0.0,0.0,0.0,0.0,0.0,0.0,0.0,0.0,0.0,0.0,0.0,0.0,0.0,0.0,0.0,0.0,0.0,0.0,0.0,0.0,0.0,0.0,0.0,0.0,0.0,0.0,0.0,0.0,0.0,0.0,0.0,0.0,0.0,0.0,0.0,0.0,0.0,0.0,0.0,0.0,0.0,0.0,0.0,0.0,0.0,0.0,0.0,0.0,0.0,0.0,0.0,0.0,0.0,0.0,0.0,0.0,0.0,0.0,0.0,0.0,0.0,0.0,0.0,0.0,0.0,0.0,0.0,0.0,0.0,0.0,0.0,0.0,0.0,0.0,0.0,0.0,0.0,0.0,0.0,0.0,0.0,0.0,0.0,0.0,0.0,0.0,0.0,0.0,0.0,0.0,0.0,0.0,0.0,0.0,0.0,0.0,0.0,0.0,0.0,0.0,0.0,0.0,0.0,0.0,0.0,0.0,0.0,0.0,0.0,0.0
approach2h0,h2,25,0.0,1001,0,0.0,0.0,0.0,0.0,0.0,0.0,0.0,0.0,0.0,0.0,0.0,0.0,0.0,0.0,0.0,0.0,0.0,0.0,0.0,0.0,0.0,0.0,0.0,0.0,0.0,0.0,0.0,0.0,0.0,0.0,0.0,0.0,0.0,0.0,0.0,0.0,0.0,0.0,0.0,0.0,0.0,0.0,0.0,0.0,0.0,0.0,0.0,0.0,0.0,0.0,0.0,0.0,0.0,0.0,0.0,0.0,0.0,0.0,0.0,0.0,0.0,0.0,0.0,0.0,0.0,0.0,0.0,0.0,0.0,0.0,0.0,0.0,0.0,0.0,0.0,0.0,0.0,0.0,0.0,0.0,0.0,0.0,0.0,0.0,0.0,0.0,0.0,0.0,0.0,0.0,0.0,0.0,0.0,0.0,0.0,0.0,0.0,0.0,0.0,0.0,0.0,0.0,0.0,0.0,0.0,0.0,0.0,0.0,0.0,0.0,0.0,0.0,0.0,0.0,0.0,0.0,0.0,0.0,0.0,0.0,0.0,0.0,0.0,0.0,0.0,0.0,0.0,0.0,0.0,0.0,0.0,0.0,0.0,0.0,0.0,0.0,0.0,0.0,0.0,0.0,0.0
approach2h0,h2,75,0.0,1001,0,0.0,0.0,0.0,0.0,0.0,0.0,0.0,0.0,0.0,0.0,0.0,0.0,0.0,0.0,0.0,0.0,0.0,0.0,0.0,0.0,0.0,0.0,0.0,0.0,0.0,0.0,0.0,0.0,0.0,0.0,0.0,0.0,0.0,0.0,0.0,0.0,0.0,0.0,0.0,0.0,0.0,0.0,0.0,0.0,0.0,0.0,0.0,0.0,0.0,0.0,0.0,0.0,0.0,0.0,0.0,0.0,0.0,0.0,0.0,0.0,0.0,0.0,0.0,0.0,0.0,0.0,0.0,0.0,0.0,0.0,0.0,0.0,0.0,0.0,0.0,0.0,0.0,0.0,0.0,0.0,0.0,0.0,0.0,0.0,0.0,0.0,0.0,0.0,0.0,0.0,0.0,0.0,0.0,0.0,0.0,0.0,0.0,0.0,0.0,0.0,0.0,0.0,0.0,0.0,0.0,0.0,0.0,0.0,0.0,0.0,0.0,0.0,0.0,0.0,0.0,0.0,0.0,0.0,0.0,0.0,0.0,0.0,0.0,0.0,0.0,0.0,0.0,0.0,0.0,0.0,0.0,0.0,0.0,0.0,0.0,0.0,0.0,0.0,0.0,0.0,0.0
approach2h0,h2,95,0.0,1001,0,0.0,0.0,0.0,0.0,0.0,0.0,0.0,0.0,0.0,0.0,0.0,0.0,0.0,0.0,0.0,0.0,0.0,0.0,0.0,0.0,0.0,0.0,0.0,0.0,0.0,0.0,0.0,0.0,0.0,0.0,0.0,0.0,0.0,0.0,0.0,0.0,0.0,0.0,0.0,0.0,0.0,0.0,0.0,0.0,0.0,0.0,0.0,0.0,0.0,0.0,0.0,0.0,0.0,0.0,0.0,0.0,0.0,0.0,0.0,0.0,0.0,0.0,0.0,0.0,0.0,0.0,0.0,0.0,0.0,0.0,0.0,0.0,0.0,0.0,0.0,0.0,0.0,0.0,0.0,0.0,0.0,0.0,0.0,0.0,0.0,0.0,0.0,0.0,0.0,0.0,0.0,0.0,0.0,0.0,0.0,0.0,0.0,0.0,0.0,0.0,0.0,0.0,0.0,0.0,0.0,0.0,0.0,0.0,0.0,0.0,0.0,0.0,0.0,0.0,0.0,0.0,0.0,0.0,0.0,0.0,0.0,0.0,0.0,0.0,0.0,0.0,0.0,0.0,0.0,0.0,0.0,0.0,0.0,0.0,0.0,0.0,0.0,0.0,0.0,0.0,0.0
approach3,h1,5,0.0,1001,0,0.0,0.0,0.0,0.0,0.0,0.0,0.0,0.0,0.0,0.0,0.0,0.0,0.0,0.0,0.0,0.0,0.0,0.0,0.0,0.0,0.0,0.0,0.0,0.0,0.0,0.0,0.0,0.0,0.0,0.0,0.0,0.0,0.0,0.0,0.0,0.0,0.0,0.0,0.0,0.0,0.0,0.0,0.0,0.0,0.0,0.0,0.0,0.0,0.0,0.0,0.0,0.0,0.0,0.0,0.0,0.0,0.0,0.0,0.0,0.0,0.0,0.0,0.0,0.0,0.0,0.0,0.0,0.0,0.0,0.0,0.0,0.0,0.0,0.0,0.0,0.0,0.0,0.0,0.0,0.0,0.0,0.0,0.0,0.0,0.0,0.0,0.0,0.0,0.0,0.0,0.0,0.0,0.0,0.0,0.0,0.0,0.0,0.0,0.0,0.0,0.0,0.0,0.0,0.0,0.0,0.0,0.0,0.0,0.0,0.0,0.0,0.0,0.0,0.0,0.0,0.0,0.0,0.0,0.0,0.0,0.0,0.0,0.0,0.0,0.0,0.0,0.0,0.0,0.0,0.0,0.0,0.0,0.0,0.0,0.0,0.0,0.0,0.0,0.0,0.0,0.0
approach3,h1,25,0.0,1001,0,0.0,0.0,0.0,0.0,0.0,0.0,0.0,0.0,0.0,0.0,0.0,0.0,0.0,0.0,0.0,0.0,0.0,0.0,0.0,0.0,0.0,0.0,0.0,0.0,0.0,0.0,0.0,0.0,0.0,0.0,0.0,0.0,0.0,0.0,0.0,0.0,0.0,0.0,0.0,0.0,0.0,0.0,0.0,0.0,0.0,0.0,0.0,0.0,0.0,0.0,0.0,0.0,0.0,0.0,0.0,0.0,0.0,0.0,0.0,0.0,0.0,0.0,0.0,0.0,0.0,0.0,0.0,0.0,0.0,0.0,0.0,0.0,0.0,0.0,0.0,0.0,0.0,0.0,0.0,0.0,0.0,0.0,0.0,0.0,0.0,0.0,0.0,0.0,0.0,0.0,0.0,0.0,0.0,0.0,0.0,0.0,0.0,0.0,0.0,0.0,0.0,0.0,0.0,0.0,0.0,0.0,0.0,0.0,0.0,0.0,0.0,0.0,0.0,0.0,0.0,0.0,0.0,0.0,0.0,0.0,0.0,0.0,0.0,0.0,0.0,0.0,0.0,0.0,0.0,0.0,0.0,0.0,0.0,0.0,0.0,0.0,0.0,0.0,0.0,0.0,0.0
approach3,h1,75,0.0,1001,0,0.0,0.0,0.0,0.0,0.0,0.0,0.0,0.0,0.0,0.0,0.0,0.0,0.0,0.0,0.0,0.0,0.0,0.0,0.0,0.0,0.0,0.0,0.0,0.0,0.0,0.0,0.0,0.0,0.0,0.0,0.0,0.0,0.0,0.0,0.0,0.0,0.0,0.0,0.0,0.0,0.0,0.0,0.0,0.0,0.0,0.0,0.0,0.0,0.0,0.0,0.0,0.0,0.0,0.0,0.0,0.0,0.0,0.0,0.0,0.0,0.0,0.0,0.0,0.0,0.0,0.0,0.0,0.0,0.0,0.0,0.0,0.0,0.0,0.0,0.0,0.0,0.0,0.0,0.0,0.0,0.0,0.0,0.0,0.0,0.0,0.0,0.0,0.0,0.0,0.0,0.0,0.0,0.0,0.0,0.0,0.0,0.0,0.0,0.0,0.0,0.0,0.0,0.0,0.0,0.0,0.0,0.0,0.0,0.0,0.0,0.0,0.0,0.0,0.0,0.0,0.0,0.0,0.0,0.0,0.0,0.0,0.0,0.0,0.0,0.0,0.0,0.0,0.0,0.0,0.0,0.0,0.0,0.0,0.0,0.0,0.0,0.0,0.0,0.0,0.0,0.0
approach3,h1,95,0.0,1001,0,0.0,0.0,0.0,0.0,0.0,0.0,0.0,0.0,0.0,0.0,0.0,0.0,0.0,0.0,0.0,0.0,0.0,0.0,0.0,0.0,0.0,0.0,0.0,0.0,0.0,0.0,0.0,0.0,0.0,0.0,0.0,0.0,0.0,0.0,0.0,0.0,0.0,0.0,0.0,0.0,0.0,0.0,0.0,0.0,0.0,0.0,0.0,0.0,0.0,0.0,0.0,0.0,0.0,0.0,0.0,0.0,0.0,0.0,0.0,0.0,0.0,0.0,0.0,0.0,0.0,0.0,0.0,0.0,0.0,0.0,0.0,0.0,0.0,0.0,0.0,0.0,0.0,0.0,0.0,0.0,0.0,0.0,0.0,0.0,0.0,0.0,0.0,0.0,0.0,0.0,0.0,0.0,0.0,0.0,0.0,0.0,0.0,0.0,0.0,0.0,0.0,0.0,0.0,0.0,0.0,0.0,0.0,0.0,0.0,0.0,0.0,0.0,0.0,0.0,0.0,0.0,0.0,0.0,0.0,0.0,0.0,0.0,0.0,0.0,0.0,0.0,0.0,0.0,0.0,0.0,0.0,0.0,0.0,0.0,0.0,0.0,0.0,0.0,0.0,0.0,0.0
approach3,h2,5,-0.0002751550250552,1001,950,0.282927862512963,-0.0015317477235941707,0.011449939776319086,-0.007005112176166318,0.019969648723483162,0.0005466961591648408,0.002653327505669859,-0.0031570215599889084,0.010998169828558868,0.012118419170472818,0.006087726828432035,0.0032999134588604815,0.008873123086956713,-0.006494092059375525,0.00013453470482708847,0.01301295681119228,0.0016592680148520347,0.0066458057293359955,0.009750724701641584,0.009915746133669127,-0.004264233956747112,0.015456533943085892,0.005242413691942791,0.007278129033694416,0.016470046560738402,0.007008854635248338,0.0038726847411782745,-0.0034430705262104566,0.008145993340097482,0.009405677651364793,0.017276354077711838,0.005364676906302997,0.01850279455433026,0.008682429016781469,-0.0024684378753624687,0.011075741968441013,0.009545038799163165,0.009783133937030555,0.005126616211545244,-9.678595098322734e-05,0.010055560802805466,0.01882339549566199,0.046668121088765654,-0.0035422341263551564,0.006179192173124565,-0.003996993428417682,0.0020517898598132788,0.014020574175703935,0.004016152147217579,0.012477648540031114,0.004588124594153784,0.004828471548141019,0.010502072727862861,-0.0020100440614269155,0.0074735471888811265,0.009558132465526325,0.007540940210632272,-0.007737483190871387,0.016229302254464242,0.01395230008075576,0.015187182091382803,-0.01850555697862971,0.016399425014708875,0.0004283585511311479,0.0029251183789807886,0.008265880845572783,0.020124777086450323,0.003785548334359009,0.0004496901892807395,-0.0029687593113193883,0.008208198198711124,0.006631095705799173,-0.019142848345253594,0.013370407939720127,-0.0005309189549233123,-0.005951067091282784,0.015772267307624724,0.009335159915288214,0.007797374253202901,-0.0034278038944200034,-0.009898948876517462,0.005045425136913335,0.00489197661960395,-0.0013268636257058224,0.003455981961910685,0.007704643358389475,0.0009994248286675535,0.036937448241003784,0.038301725287141694,-0.008126395440867493,0.011121914050920759,0.023078145400125646,0.01068352096059998,0.01742136612886587,0.01694277333531285,0.007822813290695596,-0.013564105439947955,0.010846724293605416,0.01824262042527433,0.024371664048601686,0.008615026391527395,0.0003067810889123626,0.01391922504503751,0.0034410099167786323,0.0026276429781351618,-0.00010527844350482173,0.01925881497288557,-0.015008515632044727,0.01318102675219949,0.009884818933076689,0.0035276118896012077,0.013213337138216692,0.01784768399819822,0.012134463549462486,0.013119541749359125,0.007976728225383593,0.01361318852037326,-0.006512221834045511,-0.005571961349978458,0.01428458191384982,0.006095320684844405,0.0001947661301129333,0.03221073979621593,0.019423236252425112,-0.009937167974127617,0.001855916234788313,0.00018052926126411756,0.00116902036911705,0.008531173618521168,-0.002433759137889631,0.0003508073500148581,0.012593156207640588,0.017528351711411497,-0.009335765351271891,0.012856747356725286,0.01703231976742284,0.005356443845320591,0.0037008986774320907,-0.005065861687472742,-0.007336315976482655,-0.0046967759739087985
approach3,h2,25,-0.0002122790295903,1001,750,0.484050948090882,-0.02502169607741346,-0.0069548043096477365,-0.01759698612049069,0.01927509466415338,-0.015589308559888057,0.011250427729871015,-0.02367060298497435,-0.01132383336602077,0.017778520329186302,-0.0017056978191951197,-0.00690845658991485,0.004802955544651974,-0.015426050842495567,0.005423699525639848,0.017815588536956917,-0.0014924260405046255,-0.008796704395887799,-0.010157791120602468,0.014304109953353763,-0.02844752218744033,0.02815773746963078,-0.01930469364265186,0.024385850685609743,-0.010172886900526302,-0.0037929608639159923,0.02143714567650971,0.02410092220891829,0.001576008073068703,0.01003506058922548,0.013762168818351014,-0.0016889740468501984,0.03661699286570195,0.015594018369819248,-0.011128483483826983,0.018186408129640064,0.01360258040405896,-0.005273807062581497,-0.006491708475055294,0.011468094743720786,0.008802710333334926,0.003936352668745504,0.10118332232408807,-0.009042659514888324,0.03578231229479649,0.0174118038629082,-0.005702420650415659,-0.0006474632982755996,0.0006583201932938675,0.014950521898629773,0.013712038408316408,0.00882232671437326,0.013364867610183939,-0.020660670505559742,0.009845158345593442,0.012013169353541762,-0.0034249694392430516,-0.01649487973019438,0.011211642761072477,0.0007377925957879755,0.0015765118578115762,-0.02377974010167016,0.014397825653641392,-0.04123674293898742,0.016247414714160635,-0.006121683853590253,0.009542147784607555,-0.02642591978973569,-0.021543796220981723,-0.00115352518687167,-0.004804503124566044,0.014790382228127456,-0.045414423178235644,0.004716023447563975,-0.010586858103386804,-0.01663678238433053,0.05010942368645492,-0.00990160611973145,0.007157951802839692,-0.01811050241595655,-0.027911971361282904,-0.009081800006796046,0.0004352626208017924,-0.025939745052037392,0.018132375902380152,-0.02446237876756673,0.011030690556318003,0.07746006472475234,0.13992073776015004,-0.0162744795013068,0.01729071815164412,0.035953537159082366,0.006552049334402085,-0.016588314844679083,0.012450325909307952,0.008742284167389654,-0.022575426159163574,0.026303688938521152,0.01759894812164074,0.06196984055554847,-0.005132282831714366,-0.0067994110141982485,0.030425699319672456,0.0013664858497148841,0.004940483078349503,-0.002359180158148979,0.01618295444349142,-0.032589977504673774,0.013092009548167988,0.016072728540492784,0.0067628696662120225,0.013658775636169828,-0.0060683925489573385,-0.010177388406527897,0.02227342036317092,0.037716220968979676,0.02981668372809013,-0.004814925537385639,0.009437802460511424,0.015802979347633625,0.014630857537442138,0.01267644299123162,0.09921450213416699,0.01932781307084576,0.0024913746258712344,-0.023664909608434797,-0.0009324471091998422,0.004497787217162723,0.006973000529297094,-0.017800827611222276,-0.012318271522667701,0.018683628559381046,0.03550737371542326,-0.023563492950809353,0.03401705744480281,0.03270830117889315,0.0053273929998301,-0.009099809305560428,0.007245302395430285,-0.029149874724427344,-0.04099126792841941
approach3,h2,75,-0.000137331736574,1001,250,0.4865304819749706,-0.014675677424384867,0.002847183549027736,-0.027447217394217363,0.015593207708842918,-0.009398303841835199,0.002186329534035872,-0.032604585906930154,-0.03437291256676539,-0.00849203910265826,0.02296780007948727,0.014476740032759661,0.013278972793188057,-0.005413450409571825,0.008792045511078251,-0.002414002822696562,-0.008179033693155174,-0.008118539793087284,-0.0020850335548178757,0.020848091206586587,-0.030703164405433216,0.0011851347044556301,-0.038743497425039464,0.020242713274637312,-0.021568495968721305,-0.0035965970576736887,0.0042024619225017705,-0.004985813455608373,0.00916669976287908,0.011536544761957104,0.0008689069773260734,-0.030690555582840687,0.009586089288608633,0.03927238329344905,-0.005130002508486976,0.014215398931158352,-0.010763755998930973,0.006060591040033793,-0.007664437211977546,-0.002229931881872864,0.012527943743560943,0.00330508753351119,0.057171682231586946,0.004681152294221948,0.03406503725505084,0.024951168114623532,-0.030826811195645388,0.005754944753568433,0.006649385713051868,0.031589256248016395,0.02911697092828448,0.011893103637271082,0.00995808939776723,-0.004217402008820401,-0.012225265429076097,-0.0029294542539204773,0.013825399769474256,-0.018833595618992748,0.026468251586841657,0.012563199199346104,-0.038213739450090406,-0.004084317464396671,-0.008826192758278147,-0.03387707216118547,-0.0008669168781568438,-0.00010638334746616677,0.021515465668448985,-0.0467727408317975,-0.008449858717957793,0.001547629562579503,-0.02502665179240201,0.012148669742111488,-0.025828138245663643,0.012732631688149004,-0.07510566250005216,-0.022678543947077343,0.05852343215242656,-0.010596093561723259,0.016678857690991703,0.009208202353503307,-0.011872146695178425,0.01590509691529888,-0.0017068690335771668,0.009538097383725172,0.026040712901902838,-0.0015163274763474906,0.016642508781291518,0.09188918509125932,0.1545515294827313,-0.00870160412256464,0.029544562208705355,0.03261082433387744,0.023222069517431897,0.026457916685362598,0.005645005660406526,-0.013452956957912456,0.002573222746871334,0.0027270653644162982,0.004206305249269789,0.003849524628935225,0.015272771219730048,0.030021308506169908,0.006859283601035757,-0.03379725159756298,0.0173606131013576,-0.030272105424623757,-0.0193210473561736,-0.04231697266850954,0.005442044294797176,-0.006768096549160732,0.00775858181371878,-0.011649279201372662,-0.05443997923821038,-0.00628470912656893,0.033016748535861486,0.014549824738533211,-0.005747901393541004,0.023578768104208597,-0.013463232727924292,0.0008790338663285449,0.02219164892588818,-0.013825447330313647,0.0646766511482422,0.0042765562796576225,-0.01617856403913266,0.007988445116433658,-0.004700482228277609,-0.0024501807724964346,0.0029697137524757004,0.016390360066155775,-0.023427154409833423,0.005699637646440579,-0.0006405137604930163,-0.03911678833786862,0.012596482997461475,-0.013042216519432652,-0.010203661231430489,0.0049896079052949155,0.01738319734036846,-0.025781131095228085,-0.04529708545992455
approach3,h2,95,-9.43870683274914e-05,1001,50,0.3131631348341234,-0.00565933422627563,0.00170851582589352,-0.00964701302206072,0.000285608455730522,0.01808828986761771,-0.0003875593920341768,-0.0013970955178572962,-0.009525198987658539,-0.0014077773669132574,-0.0030660408017404283,-0.006465444956991898,0.00027486376199484155,-0.0072056796286428595,0.006962199993458482,-0.00026272047386813324,0.005009917860207384,-0.004257461787043296,-0.008504144448625033,0.011459975004327522,-0.018415115961927207,-0.010951522770101963,-0.01628891091487591,0.008801351796362693,-0.003196003090355729,-0.010331579622253749,-0.011282551328280129,-0.0009364634489135923,0.005590752269508441,-0.004845607014568333,0.006125876237977753,0.0016902514989739423,-0.001391525118165952,0.010213339579147218,-0.0002240004178020328,0.002174856206042917,-0.007141296681203044,-0.002794353556373764,-0.009312359855779688,0.0012975743492836382,-0.009872646753422254,-0.004539924907913089,0.00962419131198915,0.0011370312012017893,0.012329861371300826,0.007212859521839605,-0.015621111382709751,0.002282136412975346,0.008339131062964168,0.004959786032609736,0.019253161808965732,-0.0009949946369992996,0.0035731247452664193,0.000938600137365667,-0.004614767581479336,0.0002525134674559804,0.008665274294940465,-0.001102098125531613,0.011496420833526031,0.017423548918545154,-0.009508567322739324,0.005995636845703169,-0.009518083215031557,-0.01463669752135431,-0.005071189354256966,-0.005355873522570227,0.00874709702597467,-0.01867319572455204,0.0070766382666302904,0.0022007344948178926,-0.012649848212936906,-0.006114215889863639,0.018516876106741877,0.007672737298155666,-0.027112520710581935,-0.013022252159683525,0.016187483800628844,0.0013383728521459406,0.00517951698600064,0.004256667475537327,0.009311542541335713,0.01587783772821079,-0.0070496871225880645,0.006287913673291714,0.023567847559308932,-0.00463357996746349,0.0072778147742450765,0.03979542143962858,0.055881507868557195,0.0036176286407040258,0.004049185239995868,0.006913047386863922,-0.0019247036675902806,0.008970331201412792,-0.008719523149213442,-0.015798621440996453,0.005214985236421162,-0.00461757904091035,0.004867546434747908,-0.020912125699801387,0.011666960477492105,-0.0020559219094188966,0.013664087680972038,-0.011051777649921313,-0.004284484059176651,-0.01670381443248426,-0.006530871911256699,-0.018343063649409477,0.005239391413886862,0.0019859169366754723,9.520631195316862e-05,-0.003240784183372686,-0.022472894214683393,-0.006759087558700737,-0.0036994329241694934,-0.0012745077803300057,0.012799314774264034,0.0014558511359779869,-0.002625834148057577,-0.005226838645726373,0.0034796845832299654,-0.00019844192826215523,0.019764074871298675,0.006453451410887869,-0.0001781905854592444,0.005408220987148587,-0.009335127898861768,-0.0018769587238032497,0.0013986891883675501,0.007940098614284382,-0.00573386507250604,0.0025824830454142826,0.007024111702007421,0.003991042978207722,0.004999684962378525,-0.004422478649150214,-0.003957283061521349,0.007213849722677081,0.0015388763678858327,0.0002621526831963134,-0.014342522177821025
approach3,T_opt,5,12.68519373777604,1001,950,0.31502071043511926,0.018737309334857857,-0.006991498162545893,0.021658034016635238,0.018075204310433052,0.0036100005970151443,0.007428301547066083,0.0054310681110535,0.0023062093951699836,0.006155554347783832,0.006092258511887724,0.0009043366473177397,-0.006939961939206081,0.033884165208213,-0.0037028304093933385,0.02015582313384845,-4.0030770995347353e-05,0.008304089063865441,0.005221787536993605,0.012041308136316549,0.008106064955017034,-0.0031061686743890995,0.019572967290974876,0.010374081512579923,0.0014843459105006087,-0.011242074292825161,0.0033396019513287356,0.005137840785130466,0.0064360126805863786,0.01135366397110691,-0.00018581784247942434,-0.0036896209478145953,0.007007495457098227,-0.0037646114455481914,0.008698905895136801,0.013554733968414903,0.01520645014648613,0.026246206055555846,0.005699783022529279,-0.005302383565760771,0.027425759781737374,0.005158086895778763,0.0015350771481387956,0.0018665318637940131,0.01226512147409477,0.004419802967864952,0.009269907989591271,0.002778766439995667,-0.005038912637135138,0.009365436068826657,0.004635894191669266,-0.002757368471719845,0.006821773214768551,0.014221222024266622,0.011400093403538043,0.0037338093403929355,0.01319086435268818,0.01117019830418604,0.005812357919862354,0.007039126612885595,0.006239252547023801,-0.04274552097982794,0.00346249635281954,0.009682759315262374,0.0027693378352908835,0.014763375653745813,0.008390085894107665,-0.009126336942497353,0.011034565500007334,0.019164803275249696,0.007264717878080858,0.00010979095143119448,-0.004119130282048087,0.005283728764708073,0.05678728534735227,0.01946077308691414,0.030266325825956612,0.019409728309599666,-0.0002844271753129658,0.013495573091213884,-2.036303523140874e-05,-2.7320665746085595e-05,-0.0021106422543198528,0.012407487359375746,0.0030708006616717454,-0.01536885994649225,0.012511009376415236,-0.02524267284318204,-0.003904369260264006,0.011934440316559167,0.005737208693135407,0.010124582104014745,0.006572003014688424,0.009463714209275121,0.009245621686597011,0.007730478933009457,0.011783752911029679,0.0012890813384187697,0.012148016889978616,0.025746208688375037,-0.009714700597817183,0.005181361882498261,0.021471997640665683,0.007731096581819227,0.01781913829962876,0.012771380019101742,0.014430111170527785,0.028460485769870703,-0.000787063659233611,0.002645151446388775,-0.001186732681016843,0.0130334936568499,-0.005420938049189946,0.019578586293777824,0.01550903306202415,-0.015699424993157497,0.006122095845718631,0.0037549182160232413,-0.0022910741250194767,0.005851950906631032,-0.0008201559830317319,0.005925620851363345,0.0023084216310114876,0.009104421264767262,0.010283859431332124,-0.010954565709113424,0.01859340608210054,0.0040053849998904455,0.01827873221991667,0.0019549103352681585,0.004808268863992341,0.004752313881402339,0.006747163000431227,-0.0016497606002681539,0.021017680440605216,0.0055408643111931714,0.012388034838142523,-0.00025318447864198027,0.0015091407168364608,0.01141717090895356,0.00393733716820117
approach3,T_opt,25,15.000200373034906,1001,750,0.5004306504281794,0.04464506678641447,-0.0025276130954618187,0.04053302804796763,0.00487222106748561,0.024572977773340905,0.009585189039076476,-0.0024756600258878853,-0.014528163937218057,0.022146864235058593,0.007520678071682732,0.01730420145612574,0.00759486029294928,0.044491698505305446,0.006942973207560049,0.007040902401693878,-0.007631543505953443,-0.0023230242330483757,-0.012989614745391703,-0.005254422166216011,0.014547354282434692,-0.005598031089288932,0.03236119901273876,-0.007302117134487994,0.004236656891427781,0.003839350841467984,0.005365803888254209,0.015437854779897404,-0.0013928445637120604,0.0026329933478080395,0.003986711204761226,-0.03780915943294978,7.302099897588295e-05,0.01635022367102376,0.012726672481346991,0.0020345978640169612,0.016611759712291337,0.030007973411476256,0.0004158764502998312,0.00885451279547008,0.02119040342347679,0.00500318147688672,-0.014001703684763852,0.01073141627940165,-0.013875441049520619,-0.025476613627210622,0.015284011623355924,-0.010035652617565699,-0.008684239566061052,-0.006072911695034994,-0.014158612944617155,-0.003093667974726516,0.0023094420511216938,0.01972568555731679,0.0016230259531844378,0.002450628214012679,0.01817417129409367,0.004965431394277964,0.025135052636113195,0.005599118355259872,0.010972497504006678,-0.09494214998029474,0.017765483553612627,0.000996640440748391,-0.0010293686183677417,0.024100238793834255,0.0007311036927725029,-0.04939768122231618,0.004322358757394267,0.004058709991094249,-0.018727489054512735,-0.004841332829263358,-0.0073049646878714895,0.006521365563239762,0.21439880301931066,0.0107499038799872,0.08995279021422506,0.01393396455986691,-0.008912893659207926,0.009641929969033737,-0.00947626128521574,0.0060958213859627665,0.005406686085245454,0.02080908186938267,0.006065257220422372,-0.012367699854592,-0.00805866176913871,-0.030001181310630908,0.011992506771811578,0.020261487442115592,0.011556039615416003,0.010819756172309812,0.010666103812106632,0.013551655706790414,0.02711894788978501,0.008687640275032743,-0.00018836878367192375,-0.011234696251402079,0.0010872251193306042,-0.0005383187956686242,-0.00671315890880703,0.02033564904696257,0.020846382789130792,-0.004767608448842929,0.008288071847378545,0.004707583892788065,0.015959879508593875,0.029028165253414735,0.011741320721917234,0.002550052177491547,-0.021038828672308676,0.02331748701651637,0.01342379555291848,0.03559947492099632,0.002925646525639985,-0.01924408680381936,0.007235080666292789,0.01171408785152209,-0.014792137086179477,0.007074468149353497,-0.01975309436515343,0.018204368297841958,-0.013239926221744571,0.00823823246269291,-0.006832550712095065,-0.06630357990117264,-0.025914850659789886,0.0043899061913497935,-0.00551096023447212,-0.00040510738760726316,-0.024236767408591646,0.002254422101680517,-0.004675744800023904,0.01365637403943826,0.04046823693175228,0.002868224455010079,0.014940935826509384,0.0038609890367003203,-0.008328011590817041,0.01903205807981393,-0.004365927841325541
approach3,T_opt,75,22.825581197376188,1001,250,0.5101840223359095,0.02293717134499603,0.008818447817175775,0.04751582020459525,-0.027516817218315066,-0.010813251662182735,0.0030446034027668614,-0.006108172816071152,-5.769548297598556e-05,-0.0020743320746831728,0.014813326366968643,0.027994171472941053,0.01149095449713626,0.01335724845299617,-0.003721663707106096,-0.014030750570855222,0.013213136195854246,-0.006502555150033921,-0.012291437669451193,0.006128848373885422,0.0034969795842333673,-0.0038008872786902646,0.014367108868465782,-0.01843943690603217,0.008642751705755394,0.003025488668891404,0.04822363416971594,-0.005922130611922333,0.020838670075688057,0.004785305762785394,0.0035146909434863247,-0.028398158199135964,0.012689555154568478,-0.00511280199652545,0.011164417893200617,-0.024423150140350573,0.008989554395759457,0.0009753079763117761,0.0006677688508366598,0.006581628830412108,0.013885599696699944,0.02847101926242484,0.0009248187412099589,-0.010702047983360493,-0.03648073291946104,-0.017226240329855848,-0.0007708552323529953,-0.006422071954657714,0.005228218673789423,0.03192390134870138,-0.04508547261199543,-0.010012271537154869,0.00906755957530235,0.012044478792253576,-0.007103469288812071,0.003944055677668319,-0.007880010159035148,-0.0025919046784830535,0.019058266434853324,0.007978779458558403,0.009889427837186826,-0.09452039331589662,0.06838262876313551,-0.0006099104590770081,-0.018974861620383227,-0.015764589890211612,0.004951843445454015,-0.03755374712478908,0.008478117842841304,-0.004167296838703373,-0.011851145777183394,-0.013236647120989653,-0.10748646374376036,-0.0026417455360025384,0.0860407481104032,0.024747022050772824,0.15669269559499222,-0.010023350386372306,-0.016606099344587528,-0.0055777367389673056,-0.02313462091667882,0.0061751480298327804,0.003631470479386223,0.015899735259531228,-0.0014526145066841873,-0.014987628233543384,-0.04051759298524254,-0.014532840170988097,-0.009737860009791315,0.016081130413854137,0.0342642507584656,0.056741930331423385,0.021899653194180968,0.010075990202915122,0.005287279041301924,0.004180846099382733,-0.010625557305176109,0.005911081105958487,0.0114125217923447,0.008631346294330364,0.011586688036380006,-0.014756710768248117,0.02235973225006977,-0.01806568837758963,0.04037817024289711,-0.010263818075707778,-0.030841118908828888,0.003826954178993064,0.0021379772861507716,0.02492212118329476,-0.03404014852938714,0.02664978894135312,-0.006111760217173065,0.02869365626396874,0.008415292852357106,0.009926657823450676,0.011450925564403415,0.014078249153946627,-0.009552239233919499,-0.0020100336638894864,-0.005460421416054274,0.01769258694268274,-0.010076222036643765,0.006958658120064068,-0.005451995026329842,-0.06212670309161372,-0.017141993831793968,0.010347418532985141,-0.0023540585537702337,-0.002939773865564776,-0.020991053777339376,0.0010600390139768427,0.0002517886602424954,0.006521026252799947,0.024193715554120226,0.03644593712920771,0.0013584613399101747,0.015802089218666833,0.00982104299538103,-0.026065038825877164,-0.03776712408605615
approach3,T_opt,95,25.13062498667731,1001,50,0.28447554662368646,0.0012039133621854032,0.007968127174287177,0.026346829770065597,0.005077823604876156,-0.010879898822419685,0.002274040181455819,0.0094258049832413,-0.004850429043782169,-0.003458194849486074,0.018951246045232892,0.015988085226921574,-0.0011938241748469976,0.015598268950523561,-0.015432857893200383,0.007812679106330161,-0.001597812217850424,0.009017656986172686,-0.019875518498357506,0.010747861462850972,-0.006861792202102955,-0.0029761999591274035,-0.0029031044336523654,-0.0023023374746626774,0.004363497054810722,-0.0007605130792719887,0.0017234844122550354,0.00031411149009677973,0.011440291871450682,-0.0036091653253382747,-0.01125019188132635,-0.012307114281075346,-0.010432071898914184,0.0031810585608753493,-0.002457253416145007,-0.014557602807058277,-0.002207284223718334,-0.004172755492232524,0.005032990465855906,-0.008754335406733661,0.0030163661832390727,-0.007805281101495053,0.014924057970435061,-0.0026120482111520026,-0.013456446861909848,-0.0027309349151147366,0.010354167026966728,-0.00370069537160695,-0.0009276796340338582,0.0026604394470432823,-0.006438393711421717,0.006537812303926811,-0.0037892493497626075,-0.0027636585545886333,-0.006301122006941731,0.013473368570547805,0.007625802500352137,0.0019414416561392145,0.0015039685811242699,-0.007196958837481298,0.0126796341225691,-0.017407753378096292,0.0024390407464588925,0.002861620252354956,0.0025804864569729325,-0.003384559029563307,0.01753414069299633,-0.009747424344478537,0.006175678431112367,0.010922957825278518,-0.003293196960978474,-0.007594239028044169,-0.04055232562343674,-0.006607750452431656,0.01192944596471228,0.02209238283894372,0.048177145280466634,9.137396887338306e-05,-0.003988983892718475,0.001955464193585902,-0.004405758025759592,0.011529130298549684,-0.0040018323730788286,-0.007521994469063941,0.0006807638611030431,0.0005893351845495615,0.001671312007696794,-0.004458410295346555,-0.0037134565458694876,-0.004176610093199938,0.00577381453501918,0.024733914060240215,0.0018163826379539328,-0.00678474601268463,0.0037864875103863146,-0.015156856255160585,0.0032404552386658568,-0.009762287418795021,0.005345328192698484,-0.00964305381114765,0.030936294399750226,-0.0028221429624506033,-0.005043585444853405,-0.002829227053667292,0.010139521958029057,0.0028281160292187866,-0.002078005799976085,0.009373463771228316,0.0008136180627466285,0.013747528234878235,-0.006349091810243471,0.01491302560968726,-0.005807481080802626,0.002872835211975516,0.0117496911348215,-0.018759878286934564,-0.0023584083796020683,0.001290057360387632,0.002015215101280726,0.014024963211556146,-0.0006582645049206344,0.009669000742958258,-0.002445573821819945,-0.0005717404038339674,-0.016381709276288417,-0.01351595109612895,-0.015385591046271026,-0.006387329565357666,-0.0045629314567851905,0.003870527091251643,-0.010027192534585672,0.0004558874856895583,-0.001884590699002973,0.0010182761010862794,0.01822175374063409,-0.002654651526237558,0.0006750230255421798,-0.005039765758479382,-0.002496631040060885,-0.004282281082997253,-0.010106805792165895
approach4,h1,5,0.0046352659874881,1001,950,0.3054337708571758,-0.00010374080147335096,0.0035218532151809765,0.020642036576424015,-0.0034322392521217698,0.01200580893338568,0.008358438958051386,0.015856394281735558,0.0161557446764943,0.004978788359112935,-8.702736087715796e-05,0.015691889280750698,0.008290607443990197,0.01013659162570284,0.007591124845833706,0.0030608355306309693,0.018167574024337434,-0.0014266124331673213,-0.008653808016794239,0.008832172315588794,0.022672225124905583,0.0006235269789925599,0.01009711489890365,0.002971302307616874,0.007992141128064158,-0.00012579771429190208,0.01427808903539571,-0.002317536987843342,0.010615542995653636,0.018876476877769947,-0.0322723778097488,0.007949065121214932,0.0014157413725490748,-0.010573023876840074,-0.005059678817671273,-0.0011571374528434424,0.008350448226754474,0.009389413297000482,0.02592557207212412,0.002611075923908475,-0.0023675552148142067,-0.002956095562244317,0.023984652404269134,0.00761916624042043,0.006758035060759903,0.006889457020169541,0.015097083900446964,0.0027960199511243913,0.014881415594758956,0.01048730352443397,0.011309009642482291,0.0024740828153967647,0.003984473442169572,0.02290276436183014,0.011934509693128807,0.01156765237983379,-0.004169621173447728,0.004766786326323256,0.005781357482118214,0.006531105219610985,0.021108070678817092,-0.0015025923714630483,0.007444352621811864,0.004316453257969513,0.006714152763506858,0.008070337743093596,-0.005666952260688208,0.0008792036084846033,0.021334052753888305,0.013871881663551265,0.017806902010527724,0.015262690243305486,0.00619547893178824,0.007715528606735249,0.04964677424445014,0.0069227039597267725,-0.0011124516964404856,0.01304732119353475,0.001680844956064246,0.0015389210161229315,-0.006981314777861798,0.005411151113482821,0.01187803764592598,-0.0011884653169671675,-0.0069252071984380655,-0.005785509756012999,0.0074988228510508535,-0.010192724962373272,0.004633030454101858,0.02610659506912891,0.009006423267452603,0.004792707493703201,0.010986088492799577,0.011320779585913265,0.012975474534428627,0.00968745429744448,0.008439455224521343,0.01343594105155745,-0.00015005325807839745,-0.002041588467203386,0.0017371604051813552,-0.006242563320847049,0.012632345191124824,0.015598332838460365,0.013592840428440429,0.009144185849666146,0.006098506609378428,0.027107786534698787,-0.0023542096977111106,0.011704801787898556,0.00663879472225715,0.009772020012856207,0.0346369362666008,0.01935351083732673,0.011281540920698059,0.012740578543034748,0.007626472306951699,-0.0028790673067607578,0.0049682137956568884,-0.0025928949048892843,-0.0019017541714537382,0.008417234569755277,-0.020877832924349825,0.0020788377656985636,-0.01708957312740541,0.0010336244187374851,0.008840970373857214,0.022302624326380534,0.003877628108275791,0.00343012900928147,-0.007082306655294953,0.010033331356693096,-0.009726389864819622,0.0157338607466354,0.014681586356844852,0.003434664597119208,0.001163247764065749,0.00948005088105212,0.0020850622731485545,0.0028149860158713114,0.004255055220953466
approach4,h1,25,0.0066193899532745,1001,750,0.5330721903342349,-0.050166400993044306,-0.030677340319961194,0.04383672420641488,-0.029787203013915926,-0.014362683661295379,0.010291105566421578,0.037692262274625965,0.004702194984441396,0.004504547640437895,-0.02896302052919896,0.045836858923135035,-0.008005031689023313,0.025505843307214247,0.02638514408093051,0.01720396494268155,0.005460920734772334,-0.0023507294096909385,-0.029230349066351708,0.01162715793806042,0.0136852212939487,-0.010594651401012508,-0.0022913590541930456,0.004660006467063559,0.0012671849991571001,-0.0018845661758497487,0.009175968791134432,-0.007778859017787052,0.0043973517505236995,0.010415458012501926,-0.049298028892931445,0.0038266121245275966,-0.024751695244428912,0.0029816149451525557,-0.016641289705879622,-0.022037945645923266,-0.009437958262785394,-0.006529161228603263,0.0040586801208965986,0.0005755411336981105,0.012008040208004587,-0.012403502483798842,0.042556578181015145,0.018136080649688947,0.010594711078584253,0.006321372054676554,-0.0009398131141147557,-0.018254179186867243,0.002122964968819881,0.04580056990358366,0.024360920307967788,0.004213257526622776,0.004610943064327595,0.004724508583516515,0.004265672234240362,0.006554278469798794,0.01629087569641296,0.028570195867429943,-0.006817490972331915,0.0024755722539515166,0.033848055003896586,-0.014555575500278362,-0.0019551876688446383,0.01861613213295905,-0.0020345941043932413,0.020936408773333366,0.006353739578238831,-0.01643370402378107,0.04172608751189509,0.0025970640547692886,-0.017920538555225168,0.0005000691609507377,0.03137852555756183,0.015683832285942265,0.190434185846118,-0.027331819745516704,0.00268574485449281,0.005415785704549331,-0.000499841739586334,0.026886704498593428,0.010457076909111155,0.0075213895421591325,0.010792628055934898,-0.0035119556318021572,-0.013904274024243901,-0.012095443206717925,-6.558177327249844e-05,-0.07769714904017788,-0.03347798280159673,0.024269280633218863,0.008264191363081711,0.0012924954082264885,0.007818965855739313,0.006091789712736598,0.01903258106633133,0.03306853164737954,0.01679941835485585,0.004015237789599278,-0.014743488864296696,-0.05000255987283234,-1.8837410787498482e-05,-0.010768128747327492,0.005179169197251289,0.01848450248325488,0.011428352844660015,0.024981638103043678,-0.007024628619257724,0.046460605923094436,0.0065752233763692845,0.009613169304852266,-0.002780367270668365,0.006705106780243072,0.09076003565844255,0.028518212000365906,0.00023757574761446888,0.00559249990050819,0.025248844959581854,0.010342037861823333,0.003220438563577264,0.0008167162169323457,-0.02318413707483515,0.0013118029538916644,-0.06102102360055604,-0.005514243096376194,0.020791390140537564,-0.0036777889148933898,0.0027723221753332174,0.04342648434040147,-0.007684891783908333,0.011641635888277468,0.009667036330466278,0.0013121052774474002,-0.017840330911480275,-0.0014139263608378243,0.011414568823688378,0.02539098387433859,0.01759865368962996,0.0157073867769787,-0.0011952908437920864,0.0005864308705093909,0.021953918063830437
approach4,h1,75,0.0093825120708936,1001,250,0.6014344167672779,-0.03050530006188006,0.01117870155929847,0.045449912802637396,-0.014213004692781752,0.014584791916240873,-0.0036021413420379827,0.018654000443882487,0.006591461704108861,0.0031189388404047652,-0.006098463808112672,-0.010465924043545589,0.025582477042743627,0.02398874286388102,0.004044528537733189,0.00210066969126586,-1.9042556924711573e-05,0.006411301624128984,-0.028325930903809877,-0.023457329255162744,-0.013843851805924106,-0.014778102447977476,0.018106822187163134,-0.0041309480619525635,0.018119063914835913,0.0007002649284530964,-0.0001903731795748079,0.008498374772780695,-0.00014252478340671254,-0.002450772291227879,-0.01905650385137082,0.003022504761544899,-0.02316745158196692,-0.006178483164683378,-0.0088466194030887,-0.012345640576530727,-0.039120578658629196,0.019788221162866854,-0.01342611584097625,0.007490248829055322,-0.0029646629468594015,0.0019182543999003883,-0.00499772388805993,0.010981091971877889,0.004826101289038202,-0.004122281658171183,0.021866069329711472,-0.0006852925018977427,-0.0025618464257675944,0.024539479386850277,0.009370724056193734,-0.009348363442944927,0.004290738372102212,0.020399017502482727,0.020609215060528752,0.003395285009989906,-0.008548450578324152,0.015860308590144773,-0.0038723479624166064,-0.01050421393584286,0.03608197129982246,-0.033026231362455444,0.014482629852172097,0.006002328185890736,0.0017854771250618313,0.002185368949455031,-0.012758928849701943,0.024002208739173785,0.009193499602523962,-0.0029103063375126685,-0.014934347104776034,0.003145906996535122,0.02931489893837796,-0.008504355324061377,0.24489452328087463,-0.005171059250614764,0.00954495421001423,0.01416726988627788,0.003268369809744298,0.0163233085112016,0.004259299846846717,-0.01944733993170859,-0.0044230606545415194,0.009614997210384866,-0.00892128320021272,-0.0044608938774307015,-0.002354852286589954,-0.06388633979425994,-0.053085696958054804,-0.006030155649470896,0.006170921830566086,-0.010818920724286092,0.0022592496650727743,-0.0018927508307777586,0.013095492536529165,0.022488097615627048,0.009167473790537485,-0.006531507822417064,-0.004442362052634772,-0.07618741649807427,0.011363262713346721,-0.008915289892506327,0.00483599410063644,-0.0017622182261338177,0.007434685956025068,0.012566299679192513,-0.0014728969992477935,0.002141937815094412,0.00211854281291899,-0.005437373702726559,-0.006053860493943084,-0.01675338255428868,0.0704564663193832,0.03414766877828723,-0.015722325354848566,-0.0035955587652074517,0.0198805856806697,-0.01399919568559907,-0.009492046785794371,0.021175142883610165,-0.03765074482810245,-0.027538129808351516,-0.05023889331617887,0.008917535998976225,0.004495793524720618,-0.026456510581731124,-0.005642838940411394,0.017265131228972837,-0.012845140187080249,0.002663107075121081,-0.014494987405401116,0.00408808330456687,-0.006055279236369192,0.03126589770717224,0.0032000542192064073,0.010880488745208246,0.01729627319177643,0.016820120637066255,-0.011263388032674291,0.004902178169899109,0.012618233299103443
approach4,h1,95,0.0116702596525689,1001,50,0.3712487812741917,-0.005835784142097476,0.014930160364876124,0.0168213700055554,-0.020792920834682684,0.013420962172196958,-0.005500758931392795,-0.004293933621667566,-0.0010769388865095658,0.005584483914769036,0.007748409328438909,-0.008806232090853497,0.0054952536460663,-9.861280451941776e-05,0.01680583287670185,0.0020466876881834774,0.006077944085168666,0.0004926517801021814,0.009638928831922492,-0.011116552036749196,0.0028895353418971793,-0.008179772338594828,0.0010841073571568167,0.015676085799814995,-0.0001674071663904566,-0.0009697722330567491,-0.004651386455864255,0.010132172564063098,-0.0025922581459601954,-0.005884396699514235,-0.006456250673978724,0.021206449114010976,-0.004413036139340935,-0.0011568309788378773,-0.004940739641362637,-0.01224760003386354,-0.00684841924604447,0.00903536747114772,0.0009890928859738,-0.0012856360781750079,0.0019029959096370243,0.010960802779263278,-0.02403134913205601,-0.0019297499323363476,-0.0007829081198141175,0.007542715368308347,0.00856851386749707,0.007556469965653253,-0.005269100760532259,0.00861527371103005,0.004804491804212037,0.012245922275559151,0.0027897175761525776,0.008199893674919873,0.010098423722663598,-0.006926963345716453,-0.004969395970063447,0.0007162245580057316,-0.005359131573081509,0.006124231956684183,0.004870020090757708,-0.019828542468851653,-0.0006074158836575343,-0.006223600881365615,-0.007329568041226264,0.003351587009823029,-0.00974880091860149,0.011648286194323811,0.0033080270917529462,-0.005568277729996646,0.005502357416581238,0.0007442202541617176,0.007439305866926616,-0.006714731927912354,0.08551018900371418,0.000677008807766652,-0.001950179812691983,-0.0054185862345527,-0.0031128999961308867,0.000831401501512361,0.008326906632580086,-0.010901888474015735,-0.0047451915415724,0.0042325922572217616,0.010754051419990977,0.013764732627224713,0.0025296187975315035,-0.021894869082373578,-0.012839156845105157,0.006931229470794394,0.002046933082293526,0.0035413234944363277,-0.008689391638438236,-0.0014097879754831233,0.0009675361620774831,0.008068162973879616,0.008689809088621565,0.0024967716474169326,-0.004999785123811927,-0.03590970336477967,-9.260849704661837e-05,0.0003158158401574706,-0.0007174243961662642,0.01005604168613151,0.009154440227110565,-0.009213033252106852,-0.002084633260558349,-0.006012105791369709,0.0018728613510092182,-0.007706270548116735,-0.009923300663468599,-0.016387657017464436,0.009549072773378107,0.008675079152650277,-0.004377004552809392,0.006090388805792681,0.002829595317451028,-0.008949895001063676,-0.005630959706090191,-0.00016355573866490974,-0.015500947689356465,-0.014895646384541873,-0.028713645483630007,-0.0004498092848307829,-0.0006829535276049285,-0.002925112207355864,0.007360166085963881,-0.007160059260542747,0.0006475500306009378,0.0037593320187727817,-0.004596647093884105,-0.0040896221328739595,-0.0011011515745703894,0.011013608670916598,0.004186525158587815,0.012365580898477635,0.004948588034421546,-0.0023900232398776956,-0.007963138796368452,-0.0003614139606243011,0.004051265101323781
approach4,h2,5,-0.0003187376028813,1001,950,0.3051930568078104,0.0024214978608994575,-0.011213540067302633,0.004067049230212401,0.03295861355368317,0.008144996231917475,-0.0034404008682203235,-0.001278530708335506,-0.0011859403891010538,0.013811285420781905,0.01349067381220017,0.008560390928211025,0.004438364081712484,0.010072952905699081,0.0009401386213599532,0.005683127775383471,0.0008394906360964394,0.0026291551673642125,0.004814236520980349,0.00850998526750855,0.010316857457554462,0.01731182606309195,0.014223382794074927,0.0009794756680442523,0.007768603348958206,0.014144306761558019,0.0036585825067931,0.009006535839816782,0.001952379934876269,0.005095877943362996,0.020515582953041803,-0.0024711151113198902,0.002938043787405918,0.014937930884172668,0.02688425604425771,0.012558781984610492,0.023188102838035345,0.0009017536801388549,-0.0006443796864218677,0.0041867536159905915,0.009539109881773988,0.005538437846741438,0.02060671559231489,0.004162175189193278,-0.0050517658993706385,-0.005524594274486507,0.0010295310980933904,0.002041158845580055,0.009878174719465739,-0.008540105894243246,-0.008334800060842869,0.006193406682886371,0.010083601177047624,0.006985781773655448,0.003163211143837188,0.01593296026536771,0.00835634457217784,0.008870790268327159,0.014517753388819225,-0.002715320054663861,0.0019756423593547895,0.005294580989540686,0.009923284555933769,0.004158535961568828,0.0029340068583649844,0.006892326691508223,0.027724913868215285,-0.00012871643791891735,0.005759120440836433,0.0017413778079553594,0.016663106765598287,0.002415957748214599,-0.038116183783697674,0.006790120662383657,-0.0354837913904014,0.017188061859303286,0.03881597530061904,0.014733859691789019,0.014337488544000451,-0.000826835499482155,-0.00996224295685311,0.015138905192200326,0.018351608726460737,0.0032216049536120395,-0.0003908535990491263,-0.003992643557078362,0.005172470051517341,0.02080194684305749,0.03335143785781702,-0.0015515506609807186,0.0069415120542932526,0.010340921693740499,0.019024596147548735,0.010286803839812876,0.013214236172782652,-0.0045177071212486606,0.015101796937909487,0.01114320747660485,-0.0016414420384908215,0.03238996201829207,0.016098896921745112,0.0016826662136526106,0.004479374140864311,-0.0024584211647503858,0.013940399636081832,-0.0039518763683105106,-0.005502488235002918,0.01722595964169059,-0.0011743599674298895,0.013421907282868194,0.01547549540014706,0.009419892453444394,0.009227818719561114,-0.0029696206131033607,0.01668310742336093,0.014782343459997037,-0.0037043812308986176,-0.005427740926838021,0.015573671091618047,0.0014621285874677065,0.0021485174367048914,0.013990295526549922,0.024452535209297032,0.007394093711877907,0.0011367792811073016,-0.0001412707803308596,0.004552408190966703,0.005137601224015263,0.01877402911959162,0.0033291274249986425,0.012308495687937853,0.009091917730550424,0.004214118446969041,-0.0009421644989095826,0.004937015445465974,0.004710515374780214,0.005157017246524785,0.014627596897554357,0.004877634618148657,0.002881011146878901,-0.003110234529683788
approach4,h2,25,-0.0002609829446874,1001,750,0.5768986803502738,-0.0016242307744961035,-0.016729085663484133,-0.011074649409058612,0.0768418817276815,-0.002335483142519892,-0.02144263573430793,-0.0007115237127534721,-0.005651421191881207,0.03246278346194958,0.035663241083863886,-0.001087182687621349,0.010412012835650339,0.0010597276414814581,-0.011629930104032744,0.0002527853315188039,0.016492308578892646,-0.0010820162981749065,0.0042861591968742785,-9.00191219872365e-05,0.01589493836365845,0.023422250709396297,-0.011247234324998814,-0.0006330422083045688,-0.00864106127771728,0.029759290122777532,0.019410556072786217,0.015116771809125979,-0.015561809972825143,0.0010817858698031618,0.03467467311460144,0.0013920917198047694,0.014074133429442462,0.02136831320013831,0.039605454587533326,0.035451640363994924,0.04224007006951706,-0.0020204034683907815,0.04367414378564517,-0.0035917958865078377,0.02130540552504287,0.013670439088716064,0.01783484047723978,0.012431700399871945,-0.03675122921462283,-0.012308525179554577,0.004947962444624312,-0.013303279645787688,-0.02833715716798202,-0.031122735642854914,-0.060737884036213094,0.0046024617171687675,-0.008417495716787843,-0.030455883628807603,-0.018351255299678463,0.0036164802855536615,0.0011221018797063454,0.001278355294614909,0.033491217442721655,0.002233235924860952,-0.019078038323208375,-0.004231779034620506,0.032312820555751645,-0.00798681276460942,0.0036272687660453455,0.006089708666169778,0.027216444306214317,-0.0251976080147931,0.0052010923166046965,0.005833115795132095,0.04918641357112505,0.022461784354890445,-0.09387539657626152,0.01130862712562818,-0.09297080481505962,0.031577955932360756,0.13243988953075217,0.03582730505051454,-0.00685239515093204,-0.03295109865686805,0.0037394257218213815,0.0252565174808415,0.01476550364268915,0.01139541517412379,0.016310388103109613,0.02689727943026999,-0.006030632400557755,0.05799720042282601,0.06471146495058981,-0.013005911066644893,-0.024274068727915037,0.038038342964778454,-0.001962920666692562,0.004027373770362684,0.0030873823129286583,-0.04955252669006781,0.020653738489900063,0.027495904171647944,0.0005801643692393658,0.04697156698050222,-0.005340734527992896,-0.012037761357407327,-0.013047302728263488,-0.0049774643179042784,0.02397213256681214,-0.013927805532740903,0.016660916891630476,-0.00015319258143493483,-0.0029764188093016446,0.022956792119472547,0.026762896911996337,0.021183827219738882,-0.029636972448042705,0.004957902389230863,-0.0029251370820775084,0.011739640896082268,-0.00010695954044285388,0.002462210329324027,-0.00445425992462261,0.018347906733174282,-0.0005185054641823703,0.023270221599011306,0.0537033097319987,0.006847741702937973,0.008155370173334689,-0.016293529196069245,0.019963618568785292,-0.026985322337929715,0.043362843125138634,0.006471808596461667,0.024746111301395767,0.014550646690231879,0.002412841047910943,-0.002978976803110517,0.007504810086542687,0.008191110098177808,-0.02061887817604696,-0.013486405642218011,-0.0008310963615607916,-0.010491476137660414,-0.05621322442122913
approach4,h2,75,-0.0001830893638576,1001,250,0.6095309681922121,0.02231698972531319,0.007569523370598484,-0.015668853045133956,0.06700330570517825,-0.014171321867150708,0.01592476217946867,-0.004490595623853566,-0.03440354363343893,-0.009630210017907502,0.03115799593509678,0.018710372323613327,0.006457724289251614,-0.004846598854523196,0.001720198837100487,-0.011381953568065234,-0.0126815757251134,0.019970959957961422,0.019533576973159012,-0.009577858007264545,-0.020856948835896307,0.01540299297040342,-0.012055872847079173,0.002067503969198794,0.002574274029586727,-0.002969952317941206,-0.015526971455561266,0.02501436327317235,0.013304217532743183,0.009595391336391867,0.044035921839661596,-0.02161167743048236,0.01210590034592434,0.010843125390495284,0.028684628569535405,0.017116009315964825,0.03498809718795188,0.01590001217747454,-0.013798577777471788,-0.015440747272701248,-0.023139885171326167,0.002473721669710712,-0.025603739263885622,-0.019596535103298694,-0.011313878336779586,0.005661979530243129,-0.0006818567067414065,0.015942648884276857,0.005865977443638929,-0.04607997677080645,-0.02147601900895464,-0.009779690519914685,0.022386163007769223,0.0010001651744026598,-0.01100351471000751,0.014521058399260439,0.013602288214218274,-0.008347007495871066,0.00021337459383806955,-0.00627758762616675,0.005382442895637926,-0.020241280345155863,0.027916085552391924,0.006403622777656187,0.007977504259675887,-0.01556661069156325,0.03126091883016068,-0.020469637554477574,-0.022949036156501654,-0.008274064300408819,0.00947395234100962,-0.004406908337800787,-0.0785362024732854,-0.0032611798091265135,-0.09670784806798319,0.03215228625363685,0.19972513160349153,-0.006671637285078781,0.0032245293782436346,0.00851151164512592,0.003288578123308473,0.020936047765711056,-0.006105735794890415,0.0028528441601552053,0.015671151507106303,0.01423622027333598,-0.009248440628571861,0.026291711698928077,0.05888789747258519,-0.010068923282764847,0.010495405617483059,0.03992545833669004,0.0023196600756385036,0.0038028343308277516,0.007731593722090695,-0.054782284242341245,-0.006835898569010583,0.0025850750525134025,0.022577319800475202,0.058030569398588396,0.0011231652338755706,0.0026768982798230125,-0.017430975099577854,-0.007897306928507474,-0.0009137590678157392,-0.023310036218456346,0.01238088392492421,-0.013840814165262418,0.008160908822856857,0.004114776539713203,0.015147494043987703,0.020516354258013826,-0.06179673520406133,0.001532590085317389,0.005235279961201857,-0.02116589440857907,-0.017108431167077345,0.004081037586881541,0.011769300099610998,0.00777565682895983,0.021785529820605883,0.01769147484485436,0.044252552422365005,0.006092229510898023,-0.008152157228570961,-0.021699450642764618,0.02542521156551003,-0.05120681481935618,0.01194461149900846,0.01760690378840818,0.002917404088016015,-0.018723081862919173,0.02875166892660593,-0.011751880509623575,-0.004624455795878547,-0.014340679451870059,0.008364929318928713,-0.011453017728357384,-0.010115132574218082,-0.02079522469478252,-0.04509046473970524
approach4,h2,95,-0.0001125650830302,1001,50,0.3781723562267695,-0.009601389235250758,-0.0017253464789182618,-0.014772565796976984,0.020045048766139897,0.006606980526750607,0.004071634180017755,-0.006886581785622317,-0.006615489503180918,-0.0005505371899761115,0.0051413729548354286,0.001662000803350966,-0.005256568619360015,-0.007270707822798802,-0.004861019200077156,-0.010305474460735887,-0.0098430122693401,-0.004348528710362791,-0.0007683145733298861,-0.0024581000204084713,0.00539176711515528,-0.01404308241876787,0.0064575104697921284,0.006225690581497389,0.000967661540486343,0.0003072175868487764,0.0001485659759533197,0.0028083080816659832,0.002218385746565982,0.0019530169597835002,0.021931160589451763,0.0014848254388281704,-0.0008920991405546499,-0.005390136230091916,0.0028688595452578663,0.005866602194809185,-0.0019025200752762362,0.011707639680327057,-0.013380834853222227,0.009804057618015677,0.0103443733633799,0.008960961119456575,-0.012450788297245071,0.000910902197697263,-0.0004294362103373049,-0.004724446923083306,0.00517404318058144,0.006359238776736975,0.0001889940447376455,-0.018942376197189817,-0.02049713503757058,0.0011959597098259766,0.006406045732870399,0.010662445355569393,-0.0001432603912689817,0.0024943556943034266,0.0077248485779495245,3.841996345129578e-05,0.0031876459986225694,-0.003717776835268777,-0.004349927843339575,-0.003905573329890114,-0.0053829225628614745,0.00852684903375106,0.007583530255259501,-0.0038074058163830365,-0.007439802371822106,-0.012592757277350684,-0.006071387056190951,-0.0026356646220499153,0.0028524593770580964,-0.006589375719438829,-0.01473326950844562,-0.009365606577143148,-0.014673285040445868,0.005465092277027664,0.09666341332193197,-0.005247856787131075,0.0001377783469359451,0.01107122897077756,-0.009233747497209843,-0.007053026547241269,0.0025866169996413505,0.010161426726047272,-0.0008761834269954698,0.009363376761406627,-0.008886597862673758,0.006898248297541663,0.003947254399793728,-0.0014122613701753233,0.006864022014062494,0.010900877979692296,-0.008719651148616534,0.008501058462259167,-0.0018332017690778474,-0.012650173410515306,-0.007618437767756536,0.0025699121736738155,0.0008193276083084413,0.007418357651889035,0.0007570107674975228,0.00657909095427113,-0.0084119035063498,0.010383706337112213,0.00034387662259237296,-0.005149346742388887,0.00169018397956384,0.005718762292788026,0.0027289263292645492,0.004415188764903634,0.004958213479660311,0.009524291121427771,-0.015356818174749993,-0.0005007688159295136,0.010919469294520912,-0.014499186200741662,-0.00670510903914479,0.0021641154727535554,-0.005211593599502371,0.0032436800025219276,-0.005653611423865723,0.008978301595544573,0.013590993738351105,0.000988894554884442,-0.0003507441518130197,-0.0007696522517278669,0.008456437092488292,-0.019286266150060252,-0.0003372028245849316,-0.0009534378719632665,0.0010832643933967674,0.0034210604008037336,0.014034468811299796,-0.0015977970995060594,-0.00431767238014384,-0.005635997529105644,0.0012362156535590764,-0.002344988419815352,-0.002693479559962098,0.002034748222368536,-0.005323667890069016
approach4,T_opt,5,12.110903597895373,1001,950,0.2758570137816906,3.241644498404306e-05,-0.018820321931514325,0.013935898728619918,0.018823962992447856,0.00030933281972086307,0.015533879413338676,0.0037526504684919698,-0.0019869697184808563,0.0005296831327774288,0.0029844422610244593,0.017549177065511075,0.01006283782732901,0.020910431725593426,0.01146283784286965,0.002367394022940285,0.0007162839198795092,0.013090561852268836,-0.0012678595099127983,0.01078446594360919,0.006497538097451591,-0.0022037000581959405,0.014899815900879463,-0.005990487761358443,0.006839247084039198,0.0013208356240752258,0.008924425940612456,0.007633255129043197,0.006596360947593262,0.02363450569698846,-0.013262772154692438,0.009369124621198044,0.005740018156229362,0.004205361084296722,0.004880960424111609,0.0017650831238053312,0.020329607811424448,0.02725579201198059,0.013514798490545439,0.006964653031300677,0.009038917989170055,0.011885559247413836,0.014527597471024348,0.01881491373143803,0.0013318500939313357,0.010998280949003271,0.002235946205528552,-0.0023973205414277153,-0.0022323267490465207,0.0010437364831700478,0.011058932188523439,0.014469283661293216,0.013758955019970381,0.01501901037606226,0.004990543357860152,0.002541007222385484,0.009580237997305811,0.006839155561341957,0.0062443789896619315,0.01019582783242598,0.0032883942893723174,-0.0030112313880343547,0.015423900426090067,0.00790169603110838,0.003338599922769545,-0.003142020428241233,0.013226436996059746,-0.00911382105123823,0.013100083104717953,0.0037616237632997745,0.018053960841797216,0.012106000527994437,-0.028433632103801842,0.01673794092060611,0.04461783118416493,0.011733446691674768,0.026421392143578814,0.02203503007384068,-0.005494230589526,0.00853360263469962,0.0017040085693669493,-0.005027193454925579,0.00026650848809990635,0.006926651160291286,-0.004065795776741654,0.0017723456382520266,-0.0068424398140941155,-0.019932146243227207,0.018556397985507206,0.010752749397983642,0.01106169770716399,0.016293492880820423,0.012358378750039874,0.007429787522424609,0.016234255566044135,0.0015155251463289249,0.011487218369412047,0.011070643552453938,0.006544062360932125,-0.003250563181097399,0.0057411785316553755,-0.012322372597482643,0.0014668870120969763,0.012357906736678444,0.01715690842081459,0.0024406239410921246,0.007827561989655217,0.020339838535404046,0.00799026741685981,0.019617391287618094,0.02533904806629543,0.01899820862273247,0.021250367788455363,0.01253617237649876,0.011620265235233318,-0.0004391745756834281,-0.006047938168234547,-0.0020002285181650193,-0.003988017212355739,-0.009742090279567477,0.004910369767363835,0.009977375810055405,-0.027792006130748115,0.012623752258825217,0.0001976633594528961,0.0008895028196962626,0.008791127459923966,0.013911525185775628,0.01359743100331801,0.011283483247929531,0.00903960169598932,0.009809377761107163,0.003102149528456376,0.004560260225857225,0.02024473338331465,0.009173550854049953,0.006988610393773317,-0.0014012791626481363,-0.0029876538085670742,-0.006880069062424586,-0.003857641558295822
approach4,T_opt,25,15.51183618580573,1001,750,0.5066104172625869,-0.037138842937140176,-0.009343611242535365,0.02553655582844181,0.05484518880962186,0.006767206034149816,0.0002576594317256248,0.004504946598886388,-0.028805653834122563,0.0012944107875207458,0.00898430494682825,0.022736861091109735,-0.009081866752122351,0.02380017050782383,0.014491737123772386,0.0007379811537195015,0.0048422593562059205,-0.006217146059003828,-0.008820824294058557,-0.02212610187149341,0.02593205806818711,-0.012018539603937726,0.006572615002867068,-0.010360255990166784,0.022881477701565213,0.006510771705323333,0.014750618760873697,0.02165213352129345,-0.001040339205463512,0.016946398573859593,-0.03319430016069881,-0.00477348275444071,-0.021218499997674174,-0.005704609800647173,0.022760833202646696,0.005666714229840029,0.05084417742209969,0.014459949354284157,-0.003965783127626869,0.024854148074609703,-0.002592819632000253,0.022388610590371838,0.01595095332609735,0.014798337355702098,-0.02946336736711309,0.0138905075028983,-0.0036422215232319137,-0.013553212348211687,-0.005292900431727501,-0.008847696475037546,-0.002302363824354073,0.01757223533017355,0.0035178858908055805,0.01940284955263811,0.003914334642660562,0.008679350038666721,0.01320970518426663,0.010299076039399174,0.021106597595075396,-0.0052503332369799646,0.011715439393930235,-0.024563570964556018,0.017544674086345656,0.009200934738941456,-0.014194988711245027,0.005185643987799277,0.00640364901230891,-0.02749349905880845,0.021128229842321246,0.008788227370701332,0.008716454315764365,0.01045548886295855,-0.08083698070404945,0.0007247538806454748,0.15203983435920138,0.012766342674205618,0.149138943705019,0.019613662854366026,-0.007858512857769048,0.021394899832332927,-0.009515088178261851,0.014948313556146236,0.005368151498759034,0.002665854455520745,-0.021210500262549007,0.0022533476987153626,-0.017997910305901078,-0.05567473490726236,0.05275616048821841,-0.004480955544981699,-0.014840945493272698,0.026449393570822058,0.018959369428098657,0.01870497537984648,0.04052610665084883,-0.027776700192294883,0.026049508964595666,0.01300266634752907,0.013244875130484406,-0.02108648395386329,-0.0034532773504118396,-0.00965167315165606,0.010797172715304957,0.0059469331953363805,0.014573209497583901,-0.00675747177978956,0.008877138656811456,0.02293554301602022,0.004141107466419125,0.009183600833532002,0.03870982894130901,-0.009142603136153511,0.04965001579965897,0.040080191267651735,0.015209086422749823,0.01603490371288262,-0.0018379355796438075,-0.0053227103366424375,-0.0036201484591929303,-0.0010167288313169117,-0.03707094194264499,-0.01579673458808218,-0.021546116691783627,-0.013310177424727884,0.003883267072559128,-0.01621720431373537,0.01970084866183059,-0.00214054836711753,0.03745011230466117,0.017989158011836905,-0.00369785196101732,0.0056118731885663395,-0.013732538551288651,-0.018156038484998624,0.022396688715108512,-0.004821487384032129,-0.000708687506746155,0.00959524712995148,-0.0207587481608516,0.010233709858841407,-0.05108719454466039
approach4,T_opt,75,20.838002791746167,1001,250,0.6130827717681554,-0.041264275457639804,-0.001131713628257064,-0.004002404507894922,0.0337165711948881,-0.008363898562002422,-0.008257463891274092,0.018709325324416937,-0.0001948895365938147,0.009575807424424185,0.016021935907713367,0.011754518796561066,-0.0048935521252012545,0.025384091817743246,0.004646962146082557,-0.010219887182565605,-0.016430241714294334,0.00189209289811129,-0.01092226348636502,-0.013508451201105193,-0.006025440189346226,0.005317510473036231,0.0018080293004315894,-0.002682282753709367,-0.0076584747985153434,0.0103188431997073,0.008385188740448867,0.014443971105450246,-0.008102373800338188,0.009233002738386623,0.027901222159926617,-0.029072054238680686,0.002206646908512888,0.006353955835517112,0.008536425272924291,-0.021964717772814592,0.018005592768683465,0.00485165989456109,0.0021641548024103723,0.012523807106307377,-0.0013183707960659798,0.011617655690683728,0.0004528062837740668,-0.0016429469057848943,-0.014279495848498766,0.002829911470641898,0.001605194508353518,0.008115592853578497,0.022020102827008878,-0.029543576210249327,-0.04843181442123855,-0.020900280538329246,0.012968711373528726,0.00558904424178033,-0.01315916373682606,0.01599642972702852,0.0019301406489536394,0.006210814530910203,0.009240184651953452,-0.010208778438039445,0.01482429709148864,-0.0516805189878922,0.01829748429469017,0.0028549344693766902,-0.009209612615332749,0.0006016777021681267,-0.006591971165050789,-0.02597780833721936,0.0324796590340294,-0.017378632574275295,0.01621045345337635,-0.005865309693083973,-0.0607280722505219,-0.021460785509306836,0.10112870934446007,0.022414502707505994,0.24916400355217283,0.0006576278131670693,0.006769792012916772,0.009697789359182637,-0.01777098270702527,0.007691165343847718,0.008151368006754367,-0.018432226450412557,0.003322263563558952,0.029723148383972862,-0.02048102391223909,-0.0023073709743301595,-0.0006935978775866204,-0.012985267943531864,0.009761030617617714,0.03879353239145131,0.008775662022284428,0.013112080442104173,0.019813686594517595,-0.04648600508988859,-0.014816189994636323,0.02272209113001162,0.020387889390158023,0.007608398326914956,0.009847190866223859,-0.005458806313011428,0.0053507521841969115,0.0021062854945770168,0.01379859606155832,-0.005664074982813988,0.010596695830661255,0.0018723143547671496,-0.007155109213420637,0.023648324632091565,-0.01756509531136776,0.020908081552639412,0.01098130086058827,0.009982328703779254,0.003875340481772525,-0.014822820239850522,-0.007059188007396036,-0.016974078006224264,-0.01418755775219984,0.004650069451857555,-0.01381076502577888,-0.006467488787624171,-0.014804259416664807,0.005668588270007626,-0.004286792562858835,-0.056459135362659035,0.02892573438317675,-0.021964924757874836,0.0031109602835161024,0.00729948387225131,0.004129374631541726,-0.00906192458570474,0.010549203525647468,-0.00560222184886431,0.006676628734931505,0.022271271286218367,0.016781177738844393,-0.009744579562443036,-0.0005356197951882661,-0.01341177393906989,-0.05757672557269224
approach4,T_opt,95,29.07066433687253,1001,50,0.3756021912488756,-0.01032190990358313,0.0020155507616557537,-0.004873392798141028,0.00912109905853705,-0.0049528855660190985,0.0038225236029540816,-0.00046130055286753516,-0.004180418457057319,0.0004838776638416203,0.010998697947189986,-0.008199925469872077,-0.01413999399319281,-0.011390934596948997,-0.0027134884739057176,-0.004862744574106646,-0.007685524508166461,-0.004429782965211728,-0.001612467354347463,-0.005043689851055643,0.00034694301396710064,-0.011276812548340329,0.004142799288663254,-0.003656581653080899,0.002633756630842946,-3.780970879437712e-05,0.006517775178687429,0.005809189265111173,0.0004039726435975848,0.0032702595530898666,0.014172344769071185,-0.0017691327237452058,-0.004341607317201612,-0.009901725434892277,-0.0036831298085358817,-0.0012298187837824284,0.002553507733196043,0.0004225887961421247,-0.007744723337811779,0.009123732852019154,-0.0024092870589241177,-0.0024451841514847436,0.001195981768245244,-0.0021048747193491493,0.00020567547002812644,-0.0005662255114875659,0.004968873138714134,0.009377311259234583,-0.001851083641499554,-0.01424167896597894,-0.007597464473320157,-0.005307333873708034,0.007856270589166811,0.008586049639351667,-0.00543642596637296,0.007584188057097126,0.007853105424807529,-0.0007490687646207386,0.0012435951177988992,-0.0015594264659346477,0.0008920832544538435,-0.003763779477270966,-0.00150825683864593,0.01032445054070365,0.015303886078528006,-0.005942539755053794,0.0002379505725610162,-0.01646994621417073,-0.0025686714255659044,0.002583821168674929,0.0037852549370077726,-0.01142852491314757,-0.014315121135967227,-0.014846044315826838,0.002546094441220908,0.004205598167175563,0.10432301390976227,0.00239753292691622,0.007354471568714202,0.00791168930572004,-0.006994604818437365,-0.005478301253908583,0.001270311285334929,-0.0009975351549859827,-0.002022758440321723,0.0048312849890446595,-0.013948786952395653,0.009775233023232507,0.006714966984196524,0.002340037429332968,0.0060223106563633486,0.015868281021517133,-0.0066176629969566855,0.008062412465704813,-0.0037528261872716157,-0.014028868766905718,-0.008110866447322604,0.00025133331601061466,-0.00428952135290488,0.00566782082754908,0.004743195189346173,-0.009452718915929904,-0.0027311468198588885,0.00831511038867578,0.007970438910939962,0.002681586203734258,-0.00274460162143407,0.00981797054161193,0.00260457437351591,-0.0004015967859604813,-0.0014008915565083616,0.010604688916881903,-0.008750886303802052,0.005260445732087025,0.00613545657651636,-0.009781455349405955,-0.005110442726398953,0.0009759126757109072,0.000980815989702457,0.004148470147426071,-0.004545260142484684,0.0042283458681807,0.004906111501652794,0.0012583567026138495,9.11330942922027e-05,-0.0029200565220313442,0.0035233602127497307,-0.015411821993566797,0.0010102065376048565,0.000315702722463505,-0.0007347394571181587,0.004293675701631401,0.012120866159623492,-0.0023917031188146,-0.0022233965610144336,-0.004749908984190408,0.011023378912890153,-0.0024497483650427424,0.0017237277646332061,0.0005823400657599693,-0.01300154793208027
method4,h1,5,0.005899018574105,1001,950,0.32926341989421337,0.008020468657056079,0.019504937394626557,0.017306668095300303,-0.028153912122421562,0.011147839644708725,-0.00428723516893627,0.016232133223756266,0.009158520866581137,0.012093908486592008,-0.0031503713400806302,0.010188183395251243,0.008411397799892684,0.003838267599873108,0.014890833381161865,0.02042191487008443,0.009830126882524878,0.0025605662074740425,1.194523771118927e-05,0.011803567761037779,0.011017464971506118,0.000846334141016751,0.018301062269657817,-0.008012174985520364,0.007703316841561546,0.020893085623916657,0.00412096766784954,0.0051085044467212605,0.0065542278005548404,-0.0034012394468409196,-0.006915832432679715,0.002093719890661149,0.002751480849407722,0.00690528186018222,-0.005985777665292058,0.0067290991859178684,0.00892504546946435,0.00745748719582388,-0.006799139564518894,0.014319252429192188,0.012715259517499512,0.004100837299313706,-0.019628787640713637,0.020216636487825995,-0.007175882705820362,-0.00027168392674876106,-0.00027772006587349976,0.002695204115072014,0.016468317665269627,0.007897387102774815,0.0021606813047541813,0.00586616369372868,0.01256837874134105,0.017787440443155385,0.013383839195902985,0.008588274634352962,0.015670256681134198,0.006758365588694764,0.000900719294856476,0.005128299814709261,0.01267416969248065,-0.010711173609413416,0.0038620353194920055,0.014970689258412901,0.0065642594617187616,0.011984625254836784,-0.006783495686481251,-0.0032070357063079397,0.01506217888904263,0.01174287616400714,0.004719181404108526,-0.012244328713595275,0.04515573383185501,0.0032691005654403946,0.04404709338728213,0.01225224356712169,-0.0007848614245275602,0.006832239196500204,0.003887417465265469,-8.544575777006715e-05,0.015485225026771413,0.011325032442484066,0.004008288135253342,0.027510274908981048,0.011685637105353652,0.011373505849731805,0.009106610037132685,0.002673705162801487,-0.0364242459984229,0.012506751740112265,0.001507987462630216,-0.008726899342987655,0.004501781883634724,0.015270420226265664,-0.005606492687773567,0.024567603573373457,0.0072696609114676035,0.0004445718579130587,0.02160459461852457,0.015074128345908083,-0.0024518132832613906,0.006728838496860614,0.015294610836017793,0.00781338175187106,0.010967573238971429,0.0034036711123421933,0.007245726920334573,0.019762580933045844,0.0058398156187779715,-0.0016139807870943178,0.0025540256445216493,0.017459533028289172,0.002986485365404885,0.010668988092141563,0.007950222974326727,0.005462203172434276,0.010149848458802103,0.015670292833380804,0.01053800327758353,0.0032798369694954504,0.0024034669665743136,0.021961154968325774,-0.01079386657232169,-0.010613835774401136,0.0080808432794939,-0.007489550402313874,-0.003343059245727845,0.011696979091603964,-0.011548918471114725,0.009837723351455222,0.009393204797831288,0.013313573638624801,0.0006011349997523097,0.017683042110937935,0.005416401123608087,0.012469530608058539,-0.005485939551816275,0.01659129386728183,0.00886779051758552,0.005700657825657236,0.022488156697009855
method4,h1,25,0.0079589627096982,1001,750,0.5740009549515892,0.009335759288477241,0.019670574580048516,0.05059672716536261,-0.05450575335326624,0.003658408220328988,-0.014441295346039901,0.018311612504298767,0.032001172438075993,0.030477247752851266,0.007133111479727922,0.039824697831015034,-0.007695414162634435,0.043603398586698566,0.02594816366747729,0.016370633845023717,0.0033940795882888494,0.01455914995387467,-0.011596400933358295,0.012459090122444404,0.0044905408443655995,0.0054318297532591755,0.04176004605090185,-0.031121087979109514,0.0039071643932305986,0.025910254316029516,0.01608237180169616,-0.0019997973473147475,0.007822811752324093,-0.0034876903103641596,-0.014901566643375382,0.019510842889351128,-0.03143621279609651,0.002316994503334474,-0.00047899052957596326,-0.012173852263898693,-0.01847575713363585,0.009981680988781133,-0.017170013772282666,0.015065592628395234,0.019837995809847485,0.015889926465258625,-0.046467335908200236,0.01590335393838646,-0.013088388969160054,-0.01477427185640516,0.009383724527480135,-0.0058060825049276385,-0.01177974875597592,0.027324289537106576,-0.006194109645994635,-0.0030250548473920048,-0.00977604812551705,0.03194626982314012,0.018851302227111188,0.02385179882216386,0.02059374178129152,0.018215333334434862,0.007267611927748762,-0.006082731111858381,0.02857297150480951,-0.03709886352899288,0.019441989761445864,0.01648779585878693,-0.003358193821093945,0.018652877526190485,-0.01612408247754053,-0.019551315169772873,0.030023214022490925,0.01577350561215905,-0.0031019976195119994,-0.024206620108119567,0.12170580386648443,-0.0022248924838112125,0.1515703467946487,0.05300782332031398,-0.006406231163889168,0.010806136215123111,-0.011053555644319743,0.0094548984893581,-0.007944152882596287,0.00844914385387847,0.02278919392895423,0.00501442408343712,0.004962095700980116,-0.009471794596646443,-0.0001578174704391002,-0.03817277139211726,-0.11756222242601372,0.009495868334438742,-0.003272433759615282,-0.017240619171578812,0.003739565749015329,-0.012608196533559315,0.017068519789573283,0.02748374221900455,-0.012606864492410939,-0.022228183263808245,0.005492866997148298,-0.03202370636521633,-0.014363802215813327,-0.00019564575285149072,0.03223884570085948,0.013735495030136987,0.011273486391569212,0.01736366071076502,0.0023681280801703813,0.04741172708945767,0.017184543433116845,0.004703341267828447,-0.03350547273223158,0.024702938292114264,0.0072808670815019995,0.0307197237800194,-0.0175067815850821,-0.009011877583552676,0.010545660237000713,0.013478384915888063,0.010725459496275343,-0.0020346585104027027,0.015796894710331313,0.014665726207584256,-0.06264889570812665,-0.004304255535960217,0.019655125008312156,-0.02979880872254382,-0.02325245420062775,0.023699320349303124,-0.032949862486598716,-0.018834468477859755,0.0004117236397444962,-0.002392192015465887,-0.019903462499899903,0.020394168926233407,0.0268701212200729,0.033004882672937295,-0.005795710023262481,0.03132942565730147,0.019140396305825126,0.014707206125135652,0.02770243628326525
method4,h1,75,0.0111603717646035,1001,250,0.6227839512620881,0.021448053550416832,0.020448062941151004,0.05169536474233663,-0.02839483068966247,0.016054552633142122,0.011587891543824773,0.022087461548038808,0.009264784753963445,0.0015897760800458668,-0.031055926050887916,0.0077458032616497495,0.001814605313592614,0.014407832128098298,0.030775391957395763,-0.02997691827681912,0.02154879003962669,0.02460372069924406,0.002796204022430089,-0.03837038290223456,-0.00545523716879228,-0.008365931504492038,0.04244325252838822,0.0008609717620367066,0.030640955387437083,-0.006690463732308482,0.0020846515160583765,0.011550738161382804,-0.011353789322039214,-0.010914974222329364,0.007471583527717821,0.020330517809203592,-0.004889442834564666,-0.009702028132481996,0.015686798338002933,-0.03479041216965817,-0.012992054483705603,0.0022317443852759196,-0.004102661262540684,0.0014369067162893143,0.0127067772186259,0.00752187154193729,-0.08055162150970532,0.013324586866922564,-0.00039017815936544936,-0.024028274683859346,0.0012549806975247647,-0.004867355075691783,-0.001045765113329166,0.0035846454405688965,-0.004149692261152128,0.005223728493990443,0.01135029194628993,0.017641693750233257,-0.005489032028743582,-0.009373805527847131,0.0314366979841805,0.013457672091285339,-0.0006170220969378519,0.005868305500834432,0.03716878386991585,-0.03440016120740226,0.021204068520731617,0.0007506360597171382,-0.004369611601402814,-0.004773381091890048,-0.009180686508651647,0.001388192130542634,0.017833876332268885,0.0027260251740640895,-0.009342171190813918,-0.02473820155843575,0.16942047863645876,-0.007177527940070131,0.16537821243124545,-2.2122112359631435e-05,-0.014169074385285437,-0.013679376359040228,-0.017113519495408673,0.008860177343891256,-0.015486258941211108,-0.016033715533693677,0.020243730296619397,0.0033169764921185466,0.005282920112373992,-0.002381843552086066,-0.009652237826231428,-0.017667320174816467,-0.08519409773980163,0.029329239751972505,0.008270492579279998,-0.03991355310438459,0.013343180145899712,0.004933026861483425,0.008475225908673362,0.020326232519088768,0.0033861560258347375,0.004436274885775523,0.013398429315580405,-0.04948439395052946,-0.01453089948868476,-0.011033795490487837,0.013771001702996756,0.01571692057366695,0.005695995909969417,0.01880328037067544,-0.010779940952492776,0.03179690917013986,0.016829249667001528,-0.006361843857707699,-0.026238833858692558,0.002783410681776493,-0.05075304171381774,0.03820046962040115,-0.038617234244401194,-0.0007921685431828036,0.0030341561459173907,0.0011366638267813114,0.00347298047763637,-0.02320194019879657,0.0011074832295120199,-0.016128444888707138,-0.06067948152529844,0.0028179523800989058,0.004655614473997806,-0.014446824220901829,-0.010757873674571799,-0.006317080497371088,-0.0065959478127026305,9.090360675931795e-05,-0.015843506452789362,-0.0064030331946789525,0.0026633086082227878,0.010507765652432768,-0.006211706149012216,0.03587959353550814,0.021397634299681945,0.007865832128619991,-0.0287154761025256,0.006570266570762151,0.019887818310122273
method4,h1,95,0.014116780506695,1001,50,0.3222022950075045,0.020885344249630684,0.012284563284767493,0.015377324558411011,-0.017331253884057218,-0.0014064330540320901,0.009577067184438664,-0.007825844905052158,2.199812598225291e-05,-0.013720649602661878,-0.008169166293247706,-0.0017436507298110265,0.0025052403250264785,0.005019420043613018,0.008490001578407042,-0.010659182886895473,0.0038145122185870538,0.005776210654164468,0.00828507085345899,-0.004872687041363356,-0.00034206309581679036,-0.002759564266846289,-0.0022490757456795573,-0.003026632668079187,0.005066605769126693,0.005256114009368732,0.0038321396552579035,-0.003422126826980886,-0.00476320364129652,-0.003345637729280969,0.012945609052629568,0.005202775040685891,-0.006689884346718505,-0.007205581874607903,-0.005650060729710353,-0.009131008623087768,-0.005180859721811568,0.012482858377790139,0.00461129911533521,0.00018618279454357851,0.007255770353537354,0.00330019305512749,-0.029476885953764832,0.011414722799110575,0.007805464730207172,0.0031239771308011156,-0.0008495347916502981,-0.005713318561584095,0.004874668027749728,0.0062834642299277885,0.0008348458359037003,-0.0038766722146124297,-0.001768284573463019,0.009426955034672831,0.0008922742877286215,-0.014966025474080488,0.010281986702061804,-0.0026701618707040357,0.00041238434870523484,0.003308244725006894,0.015696988631146103,-0.006483978320573559,-0.003157087993830613,-0.003980528633953455,-0.0019562826392131184,0.007533022241558708,-0.010185763536127273,0.0006520873038740431,0.00386468799249701,-0.01067226966796252,0.007802037644618468,0.002218975271852351,0.04768837718029996,-0.0004468286487238624,0.051768561420491306,-0.0001340099935828766,-0.0009883978450674902,-0.0061549915000405795,-0.004351698663050894,0.004774176748234791,0.0035719442039007744,-0.010204932203621103,-0.009079400377911565,0.008369883170321812,-0.005279324658336464,0.0005530939075886658,-0.00037545370979369126,-0.005182250536813933,-0.025987183470986726,0.002403411880630246,0.007846965901039143,-0.005519468342825915,-0.0025681880587558607,-0.0019326419366144008,-0.006817578335416838,0.010498638369985479,-0.0003606226310112891,-0.0025622107163046463,0.0027548809449988235,-0.02513538640898459,0.005450328350392696,0.0013002941148168834,0.006589723384900106,0.006896543910286159,-0.006731361191144475,-0.003202100344892345,-0.0014790122906457922,-0.0023390292140898043,0.00902556350827756,-0.004855673728851054,-0.00540026570369324,-0.0008829806308944337,-0.026067702024489908,0.0163024228850224,-0.011823459369644278,-0.0019687686972177394,0.004256647517002032,0.001549844015435821,0.0006550462432456713,0.003497376360782726,-0.005486020435339035,-0.0035322977915989264,-0.029058979280383142,-0.00880282178233154,0.012746391301181626,0.001519358091232251,0.006941546789935199,0.0025585807284847478,0.002782252370949443,0.011102854976857281,0.002025542995599471,0.0037046158087850525,-0.0024261871635205337,0.0054223035197360145,-0.0006188592644212967,0.009769209361604254,0.0028042928077695786,-0.0030204753868652945,-0.009277453397019289,-0.005916391120635408,0.004044197950649926
method4,h2,5,-0.0004433680372984,1001,950,0.34703806268075943,-0.002478860576596964,-0.0020422493413311824,0.002363437328067052,0.019250505007075237,0.015375593264956054,-0.009198881984020366,-0.0007951766275116137,0.0028795352669309313,0.015885141855086986,0.014217412332853178,0.00608767751330853,0.012163510419325282,-0.002387923951153664,-0.002025129141186255,0.010077683567565752,0.006015533358273399,-0.0015745827594977058,-0.0008220405373270637,0.00808854168865654,0.014565837194385024,0.007553971943260119,0.01187500979176399,0.007896024907886108,0.013327203187756152,0.01422398758583587,-0.0071303273109054,0.010209601497531017,0.0020956883277195495,0.004990952718546143,-0.011724714556797624,-0.0014858964972039755,0.002448362269408248,0.011319324650413612,0.0094000199307838,0.017854432034701627,0.015357478868679929,-0.007403685820208693,0.002501324710688704,0.014272521164544479,0.010844027769495914,0.009606416631107449,0.03215616474488107,0.006186510052770973,-0.0004683821726852097,-0.005261717258795113,0.007280927198232455,0.009334467686865872,0.0002756810770623407,0.002986147873310063,-0.0012917386662533717,0.004201197116529432,0.01783097108791197,0.00963768043129182,0.016292316252171493,0.013114866286830045,0.0006507517597938149,0.0055227617939446055,0.007245523280588552,-0.00036875294122077837,-0.005096245033186153,0.011200952341465113,0.031541697334375715,0.002668417205075173,0.007334147833843053,0.008469919851935183,0.0180888759258191,0.0064719520415846615,-0.0074273714129788875,0.016455018604264217,0.018755121396761838,0.015399955654799277,-0.06558076748475655,0.003930260329204065,-0.024286833727897913,0.008602027438107318,0.030852540462793482,0.02080630627459199,0.01551767076907472,0.0024606432325222803,-0.002148971933951313,0.015721494109915003,0.009192358867240635,0.0014998812408141004,0.00019822984656331453,0.009478822510981172,0.003871581961413303,0.012669996665499169,0.030211631060313326,-0.007072776643345588,0.0028351456307298814,0.020622076345410814,0.015042981841428736,0.009717703140999706,0.018026260876290258,0.0017285453182457906,0.010425793832602717,0.017216809796423857,0.008030633415916838,0.02460409750750287,0.005844169321300613,-0.004188757023909825,0.0008989894858896551,0.0022831680494732427,0.019201962834511997,-0.0025137636771266,0.008937719245132543,0.012554531075957998,-0.004990632905385773,-0.003962502289980281,0.022021169035892872,-0.00015143745447285164,0.018207841894729185,-0.013603592414039328,0.018810536787166827,0.01792990226352901,0.0020201958575899615,-0.00584541760188322,0.009838577202414994,0.021333544415690683,-0.006009613099369263,0.0029889635504926773,0.027732168424718172,0.012436211464469948,0.004595015663876333,0.0025649911309524346,0.006192006068043115,0.0048117053973068865,0.010641746689032977,0.002643024700294371,0.003395481643563322,0.008457604902033818,0.014540912883189615,0.012817538179759792,0.008423694636936107,-6.002869165051654e-05,-0.000498707603722828,0.009417804587657595,0.0038806091821891103,0.014415038017198659,-0.01151129496106186
method4,h2,25,-0.000344209367948,1001,750,0.6109947727100051,-0.0034719818855998077,-0.0008778703625443702,-0.02941589030714449,0.06472176375393576,0.008827022522280785,0.0007738342126591947,-0.006525928994483295,-0.0167111134914239,0.008482063632321946,0.03171606941013862,0.009350339763071218,0.01874820465125743,-0.0028678039183935205,-0.022072697733282205,0.026803281441238246,-0.01753681219235352,0.003503996242474265,0.023081088342668882,0.015869302245864705,0.003158667989495975,0.017730800986975652,-0.0012464830670065262,0.004218871239151487,-0.013338615614529533,0.0015583265966945602,0.017447647594489538,0.01802626871501349,0.007386762555894186,0.01254165179670989,0.0036629880270149257,-0.0011101158265890525,0.021692668281890037,0.011923412962378461,0.02364381320709133,0.035690780904311534,0.020530549807655053,-0.004936100046617799,0.010919577620775747,-0.014907219804506943,0.007103884268901777,0.02875628209288767,0.06832437846082938,-0.0045863590417805095,-0.018817185178517423,0.0038876404509929526,0.01789526016422029,-0.008519472225127358,-0.012658348750801515,-0.01656914862446271,-0.011743096413947052,0.012759733512961828,0.009121913857674175,-0.008341437887976305,-0.0028281772825465394,-0.010280804307275128,-0.001294341232241614,-0.0035443548213743327,0.030927358760749243,0.01220732417388437,-0.013393193067938123,-0.0028911236570026977,0.041820525532301735,-0.012796783846062594,-0.003271528299503948,0.010232249583217473,0.009516800259251341,-0.006838199691787922,-0.014171684848564865,0.0006978227982060228,0.01979310522541114,0.02306005101382201,-0.21629330780295444,0.004058123394817601,-0.07574966037272626,0.020554667315658116,0.09329522626324813,0.011209166632745255,0.002740434442804822,-0.009009652496322757,0.0068458904590970385,0.02073203506494505,-0.009068124526256077,-0.007402889124223511,0.014839770516646842,0.013043428871709228,0.0061612760735047425,0.011163270753988402,0.06782016735637642,-0.041521463725118994,-0.0023929542839321704,0.05724466606676949,0.0003545963185777497,0.019268917387445822,0.012214439796297445,-0.032473481185225854,0.029267660583328987,0.02107617090469243,0.008242671643640728,0.03910612198491193,0.0035843038291177194,0.0007084951562110857,-0.036524973139371864,0.009542621067036294,0.00481669825790915,-0.027443419360692233,-0.011438820471599782,-0.014651583376610397,0.01079303431926067,0.02196803393334026,0.04697013969648774,0.008022885412900381,0.04347234003048192,-0.005163639449072801,0.027675538430995426,0.005107439490476321,-0.009912108021270943,0.0012774548740252314,0.007609688806924234,0.005335171401134632,0.002841683107107742,0.019588671128587205,0.031883953705870605,0.014289092476206628,0.01741343906187575,-0.0016928890984009258,0.031148349288310135,0.003519038113678234,0.03807782092775003,0.01763886626240508,0.021192663831497205,0.01590442673596378,0.012091133862890511,-0.005308939048786161,0.006210636818207178,-0.006423657060103441,-0.002095688341219891,-0.0024182858985939276,0.002273659417408997,-0.026046685673305814,-0.03217647126711721
method4,h2,75,-0.0002309941027051,1001,250,0.5669026541225837,-0.007181290222923792,0.0012208313125035876,-0.018158284718644904,0.0812471926585761,-0.006425711516057808,0.02765964747682849,-0.007032535040422651,-0.017711122801395876,-0.023216247747623008,0.021306006486719424,0.008913099770393982,0.00011227336295584894,-0.008684485789072122,-0.03759507364146422,-0.015034982758861226,-0.011074927546889879,-0.006229491799822254,0.0005126662193383064,-0.0034588154449262595,-0.0035410628723236484,0.003588176439719485,-0.03322676349111178,0.00548376254316372,0.0002167185373451036,-0.02983676637524873,0.00945293195283878,-0.003713449183182042,0.011331109852558752,0.018106829489666472,0.003614144533013129,-0.02360439679349137,0.016547138931751422,0.006705230387013848,0.034400986891417254,0.021105070977173183,0.029708443087461123,0.00385694562162013,0.006434860483233634,0.008977424499606323,0.0024290439310900172,-0.01413062526557547,0.02369254312594652,-0.0074882542644529445,-0.010514911318572562,0.02412491381085958,0.01352237713467793,-0.0022660366748834364,-0.02472537481288106,-0.03544768995115174,0.0022164567482720818,-0.0013128980088467045,0.00751334738018794,-0.018015124419869057,0.006528413944619638,-0.0014976620187986318,-0.016796289285812525,0.003981157245096262,0.005871752028530777,-0.004234699742561661,-0.004350376068727516,-0.0007119822612564348,0.03192015538034061,-0.00688285478227776,0.014003432928865599,-0.003752680779729723,0.01652501292270997,-0.005834562475743231,-0.00406677986925265,-0.00023068143794479148,-0.0031936871663082976,0.024447312265943138,-0.1552417295988857,0.019130143393479824,-0.08270331527473171,0.00955947852365035,0.13804605165342582,0.01036437519783015,0.012032277781495796,-0.00023297125107454766,0.001604674578240279,0.011199001759240618,-0.01389967384482926,-0.003992272640200567,-0.025980660719700628,0.006953610738990649,-0.0010906468594873708,0.01665640268742221,0.07694318956356266,-0.006392459257264026,0.008596249151889822,0.058949778110560666,0.006885963277378945,0.0001623469017263332,-0.006644903626491359,-0.07795300001417936,0.013127249739236926,0.025042341521499964,0.010512619426931682,0.02925476098744354,0.023854735560607222,0.020216618912077357,-0.03539955117625025,-0.02217375113880581,-0.011639922781888652,-0.007222817204484906,0.010032181501823813,-0.024000279532854597,0.0020891750814909377,0.008524759335624157,0.04951098585571428,-0.003987349582906808,0.021335463703039473,0.020119698200178986,0.046289707242679216,9.994667621631911e-05,-0.0069679007831207895,-0.01180334435537805,0.009798931255703218,0.0014810629553390908,0.0030482332976690812,-0.017680348217777506,0.04630774115066791,0.04283157965770844,-0.013788470266494143,-0.0011772473750225627,0.021401627881068523,-0.020294773713923336,0.04490972050504132,0.003463355311568668,-0.01975230565368981,-0.008772850641636909,-0.009765189397401862,-0.005308067661071253,0.004719371319608558,-0.010599566612931002,0.015181032584167344,0.0009845761868935224,-0.0011267124028598178,-0.010924105925610567,-0.05381682914632166
method4,h2,95,-0.0001571907011841,1001,50,0.32881655858107994,-0.00016729801994093754,-0.006137003822354813,-4.2675122217228356e-05,0.02107256375502892,0.005026042855885714,0.0028675044578062234,-0.003528262110681455,0.0061595241345999046,-0.003136255867259071,0.020395427474859805,-0.014886845244791455,0.0012267422388721923,-0.010035836418904506,-0.012746130226434515,-0.007636593122853695,-0.004967886368218337,-0.0003508201907845166,0.0027291613634378587,0.001636919053794629,0.004907348373373836,-0.009909897171325437,-0.016284997310843784,0.0032373733013600376,0.0032612678913597534,-0.011435999784451426,0.0024779437880385917,-0.0005763746380702626,0.004500669477280287,0.004005739138365403,-0.00934916557221509,-0.005290087913124799,-0.0007033326169686121,-0.008166096416038916,0.006219013951774853,0.001055557831100163,0.007036417790668407,0.0036005363425944442,-0.006683927387970315,0.00024152801533110137,0.0036580828696221724,-0.005677587937147096,0.010905921403567099,-0.0019402851942790281,0.015384126173098294,0.021528309075290214,0.016135645411192164,0.005140744383246886,-0.012297991254527345,-0.007669443097439805,-0.010442336048782239,-0.004437739791262827,-0.0009293207338221636,-0.012596607894779436,0.004598089261609456,0.008366960599873123,-0.008431283080832234,0.005443757172180395,0.004600392668455033,0.003256968033636029,0.003518222081885283,-0.012363220338023015,0.00624436241704497,-0.001755215171722069,-0.0010413158879210927,0.0034581539891194906,0.004491087527449101,-0.006088974067922606,-0.002378919155184486,-0.01224493474359985,0.003985445830278199,0.005096233352805288,-0.03841335824480941,-0.005921458996506021,-0.030837588239529146,0.006431898383084956,0.06173765800552606,0.0009697856800712206,0.002752316082091771,0.0023138119611005783,-0.009646345004059248,0.009995841843882435,-0.005194413512311954,0.002746426261883009,-0.008083897159523342,-0.0003468072343345372,-0.011619911462967064,-0.000784697032419672,0.025227736536513425,0.008712404639253334,0.0022602729399424093,0.02716258367121619,-0.005833560826267584,0.004805433166215027,0.0012117659089281958,-0.02197734955824286,0.0030351398491376093,-0.00013675288702541056,0.006623052920008199,0.004702378302393199,0.006346836076711434,0.004485707605577572,-0.014782351606949412,-0.0070113392074890035,-0.000583412084992796,0.011063101410422967,-0.006117508788078711,-0.001376112924177381,-0.0056624341317151,0.01018258487804062,0.0067832405579573,0.00554698841696823,-0.0009431664275802712,-0.0036445853707204046,0.017434712977881163,-0.013566579444675674,-0.009766272021892463,0.0022915020238566675,-0.0018098121079586542,0.015659922214518573,-0.004640019790794383,-0.001770598004183969,0.004439271171357495,0.01956155131902958,-0.0066444142356942865,0.00266679978376057,0.01502318858179878,-0.0045216363294777965,0.012843253306349903,0.001434901267603022,-0.015286537361273238,-0.0034372275175678507,0.014550482931260588,0.00445919247473936,0.006158273522444472,-0.008951365886202836,0.007784336721128718,-0.0028419700737364433,-0.007670723907647666,0.004715897162215056,-0.021728575034178764
method4,h4,5,0.0010560177612267,1001,950,0.3116673858446447,-0.017036888334452743,-0.004447663869442021,0.001045265498887519,-0.003251765247898943,0.001161019384008543,0.015440622174861252,0.016640942943596738,0.008119334379846983,-0.006010548816419006,-0.005561461432371732,-0.0024120593728656214,0.0034162743662083505,0.009621760130194558,0.0193203542147807,0.013660734553705929,0.0016831914551563819,0.004848512953870065,-0.0007757201391828707,-0.008771202871743624,0.0028588173743106654,0.017138055244152888,-0.007050116056369934,0.0013369218235821916,0.015907678999576687,0.006461272678367812,0.014599657216251248,0.014405641012169974,0.003584139896284262,0.008675600262649174,0.007494484093753976,0.008574154763419665,-0.0009586520202643188,0.015090317312671079,0.00913835882592491,0.00942894481335136,-0.006225369637094728,0.005943825234671751,-0.005175815652913493,0.0026390698110443384,0.007283474500842037,0.019010880707893012,0.028528896261747917,0.00852206200755543,0.020337033716153675,0.017152675870805944,-0.01116505112477136,0.002084280227637025,0.004374395967973392,0.0022780256662033077,0.011965510919692685,0.005504408339762368,0.009470195479569163,0.011142611563807421,0.005592349398633133,0.012365601630770873,0.013962227653047752,-0.008296472994747475,0.023498760381040363,0.01923346105529146,0.016881238565688253,0.008363070328801701,0.03935619391604431,-0.0027981992229205903,-0.003741900479094059,0.009985021220884332,-0.002134459143563417,-0.0017422168025666498,0.010130402822882847,0.005285102752704992,0.008095384336105228,-0.015518450801730175,0.05461540818093372,0.007209725517709567,-0.01020703943663866,0.022855740728862046,0.010223418610857552,-0.0143007388086398,-0.0030336507393768372,0.008089028974882466,-0.001904560645307233,0.007985354975971588,0.009245076614455231,-0.00941554263157143,0.002116762283612402,-0.00020206300647421151,0.008559352428435602,0.04013129445918279,0.024604372834287444,0.006641532186196217,0.006927983109975992,0.014346923207675425,-0.0036604859634949256,-0.010071249034804334,0.0023184083744183254,0.004037973258743652,0.023659389935645543,0.006501611278764596,0.0066235949807862335,0.0005701295145707896,0.001562381492962523,0.021874330403065367,-0.006239859198300406,-0.00020327495795105293,0.006729169642457211,-0.001628007288803933,0.005030374079817318,-0.0006649620816633218,0.020289284923540624,0.013872680318481174,0.013878050859773804,0.0039464550581383845,-9.211968983451838e-05,0.014288023447818696,0.007582005304681567,0.000858961760938819,0.00958419887493715,0.005233861264029159,0.004128833263207357,-0.00018402525578004297,0.016015889263102347,0.008326362266104469,0.03853872549838711,-0.006884721982550221,0.0037431740709886405,0.02313223404217753,-0.003131774410900485,0.0012692761874598339,-0.002793879252813998,0.009336698186755418,0.01318644480633189,0.01059587936707533,0.03013018405748838,0.00950694557170536,-0.0015156896198820734,0.004188824719495148,-0.003501969715802999,0.004160802119541037,-0.005050733268326139,0.01287682040750369,0.0006284606029417772
method4,h4,25,0.0028010506775525,1001,750,0.5638387054723417,-0.051811064712560057,0.01320109265554597,-0.009046511346642284,-0.009727704737634806,-0.0037394736561463873,0.0015295784700400383,0.003075885468744221,0.0015724996119995428,0.0009825032307307323,-0.009905775056640125,-0.0230997727459867,0.009427942597847724,-0.02090992119309474,0.0378265082294888,-0.004859189676910243,-0.00761789743270333,0.031675513173623916,-0.00397911582353009,0.0050964260250573115,0.0003399477588700954,0.002279973502889353,-0.002476536058299751,-0.015341195669197946,0.0339383312947485,0.007253211722252909,-0.020376956247874847,0.025953093606509867,-0.00878665643769072,0.0003942556295455646,-0.009142395749768356,0.008317216631566086,-0.0005946785750513758,0.0008707784370514116,0.00781528605029494,0.0008480370272098007,0.0012311472784813835,0.005348375938477604,-0.02160219840602504,0.008157170564999157,0.0038727266744965332,0.017305497388030534,0.008997921196167134,0.01800152977837094,0.043319007407682006,0.014119496746262413,0.001022991465759078,-0.012667508725801777,0.002255386928339119,-0.02295580816184356,-0.01218806074278051,-0.001598982417752786,-0.0017955097551326168,0.01209769403912631,0.027779950351712174,0.031690971614938654,0.013516355903143703,-0.02215683274884414,0.003561057785606111,-0.002977287899082283,-0.004553900980809771,0.04288904512702647,0.10571418644314887,-0.0006955774933600396,-0.013654181120470394,-0.006130894006733279,-0.004851762426205371,-0.026918376319357566,0.020740865467156436,0.003386475034540184,0.01667698733041775,-0.03008309301939729,0.2105479100289357,-0.0013117500379127697,-0.060937519612675156,0.03916843296768001,0.03558032416303158,0.0006200876366105838,0.008076897410635185,0.01893725429199178,-0.012292438968877108,0.02715095471653689,0.01655239687130272,0.0018733074353219554,0.013216792701825278,0.010367095395491346,-0.009319947971226905,0.06767389941611551,0.044079799243720484,0.009452138915815016,0.010291258671728545,0.01033160503051058,0.0059127442171750325,-0.015656071061359838,-0.0029012075879397015,-0.014384079658197109,0.016787199293532444,-0.012516523957250187,0.021690148679683337,0.003598410880144381,-0.011804137206824637,-0.00414107658510738,-0.009125878243075368,0.007014368482041622,0.0014617831232622098,-0.00575432045503008,0.014343007401278222,-0.041066388803468766,0.00949812230341024,-0.0016183467734895702,0.043247454688199446,0.014656966269286364,-0.040657874159005666,0.01053022020378375,0.02850248350957383,-0.009830228362423404,0.00037105632721987905,-0.00935217289806339,0.016218002181983777,-0.01169925022071619,0.007480354590815584,-0.000752892343739698,0.018267330056557583,-0.006348380710697757,-0.0010900031160496447,0.060512849210031555,-0.0019390494231367877,-0.004462384303248345,-0.003807375636246113,-0.00827290010975083,0.0338728164587139,0.010938030862004186,0.012932220157884297,0.0026201737965781194,0.011393678423789714,-0.010617524542717117,0.010908021851089795,-0.007275240307002042,-0.011914424794996032,0.013094309013065469,-0.018721238041761016
method4,h4,75,0.0060561831483596,1001,250,0.6355640884119811,-0.039759351363803666,0.0006797047122991326,-0.01588127812958843,-0.00022048139672787475,-0.007122395646239236,-0.005021436665698431,-0.005213725166512312,0.006456482768243666,-0.028116215841769394,-0.02455410111211523,-0.007597624320733742,-0.01020682491463112,-0.008842697027067354,0.029460195537254364,0.011391374262192461,0.010793066611978,0.006809959889583269,-0.0010267122914788783,0.01788520871684237,-0.009124964627798514,0.012936330092934923,0.006771159187160203,-0.010067865195971444,0.025431672432063183,0.009994202222219598,-0.005342723374665228,-0.00012862223650644128,-0.002855478627208325,0.009284258391403316,-0.005239370493097986,0.021002715536514997,-0.006880562249447317,0.01554333917092152,0.005560628920002133,-0.03509972355337739,0.0004844651465665765,0.004925011445896943,-0.014653132904694223,-0.011143677493200475,0.00011189545487736569,0.003692652277193925,-0.04365975120571028,-0.008563202717151091,0.010227845417916874,0.0002122402515697397,0.005362909093171346,0.01024333816107639,-0.018324741402576068,-0.015275844082261266,0.009211069323111805,-0.011074672005346141,0.011277167436250013,0.0019453722063458526,0.001788478763546937,-0.00015909118558443507,0.009374477447322466,0.010964236640650188,0.002394438147408527,-0.008425437064078542,0.01004219490725749,0.03294915205321327,0.08063037408857493,0.008959250518296297,-0.01729885112429788,-0.0024281396132577807,0.0251026670562121,0.006704605362901968,-0.005106554119675387,-0.004396950837669176,-0.015476428071828046,-0.01812623389215395,0.25857411078982345,0.001707166310654996,-0.031209078570945674,0.030300706481906737,0.021236718377404304,-0.0006167486822592997,-0.020688179291005474,0.013241140132468904,-0.024322981618829974,-0.0018982555752202375,0.002318316754764632,-0.0030470946534963193,-0.0011918318115483242,-0.007500024114761613,-0.0022612214987313105,0.08143636990678738,0.03966800303298149,0.01086117272889628,0.02297152186335774,-0.006393124338081285,-0.0025425033272593912,-0.00967438714665948,0.00989486932377019,-0.014143493230228359,0.011827935641854347,0.010148944181395708,-0.028516690364858883,-0.026243653250926702,0.01139515025392794,-0.01350109306257995,0.0011897255825376193,-0.0037270849587081505,0.007133899248201032,-0.02197383089233932,0.0016601499988386373,-0.02297002885933966,0.0004108538584184501,-0.01406296098234805,0.03274518170627804,-0.023582480333768297,-0.02631654014345311,0.02169702740088716,-0.021680852926543266,-0.019376238940365387,-0.0036677930350377877,-0.013628744514010253,0.03271110756571936,0.010656525768015436,0.0056196486410954385,-0.006221081634482624,-0.012646462827793836,0.003918043532950392,-0.006131868395916751,0.020845157850703996,0.009206590088660375,0.003586568497347087,-0.003936402967523016,0.008288903691629806,-0.011762355340393812,0.008679933061817715,-0.0037602258964471507,-0.025243330962076562,-0.018142599203145995,-0.013436180152549809,-0.012473690478475331,-0.00038651830554510026,0.007458846176206827,0.014033379766705592,-0.007550671142922327
method4,h4,95,0.0088490078552344,1001,50,0.3605152724544408,-0.01995427889424995,-0.002710164826673262,0.0005431625491614037,0.007583441893956789,0.002812413678128417,-0.004406265675992737,0.00014661362712787163,0.005538745034988868,-0.0012658952050841497,-0.0007462316265590037,0.0036984910083124626,0.0014496587329966108,-0.0072422496218393926,0.012868856273691564,-0.001081634064962633,0.006880745166392864,-0.01089296276644913,-0.0036979850735653556,-0.0084700225664393,0.007730448540940533,-0.002267780781465683,-0.010541612649923378,0.0013729985408372242,0.0002542692985833396,-0.004893227022732904,0.0025926616038675224,-0.013805338389317155,0.007254097857649723,0.00036598477670429655,-0.0021580644164044885,0.0054488559988518535,-0.019885025726048118,0.011370334463297853,0.005737216619956927,-0.010801111711663735,-0.002308852358086853,0.003942427699105274,0.00555416427896292,-0.005895197107509583,0.003632680921276809,-0.011303822166736734,-0.026621737700984645,0.0031664478225509043,-0.007900603340461672,0.0004363117068286635,0.004835178734761468,0.0010621396841767926,0.0065356763574949605,-0.0013292877697542206,0.015576493240204001,-0.0020610133470203504,0.007156621252032416,0.0021199677485040035,-0.0063697915744987295,-0.004712557044207059,0.013523755754113721,9.857739636406643e-05,0.0008752479453815161,0.012735082193703708,0.004293656354695949,0.0002514531239491708,0.014226105412546557,0.004382401937718832,-0.002045125323952679,-0.0014472193742322628,-0.012660088588400707,-0.01118822753578097,-0.006416718242494611,0.004330187403269403,0.0007541732427152293,-0.016895013085058353,0.09592276025271881,-0.004020374905953936,-0.009258065209803424,0.00995708468329453,0.0033289400178049904,-0.00287691450383036,0.0027725516596585724,-0.0010192034948573042,-0.0042632610849593355,-0.0011474126535546986,-0.012284680947999818,-0.0008251290888126,0.0022807971166082424,0.0025880301790839177,0.006900200823626681,0.027773130631638103,0.003901724394952898,0.0033634619551382635,-0.0031100785950826677,-0.000841773544866197,0.0016557385774697859,-0.0036345378353557552,-0.00898975991111824,-0.0019496227538278654,0.011274672686372812,0.01175133199344845,-0.00852337146604382,-0.005078008652551217,0.001240592000410175,-0.0035567161586648028,-0.008926892672255458,0.011936063361286916,-0.008756899409907374,-0.01462129130803175,0.0031406465476244323,-0.007535632922833846,0.006153383659581346,-0.0008560035615001781,0.01512257264742315,-0.002082883985019046,0.001269716445347757,0.008135230190805885,-0.013756639216980436,-3.989764981794479e-05,0.01181078661252638,-0.006660373937746331,-0.0003895815493444787,0.0023466773318680427,0.002244635155576302,-0.005146225694749317,0.0003909279461944727,0.011404548494605793,0.0065408973842631495,0.004751358258475499,-0.003189738723297142,0.0011104895959995423,-0.0040809366837071415,0.0011974268848976655,0.0004304001805265274,-0.005037037162320638,0.0022827161938209165,-0.005865716561228225,-0.0051522078715047145,-0.0032858606092620456,-0.002337843834871122,0.006207467176665583,-0.0003018034616719366,-0.002775944937381471,-0.013292090924306601
method4,T_opt,5,12.654808253275084,1001,950,0.31322942072816706,0.014722260680939528,-0.0058827718284746155,0.01955413993637317,0.022227417223654476,0.008199618700003665,0.009559118262861998,0.004580009443882433,-0.0025173939035889846,0.012839610480394885,0.006215750068083934,0.014043794235989797,0.009571019821279626,0.0312525589069795,0.00589274028861995,0.006232029660722957,0.0028442844116404135,0.013473809121526547,0.005473069146456673,0.008773098232038064,0.013146915261809992,-0.005805052686018934,0.022057070813142142,-0.004433771102541711,0.0024498893985619792,0.01096379823214495,0.0030337804311993976,0.0031419722775676787,0.0036126573828921364,0.02193681327522395,-0.00586666271077463,0.003165257365809463,0.0005147031005287355,0.010777209108322245,0.013479435708282757,0.010026806512318198,0.0140308131357642,0.01985448244744896,0.003544981629982834,0.0012952841100268998,0.006449848096274921,0.002544311198115016,-0.019763357496450615,0.008641731383830377,-0.005498316671615374,0.006619603383023738,0.00995785653479237,-0.006488066873410585,-0.004525802040581104,0.004319466019788946,-0.009335614853006666,0.007630205141826517,3.905858112126896e-05,0.023880071799138907,0.005839815907756136,0.0018399934092642092,0.003167879886306825,0.015815551197251206,0.014219117599570655,0.007633758923193822,0.0005649383778032167,-0.02735227386095136,0.02950797632653282,0.00853734129245951,0.0051998750260235874,0.009365924613875011,0.012541306741322417,-0.013321761449211041,0.007593441129982915,0.009908260955861168,0.010165548764977939,0.0025142954301401585,-0.009793034967222596,0.00812289287548759,0.04647099216553532,0.02230979754981467,0.041975485548828365,0.020836205181911708,0.002777898085983473,0.011587185723924202,0.0008104942727023886,0.0013008263060445913,0.0023336459930105233,0.007462111681150917,-0.004544858468020033,-0.00401359174666916,0.000385074308547749,-0.0229573240137726,-0.0011488681590361462,0.022933932623860884,-0.006973063841733594,0.025532775878533802,0.012116706512828193,0.001355703804591074,-0.0036128638665988925,-0.0036088577466559073,0.017740950510387172,0.006963493204024741,0.01278950808279774,0.008325772026859812,-0.005601513964321372,-0.007429838072634703,0.0064747557177088876,0.00046016338049104013,0.0014266794990760116,0.0031887556898597368,0.014431883079781058,0.02821335351415445,0.005401631910651957,0.019068326689072306,0.022900967936207522,0.009176011875340433,0.0007633223371309242,0.02331089816374539,0.013213247711064923,-0.00814593902267296,-0.0034369568935085073,0.00951355821967362,0.005796853346681676,-0.0051302458982175,0.00995176601055023,-0.0006647924710651149,-0.007071837414180465,0.007511969232985534,0.010470181119709987,-0.003177344634315132,0.01597162417897335,0.008299596661660436,0.017170699558071267,0.004711434367693487,0.008054305249419445,0.013251595448008122,0.002703762018768213,0.005730537293496891,0.0054557738875029085,0.00630196732994504,0.005299425020353356,-0.0015451727713561986,0.0018205552772986196,0.017490104759783964,0.008994581496182893
method4,T_opt,25,14.694370752917282,1001,750,0.5600068961927707,0.032909489653509885,-0.00022507887341756405,0.04012954224343372,0.05329587718592092,0.026284485687018456,0.0024290647751810893,0.005555333156871437,-0.01707790185104907,0.03252208606160134,0.016473348855202373,0.00786914923831507,-0.00984133436772261,0.04641504962917976,0.01480352665593741,0.0037118112664730734,-0.0012366945844135072,0.015810725018755786,-0.006895801539722713,-0.02888885535006187,0.021464370313462405,-0.007774876436031196,0.023109827849185194,-0.005346676476233589,0.01392387284827901,-0.009647154096957098,0.01207488938604888,0.03116145836991697,0.011617437406542318,0.015525339795592959,-0.015050691837822122,-0.011788376391647482,-0.025170766339257612,-0.0016540260296569673,0.035036882935201095,-0.0006856910929708936,0.03007357370642834,0.029880808374222835,-0.015683520238346394,-0.005021188626908306,0.029752544562539313,0.037218602123761144,-0.052908570674289036,0.02226132083599519,-0.009152834842157533,0.00799073454250615,0.01843135183349377,-0.02066537734462595,-0.012145209463032287,-0.03490462449762133,-0.03739389039011595,-0.006038020751949584,-0.0030385715069063506,0.015459517716194507,0.004251841090347803,-0.0025709287789895813,0.012799297691346214,0.0260872759806799,0.024260799378125607,0.002237281330760529,0.03363324132046096,-0.08124725833079935,0.04811825152418821,0.02283496709209585,-0.03482831773827473,0.017186336465203376,0.0036384733977476574,-0.027087825665733152,0.025905305122186063,0.0076890331694940365,0.00582589280114592,-0.019723033311111787,-0.06913007933936452,0.0030775905521030524,0.1118627519722721,0.053009005605861366,0.14041527743693127,0.02539308424198286,-0.017885627235252756,0.003026382238984755,-0.01489321383379859,0.014608456159771022,0.01330395164641226,0.014227036182423387,0.002805544443127337,-0.011278071925823257,-0.02478982250139029,-0.04183058672683852,-0.016206712711567282,0.0009850276882305189,-0.006339116406593261,0.05697580219034668,0.016298255388340375,0.009910367953924195,-0.0023437007668226377,-0.023547401471716054,0.046910694185716584,-0.011887347271148919,0.02510553556579829,-0.027946402494712218,-0.008499669141534072,0.007469569347686056,-0.023832705871011193,0.005166665929728227,0.03394534686937211,-0.02002378279397385,0.005179377039294058,0.04543308023672206,0.03454456304479586,0.008598777157785188,0.02145065927840776,0.008301303361888621,-0.02291375981965258,0.039122861363730124,0.020093343398228204,-0.008145333090072912,-0.02218359690605137,0.0010691705806953212,0.009594704175467261,0.006829477023568668,-0.01230749625778075,0.015367544565209165,-0.034329444305517355,-0.0022149085155407228,0.014091782590281274,-0.04432738690737507,0.019209108755406212,-0.016475428629666,0.04505163357747777,0.0030390016574555513,-0.020230894194249626,0.004602998025965175,0.0013651669647897734,0.016867712850192423,0.032631616382954504,0.00879965163261737,0.012320980945168893,-0.014533017739611328,-0.026521250776512198,0.0029804733347548514,-0.03859094825548715
method4,T_opt,75,18.562383067364205,1001,250,0.6222684174097657,3.469000860149146e-05,0.01065555023059167,0.04679401868035531,0.025215436151309847,-0.012835188257279005,0.025735337421507097,0.004350352153228695,0.005652891776667064,-0.009383330231111743,0.0254078541208334,0.013630082179733202,0.002936987877810042,0.017619442204352995,-0.03643237949133015,0.0068101980649557595,-0.0027906825427648427,-0.0009085920640295227,-0.0028153489934248915,-0.007188473023195193,0.01708283034146837,0.005722040035913197,0.012803179990486968,-0.014857890258038537,0.0047087734824322785,-0.004546927341979253,0.03656577528985204,0.018402950513476377,-0.0006476229544968588,0.0024694059020211427,-0.006444492196464566,-0.022771838786347275,-0.005137619969362442,0.004420476365260493,0.03882642098332208,-0.007452901458119016,0.03880689651098054,-0.011820006486301894,-0.00047090193707762743,-0.0014468773942728523,0.004433724400934809,0.030120004002828424,-0.024854009721077715,0.005285172722724843,-0.032967653478650424,0.001714400234043902,0.02506752414586545,-0.0068862638048259196,-0.027539919707145363,-0.02494149844028567,-0.04067949843743922,-0.007777619967600208,0.01689399578875398,-0.0025203823698136396,0.011710678512222007,-0.012577521309059616,-0.0036705055714825606,-0.004561470029140903,0.003686350849727252,0.01934017160948178,0.02997654877681971,-0.07553628815927946,0.07121476271726296,-0.003279303330935497,-0.01330129918264014,0.004495874124130139,0.00010539794967705587,-0.038732878849773666,-0.004347041614960634,-0.005692449634449285,0.006203633426166241,-0.001112827575929124,-0.11570677401585118,-0.005058923903453539,0.07476786646456858,0.03275306988145296,0.18756812678677673,0.021931920525451735,-0.008412463263742436,-0.023211185816733315,-0.02453350603065252,0.016025582498254785,-0.0010594063278245441,0.002350587887376503,-0.006519447939778749,0.0068629245160900035,-0.023765153253507778,-0.02111124220759501,-0.014166525676317487,-0.012996387718591493,0.02727136286816924,0.06451809175615686,0.010897076106610941,0.00855861573917581,0.02274088266615997,-0.061733241376348655,0.027874639130169167,0.011682842314380404,0.011856371350442759,0.010757179277657299,0.007525161747377835,0.0026971086237907037,-0.028944006941680426,-0.0008479819078682106,0.004458339091872654,-0.01699904278924565,-0.007749799323648969,0.022465582248012164,0.0062593110462201285,0.01153868735371099,0.02754232282390228,0.028034504359362063,0.00256639734378695,0.031521804238675316,-0.002729540620790661,-0.03241482244836745,-0.02535947202640417,-0.0316554225400708,0.004529106764558559,0.005180858336395436,-0.029679379886649416,0.005589841039654575,-0.022307030442119697,0.02354597960620835,-0.008709736397133173,-0.042460271019143625,0.0002688007173909813,-0.019955131483058823,0.027820949911092244,0.0025556129135412987,-0.008723620953166934,-0.0020982308806718883,0.00961277969385886,0.007959744126866786,0.022892043423581636,0.008199009163919043,0.020562846829022124,-0.0021262935786711123,0.000254850389345862,-0.016308059785738564,-0.06291893651535013
method4,T_opt,95,24.19781545061291,1001,50,0.3525100702966837,-3.8210931765404743e-07,0.004849828709749291,0.0070738635971368344,0.0031370508945332727,-0.00013021301201601547,0.0012656569937064353,0.0026258905666232983,0.005041682559898943,-0.002085462727741485,0.007060910361384197,0.0008230698676072021,-0.002041684223359451,-0.0032066511412238586,-0.020088905368809196,-0.004661822275265241,0.0013568314933367263,-0.0014411165083881286,-0.007572656589597234,0.0030736062447221987,-0.0007384739798365009,-0.006079809833075874,-0.010529092783586198,-0.008881233909533801,5.231210312756345e-05,0.0009092291372758733,0.012737859227319872,-0.009580013149404772,0.013322565049721305,0.005902428817335038,-0.0065286544434558355,-0.005330598657017582,-0.003961901223383056,-0.0060609181185207325,-0.008994455050370203,-0.001497976859157841,0.007340669946991573,-0.0006798046086854692,-0.004270252080336139,-0.003315983113632932,0.007865138336128594,-0.009473009965835874,0.01598323742871824,-0.0026968248471073483,-0.001539109147011288,0.00457655190558466,0.017156089288565466,-0.003688020710169792,-0.010702647756165536,-0.004669747638931118,-0.012750656977870237,-0.0015983133860607863,-0.00021662505959763522,-0.002888417290220568,0.004020005153930622,0.0025235257653106937,-0.001406235082634411,0.004536251623387508,0.0045554694107067415,0.001186014699295369,0.007329279024677501,-0.012004265776914436,0.019539817692164313,-0.0013196699305331576,0.007324431842369274,0.0022837732518835602,0.007324743787230508,-0.016300371344169708,-0.004101098394308384,-0.003826367789737436,-0.0006541954401703513,-0.008375489827001998,-0.036897578208696054,-0.005320357119491046,-0.0030116778432175413,0.007148302392243002,0.08426270622893939,0.013180602965407089,0.0046541467112646475,0.0015511425232617058,-0.016888250397252003,0.005770229279653125,-0.004950557185166703,0.0018858642560268812,-0.012715220043614037,0.007476556705992098,-0.00633390963858256,-0.005154620147164141,-0.0003978826158234608,0.0007604163710576324,-0.0026581333900901893,0.025868714363116906,0.00265272577682402,0.003742352754532696,0.009024390864717811,-0.02428550004116083,0.0031533849897233306,0.006550978179521469,0.0018110121210264999,0.008211673786921031,0.008229857497082872,-0.0038376978410555843,-0.01591783547087116,0.00032958549307105824,0.004960867883104951,0.00016565773781429885,-0.012903610650162836,0.005236495703153792,0.005845073781853841,0.008593382442706684,0.011887891394069811,0.012015518138692465,-0.0021429998462781,0.016855580701642947,0.015841716922712648,-0.007028598578954883,-0.011702253096246704,0.003996429655878165,-0.004547108195615266,0.009395425726491597,-0.0027663271885089644,0.008477479646306275,0.00046198912582058344,0.002985158158754122,-0.0008305292555383804,-0.011039003415338384,0.005992379028902935,-0.0068213374630499085,0.0018422740220472742,0.0034721074680650974,-0.011227447659773685,-0.0050789689612288115,0.008431515083920482,0.0017374710271131208,0.0010438034946507885,-0.0056355738338731455,0.010076374131312456,-0.0037095427211676756,-0.00576597176543345,0.00094732117163898,-0.01767137898236265
method6,h1,5,0.0,1001,0,0.0,0.0,0.0,0.0,0.0,0.0,0.0,0.0,0.0,0.0,0.0,0.0,0.0,0.0,0.0,0.0,0.0,0.0,0.0,0.0,0.0,0.0,0.0,0.0,0.0,0.0,0.0,0.0,0.0,0.0,0.0,0.0,0.0,0.0,0.0,0.0,0.0,0.0,0.0,0.0,0.0,0.0,0.0,0.0,0.0,0.0,0.0,0.0,0.0,0.0,0.0,0.0,0.0,0.0,0.0,0.0,0.0,0.0,0.0,0.0,0.0,0.0,0.0,0.0,0.0,0.0,0.0,0.0,0.0,0.0,0.0,0.0,0.0,0.0,0.0,0.0,0.0,0.0,0.0,0.0,0.0,0.0,0.0,0.0,0.0,0.0,0.0,0.0,0.0,0.0,0.0,0.0,0.0,0.0,0.0,0.0,0.0,0.0,0.0,0.0,0.0,0.0,0.0,0.0,0.0,0.0,0.0,0.0,0.0,0.0,0.0,0.0,0.0,0.0,0.0,0.0,0.0,0.0,0.0,0.0,0.0,0.0,0.0,0.0,0.0,0.0,0.0,0.0,0.0,0.0,0.0,0.0,0.0,0.0,0.0,0.0,0.0,0.0,0.0,0.0,0.0
method6,h1,25,0.0,1001,0,0.0,0.0,0.0,0.0,0.0,0.0,0.0,0.0,0.0,0.0,0.0,0.0,0.0,0.0,0.0,0.0,0.0,0.0,0.0,0.0,0.0,0.0,0.0,0.0,0.0,0.0,0.0,0.0,0.0,0.0,0.0,0.0,0.0,0.0,0.0,0.0,0.0,0.0,0.0,0.0,0.0,0.0,0.0,0.0,0.0,0.0,0.0,0.0,0.0,0.0,0.0,0.0,0.0,0.0,0.0,0.0,0.0,0.0,0.0,0.0,0.0,0.0,0.0,0.0,0.0,0.0,0.0,0.0,0.0,0.0,0.0,0.0,0.0,0.0,0.0,0.0,0.0,0.0,0.0,0.0,0.0,0.0,0.0,0.0,0.0,0.0,0.0,0.0,0.0,0.0,0.0,0.0,0.0,0.0,0.0,0.0,0.0,0.0,0.0,0.0,0.0,0.0,0.0,0.0,0.0,0.0,0.0,0.0,0.0,0.0,0.0,0.0,0.0,0.0,0.0,0.0,0.0,0.0,0.0,0.0,0.0,0.0,0.0,0.0,0.0,0.0,0.0,0.0,0.0,0.0,0.0,0.0,0.0,0.0,0.0,0.0,0.0,0.0,0.0,0.0,0.0
method6,h1,75,0.0,1001,0,0.0,0.0,0.0,0.0,0.0,0.0,0.0,0.0,0.0,0.0,0.0,0.0,0.0,0.0,0.0,0.0,0.0,0.0,0.0,0.0,0.0,0.0,0.0,0.0,0.0,0.0,0.0,0.0,0.0,0.0,0.0,0.0,0.0,0.0,0.0,0.0,0.0,0.0,0.0,0.0,0.0,0.0,0.0,0.0,0.0,0.0,0.0,0.0,0.0,0.0,0.0,0.0,0.0,0.0,0.0,0.0,0.0,0.0,0.0,0.0,0.0,0.0,0.0,0.0,0.0,0.0,0.0,0.0,0.0,0.0,0.0,0.0,0.0,0.0,0.0,0.0,0.0,0.0,0.0,0.0,0.0,0.0,0.0,0.0,0.0,0.0,0.0,0.0,0.0,0.0,0.0,0.0,0.0,0.0,0.0,0.0,0.0,0.0,0.0,0.0,0.0,0.0,0.0,0.0,0.0,0.0,0.0,0.0,0.0,0.0,0.0,0.0,0.0,0.0,0.0,0.0,0.0,0.0,0.0,0.0,0.0,0.0,0.0,0.0,0.0,0.0,0.0,0.0,0.0,0.0,0.0,0.0,0.0,0.0,0.0,0.0,0.0,0.0,0.0,0.0,0.0
method6,h1,95,0.0,1001,0,0.0,0.0,0.0,0.0,0.0,0.0,0.0,0.0,0.0,0.0,0.0,0.0,0.0,0.0,0.0,0.0,0.0,0.0,0.0,0.0,0.0,0.0,0.0,0.0,0.0,0.0,0.0,0.0,0.0,0.0,0.0,0.0,0.0,0.0,0.0,0.0,0.0,0.0,0.0,0.0,0.0,0.0,0.0,0.0,0.0,0.0,0.0,0.0,0.0,0.0,0.0,0.0,0.0,0.0,0.0,0.0,0.0,0.0,0.0,0.0,0.0,0.0,0.0,0.0,0.0,0.0,0.0,0.0,0.0,0.0,0.0,0.0,0.0,0.0,0.0,0.0,0.0,0.0,0.0,0.0,0.0,0.0,0.0,0.0,0.0,0.0,0.0,0.0,0.0,0.0,0.0,0.0,0.0,0.0,0.0,0.0,0.0,0.0,0.0,0.0,0.0,0.0,0.0,0.0,0.0,0.0,0.0,0.0,0.0,0.0,0.0,0.0,0.0,0.0,0.0,0.0,0.0,0.0,0.0,0.0,0.0,0.0,0.0,0.0,0.0,0.0,0.0,0.0,0.0,0.0,0.0,0.0,0.0,0.0,0.0,0.0,0.0,0.0,0.0,0.0,0.0
method6,h2,5,0.0,1001,0,0.0,0.0,0.0,0.0,0.0,0.0,0.0,0.0,0.0,0.0,0.0,0.0,0.0,0.0,0.0,0.0,0.0,0.0,0.0,0.0,0.0,0.0,0.0,0.0,0.0,0.0,0.0,0.0,0.0,0.0,0.0,0.0,0.0,0.0,0.0,0.0,0.0,0.0,0.0,0.0,0.0,0.0,0.0,0.0,0.0,0.0,0.0,0.0,0.0,0.0,0.0,0.0,0.0,0.0,0.0,0.0,0.0,0.0,0.0,0.0,0.0,0.0,0.0,0.0,0.0,0.0,0.0,0.0,0.0,0.0,0.0,0.0,0.0,0.0,0.0,0.0,0.0,0.0,0.0,0.0,0.0,0.0,0.0,0.0,0.0,0.0,0.0,0.0,0.0,0.0,0.0,0.0,0.0,0.0,0.0,0.0,0.0,0.0,0.0,0.0,0.0,0.0,0.0,0.0,0.0,0.0,0.0,0.0,0.0,0.0,0.0,0.0,0.0,0.0,0.0,0.0,0.0,0.0,0.0,0.0,0.0,0.0,0.0,0.0,0.0,0.0,0.0,0.0,0.0,0.0,0.0,0.0,0.0,0.0,0.0,0.0,0.0,0.0,0.0,0.0,0.0
method6,h2,25,0.0,1001,0,0.0,0.0,0.0,0.0,0.0,0.0,0.0,0.0,0.0,0.0,0.0,0.0,0.0,0.0,0.0,0.0,0.0,0.0,0.0,0.0,0.0,0.0,0.0,0.0,0.0,0.0,0.0,0.0,0.0,0.0,0.0,0.0,0.0,0.0,0.0,0.0,0.0,0.0,0.0,0.0,0.0,0.0,0.0,0.0,0.0,0.0,0.0,0.0,0.0,0.0,0.0,0.0,0.0,0.0,0.0,0.0,0.0,0.0,0.0,0.0,0.0,0.0,0.0,0.0,0.0,0.0,0.0,0.0,0.0,0.0,0.0,0.0,0.0,0.0,0.0,0.0,0.0,0.0,0.0,0.0,0.0,0.0,0.0,0.0,0.0,0.0,0.0,0.0,0.0,0.0,0.0,0.0,0.0,0.0,0.0,0.0,0.0,0.0,0.0,0.0,0.0,0.0,0.0,0.0,0.0,0.0,0.0,0.0,0.0,0.0,0.0,0.0,0.0,0.0,0.0,0.0,0.0,0.0,0.0,0.0,0.0,0.0,0.0,0.0,0.0,0.0,0.0,0.0,0.0,0.0,0.0,0.0,0.0,0.0,0.0,0.0,0.0,0.0,0.0,0.0,0.0
method6,h2,75,0.0,1001,0,0.0,0.0,0.0,0.0,0.0,0.0,0.0,0.0,0.0,0.0,0.0,0.0,0.0,0.0,0.0,0.0,0.0,0.0,0.0,0.0,0.0,0.0,0.0,0.0,0.0,0.0,0.0,0.0,0.0,0.0,0.0,0.0,0.0,0.0,0.0,0.0,0.0,0.0,0.0,0.0,0.0,0.0,0.0,0.0,0.0,0.0,0.0,0.0,0.0,0.0,0.0,0.0,0.0,0.0,0.0,0.0,0.0,0.0,0.0,0.0,0.0,0.0,0.0,0.0,0.0,0.0,0.0,0.0,0.0,0.0,0.0,0.0,0.0,0.0,0.0,0.0,0.0,0.0,0.0,0.0,0.0,0.0,0.0,0.0,0.0,0.0,0.0,0.0,0.0,0.0,0.0,0.0,0.0,0.0,0.0,0.0,0.0,0.0,0.0,0.0,0.0,0.0,0.0,0.0,0.0,0.0,0.0,0.0,0.0,0.0,0.0,0.0,0.0,0.0,0.0,0.0,0.0,0.0,0.0,0.0,0.0,0.0,0.0,0.0,0.0,0.0,0.0,0.0,0.0,0.0,0.0,0.0,0.0,0.0,0.0,0.0,0.0,0.0,0.0,0.0,0.0
method6,h2,95,0.0,1001,0,0.0,0.0,0.0,0.0,0.0,0.0,0.0,0.0,0.0,0.0,0.0,0.0,0.0,0.0,0.0,0.0,0.0,0.0,0.0,0.0,0.0,0.0,0.0,0.0,0.0,0.0,0.0,0.0,0.0,0.0,0.0,0.0,0.0,0.0,0.0,0.0,0.0,0.0,0.0,0.0,0.0,0.0,0.0,0.0,0.0,0.0,0.0,0.0,0.0,0.0,0.0,0.0,0.0,0.0,0.0,0.0,0.0,0.0,0.0,0.0,0.0,0.0,0.0,0.0,0.0,0.0,0.0,0.0,0.0,0.0,0.0,0.0,0.0,0.0,0.0,0.0,0.0,0.0,0.0,0.0,0.0,0.0,0.0,0.0,0.0,0.0,0.0,0.0,0.0,0.0,0.0,0.0,0.0,0.0,0.0,0.0,0.0,0.0,0.0,0.0,0.0,0.0,0.0,0.0,0.0,0.0,0.0,0.0,0.0,0.0,0.0,0.0,0.0,0.0,0.0,0.0,0.0,0.0,0.0,0.0,0.0,0.0,0.0,0.0,0.0,0.0,0.0,0.0,0.0,0.0,0.0,0.0,0.0,0.0,0.0,0.0,0.0,0.0,0.0,0.0,0.0
method6,T_opt,5,10.514124424086974,1001,950,0.33355485438346066,0.020365838431246217,-0.012871581521248418,0.021517501721365018,0.015772677755395256,0.005468256434903063,0.007910653440507228,0.005550213845951019,-0.0009403578865882813,0.010050162310116992,0.009239621890211588,0.010884123992390402,-0.0035091773239500877,0.028007665369838296,-0.0021342801853077697,0.019233994154519894,-0.000578976598435095,0.01992105108366525,0.0016442020725060211,0.0015473488123077831,0.01880959270519459,-0.005614382208465642,0.021064899509523012,0.000863936843159308,0.0030589119499314075,0.006707372517879542,0.012037594303116031,0.005267235927157479,0.0012688055724986522,0.026225610863517084,-0.009703324913126268,-0.005435489469604129,0.0012719006641828314,-0.0028227568217209908,0.01492840060964569,0.017397366940027824,0.008609170213172299,0.021907853934942968,0.003904829347170853,0.004332155341912619,0.01679376258732497,0.0037489744955167027,-0.01693731542382118,0.008898064601458547,0.002908129792888502,0.006001195216167611,0.00793095597489826,8.369172208771633e-05,-0.0027544584971321466,0.0011971576140258284,-0.014086592133059869,-0.005102791858791252,-0.006765084527599983,0.02158454517217121,0.006660366727518706,0.006473721271369657,0.006867547045605774,0.012844589159508472,0.01548793905704068,0.010858171242083579,0.011209993909276468,-0.02516046970269035,0.014140614926042813,0.006543242833174202,0.001352948266885326,0.009974536293189146,0.011169529485220145,-0.006794895580924803,0.01089075529718545,0.013484914330754442,0.006464102060980511,0.00453381277818233,-0.02226949234022898,0.007449204732148254,0.04886133944381478,0.015730231892268194,0.03509206743840811,0.012927273692215576,0.004246126703557613,0.014980790751597417,0.0012472342886219265,0.004101102378235319,3.2205808418178314e-05,0.0050781635405503164,-0.007957356112521024,-0.009517027634652307,0.004833474970445589,-0.03481006672745291,-0.01461366996262494,0.022302137671581446,-0.0060315938693628855,0.009894330462317372,0.013591675624042187,0.0026379730260644857,0.0056713247010165505,0.013511431977646026,0.00828549366801045,0.004692808065948427,0.009764353854276049,0.018356230928866256,0.0017687102105522073,0.0015666073052965634,0.012148214948069532,-0.0006206655831827107,0.0035738990060803035,0.006131376217766141,0.01621384070474522,0.03229042894019688,0.005808276537802504,0.019577690006538778,0.015512548972701198,0.012386896131113649,0.003610904314926504,0.02399376896057437,0.015829201662868102,-0.0007329704349795258,-0.0018066951662611026,0.011820888020227186,0.00464947166368339,-0.006068008273549747,0.010622848648943342,0.01093590350796313,-0.009801236448588784,0.009554640474454056,0.011174329788649209,-0.010111042786952455,0.02050660813379655,0.011683320638215412,0.02488381262197492,0.005763534164818942,0.008583247571084161,0.010186213906245908,-0.0019667169755923277,0.0037894263950413514,0.0037220882032330607,0.005232490400445506,0.008835547953077167,-0.0021038215591647307,0.0024806537944237553,0.01523188224064061,0.015646396200964165
method6,T_opt,25,13.129340872475955,1001,750,0.5652112151365496,0.05214414401255876,-0.01384745813858304,0.04060289602290446,0.043136682354867645,0.026980785439292124,0.007915511491651327,0.006845028306766834,-0.01785365380837104,0.02783202706900196,0.008616466878072496,0.014544672455222417,-0.006133100623055027,0.041710569455231536,0.00239381866368721,0.01080596480268354,0.007585303673386168,0.021465851093501416,0.003456362189610377,-0.024850032097706778,0.022240800895520472,-0.0017652285394015605,0.026955682039096224,-0.010678898898035973,0.006127534100701813,-0.010186100303294357,0.025267600127963467,0.02234565763567269,0.014205361164926603,0.01052623979114927,-0.0006534721608512581,-0.01526176216705839,-0.0052935054139924,0.0070504952324765,0.034476266065964524,-0.01178796447352009,0.027167517926329217,0.01973742834712381,-0.008791894415306579,-0.013794527065664496,0.039251344080470624,0.029407282441846067,-0.048899814654859305,0.022052880416220368,-0.016163421892302895,-0.005433007437358046,0.014406202719391668,-0.024064243641522896,-0.008359391920869997,-0.024577306938601683,-0.028260079242540356,0.0013494736201772467,0.00080461782693028,0.017756464633106695,0.013050175902572281,0.008530903174442744,0.019704204506607308,0.018028048507028382,0.024943506778278557,4.206272273330966e-05,0.013054222643348492,-0.08458485710938136,0.031761365624349856,0.04003618131346033,-0.02338941557879516,0.0176852818173113,0.007098042955778816,-0.022207927733158828,0.031985518692471515,0.005851220400407622,0.00026427762370496294,-0.012036555761745601,-0.12536111252676038,0.002094982118595037,0.13118404653550636,0.03577411175896691,0.13194121331250677,0.027573576258762028,-0.005153890258309448,0.009740849557901337,0.0063087004613004375,0.026791517417063867,0.022735318587477512,0.011744800915257345,4.305663420859501e-06,-0.01051192765705327,-0.026070056419434502,-0.08176787183457035,-0.034505142452337746,0.01225390405429786,-0.006688129560232806,0.031182136074191617,0.0103050469183259,0.006974411808597914,0.014646396650529329,-0.013737611246695498,0.03769663265911173,-0.019946571218261135,0.02086630843490686,-0.00952095689300379,-0.005666680150397969,0.004534100497003406,-0.013849641656786215,0.0013648593758261683,0.013710941242005727,-0.005124181663412865,-0.0005154822659715818,0.04752609903710865,0.013222717607550232,0.008865966356510307,0.006196086197934901,0.02267961382107675,0.0038348443161723613,0.031226622094138096,0.02605639198535971,-0.0007618828293609048,-0.008746275643735393,0.01184298922054733,0.004842311756032357,0.00444631761081748,-0.013936377061988192,0.008818784803116746,-0.02390861373196436,-0.0024875728448932252,0.015793599574588573,-0.049525133128878955,0.0339627171835131,-0.01501988645578137,0.03325983004258275,-0.0020571948177748427,-0.011751886688553898,0.00619769378186715,-0.012417419077236983,0.007813048189766723,0.016410195010598226,0.00666738822085255,-0.002440837059105888,-0.012769340880611062,-0.021886112907335678,0.009573662347460035,-0.033015530490774686
method6,T_opt,75,17.3870610552496,1001,250,0.5991762955366017,0.01666692010490235,0.012320795264082422,0.05775681087812402,0.018182579738431886,-0.012185553818659631,0.02571676784604603,0.024241997720874583,0.006661456637967592,0.005236688640638717,0.01634218969901178,0.008310097620300102,-0.002244043855950853,0.025550649216740273,-0.0371411743843095,0.0008036528990978849,0.00590124455470472,0.007295744194714444,-0.006303622131438187,0.0027027734556637553,0.012101544064087706,0.004131807587747439,0.033783416181805456,-0.015861918842893945,0.01362405955501254,0.00029413231282101465,0.03540019358561487,0.017506449813788183,-0.0006305906795948842,0.001906042417563012,-0.0017695816037700401,-0.033556444072818076,-0.004498079889578474,-0.0008189183178016514,0.03217606757323305,-0.0022809739206449704,0.02277515378730508,-0.020523270309637333,0.004114342509331117,0.0007070535398136044,-0.0027465034022138013,0.02626965772489934,-0.028591400044495438,0.006005649610141892,-0.029223525047376304,-0.008125508266312744,0.022902621051152983,0.0033383343222786487,-0.0219062527146923,-0.03289507405865368,-0.05457184471512931,-0.00225332782608334,0.015723586084515673,0.0012698564489990877,0.005233232772500857,-0.008433363255173517,-0.012311260318470194,-0.001203853822452007,0.003669921171007773,-0.0030304837337539,0.027311426627029067,-0.07944243158540411,0.06160046917623012,0.012522490953160935,-0.00029877427126803746,0.0071639173569359674,-0.0016864924974037913,-0.04244339817542489,-0.0033925561717779162,0.0034071145453872837,0.009967064330495688,0.0056548324552806555,-0.11879124454987408,0.0009928196608757177,0.10070024120252116,0.02375942815739792,0.1602286834290888,0.021763789318588907,0.0036141781674683023,-0.024705478433113236,-0.023286175199749307,0.016744190791543073,0.0053315492351878185,0.013875441376997071,-0.003928301979773292,0.00493936028081601,-0.02285838512067551,-0.032455438626575406,-0.03288151687471329,-0.014913911643061953,0.029038539866507097,0.05580835636982569,0.02872366364586212,0.0013882418792413379,0.022573916020373428,-0.05734889450560454,0.013886167428855501,-0.0022164347586191638,0.006505767677471321,0.006057040126573578,0.014983770022326854,0.007411567694546178,-0.01431211649938136,-0.005916052009684566,0.010593111337863208,-0.003707764415916708,-0.01690245863235472,0.029244204502018006,0.006524325134674684,0.014310082320427893,0.012114511059129644,0.02883980358464008,0.006926396281974088,0.019433836050882936,-0.008086068666631177,-0.029792915065050125,-0.02233616872053827,-0.03020549064114937,-0.00673414152842948,0.013830777457787385,-0.036839710302293924,0.011752505447022492,-0.035345083022462184,0.020507797461800707,0.006898875346124548,-0.0594713091774419,0.00024847789871321885,-0.023083370974235826,0.017413300768726922,-0.004367599190685165,-0.013159928884834363,0.0034995743579638123,0.00013358128775127357,0.022582877832298592,0.02783892966796815,0.02329185906390329,0.006963160907931178,0.0032717580306018054,0.007582259837127468,-0.022143716492421056,-0.060791360451140516
method6,T_opt,95,23.669378962451848,1001,50,0.3384481442991466,0.0008165654788821908,0.01133211488186156,0.01175797471549657,-0.004494914251912962,-0.009109351292151732,0.002310671801536794,0.0008745977799218523,0.01031143994636245,0.0035140147540446013,0.00842851696019002,-0.0013175651939755428,-0.004273083116528367,-0.008079733408418714,-0.0181282802928392,-0.004037424130846281,-0.004140198351551209,0.005340125124460996,-0.0032754688774922925,0.004849327995183781,0.0022078315765754046,-0.008834947833085149,-0.00620364525217029,-0.015766564344535522,0.002755666725067423,0.004770774544209183,0.008858933268716214,-0.0172104247021637,0.00669534231002878,0.0028274407279175453,-0.008955198715561158,-0.009859027111077957,0.0017371390247491398,-0.002420968148569688,-0.006367777448709665,-0.00014881976768925387,0.004246082830159974,0.0012762771901547545,-0.0007168496263698703,0.0011727112596378866,0.0036957566418163437,-0.011725133961464258,0.008208594307214543,-0.0014351993348350814,0.0005128795735205478,-0.005991133814795034,0.014805641960417731,-0.006629312063450511,-0.01265190056311492,-0.00575163258626505,-0.012794114552459719,0.0064769669139890015,0.0077427231689238315,-0.0032601570920890617,0.003845530486693875,0.009074693850452651,-0.0023108749599829274,-0.002259878561277613,0.002138881833324031,3.133872131373845e-05,0.006659614298232051,-0.011385772920251554,0.018058466300264645,-0.004196653779253805,0.012239120582025899,0.0040744775851228165,0.005643402248052342,-0.013676604340230917,-0.001577282868487128,-0.0031175610529366703,-0.003926999679126257,-0.00189416763208557,-0.03867170153419089,-0.005830466401886542,0.001320755002056728,0.017587938982623307,0.08360523828719699,0.011716711350298788,0.0031417158935902025,0.004641750439213784,-0.011777842723089264,0.0057113868163349195,-0.00917213288863223,0.0020878533413833736,-0.005414371287891302,0.006604579520796485,-0.011707160505896451,-0.0037382168032127974,0.0019100501506034082,0.0006206131464602874,-0.0016140182607626364,0.024246529718078575,0.004360216158844223,0.012713007634706315,0.0047562399298335944,-0.015559262738796579,0.004449060222036866,-0.0024829029176514595,0.0048591564673741644,0.007226507649749771,0.005629151986944748,-0.0013008720524725348,-0.013846494323580469,-0.004620322358440045,0.0016385537830585876,0.0019845057183948338,-0.012556823847391436,0.005497885787348967,-0.000359886307972776,0.014035369365805314,0.00803745859527037,0.009426669884941794,0.00015656622334249415,0.013396379968997963,0.009079109755767764,-0.003557334946485127,-0.010906357516825109,0.006349432009973916,-0.0024192840587251986,0.011246862158588864,-0.004479608605109675,0.009417657478257303,0.0004883085639397489,0.005864433823944843,0.0030965796644889534,-0.009050986449490808,0.0018541381016468925,-0.004879478228414738,-0.0016499386123362074,0.003992261545780572,-0.011919185430118159,-0.013127284812746259,-0.0010243819893759635,0.00816449475826716,0.0031343388787899865,-0.00342585727396256,0.0018900289952589943,-0.0008092716945476593,-0.00510894794306847,0.0010637164383606942,-0.019286132373772785
method7,h1,5,0.0,1001,0,0.0,0.0,0.0,0.0,0.0,0.0,0.0,0.0,0.0,0.0,0.0,0.0,0.0,0.0,0.0,0.0,0.0,0.0,0.0,0.0,0.0,0.0,0.0,0.0,0.0,0.0,0.0,0.0,0.0,0.0,0.0,0.0,0.0,0.0,0.0,0.0,0.0,0.0,0.0,0.0,0.0,0.0,0.0,0.0,0.0,0.0,0.0,0.0,0.0,0.0,0.0,0.0,0.0,0.0,0.0,0.0,0.0,0.0,0.0,0.0,0.0,0.0,0.0,0.0,0.0,0.0,0.0,0.0,0.0,0.0,0.0,0.0,0.0,0.0,0.0,0.0,0.0,0.0,0.0,0.0,0.0,0.0,0.0,0.0,0.0,0.0,0.0,0.0,0.0,0.0,0.0,0.0,0.0,0.0,0.0,0.0,0.0,0.0,0.0,0.0,0.0,0.0,0.0,0.0,0.0,0.0,0.0,0.0,0.0,0.0,0.0,0.0,0.0,0.0,0.0,0.0,0.0,0.0,0.0,0.0,0.0,0.0,0.0,0.0,0.0,0.0,0.0,0.0,0.0,0.0,0.0,0.0,0.0,0.0,0.0,0.0,0.0,0.0,0.0,0.0,0.0
method7,h1,25,0.0,1001,0,0.0,0.0,0.0,0.0,0.0,0.0,0.0,0.0,0.0,0.0,0.0,0.0,0.0,0.0,0.0,0.0,0.0,0.0,0.0,0.0,0.0,0.0,0.0,0.0,0.0,0.0,0.0,0.0,0.0,0.0,0.0,0.0,0.0,0.0,0.0,0.0,0.0,0.0,0.0,0.0,0.0,0.0,0.0,0.0,0.0,0.0,0.0,0.0,0.0,0.0,0.0,0.0,0.0,0.0,0.0,0.0,0.0,0.0,0.0,0.0,0.0,0.0,0.0,0.0,0.0,0.0,0.0,0.0,0.0,0.0,0.0,0.0,0.0,0.0,0.0,0.0,0.0,0.0,0.0,0.0,0.0,0.0,0.0,0.0,0.0,0.0,0.0,0.0,0.0,0.0,0.0,0.0,0.0,0.0,0.0,0.0,0.0,0.0,0.0,0.0,0.0,0.0,0.0,0.0,0.0,0.0,0.0,0.0,0.0,0.0,0.0,0.0,0.0,0.0,0.0,0.0,0.0,0.0,0.0,0.0,0.0,0.0,0.0,0.0,0.0,0.0,0.0,0.0,0.0,0.0,0.0,0.0,0.0,0.0,0.0,0.0,0.0,0.0,0.0,0.0,0.0
method7,h1,75,0.0,1001,0,0.0,0.0,0.0,0.0,0.0,0.0,0.0,0.0,0.0,0.0,0.0,0.0,0.0,0.0,0.0,0.0,0.0,0.0,0.0,0.0,0.0,0.0,0.0,0.0,0.0,0.0,0.0,0.0,0.0,0.0,0.0,0.0,0.0,0.0,0.0,0.0,0.0,0.0,0.0,0.0,0.0,0.0,0.0,0.0,0.0,0.0,0.0,0.0,0.0,0.0,0.0,0.0,0.0,0.0,0.0,0.0,0.0,0.0,0.0,0.0,0.0,0.0,0.0,0.0,0.0,0.0,0.0,0.0,0.0,0.0,0.0,0.0,0.0,0.0,0.0,0.0,0.0,0.0,0.0,0.0,0.0,0.0,0.0,0.0,0.0,0.0,0.0,0.0,0.0,0.0,0.0,0.0,0.0,0.0,0.0,0.0,0.0,0.0,0.0,0.0,0.0,0.0,0.0,0.0,0.0,0.0,0.0,0.0,0.0,0.0,0.0,0.0,0.0,0.0,0.0,0.0,0.0,0.0,0.0,0.0,0.0,0.0,0.0,0.0,0.0,0.0,0.0,0.0,0.0,0.0,0.0,0.0,0.0,0.0,0.0,0.0,0.0,0.0,0.0,0.0,0.0
method7,h1,95,0.0,1001,0,0.0,0.0,0.0,0.0,0.0,0.0,0.0,0.0,0.0,0.0,0.0,0.0,0.0,0.0,0.0,0.0,0.0,0.0,0.0,0.0,0.0,0.0,0.0,0.0,0.0,0.0,0.0,0.0,0.0,0.0,0.0,0.0,0.0,0.0,0.0,0.0,0.0,0.0,0.0,0.0,0.0,0.0,0.0,0.0,0.0,0.0,0.0,0.0,0.0,0.0,0.0,0.0,0.0,0.0,0.0,0.0,0.0,0.0,0.0,0.0,0.0,0.0,0.0,0.0,0.0,0.0,0.0,0.0,0.0,0.0,0.0,0.0,0.0,0.0,0.0,0.0,0.0,0.0,0.0,0.0,0.0,0.0,0.0,0.0,0.0,0.0,0.0,0.0,0.0,0.0,0.0,0.0,0.0,0.0,0.0,0.0,0.0,0.0,0.0,0.0,0.0,0.0,0.0,0.0,0.0,0.0,0.0,0.0,0.0,0.0,0.0,0.0,0.0,0.0,0.0,0.0,0.0,0.0,0.0,0.0,0.0,0.0,0.0,0.0,0.0,0.0,0.0,0.0,0.0,0.0,0.0,0.0,0.0,0.0,0.0,0.0,0.0,0.0,0.0,0.0,0.0
method7,h2,5,-0.000426271532856,1001,950,0.383710655440895,-0.009150814552245423,-8.157920391855134e-05,0.008240037074482634,0.010434883759802543,0.023858371693494616,-0.011612929653922736,0.00966921365227035,0.0011620679457494147,0.013458187622079943,0.013250867163427299,0.005956855418712274,0.01519035325681575,0.005099922177499693,-0.0009439832018265214,0.010800197211789755,0.0047171002771663915,-0.0008313555779953848,0.000516753820612752,0.007755061920354156,0.003741492397036597,0.0035826308933889104,0.008111731494159415,0.020408805552318512,0.007542513139335677,0.017708811823644727,0.0041813669407247825,0.012731597818828232,0.00027984966954326153,0.0017972620188906174,-0.02698321777092036,-0.000947345576154203,-0.007015640655177076,0.0009015564567473947,0.004182923429808364,0.01832616870192575,0.012443078236474989,-0.000329293454145993,-0.00045591744009824617,0.012597228969647586,0.011919766152157589,0.009526140463295092,0.026687010137213665,0.007166764053163249,0.006295188913295761,-0.0067999048508672255,0.010134977269370436,0.014428259568889247,-0.013086642967615695,-0.0005788220043497008,-0.0018078808279836302,0.0030377290581816343,0.014646606924514598,0.010902906479271095,0.012992366796313624,0.013658978702089165,0.008233945838304281,0.013707833499690254,0.008452654201368856,7.783761123923445e-05,-0.004736354666640812,0.013192934056273139,0.023770287740522745,-0.0018076921956417212,-0.007505622375868944,0.012459398733873434,0.0153166285841154,0.004307952446773406,-0.002855541052603848,0.015916771996293853,0.016889485669693845,0.004598884995026484,-0.07883371344801797,0.014807920841018533,-0.01245163243161743,0.009106619159541224,0.018111606449581624,0.021231164519887668,0.014967930913927055,0.006043033591354743,0.011659507969098388,0.017579979843206986,0.0107663173923215,-0.002123589206049356,-0.0005481078057521312,0.014029264779954996,0.0015326958641429557,0.012952209074901296,0.036113536340777734,-0.009564677931149271,0.010486277380286832,0.013536376427767834,0.007776968662746722,0.010438101880042176,0.017460781488665797,-0.0007607598555075317,0.024178397732411257,0.01794749582853019,0.009565748651641252,0.0025291523722562018,0.004031456156891976,0.0068007336439094585,-0.006478976267564067,-0.002409858221158476,0.017897192793199197,0.00398455920815894,0.014394722021068656,0.012020513051729034,-0.0035233034048709594,-0.0056061954649991586,0.017183828974344572,0.005160090897204275,0.023140983820438256,-0.006202838338346556,0.015721288639574033,0.01926727160436732,-0.008659203752527121,-0.0013286769575255198,-0.004306145273027131,0.017296530213831856,-0.003397346542478823,0.005775316251780987,0.020839263597302177,0.01601447786815277,0.008301331318837302,0.012437879157690165,0.011539085945563018,0.006774859032878472,0.01667695347977686,0.010389585029336929,0.011756673877782536,0.009341428845214932,0.014427609886387322,0.013295462512487614,0.001284996543648274,0.004112941932663341,-6.70235853234731e-05,0.014937710948535523,0.007134784995923784,0.014509909532473575,-0.008205255601754039
method7,h2,25,-0.0002635783027468,1001,750,0.5900671829924622,-0.032095006803643536,-0.01915797504498014,-0.016860610670274535,0.043131774744462295,0.004298086662969406,0.0025682593115433864,0.02258980067826495,-0.01419329108382561,0.02341016993137848,0.01870374797099702,0.022219131070640136,0.006326098926579329,-0.0022276742032572606,-0.031094500498841923,0.028347672276510354,-0.0222785702607522,-0.00691393790025064,0.007239645379813309,0.01062985101098857,-6.869196698176816e-05,0.0077802460067803725,-0.010050369796053244,0.009084872219895318,-0.0286294869098529,-0.008951360864437357,0.010864460497231897,0.009828578460387538,0.004058779608344755,0.02347635780630762,-0.05999085446996373,0.003211032410510852,0.006545316202936918,0.015232555706390488,0.0036976236663133766,0.008990078800751606,0.023073952536441955,-0.0034888620145441026,-0.005937953618829308,0.004105643528680484,0.011070185874065493,0.01999616347541277,0.06296203885602762,0.0027249411502540716,0.0029830681004240182,0.008960104876605918,0.02370478499728172,0.00997486374200552,-0.02769758511942419,-0.019481040352589248,0.007729910224334235,0.008487659009646764,0.014336003397760297,0.006019043436520155,0.01606817688325909,0.015732822976460996,-0.010718374133274037,0.010177972248849781,0.01301612954746196,0.0035287522490905924,0.004565076593582192,-0.011595724250031376,0.050053756769531034,-0.011233416843968586,-0.01389223589274869,-0.011440407793625984,0.003441672497707021,0.003933536573566005,0.002623011568099305,0.0015611116435059053,0.005998613827293721,-0.01185481827332547,-0.21285677966509037,0.001041360983896785,0.0062098552066440875,0.011815937993105954,0.07036010444346155,0.007451932348351502,0.027731908889150232,0.015248065854625743,0.004833029009373619,0.018821346159063605,-0.004709230527935452,-0.027558518209747446,-0.019236426576295405,0.01892141302238868,0.005794942906442154,0.00010032917145199119,0.07890884020053432,-0.020160165114977376,-0.005948247819875973,0.04378827753165913,0.015447198793501905,0.024773236861543806,0.020552349695802864,-0.03296617708041709,0.04007864436680526,0.008196732957921535,0.008902380390778428,0.024028584347410144,0.004099477064264349,-0.016288190681151223,-0.032158473194437584,-0.0003803437862925259,0.010090556035440469,-0.02066053035410851,0.0025453789727434145,0.003328317343027711,0.0054623470613528805,0.010346862811546172,0.06086988458463125,0.0055646547114062625,0.05284206760050883,0.00744453166111466,0.05043485249634126,0.028776277157880722,-0.03153214651429773,0.007091946144981853,0.024997780921797604,0.0027257450360231514,0.0043946881893587465,0.011982955071142692,0.022953619501150928,0.015015561802271888,0.03141938911140628,0.009074878707535792,0.037759009420003056,0.016962572074516076,0.03002198629262458,0.019832075585454436,0.029351808558890156,0.013252002427020449,0.012351475169420235,-0.011889381789068369,0.004656163335669355,-0.008655997229654532,0.0017886634750132815,0.006806134234946643,-0.007019234948800614,-0.0014943272667118854,-0.04886360266316526
method7,h2,75,-4.504396014545059e-05,1001,250,0.557357226484173,-0.05399533369099835,-0.03494650793198718,-0.018589090227855543,0.0458535503205735,-0.024755940842552723,0.016534089811889228,-0.006173600786385259,0.0018676930221853752,-0.00029484783208753515,0.021162321998236967,-0.0014502453594805592,-0.009428475267542744,-0.00047307266497437217,-0.02911098640159266,0.01073975486140917,-0.007459320180824056,0.003891892088533737,-0.011640788981528961,0.009327471169967514,-0.0035181251040498004,0.000824817871776946,-0.038530475787610756,0.01484467188267441,-0.011072058018822113,-0.03197330945495682,0.005584741497825622,-0.002126076570060252,0.02280970393529385,0.023478081242179337,-0.02747246659082725,-0.015984325670294484,0.010182333460436394,-0.0050020265848933765,0.02832981181190218,-0.0004436035736287876,0.007223152561060403,-0.0010731667873595022,0.011753245881653404,-0.02461214404956674,-0.021242751881583786,0.0013441933636421759,0.09144164708440747,6.8235911413593725e-06,0.0034204486673185507,0.04827012387171406,0.021610159245731765,-0.012175507035676478,-0.0125762020407766,-0.01960169622483451,-0.007744738335395825,-0.028223209373869157,0.006561424691957257,-0.026333541399461036,-0.013378060374092376,-0.002732002030590869,-0.009326288997146385,0.004860464944953454,0.000985823832020455,0.0004480702421466448,-0.015174012894981874,0.017050364373702758,0.021193410502894416,-0.027798162604370014,0.010810803955304718,-0.002213589815542101,-0.006602153815564376,-0.0018758798708817647,0.01848497911936779,0.013352869674462432,0.020577207034116474,0.021652492587780667,-0.11552517273659478,0.014342774182091983,0.018152961651253383,-0.013187374782339922,0.14909609494228837,0.013701656349824483,0.02820565550070828,0.02672793099341149,-0.01247579048392388,-0.0019667571125626428,-0.010677788504903014,-0.007426896365358603,-0.017364534852356124,0.0019744070864028615,0.013354693228901805,0.03238334601494236,0.0931972688059501,-0.00196714893197528,-0.021003429029221345,0.026335668915444994,0.01196772525414588,0.005164118642177633,-0.008961366792054549,-0.0438716306122085,0.02209819361980428,0.019868876194493918,-0.018150356526178996,-0.009837581073434923,0.0038537322177487204,0.007718055602388196,-0.010913038654320178,-0.0011565344440584852,-0.004299175304806257,-0.02490804074144068,0.005760028674194291,-0.00037310681634356545,-0.019325883720808047,0.01363841856054103,0.04830869572074198,-0.014253340175781415,0.05830420475038624,0.04103814444227037,0.03460957569465366,-0.016224010973360146,-0.01763650128300698,-0.004924853782589826,-0.009261520147802686,0.02652284918236339,-0.007111236574152226,-0.007188958742269652,0.015164092632091546,0.026019289404168023,-0.012678424470888992,0.012452579895258182,0.037115089303149634,-0.02234428260563464,0.036188310852113895,0.0056335571107078205,-0.005809324264668087,0.01637960308030015,-0.032843855261708604,-0.00646693582243549,-0.010645726577005321,-0.017731316548488592,0.015079030130791149,-0.016162680038114396,-0.006658345733781407,-0.01180610417659027,-0.041335459754952245
method7,h2,95,5.871447879100196e-05,1001,50,0.3266948758774251,-0.018322525079808895,-0.005876753639537389,-0.018154599684639984,0.013980243861374565,0.0013576570101326928,-0.003141957522093612,-0.011584393227306153,-0.011002423267675273,-0.0005081937696904959,0.006195230587421455,-0.00916672930156543,-0.007874367731022337,-0.005194243959814577,0.002900795814788814,0.0021956063355667707,-0.004249567733046277,-0.009331115717254234,0.01138817080694204,-0.004729798972974078,-0.01188472821493989,-0.0061980799332725526,-0.02138252643285743,0.004011675363844745,-0.0010485398805845543,-0.012485251216055562,0.0017106752540711964,0.005933044415921924,0.006389987785054915,0.00951032209624392,0.0013632074947165602,0.0014863835558758982,0.0009601936433947574,-0.0006164118491032641,0.011498300565946777,0.0008014601108606318,0.002043069017072096,0.007428914114761224,0.0041394968531355434,-0.003935371829627998,0.011173749140858906,0.0036220286171163973,0.03563453221364461,0.0012479232124291088,0.011358562644154004,0.02851191382078463,-0.003282063753709587,-0.00828642856015423,-0.007587502096613982,0.0027069739577292177,-0.0018979093268670431,-0.00020684322479887912,0.002137127990418336,-0.0036477687991376354,-0.007391156063162766,0.013345244985383729,0.0029309141437168403,-0.005116793386006652,0.001630466776728833,0.0037985917200575384,-0.010473073983113597,0.021440860769158993,-0.0006858274862692262,-0.016759379855083772,-0.009620212594067045,-0.005807696099953396,-0.003598739087937734,0.0024524881017594768,-0.00324094821041285,-0.0012161810200146403,0.003887745214880755,0.01365183497919439,-0.017677555892019425,0.0003233973416670666,-0.01697786974830287,-0.008648834142998288,0.04482254754091469,0.0015890800640728227,0.013818098939522386,0.015617371540724723,-0.002435827014688873,0.002409308141639867,0.0009482391076243712,-0.011472657371797333,-0.013840404822524223,0.0047024595572605025,-0.005980206124618625,0.01690598459493885,0.041196535420609165,-0.005926021234854978,-0.008204640271926864,0.0005140237918759192,-0.0015646507959628181,-0.005569421696794499,0.009352874088428668,-0.0010981518624143035,0.009087841732960022,0.002349793462527373,-0.002981365844101224,-0.014743727051678049,0.001406707482064013,0.004928565576848196,0.010196296508608654,0.0028926085685987875,-0.0022743957116575647,-0.001076381205376925,0.0007187251179730132,0.002399624211137427,-0.00032434969812618103,-0.000514701313880514,0.00406282922144602,-0.01360319800322292,0.009161400302015489,0.005407903632481059,-0.00282285633563038,-0.00814623684270904,-0.0072389281042029375,0.0018241326637087035,-0.009666530447881747,-0.005671661025686613,-0.00784486664668456,-0.0060579005636513155,0.009386757809295751,0.010061277364657912,-0.008289820302504636,0.017974229891475377,0.014603958494513384,-0.011884513668863558,0.017118007433346506,-0.008209668269151328,0.0029978104951233374,-0.00016400746084809133,0.014158039095314712,-0.014918372764214,0.0016877056158039706,-0.00754985692444731,0.008308371981356038,0.011814659026587767,-0.00753050399332893,-0.0017336189432996846,-0.01885286095521307
method7,T_opt,5,9.876721283512184,1001,950,0.3233371131846753,0.01599864057061888,-0.003222008173993751,0.021827932043533033,0.0070714570829034816,0.00023041424632780404,0.011784298107286222,0.00991763633379493,-0.0055074886234876205,0.00039706608043635783,-0.0002386070424838533,0.02136150100750905,0.00735633867529795,0.01625770929096636,0.015460614583980164,0.0026517154959425585,0.007676159420441208,0.010251560235480217,0.0031202152484150316,0.005728553769495182,0.011183343269011155,0.002100706515054183,0.013994956459694678,-0.008237214659841615,0.0028456402486508056,-0.004764054845829667,0.02131620984480271,0.009002996452789699,0.0006505655746921529,0.03008422007747989,-0.014211566500375368,0.0017648522269574055,-0.0005438727983198819,-0.002326871569372382,0.011674997725144952,-0.0016810222381570677,-0.003190352016725089,0.014891527765625778,0.01997640130272394,-0.004657108727304836,0.010348065245716319,0.010988289768693031,-0.0027529745931150337,0.018219231584620292,0.0006334641164573544,0.019459027407689202,0.009534171623799246,-0.004373142810251017,0.002827625855813344,-0.0008561534326646256,0.005366121258937562,0.00652618383516529,0.003197289437147975,0.016665473647991983,0.016903614175060585,0.01569002056452779,-0.0009753815210171864,0.012403998983674766,0.008761861613604082,0.008880062047449684,0.01892821828370561,-0.008793380019771098,0.016416268327688485,0.011417013107324465,0.0032801275950882537,-0.0031325491652012187,-0.0006706146244505971,0.011320774370698778,0.02086754952087134,0.015075254550322228,0.020638840591281196,0.0019248022740435263,-0.04669133417849964,0.020574033100809814,0.03461140827177944,0.013244286865154421,-0.010186277151592251,0.01749783483373783,0.00745898006171054,0.017090529063054923,0.0061243155321171645,0.015219770716993465,-0.0010956295537126355,0.01308842905161251,-0.015520511181499002,-0.013096965878801735,-0.0013899482307071255,-0.02974025273163669,0.00224036876415519,0.016355800530443113,0.00715650955349954,0.01925775760969157,0.015642902817616974,0.0033643222756375227,0.012721646652724556,0.0036110639918731785,0.01394323742629109,0.00048614555632041714,0.014769080481423048,0.006767310880899151,-0.0009716485905128334,-0.011219219090025044,-0.0012562600053824908,0.010513472581604413,0.0031807453330727938,0.015296824054891436,0.01092542809127721,0.017418729771158846,0.004762303361171037,0.024794923984510987,0.013030439803614404,0.02561279564821601,0.020329344674308428,0.020630069776810357,0.013450134968416702,0.013419316818243697,-0.008050575810796582,0.006938781021304782,0.015650138923817943,-0.007729204795331654,0.005357321393973503,0.00781994198335822,-0.017460842486451154,0.007134244403596117,0.004664638925897349,0.004986719679767348,0.011148900678345121,0.01682691515273825,0.01960360967175539,0.009604673661415973,0.004786653811612531,0.0042478893182120335,-0.002293587827408633,0.013685457092830432,0.002316788004707379,0.0015759477797952105,0.010605166832919979,0.001012147874050272,-0.005451326626982512,5.7973616869488875e-05,0.0017674287849382946
method7,T_opt,25,13.817215514020027,1001,750,0.52411385327505,0.01677696942491823,-0.015253096448313897,0.025772206323392662,0.045265536638636,0.010642644046882333,0.005366701836704062,0.012370124507851297,-0.029640997738706112,0.010485047037947882,0.004106372537349334,0.025019319512240876,0.010767775242588748,0.028981864056817335,-0.007219767932961521,0.005740284111487295,-0.010714823052250654,0.016620455568888106,-0.009399403864725837,-0.0020307545743395647,0.008538416273269647,-0.0010025144796957687,0.01553972203279248,-0.013429043261094406,0.0071652287902025345,-0.014190472158757484,0.014418996371002447,0.003062673921642141,0.00650133142763102,0.010066148806404369,-0.03504090566510442,-0.008462556100056935,-0.011840681784876083,-0.011048872041910407,0.0250934561895171,-0.015251266515551004,0.031554527856234194,0.017093242837757358,-0.004081073405951942,0.01129207044431438,0.017643156710921922,0.01749091584208594,-0.0014014160413504118,0.01694264214017925,-0.017178411402785837,0.0013419708121197305,0.001493684930629969,-0.020676119438070482,-0.00571000804719386,-0.010675352639345867,-0.026064527230136608,0.013149431039682129,-0.00021559370274923037,0.008034411636412258,-0.00045773590476619677,0.006626949907576611,-0.009674217345407406,0.01240572370272883,0.027452780284990017,0.017147515000041073,0.008872535666596359,-0.04132179431828936,0.042314180243708956,0.008822569080633197,-0.006912797561577387,0.0014340648285916125,0.007916874094351389,-0.03530675064465218,0.027257795366093865,0.004853733190673917,0.010214188819625374,0.013551321780722724,-0.1754890621016797,0.020372508207788638,0.1286029472050219,0.017287730208112848,0.09580889008583453,0.03417113594473564,0.021868707715470816,0.015821784678194173,-0.0032842683510596986,0.02540848695017684,0.004360077061016864,0.005127355536139395,-0.02456268443893252,-0.01615326973189897,-0.015221774100101879,-0.04588015590683069,0.039108043968033045,0.00018444500596450676,-0.007294464774326428,0.03788138992726649,0.027036304210585997,0.014644977858325664,0.034616474658156315,-0.009624002228201006,0.038796557469157514,-0.008170278107281922,0.014838090306005455,-0.021683446144026137,0.0019488015854842722,-0.02363081604277185,-0.0010319886334132387,0.012065464773705481,0.015029538754649435,-0.004710971357162769,-0.004984696362095881,0.02421617188133726,0.01460563567228711,0.00251728377124371,0.03408594871094509,0.005414787554059645,0.04151226632319201,0.05180034131875848,0.03699006961733689,0.008050681245339496,-0.015161149095493546,0.0026226569136133873,-0.0023009541878173737,-0.012880093990762053,-0.02258412738081036,0.005580985586732137,-0.027017524332797423,0.008450919745438386,0.022586564764649097,-0.010023852087818315,0.034701104776395236,-0.00781331020618498,0.03188304701811197,0.015401831496770641,0.001651025842979159,0.013862371054609277,-0.01833731758955293,0.018931671209709042,0.0025841326278093803,0.00395475557995496,-0.015333588078648833,0.01298245923421428,-0.017559097928412933,0.02114680451374175,-0.0316799507490298
method7,T_opt,75,19.89229949338731,1001,250,0.5399810931028505,-0.04186111636534737,-0.004452664582485541,0.008123462288988907,0.029305321623053705,-0.011948215245155073,-0.0022428177908323035,0.006734795329003952,-0.004876356354796468,0.012399558361512637,0.010855190114215665,0.00833086105008021,0.012229364073935059,0.02221473511776112,-0.024907889520475197,0.009029397177166845,-2.9938120569391463e-05,-0.002833128413669034,-0.0173385070962406,-0.006541802032051961,0.007674141094736832,-0.0011565728998922833,0.00031349333665659646,-0.004342005990146063,-0.0010498418723349674,-0.003333933052583872,0.016941985515594702,0.014671280171731279,0.002934307081368038,0.013395979871424461,-0.017418891828891184,-0.0008123946328685606,0.004465771638442424,0.007136019260348878,0.025347217818633323,-0.0032960106034568937,0.01868846748295182,-0.017384919823980563,0.014549057726628407,-0.008086248697018319,0.005824197936070082,0.032158268240859614,0.035521431425991686,0.0033210620313841727,-0.009206983064796967,0.007971817597026323,0.020096321848707157,0.0059153062616418735,-0.0035409830399436696,-0.016411296536616403,-0.03113644180233789,-0.011332111570627953,0.006623829553907945,-0.00843003727232473,0.0037523896394202026,0.008363121113692942,-0.011114329159430296,-0.0005095318467902114,0.0008462314967732187,-0.003505360578738889,0.01471539513289519,-0.038612922729810914,0.03578245148593723,-0.00945122917359924,-0.021251550988004058,-0.0059591796914441365,0.002514845942117209,-0.012652366865160573,0.023448803666756935,-0.003045217444859638,0.009679033391289758,0.015610594032302201,-0.10651558562564839,0.00883160642082836,0.09290357871055557,0.023993876665984633,0.21812121883255867,0.019893933899043217,0.00353103263351239,0.006215112976300939,-0.029678502511746016,0.016369652782092146,-0.003272946041238338,-0.0032435785509989483,-0.013838273511569105,0.0113732500159477,-0.00901796657975288,-0.009940650131588201,0.02079783254952208,-0.01155559715663801,0.004110371692577716,0.04210429542328553,0.0020008328392651965,-6.424864690411994e-05,0.004164624421101645,-0.04039668427683926,-0.006227206594023546,0.012716213424223041,0.014393075844892505,-0.015483416245902562,0.004861147605568047,-0.005772894277727729,-0.012756286307792842,0.013401517277475088,0.005074782067612432,-0.010356822308823736,-0.0013945864777976328,0.012730494924484904,0.005049145997090956,0.011868037178235879,-0.01341278278405916,0.0035342841147030365,0.042865450148962106,0.02539645602605954,-0.003451678211158057,-0.018699511934513146,-0.01350214138372312,-0.009266468096543834,0.003127401738819,-0.010025499268313712,-0.023374448242753816,-0.007720907071318811,-0.0185834302954628,0.022939847441832372,-0.01711605721491791,-0.03080251278503606,0.01221401068313163,-0.017148442261922567,0.008063826136889433,-0.0009694635849711343,-0.02219990534811311,0.001285457170506283,0.014935529257352016,-0.009730579028631081,0.014161993921375455,0.003986411190787423,0.014311229042536396,-0.003721732708588726,-0.007583372931614753,-0.019142794714561307,-0.05017873203647957
method7,T_opt,95,30.0,1001,0,0.0,0.0,0.0,0.0,0.0,0.0,0.0,0.0,0.0,0.0,0.0,0.0,0.0,0.0,0.0,0.0,0.0,0.0,0.0,0.0,0.0,0.0,0.0,0.0,0.0,0.0,0.0,0.0,0.0,0.0,0.0,0.0,0.0,0.0,0.0,0.0,0.0,0.0,0.0,0.0,0.0,0.0,0.0,0.0,0.0,0.0,0.0,0.0,0.0,0.0,0.0,0.0,0.0,0.0,0.0,0.0,0.0,0.0,0.0,0.0,0.0,0.0,0.0,0.0,0.0,0.0,0.0,0.0,0.0,0.0,0.0,0.0,0.0,0.0,0.0,0.0,0.0,0.0,0.0,0.0,0.0,0.0,0.0,0.0,0.0,0.0,0.0,0.0,0.0,0.0,0.0,0.0,0.0,0.0,0.0,0.0,0.0,0.0,0.0,0.0,0.0,0.0,0.0,0.0,0.0,0.0,0.0,0.0,0.0,0.0,0.0,0.0,0.0,0.0,0.0,0.0,0.0,0.0,0.0,0.0,0.0,0.0,0.0,0.0,0.0,0.0,0.0,0.0,0.0,0.0,0.0,0.0,0.0,0.0,0.0,0.0,0.0,0.0,0.0,0.0,0.0
