iteration,approach,approach_name,h1,h2,T_optimal,r_squared,total_r_squared
0,approach0,No Detrending,0.009196592935074495,-0.0003230747131076036,14.232919758117172,0.2337452468883412,0.2337452468883412
1,approach0,No Detrending,0.011025455232879778,-0.00038617529977831046,14.275194761561783,0.2067280933013942,0.2067280933013942
2,approach0,No Detrending,0.01896977483749999,-0.0005159010967374719,18.38508868992887,0.2020327412877405,0.2020327412877405
3,approach0,No Detrending,0.017097192517917473,-0.0004091318450718146,20.894477811812006,0.1966417218815777,0.1966417218815777
4,approach0,No Detrending,0.01709332919155252,-0.0005007619259690131,17.06732112118509,0.1897683390945406,0.1897683390945406
5,approach0,No Detrending,0.014620297252103153,-0.0004381710125353649,16.683323216096074,0.2014698789024778,0.2014698789024778
6,approach0,No Detrending,0.015253276673678644,-0.0004994296856800174,15.270694865594509,0.18322091454398215,0.18322091454398215
7,approach0,No Detrending,0.013523995932985686,-0.0004640724238865186,14.570997151398032,0.1840033006244478,0.1840033006244478
8,approach0,No Detrending,0.010673705742627935,-0.0002503133139607841,21.32069120442422,0.20573137655965357,0.20573137655965357
9,approach0,No Detrending,0.017978253353516754,-0.0004013677536946669,22.39623535775295,0.19114875587983504,0.19114875587983504
10,approach0,No Detrending,0.01145488439192936,-0.0002961725915347467,19.338191175238247,0.1839497482917446,0.1839497482917446
11,approach0,No Detrending,0.012526339280959784,-0.0004500619857310082,13.91623784956423,0.1999387076818775,0.1999387076818775
12,approach0,No Detrending,0.012861917648714609,-0.00016619137587759673,38.69610435798928,0.18609438025522962,0.18609438025522962
13,approach0,No Detrending,0.011728080415107584,-0.00031555623618922853,18.583185927079327,0.21752795725144447,0.21752795725144447
14,approach0,No Detrending,0.017710073667642334,-0.0006050305920503844,14.635684459875636,0.18767519388999798,0.18767519388999798
15,approach0,No Detrending,0.014753765638068652,-0.00045141366019294665,16.34173590555776,0.19799042978236236,0.19799042978236236
16,approach0,No Detrending,0.015393448395526789,-0.00035427829139479845,21.72507992928747,0.21181027332821123,0.21181027332821123
17,approach0,No Detrending,0.015412288875786094,-0.0004834014242944283,15.941501308443431,0.17836895347719084,0.17836895347719084
18,approach0,No Detrending,0.01591635981105435,-0.0005508797861176214,14.446309532635455,0.20569196908638676,0.20569196908638676
19,approach0,No Detrending,0.011542996670678351,-0.00038559982040397737,14.967585641747991,0.2082723294520683,0.2082723294520683
20,approach0,No Detrending,0.008594749500878058,-0.00031269076658943875,13.743209616680042,0.1773895482036415,0.1773895482036415
21,approach0,No Detrending,0.013119099934234043,-0.0004719028343077653,13.900213116412473,0.21176307030626906,0.21176307030626906
22,approach0,No Detrending,0.012135040845103518,-0.0003514381881541066,17.26482956909377,0.19060452068001144,0.19060452068001144
23,approach0,No Detrending,0.025440217894753845,-0.0006851028717420801,18.56671380610655,0.2195641127303195,0.2195641127303195
24,approach0,No Detrending,0.010256403814092154,-0.0002515063203972966,20.389952423244146,0.17344731850848027,0.17344731850848027
25,approach0,No Detrending,0.017850031071141758,-0.00048107203458364837,18.552347453111008,0.18217752251850794,0.18217752251850794
26,approach0,No Detrending,0.017349160305349668,-0.0005970505278309905,14.529055328346317,0.18417134182773676,0.18417134182773676
27,approach0,No Detrending,0.02127782684768603,-0.0006944039991550089,15.320927639801992,0.20746590064807025,0.20746590064807025
28,approach0,No Detrending,0.017035241601476167,-0.0004908019304926012,17.35449734720733,0.2022947727517208,0.2022947727517208
29,approach0,No Detrending,0.01813800459343773,-0.0004974174293378308,18.23217636099252,0.1787769783389923,0.1787769783389923
30,approach0,No Detrending,0.015827530630779473,-0.0005017635732653314,15.77190082550085,0.19843347961962632,0.19843347961962632
31,approach0,No Detrending,0.018946665462746676,-0.0004903427800382588,19.319816905704588,0.20378831114422635,0.20378831114422635
32,approach0,No Detrending,0.015045863503920665,-0.0004931355213255654,15.255302906873208,0.1976193265429167,0.1976193265429167
33,approach0,No Detrending,0.008951719717381887,-0.00032985796602608673,13.569051894102115,0.19832108548734062,0.19832108548734062
34,approach0,No Detrending,0.013154140526694853,-0.00031515673260636254,20.86920437635812,0.1833819643388802,0.1833819643388802
35,approach0,No Detrending,0.01683640356801848,-0.0004821373795448749,17.460172434578297,0.19214957513005604,0.19214957513005604
36,approach0,No Detrending,0.011122991797816095,-0.00024182707763105053,22.997821225764806,0.18381238818123358,0.18381238818123358
37,approach0,No Detrending,0.01856898133694987,-0.0005683579911244637,16.335638476915054,0.19560893100285304,0.19560893100285304
38,approach0,No Detrending,0.009589085026818005,-0.00036022007621730386,13.310036918976943,0.21477414688240481,0.21477414688240481
39,approach0,No Detrending,0.018859108478157093,-0.0004843418255911701,19.468800216807985,0.225993876780343,0.225993876780343
40,approach0,No Detrending,0.015067745599913038,-0.0005129217712448072,14.688151726670915,0.21318183633885335,0.21318183633885335
41,approach0,No Detrending,0.016858336009320622,-0.0005201776233622967,16.204403315498848,0.22957203327403786,0.22957203327403786
42,approach0,No Detrending,0.01900809735836255,-0.0005673115255968345,16.752786168380123,0.19168237392314724,0.19168237392314724
43,approach0,No Detrending,0.015875814466271215,-0.000489857861223346,16.204511270497697,0.20540855270703673,0.20540855270703673
44,approach0,No Detrending,0.014208924528968997,-0.00042111525048270316,16.870588885919023,0.18184101577492773,0.18184101577492773
45,approach0,No Detrending,0.013515174504403985,-0.000489130282755411,13.815516009629514,0.1895605018845149,0.1895605018845149
46,approach0,No Detrending,0.01882573683092813,-0.0006294984684910563,14.952964759433407,0.1877653713983115,0.1877653713983115
47,approach0,No Detrending,0.008851195504614207,-0.00035841514025555847,12.347686398380235,0.21575585623608595,0.21575585623608595
48,approach0,No Detrending,0.007273448300049541,-0.0002929474077068434,12.41425612362507,0.21383190335130275,0.21383190335130275
49,approach0,No Detrending,0.015848632027020193,-0.0005437184841338013,14.574299467001449,0.1794462295507111,0.1794462295507111
50,approach0,No Detrending,0.01715512153186504,-0.0004398416207079777,19.50147589972479,0.21358647624241212,0.21358647624241212
51,approach0,No Detrending,0.011448792875702675,-0.0003658296717310683,15.647709522204918,0.20035914654381637,0.20035914654381637
52,approach0,No Detrending,0.016903791671696516,-0.0004436337234237402,19.05151792929719,0.17793135122725312,0.17793135122725312
53,approach0,No Detrending,0.01665616815143319,-0.0004993722291263625,16.677106955439516,0.21433012669138152,0.21433012669138152
54,approach0,No Detrending,0.01489897159548476,-0.0005956455571815928,12.506574938611145,0.18538987764161285,0.18538987764161285
55,approach0,No Detrending,0.016253751282373875,-0.00037655527804036427,21.582158357944433,0.17742593315466648,0.17742593315466648
56,approach0,No Detrending,0.010477044682451007,-0.0002693070522384146,19.45185726732435,0.20703152783615575,0.20703152783615575
57,approach0,No Detrending,0.009138882847520827,-0.00023593003862179616,19.367781442554598,0.20363898280332815,0.20363898280332815
58,approach0,No Detrending,0.018366061513683328,-0.00059320010508773,15.480494150424267,0.19595583975255415,0.19595583975255415
59,approach0,No Detrending,0.010243790127923936,-0.00033354736670934893,15.355825214549379,0.19468946126249487,0.19468946126249487
60,approach0,No Detrending,0.019961095630295626,-0.0006206864984462518,16.079853259466503,0.18998291184440064,0.18998291184440064
61,approach0,No Detrending,0.01430868352391544,-0.00043816590310830853,16.327929013201345,0.18529613130418687,0.18529613130418687
62,approach0,No Detrending,0.016011220894676718,-0.0003882635708434395,20.619009993514126,0.19395207778711432,0.19395207778711432
63,approach0,No Detrending,0.009134877493073372,-0.0003603884043084066,12.673656232923761,0.19062586694362038,0.19062586694362038
64,approach0,No Detrending,0.016364639091420625,-0.0005593625002723961,14.627937235202072,0.20266506454348276,0.20266506454348276
65,approach0,No Detrending,0.014234402589303516,-0.0005583434875406619,12.746994374378623,0.19529179046061418,0.19529179046061418
66,approach0,No Detrending,0.01462854779247132,-0.0004983367160665165,14.677373070097795,0.18841486648799066,0.18841486648799066
67,approach0,No Detrending,0.012024197466303866,-0.0004145276100024821,14.5034940691066,0.21876352816690792,0.21876352816690792
68,approach0,No Detrending,0.010876062173184825,-0.00022482231554532783,24.188128626831162,0.19334447022035783,0.19334447022035783
69,approach0,No Detrending,0.014474498705613738,-0.00040481234787190094,17.87803507193666,0.19009340112131234,0.19009340112131234
70,approach0,No Detrending,0.010216796581081735,-0.0004789829189099946,10.66509491020239,0.20116876738731126,0.20116876738731126
71,approach0,No Detrending,0.00823932682708925,-0.0002725379929709882,15.115923356723203,0.21366593920541022,0.21366593920541022
72,approach0,No Detrending,0.012885968993868704,-0.00036184400906067197,17.805972561657164,0.23185210053299177,0.23185210053299177
73,approach0,No Detrending,0.021673034376737225,-0.0006395840272423443,16.943070381372355,0.18059068155652935,0.18059068155652935
74,approach0,No Detrending,0.010295928148382396,-0.00045158120413020053,11.399863473296664,0.18720235179193223,0.18720235179193223
75,approach0,No Detrending,0.007207168987431068,-7.922305479507897e-06,454.86563261624883,0.1914738593191404,0.1914738593191404
76,approach0,No Detrending,0.007291636227649783,-0.0003022174790732055,12.063558087392334,0.2076594464303707,0.2076594464303707
77,approach0,No Detrending,0.01661323856345205,-0.0003444621530492763,24.114751673568446,0.1772128021068512,0.1772128021068512
78,approach0,No Detrending,0.010052296473036992,-0.00042791966931557244,11.745541504454488,0.1881992961987139,0.1881992961987139
79,approach0,No Detrending,0.01926062650002857,-0.0005918677817276736,16.271055035135063,0.20750671825500044,0.20750671825500044
80,approach0,No Detrending,0.017630514459049614,-0.0006435481247540181,13.697899023315845,0.19827157483964575,0.19827157483964575
81,approach0,No Detrending,0.01888237637041233,-0.0005970088618030136,15.814150826326154,0.17235608141781555,0.17235608141781555
82,approach0,No Detrending,0.009588877827401055,-0.00029686130307145464,16.150434105406134,0.22806655106459173,0.22806655106459173
83,approach0,No Detrending,0.016967727066184494,-0.0005365497837610593,15.811885103415399,0.20091969722019454,0.20091969722019454
84,approach0,No Detrending,0.015252423326725684,-0.0004732395810878563,16.114906631081322,0.1860893506733564,0.1860893506733564
85,approach0,No Detrending,0.012166204370026568,-0.0003295560962107764,18.45847263927618,0.21482091815109672,0.21482091815109672
86,approach0,No Detrending,0.014413393023441015,-0.00040397833539593784,17.839314340105016,0.21572880574324182,0.21572880574324182
87,approach0,No Detrending,0.0205300058999132,-0.0005832516173618505,17.599613347644045,0.20597578815147044,0.20597578815147044
88,approach0,No Detrending,0.010421414770258703,-0.0004291470166500457,12.142010040765353,0.20280946336138506,0.20280946336138506
89,approach0,No Detrending,0.024571306702671953,-0.0006261768393500905,19.620101829520344,0.18133427708691885,0.18133427708691885
90,approach0,No Detrending,0.013162341998826635,-0.0004124083743636919,15.957898550356688,0.19373019044426354,0.19373019044426354
91,approach0,No Detrending,0.010459951975386893,-0.0004342129441488493,12.044726114614855,0.1947319521951112,0.1947319521951112
92,approach0,No Detrending,0.014323209819259705,-0.00028486845036690173,25.14004236132828,0.21117476365187438,0.21117476365187438
93,approach0,No Detrending,0.015215653026218938,-0.0003951916516358652,19.250979826161462,0.23255425265336616,0.23255425265336616
94,approach0,No Detrending,0.015231165267294245,-0.0005400697885450073,14.101108403349375,0.20740609104459695,0.20740609104459695
95,approach0,No Detrending,0.01526793450965539,-0.0004911042538623513,15.544494259191195,0.21287260111788597,0.21287260111788597
96,approach0,No Detrending,0.01897382822547365,-0.0005326511260460837,17.81074637569815,0.217613596012188,0.217613596012188
97,approach0,No Detrending,0.015389397406252779,-0.0005268764053987801,14.604371393899214,0.2070346399681412,0.2070346399681412
98,approach0,No Detrending,0.011817963078389495,-0.0003935953218361838,15.01283478581103,0.19028176875482639,0.19028176875482639
99,approach0,No Detrending,0.006880185980157275,-0.0003043274010828641,11.30392129607136,0.1868009287105703,0.1868009287105703
0,approach1,Linear Temperature Detrending,0.009688196031351648,-0.00031972559597904317,15.150798298905467,0.11181267199566935,0.11181267199566935
1,approach1,Linear Temperature Detrending,0.011424842462944368,-0.00037546660227457697,15.214192678833035,0.095755638375698,0.095755638375698
2,approach1,Linear Temperature Detrending,0.020094026321430435,-0.0005360335711226659,18.743253598226705,0.0932802946040382,0.0932802946040382
3,approach1,Linear Temperature Detrending,0.018854978253322188,-0.00041002743038421306,22.992337653671456,0.1018063598151524,0.1018063598151524
4,approach1,Linear Temperature Detrending,0.01808476455483962,-0.0005261034286462428,17.187461219721488,0.09358348735392441,0.09358348735392441
5,approach1,Linear Temperature Detrending,0.016448223100293174,-0.0004655806817522635,17.66420273108036,0.10511282001266109,0.10511282001266109
6,approach1,Linear Temperature Detrending,0.017006945918643854,-0.0005133369185090742,16.565091371217267,0.09668580025884277,0.09668580025884277
7,approach1,Linear Temperature Detrending,0.014894570899341793,-0.00048468704959433095,15.365142220952796,0.08592235412885552,0.08592235412885552
8,approach1,Linear Temperature Detrending,0.010962638322740938,-0.0002217531215875255,24.718115001628078,0.09794251722718272,0.09794251722718272
9,approach1,Linear Temperature Detrending,0.019092968043316984,-0.00043597747814879713,21.896736643814247,0.10970660245807895,0.10970660245807895
10,approach1,Linear Temperature Detrending,0.014527507659860448,-0.0003690827936131087,19.6805539451521,0.09406275350382465,0.09406275350382465
11,approach1,Linear Temperature Detrending,0.01418670502496017,-0.0004892636617042164,14.498016238876863,0.0917714036388273,0.0917714036388273
12,approach1,Linear Temperature Detrending,0.013866455639538797,-0.00019899436436612736,34.84132750118006,0.09332632846123357,0.09332632846123357
13,approach1,Linear Temperature Detrending,0.012083224202603727,-0.00030380367781489905,19.886566695821525,0.09545493250479142,0.09545493250479142
14,approach1,Linear Temperature Detrending,0.019366055460012587,-0.0006525569542308961,14.838594037234213,0.09578957622147011,0.09578957622147011
15,approach1,Linear Temperature Detrending,0.017336934261531437,-0.0005221098795425137,16.602764035726075,0.10084975211588865,0.10084975211588865
16,approach1,Linear Temperature Detrending,0.017154496480854094,-0.00034530763071131086,24.83944019064532,0.0966004477481327,0.0966004477481327
17,approach1,Linear Temperature Detrending,0.0185045522966286,-0.0005682009384911468,16.28345805426448,0.08796822318780584,0.08796822318780584
18,approach1,Linear Temperature Detrending,0.0179801786647795,-0.0005689481939083157,15.801244170639684,0.09771293074632081,0.09771293074632081
19,approach1,Linear Temperature Detrending,0.012162520280983219,-0.00038368811724222936,15.849487818911,0.10091686908641873,0.10091686908641873
20,approach1,Linear Temperature Detrending,0.008471243015392146,-0.000281433996653002,15.050141624924022,0.08314558673215455,0.08314558673215455
21,approach1,Linear Temperature Detrending,0.015507818263095996,-0.0005280672719592936,14.68356314296583,0.10533388948123268,0.10533388948123268
22,approach1,Linear Temperature Detrending,0.01186145055700422,-0.00030563339755235674,19.40470290877208,0.08932211807418844,0.08932211807418844
23,approach1,Linear Temperature Detrending,0.025588668092648658,-0.0006547194682467777,19.541703992070495,0.11064024218024049,0.11064024218024049
24,approach1,Linear Temperature Detrending,0.010974152891817615,-0.0002661702200029009,20.614914943711604,0.08849602588297434,0.08849602588297434
25,approach1,Linear Temperature Detrending,0.020281823143821445,-0.000574846039286857,17.641091490325554,0.09620939145411977,0.09620939145411977
26,approach1,Linear Temperature Detrending,0.019009012386248796,-0.0006434320959934907,14.771576134151303,0.09053915033193738,0.09053915033193738
27,approach1,Linear Temperature Detrending,0.024791968336384123,-0.0007506779300569399,16.51305263130862,0.09557422492100764,0.09557422492100764
28,approach1,Linear Temperature Detrending,0.018915953252375883,-0.0005438718478891247,17.390083091993525,0.10475456476959111,0.10475456476959111
29,approach1,Linear Temperature Detrending,0.019273057655563856,-0.0005511120812014614,17.485606206950948,0.08996574296500381,0.08996574296500381
30,approach1,Linear Temperature Detrending,0.01659587166722432,-0.0004967345486424598,16.704970202475,0.09072198369552076,0.09072198369552076
31,approach1,Linear Temperature Detrending,0.020578007114843838,-0.000524292261021662,19.62455737449234,0.09998535993946966,0.09998535993946966
32,approach1,Linear Temperature Detrending,0.01646103067249199,-0.0005298286859155439,15.534295433671483,0.10145829791959193,0.10145829791959193
33,approach1,Linear Temperature Detrending,0.00929102268404541,-0.00032536539991261495,14.277828383935027,0.09118120813249697,0.09118120813249697
34,approach1,Linear Temperature Detrending,0.014022038584877583,-0.0003532431313433769,19.84757429189357,0.0852894193277528,0.0852894193277528
35,approach1,Linear Temperature Detrending,0.01944797206585622,-0.0005516323222241558,17.62765820849919,0.09126727843631632,0.09126727843631632
36,approach1,Linear Temperature Detrending,0.012383393737910801,-0.0002521449768184418,24.556098428301276,0.10492414741038047,0.10492414741038047
37,approach1,Linear Temperature Detrending,0.02023939241153168,-0.0005991642528729628,16.889686187455943,0.0967887711197698,0.0967887711197698
38,approach1,Linear Temperature Detrending,0.012162357681181216,-0.00042509986143515706,14.30529480781354,0.09953481262989083,0.09953481262989083
39,approach1,Linear Temperature Detrending,0.02048376556450659,-0.0005238608249673666,19.550770536986235,0.10768432165875763,0.10768432165875763
40,approach1,Linear Temperature Detrending,0.0166449337304612,-0.0005636099444205874,14.766359159589376,0.10339516771467694,0.10339516771467694
41,approach1,Linear Temperature Detrending,0.01755570635253811,-0.0004919261494732128,17.843843401431215,0.11449094497981216,0.11449094497981216
42,approach1,Linear Temperature Detrending,0.019806551928263208,-0.0005956763861867028,16.625261960657312,0.09213444724896414,0.09213444724896414
43,approach1,Linear Temperature Detrending,0.01670257044315453,-0.0004983846805747973,16.75670530632193,0.09641931181416818,0.09641931181416818
44,approach1,Linear Temperature Detrending,0.014888514195266383,-0.00040202946300779463,18.51669537336586,0.09669972576979402,0.09669972576979402
45,approach1,Linear Temperature Detrending,0.013296756746495563,-0.0004404867288452716,15.093254660989201,0.09135328936367926,0.09135328936367926
46,approach1,Linear Temperature Detrending,0.019928504613317927,-0.0006197299942456788,16.078376711114693,0.08988901724437759,0.08988901724437759
47,approach1,Linear Temperature Detrending,0.009920208631967135,-0.0002944346282574628,16.846198918037242,0.10075525075824143,0.10075525075824143
48,approach1,Linear Temperature Detrending,0.00920796195381714,-0.0003369809222660463,13.662438057172059,0.10817426047009904,0.10817426047009904
49,approach1,Linear Temperature Detrending,0.017195403687044527,-0.0005538539627771008,15.523409456912056,0.09125059657710555,0.09125059657710555
50,approach1,Linear Temperature Detrending,0.01850924132211535,-0.0004344811697183146,21.300395289990785,0.09556607554146856,0.09556607554146856
51,approach1,Linear Temperature Detrending,0.011622049159744192,-0.000352502905125076,16.485040251824913,0.08567155511641933,0.08567155511641933
52,approach1,Linear Temperature Detrending,0.01786574897317545,-0.0004919714812854875,18.15730144204038,0.09912691743800328,0.09912691743800328
53,approach1,Linear Temperature Detrending,0.016441300632408788,-0.00044205066773358336,18.596624586842257,0.09549280058006782,0.09549280058006782
54,approach1,Linear Temperature Detrending,0.015159806200700314,-0.0005838042583709021,12.983637908880237,0.08009943150554921,0.08009943150554921
55,approach1,Linear Temperature Detrending,0.016942049164680034,-0.00040396872033902226,20.96950619154594,0.09289378990166053,0.09289378990166053
56,approach1,Linear Temperature Detrending,0.013241809954097643,-0.000333007561652141,19.88214605158127,0.0970453521770076,0.0970453521770076
57,approach1,Linear Temperature Detrending,0.0121371106194087,-0.0003281515141176771,18.493150415658693,0.09545315761626205,0.09545315761626205
58,approach1,Linear Temperature Detrending,0.020328375173834914,-0.0006525371520948216,15.576412092840465,0.09612721994845252,0.09612721994845252
59,approach1,Linear Temperature Detrending,0.010188532657894113,-0.00031737883051486933,16.051058984251906,0.09729548769566077,0.09729548769566077
60,approach1,Linear Temperature Detrending,0.02119101805870658,-0.000627534131845974,16.884354956415216,0.091360048349026,0.091360048349026
61,approach1,Linear Temperature Detrending,0.01571357814214201,-0.00047492874764091104,16.54309011635456,0.09363070976875743,0.09363070976875743
62,approach1,Linear Temperature Detrending,0.016392102123837432,-0.00039279378847955753,20.8660404067089,0.09567686673802867,0.09567686673802867
63,approach1,Linear Temperature Detrending,0.010140158348290499,-0.00035601887272110257,14.241040468989516,0.09315158568606463,0.09315158568606463
64,approach1,Linear Temperature Detrending,0.016649678395027623,-0.000518131976284755,16.067024577804954,0.10770610445446749,0.10770610445446749
65,approach1,Linear Temperature Detrending,0.016482304068653763,-0.0006039984355867906,13.644326787569439,0.0946935731015186,0.0946935731015186
66,approach1,Linear Temperature Detrending,0.0152704301269857,-0.0005004205262207882,15.257597687198292,0.09113178491582041,0.09113178491582041
67,approach1,Linear Temperature Detrending,0.013492578708831218,-0.00043248751685461825,15.598807113508876,0.09792903787905527,0.09792903787905527
68,approach1,Linear Temperature Detrending,0.012203672371711728,-0.0002691696540023907,22.669108850590078,0.09463569610733447,0.09463569610733447
69,approach1,Linear Temperature Detrending,0.016047213490503705,-0.00045652521105681113,17.57538587338471,0.09352261472456891,0.09352261472456891
70,approach1,Linear Temperature Detrending,0.012113059368141253,-0.0004917857913878198,12.315381595265483,0.09773309588734858,0.09773309588734858
71,approach1,Linear Temperature Detrending,0.009001688679739446,-0.00024381582718525043,18.460017103196492,0.1102299791718998,0.1102299791718998
72,approach1,Linear Temperature Detrending,0.015017945298833497,-0.00041860104720494573,17.938255767765387,0.11303715099674083,0.11303715099674083
73,approach1,Linear Temperature Detrending,0.0233363038748149,-0.000675372329233203,17.276621253724016,0.08012313183365805,0.08012313183365805
74,approach1,Linear Temperature Detrending,0.011830785031895549,-0.0005266277947557029,11.232586990004702,0.08507578081020462,0.08507578081020462
75,approach1,Linear Temperature Detrending,0.007521976295788585,7.807399496421753e-06,-481.7209814379307,0.09775420017842229,0.09775420017842229
76,approach1,Linear Temperature Detrending,0.009951974681714054,-0.0003488510547756496,14.263930903282336,0.09486668572348023,0.09486668572348023
77,approach1,Linear Temperature Detrending,0.01651886329005841,-0.000318372014346725,25.942706245638224,0.09086336481325696,0.09086336481325696
78,approach1,Linear Temperature Detrending,0.012152680801941543,-0.00046572802794701595,13.046971700964608,0.09811997335347555,0.09811997335347555
79,approach1,Linear Temperature Detrending,0.020158829600521525,-0.0005977847842350859,16.861276944608402,0.10888790453748032,0.10888790453748032
80,approach1,Linear Temperature Detrending,0.018591870891911545,-0.0006432921978161253,14.450564576274973,0.08609064630500729,0.08609064630500729
81,approach1,Linear Temperature Detrending,0.019990018385674137,-0.0006189861909587398,16.147386385721994,0.08265242594867594,0.08265242594867594
82,approach1,Linear Temperature Detrending,0.011679760754543377,-0.00033422327314785804,17.472991399638907,0.12209701572866916,0.12209701572866916
83,approach1,Linear Temperature Detrending,0.018378885643881758,-0.0005749966912228891,15.981731655528302,0.08208654551173566,0.08208654551173566
84,approach1,Linear Temperature Detrending,0.01619060391329742,-0.0004729286646295756,17.117384844899192,0.09491448833744276,0.09491448833744276
85,approach1,Linear Temperature Detrending,0.014977077194110783,-0.0003694346790408483,20.270264330619014,0.11145845855298886,0.11145845855298886
86,approach1,Linear Temperature Detrending,0.015803183238563823,-0.0004381077927336306,18.03572488400378,0.10612487054160757,0.10612487054160757
87,approach1,Linear Temperature Detrending,0.020994691257910394,-0.0005849712649969553,17.94506201772122,0.10090087136433157,0.10090087136433157
88,approach1,Linear Temperature Detrending,0.012029218776981843,-0.0004398324257504894,13.674774837776337,0.09746126982970127,0.09746126982970127
89,approach1,Linear Temperature Detrending,0.02596730390138636,-0.000652909743080183,19.885829685189233,0.09253579585305827,0.09253579585305827
90,approach1,Linear Temperature Detrending,0.01467743176620677,-0.0003881523786733747,18.906790957163814,0.10237347390784501,0.10237347390784501
91,approach1,Linear Temperature Detrending,0.01353811983376748,-0.0004719489309213717,14.342780486161306,0.0884706195986682,0.0884706195986682
92,approach1,Linear Temperature Detrending,0.016161229964950317,-0.000315809602377043,25.586983174842686,0.10095631042536157,0.10095631042536157
93,approach1,Linear Temperature Detrending,0.015437805166278464,-0.000349957949500014,22.056657361740893,0.12187410664398135,0.12187410664398135
94,approach1,Linear Temperature Detrending,0.017386236837680313,-0.0005788474035818774,15.017979462372287,0.10233660963870261,0.10233660963870261
95,approach1,Linear Temperature Detrending,0.01763600524713548,-0.0005641696429405783,15.630055133073695,0.09910324474711607,0.09910324474711607
96,approach1,Linear Temperature Detrending,0.019853153775055088,-0.0005391318994604254,18.41214904453302,0.11299386427170544,0.11299386427170544
97,approach1,Linear Temperature Detrending,0.015030624434717126,-0.0005099922006889792,14.736131664769921,0.10311112063258943,0.10311112063258943
98,approach1,Linear Temperature Detrending,0.012292303538337776,-0.00037619987757933263,16.337463501361174,0.10763830794669338,0.10763830794669338
99,approach1,Linear Temperature Detrending,0.0077609351011537165,-0.0002697049483625238,14.38782482166745,0.09377352123882177,0.09377352123882177
0,approach2,Quadratic GDP Growth Detrending,0.00010453477222590376,-3.636982365083322e-06,14.371085935071465,0.116111265623012,0.23035963164140583
1,approach2,Quadratic GDP Growth Detrending,0.00010433269786154549,-3.8102321400563367e-06,13.691120911599217,0.09957646810457899,0.20182614761466977
2,approach2,Quadratic GDP Growth Detrending,0.00025607122380489434,-7.911360923738727e-06,16.183765743548012,0.09554897219410452,0.19626883366557646
3,approach2,Quadratic GDP Growth Detrending,0.00013968408946734963,-4.6847442296769475e-06,14.908400823942316,0.10380681197354458,0.19068855466822965
4,approach2,Quadratic GDP Growth Detrending,0.00014793915405400898,-4.978762622402428e-06,14.857020235142597,0.09248399545882813,0.1855879451081368
5,approach2,Quadratic GDP Growth Detrending,0.00015928621220560226,-5.273074775535743e-06,15.10373159741688,0.10697302562484212,0.19689278665514598
6,approach2,Quadratic GDP Growth Detrending,0.00014351358792664886,-4.853024961551484e-06,14.78599317576644,0.09668453061054738,0.1777616990800519
7,approach2,Quadratic GDP Growth Detrending,0.0001578944596469968,-5.134670491293226e-06,15.375325438578363,0.08605702525386283,0.18022442453942478
8,approach2,Quadratic GDP Growth Detrending,0.00012475172731228726,-3.915983077468568e-06,15.92853248397223,0.10071307009546426,0.20236005347743868
9,approach2,Quadratic GDP Growth Detrending,0.0001711635093751508,-5.521491962009895e-06,15.499751747609633,0.10679347759831403,0.18500159621531498
10,approach2,Quadratic GDP Growth Detrending,0.0001465294559874684,-4.309303239188419e-06,17.001525287770725,0.09655862218189781,0.18155794858506857
11,approach2,Quadratic GDP Growth Detrending,0.00014828864825797906,-5.011570748787242e-06,14.794627841367266,0.09601720426053073,0.1952329510061842
12,approach2,Quadratic GDP Growth Detrending,0.0001277272202427899,-3.746081835636446e-06,17.04810864350612,0.09454254459017375,0.18246976107131496
13,approach2,Quadratic GDP Growth Detrending,0.00011988764284782784,-3.9202298971273104e-06,15.290894411024189,0.10059697127508938,0.21401936419415557
14,approach2,Quadratic GDP Growth Detrending,0.00020372196979187766,-6.717562214296518e-06,15.163385413707852,0.0968730671202529,0.181257145714244
15,approach2,Quadratic GDP Growth Detrending,0.00015045535115532145,-4.996964425047852e-06,15.054675034421589,0.10368018127665957,0.193309485727176
16,approach2,Quadratic GDP Growth Detrending,9.152269107364054e-05,-3.2125575847025933e-06,14.244521484914234,0.10480334818296133,0.2075089976326252
17,approach2,Quadratic GDP Growth Detrending,0.000165539568624635,-5.461431314209452e-06,15.15532825561105,0.09029374649836852,0.175168057754991
18,approach2,Quadratic GDP Growth Detrending,0.00015362384683978352,-5.299711638042119e-06,14.493604306416286,0.09850701794548222,0.2007609665181188
19,approach2,Quadratic GDP Growth Detrending,0.00011801567516475071,-3.934680358556405e-06,14.996856721552026,0.09962938527611664,0.20460102731912533
20,approach2,Quadratic GDP Growth Detrending,0.000100400147914025,-3.3404872497896806e-06,15.027769963849774,0.0891733975821073,0.17546879431332651
21,approach2,Quadratic GDP Growth Detrending,0.00014014620171024324,-4.9027132328041725e-06,14.292718649392098,0.10812054252679426,0.20700476064738849
22,approach2,Quadratic GDP Growth Detrending,0.00015928850193070395,-4.786485087572634e-06,16.639402297969323,0.09031248364510336,0.18731222248232238
23,approach2,Quadratic GDP Growth Detrending,0.0002777481737436702,-8.353870593872434e-06,16.623921248397032,0.11173557882493979,0.2127467302386531
24,approach2,Quadratic GDP Growth Detrending,7.269442524863515e-05,-2.569932169847644e-06,14.143257573398284,0.089406129794798,0.16977648830659642
25,approach2,Quadratic GDP Growth Detrending,0.00018609028001693946,-5.831239961289363e-06,15.956321575882505,0.09682289836964098,0.17615879967223436
26,approach2,Quadratic GDP Growth Detrending,0.00015882204741089368,-5.515480560080342e-06,14.39784309643004,0.09018751088065602,0.17869379571686028
27,approach2,Quadratic GDP Growth Detrending,0.0002562243011407916,-7.92550453936973e-06,16.164541946068184,0.09873851214374507,0.20117992714711763
28,approach2,Quadratic GDP Growth Detrending,0.0001719855744655079,-5.7859215727702205e-06,14.862418398039532,0.10511607411662416,0.19622537806402507
29,approach2,Quadratic GDP Growth Detrending,0.00017022961394919944,-5.235758846169693e-06,16.25644142049569,0.08985111498514498,0.1742165961651413
30,approach2,Quadratic GDP Growth Detrending,0.0002054692263547409,-6.465136151385547e-06,15.89055679134512,0.09280508975341861,0.19336378330129822
31,approach2,Quadratic GDP Growth Detrending,0.00020872299266677552,-6.652694117428897e-06,15.687102772390942,0.10076917294523735,0.19705374677515974
32,approach2,Quadratic GDP Growth Detrending,0.0001839506049781283,-6.095539867983134e-06,15.088951016818882,0.10453732327888665,0.19277164235689126
33,approach2,Quadratic GDP Growth Detrending,8.20154426167696e-05,-3.079352666725879e-06,13.316994104473993,0.09615964784207798,0.19488773201217813
34,approach2,Quadratic GDP Growth Detrending,9.46247097832937e-05,-3.19702656245906e-06,14.79886199483296,0.08599301109539315,0.1793784131248929
35,approach2,Quadratic GDP Growth Detrending,0.00016348445240910964,-5.345888438576241e-06,15.290671914269323,0.0937875754626678,0.1869029825935289
36,approach2,Quadratic GDP Growth Detrending,9.332785655494573e-05,-3.0666758032493354e-06,15.21645301666042,0.10732067580641358,0.18120207184370873
37,approach2,Quadratic GDP Growth Detrending,0.00019872992262629847,-6.51045894520967e-06,15.262358944181804,0.10162307137091975,0.19035281793637437
38,approach2,Quadratic GDP Growth Detrending,7.051718544948852e-05,-2.6317511825101778e-06,13.397388384989508,0.10482835828763448,0.21169521083536713
39,approach2,Quadratic GDP Growth Detrending,0.00017405145717988777,-5.4767708218980884e-06,15.889970827697208,0.11181817140726369,0.22123350485308835
40,approach2,Quadratic GDP Growth Detrending,0.000151258692823521,-4.979139333856683e-06,15.189240818689926,0.10710709525495699,0.20858902307793536
41,approach2,Quadratic GDP Growth Detrending,0.00017520501839719558,-5.777487290723268e-06,15.162735076762248,0.11882323793521876,0.22281296922271698
42,approach2,Quadratic GDP Growth Detrending,0.0001713541257014463,-5.767477021579002e-06,14.855206623305584,0.09380833875463646,0.18591826790453414
43,approach2,Quadratic GDP Growth Detrending,0.00015257310848452071,-5.090484246493055e-06,14.98610948355568,0.09983453503588824,0.2009731068781586
44,approach2,Quadratic GDP Growth Detrending,0.00010733484873071165,-3.849246558539359e-06,13.94231924330681,0.0970816719838169,0.17758351516786752
45,approach2,Quadratic GDP Growth Detrending,0.00012779486894632774,-4.4795821889724764e-06,14.264150489405491,0.09317405854323046,0.18513797785799202
46,approach2,Quadratic GDP Growth Detrending,0.000212799815765629,-6.940752811814403e-06,15.329735947619804,0.0896376650449725,0.1809809188966267
47,approach2,Quadratic GDP Growth Detrending,9.791225686097216e-05,-3.4381300963429307e-06,14.239172765032865,0.10932875505767181,0.21151324782430247
48,approach2,Quadratic GDP Growth Detrending,5.8113544086690535e-05,-2.551061823885811e-06,11.390069723628104,0.11456939654239506,0.21013987750265228
49,approach2,Quadratic GDP Growth Detrending,0.00011345589663440953,-3.98495512460507e-06,14.235530023145946,0.09334502878059825,0.17513208007396397
50,approach2,Quadratic GDP Growth Detrending,0.0001801020311115873,-5.583102284318843e-06,16.12920755700971,0.09789947308726032,0.20972956827977107
51,approach2,Quadratic GDP Growth Detrending,0.00011099597530853741,-3.8485347982283075e-06,14.420549784249706,0.09037294648025573,0.19711028521774954
52,approach2,Quadratic GDP Growth Detrending,0.00020807346381052487,-6.648045128216857e-06,15.649221673254079,0.0958433981044936,0.1727230973083651
53,approach2,Quadratic GDP Growth Detrending,0.00013084728446919984,-4.2805821518579845e-06,15.283818862395345,0.10132973073827645,0.20955566201118891
54,approach2,Quadratic GDP Growth Detrending,0.0001715864975500468,-5.867253660005134e-06,14.622386170184491,0.08045765372193459,0.17983715595350513
55,approach2,Quadratic GDP Growth Detrending,0.0001817063921988517,-5.676741430080411e-06,16.00446263379287,0.09282063833075493,0.17218435034330326
56,approach2,Quadratic GDP Growth Detrending,9.302124760000037e-05,-3.098377835170965e-06,15.011282120611279,0.09946043312896413,0.20269040816672024
57,approach2,Quadratic GDP Growth Detrending,7.369940653496909e-05,-2.4370922300871435e-06,15.120356469302314,0.10297459296311195,0.2013338223393698
58,approach2,Quadratic GDP Growth Detrending,0.00021484708705930025,-7.003206186118145e-06,15.33919474519922,0.09784353169450755,0.19002516282568116
59,approach2,Quadratic GDP Growth Detrending,0.00011103325357154388,-3.827372491709977e-06,14.505153837526919,0.09895390398959947,0.19089010039319054
60,approach2,Quadratic GDP Growth Detrending,0.00017926737730843581,-5.787307677422755e-06,15.487977078511612,0.09414671102768768,0.1843092573078028
61,approach2,Quadratic GDP Growth Detrending,0.00014674070280716782,-4.922718534014866e-06,14.904437638798857,0.09515825210733986,0.18111670534921565
62,approach2,Quadratic GDP Growth Detrending,0.00016236486633835055,-5.275331004831538e-06,15.389069064068664,0.09682692319462838,0.18919748413191806
63,approach2,Quadratic GDP Growth Detrending,9.689922720489915e-05,-3.458290603270612e-06,14.00969992418488,0.09550287283602898,0.18636392839196558
64,approach2,Quadratic GDP Growth Detrending,0.00017019745735245297,-5.66628745703502e-06,15.018427730942514,0.10767100551952091,0.1965753747287664
65,approach2,Quadratic GDP Growth Detrending,0.00019507919272475143,-6.5493338242409e-06,14.893056145856335,0.09867134475554784,0.1903494679693526
66,approach2,Quadratic GDP Growth Detrending,0.00015950788681142847,-5.474450630528065e-06,14.568392116090958,0.09312559977783474,0.18344930139733595
67,approach2,Quadratic GDP Growth Detrending,0.00011908864486880696,-4.238315278839895e-06,14.049054522131222,0.10380930968221336,0.21442044111471958
68,approach2,Quadratic GDP Growth Detrending,9.210814829021167e-05,-3.0348515336684824e-06,15.175066600189291,0.09938482048472341,0.19002740070831114
69,approach2,Quadratic GDP Growth Detrending,0.00012649846333212013,-4.296119361268535e-06,14.72241023754614,0.09799812160491217,0.18593108418753979
70,approach2,Quadratic GDP Growth Detrending,0.0001280595185858056,-4.449265002693861e-06,14.391086899551995,0.10201674120883442,0.1962528349917142
71,approach2,Quadratic GDP Growth Detrending,7.37523622372771e-05,-2.760086549019452e-06,13.36051622429709,0.11368309528101539,0.2103006359580497
72,approach2,Quadratic GDP Growth Detrending,0.00014768884205384209,-4.940591490125151e-06,14.94647375208317,0.11873466860165038,0.22728771772807677
73,approach2,Quadratic GDP Growth Detrending,0.0001850147657970356,-5.63096886339531e-06,16.42832435104934,0.0801556322287067,0.17531535820735322
74,approach2,Quadratic GDP Growth Detrending,0.00010741990052103,-3.873780776525674e-06,13.864994783903725,0.08450316723946083,0.1828783088554512
75,approach2,Quadratic GDP Growth Detrending,7.431510031172753e-05,-2.267208596442803e-06,16.38911841379002,0.0972904634062759,0.1875099095622269
76,approach2,Quadratic GDP Growth Detrending,7.577604996728332e-05,-2.7878628286208394e-06,13.59034762925726,0.10023478987150636,0.20531987009637553
77,approach2,Quadratic GDP Growth Detrending,0.00017658882553530769,-5.3975845179070624e-06,16.35813436079189,0.09054588695954435,0.1731360098017558
78,approach2,Quadratic GDP Growth Detrending,8.423153773350247e-05,-3.2497097527523387e-06,12.959855516660012,0.10164822006672392,0.18381993492828597
79,approach2,Quadratic GDP Growth Detrending,0.00019980507629612803,-6.532699195586867e-06,15.292689156046354,0.10598908492490511,0.20118466442747396
80,approach2,Quadratic GDP Growth Detrending,0.00021461393941415085,-6.808071374590445e-06,15.761728072883301,0.08594072993010948,0.19231082501470986
81,approach2,Quadratic GDP Growth Detrending,0.00015974198941761235,-5.458626955159649e-06,14.632066885118398,0.08532765765400618,0.1681633602415099
82,approach2,Quadratic GDP Growth Detrending,0.00011157622189740487,-3.6898460561463834e-06,15.11936002201855,0.12888253131399818,0.22396815502787581
83,approach2,Quadratic GDP Growth Detrending,0.00019004643729367567,-6.118731548310398e-06,15.529888490217742,0.08353402468829751,0.1958750232261638
84,approach2,Quadratic GDP Growth Detrending,0.00012139169260878096,-4.140919563268524e-06,14.65757674763473,0.09636363734206055,0.18163357913746636
85,approach2,Quadratic GDP Growth Detrending,0.0001304218050335099,-4.2913571407492736e-06,15.19586936671719,0.11772970243588177,0.21168673206563904
86,approach2,Quadratic GDP Growth Detrending,0.0001323623775172535,-4.543363807524755e-06,14.566561596722003,0.10683678456785861,0.20986001307506263
87,approach2,Quadratic GDP Growth Detrending,0.0001646348466090021,-5.570800153940406e-06,14.776588825624142,0.10285082710029525,0.2002214168275257
88,approach2,Quadratic GDP Growth Detrending,0.00011854082189652168,-4.238159699490064e-06,13.984940434262603,0.09992562485200374,0.19785056976596171
89,approach2,Quadratic GDP Growth Detrending,0.0001793603814250066,-5.674625510264319e-06,15.803719655207006,0.09363842748645834,0.1771010759519902
90,approach2,Quadratic GDP Growth Detrending,0.00011060861949613963,-3.707522680371743e-06,14.916782583923291,0.10560374403537398,0.18955142301984484
91,approach2,Quadratic GDP Growth Detrending,0.00010041610498480398,-3.49970447639089e-06,14.346369195201195,0.09013409086731283,0.19184257767619295
92,approach2,Quadratic GDP Growth Detrending,0.00011070714664579892,-3.5631143811094835e-06,15.535165981863162,0.10539829783253563,0.20567586914359814
93,approach2,Quadratic GDP Growth Detrending,0.00011667841884211471,-4.316993190446368e-06,13.513852546759566,0.11978698285876332,0.22658535854180506
94,approach2,Quadratic GDP Growth Detrending,0.0001737167474564892,-5.992187915664179e-06,14.495268664920891,0.10525835235536596,0.20098947757448393
95,approach2,Quadratic GDP Growth Detrending,0.00013138143062273945,-4.235640152727237e-06,15.509040650932752,0.10124201135900157,0.20933400672308322
96,approach2,Quadratic GDP Growth Detrending,0.00023225087025809083,-7.69788325466834e-06,15.085372340327684,0.11382141249075262,0.21113288099409833
97,approach2,Quadratic GDP Growth Detrending,0.0001454020490285822,-5.318712382552093e-06,13.668914444929387,0.10240050482258933,0.20131088822696197
98,approach2,Quadratic GDP Growth Detrending,0.0001351715381282197,-4.7978554758002325e-06,14.086662135823765,0.10707548337098305,0.18600943072212672
99,approach2,Quadratic GDP Growth Detrending,7.24865224588426e-05,-2.6447919771876717e-06,13.703633987864867,0.10084556664858091,0.18425185927938736
0,approach3,Combined Detrending (Mixed),0.00891414694783684,-0.00029823674169053213,14.944749760387806,0.1178225540649962,0.2318497249253585
1,approach3,Combined Detrending (Mixed),0.01080318116534945,-0.000360361118040237,14.989382350821758,0.10211628002610806,0.20407754531134448
2,approach3,Combined Detrending (Mixed),0.018363799674301313,-0.000485132728737003,18.92657265374542,0.09953218588751434,0.19980847582323968
3,approach3,Combined Detrending (Mixed),0.0168804373082448,-0.0003885491482522901,21.722396489831073,0.10663141684396271,0.19323932729260462
4,approach3,Combined Detrending (Mixed),0.01650420092992656,-0.000468563120861663,17.611502266307472,0.09491343943625952,0.18776814738777037
5,approach3,Combined Detrending (Mixed),0.014052061025327042,-0.0004022399679164941,17.467261020968806,0.1092692508997063,0.1989578027572615
6,approach3,Combined Detrending (Mixed),0.015028955479198695,-0.00047118850920434984,15.947922313063861,0.09929694875353245,0.1801396393766267
7,approach3,Combined Detrending (Mixed),0.01315851260834869,-0.0004344991758587092,15.142160606338626,0.08797812130347993,0.18194758196073701
8,approach3,Combined Detrending (Mixed),0.01062137954319226,-0.000238598966955354,22.257807061628444,0.10189362831139359,0.20340717243458906
9,approach3,Combined Detrending (Mixed),0.017745495372719373,-0.000386008834787915,22.985866868136956,0.11059023005245594,0.1884659094643618
10,approach3,Combined Detrending (Mixed),0.011114209085225682,-0.00027997408753006626,19.848638820962552,0.09755852163278589,0.18246377355377863
11,approach3,Combined Detrending (Mixed),0.012401175197129684,-0.00041919501480466197,14.79165395479289,0.09803685874745305,0.19703094029213974
12,approach3,Combined Detrending (Mixed),0.012685422286165149,-0.0001678962012829039,37.77757384989999,0.0969788641387821,0.18466949435616475
13,approach3,Combined Detrending (Mixed),0.011489861363954036,-0.0002988438969377978,19.22385145169213,0.10241335510509597,0.215606686531284
14,approach3,Combined Detrending (Mixed),0.017052334763242184,-0.0005541300650854267,15.386581452328645,0.1001056569254557,0.18418769701051374
15,approach3,Combined Detrending (Mixed),0.01455049517654725,-0.0004250201499105123,17.117418056074335,0.10574829168390443,0.19517079127140624
16,approach3,Combined Detrending (Mixed),0.015158888569190843,-0.0003358284345548907,22.56939408552843,0.10651147861425858,0.20902115476025218
17,approach3,Combined Detrending (Mixed),0.014886508728932393,-0.0004464931201937208,16.670479404557852,0.09180917914618869,0.1765421026727121
18,approach3,Combined Detrending (Mixed),0.015539384603508392,-0.000516914562613459,15.030902326433887,0.1016863810139611,0.20357970289934713
19,approach3,Combined Detrending (Mixed),0.01119575415253898,-0.00035966531938214015,15.564128022924033,0.10154350067678986,0.2062919814644414
20,approach3,Combined Detrending (Mixed),0.008228497989658714,-0.00028807048259156005,14.282091513911661,0.09004867432636554,0.17626114379821956
21,approach3,Combined Detrending (Mixed),0.012637167369277617,-0.00043342374769149054,14.578305222759399,0.11044735388488947,0.20907359440556095
22,approach3,Combined Detrending (Mixed),0.011944019389953497,-0.0003341902760617509,17.87008815861912,0.09170626260307335,0.18855738315930104
23,approach3,Combined Detrending (Mixed),0.02525735803892505,-0.0006632221155672011,19.041402153277446,0.11645610028927567,0.21693044611107415
24,approach3,Combined Detrending (Mixed),0.010083840076922816,-0.00023500407707896704,21.454606665258837,0.09040988035381481,0.17069164636029976
25,approach3,Combined Detrending (Mixed),0.017677009018067267,-0.00045850095391762954,19.276959913635174,0.10047558700845349,0.17949063280572597
26,approach3,Combined Detrending (Mixed),0.016753961520392765,-0.0005573787789013534,15.0292423703468,0.09335821882797746,0.18155605815032672
27,approach3,Combined Detrending (Mixed),0.020577086979153395,-0.0006449571370181782,15.952290313653377,0.102654972951159,0.20465122548800796
28,approach3,Combined Detrending (Mixed),0.01686281114367629,-0.00046802550000848693,18.01484229317688,0.10847893345168835,0.19924586028801505
29,approach3,Combined Detrending (Mixed),0.017743110533386734,-0.00047516946448756994,18.670297503777075,0.09318322214105013,0.17723983646620578
30,approach3,Combined Detrending (Mixed),0.015319165048231845,-0.0004624471085654273,16.563153671512772,0.09547065297770463,0.19573388019042748
31,approach3,Combined Detrending (Mixed),0.01876598724602456,-0.00046788756803842197,20.05394941855298,0.10457559463466681,0.20045259826219286
32,approach3,Combined Detrending (Mixed),0.014587158300804022,-0.0004586376038508672,15.902706383346677,0.10705441015203765,0.19504070834420706
33,approach3,Combined Detrending (Mixed),0.008838085980843317,-0.0003069312504039604,14.397501018894747,0.09718945532292378,0.19580505179604812
34,approach3,Combined Detrending (Mixed),0.012969796317538139,-0.00029860099947850527,21.71760365871074,0.08779634692251848,0.18099749954992994
35,approach3,Combined Detrending (Mixed),0.01674246216406555,-0.00045387509720648626,18.443909202236668,0.09610446249450366,0.18898180416366495
36,approach3,Combined Detrending (Mixed),0.011019172487143035,-0.00023214491339836356,23.733392056353175,0.10845227840393923,0.18224001888385932
37,approach3,Combined Detrending (Mixed),0.017969406562875843,-0.0005262446577571527,17.07324368807961,0.1048415902073766,0.19325345420976192
38,approach3,Combined Detrending (Mixed),0.00924150596340499,-0.00033298518719014543,13.876752358548291,0.10621719967563914,0.21291825038056522
39,approach3,Combined Detrending (Mixed),0.018541836583293683,-0.00046218828016956375,20.05874811071714,0.11494823402680465,0.2239779743044309
40,approach3,Combined Detrending (Mixed),0.014525365992422152,-0.00048009365075317944,15.127638086480106,0.11042680947421146,0.2115314344907715
41,approach3,Combined Detrending (Mixed),0.016415701129329212,-0.0004860896210285257,16.88546763721774,0.12359817232203896,0.22702440243113875
42,approach3,Combined Detrending (Mixed),0.01858435849815677,-0.0005322793459784953,17.45733573786611,0.09704952952304213,0.18883000755922186
43,approach3,Combined Detrending (Mixed),0.01535577342382947,-0.00045520188751821926,16.86699225650164,0.10249588794502851,0.2033354420590311
44,approach3,Combined Detrending (Mixed),0.013906303463874989,-0.0003956004030883234,17.57619981591653,0.09911122978349662,0.17943212288750865
45,approach3,Combined Detrending (Mixed),0.013153754965119498,-0.0004606610105039594,14.277043927300682,0.0960237204661496,0.18769864707881367
46,approach3,Combined Detrending (Mixed),0.018513981573408573,-0.0005876195894932303,15.753373359604328,0.09347243615733136,0.1844309196184174
47,approach3,Combined Detrending (Mixed),0.008792594189468345,-0.0003295825233712093,13.338987303591386,0.110609000672649,0.21264661404968888
48,approach3,Combined Detrending (Mixed),0.007142120025394801,-0.0002662835260149883,13.410743301094774,0.11541253973834531,0.2108920145819846
49,approach3,Combined Detrending (Mixed),0.015524077342548388,-0.0005122483812475131,15.152880819985757,0.09548561049929138,0.17707956533106828
50,approach3,Combined Detrending (Mixed),0.016691635906532717,-0.0004199138856405446,19.87507019572713,0.10079332940964669,0.21226468384283925
51,approach3,Combined Detrending (Mixed),0.011133749592525,-0.0003410174730296677,16.32430956339353,0.092061080434371,0.1986003303782241
52,approach3,Combined Detrending (Mixed),0.01660791988306478,-0.0004183901581024717,19.847407451440557,0.09909327330600981,0.1756966382693096
53,approach3,Combined Detrending (Mixed),0.016178113914087085,-0.00047058022532226216,17.18953862012371,0.10464239309131729,0.21246938386245362
54,approach3,Combined Detrending (Mixed),0.014683372119587408,-0.0005535044233688313,13.264006121413637,0.08346412570152562,0.18251870359435918
55,approach3,Combined Detrending (Mixed),0.016100952783176234,-0.00036350003043547743,22.147113390729427,0.09638746935964704,0.1754391405977519
56,approach3,Combined Detrending (Mixed),0.01052414402075039,-0.0002586804954960246,20.34197437377362,0.10052083020156533,0.20362925059879056
57,approach3,Combined Detrending (Mixed),0.008959655983030218,-0.00022255079280927061,20.12946318890173,0.10383864534152631,0.2021031309954605
58,approach3,Combined Detrending (Mixed),0.018162846738478195,-0.0005636579889751264,16.111584590065753,0.10143286166551713,0.19324773791212257
59,approach3,Combined Detrending (Mixed),0.010136789636549804,-0.00030928651600795585,16.387377256836267,0.10029795498670147,0.19209701419276948
60,approach3,Combined Detrending (Mixed),0.019353243635778818,-0.000582311474225003,16.61760457454149,0.09769779809308432,0.1875068930408741
61,approach3,Combined Detrending (Mixed),0.014000823630660693,-0.0004086354392672861,17.131191136732067,0.09734932765839421,0.18309963238618643
62,approach3,Combined Detrending (Mixed),0.015994273898921565,-0.0003751918320397305,21.314794903674596,0.09977964176930842,0.19184821820546805
63,approach3,Combined Detrending (Mixed),0.009212882052593258,-0.0003380777431205257,13.62538978099608,0.09689325408617633,0.18761463920622146
64,approach3,Combined Detrending (Mixed),0.01588953059620132,-0.0005218999853083615,15.222773561502482,0.11148057571933412,0.20000539048434707
65,approach3,Combined Detrending (Mixed),0.013880609959753569,-0.0005152509500540068,13.469756783853239,0.10128698146286441,0.19269905670078302
66,approach3,Combined Detrending (Mixed),0.01428991447102706,-0.00046444714082884657,15.383789902899883,0.09568008000561223,0.18574935817923144
67,approach3,Combined Detrending (Mixed),0.011799183705829051,-0.00039386507368571543,14.978712881818264,0.10598326397741153,0.2163260780229238
68,approach3,Combined Detrending (Mixed),0.01070138650601762,-0.00021825384120980744,24.515917902517867,0.1012926043234248,0.19174317529202556
69,approach3,Combined Detrending (Mixed),0.014155678121838992,-0.0003795350668237814,18.648709117057017,0.10025806351886446,0.18797071238317475
70,approach3,Combined Detrending (Mixed),0.009792483495344022,-0.00043426369809492323,11.274812444953135,0.10443779453339441,0.1984198183145086
71,approach3,Combined Detrending (Mixed),0.008222796644754858,-0.0002557279400650863,16.077235523545145,0.1147084579520733,0.2112142236882799
72,approach3,Combined Detrending (Mixed),0.012695575798768132,-0.00033957757271469807,18.69318944899011,0.12048643018501326,0.22882369973355154
73,approach3,Combined Detrending (Mixed),0.020920329282540128,-0.0006026845900380418,17.355951710346226,0.08386048506746768,0.17863693666483837
74,approach3,Combined Detrending (Mixed),0.009978107753938169,-0.0004133371074030491,12.070181427248942,0.08661155091514738,0.18476013517424228
75,approach3,Combined Detrending (Mixed),0.007372048154910597,-1.5018718339175358e-05,245.42867069026406,0.09887859834901802,0.18893932162773464
76,approach3,Combined Detrending (Mixed),0.0070773426621108465,-0.0002796498529091448,12.653935964003882,0.10115023437024484,0.20612839830461016
77,approach3,Combined Detrending (Mixed),0.01667307640201353,-0.00033961159320371783,24.547272142167557,0.09294424912548682,0.17531656985644806
78,approach3,Combined Detrending (Mixed),0.009499458187845112,-0.0003863527697200117,12.29376224574413,0.10344746953726236,0.18545460809613268
79,approach3,Combined Detrending (Mixed),0.018752861919889778,-0.0005560445058935437,16.862734656243564,0.11020097764707071,0.20494806870086535
80,approach3,Combined Detrending (Mixed),0.017198992950765327,-0.0006045183324524838,14.225369213362274,0.08959225690006678,0.19553741972511174
81,approach3,Combined Detrending (Mixed),0.018500763226810716,-0.0005637887550840523,16.407531242843373,0.08790224411356073,0.17050478377662048
82,approach3,Combined Detrending (Mixed),0.009475823163985906,-0.0002805934229945306,16.885326574761894,0.13015409009052048,0.22510091856299763
83,approach3,Combined Detrending (Mixed),0.01666666458188165,-0.0005059381063531609,16.47105087815602,0.08700033808495544,0.19891643366001044
84,approach3,Combined Detrending (Mixed),0.014977912432916286,-0.00044698193480041914,16.754494160489998,0.09867933327213985,0.1837307587867345
85,approach3,Combined Detrending (Mixed),0.012147612593632208,-0.0003167443960114053,19.175734040760737,0.11943459302739134,0.2132100610016513
86,approach3,Combined Detrending (Mixed),0.014186068395687224,-0.00037793814716276936,18.767711730323967,0.10937980672979042,0.2121097065947476
87,approach3,Combined Detrending (Mixed),0.020123437706699377,-0.0005588120859056227,18.005549820998333,0.10685134011409647,0.2037877408311467
88,approach3,Combined Detrending (Mixed),0.009953888377477746,-0.00038883634425074725,12.799585898609859,0.10171774963289881,0.199447717636844
89,approach3,Combined Detrending (Mixed),0.02377059591462431,-0.0005966408379975187,19.92035610100424,0.09658472189083334,0.179776059720957
90,approach3,Combined Detrending (Mixed),0.01279307588432114,-0.00038442496742404427,16.639236480977047,0.10693608639686125,0.19075871225402574
91,approach3,Combined Detrending (Mixed),0.009965511830961811,-0.00040034537926599467,12.446143189204385,0.09168415729389712,0.19321937141597956
92,approach3,Combined Detrending (Mixed),0.014679206376790899,-0.00028313489583615194,25.922637217571456,0.10771939652343199,0.20773679155835678
93,approach3,Combined Detrending (Mixed),0.014986073472464365,-0.0003774801704226915,19.85014663907165,0.12298688184303008,0.22939700603783608
94,approach3,Combined Detrending (Mixed),0.015004368367389342,-0.0005020771719895764,14.94229294266823,0.10841382598552207,0.20380733750127744
95,approach3,Combined Detrending (Mixed),0.01458632763355946,-0.00045553915512491636,16.009960361760392,0.10312557078229745,0.21099103386625018
96,approach3,Combined Detrending (Mixed),0.01866448332702713,-0.0005046709019530839,18.491737144736604,0.11832506298656398,0.21514198462367928
97,approach3,Combined Detrending (Mixed),0.015179354513059325,-0.0004944484548374859,15.349784557470645,0.10534056937232716,0.20392697430588902
98,approach3,Combined Detrending (Mixed),0.011562717459681016,-0.0003670747640243639,15.749812562589513,0.10870604303528308,0.18749584997108615
99,approach3,Combined Detrending (Mixed),0.006627034555255386,-0.00027800927542132687,11.918729231627298,0.1016733699440886,0.18500287487153189
0,approach4,Combined Linear Detrending,0.010277932374522986,-0.00032887160509087834,15.626056210725224,0.1177900450164927,0.20484794162880882
1,approach4,Combined Linear Detrending,0.011810013318696936,-0.0003737532507501924,15.799211505173586,0.10006691636259413,0.18290940379780252
2,approach4,Combined Linear Detrending,0.020690355629384496,-0.0005467336466472224,18.921787378795493,0.0989274242442546,0.17851665188583965
3,approach4,Combined Linear Detrending,0.019357128227799548,-0.00041310789883587754,23.42865905293412,0.10480060749939435,0.17008019110956574
4,approach4,Combined Linear Detrending,0.01885086447220107,-0.0005377662570001144,17.527005670975985,0.09627317761797283,0.16915801578247702
5,approach4,Combined Linear Detrending,0.01698007711340304,-0.0004710424887066464,18.023933637096814,0.11072002850881735,0.17727505580948
6,approach4,Combined Linear Detrending,0.017551560059220376,-0.0005152481148169388,17.032143888053067,0.09837538865108664,0.1573772193682097
7,approach4,Combined Linear Detrending,0.015426107941194001,-0.0004895843119027772,15.754291514407587,0.0896900856259234,0.1612231687787541
8,approach4,Combined Linear Detrending,0.01159854138727838,-0.00023096196507019928,25.109202252745565,0.10073656584384172,0.17950837818658072
9,approach4,Combined Linear Detrending,0.019930681336749176,-0.00044994300909955353,22.14800645156746,0.11155066286129667,0.17146100606686254
10,approach4,Combined Linear Detrending,0.014961834577376864,-0.00037384518194283795,20.010736128283945,0.09811716050500563,0.16344576872690264
11,approach4,Combined Linear Detrending,0.014619800718308458,-0.0004909627683313535,14.888909772116849,0.09697845722192733,0.17681404381154542
12,approach4,Combined Linear Detrending,0.014284575737020633,-0.00020111171756464642,35.51403147961511,0.09646672828045677,0.16840517785511178
13,approach4,Combined Linear Detrending,0.012581442929724292,-0.00031105850484509624,20.22359577660433,0.10161367682245492,0.19314322980171283
14,approach4,Combined Linear Detrending,0.01979542695759611,-0.0006550292108141909,15.110339074032066,0.09929555802210188,0.16348876798248912
15,approach4,Combined Linear Detrending,0.017839431927578694,-0.0005224917879280653,17.07149503566433,0.10417135455808091,0.1726084828545983
16,approach4,Combined Linear Detrending,0.017516943565838685,-0.00034628712989744835,25.29251313935095,0.10179804278292282,0.1828538919977002
17,approach4,Combined Linear Detrending,0.019059207574904393,-0.000574605007787665,16.584616664137553,0.09157650143339013,0.16001858445025796
18,approach4,Combined Linear Detrending,0.018644113946278674,-0.0005776496819890134,16.13790721920044,0.10068755379122041,0.18188538625634054
19,approach4,Combined Linear Detrending,0.013071068038934729,-0.00039363118561037063,16.603191663621022,0.10331016732879061,0.1845077398397127
20,approach4,Combined Linear Detrending,0.008741804522777414,-0.0002860139811289603,15.282127971981618,0.08837531431492096,0.15735778067154416
21,approach4,Combined Linear Detrending,0.01604092183479604,-0.000534622859702784,15.002091234663782,0.11111517268946047,0.18527859884155895
22,approach4,Combined Linear Detrending,0.012443160179721332,-0.00031796997986753225,19.56656440476741,0.09313730762120409,0.16413363378645263
23,approach4,Combined Linear Detrending,0.026318026966594864,-0.0006655152640825637,19.772669679391345,0.11532632999057668,0.1913392427941607
24,approach4,Combined Linear Detrending,0.011373389177366439,-0.0002645954582721833,21.492034012289988,0.09127494582820705,0.15360527953314185
25,approach4,Combined Linear Detrending,0.02053647188659629,-0.0005711807928509365,17.97720804308959,0.09915529893354025,0.15881403949696304
26,approach4,Combined Linear Detrending,0.01954377773123009,-0.000648321324846618,15.07260133380143,0.09434295080690946,0.1637636834758014
27,approach4,Combined Linear Detrending,0.025103785313106055,-0.000751429719705399,16.704014131187208,0.09907158800527371,0.1737549214012969
28,approach4,Combined Linear Detrending,0.019543247655001806,-0.0005506319929043825,17.746197012562163,0.10739214964700405,0.17487273247914437
29,approach4,Combined Linear Detrending,0.019795152680977136,-0.000552203390198695,17.923787713304694,0.09196646207233061,0.1558092172326585
30,approach4,Combined Linear Detrending,0.017337965910506344,-0.0005133884508152719,16.885816074527273,0.09359148042368015,0.168027489635852
31,approach4,Combined Linear Detrending,0.02146850306436366,-0.0005332473768353615,20.129965937921526,0.10288584537313983,0.17994106772779928
32,approach4,Combined Linear Detrending,0.01700461408958748,-0.0005334000498646052,15.939831739708142,0.10569731193474974,0.1701446894523858
33,approach4,Combined Linear Detrending,0.009684860643262948,-0.0003322567711679713,14.574361583690344,0.09508027948002473,0.16899497814711018
34,approach4,Combined Linear Detrending,0.014449931450709767,-0.0003486224807326686,20.724325379622165,0.0879620538486322,0.1615291761790496
35,approach4,Combined Linear Detrending,0.019915082224317947,-0.0005545356256377184,17.956539944043737,0.09451557797265864,0.162218654421186
36,approach4,Combined Linear Detrending,0.012788348680715026,-0.00025803377295620616,24.780377650187447,0.10866573153648973,0.16470432974844296
37,approach4,Combined Linear Detrending,0.02052071376291294,-0.0006005212508645949,17.08575153116433,0.10176874272892145,0.17277000394080255
38,approach4,Combined Linear Detrending,0.012574398406755796,-0.0004303159693609037,14.610657403013686,0.10476401745625696,0.18900822578773058
39,approach4,Combined Linear Detrending,0.0210355555304396,-0.0005293177052703866,19.87044389502727,0.11466885650090397,0.2038015768286403
40,approach4,Combined Linear Detrending,0.017034705420845238,-0.0005682174744509747,14.98960009748431,0.10884815646693602,0.18493875042686747
41,approach4,Combined Linear Detrending,0.018169223497569623,-0.0004921992575136463,18.457182960161088,0.11949397509520188,0.19968777718570063
42,approach4,Combined Linear Detrending,0.02015291229311252,-0.0005942118307094157,16.957683482212417,0.09526426669557753,0.16650030846182995
43,approach4,Combined Linear Detrending,0.01708783782503534,-0.0004954648036395835,17.244249944205485,0.101201845763769,0.17976635643829764
44,approach4,Combined Linear Detrending,0.015621671546568957,-0.0004109548405279298,19.006554986066963,0.0986097664607618,0.16249305265955205
45,approach4,Combined Linear Detrending,0.013787047165639667,-0.0004473028669862892,15.411310974295935,0.0950178636081963,0.16423257304135763
46,approach4,Combined Linear Detrending,0.020459654843347216,-0.0006232308863095208,16.414185571337484,0.09240601765016843,0.16007624011748844
47,approach4,Combined Linear Detrending,0.010365038921197571,-0.00029869508337019657,17.350534873637933,0.1052010772460934,0.18499161296122146
48,approach4,Combined Linear Detrending,0.009591735298679906,-0.00033890600306661894,14.15102596573725,0.11415563226465286,0.18623676974233838
49,approach4,Combined Linear Detrending,0.017310298428233183,-0.0005486761248920117,15.774605129428704,0.09534985080375646,0.16010726833347066
50,approach4,Combined Linear Detrending,0.019254027254745534,-0.00044502329841097785,21.632605892202626,0.10089727535941084,0.19088276262209458
51,approach4,Combined Linear Detrending,0.012007886905830935,-0.00035547305928124444,16.890009794427897,0.0895285246880122,0.17475495180927192
52,approach4,Combined Linear Detrending,0.018525966761203324,-0.0004897287465445942,18.914518385859516,0.1009725925383318,0.15606818751332452
53,approach4,Combined Linear Detrending,0.017209322679222986,-0.00045974524271256257,18.716150903145323,0.10132625049475974,0.18511246867463116
54,approach4,Combined Linear Detrending,0.015730758142214325,-0.0005854630305939722,13.43445898390453,0.08315581277804573,0.1634266323703525
55,approach4,Combined Linear Detrending,0.017504691019652675,-0.00040723946940296837,21.491889090852798,0.09540409093382973,0.15582564456943193
56,approach4,Combined Linear Detrending,0.013604866940191598,-0.0003254334951341093,20.902683871838562,0.10094071406505056,0.18032552694580029
57,approach4,Combined Linear Detrending,0.012507949233428831,-0.00033325435563742777,18.766370224185696,0.10139366474450018,0.17813132321248148
58,approach4,Combined Linear Detrending,0.020760252668233198,-0.0006499698569488683,15.970165728674983,0.09977696443341066,0.17442841075467985
59,approach4,Combined Linear Detrending,0.010543162834212798,-0.00031841029324154805,16.555939079228647,0.10105250348718464,0.17376735873463445
60,approach4,Combined Linear Detrending,0.02188740738744246,-0.000640074923347058,17.097535451779283,0.09519258369036177,0.1651322801819226
61,approach4,Combined Linear Detrending,0.01621992372174789,-0.0004773059958047923,16.99111666762037,0.09760622907304695,0.16566600285444189
62,approach4,Combined Linear Detrending,0.016962656359012684,-0.00040066930197655355,21.16790115356193,0.0989293210831691,0.16813301038889905
63,approach4,Combined Linear Detrending,0.010635111666450732,-0.0003593575056375809,14.797397437938102,0.09598295469754814,0.16467196218041602
64,approach4,Combined Linear Detrending,0.017312820304461258,-0.000522941918235595,16.553291771746547,0.11128378126340266,0.17964118612451307
65,approach4,Combined Linear Detrending,0.01697732479281537,-0.0006091497414845615,13.935263890484348,0.09929287245124896,0.1683312496287538
66,approach4,Combined Linear Detrending,0.015750066511164156,-0.0005029109048033283,15.65890335716968,0.09324834207725685,0.1637605524328255
67,approach4,Combined Linear Detrending,0.013787463533356624,-0.0004343958952593503,15.869698222084951,0.10312263935762334,0.19315027752399105
68,approach4,Combined Linear Detrending,0.012781320127270684,-0.000279397664165591,22.872990304771413,0.09875584342655197,0.16860121490876212
69,approach4,Combined Linear Detrending,0.016465510551890564,-0.00046175503251174444,17.82927027597883,0.09790172188578106,0.16572384768186887
70,approach4,Combined Linear Detrending,0.012432007241964886,-0.0004948256910218374,12.562006649545854,0.10305558185163388,0.1706999978646202
71,approach4,Combined Linear Detrending,0.009474793233368368,-0.00024439671155406287,19.38404402645257,0.1128864593640524,0.1903211870931637
72,approach4,Combined Linear Detrending,0.015864590931545016,-0.00043142880993199975,18.386105153762838,0.11776916370628376,0.20010742686665806
73,approach4,Combined Linear Detrending,0.023650782851877734,-0.0006756960672631305,17.501051136551613,0.08366154108654222,0.1556139998780659
74,approach4,Combined Linear Detrending,0.012057373445001686,-0.0005229419152615052,11.528406017112063,0.08870759345194001,0.16261274277689208
75,approach4,Combined Linear Detrending,0.008270657888535156,6.288471720982755e-07,-6576.047611805612,0.10009793688322444,0.1715119156916467
76,approach4,Combined Linear Detrending,0.010278286878832293,-0.0003559465099709062,14.437965524191265,0.10117545784643556,0.1842695495748664
77,approach4,Combined Linear Detrending,0.01697915689365123,-0.00032429943810805754,26.178208930466486,0.09380400118755872,0.15759743361299194
78,approach4,Combined Linear Detrending,0.012383070567765074,-0.0004639312901301767,13.345802310823277,0.10278563117357065,0.16654304806103537
79,approach4,Combined Linear Detrending,0.020841513937352146,-0.0005989790537519687,17.397531522014134,0.11031932834388158,0.18157203881808148
80,approach4,Combined Linear Detrending,0.01926903008207972,-0.0006502032587068858,14.817697253933847,0.08974527197863313,0.17429153445803924
81,approach4,Combined Linear Detrending,0.020454487844631417,-0.0006182854409085846,16.541298315688202,0.08602842046449188,0.15228885048917296
82,approach4,Combined Linear Detrending,0.012177547899683954,-0.0003379922714762588,18.01453602251868,0.1275833169915227,0.19955424697996305
83,approach4,Combined Linear Detrending,0.018973602133612637,-0.0005779035078603434,16.41589112675694,0.08501659425865238,0.17372894100661218
84,approach4,Combined Linear Detrending,0.016754044996788054,-0.00048452492732888036,17.289146596802368,0.09959526557992304,0.16596084967847635
85,approach4,Combined Linear Detrending,0.015631338633106583,-0.0003817340378309688,20.47412214263706,0.11635727408586694,0.18513940220969172
86,approach4,Combined Linear Detrending,0.016399879332279207,-0.00043904619021578384,18.676712949290074,0.11017785468191887,0.1898011515890271
87,approach4,Combined Linear Detrending,0.02173045715370602,-0.0005991784024116203,18.133545089612348,0.10549140493708575,0.17928255051315556
88,approach4,Combined Linear Detrending,0.012595784438490697,-0.0004413937173541223,14.268196332737247,0.10087913034360108,0.17336248558255907
89,approach4,Combined Linear Detrending,0.026768448995763205,-0.0006689521890664493,20.007744524402927,0.09651960288289163,0.1583363039875001
90,approach4,Combined Linear Detrending,0.015454850181472506,-0.00040009863964949796,19.31379996069414,0.10507331755516991,0.1676182505633621
91,approach4,Combined Linear Detrending,0.013692004166078403,-0.0004624314854861867,14.804359776327772,0.09084671872832151,0.1676903670767853
92,approach4,Combined Linear Detrending,0.016549352693529435,-0.0003184789072629128,25.98186617091647,0.10525580600772033,0.18055737065051414
93,approach4,Combined Linear Detrending,0.01616174668377779,-0.0003528210917418784,22.903600524542362,0.12227099558412058,0.2084886772397112
94,approach4,Combined Linear Detrending,0.018127890586547377,-0.0005838117382856099,15.525459148681016,0.10544316307625423,0.17878803950347322
95,approach4,Combined Linear Detrending,0.018580949840843332,-0.0005783024793438053,16.065078833767902,0.10309114189307211,0.1829542832656602
96,approach4,Combined Linear Detrending,0.02072300676399872,-0.0005501487371436531,18.83400375650376,0.117647284276307,0.19649442161857944
97,approach4,Combined Linear Detrending,0.015631304419846996,-0.0005143322585904178,15.195726263297432,0.10620500683188594,0.18306264567563102
98,approach4,Combined Linear Detrending,0.013088635151979323,-0.0003854976669422351,16.976283223447613,0.1080865269332758,0.16774637208143828
99,approach4,Combined Linear Detrending,0.00796273730006302,-0.0002713395368102921,14.67301336485695,0.09914919712856218,0.1628051139579625
0,approach5,Combined Quadratic Detrending,0.009269923109599048,-0.0003179131824731738,14.579331120346454,0.1178771213065708,0.23189723899615988
1,approach5,Combined Quadratic Detrending,0.01100846530279508,-0.00037515391462162706,14.6719318041743,0.10212590737700955,0.20408607940611778
2,approach5,Combined Quadratic Detrending,0.01896974351516109,-0.0005070889510456671,18.70455220533165,0.09954643597914536,0.19982113902159415
3,approach5,Combined Quadratic Detrending,0.017005869126626234,-0.0003947061320359188,21.542443537561606,0.10651080310512084,0.19313040649225366
4,approach5,Combined Quadratic Detrending,0.01707832447503745,-0.0004909423291537317,17.393412078030057,0.0949409119701391,0.1877928014574043
5,approach5,Combined Quadratic Detrending,0.014507252483295072,-0.00042558712777042857,17.043810229054454,0.10927346458888354,0.1989615921659469
6,approach5,Combined Quadratic Detrending,0.015199272586256727,-0.0004860662210527303,15.634981333755192,0.09923679121896112,0.18008488128746558
7,approach5,Combined Quadratic Detrending,0.013517504275971114,-0.0004535206886376314,14.902852961986664,0.08800153657485499,0.18196858465794719
8,approach5,Combined Quadratic Detrending,0.01069434450460874,-0.00024164651303412198,22.12807536581054,0.10185627955537935,0.2033740452326258
9,approach5,Combined Quadratic Detrending,0.01790536708584085,-0.0003885063383391519,23.04385452549569,0.1104911829174795,0.18837553478070168
10,approach5,Combined Quadratic Detrending,0.01139231458582092,-0.00028682859328149797,19.859098522022748,0.09754344839521745,0.18245011846582293
11,approach5,Combined Quadratic Detrending,0.012467079913795535,-0.00043973618509921426,14.175635683680074,0.09803799683164172,0.1970319534670124
12,approach5,Combined Quadratic Detrending,0.012961584327603764,-0.00016312588869293223,39.72877766815609,0.09702451109001364,0.18471070862053884
13,approach5,Combined Quadratic Detrending,0.011736417463463704,-0.0003082474306326388,19.037332183720387,0.1024134515143118,0.21560677078247537
14,approach5,Combined Quadratic Detrending,0.017481553009498503,-0.0005853600001402978,14.932309181792883,0.10012405897958465,0.18420437966028713
15,approach5,Combined Quadratic Detrending,0.014785882816933455,-0.000441536931315778,16.743653552231287,0.10569978420781911,0.19512713439803153
16,approach5,Combined Quadratic Detrending,0.015276965523435083,-0.00033869824241565994,22.55247239323841,0.10644718519389562,0.20896423770516093
17,approach5,Combined Quadratic Detrending,0.015238712550991592,-0.000468213047391287,16.27326773132035,0.09180370154740103,0.17653713612617083
18,approach5,Combined Quadratic Detrending,0.015903977401238875,-0.000542115892390593,14.668429411934767,0.1017125407850844,0.20360289543728693
19,approach5,Combined Quadratic Detrending,0.011549035130461884,-0.0003778698362163348,15.281763749792837,0.1015725133028279,0.20631761159115602
20,approach5,Combined Quadratic Detrending,0.008356473805702676,-0.00030072753909905786,13.89376215882594,0.09005368929874336,0.17626568363182815
21,approach5,Combined Quadratic Detrending,0.01304014080685881,-0.0004609986205348395,14.143362068773603,0.11050762857739227,0.20912718633864968
22,approach5,Combined Quadratic Detrending,0.01199900121173981,-0.0003391884494881631,17.687809283963468,0.09164581967636498,0.18850338524585253
23,approach5,Combined Quadratic Detrending,0.025384951627409388,-0.000674182880249026,18.826458199318882,0.11627964021389281,0.21677405262281124
24,approach5,Combined Quadratic Detrending,0.010187580604150143,-0.00023794023962334142,21.407855645344075,0.09038610399176128,0.17066996853504168
25,approach5,Combined Quadratic Detrending,0.017696106116934555,-0.00046488263794935525,19.03287482943425,0.100295489062465,0.17932635482776138
26,approach5,Combined Quadratic Detrending,0.01730535220660336,-0.0005875232440312944,14.727376646294518,0.09344799650783553,0.18163710228453622
27,approach5,Combined Quadratic Detrending,0.02120522794343425,-0.0006827836212052327,15.528512463438496,0.10272456541294828,0.20471290775907536
28,approach5,Combined Quadratic Detrending,0.01701903953816182,-0.0004798754577951228,17.73276718125883,0.10837481318111686,0.19915234063848974
29,approach5,Combined Quadratic Detrending,0.01810653371165289,-0.0004919552794764672,18.402621607111975,0.09314090894369942,0.17720144545489913
30,approach5,Combined Quadratic Detrending,0.01589894520558121,-0.000496707068092297,16.004347659722555,0.0955173885324564,0.19577543530790487
31,approach5,Combined Quadratic Detrending,0.018950996947357683,-0.0004767093166614541,19.876889631691594,0.10443131888766455,0.2003237707498331
32,approach5,Combined Quadratic Detrending,0.01511490004537018,-0.00048702156933943917,15.517690587986625,0.10711010803428689,0.19509091804158596
33,approach5,Combined Quadratic Detrending,0.008882711676402352,-0.0003206215866355657,13.852329423001203,0.09720126185971378,0.19581556868389172
34,approach5,Combined Quadratic Detrending,0.013122670699212469,-0.00030396333248573537,21.585943593752873,0.08775008786148508,0.18095596684336046
35,approach5,Combined Quadratic Detrending,0.01681482015079128,-0.00046776354065531094,17.973632711128623,0.09599601341416197,0.18888449847530897
36,approach5,Combined Quadratic Detrending,0.01096165620204605,-0.0002286057615658445,23.97502172946941,0.10839371322011992,0.18218630076821163
37,approach5,Combined Quadratic Detrending,0.018544840338957532,-0.0005592140800422358,16.5811636373291,0.10488729368143401,0.1932946437013906
38,approach5,Combined Quadratic Detrending,0.0095538361963935,-0.0003533374949109145,13.519420290793464,0.10625842345500303,0.2129545528070338
39,approach5,Combined Quadratic Detrending,0.018671412284317693,-0.00047141378421128175,19.803634205941464,0.11482067575226651,0.22386612996446453
40,approach5,Combined Quadratic Detrending,0.015071320894840442,-0.0005079414721135877,14.835686513376622,0.11051860674424063,0.21161279852308312
41,approach5,Combined Quadratic Detrending,0.016881271270252636,-0.0005111895425682587,16.511753336580135,0.12362635293208524,0.2270492573814622
42,approach5,Combined Quadratic Detrending,0.019012747965816264,-0.0005592330319872427,16.998949345189953,0.09704802701039494,0.18882865776960156
43,approach5,Combined Quadratic Detrending,0.015950313555465934,-0.0004846394228452334,16.455856461103007,0.10255582248845219,0.20338864262480083
44,approach5,Combined Quadratic Detrending,0.014134273133065109,-0.00040671803339191985,17.376009879853424,0.09907922198922436,0.17940296882469275
45,approach5,Combined Quadratic Detrending,0.013482113168559254,-0.00048092696756453436,14.016798888232572,0.09606074593349734,0.18773191768325326
46,approach5,Combined Quadratic Detrending,0.01884090768322576,-0.0006164117733451416,15.282728606058235,0.09346871107457166,0.18442756830022056
47,approach5,Combined Quadratic Detrending,0.008741294581260264,-0.0003446648057619193,12.680863312888409,0.11062386424637194,0.21265977236263212
48,approach5,Combined Quadratic Detrending,0.0071636257403279256,-0.0002764400634192961,12.956923920000609,0.11540862444241773,0.21088852189028306
49,approach5,Combined Quadratic Detrending,0.015608845440899435,-0.0005264938402156787,14.82338846975423,0.09544085950982217,0.17703885121514784
50,approach5,Combined Quadratic Detrending,0.017252154955005195,-0.0004361380256000705,19.778320098629813,0.10080873367325238,0.21227817849635833
51,approach5,Combined Quadratic Detrending,0.011378597520701427,-0.0003569315093806447,15.93946908812536,0.09206761672947439,0.1986060996922424
52,approach5,Combined Quadratic Detrending,0.01694976998897675,-0.00043313068030355426,19.56657743235565,0.09904702079512084,0.17565431857173752
53,approach5,Combined Quadratic Detrending,0.016704618372690924,-0.0004951437561318132,16.868453015737874,0.10470120154400087,0.21252111007399022
54,approach5,Combined Quadratic Detrending,0.014828412002568146,-0.0005771524159317032,12.84618377506961,0.08350533464922583,0.1825554588866879
55,approach5,Combined Quadratic Detrending,0.016140205913318148,-0.0003620195373459655,22.29189898374696,0.09626874861409151,0.17533080602218465
56,approach5,Combined Quadratic Detrending,0.010405630765552561,-0.0002574913735441345,20.205785192584358,0.10043900585349352,0.20355680587791092
57,approach5,Combined Quadratic Detrending,0.008992275140862717,-0.0002240832083900542,20.06458941182724,0.10379572850573549,0.20206492000954035
58,approach5,Combined Quadratic Detrending,0.018368955184707624,-0.0005840751612926072,15.724821394609206,0.101385000990867,0.19320476760318106
59,approach5,Combined Quadratic Detrending,0.010181132511138575,-0.0003196197300767265,15.926946231846415,0.1002578253064711,0.19206097905351727
60,approach5,Combined Quadratic Detrending,0.01976321023616944,-0.0006062852805854349,16.298606340142296,0.09767031060435605,0.18748214147197384
61,approach5,Combined Quadratic Detrending,0.014169175729092234,-0.00042331137667346965,16.73611496156638,0.09729921365660443,0.18305427913078087
62,approach5,Combined Quadratic Detrending,0.016067761255834784,-0.0003785165686047151,21.224647199809038,0.09967340223819576,0.19175284415001514
63,approach5,Combined Quadratic Detrending,0.009189375790372534,-0.0003495648527152005,13.144021372565387,0.0968773080958768,0.18760029506679243
64,approach5,Combined Quadratic Detrending,0.016327689371674888,-0.000546372172244614,14.94191157704577,0.11151398392588163,0.2000354701701943
65,approach5,Combined Quadratic Detrending,0.014152438717570198,-0.0005455748473399399,12.970208200188539,0.10134236958978782,0.19274881105638997
66,approach5,Combined Quadratic Detrending,0.01464501387862465,-0.0004894218199655432,14.961545727217171,0.09573123601080202,0.18579541910207276
67,approach5,Combined Quadratic Detrending,0.012077763003948373,-0.00041093085617720443,14.695614630043888,0.1060088460159403,0.21634850263273053
68,approach5,Combined Quadratic Detrending,0.010872134642743617,-0.00021765602616698909,24.975496507508474,0.1012770579496578,0.1917291935859029
69,approach5,Combined Quadratic Detrending,0.014439810856461746,-0.0003960288003124948,18.230758526990602,0.10023776658764838,0.187952394127764
70,approach5,Combined Quadratic Detrending,0.010185384747186573,-0.0004686618685157845,10.866453440561411,0.10462339869439907,0.19858594481715852
71,approach5,Combined Quadratic Detrending,0.008288972233096754,-0.0002652425689758228,15.625267590158774,0.11468694568305415,0.2111950564749805
72,approach5,Combined Quadratic Detrending,0.012831755736392905,-0.0003504776607401803,18.30609647030467,0.12042396989137116,0.2287689332128091
73,approach5,Combined Quadratic Detrending,0.021464344772817747,-0.0006255413196803668,17.15661627579246,0.08386004480467513,0.17863654194810574
74,approach5,Combined Quadratic Detrending,0.010131549281054752,-0.0004388794108773654,11.542520598996356,0.0867243998086199,0.18486085783693018
75,approach5,Combined Quadratic Detrending,0.007231730207562271,3.2559487957027185e-06,-1110.5411450430188,0.09892059312542623,0.18897711932267258
76,approach5,Combined Quadratic Detrending,0.007164852974340019,-0.0002912737636057284,12.299173268551657,0.1011611084561258,0.20613800238785673
77,approach5,Combined Quadratic Detrending,0.01645963899429698,-0.0003322189769961512,24.772273912708584,0.0928251885304594,0.17520832149375654
78,approach5,Combined Quadratic Detrending,0.009948409234118247,-0.0004164123223183173,11.945382858427282,0.10356333130501305,0.1855598720553684
79,approach5,Combined Quadratic Detrending,0.019290144122197317,-0.0005815969827556717,16.58377252130715,0.11020093546711163,0.20494803101228953
80,approach5,Combined Quadratic Detrending,0.017687224553920907,-0.0006356367600152253,13.912996908405082,0.0896789879386738,0.1956140577761789
81,approach5,Combined Quadratic Detrending,0.018764633294666964,-0.0005817828368520147,16.126836429380635,0.08787445012146566,0.17047950689885838
82,approach5,Combined Quadratic Detrending,0.009726769082026116,-0.0002952489359862927,16.4721492552266,0.13015520296797456,0.22510190996585078
83,approach5,Combined Quadratic Detrending,0.017088301780504012,-0.0005308407767846532,16.09550596697684,0.08701782875144048,0.19893178030916048
84,approach5,Combined Quadratic Detrending,0.01518803362346629,-0.0004630471614361928,16.40009364959597,0.09864743060260528,0.18370186655246667
85,approach5,Combined Quadratic Detrending,0.012166015893280572,-0.0003224338082016514,18.86591229551198,0.11934324259464735,0.2131284388974476
86,approach5,Combined Quadratic Detrending,0.014265970011232133,-0.0003852553047759019,18.514955971249332,0.10927759961314087,0.21201928870872433
87,approach5,Combined Quadratic Detrending,0.020476334689131178,-0.000572987460716111,17.868047813420006,0.10677344770172126,0.20371830234188415
88,approach5,Combined Quadratic Detrending,0.010376732777953718,-0.00041642549142532556,12.459291027593707,0.10179938676197153,0.19952047293171704
89,approach5,Combined Quadratic Detrending,0.02443209162180531,-0.0006162162997865948,19.824282180028767,0.09655987180093539,0.17975349796099305
90,approach5,Combined Quadratic Detrending,0.013108153440727256,-0.00040031002726806104,16.372501995746408,0.10692610645752665,0.1907496690278515
91,approach5,Combined Quadratic Detrending,0.010446485132190127,-0.00042795784504762397,12.205039880770993,0.09179019682704048,0.1933135574217517
92,approach5,Combined Quadratic Detrending,0.014271589983491255,-0.00027341024075598814,26.099223540475016,0.10751129552235672,0.20755201698615444
93,approach5,Combined Quadratic Detrending,0.01516152318910353,-0.00038339130139398476,19.772909732142146,0.12290664121339745,0.22932650119799725
94,approach5,Combined Quadratic Detrending,0.015319596586878847,-0.0005300398653975461,14.451362611554398,0.10845608344476709,0.20384507370666882
95,approach5,Combined Quadratic Detrending,0.015329371903365988,-0.0004857793651941539,15.778121717087778,0.10320294374658301,0.21105910132426775
96,approach5,Combined Quadratic Detrending,0.018987647131551,-0.0005202039653055984,18.250194537056768,0.11825107044488081,0.21507611721951447
97,approach5,Combined Quadratic Detrending,0.015393173202296545,-0.000514303939165392,14.965054737162285,0.10532683062424819,0.2039147494900786
98,approach5,Combined Quadratic Detrending,0.011891559824951135,-0.00038712331549891233,15.358878358470436,0.1087161640728922,0.1875050763155438
99,approach5,Combined Quadratic Detrending,0.006888538486328801,-0.0002986860795419428,11.53140196036736,0.10173585060645174,0.18505955977710886
0,approach6,Precomputed k Linear,0.008401127006216758,-0.00027370837660761597,15.346857685434452,0.0019437973086415816,0.20481854984117698
1,approach6,Precomputed k Linear,0.010223283586264202,-0.0003256651947016396,15.69600275465472,0.002707379378716457,0.18253804160753906
2,approach6,Precomputed k Linear,0.017519027231310536,-0.0004575385653614246,19.144864015420957,0.004547848663272069,0.17770041233805678
3,approach6,Precomputed k Linear,0.017086778927513837,-0.00036992228447742237,23.09509273231781,0.0036005028046955934,0.1699511499708467
4,approach6,Precomputed k Linear,0.016283666461621913,-0.00045518896566718286,17.886710454145675,0.0028635055334116366,0.16896140958526085
5,approach6,Precomputed k Linear,0.014716817948626467,-0.0004072337214289047,18.069252586681657,0.0031120558744315296,0.17693214173944283
6,approach6,Precomputed k Linear,0.014916289358025143,-0.00044568297905732174,16.734192305902127,0.003132940010942664,0.1572627457534166
7,approach6,Precomputed k Linear,0.012727068619089345,-0.00040270849247195844,15.801837876532442,0.0022142352118950104,0.1610364837961452
8,approach6,Precomputed k Linear,0.009562738012392966,-0.00018943161222599532,25.240607678998288,0.001308992124929631,0.17955376841486592
9,approach6,Precomputed k Linear,0.016618822209129646,-0.00037820460806370175,21.970676526408827,0.004117948528141735,0.17114869294785295
10,approach6,Precomputed k Linear,0.012228855718084873,-0.00030590685344446684,19.987874708248164,0.0015696429789812116,0.1634262377405471
11,approach6,Precomputed k Linear,0.01240093570736068,-0.0004133572186115174,15.000265084296695,0.0025488059527950524,0.1766419510831575
12,approach6,Precomputed k Linear,0.012461839594816242,-0.00018712297774607176,33.29852844616206,0.0026154940180193043,0.1681985603649797
13,approach6,Precomputed k Linear,0.010501467674988739,-0.00025802826305391794,20.349452324907404,0.0019518033779200028,0.1930245793233034
14,approach6,Precomputed k Linear,0.016763737213515952,-0.0005424876301368797,15.450801347568193,0.004054963297628,0.1632644903028284
15,approach6,Precomputed k Linear,0.014813910188173018,-0.00043916402693828285,16.8660332808348,0.0027820700022088696,0.1725398703113511
16,approach6,Precomputed k Linear,0.01525727037299425,-0.00030691106116602026,24.856175458500324,0.0023058233448887133,0.18296133986684204
17,approach6,Precomputed k Linear,0.01591438868817232,-0.00047321867362197875,16.815047223691355,0.0022038226175564724,0.15976008596546287
18,approach6,Precomputed k Linear,0.01624398394384195,-0.0005034170176163126,16.133725495373064,0.0039471671811349696,0.1814323255857384
19,approach6,Precomputed k Linear,0.01091349087422468,-0.00033572504721585665,16.253614326261125,0.0021883479719041476,0.18437241538196902
20,approach6,Precomputed k Linear,0.0074476479944818935,-0.00023867804808114901,15.60187049952273,0.0007896708978035738,0.15744186259554982
21,approach6,Precomputed k Linear,0.013218494622522422,-0.00043551268855144924,15.175785884090098,0.003196243202285509,0.18499417650288374
22,approach6,Precomputed k Linear,0.010215092700566355,-0.0002558533387826243,19.96278952068944,0.0013330868413602426,0.164505099270428
23,approach6,Precomputed k Linear,0.023166800627726112,-0.0005787746522209711,20.013662086639922,0.004889345552712698,0.19095331552977668
24,approach6,Precomputed k Linear,0.009366619534716533,-0.00022258280264185872,21.040752977191275,0.0010787529720026612,0.15358711441522976
25,approach6,Precomputed k Linear,0.017923370986799435,-0.0004973726638286006,18.018049935466497,0.004615524622292866,0.1583988488056275
26,approach6,Precomputed k Linear,0.01639962211585386,-0.0005381694410395209,15.236485821432531,0.0038345801242105626,0.16312584956018894
27,approach6,Precomputed k Linear,0.0210734652447323,-0.0006171707775007073,17.07263695315528,0.004877917093019435,0.17305392782495588
28,approach6,Precomputed k Linear,0.01677657712265079,-0.00047099293321427397,17.809797068673255,0.004151435239139967,0.1746503961396798
29,approach6,Precomputed k Linear,0.017176651865413235,-0.00048243027364638105,17.802211846684017,0.0037882075172438467,0.15516466633388737
30,approach6,Precomputed k Linear,0.0138437688111743,-0.00040955735323929205,16.900891537754667,0.0028345357642681757,0.16768593003292565
31,approach6,Precomputed k Linear,0.018037239938973177,-0.00045628766398184215,19.765206647895443,0.004384095369976415,0.17920652886642252
32,approach6,Precomputed k Linear,0.014219762230483317,-0.0004397589807664392,16.16767690076532,0.0030543066854848977,0.16963248347396165
33,approach6,Precomputed k Linear,0.007973636978459785,-0.0002660750518234435,14.983811755020842,0.0010249722378128379,0.16893861706296498
34,approach6,Precomputed k Linear,0.01229327982245764,-0.0003023404014879656,20.330196960043004,0.0019235728086299808,0.16136825585090875
35,approach6,Precomputed k Linear,0.016715546942187503,-0.0004617905315716348,18.098624592083606,0.0029152929403409855,0.16202408141318025
36,approach6,Precomputed k Linear,0.010941559870572716,-0.00022395798624661158,24.427706405889015,0.0014417278512609544,0.1649172799447738
37,approach6,Precomputed k Linear,0.017724420728776506,-0.0005016438874884734,17.666337785471143,0.0038592859723007855,0.1722547341930365
38,approach6,Precomputed k Linear,0.01055432607516723,-0.0003618587991211934,14.583486847355044,0.002153201816884609,0.18902172586830113
39,approach6,Precomputed k Linear,0.018330471821543487,-0.00046232977840686613,19.8240224593667,0.003769690364816669,0.2032368734210922
40,approach6,Precomputed k Linear,0.014587530885700115,-0.00047900949027781755,15.226766047202519,0.004238189258759406,0.1844420571915577
41,approach6,Precomputed k Linear,0.015404253001339283,-0.00041984046889166393,18.345364659587176,0.005248169230054112,0.19783681654964158
42,approach6,Precomputed k Linear,0.01727697913763913,-0.0004991885809247018,17.305062453186615,0.00354346043287046,0.16613759725810306
43,approach6,Precomputed k Linear,0.014079532991940038,-0.00040343186356081134,17.449703733946336,0.0028597578060215456,0.1793068904869327
44,approach6,Precomputed k Linear,0.012948820024837314,-0.0003435233941040224,18.847071621731065,0.0022213235492771766,0.16238175795961796
45,approach6,Precomputed k Linear,0.011693711266386981,-0.0003786050076316256,15.443154515490068,0.0026120686980929397,0.16414721518306286
46,approach6,Precomputed k Linear,0.017117130190835866,-0.0005109210059773448,16.751249205434775,0.003967921627438864,0.1593632559917918
47,approach6,Precomputed k Linear,0.008247086059718023,-0.00023486761230036402,17.55688231966848,0.0010389513538060502,0.18482444943156995
48,approach6,Precomputed k Linear,0.00809566606720733,-0.0002878777592750236,14.060943936056463,0.001316233469893735,0.18661763365104367
49,approach6,Precomputed k Linear,0.015339037923844783,-0.0004774457211479441,16.06364581817222,0.0023958665341904384,0.1602892099418567
50,approach6,Precomputed k Linear,0.016782417329949416,-0.0003936674792289956,21.31547335687731,0.0036521477816577885,0.19035952836960046
51,approach6,Precomputed k Linear,0.010291721865495486,-0.0002956493757216556,17.40528259255452,0.0017018510265323084,0.17439424805784853
52,approach6,Precomputed k Linear,0.0160631848484553,-0.00043261268079977785,18.565319004009588,0.0036811885383889464,0.1553684395707533
53,approach6,Precomputed k Linear,0.013955425648235301,-0.0003620807355629993,19.2711518144372,0.003077556358912159,0.18436440634071516
54,approach6,Precomputed k Linear,0.013254802708583329,-0.0004816154968744102,13.76077264394978,0.0029703385653281345,0.16277864806101883
55,approach6,Precomputed k Linear,0.01471612368936111,-0.00034590196597551173,21.272101833620315,0.0036196149201546124,0.1551986511603587
56,approach6,Precomputed k Linear,0.011422712266429333,-0.000282595470403384,20.21035979473461,0.0015502373246266687,0.18008157431806415
57,approach6,Precomputed k Linear,0.010831362922693977,-0.0002884326224118226,18.776244573384307,0.0015499877381458527,0.17823054111909253
58,approach6,Precomputed k Linear,0.0173456782950491,-0.0005376892665001571,16.129834995547593,0.004246895209550683,0.17381208633109202
59,approach6,Precomputed k Linear,0.008707925445374829,-0.00025837567052043484,16.851287560927922,0.0012783713408407449,0.17414214994175992
60,approach6,Precomputed k Linear,0.01881278095135809,-0.0005427338255509439,17.331498485708646,0.004035210037729109,0.16476071811696913
61,approach6,Precomputed k Linear,0.014041460202037979,-0.000407400921396705,17.232975509602692,0.0027301251116269576,0.16532583062483241
62,approach6,Precomputed k Linear,0.01422107339309926,-0.000336408408088328,21.13662002967142,0.0029004204279916568,0.1680472179234297
63,approach6,Precomputed k Linear,0.008500048405139288,-0.00029243535575184244,14.533209199834817,0.0014174443242307433,0.1646800062951682
64,approach6,Precomputed k Linear,0.013901289089437026,-0.00042750699080511316,16.258551776261108,0.0037411908383431225,0.17874820231375887
65,approach6,Precomputed k Linear,0.013668193793052839,-0.000484785144039288,14.097166508824722,0.0031859959494133783,0.1680592549470119
66,approach6,Precomputed k Linear,0.013490205822451074,-0.00042187567621215956,15.988366458542759,0.002747393268185294,0.16366155143627736
67,approach6,Precomputed k Linear,0.011928788454407965,-0.00036403624712845657,16.384066900621963,0.002572697979252192,0.19309045538566916
68,approach6,Precomputed k Linear,0.011045113179678425,-0.00024489176132304997,22.551010127915696,0.0023577307897476585,0.16826241186198687
69,approach6,Precomputed k Linear,0.014901999353961472,-0.00041361133861418507,18.014495690436082,0.0030026077722122846,0.16539067731460033
70,approach6,Precomputed k Linear,0.010254831367934059,-0.00039821544073193017,12.875984101828669,0.002644584134802175,0.1706581265559547
71,approach6,Precomputed k Linear,0.007745344108828689,-0.0002055650182577713,18.839158954361338,0.0011507572620611528,0.1902724927762104
72,approach6,Precomputed k Linear,0.013134632879934553,-0.0003591001036208923,18.28826105519729,0.0024154169838604966,0.19999721517426594
73,approach6,Precomputed k Linear,0.020412763536929404,-0.0005679004907439936,17.972130566560264,0.004251487157926226,0.15516197392713127
74,approach6,Precomputed k Linear,0.009612557896655676,-0.00041246344610424974,11.652617931900457,0.0029850441732475197,0.16231991809857949
75,approach6,Precomputed k Linear,0.006924549159121817,-1.4590559065172265e-05,237.29553912881752,0.0017856957935419304,0.17125197513413848
76,approach6,Precomputed k Linear,0.008897563406367097,-0.0002983047253224289,14.913547542282442,0.0013938836877586125,0.18437163043740945
77,approach6,Precomputed k Linear,0.014839962586055336,-0.0002875981594876815,25.79982189818389,0.0024302440092180966,0.15759280064250647
78,approach6,Precomputed k Linear,0.01022152856960169,-0.00037917705022723157,13.478569659577467,0.0022767275858727176,0.1665118541191709
79,approach6,Precomputed k Linear,0.01806967662318233,-0.0005196968305876455,17.384824728245988,0.004782839680011253,0.18088058193202383
80,approach6,Precomputed k Linear,0.015501148640018201,-0.0005253040608143661,14.754453464520289,0.003667404161218135,0.1735835234344666
81,approach6,Precomputed k Linear,0.018153224544210755,-0.0005412659834227433,16.769227237796503,0.002944615983216825,0.1521850495131566
82,approach6,Precomputed k Linear,0.009959905680451357,-0.0002806989322686962,17.74126036025912,0.0018108985279415846,0.1994241290709049
83,approach6,Precomputed k Linear,0.016416561032711958,-0.0004973804799455,16.503021021764653,0.004039090113413413,0.17274886456333483
84,approach6,Precomputed k Linear,0.014343701758805177,-0.0004062608302902062,17.653316157207396,0.0025721610884008594,0.16587032329115514
85,approach6,Precomputed k Linear,0.014125217620382595,-0.0003483019459070897,20.277259122965862,0.0027439751309763505,0.1851944761013532
86,approach6,Precomputed k Linear,0.013996086065212545,-0.00037502143271942004,18.660381573023326,0.0031031291733015776,0.1895109267630828
87,approach6,Precomputed k Linear,0.0186493530073055,-0.0005032490304198951,18.528950757982653,0.004246325033450793,0.1791536863931763
88,approach6,Precomputed k Linear,0.010299021986106618,-0.00036769725058539445,14.004757949250372,0.0021409250224376786,0.1733718653264683
89,approach6,Precomputed k Linear,0.02402105347420069,-0.0005891703910506851,20.385489358488663,0.0035713892041854267,0.1582286122448534
90,approach6,Precomputed k Linear,0.012331413260111798,-0.00031844812026760223,19.361730334205323,0.0015864621394524603,0.16781263378722333
91,approach6,Precomputed k Linear,0.011332107968943735,-0.0003812761571215367,14.860761363228228,0.001731381439909918,0.1673995261124307
92,approach6,Precomputed k Linear,0.014885802208925637,-0.0002973527582872226,25.030543342979456,0.0027686222998359877,0.18030572525116528
93,approach6,Precomputed k Linear,0.014301906766554906,-0.00032428135002275394,22.051694871677604,0.0036144125415171757,0.2079990635535931
94,approach6,Precomputed k Linear,0.015069337568726963,-0.00048707726926619727,15.46914475338745,0.00392211946313048,0.17786362074545803
95,approach6,Precomputed k Linear,0.015487939934040311,-0.0004781813688945561,16.194629215526337,0.002660686455862482,0.18252808672065812
96,approach6,Precomputed k Linear,0.01787042801302059,-0.00047265517099663937,18.904297582674335,0.005132853631572787,0.19510590415876516
97,approach6,Precomputed k Linear,0.013361181494899411,-0.0004377717407072325,15.26044311735843,0.002909099886004851,0.18306016541297987
98,approach6,Precomputed k Linear,0.010595262276640911,-0.00031750105855002863,16.6853967747818,0.0017410391638343903,0.1677576473204122
99,approach6,Precomputed k Linear,0.006426624680464948,-0.00021581897664356767,14.8889239964258,0.0006689875090308828,0.1628183007705628
0,approach7,Precomputed k Quadratic,0.007763477408680435,-0.0002617932340132333,14.827498193264999,0.0016692756569955947,0.2334258796805343
1,approach7,Precomputed k Quadratic,0.009717629299529256,-0.0003180510498121246,15.276838899399232,0.002471664029212395,0.20619529830529937
2,approach7,Precomputed k Quadratic,0.016336964089221768,-0.0004228990116980101,19.315443684328006,0.003857387746721508,0.20145209947509113
3,approach7,Precomputed k Quadratic,0.015277213037769301,-0.0003453250975431183,22.120044483389663,0.002754319037304498,0.19621973006438542
4,approach7,Precomputed k Quadratic,0.015278743461297229,-0.0004188401462957144,18.239349303576493,0.0024031890364137887,0.1894027219413672
5,approach7,Precomputed k Quadratic,0.012688470326434689,-0.0003621282981558289,17.519302400629655,0.002265776059337865,0.20108890360128684
6,approach7,Precomputed k Quadratic,0.012944663945854707,-0.00040776676499444507,15.872632417738913,0.0023840457876906918,0.18262094790847228
7,approach7,Precomputed k Quadratic,0.011197249323430749,-0.0003687976110085512,15.180750890454009,0.0017645049726841,0.1835929183652093
8,approach7,Precomputed k Quadratic,0.009008211034955816,-0.0001942606675273224,23.18588510380988,0.001080482916457015,0.2055245422067441
9,approach7,Precomputed k Quadratic,0.01547802151127818,-0.0003311065076896923,23.373176231534433,0.003614436692799705,0.19063273647599221
10,approach7,Precomputed k Quadratic,0.009502527491496918,-0.0002339305305803322,20.31057568228302,0.0009139554167851838,0.1837667794633
11,approach7,Precomputed k Quadratic,0.010580880144200952,-0.00035900953520441,14.736210471647354,0.0018379959810832514,0.19940566839306095
12,approach7,Precomputed k Quadratic,0.011852679578418734,-0.00016098835873612212,36.81222565243552,0.0024445410549031044,0.1858625205924388
13,approach7,Precomputed k Quadratic,0.009993255168797212,-0.0002535151734952989,19.709382738352193,0.001735434564661631,0.21725159603208788
14,approach7,Precomputed k Quadratic,0.014794968188418505,-0.00047223105825996926,15.66496731804718,0.0029964037695355827,0.18683838290479549
15,approach7,Precomputed k Quadratic,0.01223782651809887,-0.0003583737020384705,17.074113486130145,0.0018459118844585953,0.1974760459034849
16,approach7,Precomputed k Quadratic,0.013518746846927008,-0.000290604595156943,23.259692159420457,0.0016644359692430388,0.21136776087861397
17,approach7,Precomputed k Quadratic,0.012903596158101101,-0.0003807065274265442,16.94690690664714,0.0013887118114593866,0.17800683612886392
18,approach7,Precomputed k Quadratic,0.014125439744582925,-0.00046452736820675144,15.204098521807639,0.0030983732983012047,0.20514287871354842
19,approach7,Precomputed k Quadratic,0.009873607630377394,-0.00031448637009878045,15.697989752745222,0.0018097976197196664,0.20782622751989055
20,approach7,Precomputed k Quadratic,0.0070238483930497924,-0.0002425886791410329,14.476867630262259,0.0007818034378668237,0.1771345179738314
21,approach7,Precomputed k Quadratic,0.010879298028471368,-0.0003703938200111889,14.686122500832662,0.0021988548732608804,0.2112218846045687
22,approach7,Precomputed k Quadratic,0.009795965408065406,-0.0002649650300482962,18.48539297106463,0.0011899217380596516,0.190275221119672
23,approach7,Precomputed k Quadratic,0.022539294191946377,-0.0005767942056804649,19.538419396356417,0.004568459756880916,0.21894896864475
24,approach7,Precomputed k Quadratic,0.008715387997547636,-0.00020166022233455514,21.609090520312854,0.0009267386953971668,0.17327600250073183
25,approach7,Precomputed k Quadratic,0.015457698448721422,-0.0003954238664994733,19.545732767172275,0.0033773088951190022,0.18152216443645652
26,approach7,Precomputed k Quadratic,0.01475817286770158,-0.00048297131680234977,15.278518986813026,0.0030045202007958904,0.18352413963139957
27,approach7,Precomputed k Quadratic,0.01753665771172802,-0.0005409732944133981,16.208431999165335,0.0035426233246802497,0.20643344167497613
28,approach7,Precomputed k Quadratic,0.014742687942155374,-0.00040036026794246915,18.411776995156103,0.0031517787933570407,0.20174992165799632
29,approach7,Precomputed k Quadratic,0.01597794138264671,-0.00042063131989783314,18.992809886966548,0.003194926746593829,0.1782889334629616
30,approach7,Precomputed k Quadratic,0.012580852788198912,-0.00038412372594203163,16.376042325093838,0.002325037143814823,0.19773072961110771
31,approach7,Precomputed k Quadratic,0.01627086597017046,-0.0003993462806251212,20.371876188130106,0.003513327999109195,0.20309995697686145
32,approach7,Precomputed k Quadratic,0.012774219227826136,-0.000391580262588166,16.311112239664997,0.002393735102618866,0.19710916799936284
33,approach7,Precomputed k Quadratic,0.007473546408177732,-0.000254605114842798,14.676740514015513,0.0009181955892740845,0.19798629753470864
34,approach7,Precomputed k Quadratic,0.011537833307011826,-0.0002611082506721069,22.093965390432537,0.0017064928718887318,0.18314844325014323
35,approach7,Precomputed k Quadratic,0.014135365805783966,-0.0003796793123385779,18.614874904191243,0.0020313923598993533,0.1916143801838024
36,approach7,Precomputed k Quadratic,0.009577843481778679,-0.0001976023909303324,24.235140669819845,0.0010599338496393163,0.18366261373155557
37,approach7,Precomputed k Quadratic,0.01624163903781031,-0.00045909908526037355,17.68859877884425,0.003145340563858845,0.19495210114467298
38,approach7,Precomputed k Quadratic,0.00801346548842232,-0.0002898084144858012,13.825453451102142,0.0013152374283988966,0.21445073533755799
39,approach7,Precomputed k Quadratic,0.016493809268231362,-0.00040671031481743635,20.277097318806735,0.0030057945978697598,0.22553932964854861
40,approach7,Precomputed k Quadratic,0.012984160742728764,-0.00042013485082337997,15.452372871808201,0.0032451116418369397,0.21260485403800522
41,approach7,Precomputed k Quadratic,0.014645398843593126,-0.0004195421344836089,17.45402623459898,0.004723907495665869,0.22863687955104872
42,approach7,Precomputed k Quadratic,0.016463076598335225,-0.00045957314910143927,17.911269000945715,0.00307580266937868,0.19105163017047577
43,approach7,Precomputed k Quadratic,0.013251418074289778,-0.0003841826669815867,17.246246659697558,0.002492404224353706,0.20489742686821066
44,approach7,Precomputed k Quadratic,0.012022742602698575,-0.00033494116709744466,17.9475439028383,0.0018754380864344222,0.18142782590219542
45,approach7,Precomputed k Quadratic,0.011562129314568218,-0.0003993933797297122,14.474613127529606,0.0026891035729085244,0.1890183370649301
46,approach7,Precomputed k Quadratic,0.015866004369074465,-0.0004926418006409004,16.102982276812128,0.0034611525521546227,0.18688828116591016
47,approach7,Precomputed k Quadratic,0.006885250197294891,-0.0002593408569804669,13.274518865751794,0.0010571300527513205,0.21499008677987652
48,approach7,Precomputed k Quadratic,0.006143156897525118,-0.00023031735487731903,13.336287447373072,0.0008145785498787639,0.21350345927788017
49,approach7,Precomputed k Quadratic,0.013854850210419954,-0.00044914286215895683,15.423656232475718,0.00201170020073671,0.17897279428881463
50,approach7,Precomputed k Quadratic,0.015334207331711312,-0.0003809010797777709,20.128857787247217,0.0028744013029099458,0.2132535083953938
51,approach7,Precomputed k Quadratic,0.009852889660897457,-0.00028840072433389215,17.0819433336277,0.001556803374596516,0.1999465835588421
52,approach7,Precomputed k Quadratic,0.014915911217892881,-0.00037417999615597605,19.931465298956304,0.0031084803463634625,0.17743294751847072
53,approach7,Precomputed k Quadratic,0.013816905643005849,-0.0003873285924861568,17.83615502578688,0.00305434040717667,0.21364560897791784
54,approach7,Precomputed k Quadratic,0.012653713820683109,-0.00046457849414416867,13.618488565633422,0.0026942621212027174,0.18456631146352398
55,approach7,Precomputed k Quadratic,0.013916858244669381,-0.00030602001363680924,22.738477263755353,0.0032901491769610214,0.17688159277704452
56,approach7,Precomputed k Quadratic,0.008858296179458483,-0.0002160791173246415,20.49780721324774,0.0009181389150544339,0.20675377472674838
57,approach7,Precomputed k Quadratic,0.007851750320865566,-0.00019005054705296641,20.65700531416337,0.0008005399573287608,0.20344029353494542
58,approach7,Precomputed k Quadratic,0.015432355211090048,-0.00046950155701423524,16.434828575682594,0.003226578586164708,0.1951143471688236
59,approach7,Precomputed k Quadratic,0.00853179577638112,-0.0002545304366698188,16.75987337311787,0.001207089486022106,0.1943663489641435
60,approach7,Precomputed k Quadratic,0.017057046493067506,-0.0005020979289386565,16.98577658856609,0.003286278351144589,0.18922663154365948
61,approach7,Precomputed k Quadratic,0.012468758166634297,-0.0003549047792847051,17.566342994541422,0.002060336242056704,0.18488654177350017
62,approach7,Precomputed k Quadratic,0.013826092970137357,-0.0003186466075406718,21.695026155852933,0.0027346338504977696,0.19354950854606456
63,approach7,Precomputed k Quadratic,0.007411991830592655,-0.00027831699225043435,13.31573715758472,0.0012123424139005579,0.19019611330302932
64,approach7,Precomputed k Quadratic,0.013402874258007676,-0.0004419971470192871,15.161720328279431,0.003542773935712007,0.20183279138092547
65,approach7,Precomputed k Quadratic,0.011294777686188444,-0.0004195828639680865,13.459531663628098,0.0022901696506417712,0.1944700034159378
66,approach7,Precomputed k Quadratic,0.012665142115584014,-0.0003988660777981552,15.876434247678949,0.0023881514685399896,0.18778654386830906
67,approach7,Precomputed k Quadratic,0.010483444804641124,-0.00033290264567564543,15.745511399232587,0.002037551031001561,0.21824751741320514
68,approach7,Precomputed k Quadratic,0.009684878940194467,-0.00019081681388871338,25.377425455397244,0.0018720923125794542,0.19308101727392535
69,approach7,Precomputed k Quadratic,0.013298262036309152,-0.000350754448885596,18.956654831549386,0.002292810295361436,0.18979443800082252
70,approach7,Precomputed k Quadratic,0.008148166710366167,-0.00036280625579447677,11.229363579361705,0.002246872874399841,0.20040659064349164
71,approach7,Precomputed k Quadratic,0.0070140769669028115,-0.00021714777461037497,16.150469373881602,0.0009494830597631676,0.21339054656942336
72,approach7,Precomputed k Quadratic,0.010837937796628307,-0.0002831575528902679,19.13764560754686,0.0016175090416356008,0.23143860746893463
73,approach7,Precomputed k Quadratic,0.018589888994007348,-0.0005170243233338683,17.97777024699371,0.003452441663468142,0.1799308904251894
74,approach7,Precomputed k Quadratic,0.008082335700736557,-0.0003398277672418673,11.89181179386097,0.0018954847822667542,0.18656246115986053
75,approach7,Precomputed k Quadratic,0.0064995913866055435,-1.4626343447473967e-05,222.18784243467397,0.0014854788407681063,0.19128367301778904
76,approach7,Precomputed k Quadratic,0.006053085048036949,-0.0002366424438200829,12.789516855731627,0.0008472868866574723,0.20741970362636497
77,approach7,Precomputed k Quadratic,0.014572672314416424,-0.00029179373712228806,24.970844916231275,0.002226375357852417,0.17696055369278718
78,approach7,Precomputed k Quadratic,0.00809973018635112,-0.0003297704966436553,12.280859368543751,0.0016973929512309471,0.18765113324045601
79,approach7,Precomputed k Quadratic,0.016943790213378485,-0.00049084832091512,17.259700697141117,0.004122769537200255,0.20686061570468295
80,approach7,Precomputed k Quadratic,0.014310212191729147,-0.0005051157746129374,14.165279437862386,0.0032707887425883486,0.19741718045364842
81,approach7,Precomputed k Quadratic,0.01685453331458739,-0.0004979908631027192,16.922532684209962,0.0024518996002687032,0.17187983038338217
82,approach7,Precomputed k Quadratic,0.008058147702948465,-0.00023801237968171493,16.9280012109545,0.0011836622343538439,0.22772911858300848
83,approach7,Precomputed k Quadratic,0.01503151908827726,-0.0004476039725514336,16.791092137313424,0.00328198646518596,0.20027377722913697
84,approach7,Precomputed k Quadratic,0.01318266696781277,-0.00038598066335123274,17.076848945431333,0.0021702139065380432,0.18568133350864513
85,approach7,Precomputed k Quadratic,0.011218503734353237,-0.0002859347284920811,19.61724585452713,0.001695687529168044,0.21458086551744138
86,approach7,Precomputed k Quadratic,0.012529154222006615,-0.00032719343871411173,19.146402004952915,0.0024270881652657117,0.2152835810813577
87,approach7,Precomputed k Quadratic,0.017871298192868056,-0.00047808814399282054,18.6903800245007,0.0038050268838372148,0.20534940273963243
88,approach7,Precomputed k Quadratic,0.008506268132070532,-0.00033548836856183296,12.677441200920152,0.0016948407341969007,0.2022871693441728
89,approach7,Precomputed k Quadratic,0.02206010910110717,-0.000535451308450951,20.59954729116881,0.002917599256930692,0.1810018896440112
90,approach7,Precomputed k Quadratic,0.010613521315535458,-0.0003127635422623681,16.96732496179508,0.001181548980585978,0.1932902100857229
91,approach7,Precomputed k Quadratic,0.008592794990211546,-0.00034118082166119894,12.592728612900178,0.001451171945737073,0.19430598841591107
92,approach7,Precomputed k Quadratic,0.01303365570898962,-0.00025276076110397334,25.78259309724941,0.0021569703806832985,0.21082635097013935
93,approach7,Precomputed k Quadratic,0.013911104081371773,-0.0003368906181020474,20.64632158613269,0.003300638946352241,0.23207052037808729
94,approach7,Precomputed k Quadratic,0.01303338122367598,-0.0004307278518376973,15.129485089098782,0.002953132777255396,0.20653996579642675
95,approach7,Precomputed k Quadratic,0.013187920590595167,-0.0004018480106897193,16.40909030252487,0.0018304211671462678,0.21249053059085732
96,approach7,Precomputed k Quadratic,0.01684656662149855,-0.00044354057408547927,18.9910096232277,0.004467056303095518,0.2169392961224822
97,approach7,Precomputed k Quadratic,0.013415829293823952,-0.0004334803559314775,15.474552779901128,0.0028183520792371963,0.2064842112748333
98,approach7,Precomputed k Quadratic,0.009851834459103018,-0.00030932195667556157,15.924887073949796,0.0014977578821566695,0.18987984254642776
99,approach7,Precomputed k Quadratic,0.005497356161935444,-0.00023168647300362576,11.8637831779014,0.0007701133077124833,0.1865173054482553
0,approach8,GDP-Response Quadratic,0.008480457134133939,-0.0002355556378717201,18.000964041353708,0.0023049760690907473,0.23391400598207568
1,approach8,GDP-Response Quadratic,0.009012696615973722,-0.0002622522185139941,17.183260959702412,0.0034174515729152866,0.20694792915489313
2,approach8,GDP-Response Quadratic,0.019079555153320774,-0.00042832909194552083,22.272074804280983,0.010050578561806245,0.20641680981084232
3,approach8,GDP-Response Quadratic,0.01495719456356149,-0.00033233840804856407,22.502958131423405,0.004420300818658518,0.19756251179960627
4,approach8,GDP-Response Quadratic,0.013282224041349603,-0.00028299322697730164,23.46738857183841,0.006348614804479236,0.19260857760693129
5,approach8,GDP-Response Quadratic,0.011783612364544085,-0.00027771655487387743,21.2151781335029,0.004606842409426437,0.20296345479900402
6,approach8,GDP-Response Quadratic,0.012266354075640399,-0.0003193110164710658,19.20753347504988,0.003586621992258343,0.18360625752988202
7,approach8,GDP-Response Quadratic,0.007795797991151662,-0.00018138238500417297,21.48995336832821,0.0030669358878636643,0.18465811172668523
8,approach8,GDP-Response Quadratic,0.009713449983091168,-0.00022065365267160848,22.01062585070226,0.005121683194006299,0.20873864943523635
9,approach8,GDP-Response Quadratic,0.016635820573096132,-0.00037220066316045786,22.347919038935636,0.008684433109840572,0.19475111120687105
10,approach8,GDP-Response Quadratic,0.009166337116838107,-0.00020517899836723676,22.337415597555133,0.0027351634644683376,0.18525466983879613
11,approach8,GDP-Response Quadratic,0.008045736364845712,-0.00021442597183678915,18.76110504694306,0.003568587023972447,0.20079372100745474
12,approach8,GDP-Response Quadratic,0.014259213319813356,-0.0002908172772368926,24.515760300235108,0.0048094229441174585,0.18779257767660085
13,approach8,GDP-Response Quadratic,0.009843041996707172,-0.00023928209720634064,20.567861347811576,0.0026436244897269923,0.2179637160841852
14,approach8,GDP-Response Quadratic,0.01481166002855126,-0.0003398214595794716,21.793297054989786,0.007132524098412585,0.19021182539572157
15,approach8,GDP-Response Quadratic,0.010324959626319016,-0.00024882703231038854,20.74726272794909,0.003308578164938236,0.19865204141450887
16,approach8,GDP-Response Quadratic,0.01204089905971548,-0.00026824721889274464,22.443660570680297,0.0033978900348450303,0.21273709781343209
17,approach8,GDP-Response Quadratic,0.00847587603520685,-0.0002047492419884303,20.698186603508386,0.0026158692725748445,0.17901695393542316
18,approach8,GDP-Response Quadratic,0.012417540679920836,-0.0003596007220764467,17.265733795274496,0.0041170055934439675,0.20595506229523775
19,approach8,GDP-Response Quadratic,0.0075154860104652155,-0.00020100679399664205,18.694606935999303,0.0027606149864088936,0.20858080573405624
20,approach8,GDP-Response Quadratic,0.0035750715844386043,-9.482534721592368e-05,18.85082253533924,0.0019188565990035933,0.1780708918316608
21,approach8,GDP-Response Quadratic,0.011816133744437678,-0.000269277302229222,21.940456263148402,0.0031136144287059464,0.2119450169859134
22,approach8,GDP-Response Quadratic,0.009575977617619098,-0.00021557081085071272,22.210747317387654,0.00293922660134438,0.19169336409244042
23,approach8,GDP-Response Quadratic,0.019299549429111662,-0.00042891106889193515,22.49831122215013,0.005823692128145264,0.21993386865899622
24,approach8,GDP-Response Quadratic,0.008748442950930066,-0.00020462464143596062,21.37680703931247,0.0027431279808105558,0.17477904804224798
25,approach8,GDP-Response Quadratic,0.01699188295949226,-0.0003909864075276186,21.729505978148335,0.008861613251155642,0.18602615737075767
26,approach8,GDP-Response Quadratic,0.013523227514671204,-0.00031237483029829564,21.645834111790453,0.004790757177877025,0.18498695405958354
27,approach8,GDP-Response Quadratic,0.018908776098456526,-0.00042409899783332533,22.292879958523084,0.006495763929449172,0.20878528700306787
28,approach8,GDP-Response Quadratic,0.014279104833481812,-0.00036068670037672367,19.794332336856094,0.005746657845020375,0.20382783318174957
29,approach8,GDP-Response Quadratic,0.013606411096078755,-0.0003037214955473216,22.39948652886637,0.007619177564691659,0.18193604156454957
30,approach8,GDP-Response Quadratic,0.011600794605064893,-0.0002623624776080732,22.108334070534642,0.005038103543667072,0.19991241190460207
31,approach8,GDP-Response Quadratic,0.0146901232352302,-0.000337416319768352,21.7685428572564,0.005857722083751682,0.20497479163286692
32,approach8,GDP-Response Quadratic,0.0127136350094319,-0.0003014829920029238,21.08516126393724,0.005372605456455681,0.19950661454813745
33,approach8,GDP-Response Quadratic,0.004660188601855914,-0.0001041938833192733,22.3630622710167,0.0017213429402205271,0.19863102470090666
34,approach8,GDP-Response Quadratic,0.012792179720261069,-0.00028563917870003217,22.392200850176348,0.004589745114383259,0.18550765831662153
35,approach8,GDP-Response Quadratic,0.013906608019296862,-0.0003125579079146544,22.246450445103015,0.002889937331350234,0.19230982832072085
36,approach8,GDP-Response Quadratic,0.010165571077326498,-0.00021589750896648126,23.542585382272133,0.001826735131289503,0.184289246474861
37,approach8,GDP-Response Quadratic,0.019469505003711973,-0.0004456450955800826,21.84418183528881,0.005923649277163601,0.197195830028162
38,approach8,GDP-Response Quadratic,0.0060405616972707,-0.0001345095368950081,22.454027560832664,0.002458238655344225,0.21534980159648753
39,approach8,GDP-Response Quadratic,0.014955370301983881,-0.0003607568671274402,20.727769399190368,0.0047787527599121304,0.22691655567377567
40,approach8,GDP-Response Quadratic,0.011522839880313045,-0.00028705055287575414,20.071098565869242,0.004813756831442251,0.2138440188742734
41,approach8,GDP-Response Quadratic,0.014090099967454969,-0.0003316545879421513,21.24213033638574,0.009651997533867918,0.23245626890275706
42,approach8,GDP-Response Quadratic,0.016760477275325435,-0.00035691309216433345,23.479773708620936,0.007123906432143112,0.19433644053876398
43,approach8,GDP-Response Quadratic,0.014669334767112399,-0.0002974257274828961,24.660500776544254,0.006636888145918229,0.2082009504145923
44,approach8,GDP-Response Quadratic,0.00920589729052812,-0.0002025152684712753,22.728896838299086,0.005078933751715531,0.1840550455013351
45,approach8,GDP-Response Quadratic,0.007051417235149712,-0.00017950123194803938,19.64169593329282,0.005176859946314671,0.191041301827383
46,approach8,GDP-Response Quadratic,0.016712300941461086,-0.0003870428619832856,21.58972892023365,0.008106335931215347,0.19067845256898264
47,approach8,GDP-Response Quadratic,0.0048153732330593665,-0.0001304874852326416,18.4514753444524,0.0017171398802865445,0.21550874933108444
48,approach8,GDP-Response Quadratic,0.006080403965049347,-0.0002122252825985718,14.325352499472336,0.0008375442962967883,0.21352153648329686
49,approach8,GDP-Response Quadratic,0.012226772730995214,-0.00031363891349992727,19.491798059359827,0.0027680459654241263,0.1795950264831777
50,approach8,GDP-Response Quadratic,0.015046234418581486,-0.00034066673982634737,22.083509570454698,0.004457464410142609,0.21450256803966672
51,approach8,GDP-Response Quadratic,0.010364763921343051,-0.0002558725317051363,20.253764349522385,0.003119114688449831,0.20119846499628147
52,approach8,GDP-Response Quadratic,0.01615424114911082,-0.0003619037226029085,22.318423575371362,0.007649259462589764,0.18117968948584307
53,approach8,GDP-Response Quadratic,0.012898271740276687,-0.00028469083683185336,22.653120633971753,0.006795323573851597,0.21659636011620553
54,approach8,GDP-Response Quadratic,0.010800050403805807,-0.00029213182210125507,18.484892070509233,0.004230919320799109,0.18582273865599974
55,approach8,GDP-Response Quadratic,0.016360910649415854,-0.0003661431114344552,22.34223468702987,0.006970302005291584,0.1799207937359707
56,approach8,GDP-Response Quadratic,0.005745966930899255,-0.00012747088315365708,22.538350675631943,0.002861712380453185,0.2082969238669946
57,approach8,GDP-Response Quadratic,0.007009422017545762,-0.00015437467067915228,22.702629863787486,0.0031465391690888023,0.2053105191687814
58,approach8,GDP-Response Quadratic,0.014333429501983247,-0.0003254907854983078,22.018180146082454,0.005119218756266641,0.19664263723571385
59,approach8,GDP-Response Quadratic,0.007196001995455664,-0.00017169348084893044,20.95595581112156,0.0037502290580725406,0.1964176639033639
60,approach8,GDP-Response Quadratic,0.015017466174099887,-0.00036238344460178586,20.72040872424816,0.006364776621426649,0.19173082543421271
61,approach8,GDP-Response Quadratic,0.011832430811655198,-0.000282766284744843,20.9226337261748,0.004180205448380492,0.18661804316833164
62,approach8,GDP-Response Quadratic,0.014020058241425404,-0.00029969053819276653,23.390892361785948,0.004479063839422315,0.1949601625902403
63,approach8,GDP-Response Quadratic,0.00539478664764423,-0.00016076559019739171,16.77842454041436,0.0022327497213191494,0.19102344611725197
64,approach8,GDP-Response Quadratic,0.014032520242156073,-0.0003093694723162,22.679225809025088,0.007778410389565171,0.20522555730872172
65,approach8,GDP-Response Quadratic,0.01059955581401432,-0.00026057789334010974,20.33855535123933,0.0032208938648163876,0.1952214506306078
66,approach8,GDP-Response Quadratic,0.00990429525954684,-0.00023841028774544768,20.771534972772912,0.005560788784610637,0.1903695712484783
67,approach8,GDP-Response Quadratic,0.011501811533659966,-0.00027911710854984886,20.6039171038593,0.0033762362284364134,0.21929617458219797
68,approach8,GDP-Response Quadratic,0.00884339024612403,-0.000191182760383118,23.1281058721049,0.0033575365736603358,0.19428189860668432
69,approach8,GDP-Response Quadratic,0.010155070066379153,-0.00024549685016545924,20.68268912520643,0.0045017261177540124,0.19158822670331777
70,approach8,GDP-Response Quadratic,0.004049840745774927,-0.00011877423900312477,17.04848113431559,0.004282681500547225,0.2020380755428356
71,approach8,GDP-Response Quadratic,0.005359331547344048,-0.000139134475672242,19.259538376271973,0.0015574294007484335,0.21386921739826403
72,approach8,GDP-Response Quadratic,0.010373071374653663,-0.0002518317237261495,20.595243564178,0.0038816029416063325,0.23318152180922136
73,approach8,GDP-Response Quadratic,0.016445912814047187,-0.00037978181687713585,21.651790690347408,0.0056163050271368364,0.18171155556960805
74,approach8,GDP-Response Quadratic,0.00809144899741927,-0.00033694528289402207,12.007066737842177,0.0018965690425135628,0.1865633448127978
75,approach8,GDP-Response Quadratic,0.008943468869256035,-0.00013959967942095105,32.03255518333878,0.0018169453423813042,0.19155213418287154
76,approach8,GDP-Response Quadratic,0.0027813164894918336,-9.089452666832648e-05,15.299691804550779,0.0017612425826857292,0.20814470118371864
77,approach8,GDP-Response Quadratic,0.013635166003928579,-0.00029927588387136504,22.780261856630677,0.004844297768637595,0.1791200148753982
78,approach8,GDP-Response Quadratic,0.007044910080838957,-0.00016649843550092244,21.156084919488407,0.0032878792107109422,0.18894535976191595
79,approach8,GDP-Response Quadratic,0.017406565051019056,-0.0003758477668906719,23.1564034489559,0.009157085731317682,0.21087006016672227
80,approach8,GDP-Response Quadratic,0.012834917626726105,-0.00030917143112738966,20.756959302358148,0.004480259733927072,0.19839106646744709
81,approach8,GDP-Response Quadratic,0.014053264707020834,-0.00034409221566915533,20.42078266677943,0.0038892323506488635,0.1730730402552304
82,approach8,GDP-Response Quadratic,0.00653026867611129,-0.00015728224707803508,20.75971318260515,0.0025352103559604933,0.22877411676704462
83,approach8,GDP-Response Quadratic,0.014436568235309321,-0.0003349921937020878,21.547618879961004,0.006559020587175612,0.20290313687216743
84,approach8,GDP-Response Quadratic,0.009460102328117026,-0.00022740409914051896,20.80020185183949,0.003182470813895777,0.18650742600100645
85,approach8,GDP-Response Quadratic,0.00962154283552082,-0.00025328670332337195,18.993383208191872,0.0027750302455800124,0.21543004187733927
86,approach8,GDP-Response Quadratic,0.013959864397295489,-0.00028840780000769536,24.201606886018702,0.005986318004023716,0.21808336249086058
87,approach8,GDP-Response Quadratic,0.015404105759938164,-0.0003525822521664364,21.844698173671343,0.0061022250564103375,0.20718184513205928
88,approach8,GDP-Response Quadratic,0.008322911373295386,-0.00028370829845910165,14.668078830438558,0.002096691581856658,0.20260827514455138
89,approach8,GDP-Response Quadratic,0.014714335854634823,-0.0003165389777980955,23.242533916345003,0.005945692403536151,0.18348914903521463
90,approach8,GDP-Response Quadratic,0.007460312417360126,-0.00017863481897133546,20.881462136889564,0.002762132859806865,0.1945667909176516
91,approach8,GDP-Response Quadratic,0.004589814735410603,-0.00012019767454396928,19.09277676471025,0.0021725416340323545,0.19488803630547735
92,approach8,GDP-Response Quadratic,0.011092144105607228,-0.0002385172402472799,23.25229005271816,0.002849056325996413,0.21137370759306773
93,approach8,GDP-Response Quadratic,0.01294444861003272,-0.0003030323206567496,21.35819800009904,0.0060298192321637245,0.2341732788211769
94,approach8,GDP-Response Quadratic,0.01229691774821241,-0.00034039090680319957,18.06293514668122,0.003972976125730221,0.2073515675021892
95,approach8,GDP-Response Quadratic,0.011681610502995012,-0.00029361535032707047,19.892710803407205,0.004205178269604537,0.21436410372451198
96,approach8,GDP-Response Quadratic,0.01907273061741617,-0.00042771883098366453,22.295874340571874,0.012271268864175178,0.22307788974711418
97,approach8,GDP-Response Quadratic,0.012872438676453973,-0.0003174653426142255,20.27376999714923,0.004344218550547896,0.20769843251425957
98,approach8,GDP-Response Quadratic,0.008000779224106837,-0.00017726719840353798,22.56700420653558,0.005109974239439818,0.19281056133771635
99,approach8,GDP-Response Quadratic,0.005132525639958422,-0.00012167660526086486,21.09084827339939,0.0015364554576855483,0.18714119198869117
